/* ★ 自动生成，别手改 —— 见 _tools/bgbake43.py
   王总给的水下光斑图（原图 1086x1448，比例 0.75 == 240/320，等比缩到 240x320）
   烘成 RGB565：Bayer 4x4 有序抖动
   尺寸 240x320 = 76800 px，153600 B（2 B/px）—— 进 .rodata，占 flash 不占 RAM。
   ⚠️ 别改成 RLE/索引：这是照片，颜色分布广，索引表 + 调色板省不下来多少，
      而且铁律 22 记着「名字与内容不符的常量」那个坑。直接 RGB565 数组，
      固件侧一行 memcpy 就能按行取。 */
#ifndef KOI_BG_HEADER_GUARD
#define KOI_BG_HEADER_GUARD

#define KOI_BG_W 240
#define KOI_BG_H 320

static const uint16_t koi_bg[KOI_BG_W * KOI_BG_H] = {
0x22c4,0x22c4,0x1aa3,0x1243,0x1223,0x2284,0x09e4,0x1a05,0x1a64,0x2b26,0x1a83,0x11c4,0x2a87,0x2286,0x2b07,0x3369,
0x3ba7,0x6d27,0x5cc4,0x64c5,0x6d46,0x9627,0x7d88,0x6429,0x6c0b,0x640a,0x5388,0x954f,0xa54d,0xa54d,0x950e,0x952f,
0x9d2e,0x8cce,0x8d0f,0x8cee,0x9d8e,0x8d4f,0x1a06,0x0165,0x0164,0x0164,0x09e6,0x1a86,0x1a45,0x1206,0x11e5,0x1a26,
0x1a66,0x2aa8,0x2267,0x2267,0x1246,0x2ac9,0x22c9,0x332a,0x440a,0x64ee,0x3bab,0x4c2d,0x5c6d,0x752e,0x85cf,0x7d8e,
0x544b,0x43cc,0x440d,0x4bed,0x4c0c,0x43cb,0x2ac7,0x2ae8,0x2b08,0x3b6b,0x3b6a,0x3b4a,0x3348,0x546a,0x3b89,0x124a,
0x030c,0x032c,0x032c,0x02ed,0x032d,0x032e,0x030c,0x034d,0x032d,0x034d,0x034d,0x034d,0x032d,0x032d,0x032d,0x03ae,
0x03ae,0x036e,0x034d,0x034e,0x032d,0x032e,0x032d,0x032e,0x032d,0x034e,0x034d,0x036e,0x034d,0x036e,0x034d,0x036e,
0x034d,0x036e,0x034d,0x036e,0x036d,0x036e,0x036d,0x038e,0x038e,0x03af,0x038e,0x03af,0x038e,0x03af,0x038e,0x038f,
0x038e,0x03af,0x038e,0x03af,0x038e,0x03af,0x03af,0x03f0,0x0410,0x0430,0x0470,0x14d0,0x35b1,0x6693,0x4e13,0x1d53,
0x04f1,0x0d11,0x0d11,0x0d32,0x0511,0x0d12,0x04d1,0x04f1,0x04d1,0x0cf2,0x0cf2,0x0d12,0x0d12,0x1532,0x0d11,0x0d32,
0x0d11,0x0d12,0x04f1,0x0cf2,0x04f1,0x0d12,0x0d12,0x1553,0x1d92,0x4654,0x5eb5,0x5e95,0x35b3,0x14f2,0x0c91,0x0c91,
0x044f,0x044f,0x040f,0x03cf,0x03ae,0x03cf,0x03af,0x03af,0x034d,0x13f0,0x038e,0x034d,0x032d,0x02ed,0x028b,0x02ac,
0x0269,0x2268,0x2246,0x5c4a,0x7548,0x64a8,0x53ea,0x4bab,0x436a,0x4b8b,0x53eb,0x64a9,0x5446,0x5407,0x5c48,0x5c09,
0x5c85,0x8e07,0x7de6,0x5cc5,0x4366,0x2264,0x4c44,0x6505,0x3384,0x1a65,0x1245,0x2266,0x1a84,0x3343,0x3364,0x3363,
0x2b44,0x1a45,0x0964,0x1a05,0x2243,0x2264,0x1a44,0x1a25,0x09c5,0x1205,0x3ba4,0x5444,0x43e4,0x4c64,0x3ba3,0x1a03,
0x22e4,0x22c3,0x22e4,0x1222,0x1a44,0x1a84,0x1204,0x1203,0x2b05,0x3bc5,0x3365,0x1a44,0x2246,0x2286,0x3328,0x3b89,
0x3b87,0x5484,0x7de6,0x7546,0x6d25,0x8605,0x9e68,0x954c,0xad71,0xad90,0xa52f,0xad71,0x9d4b,0x9d6c,0xad4f,0xa50f,
0x9d30,0x9d50,0x9d51,0x8d2f,0xa5af,0xb631,0x9d92,0x11e6,0x0145,0x0164,0x1a87,0x1aa7,0x2ac7,0x1a27,0x1206,0x1a26,
0x2267,0x22a8,0x2aa9,0x1a47,0x22a8,0x2b09,0x2aea,0x332a,0x43ea,0x43ea,0x43ec,0x3b8c,0x3bac,0x336a,0x3b8a,0x3b8a,
0x3b8b,0x3b8c,0x4c2e,0x4c0d,0x540d,0x5c8e,0x3b68,0x3b67,0x3b6a,0x3b4b,0x3b6a,0x43a9,0x3b88,0x3ba8,0x3b09,0x5c92,
0x13ce,0x0bce,0x036e,0x02ec,0x136e,0x13cf,0x034d,0x034e,0x034e,0x034d,0x036e,0x034d,0x034d,0x032d,0x038e,0x0bcf,
0x03af,0x036d,0x036e,0x034e,0x034e,0x032d,0x034e,0x032e,0x034e,0x034e,0x036e,0x034e,0x036e,0x036e,0x038e,0x036e,
0x038e,0x036e,0x038e,0x036e,0x038e,0x038e,0x038e,0x038e,0x038f,0x038e,0x03af,0x03af,0x03af,0x038e,0x03af,0x038f,
0x03af,0x038e,0x03af,0x038f,0x03af,0x03af,0x03cf,0x03cf,0x0410,0x0410,0x0430,0x0450,0x14f1,0x2d72,0x2552,0x0cf2,
0x0cf2,0x04f1,0x0d12,0x0d12,0x1533,0x0d12,0x0d12,0x04f2,0x0d12,0x04f2,0x0d12,0x0d12,0x1553,0x1552,0x1d73,0x1552,
0x1552,0x0d12,0x0d12,0x0d32,0x1553,0x1552,0x1d94,0x25d3,0x2df4,0x25d3,0x25b3,0x2592,0x14f1,0x0c91,0x0cb1,0x0470,
0x0470,0x042f,0x03ef,0x03ae,0x03cf,0x03cf,0x03d0,0x038f,0x038e,0x03af,0x0baf,0x032d,0x032d,0x02ec,0x02ac,0x02ab,
0x028a,0x1207,0x2a88,0x32e6,0x6469,0x64ab,0x6c6d,0x5bec,0x5bec,0x53ea,0x642c,0x5c2a,0x4369,0x32e8,0x32a9,0x2245,
0x7528,0x8e47,0x8e26,0x7dc8,0x3b25,0x43a3,0x7586,0x75a6,0x3ba4,0x22a5,0x22c6,0x1a65,0x22a5,0x3ba5,0x3ba5,0x3324,
0x2b44,0x1a64,0x1165,0x11c4,0x1a23,0x2244,0x2ac4,0x3305,0x2285,0x3345,0x7567,0x75a5,0x64c5,0x5484,0x64e6,0x4c05,
0x22c2,0x2b24,0x3344,0x22c3,0x1a84,0x22e5,0x1ac3,0x2304,0x3bc5,0x3be5,0x3be4,0x22e4,0x0141,0x2a87,0x2ae6,0x3345,
0x3b85,0x4c06,0x5ca6,0x8607,0x7585,0x8e07,0x9666,0x9dc9,0x8cea,0xa5ab,0xbe30,0xbdd1,0x952b,0x9d6c,0xad8e,0xbdb0,
0xbdf3,0xb5f2,0xbe73,0x9d8f,0x852c,0x956e,0xc693,0x8ccf,0x0944,0x09c5,0x1ac6,0x1ac7,0x2b26,0x1a66,0x1227,0x1a47,
0x1226,0x2288,0x22a8,0x22a8,0x22c9,0x2b0a,0x22c9,0x22e9,0x3349,0x43cc,0x3bec,0x3bac,0x2b6b,0x2309,0x22e9,0x334b,
0x3b6b,0x544e,0x548e,0x4c0c,0x542d,0x6ccf,0x5caa,0x43c5,0x2b08,0x3b4b,0x3b6a,0x43a9,0x3b68,0x2ae8,0x1a47,0x7555,
0x036c,0x24b0,0x1c2f,0x034b,0x5575,0x4d55,0x032d,0x038f,0x032d,0x034e,0x034d,0x034d,0x032d,0x038e,0x03ce,0x03cf,
0x036d,0x038e,0x034d,0x034e,0x034e,0x034e,0x032d,0x034e,0x034e,0x034e,0x034d,0x036e,0x034e,0x036e,0x036d,0x036e,
0x036e,0x038e,0x036d,0x038e,0x038e,0x03ae,0x038e,0x03ae,0x038e,0x038f,0x038e,0x038f,0x038e,0x03af,0x038e,0x03af,
0x038e,0x038f,0x038e,0x038f,0x038e,0x03af,0x03ae,0x03cf,0x03ef,0x0410,0x040f,0x0470,0x0491,0x1cd1,0x14d1,0x0cd1,
0x04d0,0x04f1,0x0511,0x0d12,0x0d12,0x0d32,0x0d12,0x0d32,0x04f2,0x0cf2,0x04f1,0x0d12,0x04f2,0x1533,0x1572,0x1d93,
0x1572,0x1573,0x1552,0x1593,0x1db3,0x25f5,0x2614,0x1db3,0x1552,0x1533,0x1553,0x1d52,0x0490,0x0cb1,0x0470,0x0470,
0x044f,0x0430,0x03ae,0x03cf,0x03ef,0x03ef,0x03af,0x03af,0x03ae,0x03af,0x03af,0x034d,0x030c,0x02ed,0x028b,0x02ac,
0x026a,0x01a6,0x2266,0x2a86,0x2265,0x4b8a,0x644e,0x5c2e,0x5c2c,0x6c8d,0x5c0c,0x53eb,0x5c0b,0x53ab,0x2a87,0x4ba7,
0x7566,0x6d06,0x6d66,0x75a6,0x43c4,0x5465,0x8665,0x6d67,0x3365,0x3346,0x2305,0x22c5,0x1a85,0x3b66,0x3b86,0x1a84,
0x2b43,0x2b04,0x11a4,0x2a85,0x1a03,0x1a04,0x2ae5,0x2aa5,0x3b65,0x8e48,0x8e45,0x7565,0x64c4,0x6ce5,0x5ca4,0x4c23,
0x2b44,0x2b64,0x3385,0x1ac3,0x22a5,0x22e5,0x3364,0x3be4,0x3be5,0x3be5,0x3385,0x1ac3,0x1a45,0x22a6,0x2ac6,0x2ac5,
0x3308,0x2ae9,0x3307,0x5cc8,0x5449,0x5c69,0x7d87,0x9609,0xadcd,0xbe2f,0xce52,0xce33,0xd654,0xe6f6,0xc652,0xb5ef,
0xd6d6,0xb5b1,0x9d4c,0xadce,0xa5cf,0x7c6a,0x7c4a,0xbdf2,0x7c4f,0x0184,0x0a05,0x01c5,0x22c7,0x1a87,0x1a68,0x1a47,
0x1a27,0x1a47,0x2aea,0x2b0a,0x22a9,0x1a88,0x2ae9,0x2b09,0x2b0a,0x2b2a,0x3bac,0x3bab,0x43ed,0x3b8b,0x3b8c,0x3b8c,
0x334b,0x546e,0x64d0,0x3bab,0x4bec,0x544d,0x64ac,0x43a8,0x3b4a,0x2ae9,0x2ac8,0x09e5,0x1a27,0x09e6,0x0a09,0x0a8a,
0x0bad,0x2cd0,0x3511,0x040d,0x8679,0x971c,0x03f0,0x03af,0x036e,0x034d,0x036e,0x034d,0x036e,0x03ae,0x03ef,0x03ae,
0x038e,0x036e,0x038e,0x036e,0x036e,0x034e,0x036e,0x034e,0x036e,0x034e,0x036e,0x036e,0x036e,0x036e,0x038e,0x036e,
0x038f,0x038e,0x03ae,0x03ae,0x03af,0x03ae,0x03cf,0x03ae,0x03af,0x038f,0x03af,0x038e,0x038f,0x038f,0x03af,0x038e,
0x03af,0x038e,0x03af,0x038e,0x03af,0x03af,0x03cf,0x03ef,0x0410,0x0410,0x0c50,0x0470,0x0cb1,0x14f1,0x2572,0x0d11,
0x0d32,0x0d12,0x1553,0x0511,0x04d1,0x04d1,0x0cf2,0x0d12,0x1553,0x0d32,0x0d53,0x0d32,0x0d33,0x0512,0x0d52,0x1593,
0x25b3,0x1d93,0x1db3,0x15b3,0x1db4,0x1db3,0x1d92,0x0d31,0x1533,0x1512,0x1573,0x1552,0x0cd2,0x0490,0x0c91,0x0450,
0x0450,0x03ef,0x03cf,0x03cf,0x0410,0x03ef,0x03d0,0x03ae,0x03cf,0x03af,0x0bef,0x034d,0x032e,0x02ed,0x02cc,0x02ab,
0x026a,0x0a08,0x11e6,0x2266,0x2ac7,0x2267,0x436b,0x644c,0x7d2c,0x7d6d,0x642d,0x5c2c,0x5c0c,0x5c0c,0x3b0a,0x3b27,
0x64a7,0x2aa4,0x2ae3,0x8647,0x7de7,0x3ba4,0x6d28,0x22a5,0x22a6,0x3366,0x3346,0x22a5,0x22a6,0x22c6,0x1a05,0x0164,
0x2ae5,0x2ac4,0x11c5,0x11e5,0x2246,0x3ac9,0x4329,0x3b2a,0x5407,0x9666,0x9666,0x85e5,0x7545,0x5c64,0x5ca4,0x4403,
0x2303,0x2b24,0x2b65,0x1204,0x0182,0x1a64,0x33a5,0x33a4,0x3c23,0x4465,0x33a3,0x1264,0x2b26,0x3305,0x22a4,0x2ac7,
0x3308,0x3308,0x2b07,0x3b67,0x43ca,0x438b,0x3b4a,0x6c8a,0xb610,0xdeb5,0xd674,0xd653,0xc612,0xad71,0xbe12,0xadae,
0xb631,0xbe10,0xadcd,0xc652,0xd6b4,0xce73,0xb5f2,0xd6b6,0x8c8f,0x1a27,0x0185,0x0185,0x01c5,0x1a47,0x1a68,0x2288,
0x1a67,0x1a67,0x2b0a,0x332b,0x22c9,0x22e8,0x2b09,0x334b,0x2309,0x22e9,0x334a,0x3b8c,0x334a,0x3b8b,0x3bcc,0x3bac,
0x338b,0x440d,0x4c2d,0x3baa,0x3baa,0x43cb,0x4c0a,0x4c08,0x3b66,0x22a7,0x1227,0x09a5,0x0165,0x1249,0x232d,0x026a,
0x13cd,0x0bcd,0x036c,0x2c0f,0xc79e,0x65d7,0x03ef,0x0bf0,0x038e,0x038e,0x034d,0x034d,0x032d,0x036d,0x03ce,0x03af,
0x038d,0x038e,0x036d,0x036e,0x034d,0x036e,0x034d,0x036e,0x034d,0x036e,0x034e,0x036e,0x034e,0x036e,0x036e,0x038f,
0x038e,0x03ae,0x03ae,0x03cf,0x03ae,0x03cf,0x03ce,0x03cf,0x03ae,0x03af,0x038e,0x038f,0x038e,0x03af,0x038e,0x03af,
0x038e,0x03af,0x038e,0x03af,0x038e,0x03af,0x03ae,0x03ef,0x03ef,0x040f,0x040f,0x0470,0x0cd1,0x35d3,0x5673,0x25b2,
0x0d72,0x1db4,0x0d32,0x04f1,0x04b1,0x04b1,0x04b1,0x04f2,0x04f2,0x0d33,0x0d33,0x1554,0x0d53,0x0d52,0x1573,0x1d94,
0x1573,0x1db4,0x2e14,0x4e75,0x4675,0x35f4,0x1572,0x1532,0x04f1,0x04d1,0x04d1,0x1532,0x1532,0x1512,0x04b1,0x0450,
0x040f,0x0410,0x03cf,0x03f0,0x03ef,0x03f0,0x03af,0x03af,0x038e,0x038e,0x036e,0x036e,0x032d,0x030d,0x02ab,0x02ab,
0x0269,0x0a8a,0x01c7,0x1206,0x22c6,0x32e9,0x2aa7,0x6cca,0x7568,0x7d48,0x6caa,0x646b,0x5c0b,0x53ec,0x4bab,0x74ea,
0x9e89,0x7528,0x5c84,0x96c8,0x4c06,0x1205,0x1244,0x1a45,0x11e4,0x22c5,0x3ba6,0x3326,0x1aa4,0x22c6,0x11a5,0x1185,
0x0963,0x2a87,0x32a7,0x4b6a,0x640d,0x63ec,0x4b6a,0x538a,0x85a8,0x9e67,0x8e26,0x85a7,0x3b44,0x32e5,0x5484,0x3344,
0x09c2,0x1a63,0x2285,0x0162,0x1a04,0x0a01,0x2b44,0x4424,0x75a4,0x6d84,0x54a5,0x22e3,0x4c05,0x5464,0x4c05,0x3326,
0x3b09,0x3b27,0x3308,0x3b28,0x436a,0x434b,0x53ab,0x53a9,0xb5f2,0xce32,0xce33,0xd674,0xd674,0xb5b1,0xded6,0xce74,
0xadaf,0x950a,0x9d6e,0xc673,0xdeb6,0xd695,0xe6f7,0xdeb6,0x7c0d,0x3ae9,0x0966,0x0186,0x09c6,0x0a07,0x1a89,0x2ae9,
0x2ae9,0x1a88,0x334b,0x332a,0x2b09,0x2b29,0x336a,0x2b2a,0x334b,0x2b09,0x334b,0x2b2a,0x2ae9,0x334a,0x43cd,0x3bcd,
0x43ed,0x3bab,0x43ec,0x43ca,0x43aa,0x43aa,0x4bec,0x3b69,0x5448,0x43c8,0x1a27,0x09a6,0x01a7,0x128a,0x12ab,0x02ca,
0x142e,0x036d,0x02cc,0x4cd4,0x8639,0x034d,0x03cf,0x038e,0x03af,0x03ae,0x038e,0x038e,0x03cf,0x0430,0x0450,0x040f,
0x03cf,0x038e,0x038e,0x036e,0x036e,0x036e,0x036e,0x036e,0x036e,0x036e,0x036e,0x036e,0x036e,0x036e,0x038f,0x038f,
0x03af,0x03ae,0x03cf,0x03cf,0x03ef,0x03cf,0x03ef,0x03cf,0x03af,0x03af,0x03af,0x038f,0x03af,0x038e,0x03af,0x03af,
0x03af,0x03af,0x03af,0x038f,0x03af,0x03af,0x03cf,0x03cf,0x03ef,0x03ef,0x0430,0x0470,0x0cf1,0x2572,0x4e34,0x35f3,
0x1db4,0x1572,0x0d12,0x04f1,0x04f2,0x04f2,0x0d12,0x04f2,0x0d12,0x04f2,0x0d33,0x0d32,0x1d93,0x25d3,0x25d4,0x25f3,
0x3e75,0x5ed5,0x7715,0x66f5,0x5695,0x25b3,0x1553,0x0d12,0x0cf2,0x04b1,0x0491,0x0490,0x14f2,0x1532,0x1513,0x0470,
0x0430,0x0430,0x0430,0x0410,0x0410,0x03ef,0x03d0,0x038e,0x036e,0x036d,0x034e,0x032d,0x032d,0x030d,0x02ec,0x02cc,
0x02ab,0x0289,0x0a8a,0x01e6,0x2267,0x2ae8,0x32e8,0x4be7,0x752a,0x6488,0x750b,0x648c,0x644e,0x5c2e,0x5c0b,0x8dea,
0x9e88,0x85a7,0x43a6,0x6d28,0x2265,0x11e6,0x1a27,0x1a65,0x2285,0x1a24,0x32e5,0x3305,0x2ae5,0x22c5,0x19c5,0x0945,
0x3248,0x6c4c,0x84ee,0x8d0e,0x9d71,0x84ae,0x640c,0x63eb,0x7ce9,0x5c49,0x4347,0x32a7,0x2a88,0x2265,0x1a46,0x1206,
0x22e3,0x1243,0x0a22,0x3bc4,0x4c84,0x4424,0x2302,0x6525,0x7e24,0x8625,0x4442,0x5484,0x8645,0x8e66,0x9687,0x5c48,
0x32c8,0x3b08,0x3b09,0x434a,0x4b8b,0x5bac,0x7c8c,0x8cee,0xbdd2,0xce33,0xce53,0xe6d5,0xef17,0xf758,0xded6,0xef18,
0xce73,0x848b,0x744b,0x954e,0xadd1,0xded7,0xd6b6,0xe717,0xa50f,0x42e8,0x11c5,0x0145,0x09c6,0x1aa9,0x1268,0x1aa8,
0x22e9,0x1247,0x1aa8,0x2b4a,0x1ac8,0x22e9,0x336a,0x3bab,0x336b,0x334b,0x2b4a,0x22e9,0x336b,0x43ed,0x3bac,0x3bac,
0x338b,0x3b8b,0x3b8a,0x43eb,0x3baa,0x43ac,0x438c,0x43ab,0x5cac,0x43a8,0x0a06,0x0186,0x0208,0x0249,0x0229,0x136c,
0x03cd,0x030c,0x034d,0x5596,0x038e,0x038e,0x036d,0x036d,0x036d,0x036e,0x03ae,0x040f,0x0410,0x0c71,0x042f,0x040f,
0x03cf,0x03ae,0x038e,0x038e,0x036e,0x036e,0x036d,0x036e,0x036e,0x036e,0x036e,0x036e,0x036e,0x036e,0x036e,0x03af,
0x03af,0x03cf,0x03ce,0x03cf,0x03ce,0x03cf,0x03ce,0x03ce,0x03ae,0x03af,0x03ae,0x03af,0x03af,0x03af,0x03ae,0x03af,
0x03af,0x03af,0x038e,0x03af,0x03af,0x03af,0x03cf,0x03ef,0x03ef,0x0410,0x042f,0x0cb1,0x0cf1,0x1552,0x2db2,0x3634,
0x1592,0x0511,0x04d0,0x04f2,0x0512,0x0d32,0x0512,0x0d32,0x0d31,0x1552,0x1552,0x1d93,0x35f2,0x3e12,0x2dd2,0x35f3,
0x5674,0x5e73,0x3df2,0x2dd2,0x2592,0x0d32,0x04d1,0x0cd2,0x04d2,0x0cd2,0x04b0,0x0470,0x042f,0x0491,0x0cd1,0x0cb1,
0x0430,0x0450,0x0450,0x0410,0x03ef,0x03ef,0x03cf,0x038e,0x036d,0x036e,0x036e,0x032d,0x032d,0x034d,0x030c,0x02ec,
0x02ab,0x028a,0x02aa,0x0228,0x09c5,0x2b07,0x2b07,0x32e8,0x32e8,0x2a88,0x32c9,0x434b,0x4bac,0x53cd,0x5c4a,0xaecc,
0x7508,0x3ae6,0x1a26,0x2247,0x1a26,0x1a27,0x1246,0x3366,0x2b65,0x22c5,0x2264,0x32e5,0x2ae5,0x2ac5,0x2a85,0x63cc,
0xa5b2,0xadd1,0xadb1,0xbe54,0x9510,0x7c8e,0x8cee,0x8cce,0x746f,0x4b8b,0x2aa8,0x32c8,0x2ac7,0x3306,0x2aa6,0x2aa7,
0x3be6,0x3384,0x2b44,0x3be4,0x54a5,0x5ce3,0x5d04,0x4c42,0x7585,0x7de5,0x4c23,0x7dc5,0x8e45,0x96a6,0x7525,0x3b28,
0x4b4a,0x53ca,0x5bea,0x4349,0x4b4a,0x4b6b,0x4b4a,0x5b8a,0xb592,0x9d0f,0xad91,0xbdf2,0xbdd2,0xd695,0xe6f7,0xdeb6,
0xe6b6,0xb571,0xdeb6,0xbe13,0xad91,0xbe33,0xad71,0xce74,0xc613,0x5b6a,0x2a47,0x0144,0x09c6,0x1267,0x1aa8,0x1247,
0x1a88,0x0a07,0x1247,0x1aa8,0x22c9,0x1aa9,0x1aa8,0x22e8,0x336b,0x336b,0x2b2a,0x3bab,0x442e,0x3bcc,0x3bac,0x338b,
0x3b8c,0x336b,0x3bab,0x43e9,0x43c9,0x3b4a,0x332b,0x2ae9,0x3b6b,0x2ac9,0x0986,0x128b,0x0a8b,0x0249,0x026a,0x0b2c,
0x034c,0x032d,0x0bcf,0x0baf,0x036e,0x038e,0x038e,0x036d,0x032d,0x034d,0x03cf,0x03cf,0x03af,0x038e,0x03af,0x03cf,
0x0c10,0x040f,0x03ee,0x038e,0x038e,0x036e,0x038f,0x038f,0x038f,0x036e,0x036e,0x036e,0x038f,0x038e,0x03af,0x03ae,
0x03ef,0x03cf,0x03f0,0x03cf,0x03cf,0x03cf,0x03cf,0x03af,0x03cf,0x03af,0x03cf,0x03af,0x03af,0x03af,0x03cf,0x03af,
0x03cf,0x03af,0x03cf,0x03cf,0x03f0,0x03ef,0x0410,0x040f,0x0430,0x0430,0x0470,0x0cd1,0x1532,0x1552,0x2df3,0x4653,
0x4e54,0x3e13,0x35d3,0x25b3,0x25b3,0x1572,0x25d4,0x1db3,0x1d93,0x0d32,0x0d12,0x0d12,0x1532,0x1511,0x1511,0x0d11,
0x1531,0x0511,0x0d32,0x1552,0x25d3,0x1d73,0x0cf2,0x04d1,0x0cd2,0x04d1,0x0cf2,0x0490,0x0471,0x0450,0x0cb1,0x0cf2,
0x04b1,0x0490,0x0cb1,0x0470,0x0430,0x03ef,0x03cf,0x03ae,0x038e,0x036d,0x0baf,0x036e,0x034d,0x034d,0x0b8e,0x034d,
0x02ec,0x02aa,0x02aa,0x028a,0x1289,0x1225,0x3327,0x22a7,0x2288,0x2267,0x2248,0x2268,0x32ea,0x32c9,0x53ca,0x750b,
0x32a8,0x2229,0x2a69,0x1a27,0x1a27,0x1a26,0x22c5,0x4407,0x3bc5,0x3365,0x2ac6,0x2ae6,0x1a24,0x4365,0x7488,0x8d2d,
0xa590,0xadd1,0xbdf3,0xc674,0xadb3,0x848e,0x94ef,0x63ab,0x42ea,0x3b2a,0x3b09,0x32e8,0x3b08,0x3b26,0x3305,0x3b45,
0x33a4,0x33c4,0x3be4,0x1a83,0x1201,0x5444,0x5d03,0x6504,0x4c44,0x6d46,0x5482,0x8e25,0x9666,0x9667,0x3b25,0x3b09,
0x4329,0x4b8b,0x74ac,0x5bc9,0x5c0b,0x642d,0x53eb,0x84ee,0xa590,0x746b,0x742a,0x848c,0x8c6c,0xbdf2,0xe6d6,0xeed6,
0xde95,0xd654,0xe6b6,0xeef7,0xe716,0xc654,0x950f,0x742c,0x6c2c,0x63cc,0x42e9,0x0985,0x0165,0x09a6,0x09c6,0x11e7,
0x1207,0x0a07,0x0a26,0x1246,0x1267,0x22aa,0x1268,0x1268,0x0a26,0x1a87,0x332a,0x544f,0x340d,0x3c0d,0x338b,0x336b,
0x2b6a,0x334b,0x336a,0x43e9,0x54ab,0x43ec,0x1267,0x1268,0x1289,0x1228,0x22cb,0x2b8f,0x0249,0x0249,0x026a,0x02ec,
0x034c,0x038e,0x03ce,0x038e,0x036d,0x036e,0x036d,0x032d,0x02ec,0x032d,0x036e,0x03ae,0x038e,0x03af,0x03ae,0x03ae,
0x03ce,0x0c30,0x042f,0x040f,0x03ef,0x03cf,0x03af,0x03af,0x038e,0x038e,0x036e,0x038e,0x038e,0x03af,0x03ae,0x03cf,
0x03ce,0x03ef,0x03cf,0x03cf,0x03af,0x03cf,0x03ae,0x03af,0x03ae,0x03cf,0x03ae,0x03cf,0x03ae,0x03cf,0x03cf,0x03cf,
0x03cf,0x03ef,0x03cf,0x040f,0x040f,0x0430,0x042f,0x0450,0x0470,0x0c91,0x0cd1,0x1d72,0x25b2,0x3e13,0x5eb5,0x7f36,
0x6736,0x4eb5,0x3e53,0x4675,0x3e94,0x3e95,0x2e14,0x1d52,0x04f1,0x04d1,0x04b1,0x0491,0x0471,0x04b1,0x04d1,0x0cf2,
0x0cf2,0x0cf2,0x04d1,0x0cf1,0x1572,0x1d93,0x0d12,0x04d1,0x04b1,0x04d1,0x04d1,0x04b1,0x0470,0x0471,0x0491,0x1533,
0x0d11,0x0cd1,0x0cf1,0x0cf2,0x044f,0x03ef,0x03ef,0x0c30,0x038e,0x036e,0x036d,0x0c10,0x036d,0x036e,0x036e,0x038e,
0x032c,0x02cb,0x02a9,0x0269,0x230c,0x5c51,0x11e5,0x1a07,0x1a47,0x2267,0x2267,0x2a88,0x2aa8,0x2a88,0x2267,0x2267,
0x224a,0x2269,0x2247,0x1a47,0x3327,0x43a7,0x2b04,0x22c6,0x2324,0x3345,0x0163,0x0965,0x32e6,0x6ca8,0x6c67,0x6c28,
0x7c6b,0x8cac,0xa58f,0xbe31,0xbe53,0x9d4f,0x84ac,0x7c6d,0x3b09,0x3b29,0x3309,0x4b8a,0x4368,0x2ac6,0x22a4,0x3b45,
0x33c4,0x3c04,0x4444,0x2b23,0x22a1,0x43c4,0x4c44,0x5cc3,0x4c23,0x2b03,0x5464,0x8e65,0x9e86,0x5425,0x4366,0x64a7,
0x64a6,0x6c89,0x746e,0x748b,0x8d2e,0x9d31,0xa591,0x7ccc,0x6c2a,0x7c8b,0xc633,0xce94,0xd695,0xd674,0xe6d6,0xde95,
0xce12,0xbdb1,0xc5f3,0xe6d6,0xce55,0xceb6,0xd6f7,0x538b,0x4b4a,0x7cae,0x6c2e,0x1a08,0x0145,0x0145,0x0945,0x0145,
0x1207,0x1228,0x1247,0x1225,0x1226,0x1268,0x1aaa,0x1247,0x1246,0x1a66,0x22a8,0x2b4b,0x3bed,0x3c2d,0x440e,0x33cc,
0x1b0a,0x0a27,0x1a69,0x2b2a,0x338b,0x230a,0x1aca,0x0a68,0x01a6,0x01e8,0x12cb,0x024a,0x024a,0x0249,0x02cc,0x032c,
0x038e,0x040f,0x0430,0x038e,0x038e,0x036e,0x036e,0x032d,0x030d,0x032d,0x038e,0x038e,0x03af,0x038e,0x03af,0x03af,
0x03cf,0x040f,0x0c71,0x0c90,0x0c70,0x040f,0x03cf,0x03ae,0x03cf,0x03ae,0x03cf,0x03ae,0x03cf,0x03ce,0x03ef,0x03cf,
0x03ef,0x03cf,0x03f0,0x03cf,0x03cf,0x03af,0x03cf,0x03af,0x03cf,0x03af,0x03cf,0x03cf,0x03cf,0x03cf,0x03f0,0x03ef,
0x0410,0x040f,0x0430,0x042f,0x0450,0x0450,0x0c91,0x0cb1,0x0cd2,0x1512,0x25d4,0x3e55,0x56d5,0x7f76,0x8fb9,0x5f38,
0x2e56,0x1594,0x1d94,0x1db3,0x25f4,0x25f4,0x1d53,0x04d2,0x04d2,0x04d2,0x04d2,0x04b1,0x04b2,0x0491,0x0cd2,0x0cd2,
0x0d13,0x04f2,0x0cf2,0x04d1,0x04d1,0x0cf1,0x1533,0x04f1,0x0cd2,0x04b1,0x0cd1,0x04d1,0x04d2,0x0491,0x0cd2,0x1532,
0x0cf1,0x0490,0x0d12,0x04b1,0x0470,0x03ef,0x03cf,0x0410,0x03af,0x038e,0x03ae,0x0c10,0x1410,0x034d,0x038e,0x038e,
0x038e,0x02eb,0x02cb,0x02aa,0x0269,0x4c31,0x3b2c,0x0165,0x09e7,0x1a48,0x2a89,0x2a89,0x2aa9,0x2aa8,0x2aa8,0x2289,
0x2aaa,0x2288,0x2aa8,0x2267,0x2a87,0x2225,0x19e6,0x09a6,0x2b45,0x2ae4,0x0924,0x2a87,0x53c8,0x6467,0x6c69,0x7cca,
0x742a,0x9d6f,0xbe31,0xa58d,0xa5ae,0x8d2a,0x9d89,0x850a,0x538a,0x640d,0x6c6c,0x852e,0x5bea,0x2264,0x2a86,0x2286,
0x1aa3,0x2b45,0x33c4,0x1aa2,0x4443,0x7e24,0x6dc4,0x6d85,0x4c44,0x2b02,0x2b42,0x4403,0x4404,0x3343,0x6504,0x8e46,
0x8e25,0x8de5,0x7d29,0x7ce9,0x8d0d,0x9531,0x9550,0xa550,0xa54f,0xbe12,0xd694,0xde95,0xd674,0xde95,0xc5f2,0xd654,
0xce32,0xce12,0xbdb1,0xbdd2,0x9510,0xb5b3,0x9d31,0x4b6a,0x4328,0x7cae,0x744e,0x32ca,0x0166,0x0187,0x0145,0x0145,
0x0186,0x11e8,0x0a27,0x1287,0x0a46,0x1267,0x1aa8,0x1aa7,0x1aa7,0x22a7,0x1267,0x1267,0x1aa8,0x2b4b,0x3bcc,0x12c9,
0x0206,0x0a28,0x01a6,0x1208,0x230a,0x232b,0x0206,0x0a47,0x2b4c,0x126a,0x0228,0x026a,0x026a,0x02ec,0x030c,0x036d,
0x03ef,0x0c91,0x040f,0x038e,0x038e,0x036e,0x036d,0x036e,0x034d,0x038e,0x03ae,0x03ae,0x03ae,0x03af,0x038e,0x038f,
0x03ae,0x03ef,0x042f,0x0450,0x040f,0x0430,0x040f,0x03ef,0x03ce,0x03cf,0x03ae,0x03cf,0x03ce,0x03ef,0x03ce,0x03ef,
0x03ce,0x03cf,0x03cf,0x03cf,0x03af,0x03cf,0x03ae,0x03af,0x03ae,0x03cf,0x03ae,0x03ef,0x03cf,0x03f0,0x040f,0x0430,
0x0450,0x0471,0x0450,0x0470,0x0490,0x0cd2,0x0cf1,0x1512,0x1532,0x25b5,0x2e14,0x3633,0x4e53,0x5675,0x2e14,0x15b3,
0x0d53,0x0d33,0x0532,0x1592,0x1592,0x0d53,0x04f2,0x04d2,0x04b1,0x04b2,0x04b1,0x04b1,0x0491,0x04b1,0x04b1,0x04d2,
0x0512,0x0d32,0x0d12,0x0cf2,0x0490,0x04b1,0x0cf1,0x1532,0x04d1,0x04b1,0x04b1,0x04d2,0x04d1,0x04d2,0x04b1,0x0cd1,
0x046f,0x0470,0x0490,0x0470,0x040f,0x040f,0x038e,0x038e,0x038e,0x03cf,0x03ce,0x038e,0x036e,0x038e,0x034d,0x036e,
0x036d,0x034d,0x02cb,0x02aa,0x0289,0x0248,0x0a69,0x0a28,0x0a07,0x09c7,0x11a6,0x19e7,0x2289,0x32ca,0x2ac9,0x2aa9,
0x2288,0x22c9,0x2ae8,0x22a7,0x1a27,0x11e6,0x11c5,0x11c5,0x3366,0x2aa5,0x538c,0x538b,0x53c8,0x74c8,0x7ceb,0x954d,
0x950d,0xc672,0xadaf,0xa58d,0x9d8b,0xadeb,0xa5ac,0x952f,0x7c8e,0x9530,0x850b,0x6c88,0x2a85,0x2247,0x2267,0x2a87,
0x1244,0x1263,0x2305,0x1282,0x43e5,0x5d05,0x75e5,0x75e5,0x6d64,0x7de5,0x7dc6,0x3bc2,0x54a4,0x6d65,0x6d44,0x7583,
0x8e05,0x9e65,0x9e86,0x9645,0x9dab,0x956e,0x9d71,0x9d50,0xad90,0xb5d2,0xce54,0xded6,0xc613,0x94ee,0xb571,0xc5f2,
0xc633,0xcdf3,0xce13,0xce54,0xd6b6,0xded7,0x9552,0x4bab,0x4b6b,0x63cb,0x63ec,0x434c,0x01a8,0x0187,0x01a7,0x0187,
0x0167,0x0166,0x09c7,0x0a06,0x1a47,0x1aa7,0x22a8,0x1aa7,0x22e8,0x1268,0x1269,0x1288,0x1aa9,0x0a28,0x0a49,0x0269,
0x12aa,0x0208,0x01a7,0x0165,0x09e7,0x330b,0x8d13,0x9617,0x2b8d,0x0249,0x0aab,0x026a,0x0b2d,0x032d,0x036d,0x03ae,
0x0c50,0x0450,0x0c30,0x040f,0x03af,0x038e,0x03af,0x03ce,0x03cf,0x03cf,0x03ef,0x03ce,0x03af,0x038e,0x038f,0x038e,
0x03af,0x03cf,0x0410,0x03ef,0x0410,0x0470,0x0cb1,0x0490,0x0c50,0x0430,0x0430,0x040f,0x0c10,0x03ef,0x0410,0x03cf,
0x03cf,0x03cf,0x03cf,0x03cf,0x03cf,0x03af,0x03cf,0x03af,0x03cf,0x03af,0x03f0,0x03f0,0x0410,0x0430,0x0471,0x0471,
0x0491,0x04b1,0x0cf2,0x0cd2,0x0cd2,0x04d1,0x0cf1,0x1532,0x1573,0x1553,0x2593,0x2db2,0x35b2,0x1d73,0x0d53,0x0512,
0x0512,0x0512,0x0d53,0x1593,0x1573,0x0d12,0x0513,0x04f2,0x04d2,0x04b2,0x04b2,0x0491,0x04b2,0x04b2,0x04d2,0x04d2,
0x0cf2,0x0cf2,0x0d33,0x0d12,0x1513,0x04b1,0x04d1,0x0d11,0x1532,0x0cf1,0x04d2,0x04d1,0x0cf2,0x04f2,0x0cf1,0x0490,
0x0471,0x0470,0x0430,0x040f,0x0430,0x03ef,0x03cf,0x03ae,0x0410,0x0c10,0x03cf,0x03af,0x03af,0x038d,0x1c50,0x038e,
0x036e,0x034d,0x032c,0x02cb,0x0aaa,0x0289,0x0269,0x0269,0x0aaa,0x12aa,0x09c7,0x0965,0x19e8,0x11e7,0x1a28,0x22a9,
0x2b09,0x2b28,0x22c9,0x1a69,0x1a48,0x1a26,0x19e6,0x11a6,0x19e5,0x5bcb,0x9552,0x4b4a,0x5c09,0x956e,0xce76,0xd675,
0xce95,0xadcb,0xb60e,0xa56e,0xa58a,0xbe11,0xc654,0x8d0d,0x956c,0x7d29,0x7508,0x32c5,0x2a66,0x3b09,0x4329,0x4349,
0x2303,0x2303,0x1ac2,0x2303,0x09e1,0x2b03,0x7e25,0x7e05,0x4402,0x6d44,0x8e85,0x8ea6,0x75c5,0x6d65,0x6d84,0x7da4,
0x8e25,0x9e65,0x9646,0x8588,0x850c,0x8d0e,0x8d4b,0x954d,0x9d50,0xad70,0xad70,0xce54,0x952f,0x8cee,0x950f,0x9d0f,
0x9cef,0xde95,0xce13,0xd654,0xce74,0xded7,0x84cf,0x5bed,0x4b6c,0x5b8a,0x5baa,0x434c,0x09c7,0x0187,0x0187,0x01a8,
0x0187,0x01a8,0x09e8,0x09e8,0x0187,0x09c6,0x09a5,0x09a5,0x09c5,0x0a27,0x1227,0x1227,0x09c6,0x09c7,0x0a28,0x1269,
0x0227,0x01c7,0x01a6,0x228a,0x6491,0xcf1c,0xb699,0x338d,0x02a9,0x0b0c,0x028a,0x136d,0x034d,0x0bcf,0x03ef,0x0c0f,
0x03ed,0x1cd2,0x45b6,0x03cf,0x03ae,0x03ae,0x03ce,0x03cf,0x03ce,0x03ef,0x03ef,0x03cf,0x038d,0x038e,0x038e,0x03af,
0x03ae,0x03cf,0x03cf,0x03d0,0x03ef,0x044f,0x04b0,0x0cd2,0x0490,0x0c91,0x0470,0x0450,0x042f,0x040f,0x03ef,0x03f0,
0x03cf,0x03cf,0x03ae,0x03cf,0x03ae,0x03cf,0x03af,0x03cf,0x03af,0x03cf,0x03cf,0x0410,0x0410,0x0450,0x0471,0x0491,
0x04d1,0x0d12,0x0cf2,0x0cd1,0x04d1,0x0d12,0x1532,0x1d73,0x0d52,0x1d72,0x2db3,0x2d93,0x1531,0x0d52,0x0512,0x0512,
0x0512,0x1573,0x1553,0x0d12,0x04d1,0x04d1,0x04d1,0x0cf3,0x04f2,0x04d2,0x0491,0x0491,0x0491,0x0492,0x0491,0x04b2,
0x04b1,0x04d2,0x04b1,0x0cf2,0x0512,0x0d12,0x04f1,0x0d11,0x1552,0x0d32,0x04f1,0x04f1,0x04d1,0x0d12,0x1552,0x0cf2,
0x0450,0x0450,0x040f,0x0410,0x03ef,0x03ce,0x03cf,0x0430,0x0470,0x0430,0x03ce,0x03ae,0x038e,0x038d,0x1450,0x1c50,
0x036d,0x032c,0x02eb,0x02eb,0x02aa,0x02aa,0x0289,0x0269,0x0248,0x0228,0x0208,0x01a7,0x0186,0x0a08,0x0186,0x09c6,
0x0a25,0x1245,0x11e7,0x11e8,0x09c6,0x09a6,0x0144,0x00e4,0x2a68,0x9db4,0x7c6e,0x7c6f,0x6c8a,0x8d0b,0xc613,0xce74,
0xce94,0xadcd,0xa58b,0x9d6a,0xa58d,0xd6b6,0xbe51,0x9568,0x8d68,0x7d49,0x4387,0x4309,0x74ae,0x850f,0x644c,0x4329,
0x2b43,0x2b63,0x2b43,0x2b03,0x11e2,0x3342,0x85e5,0x64e5,0x1a83,0x1a81,0x64c4,0x8625,0x9666,0x5483,0x6505,0x8e46,
0x9ea7,0xa6c7,0x8da7,0x7509,0x7ccc,0x6c6a,0x7ce8,0x9d6e,0xa591,0xa570,0xb5b2,0x9d70,0x6bea,0x8cee,0xbe34,0x7c2c,
0xb5b3,0xdeb6,0xde95,0xd654,0xded6,0xc635,0x63ed,0x5c0c,0x748e,0x5bec,0x63ed,0x4b4b,0x1a28,0x0187,0x09c9,0x01a8,
0x01a7,0x0187,0x0187,0x09e9,0x0a4a,0x01c8,0x09c9,0x09a7,0x0987,0x01a6,0x1208,0x1208,0x0a08,0x09e7,0x09e8,0x01c8,
0x0a4a,0x0a8b,0x1aed,0x5493,0x4c31,0x22eb,0x0249,0x0249,0x0acb,0x02eb,0x1b6e,0x2430,0x040f,0x0450,0x0470,0x040e,
0x5575,0x76ba,0x1451,0x03ae,0x03cf,0x03ae,0x03cf,0x03ae,0x03ef,0x040f,0x03ef,0x038e,0x036e,0x036d,0x03ae,0x03ae,
0x03cf,0x03cf,0x03cf,0x03d0,0x0410,0x0430,0x0471,0x0470,0x0471,0x0470,0x0491,0x0470,0x0450,0x0430,0x0410,0x040f,
0x03f0,0x03cf,0x03ef,0x03cf,0x03cf,0x03cf,0x03cf,0x03cf,0x03cf,0x03cf,0x03f0,0x0410,0x0451,0x0450,0x0492,0x04b1,
0x0d12,0x0d32,0x1533,0x1553,0x1d94,0x1db4,0x25d4,0x15b3,0x1dd3,0x3e12,0x3e13,0x1553,0x0d13,0x0512,0x0d32,0x0d32,
0x1553,0x1553,0x0cf2,0x0491,0x04b1,0x0491,0x04b2,0x04b2,0x04d2,0x04d2,0x04d2,0x0491,0x0492,0x0471,0x0492,0x0491,
0x04b2,0x04b1,0x0cf2,0x04f1,0x04f1,0x0d11,0x1553,0x1573,0x1dd4,0x1592,0x1532,0x0511,0x04f1,0x0d32,0x25d4,0x1533,
0x0491,0x0470,0x0450,0x03ef,0x03cf,0x03ce,0x0c30,0x0c70,0x1512,0x0c90,0x0c50,0x03ce,0x038e,0x038d,0x038d,0x0bcd,
0x0bce,0x036c,0x02cc,0x02ab,0x0b2c,0x132c,0x0289,0x0269,0x0269,0x0248,0x0a28,0x0208,0x01c7,0x12aa,0x33f0,0x1a6a,
0x1a48,0x1288,0x09c7,0x1a88,0x1a68,0x0166,0x0126,0x1186,0x7470,0x84f1,0x8cd1,0xa572,0x6c68,0x6c66,0xc633,0xd6b5,
0xc633,0xb62e,0x8d2a,0x6c27,0x952e,0xa5ae,0x9509,0x954a,0x958b,0x74e8,0x538a,0x4b29,0x6c0c,0x746d,0x6c6e,0x32c8,
0x2b64,0x2b24,0x2b24,0x1a83,0x09a3,0x2283,0x22a1,0x1a82,0x0a41,0x43c3,0x8e45,0x9666,0x7da4,0x5464,0x2b42,0x43c3,
0x64e4,0x6ce7,0x3b64,0x6485,0x5c44,0x7ce7,0x8d6b,0xa5b1,0xa591,0xa570,0x8ccc,0x7449,0x744b,0x9510,0xad91,0xad92,
0xc614,0xc614,0xa571,0x94af,0x740e,0x8cf0,0x5bec,0x640b,0x8d4f,0x63ed,0x53ac,0x4bcc,0x32e9,0x01c8,0x022a,0x01c8,
0x01a7,0x0186,0x0185,0x01a7,0x01a7,0x01a8,0x01a7,0x01c8,0x01c8,0x01a7,0x0228,0x12ab,0x0aab,0x0a8b,0x0229,0x0229,
0x0229,0x022a,0x022a,0x0229,0x0208,0x0229,0x01e7,0x0a8a,0x0aab,0x134e,0x13cf,0x03ae,0x042f,0x0450,0x0450,0x7638,
0xbf9e,0x2cd3,0x038d,0x03ce,0x03ae,0x03af,0x03ae,0x03cf,0x03ef,0x03f0,0x03af,0x038e,0x036d,0x03ae,0x03ae,0x03cf,
0x03af,0x03cf,0x03cf,0x03ef,0x03ef,0x0410,0x0450,0x0491,0x0490,0x0490,0x048f,0x0cd1,0x0491,0x0450,0x0430,0x0450,
0x0410,0x0410,0x03ef,0x03f0,0x03cf,0x03cf,0x03cf,0x03cf,0x03cf,0x03f0,0x03f0,0x0431,0x0451,0x0491,0x04d1,0x0d12,
0x0d32,0x1593,0x1db3,0x25f4,0x2615,0x2615,0x25f5,0x2e35,0x5ed5,0x66f5,0x2e13,0x1d94,0x0d73,0x1573,0x0d73,0x0d53,
0x0512,0x04f2,0x0490,0x0491,0x0491,0x04b1,0x0491,0x04b1,0x0491,0x04b2,0x04b1,0x04b2,0x0491,0x0491,0x0491,0x0492,
0x0491,0x04b2,0x04d2,0x04f2,0x04f1,0x0d11,0x0532,0x1573,0x1593,0x1dd4,0x1dd3,0x25d3,0x0d32,0x0d73,0x1db3,0x0d12,
0x0471,0x0491,0x0450,0x0410,0x03ef,0x040f,0x042f,0x0c90,0x1d31,0x1d11,0x14d0,0x040f,0x038d,0x038e,0x034d,0x034c,
0x034c,0x034d,0x032c,0x02ab,0x02ab,0x0b6d,0x02ca,0x0269,0x0228,0x0249,0x0227,0x01e7,0x0208,0x0a49,0x134b,0x1b6c,
0x132b,0x1b4a,0x0268,0x1268,0x09e7,0x01a8,0x11c7,0x63ed,0x7cd0,0x9d73,0xbe14,0xbe13,0x8d0c,0x954e,0xb5d3,0xbdd3,
0xbdd2,0x9dab,0x74a8,0x6c29,0x9d4f,0x94ed,0xa5ad,0x9d4c,0x8d69,0x8568,0x74c9,0x6c8b,0x748d,0x748e,0x74ac,0x646a,
0x3384,0x2302,0x2b04,0x3b45,0x1203,0x1a63,0x22a2,0x22a2,0x1282,0x5ce4,0xa6e5,0x9ec6,0x6d06,0x2ac3,0x7de6,0x5d05,
0x3341,0x4c63,0x7566,0x7525,0x8549,0x8d4a,0x9dcb,0xae0e,0xadb1,0x94ef,0x742a,0x7c8b,0x9550,0x9d71,0xb5d3,0xbdf4,
0xce14,0xd696,0xce97,0x7cb0,0x3b0a,0x640c,0x642d,0x4329,0x6c4d,0x74ae,0x74af,0x53ec,0x4b8b,0x01e8,0x022a,0x026a,
0x0a4a,0x0209,0x01e8,0x0187,0x01a8,0x01a7,0x01a7,0x01a7,0x01c7,0x01c7,0x0208,0x0248,0x026a,0x0249,0x0249,0x0208,
0x01e9,0x01e8,0x0229,0x026a,0x026a,0x024a,0x4c52,0x5cf4,0x132d,0x030d,0x038e,0x0bef,0x0410,0x0450,0x3d55,0x6e38,
0x45d5,0x03ef,0x03cf,0x03ae,0x03cf,0x03af,0x03cf,0x03ef,0x03f0,0x03af,0x03af,0x03ae,0x03af,0x03af,0x03f0,0x03cf,
0x03f0,0x03cf,0x0410,0x040f,0x0410,0x0410,0x0451,0x0491,0x0cd2,0x0490,0x04b0,0x0cf1,0x1512,0x0cf1,0x0d32,0x0532,
0x0cf2,0x0450,0x040f,0x03ef,0x0410,0x0410,0x0410,0x0410,0x0430,0x0430,0x0450,0x0470,0x0cd2,0x0cd2,0x0cf2,0x04f1,
0x1d73,0x25d4,0x2e35,0x2e55,0x2e76,0x3675,0x56f7,0x8798,0xa7db,0x5ed7,0x3636,0x25d5,0x1dd5,0x15b4,0x1574,0x0512,
0x04d2,0x04b1,0x04b1,0x0491,0x0491,0x0491,0x0491,0x0491,0x0491,0x0491,0x04b2,0x04b1,0x04b2,0x0491,0x04b2,0x0491,
0x04b2,0x04b2,0x04d2,0x04f2,0x0d12,0x0511,0x0d32,0x0d32,0x0d52,0x0d52,0x25d3,0x3634,0x3e35,0x3e13,0x35f4,0x0d33,
0x0cd2,0x04b1,0x0471,0x0410,0x0450,0x0450,0x042f,0x0c70,0x1cf1,0x14d1,0x1d11,0x0c6f,0x0c0f,0x03ae,0x032d,0x032c,
0x036d,0x030c,0x030c,0x02ab,0x028b,0x030c,0x0b4d,0x028a,0x0249,0x0a48,0x3bef,0x230b,0x01e7,0x0247,0x238a,0x1b48,
0x1b08,0x12e7,0x0a48,0x0166,0x01a7,0x0187,0x1207,0x8d31,0xbe34,0xbe34,0xce75,0xd6d6,0xadb2,0xbe14,0xc5f5,0x9d10,
0xadb2,0x8d0b,0x958a,0x9dab,0xa550,0xce55,0xd696,0xbdf1,0x9d6c,0x7d06,0x8549,0x7cea,0x850d,0x7ceb,0x7508,0x5c25,
0x2b43,0x2ae4,0x11e2,0x19e2,0x09a1,0x1222,0x0160,0x1a02,0x1282,0x4c24,0x9ec6,0xa6e6,0x5c84,0x1203,0x4c24,0x8e87,
0x6564,0x54c2,0x96c6,0xa6a7,0x8d87,0x8d68,0x8d68,0x956b,0x8ced,0x848c,0x7449,0x742c,0xa592,0x9d72,0x9531,0x94f1,
0x94f0,0xce55,0xa593,0x5bad,0x53ad,0x7c6f,0x5bec,0x432a,0x53ac,0x74ae,0x74ae,0x5c0d,0x3309,0x01e8,0x01e9,0x022a,
0x02cc,0x0b4e,0x0b0d,0x0a2a,0x01c8,0x01c7,0x01c7,0x01e7,0x01e7,0x0208,0x0248,0x0289,0x0269,0x026a,0x0249,0x0249,
0x0229,0x0229,0x026a,0x12ec,0x1b6e,0x3c32,0x3c52,0x0b0d,0x02ec,0x034d,0x036e,0x0bcf,0x03cf,0x03ef,0x03ae,0x14d0,
0x1d52,0x0c30,0x03ce,0x03ce,0x03ae,0x03cf,0x03ef,0x03f0,0x03cf,0x03cf,0x03af,0x03cf,0x03ae,0x03ef,0x03ef,0x03f0,
0x03ef,0x03f0,0x03ef,0x0430,0x040f,0x0430,0x0430,0x0491,0x04b1,0x04b1,0x0490,0x0cd1,0x1551,0x2dd3,0x1d92,0x1551,
0x0d11,0x14d2,0x0470,0x0451,0x0450,0x0491,0x0491,0x0491,0x0491,0x1512,0x1532,0x1d53,0x1d72,0x1d73,0x1533,0x2594,
0x3634,0x4695,0x4696,0x46b6,0x56d6,0x8737,0x9f98,0xaffa,0x7779,0x46b8,0x3656,0x2e16,0x1df5,0x0d74,0x04f2,0x04d2,
0x0491,0x04b2,0x0491,0x0491,0x0490,0x0491,0x0491,0x0491,0x0471,0x0491,0x0491,0x04b2,0x04b1,0x04d2,0x04b1,0x04b2,
0x04b1,0x04d2,0x04d1,0x04f2,0x0512,0x0d32,0x1573,0x1573,0x0531,0x0d52,0x0d52,0x25d3,0x3633,0x4e54,0x4634,0x1d94,
0x0d11,0x0d32,0x0470,0x0450,0x0490,0x0470,0x042f,0x0c70,0x042f,0x0c4f,0x1cf1,0x1cd1,0x0c6f,0x03ce,0x032c,0x02ec,
0x032c,0x0bef,0x032c,0x02cc,0x028b,0x02ab,0x030c,0x0b4d,0x030b,0x028a,0x1b0c,0x54b3,0x54f3,0x54b1,0x2b8a,0x0ae7,
0x0b07,0x0a88,0x01a7,0x01a7,0x01a6,0x0186,0x430b,0xbe15,0xce75,0xb5d3,0x7c4e,0x84af,0x9d50,0xbe54,0xadb3,0x94f1,
0x7c8f,0x9d4f,0x9d8b,0xa58c,0xce74,0xce14,0xbdb1,0xbdf2,0xb5d2,0x9d8f,0x852b,0x8d0e,0x84ee,0x7d09,0x6cc6,0x6468,
0x2b44,0x1a83,0x11c3,0x0982,0x22a4,0x2b03,0x1a43,0x1a22,0x22a3,0x22c2,0x4384,0x3323,0x2ae2,0x22c2,0x64c5,0x8e66,
0x6d86,0x6d43,0x85e4,0x8e04,0x9607,0x7d25,0x7d07,0x7cc9,0x84ed,0x850a,0x7468,0x4ae6,0x740d,0x8cf0,0x742d,0x63ec,
0x742e,0x742d,0x63ec,0x4b6c,0x5bef,0x84f1,0x640d,0x53ac,0x5bee,0x53ac,0x5bcd,0x4b8c,0x2aea,0x024a,0x0229,0x0229,
0x0a4b,0x020a,0x020a,0x022a,0x0aed,0x0229,0x0209,0x01e8,0x0229,0x0269,0x0aaa,0x02aa,0x0a8a,0x026a,0x0aab,0x028a,
0x028a,0x132d,0x3432,0x134d,0x0acc,0x02ec,0x030c,0x034d,0x036e,0x034d,0x038e,0x038e,0x03af,0x038e,0x0c30,0x2512,
0x14b0,0x0450,0x040f,0x03cf,0x0410,0x0430,0x0410,0x03ef,0x03ef,0x03cf,0x03f0,0x03cf,0x03ef,0x03ef,0x0410,0x03f0,
0x0410,0x0410,0x0430,0x0410,0x0430,0x0430,0x0451,0x0491,0x0cf2,0x0cf1,0x04b1,0x0cd0,0x1d91,0x25b2,0x1552,0x04d1,
0x0491,0x0450,0x0451,0x0430,0x0431,0x0430,0x0451,0x0430,0x0471,0x04b1,0x1512,0x1532,0x1d93,0x1553,0x1d53,0x1d94,
0x1db4,0x1db3,0x2dd5,0x25b4,0x3e55,0x5ed6,0x8777,0x9fb8,0x7f78,0x56f8,0x46d8,0x2e36,0x15b4,0x0513,0x04f3,0x04b2,
0x04b2,0x04b2,0x04b2,0x04b1,0x04b1,0x0491,0x04b2,0x0491,0x04b2,0x0491,0x04b2,0x04b2,0x04d2,0x04b2,0x04d2,0x04d2,
0x04d2,0x04f2,0x04f2,0x04f2,0x0d12,0x0d32,0x1db4,0x1dd4,0x1dd4,0x1db3,0x25f5,0x2e35,0x3655,0x3e54,0x66d6,0x5696,
0x2593,0x1592,0x0cd0,0x0470,0x0cf2,0x0490,0x0c70,0x0430,0x03cf,0x03ad,0x1470,0x1490,0x0c70,0x03ee,0x034d,0x030c,
0x032c,0x038e,0x0b6e,0x030c,0x030c,0x02cb,0x02ab,0x02ab,0x0acc,0x02cb,0x132d,0x024a,0x1b2d,0x8e7a,0x9eba,0x4450,
0x132c,0x02ab,0x026b,0x0aab,0x0a8a,0x0a07,0x8d13,0xb5b3,0x742c,0x6beb,0x7c4d,0xad92,0xce55,0xb5f2,0x94ef,0x6bed,
0x4b2a,0xadb2,0xdef7,0xc634,0xd655,0xbdd2,0xad50,0xb5b1,0xb5d2,0xa5b0,0x84ea,0x850b,0x7ccb,0x6ca6,0x6c87,0x5c4a,
0x2b64,0x3384,0x2323,0x22e3,0x2302,0x2323,0x2343,0x2b24,0x1241,0x11e2,0x09a1,0x09c1,0x3343,0x4402,0x8646,0x8ea6,
0x2b62,0x7d86,0x8e44,0x8e45,0x8e25,0x7524,0x6ce5,0x7d07,0x5c05,0x6c67,0x8508,0x954f,0x9d52,0xd6b7,0xc655,0x9d52,
0x748e,0x84cf,0x63ec,0x4bac,0x3b0b,0x430a,0x642d,0x746f,0x5c0d,0x4bac,0x438b,0x53cc,0x1a28,0x0aac,0x028b,0x026a,
0x028a,0x020a,0x01c9,0x01c9,0x026b,0x0a6a,0x0209,0x0229,0x0229,0x0a6a,0x0249,0x026a,0x0269,0x0a8a,0x02cb,0x02ab,
0x028b,0x0aec,0x02aa,0x028b,0x028a,0x02ec,0x034d,0x036d,0x034d,0x034d,0x036d,0x038e,0x03ae,0x040f,0x1cf1,0x1cd1,
0x042f,0x14d1,0x14f1,0x0c91,0x0450,0x0450,0x040f,0x0410,0x03ef,0x03cf,0x03ef,0x03f0,0x03ef,0x03f0,0x03ef,0x0410,
0x03ef,0x0410,0x040f,0x0410,0x0410,0x0450,0x0450,0x04b1,0x04f1,0x0cf2,0x0491,0x0cf0,0x1550,0x1551,0x04d1,0x04b1,
0x0450,0x0451,0x0430,0x0430,0x0430,0x0430,0x0410,0x0430,0x0430,0x0471,0x0471,0x04b1,0x04f2,0x0d13,0x0512,0x0d12,
0x04f2,0x0d12,0x0d53,0x1db4,0x1dd4,0x1dd4,0x25d3,0x5694,0x5e95,0x3e56,0x2615,0x15d4,0x0573,0x0d33,0x04f2,0x04d2,
0x04b1,0x04d2,0x04b1,0x04b1,0x0491,0x04b2,0x0491,0x0491,0x0491,0x0491,0x0491,0x04b2,0x04b2,0x04d2,0x04d2,0x04f2,
0x04f2,0x0d33,0x0d33,0x0d33,0x0512,0x0d52,0x1573,0x1db4,0x1df4,0x2e35,0x2635,0x3655,0x3e96,0x46d6,0x6f37,0x9ffa,
0x56b5,0x1df3,0x0511,0x0470,0x0cd2,0x0470,0x040f,0x03ef,0x03ae,0x03ae,0x03ae,0x0c0f,0x0c30,0x0bef,0x038d,0x034d,
0x030c,0x030c,0x030c,0x036d,0x038d,0x036d,0x02eb,0x028b,0x028a,0x028b,0x02aa,0x02cb,0x028a,0x02ab,0x02ab,0x12cc,
0x0229,0x0a6b,0x0aec,0x0b0d,0x0249,0x22a9,0x6c2f,0x8cb0,0x9d30,0xc655,0xbe34,0xc654,0xbe13,0xc614,0xbe13,0x9511,
0x6c2d,0xa552,0xadb2,0xbdf3,0xce54,0xce53,0xc612,0xbdf2,0xbdf3,0xbe13,0x8d4c,0x6c87,0x6427,0x6447,0x5c27,0x53a9,
0x3b64,0x3343,0x2323,0x1ae2,0x2302,0x2303,0x2323,0x2b82,0x2b03,0x1203,0x19e3,0x11e2,0x32e4,0x2b03,0x5485,0x8648,
0x22a3,0x2aa3,0x7507,0x7524,0x9646,0x8e07,0x6485,0x74e5,0x7d27,0x6466,0x74c9,0x6c4a,0xa5b2,0x9552,0x744f,0x6c0e,
0x746f,0x9d72,0x84f0,0x4bac,0x432b,0x3ac9,0x6c2d,0x8510,0x7cb0,0x53cd,0x436b,0x53cc,0x11c6,0x024a,0x0b2e,0x02ab,
0x02ab,0x024a,0x022a,0x01c9,0x01ea,0x0209,0x0229,0x0249,0x026a,0x026a,0x026a,0x0229,0x0229,0x0209,0x026a,0x026a,
0x02ac,0x02cb,0x02cc,0x028b,0x02ac,0x02ec,0x034d,0x032c,0x0baf,0x1430,0x0bcf,0x03ae,0x0410,0x14f2,0x2573,0x0cd1,
0x14d1,0x1d12,0x14f2,0x04b1,0x0cd1,0x0491,0x0c71,0x0430,0x0410,0x03f0,0x0410,0x03ef,0x0410,0x0410,0x0410,0x0410,
0x0410,0x0410,0x0410,0x0430,0x0451,0x0450,0x0491,0x04b1,0x0d12,0x04d1,0x0cf2,0x1552,0x1d72,0x0cf1,0x0491,0x0470,
0x0491,0x0471,0x0471,0x0450,0x0431,0x0430,0x0430,0x0430,0x0451,0x0471,0x0491,0x0491,0x04b2,0x04f2,0x0d33,0x04f2,
0x04f2,0x04d2,0x0d13,0x0d33,0x0d53,0x0d53,0x1594,0x1db3,0x3e34,0x3e14,0x2e15,0x15d4,0x0db4,0x0d53,0x0d33,0x0512,
0x04f2,0x04f2,0x04f2,0x04d1,0x04d2,0x04b2,0x04d2,0x04b1,0x04d2,0x04b1,0x04d2,0x04d2,0x04f2,0x04f2,0x0513,0x0532,
0x0d53,0x0d53,0x1573,0x0d32,0x1573,0x1593,0x1d94,0x1573,0x1573,0x1593,0x1d94,0x1db3,0x3635,0x3696,0x56d6,0x9798,
0xa7d9,0x5e74,0x1d53,0x0450,0x0c91,0x040f,0x03ce,0x03ef,0x040f,0x03ae,0x038e,0x03ce,0x0c30,0x0c0f,0x0bcf,0x032c,
0x0b4d,0x034d,0x034d,0x03ae,0x03cf,0x038e,0x036e,0x030c,0x02cc,0x028b,0x02ab,0x02cb,0x02ab,0x028a,0x026a,0x0229,
0x01e8,0x0228,0x0a49,0x0208,0x0208,0x330b,0x432b,0x6bed,0xce57,0xb5b3,0xbdb4,0xb5b3,0xad52,0x9d11,0x9531,0x848e,
0xb5b4,0x6c0c,0x8ccf,0xbdf3,0xc613,0xc5f2,0xbdf2,0xb5d1,0xad71,0xa551,0xadb1,0x6c48,0x6c68,0x6c47,0x6c87,0x5c08,
0x1a84,0x1aa3,0x3344,0x4404,0x2b61,0x2b63,0x4c83,0x6544,0x5464,0x1a22,0x09a2,0x11c2,0x1a43,0x2265,0x2aa4,0x4386,
0x2285,0x1a64,0x1a43,0x2ac3,0x3b63,0x7507,0x3b04,0x4345,0x6465,0x6446,0x32c5,0x3ac9,0x3ae9,0x3b0a,0x330b,0x32ca,
0x432b,0x7cd1,0x642d,0x53cd,0x4bad,0x432b,0x6c4d,0x84cf,0x74af,0x538c,0x2a88,0x32c8,0x11c5,0x0229,0x02cc,0x136e,
0x030d,0x028b,0x026b,0x024b,0x022a,0x024a,0x0229,0x022a,0x0249,0x02ab,0x028a,0x028a,0x026a,0x026a,0x026a,0x026a,
0x02aa,0x02cb,0x02ab,0x02cc,0x032c,0x0bce,0x0bef,0x1450,0x24d2,0x1471,0x03ae,0x0410,0x04b1,0x0cf2,0x0490,0x0cb1,
0x0490,0x0450,0x0430,0x0470,0x04b1,0x0cf2,0x0cb1,0x0471,0x040f,0x0410,0x03f0,0x0410,0x040f,0x0430,0x040f,0x0410,
0x040f,0x0410,0x0410,0x0430,0x0450,0x0471,0x0471,0x0cd2,0x0d12,0x1553,0x1d93,0x1d93,0x0d11,0x04b2,0x0471,0x0471,
0x0470,0x0471,0x0450,0x0451,0x0430,0x0450,0x0430,0x0451,0x0450,0x0451,0x0471,0x0491,0x0491,0x04d2,0x04b1,0x04b1,
0x0491,0x04b1,0x04d2,0x04f2,0x04d2,0x0d54,0x0d54,0x1593,0x25f3,0x4675,0x4655,0x2e35,0x15b3,0x0d93,0x0573,0x0553,
0x0512,0x0512,0x04f2,0x04f2,0x04d2,0x04d2,0x04d2,0x04d2,0x04d1,0x04d2,0x04d2,0x04f2,0x04f2,0x0512,0x0512,0x0d53,
0x0d73,0x0d73,0x0d73,0x1573,0x0d52,0x1553,0x0d31,0x0511,0x04f1,0x0512,0x0d33,0x1d94,0x1d93,0x25f4,0x3655,0x6ef6,
0x9735,0x86f5,0x5634,0x1cd1,0x042f,0x03ef,0x038d,0x03cf,0x03ee,0x03ae,0x036d,0x03ae,0x03ce,0x0bef,0x038e,0x034d,
0x030c,0x032d,0x034d,0x036d,0x038d,0x0b8e,0x036d,0x036e,0x034d,0x02ab,0x02aa,0x0aec,0x02cb,0x028a,0x028a,0x028a,
0x028a,0x02aa,0x0249,0x0229,0x0a48,0x4b4c,0x430b,0x5b8c,0x9d72,0x848f,0x848f,0xb593,0xb5f3,0x748e,0x7c8f,0xad72,
0x7c6e,0x6c0d,0x744d,0xa571,0xbdf3,0xbdd2,0xbdd1,0xbdb2,0xa571,0xad71,0xad92,0x846c,0x6427,0x7cc7,0x6c85,0x5c06,
0x22e5,0x3383,0x3bc3,0x5484,0x4c64,0x4c63,0x6da5,0x6503,0x2b22,0x22e3,0x2ac4,0x11c2,0x2244,0x2284,0x2a86,0x2245,
0x22a5,0x2284,0x2aa6,0x2aa5,0x2a85,0x2ae4,0x32c6,0x32a6,0x2aa4,0x2aa6,0x4b8c,0x434a,0x32c9,0x3b0a,0x432b,0x3b0b,
0x4b6d,0x538d,0x53cd,0x540e,0x5c0f,0x53ad,0x7cd0,0x6c2d,0x4b6a,0x32a8,0x2aa9,0x32a9,0x09a5,0x0269,0x02ab,0x6535,
0x23f1,0x02ab,0x02cc,0x02ab,0x02ec,0x030c,0x026b,0x026b,0x028b,0x02ab,0x0aec,0x02ec,0x030c,0x030c,0x030c,0x030c,
0x036d,0x036d,0x038e,0x036e,0x03ae,0x0c50,0x0c50,0x0410,0x040f,0x040f,0x0c91,0x0cb2,0x0cb1,0x040f,0x03f0,0x03cf,
0x03cf,0x03ef,0x0411,0x0410,0x0430,0x0430,0x0450,0x0471,0x14d2,0x0450,0x0451,0x0431,0x0430,0x040f,0x0430,0x040f,
0x0430,0x0410,0x0430,0x0430,0x0471,0x0470,0x0cb2,0x0d12,0x25b4,0x25b4,0x1d52,0x04d0,0x04d1,0x04d2,0x04b1,0x0470,
0x0491,0x0471,0x0471,0x0451,0x0451,0x0451,0x0471,0x0451,0x0471,0x0471,0x0492,0x0491,0x04b2,0x0491,0x04b2,0x0491,
0x0491,0x0491,0x0cd2,0x04d2,0x04f2,0x04f2,0x0d34,0x0d53,0x1db4,0x3e54,0x5ef6,0x5f17,0x46b7,0x2614,0x1df5,0x15b3,
0x1573,0x0552,0x0d33,0x0512,0x0513,0x04f2,0x0513,0x04f2,0x0513,0x04f2,0x04f3,0x04f3,0x0513,0x0512,0x0d73,0x0d94,
0x1594,0x0d73,0x1573,0x0d33,0x0d12,0x04f1,0x0cf2,0x04d1,0x0cf2,0x0d12,0x1554,0x0d53,0x1d93,0x1db3,0x3635,0x5eb5,
0x6ed3,0x5e72,0x5e73,0x3572,0x1cd2,0x044f,0x040f,0x03ef,0x03ef,0x03ef,0x0baf,0x03ae,0x03ae,0x032d,0x030d,0x02ec,
0x02ec,0x02ec,0x032d,0x038e,0x0bce,0x036c,0x034d,0x02ec,0x030d,0x02ec,0x0b0c,0x02cb,0x02ab,0x0b2c,0x0acb,0x028a,
0x02ab,0x0249,0x026a,0x024a,0x1aca,0x538c,0x4b2c,0x5b6c,0xbe34,0x84cf,0x9532,0x8d10,0x9531,0x8d10,0xadb3,0xbe35,
0x84af,0x84af,0x9d10,0xb5d3,0xad92,0xad91,0x9d2f,0x848b,0xa5d0,0x9d8f,0x84ac,0x7469,0x74c8,0x6ca5,0x74c6,0x6486,
0x33c4,0x4c64,0x3be2,0x3be3,0x33a3,0x2b41,0x5ce4,0x4c43,0x43e4,0x6505,0x5484,0x2283,0x11c4,0x1a24,0x2264,0x2265,
0x1a64,0x2285,0x2285,0x2aa5,0x2aa5,0x3306,0x2ac5,0x2aa6,0x32e8,0x4349,0x4b8b,0x32e9,0x32e9,0x32e9,0x2aa8,0x436b,
0x330a,0x4b4b,0x438c,0x5c4f,0x5bee,0x6c2e,0x7c8e,0x2a45,0x32a6,0x3288,0x2aa8,0x2247,0x01e7,0x0aec,0x0269,0xae79,
0x4514,0x032d,0x032c,0x032d,0x038e,0x1410,0x02cc,0x02ac,0x02ec,0x030d,0x030c,0x034d,0x034d,0x036e,0x034d,0x036e,
0x034d,0x034d,0x032d,0x032d,0x034d,0x038e,0x03ee,0x0471,0x0c91,0x1491,0x1491,0x0c70,0x03ce,0x03af,0x03af,0x03cf,
0x03af,0x03d0,0x03cf,0x03f0,0x03cf,0x03ef,0x03ef,0x0c71,0x1d32,0x1d53,0x04b1,0x0450,0x040f,0x0430,0x040f,0x0430,
0x0430,0x0450,0x0430,0x0450,0x0470,0x0491,0x04b1,0x1d93,0x25d4,0x1d73,0x0d31,0x0d11,0x0d11,0x0d12,0x04b1,0x04b1,
0x0490,0x0491,0x0471,0x0471,0x0471,0x0491,0x0471,0x0471,0x0471,0x0492,0x0491,0x04b2,0x04b1,0x04b1,0x04b1,0x04b1,
0x0471,0x04b1,0x04b1,0x04b2,0x04b1,0x04f2,0x04f2,0x0d53,0x1593,0x4675,0x6717,0x5717,0x2e55,0x2e56,0x2e76,0x2e76,
0x1db4,0x1593,0x0d53,0x0d53,0x0533,0x0533,0x0512,0x0533,0x0533,0x0533,0x0532,0x0533,0x0513,0x0d53,0x0d94,0x1dd5,
0x0d73,0x0552,0x0512,0x04f2,0x04d1,0x04d2,0x04d1,0x04f2,0x04f2,0x0d12,0x0512,0x0d32,0x1573,0x25d4,0x3e33,0x4e73,
0x3e33,0x2e14,0x1db2,0x0cd1,0x0450,0x0c70,0x0470,0x0c91,0x0450,0x0450,0x042f,0x03cf,0x038e,0x034d,0x02ec,0x02cc,
0x02ac,0x02cc,0x036d,0x0c30,0x1cd1,0x2d32,0x036c,0x02cc,0x02ab,0x02cc,0x02ec,0x02ab,0x026a,0x0aab,0x0229,0x0229,
0x026a,0x02cb,0x02ab,0x024a,0x1aa9,0x4b6b,0x4b6c,0x4b0a,0x9d72,0x9d72,0x84d0,0x744d,0x746e,0x84cf,0x84cf,0x9d52,
0x9d31,0xb5d3,0xa592,0x9d52,0x8ccf,0x9d51,0x84cd,0x53a8,0x856a,0x6cc5,0x6cc6,0x6cc6,0x7505,0x74e6,0x6485,0x5c45,
0x3be6,0x33a4,0x3c03,0x4424,0x4424,0x4424,0x3383,0x3362,0x64e5,0x6da4,0x75e5,0x5486,0x1a24,0x1a24,0x1a24,0x1224,
0x1a44,0x2265,0x2a86,0x2286,0x2aa6,0x2ac5,0x2ac5,0x4369,0x53ab,0x3b29,0x4b8c,0x3b2a,0x434b,0x3b0a,0x3b0a,0x436b,
0x436b,0x4b8a,0x53cc,0x434c,0x63ee,0x9572,0x5369,0x32a6,0x4b69,0x2a47,0x2a68,0x09c6,0x0aac,0x02ac,0x23af,0xb79e,
0x34d4,0x036d,0x038d,0x034d,0x1451,0x2d14,0x030d,0x034d,0x1410,0x1430,0x13f0,0x034e,0x034e,0x034d,0x034e,0x034d,
0x036e,0x038e,0x0b8e,0x038e,0x03cf,0x040f,0x0c91,0x0470,0x0430,0x03cf,0x03cf,0x03ae,0x03cf,0x038e,0x03af,0x03af,
0x03d0,0x03af,0x03d0,0x03cf,0x03f0,0x03cf,0x0410,0x0450,0x0c91,0x0cd1,0x1532,0x0cd0,0x0471,0x0450,0x0450,0x0450,
0x0471,0x0470,0x0471,0x0470,0x0470,0x0470,0x0cf2,0x1532,0x1512,0x04d1,0x0cd2,0x04b1,0x04f2,0x0cf2,0x1534,0x0d33,
0x1513,0x04f2,0x04b2,0x0491,0x0492,0x0491,0x0492,0x0471,0x0492,0x0492,0x0cd2,0x04b2,0x04b2,0x04b1,0x04d2,0x04b1,
0x0491,0x04b1,0x04b2,0x0491,0x04b2,0x04b2,0x0513,0x0d53,0x1594,0x3634,0x56d6,0x2e34,0x15d4,0x15b4,0x1dd4,0x1594,
0x1594,0x0d74,0x1594,0x1593,0x1594,0x0d73,0x0d53,0x0d73,0x15b4,0x15b4,0x0d73,0x0532,0x0533,0x0d53,0x15b4,0x0d93,
0x0533,0x04f2,0x0513,0x04d2,0x04d2,0x04d1,0x0d12,0x0512,0x0d12,0x04f2,0x0d12,0x0d32,0x1db4,0x25f4,0x3613,0x2dd2,
0x25b4,0x1d72,0x1db3,0x1511,0x0c30,0x03cf,0x040f,0x0430,0x0450,0x0cb1,0x1d74,0x0cb1,0x03ef,0x038e,0x036d,0x030c,
0x032d,0x036e,0x0c10,0x03ce,0x0c0f,0x1c90,0x0bef,0x02cc,0x02cc,0x02cc,0x02cc,0x02ab,0x0aac,0x026a,0x022a,0x024a,
0x02cb,0x02eb,0x02ab,0x0229,0x1a89,0x434b,0x53ad,0x4b6c,0x84d1,0x742e,0x6bee,0x6c0c,0x94f0,0x8cd0,0x8cd0,0x7c6e,
0x9531,0x746f,0x748f,0x7caf,0x8cd0,0x9531,0xadb3,0x7c8e,0x748a,0x5c45,0x53e5,0x5445,0x74e6,0x6cc6,0x6486,0x4bc5,
0x2323,0x33c4,0x4444,0x2b43,0x4463,0x6524,0x3bc3,0x43c3,0x4c62,0x5d04,0x3be2,0x22c4,0x1a65,0x1a24,0x1204,0x1a24,
0x1a44,0x2aa5,0x2286,0x2a87,0x2ac6,0x32e5,0x32c8,0x4b8c,0x436a,0x3b09,0x4b8c,0x4bad,0x434b,0x32ea,0x3b2a,0x4b8c,
0x3308,0x4388,0x438b,0x3aea,0x53cc,0x53ab,0x2a65,0x32a6,0x2a86,0x2227,0x0964,0x0209,0x02cc,0x028c,0x2c31,0x45b8,
0x034e,0x036d,0x034c,0x034d,0x03ae,0x0baf,0x030d,0x034d,0x038e,0x03cf,0x03af,0x038f,0x034d,0x034d,0x034d,0x034d,
0x034d,0x038e,0x03ae,0x03ef,0x040f,0x0c91,0x044f,0x040f,0x03ce,0x038e,0x038e,0x03af,0x038e,0x038e,0x038f,0x03af,
0x03af,0x03af,0x03af,0x03d0,0x03cf,0x03ef,0x040f,0x0430,0x0430,0x0451,0x04b1,0x1512,0x04b1,0x0491,0x0470,0x0491,
0x0470,0x0491,0x0470,0x0490,0x0cf1,0x1553,0x0cd2,0x04b1,0x0491,0x0492,0x0471,0x0491,0x04b1,0x04d2,0x04f2,0x0d33,
0x0d53,0x0d33,0x04f2,0x04d2,0x04b1,0x04b2,0x04b1,0x04b2,0x0491,0x04b2,0x04b2,0x04d2,0x04b1,0x04b2,0x04b1,0x04b2,
0x0491,0x04b2,0x0491,0x0491,0x04b1,0x04d2,0x04f2,0x0d53,0x0d94,0x2e34,0x3634,0x2df4,0x0d94,0x0d94,0x0553,0x0553,
0x0533,0x0533,0x0553,0x1593,0x0d93,0x0d73,0x0d73,0x15b4,0x15b4,0x1594,0x0532,0x0512,0x0532,0x0d53,0x0d73,0x0d53,
0x0512,0x04f3,0x04f3,0x04f3,0x04d1,0x0512,0x0532,0x04f2,0x04d1,0x04f2,0x04f2,0x0d53,0x1db3,0x2e33,0x25f3,0x1d73,
0x1d52,0x1552,0x0d32,0x0cf2,0x0470,0x0430,0x03ef,0x03f0,0x03ee,0x0430,0x0cb1,0x0cd1,0x04b0,0x1d33,0x2533,0x0c50,
0x042f,0x0c91,0x0430,0x038e,0x036d,0x038e,0x038d,0x030c,0x02cc,0x02ec,0x02ec,0x02cc,0x028b,0x028b,0x026a,0x02ab,
0x02cb,0x02eb,0x026a,0x022a,0x2289,0x4bac,0x53cd,0x5bee,0x640e,0x63ad,0x9512,0x9d31,0x9d31,0xa552,0x63ed,0x4bad,
0x74b0,0x5bed,0x748f,0x7cb0,0x7caf,0x8cf1,0xa592,0xa571,0x740c,0x3b07,0x2283,0x53c6,0x6ca6,0x64a6,0x5405,0x3b65,
0x0a02,0x2303,0x2b05,0x0182,0x3bc4,0x5d03,0x5ce4,0x75a5,0x6d65,0x54a4,0x6d86,0x4443,0x1203,0x09a5,0x2226,0x1a25,
0x2aa7,0x4388,0x2aa6,0x1a45,0x3305,0x3b25,0x3ae9,0x436a,0x32e7,0x436b,0x538e,0x4bad,0x4b6c,0x3b0a,0x4b8c,0x4bac,
0x3b28,0x2ac5,0x2aa6,0x1a05,0x32a8,0x32c8,0x32a7,0x2a86,0x2226,0x0964,0x0965,0x0249,0x02ab,0x0aed,0x3cf5,0x030d,
0x034e,0x034d,0x034d,0x032c,0x032d,0x030c,0x030d,0x02ec,0x030d,0x034d,0x0baf,0x03ae,0x036e,0x032d,0x032d,0x034d,
0x036e,0x038d,0x03ce,0x042f,0x14b1,0x0470,0x040f,0x03ef,0x03cf,0x03ae,0x03ef,0x03af,0x036e,0x036e,0x038f,0x03af,
0x03d0,0x03af,0x03d0,0x03af,0x03d0,0x03cf,0x0410,0x0410,0x0431,0x0450,0x0491,0x04d1,0x1511,0x0d12,0x1553,0x1532,
0x0d12,0x0cf1,0x1533,0x25b3,0x25d3,0x0d11,0x0cd2,0x0491,0x04b2,0x0491,0x0471,0x0471,0x04b1,0x04b1,0x04d2,0x04d1,
0x04f2,0x0512,0x0d53,0x0d33,0x0d33,0x04f2,0x04f3,0x04f3,0x0cf3,0x04d2,0x0cf3,0x04d2,0x0cf2,0x04d2,0x04d2,0x04b1,
0x04d2,0x04b2,0x04b2,0x04b1,0x04d2,0x04d2,0x0d13,0x0d53,0x1df5,0x1df4,0x25f4,0x25d4,0x15b4,0x0d74,0x0d94,0x0553,
0x0554,0x0553,0x0d74,0x15b4,0x1df5,0x0d94,0x0d94,0x0d73,0x0d94,0x0d73,0x0d73,0x0553,0x0d74,0x0d73,0x0d74,0x0553,
0x0d53,0x0513,0x0513,0x0512,0x0533,0x0d73,0x0d53,0x04d1,0x04d2,0x04f2,0x0d33,0x1db3,0x3654,0x3654,0x25f4,0x1552,
0x1553,0x0d53,0x0cf2,0x0491,0x0cb2,0x0450,0x0430,0x0410,0x03f0,0x03ef,0x03f0,0x03ae,0x03cf,0x0c70,0x1cf3,0x0c30,
0x03ef,0x040f,0x0bf0,0x03af,0x03ae,0x036d,0x034d,0x034d,0x032d,0x02cb,0x02cc,0x02cb,0x02ec,0x02ab,0x02ac,0x02ab,
0x0b0c,0x030b,0x02cc,0x12ab,0x2a69,0x4bab,0x53ec,0x5c0f,0x4b6c,0x430a,0x9531,0xa592,0x9d52,0x8d10,0x6c70,0x53ce,
0x6c4f,0x5bed,0x748f,0x6c4f,0x748f,0x7cb0,0xadf2,0x9d50,0x742e,0x4bc7,0x5407,0x5405,0x53c5,0x5c65,0x5445,0x3ba5,
0x1282,0x22e3,0x12c2,0x01e3,0x1201,0x4405,0x3383,0x6d66,0x7e05,0x4c64,0x4cc4,0x6d84,0x3bc4,0x1224,0x1205,0x2246,
0x1a66,0x2265,0x1a44,0x2285,0x2264,0x32a7,0x2a87,0x2ac5,0x22a4,0x32e9,0x432d,0x53cd,0x53cd,0x538d,0x4b8c,0x53cd,
0x436a,0x3b08,0x1a25,0x2a67,0x2aa7,0x32a7,0x32c7,0x32c8,0x11e5,0x0144,0x01c6,0x4472,0x0209,0x4473,0x1b4e,0x026a,
0x034d,0x034d,0x030c,0x032c,0x02eb,0x02ec,0x02ec,0x02ec,0x02ec,0x034d,0x038e,0x03ae,0x036d,0x032d,0x032d,0x038e,
0x03cf,0x040f,0x042f,0x0c90,0x0470,0x03ef,0x03ce,0x03ef,0x03cf,0x03ef,0x040f,0x03ef,0x036e,0x03af,0x03af,0x03af,
0x03af,0x03af,0x03af,0x03af,0x03af,0x03cf,0x03cf,0x0410,0x0410,0x0430,0x0450,0x04b1,0x0cf1,0x1532,0x25d3,0x3634,
0x25d2,0x25b3,0x25d3,0x1d93,0x04d0,0x04b1,0x04b1,0x04b2,0x0491,0x0491,0x0470,0x0471,0x0470,0x0491,0x04b1,0x04d2,
0x04d1,0x04f2,0x0532,0x0d53,0x1593,0x15b3,0x0d72,0x0d53,0x0d13,0x0d13,0x04f2,0x04f3,0x04d2,0x04d2,0x04b1,0x04d2,
0x04b1,0x04d2,0x04b1,0x04d2,0x04b1,0x04f2,0x0d32,0x1db4,0x15d4,0x0d93,0x0d72,0x15b4,0x1593,0x1594,0x0573,0x0d94,
0x0d73,0x0d94,0x15b4,0x15f5,0x0d94,0x0d74,0x0532,0x0553,0x0553,0x0d74,0x0573,0x0d74,0x0574,0x0d94,0x0d93,0x0d94,
0x0d73,0x0d53,0x0532,0x0d53,0x0d73,0x0d73,0x0511,0x04f2,0x0512,0x0d33,0x1d93,0x3653,0x3e53,0x3614,0x1d92,0x1552,
0x0d32,0x0d13,0x0490,0x0450,0x0430,0x0410,0x03ef,0x03f0,0x03ef,0x03f0,0x038e,0x036e,0x034e,0x036e,0x034d,0x030d,
0x032d,0x036e,0x036d,0x034e,0x032d,0x032d,0x032c,0x032c,0x02eb,0x02cc,0x02ab,0x02ab,0x13f0,0x02ec,0x02ab,0x02ec,
0x030b,0x0b4c,0x02cb,0x122a,0x11a6,0x4b6b,0x4b8b,0x538d,0x432b,0x2a68,0x2aa8,0x4b4a,0x6c2d,0x7cb0,0x4bad,0x3b2b,
0x53ee,0x5bee,0x644f,0x6c70,0x7cae,0x8cf0,0x8d2e,0x7ccd,0x5409,0x64a8,0x53e5,0x4367,0x4327,0x4be6,0x4c05,0x4385,
0x2303,0x22e3,0x22e3,0x09c1,0x09a3,0x1ac3,0x22a3,0x3b83,0x75a5,0x5ce6,0x2b64,0x54a5,0x5cc5,0x3365,0x1a46,0x1a45,
0x1a46,0x2ae4,0x3b45,0x2285,0x32c7,0x434b,0x3ae9,0x2285,0x436b,0x4b8c,0x4b8c,0x434a,0x4b4b,0x5bcd,0x4b6b,0x432a,
0x4b6b,0x3b2a,0x19e5,0x2aa8,0x32c8,0x32a7,0x32e8,0x32a8,0x1a06,0x0103,0x4c10,0x3bf1,0x0a2a,0x2bb0,0x020a,0x02cc,
0x034e,0x032c,0x032c,0x030c,0x030c,0x02ec,0x02ec,0x02ec,0x030d,0x032d,0x036e,0x038e,0x0bcf,0x034d,0x036e,0x038e,
0x03cf,0x03ef,0x0c90,0x0c90,0x044f,0x040f,0x0430,0x0410,0x03f0,0x03ef,0x0410,0x03ef,0x03cf,0x03cf,0x03d0,0x03af,
0x03b0,0x03af,0x03d0,0x03cf,0x03d0,0x03cf,0x03f0,0x03f0,0x0411,0x0410,0x0471,0x0491,0x0cf2,0x04d1,0x1531,0x25b1,
0x25b2,0x1d92,0x1552,0x04f1,0x0cd2,0x04b2,0x04d2,0x04b1,0x0491,0x0471,0x0471,0x0451,0x0471,0x0491,0x04b1,0x04b1,
0x04f2,0x04f2,0x0d12,0x0512,0x1593,0x15b3,0x1db3,0x1593,0x1594,0x1573,0x0d53,0x0512,0x04f3,0x04f2,0x04f2,0x04d2,
0x04d2,0x04d2,0x04f2,0x04d2,0x04f2,0x0513,0x1594,0x1dd4,0x0d94,0x0553,0x0574,0x0d94,0x1db4,0x15b4,0x15d4,0x15d4,
0x2636,0x1e15,0x1df5,0x0d74,0x0554,0x0533,0x0533,0x0513,0x0534,0x0513,0x0534,0x0554,0x0d74,0x0d94,0x15b4,0x0d93,
0x15b4,0x1593,0x15b3,0x15b3,0x15b4,0x0d73,0x0532,0x0532,0x0d73,0x1573,0x2df4,0x25f3,0x1d92,0x1552,0x1552,0x0d32,
0x1533,0x0cd2,0x0471,0x0410,0x0410,0x0410,0x0410,0x03ef,0x03d0,0x03af,0x038f,0x036e,0x036e,0x036e,0x038e,0x032d,
0x032e,0x032d,0x032d,0x02ec,0x02ed,0x02ec,0x030c,0x02cb,0x02cc,0x02ac,0x02cc,0x028a,0x1c93,0x036d,0x030c,0x02ec,
0x0b2c,0x0b2b,0x02ab,0x09e9,0x19c7,0x430a,0x5bcd,0x3aeb,0x4b4d,0x2a88,0x2aa9,0x2247,0x32a8,0x6c6d,0x53cc,0x4b8b,
0x640e,0x6c6f,0x7cb1,0x84f0,0x9550,0x84cf,0x7c8f,0x6c6d,0x644b,0x4bc7,0x53ca,0x6c4e,0x74b0,0x4b88,0x4ba6,0x4be6,
0x22e3,0x1222,0x0161,0x0941,0x0141,0x22a4,0x1223,0x1243,0x2b62,0x33a5,0x01a2,0x1a44,0x22a4,0x1a66,0x1a45,0x1a46,
0x1223,0x5c86,0x5446,0x2286,0x3b29,0x4b8c,0x4b6c,0x4b8c,0x4bac,0x4b8d,0x434a,0x434a,0x4b6b,0x4b6b,0x3b09,0x3b08,
0x32e7,0x2246,0x19e5,0x3289,0x32c9,0x32e8,0x2aa6,0x3247,0x0124,0x2a8a,0x7dd7,0x020a,0x0a4b,0x026b,0x026b,0x02ed,
0x030d,0x030c,0x02eb,0x032d,0x034d,0x032d,0x030c,0x032d,0x034d,0x034e,0x034d,0x038e,0x03cf,0x03ae,0x03ae,0x03ee,
0x042f,0x14b0,0x0cd0,0x0cd1,0x0470,0x0450,0x0450,0x0c71,0x0450,0x0c92,0x0c91,0x0430,0x03ee,0x03cf,0x03af,0x03af,
0x03af,0x03cf,0x03cf,0x03cf,0x03cf,0x03d0,0x03d0,0x03f0,0x0410,0x0430,0x0450,0x0491,0x0470,0x0491,0x04d1,0x2592,
0x1d92,0x1532,0x04f2,0x0d33,0x0d12,0x04f2,0x04d1,0x04b2,0x0470,0x0471,0x0451,0x0491,0x0491,0x04d2,0x04d2,0x04f2,
0x04f2,0x0d33,0x0532,0x0d33,0x0533,0x0d73,0x0d73,0x1594,0x15b3,0x25f4,0x15b4,0x0d53,0x0512,0x0512,0x04f2,0x0512,
0x04f2,0x0512,0x04f2,0x04f3,0x04f2,0x0d53,0x0d73,0x0d53,0x0552,0x0573,0x0574,0x0db4,0x1dd3,0x2df4,0x2656,0x2e97,
0x2676,0x1e36,0x0d93,0x0573,0x0533,0x0533,0x0533,0x0533,0x0513,0x0513,0x0513,0x0554,0x0553,0x0553,0x0552,0x0d94,
0x0d93,0x15b4,0x15b4,0x1df4,0x1df3,0x15b4,0x0553,0x0d93,0x1573,0x1552,0x0d11,0x0cf1,0x04f1,0x0d12,0x0d12,0x1532,
0x0d11,0x04d1,0x0450,0x0430,0x03ef,0x03ef,0x03ef,0x03cf,0x03ae,0x03af,0x038e,0x038f,0x038e,0x03af,0x038e,0x036e,
0x032d,0x030d,0x02ec,0x02ec,0x02cb,0x02ec,0x030d,0x032d,0x02cc,0x02cc,0x02cc,0x02ab,0x4df7,0x2cd3,0x02eb,0x032c,
0x032b,0x02cb,0x028b,0x0a4a,0x11c6,0x430a,0x53cd,0x430b,0x3b0b,0x32ca,0x2247,0x3aea,0x2a88,0x4349,0x8d71,0x9551,
0x9530,0x9d72,0x9d92,0xadd3,0x748d,0x6c4e,0x6c2e,0x6c6e,0x646c,0x5c0a,0x6c8d,0x6c8e,0x6c6e,0x642d,0x4ba8,0x4b87,
0x2b04,0x1ac3,0x22e4,0x22e4,0x09c2,0x09a4,0x11a5,0x0964,0x09e4,0x1a65,0x09c4,0x11e5,0x1a25,0x1206,0x2247,0x1a45,
0x3b67,0x3b65,0x3324,0x3b28,0x434b,0x4bac,0x4b8c,0x4b4c,0x432b,0x436b,0x4bac,0x4b8b,0x434a,0x32e7,0x2aa6,0x2a65,
0x2245,0x11a4,0x32a9,0x2a48,0x3268,0x2a66,0x2a87,0x11e7,0x224a,0xbefc,0x2bf0,0x1b2e,0x3431,0x028b,0x0aac,0x02ec,
0x02ec,0x028b,0x02cc,0x038e,0x034d,0x034d,0x0b8e,0x03ef,0x0c10,0x03cf,0x03cf,0x03ae,0x03ef,0x03ee,0x0450,0x1d32,
0x35d4,0x1532,0x0cf1,0x0490,0x0470,0x042f,0x0450,0x0470,0x0cb1,0x14f2,0x0cb2,0x0430,0x0430,0x040f,0x03f0,0x03cf,
0x03cf,0x03cf,0x03f0,0x03cf,0x03f0,0x03f0,0x0410,0x0410,0x0430,0x0430,0x0471,0x0470,0x0491,0x0491,0x1532,0x25b2,
0x1d93,0x0512,0x0d13,0x0d12,0x0d33,0x04f2,0x0cd2,0x04b1,0x04b1,0x0491,0x04b2,0x04b2,0x04d3,0x04d2,0x04f3,0x04f3,
0x0d13,0x0513,0x0533,0x0513,0x0d53,0x0553,0x0d74,0x0d73,0x15b3,0x1dd4,0x1db4,0x1594,0x1594,0x0d53,0x0d53,0x0533,
0x0533,0x0512,0x0513,0x0533,0x15b4,0x15d4,0x0d73,0x0553,0x0553,0x0573,0x0d94,0x0d94,0x3656,0x56d7,0x46f8,0x2e97,
0x2636,0x1614,0x0dd4,0x0573,0x0574,0x0553,0x0554,0x0533,0x0533,0x0513,0x0554,0x0553,0x0d73,0x0553,0x0d53,0x0553,
0x0573,0x0573,0x1594,0x25f5,0x2e55,0x1dd3,0x1db4,0x15b3,0x1572,0x04f1,0x04d2,0x04b1,0x0cf2,0x04d1,0x0cd1,0x0cf2,
0x1533,0x0cf2,0x0491,0x040f,0x0410,0x03ef,0x03cf,0x03cf,0x03cf,0x03af,0x03af,0x038f,0x1431,0x03af,0x038f,0x038e,
0x03af,0x036e,0x032d,0x030c,0x030d,0x02ec,0x036e,0x036e,0x032d,0x030c,0x032d,0x02ab,0x769a,0x4596,0x02ec,0x030b,
0x02cb,0x028b,0x0acc,0x028a,0x09a6,0x2a47,0x53cd,0x434c,0x3aeb,0x430b,0x32a9,0x3b0a,0x3b0b,0x32a7,0x6c8d,0x6c8e,
0x74af,0x7ccf,0x8d31,0x84cf,0x6c6e,0x642e,0x5bcd,0x53ab,0x53cb,0x4baa,0x53cb,0x748f,0x74b0,0x5c2c,0x53e9,0x32c6,
0x2303,0x2344,0x2322,0x22c4,0x1a45,0x11a5,0x11a3,0x11a3,0x0163,0x11e4,0x1243,0x1a83,0x2ae4,0x2ac6,0x1a25,0x2266,
0x2aa7,0x2267,0x2ac5,0x3b45,0x32e8,0x4b8c,0x4b8c,0x4b6b,0x436b,0x4b8b,0x3b49,0x32c7,0x2265,0x2a86,0x2264,0x2244,
0x11a4,0x11c5,0x2227,0x1a27,0x19c5,0x3248,0x1a27,0x22ac,0xb6dc,0xd79e,0x6535,0x5d35,0x02cc,0x02cc,0x02ab,0x02eb,
0x028a,0x02ab,0x036d,0x034d,0x028b,0x02cc,0x030c,0x038e,0x03ce,0x0c50,0x042f,0x044f,0x14d0,0x1d11,0x2592,0x4675,
0x1d72,0x04b0,0x0450,0x0450,0x040f,0x0410,0x040f,0x042f,0x042f,0x0450,0x044f,0x0450,0x040f,0x0430,0x0430,0x0410,
0x03ef,0x03cf,0x03cf,0x03ef,0x03cf,0x03f0,0x03ef,0x0410,0x0410,0x0451,0x0470,0x0490,0x0491,0x0cf2,0x1d92,0x25d3,
0x0d32,0x04f2,0x04d2,0x0512,0x04f2,0x04f2,0x04b1,0x04d2,0x04b1,0x0cd2,0x04d2,0x04f3,0x04f2,0x04f3,0x04f2,0x0513,
0x0513,0x0513,0x0513,0x0513,0x0533,0x0d53,0x0553,0x0d73,0x0d93,0x15b4,0x0d93,0x1594,0x1594,0x1594,0x0d53,0x0d53,
0x0533,0x0553,0x0553,0x15b4,0x1df5,0x15b4,0x0573,0x0d94,0x0d93,0x0d94,0x0593,0x15b3,0x3e75,0x6f58,0x5f57,0x3ed7,
0x2656,0x1e56,0x0df4,0x0dd5,0x0d94,0x0d74,0x0553,0x0554,0x0533,0x0533,0x0533,0x0574,0x0d73,0x1594,0x0d73,0x0573,
0x0553,0x0d73,0x0573,0x1df4,0x3675,0x46b6,0x2e34,0x1592,0x0511,0x0512,0x04d1,0x04d1,0x04b0,0x0491,0x04b0,0x0cd1,
0x0cf1,0x0cf2,0x0470,0x0410,0x03cf,0x03cf,0x03ae,0x03cf,0x03af,0x03af,0x038e,0x038f,0x03af,0x03af,0x038e,0x03ae,
0x03ce,0x03cf,0x03ae,0x03ae,0x036d,0x034d,0x034d,0x036e,0x032d,0x032d,0x032d,0x034d,0x24d2,0x4555,0x0269,0x02cb,
0x028a,0x02ab,0x026a,0x02aa,0x01c7,0x19c6,0x436a,0x3b0a,0x3289,0x432c,0x32a9,0x3b0a,0x432b,0x3b09,0x43c9,0x648f,
0x6cb0,0x74b0,0x7cd0,0x7cb0,0x648f,0x642e,0x5c0d,0x53cd,0x53cc,0x642e,0x4bab,0x6c4e,0x74d0,0x646d,0x4ba8,0x4349,
0x22e4,0x2344,0x22e3,0x0122,0x11c4,0x1204,0x2284,0x2ae4,0x2264,0x11e3,0x1a25,0x1244,0x3b85,0x4c26,0x2ac5,0x1205,
0x1a27,0x2a87,0x2aa8,0x2aa5,0x32a8,0x2a88,0x3b09,0x3ae9,0x32e8,0x2ac6,0x3b49,0x32e7,0x3ae8,0x4349,0x3b28,0x2265,
0x1184,0x11a5,0x11a5,0x09c6,0x1a08,0x1a09,0x0a2a,0xb69b,0xdfff,0xc77d,0x7db7,0x02eb,0x034d,0x032c,0x0b6d,0x0b6c,
0x0b0c,0x02ec,0x0b4d,0x02ec,0x02cc,0x02ec,0x038e,0x03ae,0x0c0f,0x0c4f,0x0c70,0x0c4f,0x14d1,0x2531,0x35d3,0x2572,
0x0490,0x0471,0x0450,0x042f,0x0410,0x0410,0x0410,0x03ef,0x0410,0x0430,0x0430,0x040f,0x0430,0x0450,0x0471,0x0450,
0x0430,0x03f0,0x03f0,0x03ef,0x0410,0x0410,0x0430,0x0430,0x0451,0x0471,0x04b1,0x0491,0x04d2,0x0d52,0x25f3,0x1db2,
0x0d32,0x04d2,0x04f3,0x0512,0x0512,0x04f2,0x0d13,0x0513,0x0d13,0x0cf3,0x0d13,0x0513,0x0513,0x0513,0x0d33,0x0513,
0x0533,0x0513,0x0513,0x0513,0x0d34,0x0553,0x0d74,0x0d74,0x15b5,0x1df5,0x1df5,0x15b4,0x15b4,0x15b4,0x1dd4,0x0d94,
0x0d94,0x0d94,0x1df5,0x2615,0x1df5,0x0db3,0x0d94,0x0593,0x0d94,0x0d73,0x1db3,0x3654,0x4e95,0x5695,0x6f17,0x6f58,
0x5738,0x36b7,0x2e97,0x1e16,0x1df6,0x15d6,0x0db5,0x0594,0x0d75,0x0554,0x0574,0x0573,0x15d4,0x15f5,0x1df5,0x15b4,
0x15b5,0x15d4,0x1df5,0x1e14,0x46b5,0x5f15,0x3634,0x1593,0x1574,0x0d32,0x04f2,0x04b1,0x04b1,0x04b1,0x0cf2,0x04b1,
0x0491,0x0491,0x0c71,0x0410,0x03ef,0x03cf,0x03cf,0x03af,0x03cf,0x03af,0x03af,0x038e,0x03af,0x03af,0x03af,0x03cf,
0x0450,0x0471,0x0cb1,0x0470,0x0450,0x03ef,0x03cf,0x03ae,0x038e,0x034d,0x036e,0x034d,0x0b6e,0x2c72,0x028b,0x028a,
0x02ab,0x0a8b,0x028a,0x0249,0x1249,0x0964,0x3288,0x32a8,0x32a9,0x434c,0x3aea,0x32c9,0x432c,0x432a,0x4389,0x438b,
0x74d0,0x74d0,0x8511,0x7cd0,0x642e,0x53ed,0x646f,0x5c2e,0x644f,0x6c70,0x6c90,0x53ac,0x6c8f,0x74b0,0x5c0e,0x436b,
0x0162,0x1283,0x09c2,0x00a2,0x0162,0x22c4,0x1ac3,0x2b24,0x2b24,0x22a5,0x1204,0x11e6,0x1a45,0x1a44,0x09a4,0x09a4,
0x11e5,0x1a26,0x2267,0x2267,0x1a26,0x1a25,0x1a25,0x2265,0x2265,0x2aa5,0x3306,0x436a,0x4bab,0x4b6b,0x3b29,0x2a67,
0x0123,0x0186,0x01e8,0x124a,0x0187,0x230d,0x9efc,0xc7df,0xbf5d,0x54d3,0x02cb,0x0b4d,0x0bad,0x13cd,0x13ed,0x13ed,
0x0bee,0x0bce,0x036c,0x038d,0x038d,0x140f,0x0c4f,0x040f,0x03ce,0x03ee,0x03ee,0x040f,0x040e,0x042f,0x0c8f,0x1cf1,
0x0490,0x0451,0x0430,0x0430,0x040f,0x040f,0x03cf,0x03af,0x03ae,0x03cf,0x03cf,0x03f0,0x0410,0x0451,0x0450,0x0451,
0x0450,0x0430,0x0410,0x0430,0x0410,0x0450,0x0430,0x0471,0x0470,0x0491,0x04b1,0x04f2,0x0533,0x1df4,0x2e14,0x15b3,
0x0512,0x04f3,0x0513,0x0d33,0x0512,0x0d33,0x0533,0x0d33,0x0512,0x0513,0x0513,0x0513,0x0512,0x0513,0x0513,0x0513,
0x0512,0x0513,0x0513,0x0533,0x0533,0x0553,0x0573,0x0d94,0x0d94,0x15d5,0x15d5,0x15d5,0x15b4,0x15b4,0x1df4,0x3655,
0x3674,0x2e76,0x3655,0x2e55,0x0df4,0x0db4,0x0d93,0x0d93,0x15b3,0x2e35,0x3675,0x3674,0x25f3,0x1db4,0x25d4,0x3e35,
0x4e95,0x5eb6,0x56f7,0x56f8,0x3e96,0x2e76,0x2635,0x1e16,0x15d5,0x0db4,0x15d4,0x1e16,0x1e15,0x1e36,0x1616,0x1616,
0x1615,0x1e55,0x2675,0x3e96,0x3e94,0x3e94,0x25f2,0x1573,0x0d32,0x0d12,0x04b0,0x04b1,0x04d1,0x04d1,0x0490,0x0450,
0x040f,0x0430,0x0430,0x0430,0x040f,0x040f,0x03cf,0x03cf,0x03ae,0x03cf,0x03ae,0x038f,0x038e,0x03cf,0x03cf,0x0410,
0x0471,0x0492,0x04b1,0x04b1,0x044f,0x044f,0x03ce,0x038e,0x032c,0x032d,0x030c,0x030c,0x02cb,0x13d0,0x02ec,0x026a,
0x026a,0x026a,0x028a,0x026a,0x01e7,0x0a28,0x1185,0x2a47,0x2a68,0x432b,0x2a68,0x2a69,0x432b,0x434b,0x436a,0x436b,
0x53cb,0x8511,0x7cf0,0x746e,0x5c2b,0x6c6c,0x646d,0x6c6f,0x6c70,0x6c70,0x642f,0x4b6c,0x5c0d,0x646e,0x438a,0x4ba9,
0x1a43,0x1223,0x1a05,0x00c2,0x11c3,0x2303,0x2324,0x22e3,0x3384,0x2b43,0x2ae5,0x1a65,0x1a46,0x11e6,0x1a06,0x09a4,
0x11a4,0x1a06,0x2267,0x2246,0x2a66,0x1a44,0x2265,0x2285,0x2264,0x2284,0x3b06,0x3b47,0x32e8,0x1a05,0x19c4,0x0943,
0x0104,0x09a7,0x01c9,0x0209,0x4c73,0x865a,0x4c73,0x3431,0x4d34,0x032b,0x0b8d,0x13ad,0x13ee,0x13cd,0x13cd,0x0bad,
0x142f,0x0c2e,0x142e,0x0c0d,0x142e,0x142e,0x0bee,0x038d,0x034d,0x034c,0x03ce,0x03ef,0x0430,0x042f,0x0c4f,0x14d1,
0x14d1,0x042f,0x0450,0x0430,0x0430,0x03ef,0x03cf,0x03ae,0x03af,0x03ae,0x03af,0x03af,0x03f0,0x03f0,0x0430,0x0430,
0x0451,0x0451,0x0c71,0x0471,0x0471,0x0470,0x0491,0x0491,0x04d2,0x04b1,0x0cf2,0x1573,0x1df4,0x3614,0x3615,0x0d73,
0x0d33,0x0513,0x0d34,0x0532,0x0d53,0x0d53,0x0d53,0x0513,0x0d13,0x0512,0x0513,0x0513,0x0513,0x0513,0x0513,0x0513,
0x0533,0x0513,0x0533,0x0533,0x0d54,0x0553,0x0d74,0x0d74,0x0d94,0x0d94,0x15b4,0x0db4,0x15d5,0x15d4,0x2615,0x4676,
0x56d6,0x3e95,0x56d5,0x66f6,0x4eb5,0x2e34,0x2615,0x1df4,0x3eb6,0x3eb5,0x2614,0x0d73,0x0574,0x0593,0x0d94,0x0d73,
0x0d94,0x1db3,0x3615,0x4655,0x4eb6,0x46b6,0x3eb7,0x2e56,0x2e56,0x2e55,0x2e55,0x3675,0x3eb7,0x36b6,0x36b6,0x3696,
0x4f17,0x5f37,0x4ef7,0x3675,0x2e35,0x2634,0x2e14,0x1593,0x0d53,0x0511,0x0cf2,0x0d12,0x0d13,0x04b1,0x0471,0x0430,
0x0430,0x0430,0x0431,0x0430,0x0451,0x0410,0x0410,0x03cf,0x03cf,0x03af,0x03af,0x038f,0x03af,0x03cf,0x0410,0x0410,
0x0430,0x03cf,0x03ef,0x03ef,0x03ef,0x03ce,0x03ae,0x03ae,0x0b8e,0x036d,0x0b8d,0x036d,0x036c,0x0b6d,0x136e,0x02eb,
0x0b0c,0x02aa,0x02ab,0x028a,0x0209,0x0a4b,0x09c8,0x1144,0x2a27,0x2a88,0x2a47,0x32a9,0x4b6c,0x434b,0x436b,0x53cd,
0x434a,0x53ab,0x7490,0x6c6e,0x7cce,0x74cc,0x74ce,0x6c70,0x6c90,0x6caf,0x7490,0x642e,0x5bed,0x4bab,0x3b46,0x3b66,
0x22c4,0x22a4,0x1a64,0x0942,0x2284,0x2b43,0x1ae4,0x09e4,0x2b04,0x3344,0x2b44,0x2b45,0x1a45,0x1a27,0x1a26,0x19e6,
0x0964,0x2226,0x2266,0x2a86,0x2266,0x2265,0x2265,0x2aa6,0x2aa5,0x2aa7,0x3307,0x2aa7,0x2227,0x19c6,0x11a5,0x1208,
0x1208,0x0126,0x1aab,0x5d35,0x4473,0x022a,0x01c8,0x0b0c,0x0bad,0x0bcd,0x038c,0x0bcd,0x0b8c,0x0b8c,0x1c2e,0x2470,
0x038d,0x0bee,0x0bed,0x13ee,0x0bee,0x140e,0x0bcd,0x03ad,0x038d,0x038e,0x03ae,0x03ce,0x03f0,0x0430,0x0c70,0x0c90,
0x0cf1,0x1511,0x0470,0x0450,0x0430,0x040f,0x03ce,0x03cf,0x03ae,0x03cf,0x03ae,0x03cf,0x03cf,0x03f0,0x03ef,0x0410,
0x0430,0x0451,0x0471,0x04b2,0x04b1,0x04b1,0x04d1,0x04f2,0x04d1,0x0d12,0x0d32,0x1db4,0x3613,0x3e54,0x15b3,0x0d53,
0x0533,0x0d54,0x0553,0x0d53,0x0d53,0x0d53,0x0532,0x0513,0x0512,0x0513,0x0512,0x0513,0x0513,0x0513,0x0512,0x0513,
0x0513,0x0533,0x0513,0x0554,0x0554,0x0d54,0x0554,0x0d74,0x0574,0x0d94,0x0d94,0x0d94,0x0db4,0x15f5,0x1e15,0x3676,
0x3675,0x3696,0x5ef6,0x8fb7,0x7f57,0x4695,0x1df4,0x15d4,0x1dd4,0x15b4,0x0532,0x0533,0x0533,0x0553,0x0533,0x0553,
0x0533,0x0574,0x0573,0x0d93,0x0d93,0x15b4,0x0d93,0x15b4,0x1d93,0x25d3,0x2613,0x46b5,0x56f6,0x6716,0x5ef6,0x7f57,
0x8fb7,0x7f77,0x3e75,0x1df4,0x0db4,0x15d4,0x1df3,0x25f4,0x1db3,0x1573,0x0d73,0x1553,0x04b1,0x0471,0x0450,0x0451,
0x0430,0x0451,0x0430,0x0431,0x0430,0x0430,0x03ef,0x0410,0x03ef,0x0410,0x03cf,0x03cf,0x03af,0x03f0,0x040f,0x03cf,
0x038e,0x036e,0x036d,0x036d,0x036d,0x03ae,0x03ad,0x03ad,0x03ad,0x0bad,0x03ac,0x0bad,0x0bac,0x0b8d,0x038d,0x032c,
0x032b,0x0b2c,0x02eb,0x028a,0x0229,0x0209,0x0229,0x11a7,0x19e7,0x1a06,0x2a67,0x3ac9,0x4b4c,0x4b6c,0x434b,0x436c,
0x436b,0x432a,0x32e9,0x434c,0x53cd,0x6c6e,0x6cce,0x74b0,0x6c90,0x8d93,0x644e,0x434a,0x32e7,0x4b89,0x3b28,0x438a,
0x22c6,0x22c5,0x22e5,0x1a64,0x22c4,0x1aa3,0x0183,0x0124,0x1a25,0x3345,0x1224,0x2ae4,0x2286,0x1a07,0x1a06,0x0984,
0x1184,0x1a25,0x2ac6,0x2286,0x2266,0x1a45,0x2245,0x2205,0x2246,0x1a26,0x19c5,0x11c6,0x19e7,0x11e7,0x1209,0x1aac,
0x1acd,0x43f0,0x4c72,0x128b,0x01e9,0x028b,0x0b2c,0x13ac,0x140d,0x0bcc,0x13cd,0x13cd,0x13ad,0x038c,0x2cb1,0x1c4f,
0x0bce,0x03cd,0x0bee,0x0bcd,0x0bee,0x13ee,0x0bce,0x038d,0x038e,0x036d,0x0bcf,0x03ef,0x03f0,0x03ef,0x040f,0x040f,
0x1d12,0x2573,0x0cb1,0x0450,0x0c71,0x0450,0x0430,0x042f,0x03f0,0x03cf,0x03cf,0x03cf,0x03f0,0x03f0,0x0410,0x0410,
0x0430,0x0450,0x0491,0x04b1,0x0d13,0x1553,0x1d74,0x1573,0x1573,0x1553,0x1db4,0x3e35,0x66f6,0x4eb6,0x25f5,0x1db4,
0x15b5,0x1594,0x0d94,0x0533,0x0d33,0x0513,0x04f3,0x04d2,0x04f3,0x04f2,0x0513,0x0513,0x0513,0x0513,0x0513,0x0513,
0x0534,0x0513,0x0533,0x0533,0x0d54,0x0554,0x0d74,0x0554,0x0d94,0x0d74,0x0d94,0x0d94,0x1dd5,0x1df5,0x2636,0x2e56,
0x46d7,0x5718,0x7f99,0x7f77,0x4e75,0x1dd4,0x15b4,0x0d94,0x0d94,0x0533,0x0533,0x0512,0x0d13,0x0513,0x0533,0x0533,
0x0d54,0x0d53,0x0d74,0x0553,0x0d53,0x0533,0x0d53,0x0d53,0x1593,0x15b3,0x1df4,0x15d3,0x1dd3,0x1dd3,0x2e14,0x4e95,
0x6f16,0x4654,0x1dd4,0x0573,0x0d54,0x0d73,0x1593,0x15b3,0x25f5,0x1df4,0x1573,0x04f1,0x04b1,0x0470,0x0491,0x0451,
0x0451,0x0430,0x0451,0x0410,0x0430,0x0410,0x0410,0x0410,0x0430,0x0450,0x0450,0x03ef,0x0451,0x0450,0x038f,0x036e,
0x038f,0x034e,0x036e,0x034d,0x036d,0x0bad,0x0b8d,0x038c,0x0bce,0x0bee,0x13cd,0x13cd,0x13ad,0x0bcd,0x0bae,0x036c,
0x0b8c,0x0b4b,0x0b2b,0x0b0b,0x028a,0x01c8,0x0a29,0x0209,0x09a7,0x0186,0x2228,0x3b0b,0x4b6d,0x432b,0x434b,0x3b2a,
0x432b,0x4b8c,0x3b2a,0x3b4b,0x3b0b,0x53ce,0x644f,0x4b8c,0x4b8c,0x5c0e,0x3b0a,0x3b28,0x4368,0x4348,0x436a,0x53cc,
0x1a84,0x2ae5,0x2b05,0x3346,0x22a4,0x0122,0x0104,0x0945,0x0163,0x2ae5,0x0184,0x1a64,0x1a65,0x11a5,0x1185,0x1185,
0x11a4,0x2246,0x2266,0x2246,0x1204,0x11e5,0x1184,0x08e3,0x08e3,0x1186,0x11e7,0x1a69,0x12aa,0x0a8a,0x12cc,0x2b8f,
0x236e,0x128b,0x0187,0x01e8,0x02cb,0x032c,0x0b8d,0x13cc,0x0bac,0x13cc,0x0bcd,0x0bad,0x0bae,0x0b8e,0x036c,0x0bad,
0x03cd,0x0bee,0x142e,0x140f,0x03cd,0x0bce,0x036c,0x036d,0x036d,0x038e,0x03ae,0x03f0,0x03ef,0x03f0,0x0410,0x0450,
0x046f,0x1511,0x04b1,0x0470,0x0470,0x04b1,0x0490,0x0430,0x03ef,0x040f,0x03ef,0x03f0,0x03f0,0x0410,0x03f0,0x0410,
0x0410,0x0451,0x0471,0x0cf2,0x0d12,0x1552,0x1d93,0x25d4,0x25d3,0x4634,0x56b5,0x6717,0x6f58,0x5f18,0x2e76,0x2e37,
0x1dd5,0x15b4,0x0d53,0x0533,0x0512,0x04f3,0x04d2,0x04f3,0x04d2,0x04f2,0x04f2,0x04f3,0x04f2,0x0513,0x04f3,0x0513,
0x0513,0x0513,0x0513,0x0533,0x0553,0x0554,0x0553,0x0d74,0x0573,0x0d94,0x0db4,0x1df5,0x2616,0x2636,0x2635,0x2656,
0x3675,0x6737,0x7757,0x4695,0x1dd3,0x15d5,0x0db4,0x0d94,0x0553,0x0533,0x0512,0x0513,0x0513,0x0533,0x0533,0x0d54,
0x0533,0x0533,0x0512,0x0513,0x0512,0x0512,0x0512,0x0d33,0x0d53,0x0d73,0x0d73,0x0d53,0x0552,0x0d73,0x0d73,0x25b4,
0x3e55,0x3635,0x15b4,0x0553,0x0533,0x0553,0x0553,0x1593,0x15b3,0x1dd4,0x0532,0x04d1,0x04b1,0x04b1,0x0491,0x0471,
0x0450,0x0450,0x0430,0x0430,0x0410,0x0430,0x0410,0x0430,0x040f,0x0430,0x042f,0x0491,0x0d12,0x0cb0,0x036d,0x034e,
0x034d,0x034d,0x038e,0x0bae,0x03ce,0x038d,0x036c,0x036c,0x03ad,0x1c4f,0x0b8c,0x13ad,0x0b8c,0x0bad,0x0bad,0x13ad,
0x038c,0x0b8c,0x0b4b,0x0b2b,0x0aea,0x0208,0x01c8,0x232d,0x0228,0x0145,0x2207,0x3b0b,0x432b,0x430b,0x3b0a,0x432b,
0x3b0a,0x434b,0x2aa9,0x330a,0x32ea,0x3b4c,0x436c,0x32ca,0x11e5,0x2267,0x3b07,0x3b47,0x4ba9,0x5c0c,0x5c2e,0x5c0e,
0x2b06,0x2b05,0x3326,0x3345,0x4367,0x2a66,0x0964,0x0924,0x0104,0x09a4,0x0144,0x0144,0x1165,0x00e3,0x0925,0x1185,
0x0985,0x11e5,0x1a06,0x0123,0x08e4,0x08e4,0x1145,0x0145,0x09a7,0x126b,0x1b0e,0x0a8b,0x0a09,0x01c8,0x0a4a,0x026a,
0x0249,0x0228,0x0a6a,0x02aa,0x030b,0x0b6c,0x1c0e,0x13cc,0x0b8c,0x030a,0x1bce,0x3d34,0x1c92,0x038d,0x0bef,0x0bce,
0x140f,0x0c0e,0x144f,0x0bee,0x0bce,0x038d,0x038d,0x0bce,0x03ce,0x03ae,0x0bcf,0x03ef,0x03f0,0x03f0,0x0c51,0x0431,
0x0471,0x1510,0x2db2,0x35b2,0x2d72,0x1d51,0x1531,0x0cb1,0x0c70,0x0470,0x0c91,0x0430,0x0430,0x040f,0x0430,0x0430,
0x0451,0x0491,0x0cf2,0x0d12,0x1d73,0x1dd3,0x1d73,0x1572,0x3614,0x4e95,0x6f16,0x7778,0x97ba,0x877a,0x4ed9,0x2e37,
0x1df6,0x15b4,0x0d74,0x0513,0x0513,0x04f2,0x04f3,0x04d2,0x04f2,0x04d2,0x0513,0x04f3,0x04f3,0x04f3,0x0513,0x0513,
0x0513,0x0513,0x0533,0x0533,0x0d54,0x0553,0x0d74,0x0d74,0x0d94,0x0db4,0x1e16,0x2636,0x2e56,0x2636,0x2e56,0x2e76,
0x56f7,0x6f57,0x4e95,0x1df4,0x1dd5,0x15d5,0x15b5,0x0d74,0x0d53,0x0532,0x0533,0x0533,0x0d34,0x0533,0x0d54,0x0513,
0x0513,0x04f2,0x04f2,0x04d2,0x04f2,0x04f2,0x04f2,0x04f2,0x0d33,0x0533,0x0d74,0x0d73,0x0d74,0x0d53,0x1574,0x1574,
0x1db4,0x1dd4,0x1dd4,0x1593,0x0d74,0x0573,0x0d74,0x1594,0x25f5,0x2615,0x15b4,0x0512,0x04f2,0x04d1,0x04d2,0x0491,
0x0491,0x0470,0x0471,0x0450,0x0451,0x0430,0x0431,0x0430,0x0430,0x042f,0x0430,0x0470,0x0cd1,0x0cb0,0x0c50,0x040f,
0x03ae,0x03ae,0x0bef,0x1450,0x1430,0x036c,0x1c2f,0x140d,0x1c4e,0x2490,0x0bad,0x0b6c,0x0bad,0x03ac,0x13ce,0x13ce,
0x0bac,0x034a,0x134c,0x0b2b,0x0b2b,0x0269,0x0228,0x12cb,0x3410,0x0125,0x0924,0x2a68,0x432b,0x434b,0x434b,0x434b,
0x432b,0x432b,0x2a88,0x2267,0x32ea,0x32e9,0x3b4c,0x3b4c,0x2a89,0x19e7,0x2267,0x2ac5,0x3307,0x3b29,0x436b,0x3b2a,
0x2ac6,0x4388,0x3326,0x4369,0x540b,0x3b28,0x0983,0x00e3,0x0125,0x0145,0x0166,0x0166,0x0186,0x09c7,0x01a7,0x0186,
0x0186,0x0986,0x0186,0x09a7,0x01a7,0x11e8,0x0a09,0x01c8,0x01a7,0x01e8,0x01e8,0x01a8,0x01a7,0x0a69,0x028a,0x02aa,
0x02ca,0x0b0b,0x02ea,0x02ea,0x0b4b,0x1bcd,0x13ac,0x0b8c,0x032a,0x2c4f,0x7e58,0x5596,0x0c0f,0x140f,0x0bee,0x0c0f,
0x0c0f,0x0bef,0x03cd,0x03ce,0x03ad,0x0bee,0x0c0e,0x142f,0x03cd,0x038d,0x03ae,0x03cf,0x03cf,0x03f0,0x042f,0x0450,
0x0cd0,0x35b2,0x35b2,0x2531,0x14f0,0x1512,0x0d11,0x1511,0x0cb0,0x0cd1,0x0cd1,0x0cb1,0x0491,0x0cb1,0x0cb1,0x1511,
0x1d51,0x2593,0x1552,0x1551,0x1572,0x1d93,0x0d52,0x1572,0x1d93,0x1db4,0x2e35,0x5ef7,0x8f79,0x979a,0x56f7,0x2e57,
0x1df5,0x15d5,0x0d73,0x0533,0x0513,0x0513,0x04f2,0x04f3,0x04d2,0x04f3,0x04d2,0x04f3,0x04f2,0x04f3,0x04f2,0x0513,
0x0513,0x0533,0x0513,0x0533,0x0553,0x0d74,0x0573,0x0d94,0x0d94,0x15d5,0x1e15,0x2676,0x2636,0x2e56,0x36b7,0x4ed8,
0x6f37,0x5ed6,0x1dd4,0x1dd5,0x15b4,0x15b4,0x0573,0x0573,0x0533,0x0533,0x0533,0x0533,0x0513,0x0513,0x04f2,0x04f2,
0x04d2,0x04f2,0x04d2,0x04d2,0x04d2,0x04d2,0x04d1,0x04f2,0x0512,0x0d33,0x0d53,0x0d93,0x0553,0x0d73,0x0d52,0x0d53,
0x0d53,0x1db4,0x3654,0x3e95,0x25d4,0x0d73,0x0553,0x0d94,0x15d4,0x2636,0x1df5,0x1594,0x04f2,0x04f2,0x04b1,0x04b2,
0x0491,0x0491,0x0470,0x0471,0x0450,0x0451,0x0430,0x0450,0x0450,0x0450,0x042f,0x0450,0x0470,0x0470,0x042f,0x042f,
0x03ad,0x03ae,0x03cd,0x1470,0x1caf,0x248f,0x248e,0x2caf,0x248e,0x140e,0x03ac,0x0b8c,0x038c,0x0bcd,0x0bcd,0x0bcd,
0x0bac,0x0b6b,0x0b8b,0x138c,0x030a,0x02a9,0x0268,0x0208,0x1b0d,0x334f,0x00c4,0x0965,0x2268,0x436c,0x3b0a,0x434b,
0x3b0a,0x3ac9,0x2246,0x1a05,0x32c9,0x3b2a,0x332a,0x3b2b,0x32ea,0x2aa7,0x2285,0x2a88,0x2ac8,0x32a8,0x2aa8,0x2aa8,
0x32e8,0x64a8,0x8588,0x4348,0x2ac6,0x22a5,0x2aa7,0x0145,0x0146,0x0146,0x0146,0x0146,0x01a7,0x01a7,0x09c8,0x0187,
0x09a8,0x09c8,0x0a2a,0x0209,0x01c8,0x0187,0x01a8,0x01c8,0x01e8,0x01e8,0x0229,0x0249,0x0a8a,0x0a6a,0x0249,0x0249,
0x02cb,0x02eb,0x030b,0x036c,0x13ad,0x13cd,0x0bcd,0x140e,0x3d33,0x55b6,0x1c0f,0x038d,0x140f,0x144f,0x1450,0x0c0e,
0x0bee,0x03ce,0x0bee,0x03cd,0x0bee,0x142f,0x1c70,0x144f,0x0bce,0x034d,0x038e,0x03cf,0x03cf,0x03ef,0x0470,0x0d11,
0x2592,0x1510,0x0490,0x0450,0x0450,0x0450,0x0470,0x046f,0x0470,0x046f,0x0470,0x0470,0x0471,0x0471,0x0cb1,0x0cf1,
0x2593,0x1d72,0x0d11,0x04d0,0x04d1,0x0cf1,0x0cf2,0x0cf1,0x1512,0x1553,0x1dd4,0x2e15,0x4eb7,0x6717,0x5718,0x3697,
0x2636,0x15f5,0x15d5,0x0d74,0x0d54,0x0533,0x0533,0x04f3,0x04f3,0x04f2,0x04f3,0x04d2,0x04f3,0x04f3,0x0513,0x04f3,
0x0d14,0x0513,0x0533,0x0533,0x0d54,0x0554,0x0d94,0x0d94,0x15d5,0x15d5,0x2636,0x2e76,0x3677,0x3697,0x46f9,0x66f8,
0x6f15,0x3635,0x2615,0x1df4,0x15b4,0x1594,0x15b4,0x0d94,0x0d94,0x0553,0x0d54,0x0513,0x0d13,0x04f3,0x04f3,0x04d2,
0x04f3,0x04d2,0x04d2,0x04d2,0x04f2,0x04d2,0x04d2,0x04d2,0x0513,0x0512,0x0d53,0x0d53,0x0d74,0x0d53,0x0d53,0x0d13,
0x0d54,0x1593,0x2e34,0x3634,0x2df4,0x25d4,0x1db4,0x1593,0x1db4,0x1dd4,0x2e55,0x2634,0x0d73,0x0512,0x04f2,0x04d2,
0x04d2,0x0491,0x0491,0x0491,0x0491,0x0451,0x0471,0x0450,0x0491,0x04b1,0x0cd2,0x0450,0x0430,0x040f,0x0430,0x03ef,
0x03ae,0x0bce,0x0bed,0x0c2e,0x1caf,0x1c6e,0x1caf,0x24ee,0x2ccf,0x0b8d,0x13ee,0x0bcc,0x0bce,0x0bcd,0x13ee,0x0b8d,
0x13ad,0x138d,0x13cc,0x13ed,0x138c,0x030a,0x02aa,0x0a8a,0x0188,0x3412,0x1a8b,0x0165,0x1208,0x3b0a,0x4bac,0x2ac8,
0x32a9,0x2a47,0x2247,0x1a26,0x32c9,0x436b,0x434b,0x3b0a,0x32ea,0x2ae6,0x3b46,0x3309,0x3b29,0x32c7,0x2aa7,0x2287,
0x3b29,0x4b88,0x7d48,0x5c28,0x2b05,0x3346,0x3327,0x32c8,0x0145,0x0126,0x0125,0x0146,0x0166,0x0187,0x0166,0x0166,
0x0145,0x0166,0x01a7,0x0209,0x01c8,0x01e8,0x01e8,0x01e8,0x01c7,0x01e8,0x0229,0x0249,0x01e8,0x0208,0x0269,0x02ca,
0x02ea,0x0b2c,0x0b8d,0x13ce,0x03ad,0x0bae,0x03ae,0x2491,0x1c70,0x036c,0x034b,0x0bad,0x03cd,0x0bee,0x0c0f,0x0bee,
0x03ad,0x0bee,0x0c0e,0x0c0e,0x0c0d,0x0c0e,0x146f,0x1c70,0x03ee,0x038d,0x038e,0x040f,0x040f,0x0470,0x04b0,0x1552,
0x1510,0x0490,0x0451,0x0451,0x0430,0x0430,0x040f,0x0430,0x0430,0x0450,0x0430,0x0451,0x0430,0x0451,0x0431,0x0451,
0x0470,0x0cb1,0x04b1,0x04b1,0x04b1,0x0cf1,0x04b1,0x04b1,0x04b0,0x0d12,0x0d32,0x1d94,0x2df5,0x3677,0x56d7,0x6f17,
0x3eb6,0x1e35,0x15b5,0x1595,0x0553,0x0d54,0x0513,0x0513,0x04f2,0x04f3,0x04f2,0x04f3,0x04d2,0x04f3,0x04f2,0x04f3,
0x04f2,0x0513,0x0513,0x0533,0x0533,0x0d74,0x0d74,0x15b5,0x15b4,0x1df5,0x1e35,0x3676,0x36b7,0x36f8,0x6f38,0xafb9,
0x7736,0x3eb7,0x2e55,0x2615,0x1dd5,0x1df5,0x15d5,0x15b5,0x0d94,0x0553,0x0513,0x0513,0x04f2,0x04f3,0x04d2,0x04d3,
0x04b2,0x04d2,0x04b2,0x04d2,0x04b1,0x04d2,0x04d2,0x04d2,0x04f2,0x0512,0x0512,0x0d53,0x0553,0x0d53,0x0532,0x0d33,
0x0d73,0x15b3,0x25f3,0x2e54,0x2613,0x2e13,0x1db3,0x25d3,0x2e33,0x3674,0x3e75,0x3675,0x1dd3,0x0d72,0x0532,0x0512,
0x04d1,0x04b1,0x0491,0x0491,0x0470,0x0471,0x0450,0x0491,0x04b1,0x1533,0x0d12,0x0470,0x040f,0x03ef,0x03cf,0x03af,
0x0bee,0x2d11,0x24cf,0x1c8f,0x1c8e,0x146e,0x146e,0x3530,0x248e,0x0bac,0x142e,0x140d,0x0bed,0x0bad,0x0bcd,0x0bad,
0x030b,0x032c,0x0bac,0x140c,0x13ed,0x138c,0x02ea,0x0a89,0x4c10,0x6576,0x75d8,0x1208,0x01a6,0x0a07,0x2aa8,0x3289,
0x2a68,0x2a88,0x2247,0x2a68,0x2227,0x3b0b,0x434b,0x3b2b,0x330a,0x2ac8,0x3306,0x3b67,0x3b67,0x3b47,0x3307,0x2a87,
0x5bed,0x53ac,0x4328,0x3b05,0x43a6,0x3b86,0x3b48,0x53ca,0x3288,0x0105,0x0147,0x0146,0x0187,0x01a7,0x01a7,0x0187,
0x01c7,0x01a7,0x0a08,0x0a28,0x0208,0x01c7,0x01e8,0x01e8,0x01e8,0x01c7,0x0209,0x01e8,0x0249,0x02aa,0x0aeb,0x02ca,
0x0b2c,0x0b8d,0x0bad,0x0b8d,0x0bae,0x034c,0x0bae,0x0c0e,0x1c70,0x0c0e,0x036d,0x032b,0x036d,0x036c,0x0c0f,0x0bee,
0x0bee,0x0c0e,0x144f,0x146f,0x144f,0x0c0e,0x0bee,0x0c2e,0x1c90,0x03ee,0x03ef,0x0491,0x0cb1,0x0470,0x0470,0x1511,
0x1d12,0x0470,0x0451,0x0430,0x0410,0x040f,0x0410,0x0410,0x0410,0x0410,0x0430,0x0430,0x0431,0x0430,0x0451,0x0430,
0x0451,0x0471,0x0cd2,0x04b1,0x04d1,0x0490,0x0491,0x0490,0x04b1,0x04b1,0x0cf2,0x0d32,0x25b4,0x25d4,0x3df3,0x5694,
0x4eb7,0x2615,0x1dd6,0x1595,0x0d74,0x0554,0x0534,0x0513,0x0513,0x04f2,0x04f3,0x04f3,0x04f3,0x04d2,0x04f3,0x04d3,
0x04f3,0x0513,0x0533,0x0513,0x0d54,0x0553,0x0d94,0x15b5,0x1dd5,0x1df5,0x2656,0x2e76,0x3ef8,0x7779,0xb7fb,0x9f99,
0x6738,0x3e96,0x2e36,0x1df5,0x1df5,0x15b4,0x0d74,0x0553,0x0553,0x0512,0x0513,0x04f2,0x04f3,0x04d2,0x04d3,0x04b2,
0x04b2,0x04b2,0x04d3,0x04b2,0x04b2,0x04b2,0x04d3,0x04d2,0x0cf3,0x04f2,0x04f2,0x0512,0x0d53,0x0553,0x0d73,0x0d53,
0x1594,0x1dd4,0x3e54,0x4674,0x25d3,0x0d52,0x0512,0x0d32,0x1db3,0x1db3,0x2593,0x2db4,0x4676,0x3e95,0x2e14,0x0d73,
0x0532,0x04f1,0x04d2,0x04b1,0x04b2,0x0491,0x0cb2,0x04b1,0x04d2,0x04f2,0x04d1,0x0470,0x0430,0x03ae,0x038f,0x03ae,
0x144f,0x2d10,0x2d10,0x24ef,0x24ef,0x24ef,0x24f0,0x2cef,0x248f,0x13ed,0x2c8f,0x2cef,0x142e,0x0bad,0x0b8d,0x0bad,
0x0bad,0x036e,0x03ae,0x13ec,0x1c2e,0x13cd,0x136c,0x0289,0x1228,0x85f8,0xd7ff,0x8dd8,0x09c8,0x0125,0x11a6,0x2aca,
0x2289,0x2aa9,0x2a67,0x2a87,0x2a67,0x2247,0x3b2b,0x32ea,0x32ea,0x330a,0x2ac7,0x3307,0x3b47,0x3306,0x32e7,0x2aa8,
0x7ced,0x640d,0x3ac8,0x4b86,0x53e7,0x4bc7,0x4ba6,0x4368,0x4b89,0x11a5,0x0167,0x0167,0x0145,0x0146,0x0145,0x0166,
0x0167,0x0187,0x01a6,0x01c7,0x01c7,0x01e8,0x0208,0x0a09,0x01e7,0x01e8,0x0249,0x02ca,0x02ca,0x02aa,0x02ca,0x030b,
0x032b,0x034c,0x034b,0x036c,0x034c,0x0bad,0x140d,0x144e,0x0c0e,0x0c0e,0x038c,0x036c,0x034c,0x038d,0x0bee,0x03ce,
0x03ce,0x0c0e,0x0c4e,0x146f,0x142f,0x0c0e,0x0c0e,0x140e,0x0bee,0x03ae,0x042f,0x0cb2,0x0430,0x0410,0x042f,0x14b1,
0x0c71,0x0410,0x040f,0x040f,0x03ef,0x03ef,0x03ef,0x03f0,0x03ef,0x0410,0x03ef,0x0410,0x03f0,0x0410,0x042f,0x0430,
0x0430,0x0451,0x0491,0x04d1,0x0490,0x0470,0x0470,0x0471,0x0470,0x0491,0x04b1,0x04d2,0x1532,0x25b4,0x1db3,0x2df4,
0x3635,0x2e16,0x15d5,0x1595,0x0554,0x0d74,0x0533,0x0513,0x0513,0x0513,0x04f2,0x0513,0x04d2,0x04f3,0x04d2,0x04f3,
0x04f2,0x0513,0x0512,0x0533,0x0533,0x0d74,0x0d73,0x15d4,0x15d4,0x2615,0x1e36,0x3697,0x6f39,0xaffa,0x8757,0x46b7,
0x3696,0x3656,0x1df4,0x15b4,0x0d73,0x0553,0x0532,0x0513,0x04f2,0x04f2,0x04d2,0x04d2,0x04b2,0x04d2,0x04b2,0x04b2,
0x04b2,0x04b2,0x0491,0x04b2,0x0492,0x04b2,0x04b2,0x04d2,0x04d2,0x04f3,0x04f2,0x0512,0x0533,0x0d73,0x0d53,0x0d52,
0x0532,0x1573,0x1db3,0x1d94,0x0512,0x04f2,0x04b1,0x04d2,0x04b1,0x04b1,0x04b1,0x0d33,0x25f4,0x4eb5,0x4ef7,0x3655,
0x1573,0x0d53,0x0512,0x04f2,0x04d2,0x04d2,0x04b1,0x04d2,0x04f1,0x0d12,0x0470,0x0471,0x040f,0x03ef,0x03cf,0x03ce,
0x03cd,0x24f0,0x2510,0x2d10,0x24ef,0x2d30,0x2d30,0x2d30,0x3531,0x34f0,0x24ae,0x2cef,0x1c6e,0x0bad,0x0bac,0x13ed,
0x13ee,0x0bef,0x0c51,0x0bad,0x13ec,0x1bcd,0x0b6c,0x0b2b,0x0248,0x128a,0x7db7,0xcfdf,0x7dd8,0x228b,0x00e4,0x2289,
0x22ca,0x2269,0x2aa8,0x2266,0x2245,0x2246,0x2267,0x2ac8,0x2ac8,0x32e8,0x22a6,0x2aa8,0x2aa8,0x32c7,0x2aa5,0x2266,
0xa66c,0x7ced,0x63cc,0x7ced,0x74cd,0x644b,0x6c8a,0x5c47,0x6449,0x32e9,0x09c9,0x01c8,0x09e8,0x09e8,0x0209,0x028b,
0x132e,0x4d15,0x75f8,0x13d0,0x13af,0x0aec,0x0a4a,0x0229,0x0a6a,0x0a49,0x0269,0x02aa,0x02cb,0x028a,0x028a,0x02ca,
0x0b4c,0x034c,0x0b6c,0x036c,0x13ee,0x142e,0x142e,0x0bed,0x0bee,0x03cd,0x0bee,0x0bcd,0x036d,0x036d,0x03ad,0x03ad,
0x0bee,0x0c2e,0x144f,0x144f,0x142f,0x0c0e,0x140f,0x036c,0x032c,0x032c,0x03cf,0x0410,0x0410,0x040f,0x0450,0x0470,
0x0450,0x03ef,0x0410,0x03ef,0x0410,0x03ef,0x03f0,0x03ef,0x03f0,0x03f0,0x0410,0x03ef,0x0410,0x03f0,0x0410,0x0430,
0x0451,0x0450,0x0471,0x0491,0x0491,0x0450,0x0471,0x0470,0x0471,0x0470,0x04b1,0x04b1,0x0cf2,0x1573,0x1db4,0x1dd3,
0x25f5,0x1df4,0x1dd4,0x1594,0x1594,0x0574,0x0574,0x0533,0x0554,0x0533,0x0533,0x0513,0x0513,0x04f3,0x0513,0x04f2,
0x0513,0x0513,0x0513,0x0513,0x0d54,0x0d94,0x0db5,0x0dd4,0x1616,0x2656,0x4eb7,0x7778,0x9ff9,0x7717,0x3e97,0x2676,
0x2e56,0x1df5,0x15d5,0x0db4,0x0d94,0x0553,0x0533,0x0513,0x0513,0x04d2,0x04d3,0x04b2,0x04d3,0x04b2,0x04b2,0x04b2,
0x04b2,0x04b2,0x04b2,0x04b2,0x04d3,0x04b2,0x04d2,0x04d2,0x04f3,0x04f2,0x0513,0x0512,0x0d53,0x0d53,0x0d52,0x0531,
0x0d33,0x0d53,0x1573,0x0512,0x04d2,0x04b1,0x04b1,0x0491,0x04b2,0x0491,0x0492,0x0492,0x0cf2,0x1532,0x25d5,0x25f5,
0x25d4,0x1593,0x0d73,0x0532,0x0d73,0x0573,0x0d53,0x0d73,0x1593,0x0d12,0x0450,0x0450,0x0471,0x0451,0x0410,0x0c2f,
0x1c6f,0x2d30,0x3d92,0x3551,0x3551,0x2d31,0x3550,0x3550,0x4571,0x3d51,0x34ef,0x2cae,0x34f0,0x13ed,0x13ed,0x13ec,
0x13ad,0x036c,0x1c92,0x3554,0x0b8c,0x0b6c,0x0b6c,0x0b4b,0x0b4b,0x0289,0x01e9,0x5473,0x6597,0x4cb3,0x3baf,0x0125,
0x0966,0x0186,0x1a27,0x2246,0x2266,0x2245,0x1a46,0x2a87,0x32e9,0x32e8,0x32e8,0x2287,0x32a9,0x32e8,0x32e6,0x2285,
0x6446,0x6c6b,0x748e,0x74ac,0x6c8d,0x6c8d,0x644c,0x6c8c,0x644b,0x4349,0x09e6,0x0187,0x0187,0x01a8,0x0209,0x0a8b,
0x0b0d,0x2bf0,0x4c92,0x138f,0x026b,0x0209,0x01e8,0x0a29,0x0249,0x026a,0x026a,0x028a,0x028a,0x02aa,0x02ca,0x0b4c,
0x036c,0x036c,0x034c,0x0bcd,0x144e,0x1c6f,0x142d,0x0c0d,0x0c0d,0x0bee,0x0bed,0x0bee,0x038c,0x036d,0x038d,0x142f,
0x0c2e,0x146f,0x0c4f,0x0c0e,0x03ad,0x03ce,0x038d,0x034c,0x032c,0x032d,0x038e,0x0410,0x040f,0x042f,0x0c90,0x0470,
0x040f,0x03ef,0x03ef,0x03f0,0x03cf,0x03d0,0x03cf,0x03ef,0x03cf,0x03f0,0x03ef,0x03f0,0x03ef,0x03f0,0x03ef,0x0410,
0x0410,0x0430,0x0450,0x0471,0x0470,0x0470,0x0470,0x0471,0x0450,0x0470,0x0490,0x04b1,0x04b1,0x0d12,0x1552,0x1d94,
0x1593,0x1db4,0x1dd4,0x1df5,0x1dd4,0x1594,0x0574,0x0574,0x0553,0x0554,0x0533,0x0533,0x0513,0x0513,0x0512,0x0513,
0x0512,0x0513,0x0512,0x0533,0x0533,0x0d94,0x0d94,0x1dd5,0x2e34,0x4eb5,0x5ef6,0x6f37,0x56d4,0x2e55,0x1e15,0x1e15,
0x15d4,0x15b4,0x0db4,0x0d94,0x0573,0x0553,0x0533,0x0513,0x04f2,0x04f2,0x04d2,0x04d2,0x04b2,0x04b2,0x0491,0x0492,
0x0491,0x04b2,0x0492,0x04b2,0x04b2,0x04b2,0x04d2,0x04d2,0x04d2,0x04f2,0x04f2,0x0512,0x0512,0x0532,0x0512,0x0552,
0x0d52,0x1573,0x0d32,0x0cf2,0x04b1,0x0491,0x0491,0x0471,0x0470,0x0470,0x0451,0x0472,0x0471,0x0492,0x0492,0x04f2,
0x0511,0x1573,0x1dd4,0x25f4,0x1df4,0x1df4,0x15d4,0x25f5,0x1573,0x0d12,0x0450,0x0430,0x0470,0x0470,0x042f,0x1cd1,
0x1caf,0x3551,0x3551,0x3571,0x2d10,0x2d30,0x2d30,0x3d71,0x3550,0x3d50,0x3530,0x3510,0x246e,0x246f,0x140d,0x0bac,
0x0bac,0x13cc,0x038d,0x24b2,0x0bce,0x034c,0x034c,0x0b6c,0x034b,0x02ca,0x0229,0x01c9,0x234e,0x12ab,0x230d,0x3bf1,
0x1a6a,0x0166,0x0145,0x0965,0x0984,0x11a4,0x2225,0x32a7,0x2ac8,0x32e9,0x32e9,0x32c8,0x3309,0x32e8,0x2245,0x2245,
0x4326,0x4328,0x63ec,0x74ad,0x6c8d,0x6c6d,0x6c6d,0x644d,0x53ab,0x2ac7,0x1a48,0x01a7,0x01e9,0x01c7,0x01c8,0x01a7,
0x01c8,0x01a8,0x01e9,0x022a,0x0a6a,0x0249,0x024a,0x024a,0x0a6a,0x026a,0x028a,0x028a,0x02cb,0x030b,0x0b6d,0x0b6d,
0x0b6c,0x032b,0x034c,0x13ee,0x1c4f,0x140e,0x1c4f,0x24af,0x1c6f,0x144e,0x1c4f,0x142e,0x13ee,0x036c,0x0bce,0x142e,
0x144f,0x0c4f,0x1cb0,0x1cb0,0x146f,0x03ae,0x036e,0x034d,0x034d,0x034d,0x03cf,0x03ef,0x0430,0x0cb1,0x1d12,0x044f,
0x040f,0x03ef,0x0410,0x03f0,0x03f0,0x03d0,0x03d0,0x03cf,0x03f0,0x03ef,0x03f0,0x03ef,0x03f0,0x03ef,0x03f0,0x03f0,
0x0430,0x0430,0x0430,0x0430,0x0470,0x0470,0x0471,0x0450,0x0470,0x0470,0x0491,0x0491,0x04b2,0x0cf2,0x1553,0x1db4,
0x1dd4,0x1593,0x1db4,0x2e34,0x46d6,0x3655,0x15b5,0x0574,0x0d74,0x0554,0x0d74,0x0553,0x0d54,0x0533,0x0d54,0x0533,
0x0534,0x0533,0x0534,0x0533,0x1594,0x2e35,0x3656,0x3614,0x3655,0x2e14,0x2e35,0x2e35,0x3655,0x1e14,0x1dd5,0x0db4,
0x15b4,0x0d94,0x0db4,0x0553,0x0533,0x0553,0x0d54,0x0533,0x0533,0x04f2,0x04f3,0x04b2,0x04b2,0x0492,0x0492,0x0492,
0x0492,0x0491,0x04b2,0x0492,0x04b2,0x04b2,0x04d3,0x04d2,0x04f3,0x04f2,0x0d13,0x0512,0x0512,0x0512,0x0d32,0x0d53,
0x1593,0x1572,0x0d13,0x04d2,0x04b1,0x0491,0x0491,0x0450,0x0451,0x0430,0x0431,0x0430,0x0451,0x0450,0x0471,0x0471,
0x0491,0x04b1,0x1d74,0x2e36,0x3e97,0x3e76,0x3635,0x2e35,0x1db4,0x04b0,0x0c91,0x0450,0x1d32,0x2dd4,0x2532,0x1cd0,
0x144e,0x140e,0x2cf1,0x2d10,0x2d10,0x2d30,0x3550,0x3550,0x3d71,0x4591,0x4571,0x2cce,0x13ec,0x1c4e,0x2caf,0x0bcc,
0x0bcd,0x140d,0x0bad,0x036d,0x036d,0x032b,0x032c,0x0b6c,0x0b6c,0x02ca,0x0a4a,0x022a,0x0229,0x0249,0x0188,0x09e9,
0x3bf0,0x2b8e,0x09a7,0x0987,0x0125,0x00e2,0x2206,0x3287,0x32e9,0x32c9,0x32c9,0x2aa7,0x2aa7,0x2245,0x2a67,0x1a25,
0x3284,0x42e7,0x63eb,0x7ccd,0x6c8c,0x74ac,0x6cad,0x7d2e,0x5c4a,0x32a8,0x1a67,0x01c7,0x01e9,0x0208,0x01e9,0x01e9,
0x01c9,0x0209,0x0229,0x024a,0x026a,0x02ab,0x028a,0x02ab,0x02aa,0x02cb,0x02ea,0x0b2b,0x0b4b,0x13ad,0x036c,0x036c,
0x032a,0x034b,0x13cd,0x13cd,0x0bcc,0x1c6e,0x2cf0,0x1c8e,0x142d,0x142e,0x142e,0x1c2e,0x03ac,0x038c,0x0c0d,0x0c2e,
0x148f,0x2512,0x1cf1,0x1470,0x03cd,0x036e,0x03ce,0x040f,0x038e,0x03ae,0x03ef,0x0430,0x0c70,0x14d1,0x0490,0x042f,
0x040f,0x0410,0x040f,0x0410,0x03f0,0x03f0,0x03cf,0x03f0,0x03ef,0x03f0,0x03ef,0x03f0,0x03ef,0x03f0,0x03ef,0x03f0,
0x03f0,0x0410,0x040f,0x0410,0x0430,0x0470,0x0470,0x0470,0x0450,0x0470,0x0470,0x04b1,0x04d2,0x04f2,0x0d32,0x1db4,
0x1593,0x0d74,0x0d74,0x1dd4,0x2e75,0x46b6,0x2e35,0x1dd4,0x0d94,0x0db4,0x0594,0x0d94,0x0d74,0x0d74,0x0573,0x0d94,
0x0574,0x0554,0x0554,0x15d5,0x2e35,0x3e96,0x2614,0x15d3,0x0d93,0x15b4,0x15f4,0x2e35,0x2e35,0x1df4,0x0d94,0x0db4,
0x0d94,0x0d94,0x0573,0x0553,0x0512,0x0533,0x0533,0x0d34,0x0513,0x04f3,0x04d2,0x04d2,0x0492,0x0492,0x0471,0x0492,
0x0471,0x0492,0x0491,0x0492,0x0492,0x04b2,0x04d2,0x04d2,0x04d2,0x04d2,0x04d2,0x04f2,0x04f2,0x0512,0x0532,0x15b4,
0x2614,0x1593,0x04d2,0x04d2,0x0491,0x0491,0x0450,0x0451,0x0430,0x0431,0x0410,0x0410,0x0410,0x0430,0x0430,0x0431,
0x0430,0x0451,0x04b1,0x1573,0x2e14,0x56b7,0x6718,0x5738,0x5718,0x2e14,0x0d11,0x0c90,0x1510,0x2df4,0x14b0,0x042f,
0x03ee,0x03ce,0x03ce,0x248f,0x2d0f,0x2d30,0x24ef,0x24ce,0x24ef,0x3d71,0x3d70,0x3d30,0x1c2e,0x13ed,0x1c6d,0x248e,
0x0bcd,0x1c4e,0x0bac,0x038d,0x038d,0x034c,0x030b,0x0b4c,0x032b,0x0b2b,0x026a,0x024a,0x0229,0x0229,0x0229,0x0209,
0x01c8,0x0a6a,0x124a,0x09a7,0x11e8,0x0965,0x0123,0x21e6,0x2247,0x2aea,0x332a,0x2287,0x1a45,0x2a86,0x2267,0x2227,
0x2202,0x32a5,0x642c,0x6c8b,0x74ac,0x648a,0x74ec,0x7d2c,0x4b88,0x2aa7,0x2ac8,0x1228,0x01e9,0x01e8,0x01e9,0x01e9,
0x0209,0x01e9,0x022a,0x0209,0x022a,0x024a,0x028a,0x02aa,0x02cb,0x02eb,0x0b6c,0x0b6c,0x0b6c,0x0b6c,0x13ad,0x036c,
0x13ad,0x1c0e,0x244f,0x1c4e,0x248f,0x24af,0x24cf,0x0c0d,0x0bed,0x0bed,0x142e,0x1c8e,0x0c2e,0x03ed,0x144f,0x0c4f,
0x1cf1,0x14b1,0x03ce,0x038d,0x03ae,0x03ae,0x03ef,0x03cf,0x03cf,0x0410,0x0430,0x0450,0x0c70,0x0cb1,0x14d2,0x0470,
0x0431,0x040f,0x0410,0x0410,0x0430,0x0410,0x0410,0x03f0,0x0410,0x03f0,0x0410,0x03ef,0x0410,0x03f0,0x0410,0x03f0,
0x0410,0x0410,0x0410,0x0410,0x0430,0x0450,0x0491,0x0490,0x0471,0x0470,0x0491,0x04b1,0x04d2,0x04f2,0x1553,0x15b3,
0x1db4,0x0d73,0x0d74,0x0d74,0x1db4,0x2e15,0x3635,0x3655,0x3697,0x2656,0x1e16,0x15f5,0x15d6,0x15d5,0x15f5,0x0dd4,
0x0db4,0x15d5,0x3676,0x2e55,0x1df5,0x0573,0x0594,0x05b4,0x0db4,0x15b4,0x1df5,0x2614,0x3655,0x2615,0x15d4,0x0d94,
0x0d94,0x0553,0x0d74,0x0553,0x0533,0x0533,0x0533,0x0513,0x0513,0x04f2,0x04d3,0x04b2,0x04d3,0x0492,0x04b2,0x0491,
0x0492,0x0492,0x0492,0x0492,0x04b2,0x04b2,0x04d2,0x04b2,0x04d2,0x04b2,0x04d2,0x04d2,0x0512,0x0512,0x0d73,0x1df4,
0x2e34,0x0d52,0x04d2,0x04d2,0x04b2,0x0471,0x0471,0x0450,0x0431,0x0410,0x0431,0x0410,0x0411,0x0410,0x0430,0x0410,
0x0431,0x0431,0x0472,0x04b2,0x1513,0x2594,0x56b7,0x8799,0x87b9,0x6f79,0x25d4,0x046f,0x0470,0x0cb1,0x0c50,0x03ce,
0x0bef,0x03ce,0x03ae,0x03ad,0x2cf0,0x24f0,0x0c2e,0x144e,0x24d0,0x2cf0,0x3530,0x1c6d,0x1c0e,0x1c6f,0x142d,0x1c6e,
0x246f,0x142e,0x13ed,0x036c,0x036c,0x034c,0x032c,0x138e,0x13ae,0x030b,0x02aa,0x0249,0x024a,0x0229,0x024a,0x0209,
0x0209,0x01c8,0x01a8,0x0187,0x01a7,0x0a08,0x0a08,0x0185,0x0145,0x11e6,0x32e8,0x22a6,0x2aa6,0x2aa8,0x2a89,0x2227,
0x2ac4,0x2ac4,0x3b48,0x644c,0x6c8d,0x74ac,0x74cc,0x4b68,0x3b27,0x3ae9,0x3308,0x2aca,0x01c9,0x0209,0x01e9,0x01e9,
0x0209,0x024a,0x0229,0x024a,0x026a,0x0aec,0x02ab,0x02cb,0x02cb,0x034c,0x0c0e,0x0bad,0x036c,0x13ed,0x1c2f,0x1c2f,
0x142e,0x1c2e,0x1c2e,0x2c90,0x24af,0x24cf,0x1c8e,0x1c6e,0x146e,0x144e,0x0bed,0x0bcd,0x03cd,0x0c0e,0x03ad,0x142f,
0x0c0e,0x038d,0x036d,0x038e,0x036d,0x038e,0x034d,0x034d,0x0c10,0x0430,0x03ef,0x03ef,0x03ee,0x0430,0x0430,0x0c51,
0x0430,0x0430,0x040f,0x0410,0x040f,0x0430,0x040f,0x0410,0x03ef,0x03f0,0x03ef,0x03f0,0x03ef,0x0410,0x0410,0x0410,
0x03ef,0x0410,0x03ef,0x0410,0x040f,0x0450,0x0450,0x0491,0x0470,0x0491,0x0490,0x04b1,0x04b2,0x0d13,0x1573,0x1dd4,
0x15b3,0x1593,0x0d93,0x1dd5,0x1df5,0x2615,0x2614,0x3676,0x46b6,0x4ed7,0x3676,0x2e55,0x2635,0x1e36,0x1e15,0x1e14,
0x2655,0x3ed7,0x3676,0x15d4,0x0573,0x0574,0x0573,0x0594,0x0d94,0x15d5,0x15d4,0x2615,0x2e75,0x2635,0x0d72,0x0573,
0x0553,0x0573,0x0573,0x0553,0x0512,0x0533,0x0533,0x0533,0x04f2,0x04f2,0x04d2,0x04d2,0x04b2,0x04b2,0x0492,0x0492,
0x0471,0x0492,0x0471,0x0492,0x0491,0x04d2,0x04d2,0x04d2,0x0491,0x04b2,0x04b1,0x04d2,0x04f1,0x0532,0x0d73,0x1573,
0x0d52,0x04f2,0x04b2,0x04d2,0x0491,0x0471,0x0451,0x0451,0x0430,0x0410,0x0410,0x0410,0x03ef,0x03f0,0x03f0,0x0410,
0x0410,0x0431,0x0451,0x0452,0x0492,0x0cf3,0x2d93,0x7718,0x7f56,0x66f7,0x25f4,0x04d1,0x0450,0x0451,0x03ef,0x038d,
0x03ce,0x03ce,0x03ae,0x03ae,0x142e,0x144f,0x03ce,0x0bee,0x24f0,0x2d10,0x24ce,0x2d0f,0x2ccf,0x248f,0x0bcc,0x140e,
0x144e,0x1c4e,0x13ed,0x034c,0x036c,0x036d,0x02eb,0x026a,0x13cf,0x24d2,0x0b2b,0x0229,0x0249,0x0249,0x0249,0x026a,
0x0208,0x01e9,0x01c8,0x09c8,0x01a7,0x0186,0x01e7,0x0a08,0x09c7,0x11c7,0x11c5,0x2245,0x2245,0x2247,0x2248,0x2228,
0x4387,0x3305,0x4367,0x4bc8,0x5c48,0x648b,0x4b8a,0x3288,0x4b87,0x4368,0x436a,0x330a,0x01e9,0x0229,0x0209,0x01c8,
0x0a4a,0x028b,0x024b,0x024a,0x026b,0x026a,0x028b,0x02ab,0x02cb,0x0b6d,0x13ee,0x0bce,0x13ce,0x1c2e,0x1c2f,0x1c2e,
0x142e,0x144e,0x1c70,0x1c6f,0x248f,0x1c6e,0x1c6e,0x1c8e,0x24d0,0x144e,0x036c,0x030b,0x034d,0x032c,0x034d,0x034d,
0x034d,0x034d,0x038e,0x036d,0x036d,0x032d,0x032d,0x03ae,0x040f,0x03cf,0x03cf,0x03cf,0x03cf,0x03cf,0x03f0,0x0410,
0x0450,0x0430,0x0451,0x0430,0x0450,0x0430,0x0430,0x0410,0x0410,0x03f0,0x0410,0x03f0,0x0410,0x03f0,0x0410,0x0410,
0x0410,0x040f,0x0410,0x03ef,0x0430,0x0430,0x0450,0x0450,0x0491,0x04b1,0x0cb2,0x04b1,0x04f2,0x0d53,0x1574,0x1553,
0x1574,0x1593,0x1df5,0x2635,0x2e97,0x2e76,0x3697,0x2e97,0x3eb6,0x56f6,0x5f37,0x4ed6,0x46d7,0x4ed6,0x56d7,0x3eb6,
0x3e96,0x2614,0x15d5,0x05b5,0x0db4,0x0574,0x0574,0x0593,0x15b4,0x15d4,0x1df5,0x1df5,0x2e55,0x1e14,0x15b3,0x0d94,
0x0d94,0x0d94,0x0d95,0x0553,0x0512,0x0512,0x0533,0x0533,0x0513,0x04f2,0x04d3,0x04b2,0x04d3,0x04b2,0x04b2,0x04b2,
0x04b2,0x0491,0x0492,0x0492,0x04b2,0x04d2,0x0cf3,0x04d2,0x04b2,0x04b1,0x04b2,0x04b1,0x0d12,0x0d73,0x0d73,0x0512,
0x04f2,0x04f3,0x04d3,0x04b2,0x0492,0x0451,0x0471,0x0451,0x0431,0x0430,0x0431,0x0410,0x03f0,0x03ef,0x03f0,0x03f0,
0x0410,0x0410,0x0431,0x0430,0x0451,0x0471,0x1533,0x4676,0x6f17,0x5ed6,0x25f4,0x0d32,0x0491,0x0430,0x0410,0x036d,
0x038e,0x03ce,0x03ce,0x03ae,0x038d,0x036c,0x0bcf,0x24d1,0x3531,0x24ef,0x24af,0x24ce,0x2cf0,0x142e,0x0bae,0x0bee,
0x140e,0x0c0d,0x0bad,0x0b8d,0x13ce,0x034c,0x02ec,0x026a,0x024b,0x138e,0x2cb2,0x0acb,0x024a,0x0229,0x0229,0x024a,
0x024a,0x0209,0x0209,0x0208,0x0208,0x01e7,0x09c7,0x01a7,0x09e8,0x1a8b,0x332e,0x1aab,0x1a8a,0x09c6,0x1186,0x0923,
0x5c87,0x5c68,0x43c6,0x3b67,0x5c6b,0x4369,0x2267,0x32c9,0x4367,0x5408,0x4be7,0x2a88,0x01c9,0x022a,0x0229,0x0229,
0x01e9,0x026b,0x026a,0x026b,0x024a,0x022a,0x024a,0x028b,0x02ab,0x02eb,0x02ca,0x032c,0x13ee,0x1bee,0x13ee,0x140e,
0x144e,0x1c8f,0x1c6f,0x1c6f,0x0c0d,0x142e,0x144e,0x1c6e,0x1c6f,0x13ee,0x030b,0x032c,0x032c,0x032c,0x032c,0x034d,
0x036d,0x036d,0x034d,0x034d,0x02ec,0x02ec,0x036d,0x03cf,0x03ce,0x03cf,0x03af,0x03cf,0x03af,0x03cf,0x03cf,0x03ef,
0x040f,0x0471,0x0491,0x0471,0x0430,0x0450,0x0430,0x0430,0x0410,0x0410,0x03ef,0x0410,0x03ef,0x0410,0x040f,0x0410,
0x040f,0x0410,0x040f,0x0410,0x040f,0x0430,0x0430,0x0471,0x0470,0x0cf2,0x04f2,0x04d1,0x0512,0x1574,0x0d33,0x0512,
0x0512,0x0d73,0x15b3,0x1df4,0x2635,0x2e77,0x2e96,0x36b7,0x36b6,0x4ef7,0x6717,0x7777,0x9798,0x9fba,0x5ef7,0x3696,
0x1e35,0x15d5,0x0db4,0x0dd5,0x0594,0x0594,0x0594,0x0db5,0x0dd4,0x15f5,0x15d4,0x2615,0x2e55,0x2634,0x0dd4,0x15b5,
0x0d94,0x0d74,0x0533,0x0533,0x04f2,0x0513,0x04f2,0x0513,0x0513,0x0513,0x04d2,0x04d2,0x04d2,0x04d2,0x04b1,0x04b2,
0x04b2,0x04b2,0x0491,0x04b2,0x04b2,0x04d2,0x04d2,0x04d2,0x04b1,0x04b1,0x04b1,0x0cf2,0x0d33,0x0d33,0x04d1,0x04d1,
0x04b1,0x04f3,0x04b2,0x0492,0x0451,0x0451,0x0430,0x0430,0x0410,0x0430,0x0410,0x0410,0x03ef,0x03f0,0x03cf,0x03f0,
0x03f0,0x0410,0x040f,0x0430,0x0430,0x0491,0x0d12,0x25f5,0x4677,0x6718,0x3655,0x15b4,0x04f2,0x0430,0x03ef,0x03cf,
0x034d,0x038e,0x038d,0x038d,0x036d,0x036d,0x038d,0x24d1,0x2d31,0x1c8f,0x144d,0x1c4e,0x1c4e,0x144f,0x0c2e,0x140e,
0x0bed,0x140e,0x0bed,0x13ce,0x032c,0x02ec,0x02ab,0x028b,0x026a,0x024a,0x02ab,0x0b0d,0x02ab,0x024a,0x0209,0x0229,
0x0249,0x024a,0x0229,0x0229,0x0228,0x0a28,0x0208,0x01e7,0x01a6,0x01a6,0x01e7,0x128a,0x1b0d,0x1b2d,0x1229,0x09a7,
0x64aa,0x6ced,0x646e,0x5c4e,0x5c2e,0x32e8,0x3b09,0x3b2a,0x3b29,0x3b26,0x5c67,0x32c6,0x09c9,0x020a,0x026a,0x028a,
0x028b,0x02ac,0x02cc,0x0b0d,0x028b,0x0209,0x024a,0x028b,0x02ab,0x02ab,0x02cc,0x02cb,0x0b2c,0x02ea,0x030b,0x0b8c,
0x246f,0x1c6f,0x1c6f,0x1c6f,0x248f,0x24d0,0x248f,0x0c0d,0x13ee,0x036d,0x034c,0x032c,0x034d,0x032d,0x034d,0x034d,
0x038e,0x034d,0x032d,0x02ec,0x030d,0x036e,0x0bcf,0x03ae,0x03cf,0x03af,0x03cf,0x03af,0x03cf,0x03af,0x03cf,0x03cf,
0x0410,0x0430,0x0c91,0x0491,0x0c91,0x0471,0x0471,0x0430,0x0431,0x0430,0x0430,0x0410,0x0430,0x0410,0x0430,0x0410,
0x0430,0x0410,0x0430,0x040f,0x0430,0x0430,0x0451,0x0471,0x0491,0x0cf2,0x0d12,0x0d33,0x1d74,0x1553,0x0d33,0x0512,
0x0d73,0x0d73,0x0db4,0x0db3,0x15d5,0x1df5,0x2636,0x2e96,0x3ed7,0x46b7,0x5f38,0x9fb9,0xa7fb,0x5718,0x3e97,0x2e77,
0x2677,0x1e35,0x1e15,0x15d5,0x15d5,0x0dd5,0x15d5,0x15d4,0x15f5,0x1df5,0x2635,0x2635,0x2635,0x2e54,0x2e55,0x1df4,
0x15b5,0x0d73,0x0d53,0x0513,0x0513,0x0513,0x0513,0x0513,0x0534,0x0513,0x0513,0x04f2,0x04f2,0x04d2,0x04d2,0x04d2,
0x0cd3,0x04b2,0x04b2,0x04b2,0x04f3,0x04f2,0x04f2,0x04f2,0x04f2,0x04f2,0x0d13,0x0d13,0x04d2,0x0491,0x0491,0x0491,
0x04b2,0x04b2,0x04d3,0x0492,0x0472,0x0451,0x0431,0x0410,0x0431,0x0410,0x0430,0x0410,0x03f0,0x03f0,0x03f0,0x03f0,
0x0410,0x03f0,0x0430,0x0430,0x0451,0x0cb2,0x1533,0x1574,0x25d5,0x4656,0x4677,0x2614,0x0d53,0x0471,0x0410,0x040f,
0x03af,0x034d,0x03ae,0x038d,0x038e,0x036d,0x0bce,0x03ad,0x1c4f,0x0bed,0x142f,0x142f,0x13ee,0x142e,0x1c90,0x142e,
0x0bcd,0x036d,0x0bad,0x0bce,0x0b8d,0x02eb,0x02ab,0x028b,0x026b,0x026a,0x02cc,0x032d,0x02cc,0x028b,0x0a6a,0x0209,
0x024a,0x024a,0x0a4a,0x0229,0x0229,0x0228,0x0269,0x0229,0x1269,0x0a69,0x1acb,0x01e7,0x01a6,0x0187,0x09c8,0x09a7,
0x64e8,0x6cca,0x5c2d,0x5c0d,0x2ac8,0x32e9,0x436b,0x3b29,0x22a5,0x2aa7,0x3b47,0x53e8,0x1227,0x01e9,0x0229,0x0acb,
0x02cb,0x02ec,0x02cc,0x026b,0x024a,0x024a,0x024a,0x028b,0x028a,0x02ec,0x02cb,0x02cc,0x02ca,0x02eb,0x02eb,0x0b6c,
0x140e,0x140e,0x13ee,0x0bcd,0x0bcd,0x142f,0x03ac,0x0b8c,0x03ac,0x0bce,0x03ce,0x03ae,0x034d,0x032d,0x030c,0x032d,
0x030c,0x02ec,0x02ec,0x032d,0x038e,0x03f0,0x03af,0x03af,0x03ae,0x03cf,0x03af,0x03cf,0x03af,0x03cf,0x03af,0x03ef,
0x03ef,0x0410,0x042f,0x0471,0x04b1,0x04b2,0x0471,0x0471,0x0450,0x0450,0x0430,0x0430,0x0430,0x0430,0x0430,0x0430,
0x040f,0x0430,0x040f,0x0430,0x0430,0x0431,0x0450,0x0471,0x0471,0x0cf2,0x04f2,0x0d53,0x1553,0x0d12,0x0512,0x0d73,
0x0593,0x0d94,0x0593,0x0db4,0x0593,0x1594,0x15b4,0x1e15,0x2655,0x3676,0x56f6,0x7f79,0x4eb7,0x2676,0x2656,0x2656,
0x1e15,0x1df5,0x15f4,0x15d4,0x0dd4,0x1e36,0x1e15,0x2636,0x2656,0x2e76,0x3675,0x4695,0x3e74,0x3eb5,0x3694,0x2635,
0x15d4,0x15d4,0x0db4,0x0d74,0x0533,0x0533,0x0513,0x0533,0x0513,0x0533,0x0513,0x0513,0x04f2,0x04f3,0x04d2,0x04d2,
0x04d2,0x04d2,0x04b2,0x04d2,0x04f2,0x0513,0x04f2,0x0513,0x0532,0x0d33,0x04d2,0x0492,0x0450,0x0471,0x0471,0x0472,
0x0451,0x0471,0x0471,0x0492,0x0471,0x0471,0x0430,0x0431,0x0410,0x0430,0x0410,0x0410,0x03ef,0x03f0,0x03f0,0x03f0,
0x03f0,0x0410,0x0410,0x0430,0x0430,0x0471,0x0cd2,0x1534,0x0d13,0x1d94,0x3e55,0x4e96,0x1d92,0x04d1,0x0430,0x0430,
0x03ef,0x038e,0x034d,0x03ae,0x038d,0x03ae,0x038d,0x038e,0x034c,0x038d,0x036d,0x038d,0x0bce,0x0bee,0x03ad,0x038d,
0x032b,0x032c,0x032c,0x036d,0x032b,0x030c,0x02cb,0x028b,0x026a,0x028b,0x02ab,0x02ec,0x02ec,0x028b,0x024a,0x0229,
0x0229,0x026a,0x0249,0x0229,0x1b2c,0x236e,0x0208,0x01e7,0x02ca,0x134b,0x0aea,0x0a69,0x0208,0x01c7,0x0186,0x0166,
0x5c48,0x64c8,0x6cc9,0x32a7,0x2aa8,0x3b0a,0x432b,0x32e7,0x32e7,0x3b08,0x32e8,0x2a86,0x0185,0x01e9,0x022a,0x02cc,
0x030c,0x032d,0x0b0d,0x024a,0x026b,0x026a,0x026b,0x028b,0x02ec,0x036d,0x032d,0x02cc,0x02ec,0x02ec,0x030c,0x02ec,
0x0b6d,0x030c,0x030c,0x030c,0x032c,0x030b,0x0b8d,0x0bee,0x0bee,0x0c0e,0x1450,0x03ce,0x032d,0x02cc,0x02ec,0x02cc,
0x02ec,0x02ec,0x032e,0x034e,0x038e,0x038e,0x038f,0x03af,0x03d0,0x03cf,0x03d0,0x03cf,0x03cf,0x03cf,0x03cf,0x03cf,
0x0410,0x0410,0x0430,0x0450,0x0491,0x04d1,0x0cd2,0x0491,0x0491,0x0470,0x0471,0x0450,0x0451,0x0430,0x0451,0x0430,
0x0471,0x0451,0x0451,0x0430,0x0451,0x0450,0x0471,0x0471,0x0492,0x04f2,0x0d32,0x0d32,0x0d13,0x0532,0x0d73,0x0d93,
0x15b4,0x0d93,0x0d94,0x0d94,0x0db4,0x15d4,0x1df5,0x15f5,0x1e15,0x2e55,0x56d6,0x3e96,0x2e35,0x2635,0x2636,0x1e15,
0x1df5,0x15b4,0x15b5,0x0d94,0x0db5,0x15f5,0x1e36,0x1e35,0x2635,0x2635,0x3eb5,0x56f5,0x4ed5,0x2e54,0x1df4,0x0dd4,
0x1df5,0x1e35,0x2656,0x1df4,0x15b4,0x0d73,0x1594,0x0d74,0x1594,0x0554,0x0d54,0x0533,0x0d33,0x0513,0x0513,0x04f3,
0x04f3,0x04f2,0x04f3,0x0512,0x0d53,0x0533,0x0d33,0x0d53,0x1594,0x0d12,0x04b2,0x0492,0x0492,0x0471,0x0472,0x0451,
0x0451,0x0451,0x0472,0x0472,0x0492,0x0471,0x0451,0x0430,0x0431,0x0430,0x0431,0x0410,0x0410,0x03f0,0x0410,0x03f0,
0x0430,0x0430,0x0451,0x0430,0x0451,0x0471,0x0cb2,0x0cd2,0x04b2,0x0491,0x25b4,0x3e35,0x3e14,0x2593,0x14d1,0x0470,
0x0450,0x0410,0x03b0,0x03ae,0x0bee,0x03ee,0x03ce,0x038d,0x038d,0x038d,0x038e,0x036d,0x036d,0x036d,0x034d,0x032c,
0x034d,0x032c,0x034d,0x034c,0x032c,0x02eb,0x0acc,0x028b,0x02cc,0x02ec,0x02ec,0x02cc,0x02ed,0x02cc,0x02cc,0x0aeb,
0x02aa,0x02aa,0x0aeb,0x028a,0x0aab,0x2bae,0x7db7,0x6d55,0x4471,0x02ea,0x0248,0x01e7,0x01e8,0x01c7,0x01e8,0x01a6,
0x434a,0x4ba7,0x5446,0x4ba9,0x32c7,0x32c7,0x32e8,0x4349,0x436a,0x32e8,0x1a65,0x19c5,0x0166,0x022a,0x0209,0x02cb,
0x032c,0x034d,0x02cb,0x02ab,0x02ab,0x028b,0x026a,0x026b,0x02cc,0x0b8e,0x030c,0x02ec,0x02ec,0x02ec,0x02eb,0x02ec,
0x02cb,0x02ec,0x02ec,0x030c,0x030c,0x034c,0x0bae,0x140e,0x0bcd,0x140f,0x0bae,0x032c,0x02eb,0x02ec,0x02ec,0x032d,
0x034e,0x036e,0x034d,0x036e,0x036e,0x038e,0x038e,0x03af,0x03af,0x03cf,0x03cf,0x03cf,0x03cf,0x03cf,0x03af,0x03cf,
0x03cf,0x0410,0x0410,0x0450,0x0470,0x04b1,0x04d1,0x04d1,0x04b1,0x04d1,0x04b1,0x0471,0x0450,0x0451,0x0450,0x0471,
0x0471,0x0471,0x0450,0x0451,0x0450,0x0471,0x0470,0x0491,0x0491,0x0d33,0x15b3,0x1573,0x0d53,0x1594,0x0d73,0x0d94,
0x0d93,0x0d73,0x0593,0x15d4,0x15d5,0x15f5,0x0db4,0x15d3,0x1df4,0x4695,0x4eb5,0x2e35,0x1e15,0x1e16,0x15f5,0x15d5,
0x0db4,0x0db5,0x0d94,0x0d94,0x0594,0x0dd5,0x15d4,0x1e15,0x1e15,0x3655,0x2e34,0x1e15,0x15d4,0x15b4,0x0594,0x0db4,
0x0d93,0x15b4,0x0db4,0x0db4,0x0553,0x0d74,0x0d94,0x15b4,0x15b4,0x15b4,0x0573,0x0d74,0x0d93,0x1594,0x0553,0x0533,
0x0513,0x0533,0x0532,0x0553,0x0552,0x0d73,0x0d72,0x1dd4,0x15b3,0x0d12,0x04b1,0x0492,0x0471,0x0471,0x0451,0x0451,
0x0431,0x0451,0x0451,0x0471,0x0471,0x0472,0x0451,0x0451,0x0430,0x0451,0x0430,0x0430,0x0410,0x0410,0x03ef,0x0410,
0x0410,0x0430,0x0410,0x0430,0x0430,0x0471,0x0450,0x0471,0x0490,0x0470,0x04b0,0x1d73,0x1d52,0x2593,0x1572,0x1532,
0x0cd1,0x0491,0x0430,0x03d0,0x03ae,0x0bef,0x03ad,0x03ae,0x036d,0x038d,0x036d,0x038d,0x036d,0x036d,0x034c,0x034d,
0x032c,0x032d,0x032c,0x034c,0x02eb,0x02ab,0x024a,0x028b,0x030d,0x032d,0x02ec,0x02ec,0x02cc,0x02ec,0x030c,0x13ce,
0x13ce,0x1bce,0x032b,0x02cb,0x02aa,0x026a,0x1b2d,0x7db7,0xbf7d,0x9679,0x230c,0x09e8,0x01c8,0x0209,0x01c7,0x01a7,
0x32e7,0x2aa4,0x2284,0x3307,0x32e7,0x2a86,0x3b29,0x436a,0x4b8c,0x2aa7,0x2aa7,0x0985,0x2aeb,0x0b0b,0x02cb,0x02cb,
0x030c,0x030c,0x030c,0x02cc,0x0b0d,0x02ab,0x02cc,0x02cb,0x02ab,0x02ab,0x02cb,0x02ab,0x02ec,0x02ec,0x02ec,0x02cb,
0x02cc,0x02cc,0x02ec,0x02ec,0x0b0d,0x030c,0x0b4c,0x036c,0x2caf,0x24d1,0x034d,0x032c,0x036e,0x038e,0x0baf,0x038e,
0x03af,0x038e,0x03af,0x038e,0x036e,0x036e,0x038f,0x038e,0x03af,0x03af,0x03d0,0x03cf,0x03f0,0x03cf,0x03ef,0x03cf,
0x03f0,0x03f0,0x0410,0x0430,0x0450,0x0470,0x14f2,0x1532,0x1d53,0x0d32,0x04d1,0x0470,0x0471,0x0470,0x0471,0x0470,
0x0471,0x0471,0x0471,0x0470,0x0491,0x0491,0x04b1,0x04b1,0x0d13,0x1593,0x1df4,0x15b3,0x15b4,0x0d94,0x0d94,0x0573,
0x0d94,0x0db4,0x15f5,0x15d4,0x0db4,0x0573,0x15b3,0x1df4,0x3eb6,0x5f16,0x56f7,0x2614,0x15f5,0x15d5,0x15d5,0x0db5,
0x0db5,0x0d94,0x0d95,0x0594,0x0594,0x0db4,0x15d4,0x1e15,0x3696,0x2e35,0x15d4,0x0594,0x0db4,0x0593,0x0593,0x0573,
0x0d94,0x0d94,0x0d74,0x0553,0x0554,0x0533,0x0553,0x0552,0x0d74,0x0d73,0x0d74,0x0d73,0x1db4,0x25f5,0x2e36,0x1df4,
0x1594,0x0d74,0x1574,0x15b4,0x25f5,0x25f4,0x25f4,0x1dd4,0x1593,0x0511,0x04d2,0x0491,0x0492,0x0471,0x0471,0x0451,
0x0451,0x0431,0x0451,0x0451,0x0472,0x0471,0x0492,0x0471,0x0471,0x0451,0x0451,0x0430,0x0431,0x0410,0x0410,0x0410,
0x0410,0x0410,0x0410,0x0410,0x0430,0x0410,0x0410,0x040f,0x0450,0x0450,0x0cd1,0x35f4,0x2572,0x04b0,0x04f1,0x0d11,
0x1532,0x0d12,0x0cd1,0x0471,0x0410,0x03ae,0x03ce,0x03ad,0x038e,0x034d,0x034d,0x034c,0x038d,0x036d,0x036d,0x030c,
0x030c,0x030c,0x030c,0x02eb,0x02cb,0x02aa,0x02cb,0x02cb,0x032d,0x034d,0x032d,0x02ec,0x02cc,0x02ac,0x02ec,0x032c,
0x0b4d,0x0b2c,0x1bee,0x1c0e,0x0b0b,0x02eb,0x02eb,0x0289,0x1b2d,0x4bf0,0x2b2d,0x236e,0x1b2e,0x0a6a,0x0a2a,0x0209,
0x2264,0x1a44,0x1a24,0x2265,0x22a5,0x32e8,0x3309,0x434a,0x3308,0x32c8,0x1a06,0x2248,0x33ef,0x1bed,0x036b,0x02cc,
0x02aa,0x0b6d,0x030c,0x02ec,0x02ec,0x030c,0x030c,0x030c,0x030c,0x0b2d,0x026a,0x028b,0x02ab,0x0b0c,0x02ec,0x02ec,
0x02ab,0x02cc,0x02ab,0x02cc,0x02cb,0x02ec,0x030c,0x2490,0x5655,0x2511,0x03ce,0x03ef,0x03ce,0x03ef,0x03ae,0x03ae,
0x038e,0x03af,0x038e,0x036e,0x036e,0x036e,0x036e,0x038f,0x038e,0x03cf,0x03cf,0x03cf,0x03cf,0x03ef,0x03cf,0x03f0,
0x03ef,0x03f0,0x03f0,0x0410,0x042f,0x0450,0x0c91,0x14f2,0x0d12,0x0cf1,0x04b1,0x04b1,0x0490,0x0cb1,0x0491,0x0491,
0x0470,0x0491,0x0470,0x0491,0x0491,0x04b1,0x04b1,0x0512,0x1573,0x2614,0x2634,0x1e14,0x0db3,0x0db4,0x0d94,0x0db4,
0x15d4,0x15f5,0x0d93,0x0573,0x0572,0x15f4,0x2655,0x3eb6,0x46f6,0x6737,0x46b6,0x1e15,0x0dd4,0x15d5,0x0db5,0x0db5,
0x0594,0x0d95,0x0594,0x0d95,0x0594,0x0dd4,0x05b4,0x1e35,0x2634,0x15d4,0x0573,0x0553,0x0532,0x0533,0x0532,0x0553,
0x0553,0x0574,0x0554,0x0534,0x0533,0x0533,0x0513,0x0533,0x0533,0x0553,0x0533,0x0d54,0x0d73,0x15b4,0x1df4,0x2e35,
0x25f4,0x2e34,0x2e34,0x2e34,0x2633,0x2634,0x15b3,0x0532,0x0511,0x0512,0x04f2,0x04d2,0x0491,0x0491,0x0451,0x0451,
0x0430,0x0431,0x0431,0x0451,0x0451,0x0492,0x04b2,0x04b2,0x0471,0x0471,0x0450,0x0451,0x0430,0x0431,0x0410,0x0431,
0x0410,0x0430,0x0410,0x0410,0x03ef,0x0410,0x03ef,0x0410,0x040f,0x0450,0x04b0,0x4655,0x3e34,0x04b1,0x0471,0x0491,
0x0490,0x0490,0x04b0,0x04b1,0x0491,0x14b2,0x0450,0x03ce,0x038d,0x034d,0x02ec,0x030c,0x034d,0x034d,0x032c,0x034d,
0x034c,0x032c,0x030c,0x0b2c,0x030b,0x0b4d,0x0b8e,0x034d,0x032c,0x036d,0x032d,0x02ec,0x02eb,0x030c,0x02ec,0x0b4d,
0x0b0c,0x02ab,0x02cb,0x134d,0x02cb,0x0acc,0x02eb,0x030c,0x02aa,0x01e8,0x0209,0x022a,0x0209,0x020a,0x022a,0x130e,
0x2265,0x1a45,0x2a66,0x2265,0x22a5,0x2285,0x2aa8,0x32e8,0x2ac6,0x2a86,0x2a68,0x6cf4,0x0229,0x44cf,0x2c8e,0x030b,
0x0b2c,0x1c10,0x030d,0x030c,0x02ed,0x02ec,0x032d,0x034d,0x0b8e,0x0bae,0x02ab,0x028b,0x02ab,0x028b,0x02ab,0x02ab,
0x02cc,0x02cb,0x02cc,0x02cc,0x030d,0x034d,0x038e,0x1490,0x14d0,0x044f,0x0430,0x03ef,0x03ef,0x03ae,0x03ae,0x038e,
0x038e,0x036d,0x036e,0x036e,0x038f,0x036e,0x038f,0x03af,0x03af,0x03cf,0x03ef,0x03ef,0x03f0,0x03ef,0x03f0,0x03ef,
0x03f0,0x03ef,0x0410,0x0410,0x0430,0x0430,0x0471,0x0470,0x0cb1,0x04b0,0x04b1,0x04b1,0x0cd2,0x04d1,0x0cd2,0x04b1,
0x04b1,0x04b1,0x04d2,0x04d1,0x0cf2,0x04f1,0x0d33,0x1594,0x2615,0x2e54,0x46b5,0x3654,0x1e14,0x1e14,0x1e36,0x2635,
0x1df5,0x0d93,0x0d93,0x0db4,0x2655,0x36b6,0x3ed6,0x3ed5,0x4ef6,0x4ed5,0x2e55,0x15d5,0x15f5,0x15d5,0x15d5,0x0db5,
0x0db5,0x0d94,0x0d95,0x0db5,0x0dd5,0x05b3,0x1e14,0x2635,0x1e14,0x0593,0x0574,0x0533,0x0d53,0x0533,0x0533,0x0513,
0x0534,0x0533,0x0d54,0x0533,0x0534,0x0513,0x0533,0x0513,0x0533,0x0533,0x0554,0x0554,0x0d94,0x0d93,0x15b4,0x15b4,
0x1df4,0x1df4,0x2e34,0x3674,0x46b5,0x3654,0x1db3,0x0532,0x0533,0x0512,0x0d12,0x04f2,0x04b2,0x0491,0x0492,0x0471,
0x0451,0x0431,0x0451,0x0450,0x0471,0x0491,0x04d2,0x04d2,0x0cd2,0x0491,0x0c92,0x0471,0x0471,0x0471,0x0452,0x0431,
0x0431,0x0430,0x0431,0x03f0,0x0410,0x03f0,0x0410,0x0410,0x0430,0x0450,0x0490,0x1d12,0x2553,0x0490,0x0471,0x0450,
0x0471,0x0450,0x0450,0x0430,0x0491,0x0cf2,0x1d33,0x14d2,0x0c30,0x038e,0x034d,0x032d,0x032d,0x030c,0x034d,0x038e,
0x03ae,0x03ae,0x0bae,0x036e,0x0b4d,0x034d,0x0bcf,0x03ae,0x036d,0x034c,0x036d,0x0bcd,0x2cd0,0x24af,0x13ce,0x030c,
0x0b0c,0x0aec,0x0aab,0x026a,0x026a,0x026a,0x0aab,0x02eb,0x02eb,0x02cb,0x02cc,0x028b,0x022a,0x01e9,0x01a8,0x0188,
0x2a86,0x2a87,0x2a87,0x2287,0x2286,0x2285,0x1a65,0x2265,0x2a86,0x11c5,0x7d34,0x2b0d,0x0209,0x6d73,0x34ad,0x1bed,
0x65d6,0x2472,0x02cb,0x030d,0x02ec,0x030c,0x034c,0x038e,0x034d,0x032d,0x02ec,0x02ec,0x02cb,0x02ec,0x02cc,0x02ec,
0x02ec,0x030c,0x02ec,0x030d,0x032d,0x036e,0x03ce,0x042f,0x040f,0x040f,0x03ef,0x03ef,0x03ae,0x03ae,0x038d,0x038e,
0x034d,0x036e,0x036d,0x036e,0x036e,0x038f,0x038e,0x03af,0x03af,0x03cf,0x03cf,0x03ef,0x03cf,0x03f0,0x03cf,0x03ef,
0x03cf,0x03f0,0x03ef,0x0410,0x040f,0x0430,0x0430,0x0470,0x0491,0x0cf2,0x04b0,0x0490,0x0490,0x0491,0x04b1,0x0cf2,
0x0d12,0x0d33,0x0512,0x0d12,0x0512,0x0d53,0x1573,0x1593,0x2df3,0x5ed5,0x6715,0x6f36,0x5f37,0x5717,0x46d6,0x3eb6,
0x2635,0x1df4,0x15f4,0x2635,0x2655,0x2e55,0x2634,0x2e55,0x3674,0x3e95,0x2655,0x15f4,0x0dd4,0x15d5,0x0dd5,0x15d5,
0x0db4,0x15b5,0x0d94,0x0db5,0x0db4,0x1df4,0x2e34,0x1df5,0x0573,0x0554,0x0533,0x0533,0x0513,0x0513,0x04f3,0x0513,
0x0513,0x0533,0x0533,0x0533,0x0533,0x0533,0x0513,0x0533,0x0513,0x0533,0x0533,0x0554,0x0d74,0x0d94,0x0d93,0x15b4,
0x0db4,0x15d4,0x15d3,0x2e14,0x4695,0x4eb5,0x25f3,0x1573,0x0d53,0x0d33,0x04f1,0x04d2,0x04b1,0x0492,0x0471,0x0471,
0x0451,0x0451,0x0451,0x0471,0x0471,0x0492,0x04b1,0x04d2,0x04b1,0x04b2,0x0471,0x0492,0x0471,0x0472,0x0430,0x0411,
0x03f0,0x0410,0x03ef,0x03f0,0x03cf,0x03f0,0x03ef,0x0410,0x0430,0x0471,0x0470,0x04b1,0x04b1,0x0471,0x040f,0x042f,
0x0450,0x0470,0x042f,0x0430,0x042f,0x0470,0x0470,0x0cb1,0x0450,0x040f,0x03ae,0x038e,0x034d,0x036e,0x038e,0x03ae,
0x03ae,0x03ae,0x038d,0x036e,0x032d,0x032d,0x038d,0x03ae,0x0bae,0x140f,0x03cd,0x24d0,0x2d10,0x144e,0x034b,0x030c,
0x02cb,0x02ab,0x028a,0x028b,0x026a,0x026a,0x024a,0x028a,0x02ab,0x02cc,0x02cb,0x02ab,0x024a,0x022a,0x01e9,0x01c9,
0x32a8,0x2aa8,0x2a88,0x2aa9,0x32e8,0x22a5,0x2285,0x2265,0x11a4,0x3b2c,0x4baf,0x0186,0x0a8b,0x2bcd,0x0b8a,0x6d94,
0xefff,0x3513,0x036d,0x030c,0x030d,0x030c,0x036e,0x038d,0x034d,0x032c,0x032d,0x02ec,0x030c,0x030c,0x032d,0x030c,
0x032d,0x032c,0x034d,0x034d,0x036e,0x03ae,0x0c30,0x03ef,0x03ef,0x03ce,0x03cf,0x03ae,0x03cf,0x03ae,0x03ae,0x03ae,
0x038e,0x038e,0x03ae,0x038e,0x03af,0x03af,0x03cf,0x03cf,0x03f0,0x03cf,0x03ef,0x03ef,0x0410,0x03f0,0x0410,0x03ef,
0x03f0,0x03f0,0x0410,0x040f,0x0410,0x040f,0x0430,0x0450,0x0cb1,0x0d12,0x1533,0x04b1,0x0491,0x0490,0x04d2,0x0d33,
0x1d74,0x1553,0x0d53,0x0d33,0x0d33,0x0d33,0x1573,0x1db3,0x46b6,0x5f36,0x6737,0x4eb6,0x3e76,0x3655,0x2e55,0x2635,
0x1df4,0x0db3,0x15b4,0x0d93,0x0d94,0x0d74,0x0d94,0x0d93,0x2615,0x3696,0x3ed6,0x2634,0x15d5,0x15d5,0x15f6,0x15d5,
0x15d5,0x0db5,0x0db5,0x0db5,0x1df5,0x2635,0x15f5,0x0553,0x0d53,0x0533,0x0534,0x0513,0x0d14,0x04f3,0x0513,0x04f3,
0x0513,0x0513,0x0534,0x0533,0x0534,0x0533,0x0533,0x0533,0x0554,0x0533,0x0554,0x0553,0x0d74,0x0573,0x0d94,0x0d94,
0x15d5,0x0dd4,0x1dd4,0x1dd4,0x2e35,0x3654,0x2614,0x1593,0x1594,0x0d53,0x0512,0x04d1,0x04d2,0x04b1,0x0492,0x0471,
0x0472,0x0471,0x0472,0x0471,0x04b2,0x0491,0x04b2,0x04b1,0x04b2,0x0491,0x0492,0x0471,0x0492,0x0451,0x0431,0x0410,
0x0411,0x03f0,0x03f0,0x03cf,0x03f0,0x03d0,0x03f0,0x0410,0x0451,0x0450,0x0471,0x0470,0x0cd2,0x0470,0x0430,0x040f,
0x0450,0x0470,0x0470,0x0450,0x0430,0x040f,0x0430,0x042f,0x0450,0x040f,0x0410,0x03ef,0x03f0,0x03af,0x03af,0x03af,
0x03cf,0x03af,0x038f,0x034d,0x036e,0x036e,0x038e,0x03ae,0x03cf,0x0c0e,0x1caf,0x24af,0x0bee,0x034c,0x036d,0x032c,
0x02ec,0x02cb,0x028b,0x026a,0x026a,0x026a,0x026b,0x024a,0x026b,0x02cb,0x0b2d,0x02ec,0x02ec,0x028a,0x022a,0x0209,
0x2a88,0x32a8,0x2a89,0x2aa9,0x1a46,0x11e5,0x0983,0x11a4,0x0165,0x1a2a,0x0187,0x01e8,0x0248,0x0b2b,0x030a,0xbf1b,
0x9638,0x2430,0x0bef,0x036d,0x032c,0x0b8d,0x036d,0x036d,0x036d,0x036d,0x032c,0x030c,0x030c,0x030d,0x030d,0x034d,
0x034d,0x036d,0x036d,0x036e,0x03ce,0x044f,0x040e,0x03ae,0x038e,0x038e,0x038e,0x03cf,0x03ae,0x03cf,0x03cf,0x03cf,
0x03ce,0x03ae,0x03ae,0x03cf,0x03ae,0x03cf,0x03cf,0x03f0,0x03cf,0x03ef,0x03cf,0x03f0,0x03ef,0x03f0,0x03ef,0x03f0,
0x03ef,0x03f0,0x03f0,0x0410,0x040f,0x0430,0x042f,0x0470,0x0470,0x0cf1,0x1552,0x1552,0x04d1,0x04d1,0x0512,0x1573,
0x1573,0x1574,0x0d33,0x0d53,0x0d32,0x1573,0x1db3,0x2e35,0x3695,0x3ed7,0x2e56,0x25f5,0x15d4,0x0d94,0x0573,0x0573,
0x0532,0x0553,0x0533,0x0533,0x0533,0x0533,0x0553,0x0d94,0x15d4,0x2614,0x3674,0x3e74,0x1df4,0x15d5,0x15d5,0x15d5,
0x0dd4,0x0dd5,0x0dd5,0x15f5,0x2635,0x1e14,0x0574,0x0574,0x0533,0x0534,0x0513,0x0514,0x0513,0x0513,0x04f3,0x0513,
0x04f2,0x0513,0x0513,0x0534,0x0533,0x0534,0x0533,0x0554,0x0533,0x0554,0x0533,0x0554,0x0553,0x0554,0x0553,0x0d74,
0x0573,0x0d94,0x0d93,0x1dd4,0x1df4,0x2634,0x2634,0x1db4,0x0552,0x0553,0x0512,0x04f2,0x04d2,0x04d2,0x04b1,0x0492,
0x0471,0x0491,0x0491,0x04b2,0x04b1,0x04b2,0x04b1,0x04b2,0x0491,0x0492,0x0472,0x0472,0x0451,0x0451,0x0410,0x0411,
0x03f0,0x03f0,0x03f0,0x03f0,0x03cf,0x03f0,0x03cf,0x0410,0x0430,0x0451,0x0450,0x0450,0x0490,0x0490,0x040f,0x0410,
0x042f,0x0470,0x0470,0x0430,0x040f,0x03ef,0x03ef,0x040f,0x03ef,0x040f,0x040f,0x040f,0x042f,0x044f,0x042f,0x040f,
0x03ce,0x03ae,0x038e,0x036e,0x036d,0x038e,0x036d,0x03ae,0x03ed,0x2ccf,0x3d72,0x2490,0x03cd,0x0bae,0x038e,0x032d,
0x02ec,0x02cc,0x02ab,0x02ab,0x028a,0x026a,0x024a,0x026a,0x0229,0x02aa,0x032c,0x032c,0x032c,0x030c,0x028a,0x026a,
0x2aa8,0x2aaa,0x32ca,0x2287,0x11c5,0x0964,0x0144,0x0165,0x0186,0x0187,0x01c8,0x01e8,0x12eb,0x0289,0x6d34,0x6d56,
0x028b,0x030c,0x0b8e,0x034d,0x0b8e,0x0bce,0x03ae,0x0c0f,0x0c50,0x03ef,0x038e,0x034d,0x034d,0x034d,0x038e,0x036e,
0x038e,0x038d,0x03cf,0x0c2f,0x14d1,0x0c90,0x03ef,0x03ae,0x03af,0x038e,0x03af,0x03ae,0x03ef,0x03ef,0x03cf,0x03cf,
0x03ef,0x03cf,0x03cf,0x03cf,0x03ef,0x03cf,0x03f0,0x03cf,0x03f0,0x03ef,0x03f0,0x03f0,0x0410,0x03ef,0x0410,0x0410,
0x0410,0x03f0,0x0410,0x0410,0x0430,0x0430,0x0451,0x0470,0x0490,0x04b0,0x0d12,0x1553,0x1533,0x0d12,0x1573,0x1dd3,
0x2614,0x1594,0x1554,0x1573,0x1dd4,0x15b3,0x25f4,0x2634,0x2e35,0x1df4,0x1dd4,0x1dd5,0x1dd5,0x0d93,0x0d53,0x0553,
0x0d54,0x0553,0x0554,0x0533,0x0533,0x0533,0x0d94,0x15d5,0x15f4,0x15d3,0x2634,0x3674,0x3655,0x1e15,0x1e16,0x15f5,
0x1e16,0x1615,0x1615,0x2655,0x2e76,0x0db4,0x0574,0x0553,0x0554,0x0533,0x0534,0x0513,0x0533,0x0513,0x0534,0x0513,
0x0533,0x0513,0x0534,0x0533,0x0554,0x0533,0x0554,0x0534,0x0554,0x0554,0x0554,0x0533,0x0554,0x0553,0x0574,0x0553,
0x0d74,0x0573,0x15b4,0x15d4,0x1df4,0x1e14,0x1df5,0x1593,0x0d53,0x0532,0x0d33,0x0513,0x0513,0x04f2,0x04d3,0x04b2,
0x04b2,0x04b1,0x04d2,0x04f2,0x0d13,0x04f2,0x04d2,0x04b2,0x0492,0x0471,0x0472,0x0451,0x0451,0x0451,0x0431,0x0410,
0x0411,0x03f0,0x0410,0x03f0,0x03f0,0x03f0,0x0410,0x0410,0x0430,0x0450,0x0471,0x0471,0x14f2,0x0cd0,0x0450,0x040f,
0x0430,0x0450,0x0471,0x040f,0x03ef,0x03cf,0x03ef,0x03cf,0x03ef,0x03ef,0x040f,0x03ef,0x040f,0x040e,0x1490,0x0c6f,
0x0c70,0x042f,0x042f,0x0c70,0x14d2,0x0c90,0x144f,0x45b2,0x8737,0x9f99,0x4593,0x03ee,0x0bce,0x034d,0x030d,0x030c,
0x030d,0x02cc,0x02cc,0x02ab,0x02ac,0x02ab,0x02cb,0x134d,0x134c,0x02ea,0x0aeb,0x0aeb,0x0aeb,0x02cb,0x0acb,0x028a,
0x2247,0x2a88,0x22a6,0x2ae6,0x2a66,0x00e3,0x0186,0x09c8,0x0187,0x01a8,0x01a6,0x0a8a,0x02aa,0x236d,0x64d3,0x02ab,
0x02ac,0x032d,0x034c,0x036d,0x034d,0x036d,0x038d,0x03ce,0x146f,0x0c4f,0x040e,0x0c0f,0x03ce,0x03ce,0x03ae,0x03ce,
0x040e,0x1490,0x1d10,0x2551,0x2572,0x0cb0,0x03ef,0x03ef,0x03cf,0x03cf,0x03ae,0x03ae,0x03ae,0x03ce,0x03ce,0x03cf,
0x03ce,0x03ef,0x03cf,0x03f0,0x03cf,0x03f0,0x03cf,0x03f0,0x03ef,0x03f0,0x03ef,0x03f0,0x03ef,0x0410,0x03ef,0x0410,
0x03f0,0x0410,0x0410,0x0430,0x0430,0x0451,0x0470,0x0491,0x04b1,0x0cf1,0x04f1,0x1553,0x1d73,0x1d93,0x25f4,0x3675,
0x2614,0x25d4,0x1dd3,0x1df4,0x0db3,0x0d93,0x0d93,0x15b4,0x0d73,0x0d53,0x0d73,0x15b4,0x0db4,0x0d94,0x0553,0x0553,
0x0553,0x0553,0x0533,0x0533,0x0512,0x0554,0x15b4,0x1e16,0x1df5,0x15f5,0x15f4,0x2635,0x3e95,0x3676,0x2635,0x2635,
0x1e36,0x2636,0x3695,0x36d6,0x1615,0x0d94,0x0573,0x0553,0x0553,0x0534,0x0513,0x0514,0x0513,0x0534,0x0513,0x0533,
0x0513,0x0533,0x0513,0x0533,0x0513,0x0534,0x0533,0x0534,0x0533,0x0554,0x0533,0x0553,0x0533,0x0553,0x0533,0x0553,
0x0553,0x0574,0x0593,0x0db4,0x0db3,0x15b4,0x0d93,0x15b3,0x0d73,0x0533,0x0512,0x0533,0x0513,0x0513,0x04d2,0x04d2,
0x04d2,0x04d2,0x04d2,0x0d13,0x0d33,0x0d13,0x04b1,0x04b1,0x0471,0x0472,0x0451,0x0471,0x0451,0x0451,0x0430,0x0411,
0x03f0,0x0410,0x03f0,0x03f0,0x03ef,0x0410,0x0410,0x0430,0x0430,0x0471,0x0471,0x0492,0x1d32,0x1d31,0x0470,0x0430,
0x042f,0x0450,0x042f,0x040f,0x03ce,0x03cf,0x03ce,0x03cf,0x03ce,0x03ef,0x03ee,0x040f,0x042f,0x0430,0x03ee,0x040f,
0x03ef,0x03ee,0x040f,0x044f,0x0470,0x0c90,0x040e,0x2511,0x4594,0x4573,0x1ccf,0x040e,0x032b,0x030c,0x030c,0x030c,
0x02ec,0x02cc,0x02ab,0x02ec,0x0b2c,0x0b2c,0x02eb,0x0b2c,0x1bee,0x1bad,0x0b0a,0x0aea,0x130b,0x130b,0x0a89,0x0a49,
0x2268,0x22a7,0x3307,0x32e7,0x1164,0x1187,0x120a,0x01a8,0x01a8,0x0187,0x0a29,0x02ca,0x0b2c,0x33f0,0x024a,0x024a,
0x02cc,0x034d,0x036d,0x036d,0x034d,0x032d,0x032d,0x034c,0x0c2e,0x1d10,0x2d32,0x1490,0x0c30,0x0c0f,0x0c0f,0x0c50,
0x1490,0x1d11,0x2d92,0x2571,0x1d51,0x0490,0x0451,0x0430,0x0431,0x0430,0x0410,0x03ef,0x03ef,0x03cf,0x03cf,0x03ef,
0x03f0,0x03ef,0x0410,0x0410,0x0410,0x03f0,0x03f0,0x03ef,0x03f0,0x03ef,0x03f0,0x03f0,0x0410,0x0410,0x0430,0x0410,
0x0430,0x0430,0x0451,0x0450,0x0471,0x0471,0x04b1,0x04d1,0x1532,0x0d32,0x1d52,0x1db2,0x2e13,0x3e74,0x6716,0x6735,
0x4e95,0x2df4,0x1db3,0x0d73,0x0554,0x0553,0x0d74,0x0553,0x0d53,0x0533,0x0d53,0x0553,0x0d74,0x0533,0x0d33,0x0533,
0x0533,0x0533,0x0533,0x0533,0x0534,0x0574,0x15b5,0x1df5,0x2636,0x1e36,0x1e36,0x1e35,0x3696,0x3eb6,0x4ed7,0x3696,
0x3eb7,0x56d7,0x4f17,0x1e55,0x0dd5,0x0d94,0x0d94,0x0574,0x0574,0x0534,0x0534,0x0513,0x0534,0x0533,0x0534,0x0533,
0x0534,0x0533,0x0534,0x0513,0x0534,0x0533,0x0534,0x0533,0x0554,0x0554,0x0554,0x0553,0x0d54,0x0553,0x0553,0x0553,
0x0574,0x0593,0x0db4,0x0db3,0x0d94,0x0553,0x15b4,0x1e14,0x25f5,0x0d73,0x0d53,0x0533,0x0d53,0x0533,0x0513,0x04f2,
0x0513,0x04f2,0x0d33,0x0d33,0x0d33,0x04d2,0x04b1,0x0491,0x0492,0x0472,0x0472,0x0451,0x0452,0x0451,0x0431,0x0410,
0x0411,0x0410,0x0410,0x03f0,0x03f0,0x03f0,0x0430,0x0430,0x0451,0x0451,0x0472,0x0471,0x14f2,0x1d11,0x0cb1,0x042f,
0x0450,0x0450,0x0450,0x040f,0x040f,0x03cf,0x03cf,0x03ce,0x03cf,0x03cf,0x042f,0x044f,0x14b1,0x0470,0x040f,0x03ce,
0x038e,0x034d,0x03af,0x03ae,0x03af,0x03ae,0x0c4f,0x0c30,0x03af,0x03ee,0x142f,0x24d0,0x1c2e,0x034c,0x034d,0x030c,
0x02ec,0x02eb,0x0b4d,0x1bce,0x244f,0x1c0d,0x0b4c,0x030a,0x240e,0x1bcd,0x134c,0x0b0b,0x132c,0x12ea,0x12ca,0x0aa9,
0x1a66,0x1205,0x11c5,0x11a5,0x3b0c,0x32ec,0x0166,0x01a8,0x01c8,0x0208,0x0a69,0x0a8a,0x028a,0x028b,0x026a,0x028b,
0x030c,0x036d,0x034d,0x034d,0x032c,0x032d,0x032c,0x03cd,0x0c8f,0x14d0,0x03cd,0x036d,0x036d,0x038e,0x036e,0x038e,
0x03ad,0x03ee,0x0c2e,0x0c4f,0x044e,0x0490,0x0450,0x0471,0x0470,0x0470,0x0450,0x0450,0x0430,0x0410,0x03cf,0x03f0,
0x03ef,0x0410,0x040f,0x0430,0x03f0,0x0410,0x03ef,0x03f0,0x03ef,0x03f0,0x03f0,0x0410,0x03ef,0x0410,0x0410,0x0431,
0x0430,0x0450,0x0430,0x0470,0x0470,0x04b1,0x04b1,0x0d11,0x0d31,0x0d52,0x1593,0x25f4,0x3e54,0x6f36,0x7736,0x6716,
0x3eb5,0x2e34,0x15b3,0x0d74,0x0553,0x0573,0x0553,0x0553,0x0512,0x0512,0x0513,0x0534,0x0513,0x0513,0x04f3,0x0513,
0x04f3,0x0513,0x04f3,0x0533,0x0533,0x0554,0x0553,0x15b4,0x15f5,0x1e16,0x1e36,0x2676,0x2e75,0x46f7,0x6737,0x7737,
0x8757,0x8f79,0x3eb6,0x1e16,0x0dd5,0x0db5,0x0594,0x0594,0x0554,0x0554,0x0513,0x0533,0x0513,0x0533,0x0513,0x0513,
0x0513,0x0513,0x0513,0x0533,0x0513,0x0533,0x0513,0x0533,0x0533,0x0554,0x0533,0x0554,0x0553,0x0554,0x0533,0x0553,
0x0573,0x0db3,0x0d93,0x0db3,0x0d93,0x0d93,0x15d3,0x2e35,0x2e55,0x2e55,0x15b4,0x0d73,0x0552,0x0553,0x0532,0x0533,
0x0532,0x0553,0x0532,0x0533,0x04f2,0x04b2,0x0491,0x0471,0x0471,0x0472,0x0471,0x0471,0x0431,0x0431,0x0410,0x0411,
0x03f0,0x0410,0x03f0,0x0410,0x03ef,0x0410,0x0410,0x0431,0x0430,0x0451,0x0451,0x0451,0x0450,0x0c91,0x0cb1,0x0c90,
0x0450,0x0491,0x0490,0x0450,0x040f,0x040f,0x03ef,0x03ef,0x03ce,0x040f,0x044f,0x0c70,0x044f,0x03ef,0x03ae,0x03ae,
0x034d,0x036e,0x03ae,0x03af,0x03ae,0x0c90,0x1490,0x036e,0x038e,0x03ae,0x038d,0x146f,0x148f,0x1cb1,0x0bef,0x032d,
0x036c,0x13ec,0x13ec,0x244e,0x1c4d,0x1c2d,0x240e,0x1bcd,0x240d,0x242e,0x0b0b,0x132c,0x0b0b,0x130b,0x0aa9,0x0a89,
0x11a6,0x0104,0x21e8,0x7d14,0x43af,0x0146,0x09c8,0x0208,0x0a49,0x0249,0x0229,0x0229,0x028b,0x028b,0x02ab,0x030c,
0x034e,0x032d,0x034d,0x030c,0x034d,0x032d,0x036e,0x0c70,0x0cb1,0x03ae,0x036e,0x034d,0x038e,0x036e,0x038e,0x038e,
0x03ae,0x03ce,0x0bef,0x038e,0x03ae,0x03ee,0x044f,0x0490,0x0cb1,0x0490,0x0491,0x0471,0x0471,0x0430,0x0410,0x0410,
0x0410,0x03ef,0x0410,0x0410,0x0411,0x03f0,0x0410,0x03f0,0x0410,0x03f0,0x0410,0x03f0,0x0410,0x0410,0x0431,0x0450,
0x0451,0x0450,0x0471,0x0470,0x0491,0x04b1,0x0d12,0x0d32,0x1d93,0x1dd3,0x3e55,0x66d6,0x7f97,0x5f35,0x4ed6,0x3696,
0x3eb7,0x3eb7,0x2e57,0x15b4,0x0d95,0x0573,0x0d74,0x0533,0x0533,0x0512,0x0513,0x04f3,0x0513,0x04f2,0x04f3,0x04f3,
0x04f3,0x04f3,0x0513,0x0513,0x0513,0x0513,0x0534,0x0d53,0x1594,0x15b4,0x1df5,0x1e36,0x2e76,0x36b7,0x5ef7,0x9778,
0xc7fb,0x979a,0x46b7,0x2637,0x15f6,0x0db5,0x0db5,0x0594,0x0574,0x0534,0x0534,0x0533,0x0534,0x0513,0x0513,0x0513,
0x0513,0x0513,0x0513,0x0513,0x0513,0x0513,0x0534,0x0533,0x0534,0x0553,0x0554,0x0554,0x0d74,0x0554,0x0d74,0x0d73,
0x15b4,0x0db4,0x15d4,0x0db4,0x15f4,0x1df4,0x2615,0x1df4,0x2635,0x2656,0x2635,0x15d4,0x15b4,0x0d73,0x0d53,0x0552,
0x0d93,0x0db4,0x0d94,0x0532,0x0512,0x04d1,0x04b2,0x0491,0x0492,0x0471,0x0472,0x0451,0x0451,0x0431,0x0431,0x0410,
0x0431,0x0410,0x0431,0x0410,0x0431,0x0430,0x0451,0x0451,0x0451,0x0451,0x0451,0x0430,0x0450,0x0450,0x0cb1,0x14f1,
0x0cb1,0x04b0,0x04b1,0x0470,0x0450,0x042f,0x0430,0x040f,0x0430,0x0430,0x0c71,0x0c71,0x0450,0x03ef,0x03cf,0x038e,
0x038e,0x03ae,0x03cf,0x0bef,0x144f,0x14af,0x0bef,0x032d,0x036e,0x036d,0x036e,0x036d,0x03af,0x040f,0x1cd1,0x1c4f,
0x34d0,0x3d31,0x3d30,0x4550,0x34ce,0x1bec,0x2c2e,0x242e,0x1bcd,0x1bcd,0x134c,0x0aea,0x132b,0x130b,0x1b0b,0x0aca,
0x01a8,0x0a6a,0x5491,0x22ca,0x01a6,0x1a6b,0x01c7,0x0a49,0x0248,0x0228,0x0269,0x12ec,0x028b,0x02ab,0x02ec,0x034d,
0x032d,0x032d,0x030d,0x032d,0x032d,0x032d,0x034d,0x0bef,0x03ae,0x036e,0x034d,0x036d,0x036d,0x036e,0x036d,0x036e,
0x03ae,0x03cf,0x03cf,0x03af,0x036e,0x03cf,0x0490,0x14f1,0x0cb1,0x0490,0x0450,0x0470,0x0450,0x0430,0x0410,0x0430,
0x0410,0x0410,0x03ef,0x0410,0x03f0,0x0410,0x03ef,0x0410,0x03f0,0x0410,0x03f0,0x0410,0x0430,0x0451,0x0450,0x0471,
0x0471,0x0471,0x0471,0x04b1,0x04d1,0x0d33,0x0d53,0x1593,0x2e14,0x3e95,0x56d5,0x6715,0x4674,0x2615,0x1614,0x1e15,
0x25f5,0x2616,0x15d4,0x0d94,0x0d73,0x0533,0x0512,0x0512,0x04f2,0x04f2,0x04d2,0x04f3,0x04d2,0x04d3,0x04d2,0x04f3,
0x04d2,0x04d3,0x04d2,0x04f3,0x04f3,0x04f3,0x04f2,0x0513,0x0513,0x0d54,0x0d93,0x15d5,0x15f5,0x2636,0x2676,0x6718,
0x9f99,0x8798,0x3696,0x1e16,0x0dd5,0x0db5,0x0594,0x0594,0x0554,0x0554,0x0533,0x0533,0x0513,0x0534,0x0513,0x0513,
0x0513,0x0513,0x0513,0x0513,0x0513,0x0513,0x0513,0x0533,0x0513,0x0554,0x0553,0x0574,0x0554,0x0d74,0x0573,0x0d94,
0x0db4,0x15f5,0x15d4,0x15d4,0x0db3,0x15d4,0x15b4,0x1594,0x0d73,0x0d94,0x15d4,0x1e15,0x15d4,0x15d4,0x0d93,0x0d93,
0x15b4,0x1df5,0x0d93,0x0552,0x0512,0x0d12,0x04d1,0x04b2,0x0491,0x0472,0x0451,0x0451,0x0431,0x0451,0x0430,0x0431,
0x0410,0x0431,0x0430,0x0431,0x0430,0x0451,0x0450,0x0451,0x0450,0x0451,0x0430,0x0430,0x0430,0x0470,0x0450,0x14f1,
0x1d72,0x1532,0x04d1,0x04b1,0x0470,0x0450,0x0450,0x0470,0x0470,0x0cb1,0x04b1,0x0471,0x03ef,0x03cf,0x03ce,0x038e,
0x03ae,0x0c0f,0x0c4f,0x1cb0,0x1c6f,0x142e,0x0bcc,0x036c,0x034c,0x032d,0x032d,0x034d,0x032d,0x036d,0x1c8e,0x5e33,
0x6e53,0x4d50,0x4571,0x34cf,0x246d,0x2c4e,0x242d,0x2c6f,0x13ac,0x136c,0x138c,0x132a,0x0b0a,0x132b,0x132b,0x132b,
0x09e9,0x0209,0x01c7,0x0207,0x1aca,0x1aca,0x336c,0x01c7,0x01e7,0x2bce,0x1baf,0x02cc,0x02ac,0x030d,0x034d,0x034d,
0x036e,0x032d,0x032d,0x034d,0x034e,0x034d,0x038e,0x038e,0x036e,0x036d,0x036e,0x036d,0x036e,0x034e,0x036e,0x036e,
0x038e,0x038e,0x03af,0x038e,0x03cf,0x040f,0x0c70,0x0450,0x0450,0x0450,0x0470,0x0450,0x0470,0x0450,0x0451,0x0451,
0x0471,0x0430,0x0410,0x03f0,0x0410,0x03f0,0x0410,0x03f0,0x0410,0x0410,0x0431,0x0430,0x0451,0x0451,0x0471,0x0491,
0x04d2,0x0cf2,0x1534,0x1553,0x1d94,0x1594,0x1573,0x1db4,0x2615,0x25f3,0x2e13,0x1dd2,0x1593,0x0d94,0x15b5,0x15b4,
0x15d5,0x15d5,0x1dd5,0x0573,0x0533,0x0512,0x0512,0x04f2,0x04f3,0x04d2,0x04f3,0x04d2,0x04f3,0x04d2,0x04f3,0x04d2,
0x04f3,0x04d2,0x04f3,0x04d2,0x04f3,0x04d2,0x04f3,0x04f2,0x0533,0x0554,0x0d94,0x0db4,0x15d5,0x15f4,0x1e36,0x3696,
0x6ef7,0x5ef5,0x36b7,0x1e35,0x15d4,0x0db4,0x0d95,0x0d94,0x0d95,0x0d74,0x0554,0x0533,0x0534,0x0513,0x0513,0x0513,
0x0513,0x0513,0x0513,0x0513,0x0534,0x0513,0x0533,0x0533,0x0533,0x0533,0x0d74,0x0554,0x0d74,0x0d74,0x0d94,0x0d94,
0x15d4,0x15d4,0x0db4,0x0573,0x0d73,0x0d73,0x0d73,0x0573,0x0d94,0x0573,0x0d93,0x15d4,0x2e15,0x1dd4,0x15b4,0x15b3,
0x1df4,0x15d4,0x0d73,0x0512,0x0d33,0x0512,0x0d13,0x04d2,0x04b2,0x0472,0x0472,0x0471,0x0472,0x0451,0x0451,0x0451,
0x0451,0x0451,0x0451,0x0450,0x0471,0x0471,0x0471,0x0471,0x0492,0x0471,0x0c51,0x0430,0x0450,0x0450,0x0491,0x0cd1,
0x2d94,0x2573,0x1532,0x0d12,0x04d1,0x04b1,0x0cd2,0x0cf1,0x1532,0x0cf2,0x0491,0x042f,0x03ef,0x03af,0x03ef,0x03ce,
0x0c50,0x1cf0,0x1cb0,0x0c4e,0x144e,0x142e,0x140e,0x038c,0x13ce,0x036d,0x034d,0x032c,0x038e,0x0c0d,0x34ef,0x2c8d,
0x6611,0x3d0e,0x244e,0x244d,0x2c6e,0x2c8e,0x3ccf,0x348f,0x240e,0x13ac,0x0b4b,0x0b2b,0x1b4c,0x23cc,0x1b8c,0x134b,
0x0166,0x01a7,0x01e8,0x0a29,0x0227,0x546f,0x3bcc,0x330b,0xa638,0x6514,0x026a,0x02cc,0x032d,0x038e,0x038d,0x036e,
0x032d,0x032d,0x038e,0x038e,0x034d,0x03ae,0x03cf,0x03cf,0x036d,0x036e,0x036e,0x036e,0x034d,0x034e,0x032e,0x034e,
0x034d,0x036e,0x036e,0x038e,0x03ae,0x03ef,0x03ef,0x03ef,0x03ee,0x0450,0x04b1,0x04d1,0x04b0,0x04b1,0x0490,0x0cb2,
0x04b1,0x0471,0x0430,0x0410,0x03ef,0x0410,0x03f0,0x0410,0x0410,0x0430,0x0430,0x0451,0x0451,0x0492,0x0491,0x04d2,
0x0d12,0x1594,0x1574,0x1574,0x0d12,0x0d32,0x1573,0x1dd3,0x15d2,0x25f2,0x1592,0x1572,0x0d73,0x0d94,0x0d93,0x0d94,
0x0d93,0x0db4,0x0d94,0x0553,0x0512,0x0512,0x04f2,0x04f2,0x04d2,0x04f3,0x04d2,0x04d2,0x04d2,0x04d2,0x04d2,0x04d2,
0x04b2,0x04d2,0x04b2,0x04d2,0x04b2,0x04d2,0x04d2,0x04f3,0x0512,0x0554,0x0554,0x0574,0x0d94,0x15d5,0x15f5,0x2676,
0x46b5,0x5ef7,0x56d6,0x4f17,0x2e54,0x15f4,0x15d4,0x15f5,0x0db4,0x0d95,0x0554,0x0554,0x0533,0x0533,0x0513,0x0513,
0x0513,0x0513,0x0513,0x0513,0x0513,0x0513,0x0513,0x0533,0x0533,0x0553,0x0554,0x0d74,0x0573,0x0d94,0x0d94,0x15d5,
0x15f4,0x15d4,0x0573,0x0573,0x0552,0x0553,0x0532,0x0533,0x0533,0x0553,0x0552,0x0d93,0x1df3,0x2e14,0x25f3,0x2614,
0x1df3,0x1593,0x0512,0x04f2,0x04f2,0x04f2,0x04d1,0x04d2,0x0491,0x0492,0x0471,0x0472,0x0471,0x0471,0x0471,0x0472,
0x0471,0x0471,0x0451,0x0471,0x0491,0x04b2,0x0492,0x04b2,0x04b1,0x0492,0x0451,0x0430,0x0450,0x0491,0x0491,0x0491,
0x1511,0x2552,0x1d11,0x1553,0x0d32,0x1532,0x1552,0x1d72,0x1572,0x0d12,0x042f,0x040f,0x03ce,0x03cf,0x0c71,0x14d1,
0x0c8f,0x14d0,0x0c4e,0x0c2d,0x0c2d,0x146f,0x0c0d,0x0bad,0x0bcd,0x0c2f,0x036d,0x0b6d,0x0bce,0x1c4e,0x2cee,0x244c,
0x3cee,0x454f,0x2ccf,0x246e,0x2cae,0x34ef,0x3cef,0x34cf,0x1bed,0x242e,0x13ac,0x0b4b,0x240d,0x2c4e,0x1bcc,0x138c,
0x0187,0x01c8,0x0209,0x01c8,0x0209,0x1aaa,0x64b2,0xa659,0x54f3,0x02cb,0x0b2d,0x036d,0x03ae,0x03ae,0x038e,0x036d,
0x034e,0x036e,0x03af,0x036e,0x03af,0x03ae,0x03cf,0x03ae,0x038e,0x036e,0x0baf,0x036d,0x034e,0x034e,0x034e,0x034e,
0x036e,0x036e,0x036e,0x038e,0x03ce,0x03ce,0x03f0,0x03ef,0x0410,0x0430,0x0c91,0x0d12,0x1532,0x0cf1,0x0cf1,0x0cf1,
0x0d12,0x04d1,0x0491,0x0450,0x0431,0x0430,0x0431,0x0430,0x0451,0x0451,0x0471,0x0471,0x04b2,0x04d2,0x0d13,0x0d53,
0x1594,0x0d53,0x1553,0x0d13,0x0d33,0x1d93,0x2e14,0x3633,0x46b4,0x25f2,0x1573,0x1573,0x15b4,0x15b4,0x0d94,0x0573,
0x0d74,0x0d73,0x0d74,0x0533,0x0533,0x0513,0x0513,0x04d2,0x04d3,0x04d2,0x04d3,0x04b2,0x04d3,0x04d2,0x04d3,0x04d2,
0x04d2,0x04d2,0x04d2,0x04b2,0x04d3,0x04d2,0x04d3,0x04f2,0x0513,0x0533,0x0d54,0x0533,0x0d74,0x0db4,0x1e16,0x1e35,
0x4ed5,0x8757,0x7f57,0x4ef6,0x2e96,0x1e35,0x2656,0x2636,0x1df6,0x0db4,0x0d94,0x0553,0x0554,0x0533,0x0554,0x0513,
0x0533,0x0513,0x0534,0x0513,0x0534,0x0513,0x0534,0x0513,0x0533,0x0553,0x0d74,0x0d94,0x15b4,0x0d94,0x15d5,0x15f5,
0x1e15,0x15d5,0x15b4,0x0573,0x0574,0x0553,0x0533,0x0513,0x0513,0x0533,0x0553,0x0573,0x1593,0x25f3,0x3654,0x2e34,
0x25f5,0x1574,0x0d33,0x0533,0x0d33,0x0512,0x0513,0x04d2,0x04b2,0x0492,0x04b2,0x0492,0x04b2,0x0492,0x04b2,0x04b2,
0x04b2,0x04b2,0x04b2,0x04b2,0x04d2,0x04d2,0x0cd3,0x04b2,0x0491,0x0451,0x0471,0x0451,0x0471,0x0470,0x0491,0x04d2,
0x2592,0x3e33,0x5655,0x3e14,0x2dd3,0x2dd3,0x3e35,0x3633,0x2df3,0x1531,0x0c90,0x044f,0x1491,0x042f,0x14b1,0x1d11,
0x14d0,0x14d0,0x1cf1,0x1caf,0x148f,0x146f,0x144f,0x140e,0x13ee,0x038d,0x0b8e,0x0bce,0x13ce,0x248f,0x2c6e,0x242e,
0x242e,0x3ccf,0x44f1,0x34cf,0x4530,0x3ccf,0x44f0,0x2c2d,0x1bed,0x1c0d,0x242e,0x1bed,0x3caf,0x3ccf,0x23cd,0x0b4b,
0x0187,0x0187,0x01a7,0x0229,0x0a49,0x4c72,0x4471,0x030b,0x034c,0x0bce,0x038d,0x03ae,0x03ae,0x03ae,0x038d,0x038e,
0x036d,0x03af,0x034d,0x036e,0x036d,0x034e,0x034d,0x036e,0x032d,0x034d,0x034d,0x036e,0x034e,0x036e,0x034e,0x036e,
0x034e,0x036e,0x036e,0x038e,0x03ae,0x03ce,0x03ce,0x03ef,0x040f,0x0430,0x044f,0x14f1,0x1d72,0x2552,0x1551,0x1552,
0x0d12,0x1512,0x0cf2,0x0cd2,0x0491,0x0c92,0x0471,0x0491,0x0491,0x0cd2,0x0cd2,0x0d13,0x0d52,0x1593,0x15d3,0x1df4,
0x1573,0x0d52,0x0d51,0x0d53,0x15b4,0x2e14,0x4694,0x6f35,0x4eb4,0x1df4,0x15d4,0x1df5,0x1df5,0x15b4,0x0553,0x0553,
0x0532,0x0553,0x0512,0x0513,0x0513,0x0513,0x04f2,0x0513,0x04d2,0x04d2,0x04b2,0x04d2,0x04b2,0x04d3,0x04b2,0x04d2,
0x04b2,0x04d2,0x04b2,0x04d2,0x04b2,0x04d3,0x04b2,0x04f2,0x04f2,0x0513,0x0512,0x0533,0x0553,0x1595,0x15f4,0x2654,
0x56d5,0x7777,0x4eb6,0x2636,0x15f5,0x15f5,0x15d4,0x15d5,0x0d94,0x0d94,0x0574,0x0d94,0x0574,0x0d74,0x0532,0x0533,
0x0513,0x0533,0x0513,0x0533,0x0533,0x0533,0x0513,0x0533,0x0533,0x0d74,0x0d93,0x15f4,0x15d4,0x15b5,0x0573,0x0573,
0x0573,0x0d94,0x0573,0x0553,0x0553,0x0533,0x0513,0x0513,0x04f3,0x0513,0x0532,0x0553,0x0d53,0x25f4,0x2e34,0x25f4,
0x1573,0x0d53,0x0512,0x0533,0x0533,0x0513,0x0513,0x0513,0x04d2,0x0cf3,0x04d2,0x04d2,0x04b2,0x04d3,0x04d2,0x04f2,
0x04d2,0x04d2,0x04d2,0x04f2,0x04f2,0x04d2,0x04b1,0x04b1,0x0471,0x0491,0x0471,0x0491,0x0470,0x0491,0x04b1,0x1d93,
0x3e94,0x56d5,0x5694,0x66d4,0x5ed4,0x5695,0x4e74,0x4e74,0x3e33,0x2db3,0x1531,0x14f1,0x0cb0,0x0c2f,0x03ed,0x14b0,
0x14af,0x1cf1,0x2551,0x3572,0x2511,0x0c2e,0x0c0e,0x142e,0x032b,0x02ab,0x0bae,0x0bee,0x0bac,0x2cb0,0x244e,0x244f,
0x1c4e,0x2c6e,0x2c4d,0x5df3,0x4d2f,0x3c8e,0x3cae,0x2c4d,0x1bec,0x240d,0x1c0d,0x240d,0x44ef,0x4510,0x1bed,0x1bcd,
0x0209,0x12ac,0x2bb0,0x238f,0x0a6b,0x0209,0x0269,0x0bce,0x1c71,0x03ce,0x038e,0x03ae,0x0bcf,0x03ce,0x03ce,0x038d,
0x03ce,0x03ae,0x036e,0x036d,0x036e,0x034d,0x036e,0x034e,0x034e,0x032e,0x034e,0x034e,0x036e,0x036e,0x038f,0x036e,
0x036f,0x034e,0x036e,0x038e,0x03af,0x03ae,0x03cf,0x03ef,0x0430,0x0430,0x0470,0x04b0,0x2572,0x2572,0x2593,0x1532,
0x0d12,0x0cd2,0x0cd2,0x04b1,0x0491,0x0491,0x0491,0x0491,0x0cb1,0x04d1,0x0cf2,0x0d12,0x1553,0x1d93,0x25f4,0x25f3,
0x25b4,0x25b3,0x3e34,0x4674,0x4e95,0x5693,0x7714,0x6f36,0x46b6,0x2e56,0x2656,0x1df5,0x1594,0x0d53,0x0533,0x0512,
0x0533,0x0533,0x0533,0x0533,0x0533,0x0513,0x0513,0x0512,0x0513,0x04f2,0x0513,0x04f2,0x04d3,0x04d2,0x04d3,0x04d2,
0x04d2,0x04b2,0x04d2,0x04b2,0x04d3,0x04d2,0x04f3,0x04f2,0x0d13,0x0513,0x0533,0x0553,0x0d74,0x0db4,0x1df5,0x2634,
0x56f6,0x56f6,0x2e35,0x0db4,0x0db4,0x0573,0x0574,0x0554,0x0d74,0x0554,0x0d74,0x0574,0x15b5,0x15d5,0x15d5,0x0db4,
0x15b4,0x0d94,0x0d95,0x0574,0x0d54,0x0553,0x0d74,0x0d74,0x0d95,0x15b5,0x2635,0x2e54,0x2e35,0x15b5,0x0d74,0x0533,
0x0533,0x0533,0x0533,0x0533,0x0533,0x0513,0x0533,0x0513,0x0513,0x0513,0x0513,0x0533,0x0d73,0x1593,0x1dd4,0x0d94,
0x1594,0x0552,0x0532,0x0512,0x0513,0x04f2,0x0513,0x04f3,0x0cf3,0x04f3,0x0d13,0x04f3,0x0514,0x0533,0x0533,0x0513,
0x0d33,0x0d73,0x1574,0x0d53,0x0d33,0x04f2,0x04f2,0x04d2,0x04d2,0x04d2,0x04d2,0x04b2,0x04d2,0x04f1,0x1532,0x3655,
0x5737,0x4ed6,0x5e95,0x76f4,0x7f14,0x4e74,0x3e33,0x2dd2,0x2592,0x1511,0x0cd1,0x0490,0x040f,0x040f,0x040f,0x042f,
0x1490,0x0c8f,0x2d52,0x2d71,0x2cf1,0x03cd,0x03cf,0x03ac,0x13ae,0x0b4d,0x13ce,0x0bcd,0x138d,0x242d,0x2c6f,0x1c4e,
0x246f,0x2c8e,0x348f,0x4551,0x6dd3,0x44ce,0x44ef,0x3cce,0x348e,0x2c2e,0x23ed,0x2c4e,0x5570,0x3ccf,0x1bed,0x242e,
0x13cf,0x2c11,0x12cc,0x020a,0x022a,0x028b,0x032c,0x0bae,0x038d,0x038d,0x038d,0x03ae,0x03ce,0x0bef,0x038d,0x040f,
0x0c50,0x03ce,0x036d,0x036e,0x036d,0x038e,0x036d,0x036e,0x034d,0x034e,0x034e,0x034e,0x034e,0x036e,0x036e,0x038f,
0x036e,0x036e,0x036e,0x038e,0x038e,0x03ae,0x03ae,0x0410,0x042f,0x0430,0x042f,0x0cb1,0x1d52,0x1d52,0x0d11,0x0cf1,
0x04d0,0x0490,0x0470,0x0470,0x0470,0x0470,0x0450,0x0470,0x0470,0x0491,0x0490,0x04b1,0x04b1,0x0d12,0x0d53,0x1573,
0x0d32,0x1552,0x3e53,0x7f56,0x7f34,0x76f4,0x7756,0x6f58,0x3e96,0x2656,0x15d5,0x0d73,0x0512,0x0513,0x04d2,0x04f3,
0x04f3,0x0533,0x0553,0x0d54,0x0513,0x0513,0x0512,0x0513,0x0512,0x0533,0x0513,0x0513,0x04d2,0x04f3,0x04d2,0x04d2,
0x04b2,0x04d2,0x04b2,0x04d2,0x04b2,0x04d2,0x04d2,0x04f3,0x04f2,0x0513,0x0533,0x0554,0x0573,0x0db4,0x15d4,0x2635,
0x3e75,0x2e74,0x0db3,0x0594,0x0573,0x0554,0x0553,0x0554,0x0533,0x0554,0x0553,0x0554,0x0573,0x15b5,0x15f5,0x2635,
0x1e15,0x1df5,0x1594,0x0d74,0x0533,0x0554,0x0d74,0x0d95,0x0573,0x0d94,0x15d4,0x1dd3,0x15b3,0x1594,0x0553,0x0533,
0x0512,0x0513,0x0512,0x04f2,0x04f2,0x0513,0x0513,0x0533,0x0513,0x0513,0x0512,0x0513,0x0532,0x0d73,0x0d93,0x1594,
0x0573,0x0d73,0x0532,0x0532,0x04f2,0x04d2,0x04d2,0x04d2,0x04b1,0x04d2,0x04d2,0x04f3,0x0513,0x0d33,0x0d53,0x1594,
0x0d53,0x0d53,0x0d33,0x0d33,0x0d53,0x0d53,0x0d53,0x0d33,0x0532,0x0533,0x0512,0x0d13,0x0d32,0x1574,0x2df5,0x4ed7,
0x5739,0x8779,0xafb8,0x9756,0x4e94,0x3634,0x25f4,0x1db3,0x0d11,0x04d1,0x04b0,0x0491,0x03ce,0x03ef,0x03ce,0x0c0f,
0x0c6f,0x0c90,0x1d11,0x1cd0,0x24d0,0x0c0e,0x036d,0x0c2e,0x1c90,0x0bad,0x140e,0x244e,0x0bac,0x2c6e,0x2c6e,0x244e,
0x1c6d,0x4d50,0x5550,0x452f,0x7654,0x5d71,0x450e,0x44ce,0x4d2f,0x44ef,0x1bec,0x136b,0x240d,0x240c,0x1bcc,0x2c4f,
0x0a0a,0x01c8,0x01e8,0x0209,0x024a,0x030c,0x0b8e,0x036d,0x038d,0x038d,0x03ae,0x03ae,0x03ae,0x03ae,0x1450,0x0cb1,
0x042f,0x036d,0x038e,0x036d,0x036e,0x036d,0x038e,0x036e,0x036e,0x034e,0x036f,0x034e,0x036e,0x036e,0x038f,0x038e,
0x038f,0x036e,0x038f,0x038e,0x03ae,0x03ae,0x03cf,0x03ef,0x0430,0x0430,0x0471,0x0c91,0x14f2,0x0cd1,0x04d1,0x04d1,
0x0cf2,0x0490,0x0491,0x0470,0x0491,0x0470,0x0471,0x0470,0x0491,0x0490,0x0491,0x04b1,0x04d2,0x0512,0x0d33,0x04f2,
0x0512,0x1592,0x56b4,0x6715,0x5ed5,0x56b5,0x7f58,0x7758,0x3e75,0x0db3,0x0d53,0x0512,0x0513,0x04f3,0x04f3,0x04f3,
0x0514,0x0533,0x0d74,0x0533,0x0533,0x0513,0x0533,0x0513,0x0534,0x0533,0x0554,0x0533,0x0d13,0x04f3,0x04f3,0x04d2,
0x04d2,0x04d2,0x04d2,0x04b2,0x04d3,0x04d2,0x04f3,0x04f3,0x0513,0x0513,0x0554,0x0553,0x0d94,0x0db4,0x15f5,0x2615,
0x2e55,0x15f4,0x0db5,0x0574,0x0d54,0x0534,0x0554,0x0533,0x0554,0x0533,0x0554,0x0553,0x0554,0x0553,0x0d94,0x15b4,
0x15d5,0x0d74,0x0554,0x0533,0x0533,0x0533,0x0554,0x0533,0x0533,0x0533,0x0d54,0x0d53,0x0d74,0x0554,0x0d54,0x0533,
0x0533,0x04f2,0x04f3,0x04f2,0x04f2,0x04f2,0x0513,0x0513,0x0533,0x0533,0x0533,0x0513,0x0533,0x0552,0x1df4,0x2614,
0x15b4,0x0573,0x0d53,0x0512,0x0512,0x04d2,0x04f2,0x04d2,0x04d2,0x04b1,0x04d2,0x04f2,0x04f3,0x0533,0x1574,0x0d74,
0x0513,0x04d2,0x04d3,0x04d2,0x0513,0x0d53,0x1594,0x15b4,0x1dd5,0x15b4,0x15b4,0x0d73,0x1594,0x1db4,0x3656,0x46b7,
0x6738,0x97b9,0xafd9,0x6f36,0x3675,0x25f4,0x25d4,0x1d53,0x0cd1,0x0490,0x04d1,0x0470,0x03ef,0x03cf,0x0bcf,0x038d,
0x0c2f,0x0c6f,0x0c4f,0x040e,0x146f,0x144f,0x038e,0x1c70,0x13ee,0x038c,0x1c6e,0x1c8e,0x1c0e,0x242d,0x348f,0x242e,
0x3cef,0x6dd1,0x7df1,0x5db1,0x5d70,0x7e94,0x65b0,0x44cd,0x3cae,0x450f,0x450f,0x2c4e,0x1bad,0x1bac,0x2c4e,0x242e,
0x0209,0x022a,0x0209,0x0229,0x02cb,0x0b8e,0x036d,0x038d,0x036d,0x038d,0x036d,0x038d,0x036d,0x0c0f,0x1450,0x03ae,
0x034d,0x034d,0x032d,0x034d,0x034d,0x036e,0x036d,0x038e,0x036e,0x036e,0x036e,0x036e,0x034d,0x036e,0x036e,0x038e,
0x038e,0x038f,0x036e,0x038e,0x038e,0x03ae,0x03ae,0x03ef,0x0410,0x0451,0x0450,0x0450,0x0490,0x04b1,0x0490,0x04b1,
0x04d1,0x04b1,0x0470,0x0491,0x0491,0x0491,0x0470,0x0471,0x0470,0x0471,0x0490,0x04b1,0x04f1,0x0d32,0x04d1,0x04f1,
0x1573,0x2e14,0x3612,0x25f2,0x1592,0x25d4,0x2e14,0x3e34,0x25b2,0x1573,0x0532,0x0533,0x04f3,0x04f3,0x04f2,0x0513,
0x0533,0x0d54,0x0d74,0x0553,0x0533,0x0533,0x0533,0x0553,0x0533,0x0554,0x0533,0x0533,0x04f3,0x04f3,0x04d2,0x04d2,
0x04d2,0x04d2,0x04d2,0x04d2,0x04d2,0x04d2,0x04d2,0x0513,0x0513,0x0533,0x0533,0x0574,0x0d94,0x0db5,0x0dd3,0x3655,
0x2e55,0x15d4,0x0d94,0x0d94,0x0553,0x0534,0x0533,0x0554,0x0533,0x0534,0x0533,0x0554,0x0553,0x0554,0x0574,0x0d95,
0x0574,0x0554,0x0533,0x0533,0x0513,0x0533,0x0513,0x0513,0x0513,0x0513,0x0533,0x0554,0x0534,0x0d54,0x0553,0x0d54,
0x0533,0x0513,0x04f2,0x04f2,0x04d2,0x04d2,0x04d2,0x04f2,0x04f2,0x0513,0x0512,0x0513,0x0532,0x0d53,0x1df4,0x3e96,
0x1df4,0x0d93,0x0553,0x0533,0x0512,0x04f2,0x04f2,0x0512,0x04f2,0x04f3,0x04d2,0x04d2,0x04d2,0x0d33,0x0d53,0x0d33,
0x04f2,0x04d3,0x04d2,0x04d2,0x04d1,0x04f2,0x0d32,0x1db4,0x1df4,0x2615,0x1e15,0x1df4,0x1593,0x25d4,0x3654,0x5ef7,
0x9797,0xafb8,0x8756,0x4eb6,0x1e14,0x1db3,0x1572,0x1552,0x0cd1,0x0490,0x0490,0x0450,0x03ce,0x03cf,0x03ae,0x038e,
0x03ad,0x1470,0x0c4f,0x03ee,0x040e,0x140f,0x030b,0x034c,0x0b8c,0x140d,0x140d,0x1c4e,0x142e,0x248e,0x4db0,0x4d30,
0x5d92,0x75f1,0x6df0,0x65b0,0x6e32,0x86b5,0x554f,0x5d70,0x4cef,0x4530,0x3cee,0x452f,0x346e,0x2c2e,0x2c6e,0x240d,
0x024a,0x022a,0x024a,0x02cb,0x0b6d,0x036d,0x036d,0x034d,0x036d,0x034d,0x034d,0x030c,0x034d,0x034d,0x032d,0x032d,
0x034e,0x032d,0x034d,0x036d,0x036e,0x036e,0x036e,0x036e,0x038f,0x036e,0x038e,0x036e,0x036e,0x036e,0x038e,0x036e,
0x038f,0x038e,0x038f,0x038e,0x03ae,0x03ae,0x03cf,0x03ef,0x0430,0x0430,0x0430,0x0450,0x0cb1,0x0490,0x0491,0x0491,
0x04d2,0x04b1,0x04b1,0x0491,0x0491,0x0491,0x0491,0x0491,0x04b1,0x0491,0x04b2,0x04d2,0x0d33,0x0512,0x0d52,0x1592,
0x1db3,0x0d53,0x0d33,0x0533,0x0d53,0x1573,0x1db4,0x1593,0x25f5,0x1dd4,0x0d94,0x0553,0x0d34,0x0533,0x0d53,0x0d73,
0x1594,0x0db4,0x15b5,0x0d94,0x0d74,0x0553,0x0554,0x0553,0x0554,0x0533,0x0533,0x0513,0x04f3,0x04f3,0x04f3,0x04d2,
0x04f3,0x04d3,0x04f3,0x04d2,0x04f3,0x04f2,0x0513,0x0513,0x0533,0x0533,0x0574,0x0d94,0x15d5,0x15d5,0x3656,0x56f6,
0x3eb6,0x15f5,0x0db4,0x0574,0x0d74,0x0554,0x0554,0x0554,0x0574,0x0554,0x0574,0x0554,0x0d75,0x0574,0x0d95,0x0594,
0x0574,0x0533,0x0534,0x0513,0x0534,0x0513,0x0513,0x0513,0x0514,0x0513,0x0513,0x0513,0x0513,0x0513,0x0533,0x0533,
0x0d33,0x0513,0x0513,0x0512,0x0513,0x04f2,0x04f3,0x04f2,0x0533,0x0513,0x0513,0x0512,0x0553,0x0553,0x15d4,0x2e55,
0x2615,0x15b4,0x0db4,0x0d53,0x0d53,0x0512,0x0512,0x0512,0x04f3,0x04f3,0x04f3,0x04f2,0x04f3,0x0513,0x0d34,0x0512,
0x04f3,0x04d2,0x04f2,0x04d2,0x04d2,0x04d1,0x0512,0x0d52,0x1d94,0x25f4,0x3eb6,0x3695,0x2e54,0x3e54,0x6f16,0x9797,
0xafb6,0x9f75,0x7f55,0x4ed5,0x3e95,0x2df4,0x1d93,0x1532,0x1512,0x0491,0x0491,0x0430,0x03cf,0x03ce,0x03ce,0x03ae,
0x038e,0x03ef,0x0c0f,0x03ce,0x0bef,0x038d,0x030c,0x032c,0x242f,0x13ed,0x0bcc,0x142d,0x2470,0x2caf,0x4db1,0x3d10,
0x4d51,0x5db1,0x4d0f,0x4d2f,0x6e12,0x5db0,0x6e12,0x7631,0x658f,0x5d70,0x6591,0x4d4f,0x344e,0x348f,0x2c4e,0x240d,
0x0229,0x024a,0x02ab,0x032d,0x030c,0x032c,0x032c,0x034d,0x034d,0x030d,0x032c,0x0bae,0x032c,0x030c,0x030c,0x032d,
0x032d,0x032d,0x034d,0x036e,0x034d,0x036e,0x034e,0x036e,0x036d,0x036e,0x036e,0x036e,0x034d,0x036e,0x036e,0x036e,
0x036e,0x038e,0x036e,0x03af,0x038e,0x03ae,0x03ae,0x0410,0x040f,0x0430,0x0430,0x0491,0x0490,0x0470,0x0450,0x0471,
0x0490,0x04b1,0x04b1,0x04b1,0x0491,0x04b1,0x0491,0x04b2,0x0491,0x04b2,0x04b2,0x0532,0x0d72,0x15b3,0x0d92,0x0552,
0x04f1,0x0512,0x0512,0x0513,0x0513,0x1573,0x1593,0x0d74,0x0d73,0x2614,0x2e54,0x2614,0x15b3,0x1593,0x15b3,0x15b4,
0x0d72,0x0d73,0x0d73,0x1594,0x0d74,0x0d74,0x0554,0x0554,0x0533,0x0533,0x0512,0x0513,0x04f2,0x0513,0x04f2,0x04f3,
0x04f2,0x04f3,0x04f3,0x04f3,0x04f2,0x04f3,0x04f2,0x0513,0x0512,0x0553,0x0573,0x0db5,0x15f5,0x2677,0x46b6,0x5f36,
0x2e95,0x15f5,0x0593,0x0574,0x0574,0x0574,0x0554,0x0574,0x0573,0x0574,0x0574,0x0574,0x0574,0x0594,0x0574,0x0574,
0x0553,0x0533,0x0513,0x0513,0x0513,0x0513,0x04f2,0x04f3,0x04f2,0x04f3,0x04f3,0x04f3,0x04d2,0x04f2,0x04f2,0x04f2,
0x04f2,0x0d13,0x0512,0x0513,0x04f2,0x0513,0x04f3,0x0d13,0x0513,0x0513,0x0513,0x0d33,0x0532,0x0553,0x0d73,0x1df4,
0x2614,0x1e14,0x0db4,0x1594,0x0d53,0x0553,0x0512,0x0512,0x04f2,0x0513,0x04f2,0x0513,0x0512,0x0d53,0x0d53,0x0d53,
0x0512,0x0513,0x0512,0x0d12,0x0512,0x1573,0x1573,0x25d4,0x2613,0x3695,0x3eb4,0x3634,0x1db3,0x2614,0x4695,0x5f15,
0x5ef4,0x6ef5,0x6ef4,0x56b5,0x3654,0x2e34,0x25d4,0x1d94,0x1533,0x0cf2,0x0470,0x0450,0x03ee,0x03cf,0x03ae,0x03ae,
0x036d,0x038d,0x036d,0x038e,0x034c,0x032c,0x02eb,0x032c,0x0b8d,0x0b6c,0x140d,0x244f,0x1c2e,0x248f,0x2cef,0x2caf,
0x34ef,0x4d70,0x348f,0x348e,0x3cad,0x4d2e,0x4d6f,0x452e,0x34ae,0x44cf,0x6d92,0x3cce,0x244d,0x2c4e,0x242e,0x2c2e,
0x024a,0x028a,0x034d,0x036d,0x03ae,0x03ae,0x038e,0x03ae,0x0b8e,0x030c,0x1451,0x0c30,0x030d,0x02ec,0x030d,0x030d,
0x032d,0x034e,0x0b6e,0x034d,0x036e,0x034e,0x036e,0x034e,0x036e,0x036e,0x038f,0x036e,0x036e,0x036e,0x036e,0x036e,
0x038e,0x036e,0x038f,0x038e,0x03af,0x03ae,0x03ef,0x03ef,0x0430,0x0450,0x0cb2,0x0cf2,0x0471,0x044f,0x0471,0x0471,
0x04b1,0x04b1,0x04d2,0x04d2,0x04d2,0x04d2,0x04f3,0x04d2,0x04d2,0x04f2,0x2573,0x3e33,0x4654,0x25b3,0x1553,0x0d33,
0x0d53,0x0532,0x0d53,0x0532,0x0d53,0x0d73,0x1593,0x0d52,0x1dd3,0x2e54,0x2e54,0x15b3,0x0d74,0x0d73,0x25f5,0x1df5,
0x1594,0x0d93,0x15d4,0x15d5,0x15d5,0x0d94,0x0d75,0x0554,0x0553,0x0513,0x0513,0x04f2,0x0513,0x04f3,0x0513,0x04f3,
0x0513,0x04f3,0x0513,0x04f3,0x0513,0x04f2,0x0513,0x0513,0x0553,0x0554,0x0db5,0x15d5,0x2656,0x3697,0x6f38,0x6737,
0x2e57,0x15d5,0x0db4,0x0574,0x0574,0x0574,0x0d95,0x0574,0x0d94,0x0594,0x0594,0x0574,0x0595,0x0574,0x0574,0x0554,
0x0554,0x0533,0x0534,0x0513,0x0513,0x0513,0x0513,0x04f3,0x04f3,0x04f2,0x04f3,0x04d2,0x04d3,0x04d2,0x04f3,0x04f2,
0x0513,0x0513,0x0d13,0x04f2,0x04f2,0x04f2,0x04f3,0x04f2,0x0513,0x0533,0x1575,0x1594,0x1dd4,0x15d4,0x1df5,0x1df4,
0x3634,0x2614,0x15f5,0x15b4,0x15b4,0x0d73,0x0d53,0x0512,0x0532,0x0512,0x0553,0x0553,0x0d74,0x0d93,0x1db4,0x1dd4,
0x1dd4,0x1573,0x1553,0x0d32,0x1573,0x1d94,0x1d94,0x1d93,0x25d3,0x2614,0x2e35,0x1593,0x0d53,0x15b4,0x3635,0x3675,
0x2e55,0x3674,0x5674,0x4614,0x25b3,0x1572,0x1d93,0x1573,0x1d74,0x0d12,0x0cd2,0x0470,0x0410,0x03cf,0x03cf,0x036e,
0x036e,0x036d,0x036e,0x036d,0x034d,0x032c,0x030c,0x032c,0x0b4d,0x034c,0x246f,0x246e,0x248f,0x248f,0x3511,0x248f,
0x2c8e,0x4510,0x348f,0x242d,0x3c8e,0x3cae,0x5571,0x3cef,0x348f,0x2c4d,0x4d31,0x4511,0x2c4e,0x240d,0x242e,0x240d,
0x02ac,0x0b6e,0x036d,0x032d,0x034d,0x036e,0x032d,0x032d,0x030c,0x0bef,0x040f,0x030d,0x02cc,0x02ec,0x030c,0x034d,
0x034d,0x036e,0x034d,0x034e,0x034d,0x036e,0x034e,0x036e,0x034e,0x036e,0x036e,0x036e,0x036e,0x036e,0x036e,0x036e,
0x036e,0x038e,0x036e,0x038e,0x038e,0x03cf,0x03ef,0x0430,0x0450,0x0492,0x0cf2,0x0cf2,0x0470,0x0470,0x0490,0x04b1,
0x0491,0x04b1,0x04d1,0x04f2,0x04d1,0x04f3,0x04d2,0x0512,0x0d32,0x25d3,0x3675,0x4e75,0x2db3,0x1553,0x0d32,0x0d53,
0x0d32,0x0d12,0x04f2,0x0512,0x0512,0x0532,0x0512,0x0d52,0x1dd3,0x2614,0x0d72,0x0513,0x04f3,0x0513,0x0532,0x0d53,
0x0533,0x0d53,0x0d93,0x15d4,0x15d4,0x2636,0x1e16,0x0d94,0x0533,0x0513,0x0512,0x0513,0x0513,0x0534,0x0513,0x0533,
0x0513,0x0513,0x0513,0x0533,0x0513,0x0533,0x0513,0x0553,0x0574,0x0db5,0x0dd5,0x1e16,0x1e35,0x4ef9,0x87b8,0x5f18,
0x1615,0x15f5,0x05b4,0x0db5,0x0594,0x0d95,0x0594,0x0595,0x0574,0x0574,0x0554,0x0574,0x0554,0x0d74,0x0533,0x0534,
0x0533,0x0534,0x0513,0x0513,0x04f3,0x04f3,0x04f2,0x04f3,0x04d2,0x04d3,0x04d2,0x04d3,0x04b2,0x04d3,0x04b2,0x04d2,
0x04d2,0x04f3,0x0513,0x04f2,0x04d1,0x04d2,0x04d2,0x04f3,0x04f2,0x0513,0x0d53,0x0d73,0x0d93,0x1df4,0x2655,0x46d5,
0x56f5,0x4eb6,0x1df4,0x1df4,0x15b4,0x0d94,0x0553,0x0553,0x0d93,0x15b4,0x15b3,0x25f4,0x2614,0x25f4,0x1db3,0x1d94,
0x0d53,0x0d32,0x04f1,0x04f2,0x04f2,0x04f2,0x04d1,0x04f2,0x04f2,0x1553,0x1573,0x0d32,0x0511,0x1573,0x25f4,0x25f4,
0x1db3,0x25f4,0x25f3,0x2592,0x1512,0x0d11,0x0511,0x0cf1,0x04b1,0x0491,0x0450,0x0430,0x040f,0x03ef,0x03ae,0x034d,
0x030c,0x032d,0x032d,0x036e,0x032d,0x02ec,0x02cb,0x0b4c,0x036c,0x034d,0x246f,0x24af,0x144e,0x2490,0x1c6f,0x1c4f,
0x0bcd,0x242e,0x2c6e,0x2c6e,0x3cae,0x346e,0x346e,0x3caf,0x2c8e,0x2c8e,0x2c8f,0x348f,0x4510,0x3c8e,0x240d,0x240d,
0x0b0d,0x030d,0x02cc,0x028b,0x02cc,0x032d,0x032d,0x030c,0x036e,0x038e,0x030d,0x02ab,0x030d,0x032d,0x034e,0x034d,
0x036e,0x032d,0x034e,0x034d,0x034e,0x034e,0x036e,0x036e,0x038f,0x036e,0x038f,0x036e,0x038f,0x036e,0x038f,0x036e,
0x038f,0x03af,0x03af,0x03ae,0x03cf,0x03ef,0x0430,0x0451,0x0471,0x0491,0x1532,0x04f1,0x04b1,0x04b1,0x04b1,0x0490,
0x0491,0x0491,0x04d2,0x04f2,0x0d13,0x0d12,0x0d13,0x0d33,0x1573,0x1d92,0x25d4,0x1db4,0x1573,0x0512,0x04f2,0x04f1,
0x04f2,0x04b1,0x04d2,0x04d2,0x04f2,0x04f2,0x0512,0x0d53,0x1db4,0x0d52,0x0d32,0x0512,0x0513,0x04f3,0x0513,0x0512,
0x0513,0x0513,0x0553,0x0533,0x1595,0x2615,0x2e95,0x1e14,0x15b5,0x0573,0x0574,0x0553,0x0574,0x0574,0x0574,0x0553,
0x0554,0x0533,0x0534,0x0533,0x0554,0x0553,0x0554,0x0574,0x0db5,0x0dd5,0x1616,0x1636,0x36b7,0x7f79,0x97f9,0x5717,
0x2657,0x1e56,0x1e36,0x15f6,0x15d6,0x0db5,0x0db5,0x0574,0x0d95,0x0574,0x0574,0x0554,0x0d74,0x0554,0x0534,0x0533,
0x0d34,0x0533,0x0534,0x04f3,0x0513,0x04f3,0x04f3,0x04d2,0x04f3,0x04d2,0x04d3,0x04b2,0x04b2,0x04b2,0x04d3,0x04d2,
0x04f3,0x04f3,0x0513,0x0512,0x0d13,0x04f3,0x04f3,0x04f2,0x0513,0x0513,0x0513,0x0512,0x0d52,0x0d93,0x1e15,0x4695,
0x66f6,0x5ed4,0x56d5,0x4ed5,0x3e95,0x1e15,0x1e14,0x2634,0x46b5,0x56d5,0x5ef7,0x56f6,0x4695,0x25d4,0x1593,0x0d32,
0x0d13,0x04f3,0x0cf3,0x04d2,0x04d2,0x04b2,0x04d2,0x04d2,0x0d13,0x1533,0x1553,0x0511,0x0d12,0x0d32,0x1db4,0x1d93,
0x1573,0x1573,0x1db3,0x1d72,0x2572,0x1531,0x0d31,0x04b0,0x0470,0x0450,0x0430,0x040f,0x0c30,0x040f,0x03ef,0x038e,
0x034e,0x030d,0x030d,0x030d,0x030d,0x02ab,0x02ec,0x034c,0x0b6d,0x036c,0x13ad,0x140d,0x142e,0x142e,0x1c2e,0x140e,
0x1bee,0x242d,0x34af,0x34cf,0x4d71,0x2c4d,0x23cd,0x240d,0x348f,0x2c4e,0x2c6e,0x1c0c,0x3caf,0x55b3,0x348f,0x240e,
0x02ab,0x02ac,0x028b,0x02ac,0x02ab,0x032d,0x030c,0x034d,0x034d,0x030c,0x02cc,0x032d,0x032d,0x034d,0x034d,0x034e,
0x032d,0x034d,0x032d,0x034e,0x032d,0x034e,0x034e,0x036e,0x036e,0x038f,0x038e,0x038f,0x036e,0x038f,0x036e,0x038f,
0x038f,0x03af,0x03af,0x03cf,0x03cf,0x0430,0x0450,0x0471,0x0470,0x0d11,0x1d92,0x1532,0x04b1,0x04b1,0x0490,0x0491,
0x0490,0x04d1,0x0d12,0x1533,0x04f1,0x04f2,0x04b2,0x04b2,0x04d1,0x0513,0x0533,0x1574,0x0552,0x0533,0x04f2,0x04d2,
0x04b1,0x04b2,0x04b2,0x04d2,0x04d2,0x04f2,0x0512,0x0d53,0x0532,0x0512,0x0512,0x04f2,0x04d2,0x04f3,0x04f2,0x04f3,
0x04f2,0x04f3,0x0512,0x0513,0x0512,0x0553,0x0553,0x0d93,0x15d3,0x1df5,0x15d5,0x15d5,0x05b4,0x0dd5,0x05b4,0x0db5,
0x0574,0x0554,0x0553,0x0554,0x0553,0x0d74,0x0574,0x0d95,0x05b4,0x15f6,0x1616,0x2eb6,0x5f37,0x6f78,0x6737,0x56f7,
0x2e76,0x2677,0x1e36,0x1e17,0x0dd5,0x0db5,0x0574,0x0574,0x0574,0x0574,0x0554,0x0574,0x0554,0x0554,0x0513,0x0534,
0x0513,0x0533,0x0513,0x0513,0x04f3,0x04f3,0x04d2,0x04f3,0x04d2,0x04d2,0x04b2,0x04d2,0x04b2,0x04b2,0x04b2,0x04f3,
0x04f3,0x0513,0x04f2,0x0d13,0x0512,0x0513,0x04f2,0x04f3,0x04f2,0x04f3,0x04f2,0x0533,0x0553,0x0d73,0x0d93,0x2e15,
0x4674,0x4673,0x3673,0x3654,0x2613,0x25f4,0x1df4,0x2e34,0x4674,0x56b4,0x56d5,0x3e75,0x1db3,0x1573,0x0d53,0x0d33,
0x04f2,0x04d2,0x04b2,0x04b2,0x0491,0x0492,0x0491,0x04b2,0x04d1,0x0cf2,0x04d1,0x04f2,0x04f1,0x1553,0x1573,0x1532,
0x04f1,0x0d12,0x1552,0x2593,0x35f3,0x3614,0x1532,0x04b1,0x0470,0x0450,0x042f,0x0430,0x042f,0x040f,0x03ef,0x03cf,
0x038d,0x038e,0x034d,0x032d,0x030c,0x038e,0x034d,0x032c,0x034c,0x036c,0x034c,0x0bad,0x1c6f,0x1c6e,0x3531,0x2cb0,
0x13ed,0x2c8e,0x2c8e,0x4550,0x3d0f,0x2cae,0x2c6e,0x240d,0x138c,0x240d,0x246e,0x242d,0x2c6e,0x3d31,0x1c0e,0x0b8c,
0x02cc,0x02ab,0x02cc,0x02ab,0x02cc,0x030c,0x038e,0x03ef,0x036e,0x02ec,0x034e,0x036e,0x036e,0x034e,0x034e,0x032d,
0x032d,0x032d,0x034e,0x032d,0x032d,0x032d,0x034e,0x034e,0x036e,0x036e,0x03af,0x03af,0x03d0,0x038f,0x03af,0x038f,
0x03af,0x03af,0x03d0,0x03f0,0x0410,0x0451,0x0471,0x0451,0x0cd2,0x2592,0x2e14,0x1572,0x0d32,0x0d32,0x1553,0x0d12,
0x0cd2,0x04b1,0x0cd2,0x04b1,0x04b2,0x04b1,0x04b2,0x04b1,0x04f2,0x04f3,0x0514,0x0513,0x0d53,0x0553,0x0533,0x04d2,
0x04d2,0x04b2,0x04d2,0x04b2,0x04f3,0x04f2,0x0d33,0x0d73,0x0d33,0x04f2,0x04f3,0x04d2,0x04d2,0x04d2,0x04d3,0x04b2,
0x04d3,0x04d2,0x0513,0x0513,0x0513,0x0513,0x0534,0x0533,0x0d93,0x1df4,0x3e97,0x46d7,0x3ed8,0x2636,0x1e16,0x0dd5,
0x0dd5,0x0594,0x0d95,0x0d74,0x0d94,0x0d94,0x0db5,0x0dd5,0x0df6,0x1616,0x2656,0x46f6,0x5718,0x3696,0x2e76,0x3e96,
0x2e96,0x1e56,0x2657,0x1616,0x15d6,0x0594,0x0575,0x0574,0x0574,0x0554,0x0574,0x0574,0x0574,0x0533,0x0534,0x0513,
0x0534,0x0513,0x0514,0x04f3,0x0513,0x04f3,0x0513,0x04f3,0x04f3,0x04d2,0x04d3,0x04b2,0x04b2,0x04b2,0x04d3,0x04d2,
0x0513,0x0513,0x0513,0x04f2,0x0513,0x04f2,0x0513,0x04f3,0x0513,0x0513,0x0d54,0x0d53,0x0d73,0x0572,0x1dd4,0x2e33,
0x2e14,0x15b3,0x15b4,0x0d94,0x0d94,0x0d93,0x1595,0x1594,0x1df5,0x1df4,0x2614,0x25f4,0x1594,0x0d72,0x0d53,0x0512,
0x04d2,0x04b1,0x04b2,0x0491,0x0492,0x0471,0x0492,0x0471,0x0491,0x0491,0x04b1,0x04b1,0x0cd2,0x0d12,0x1512,0x04d1,
0x04b1,0x04b1,0x0cf2,0x1d32,0x2dd3,0x2dd3,0x1d53,0x0cd1,0x0cb1,0x0470,0x0430,0x040f,0x0410,0x040f,0x0410,0x03cf,
0x038e,0x036d,0x03af,0x03ae,0x03af,0x0450,0x03ce,0x034d,0x0b8d,0x036c,0x0b6d,0x03ad,0x24d0,0x24cf,0x3531,0x3510,
0x246e,0x2caf,0x3d30,0x4db2,0x4550,0x350f,0x34cf,0x138b,0x030a,0x1bac,0x2c4e,0x244d,0x242d,0x1c0c,0x1bcd,0x0b4b,
0x02cb,0x02cc,0x02cb,0x0b4d,0x03ae,0x042f,0x0490,0x0c70,0x03ce,0x036e,0x034e,0x034e,0x032d,0x032e,0x030d,0x032d,
0x032d,0x032d,0x030c,0x032d,0x032d,0x032d,0x032d,0x034e,0x034d,0x036e,0x038e,0x03cf,0x03cf,0x03d0,0x03af,0x03cf,
0x03af,0x03cf,0x03ef,0x0430,0x0430,0x0471,0x0491,0x04d3,0x1532,0x35d3,0x2df2,0x35f3,0x2df3,0x25b4,0x1573,0x0cf1,
0x0490,0x0491,0x0491,0x04b2,0x04b2,0x04b2,0x04b1,0x04d2,0x04d2,0x04f3,0x04f2,0x0513,0x0513,0x0553,0x0512,0x04f2,
0x04d2,0x04d2,0x04b2,0x04d2,0x04d2,0x0513,0x0532,0x0d32,0x04d1,0x04d3,0x04b1,0x04b2,0x0491,0x0492,0x0491,0x04b2,
0x04b2,0x04d2,0x04d2,0x04f3,0x04f2,0x0513,0x0512,0x0533,0x0553,0x0d94,0x15d4,0x3676,0x4697,0x2e56,0x0df5,0x05d5,
0x0594,0x0594,0x0594,0x0594,0x0594,0x15d5,0x15f5,0x1616,0x1615,0x1e35,0x2654,0x3e96,0x3696,0x2636,0x1e15,0x2e76,
0x2e96,0x2656,0x1e36,0x1616,0x0db5,0x0d95,0x0574,0x0574,0x0574,0x0574,0x0574,0x0574,0x0554,0x0554,0x0533,0x0533,
0x0513,0x0513,0x0513,0x0513,0x04f3,0x04f3,0x04f2,0x04f3,0x04d2,0x04d3,0x04b2,0x04d2,0x04b2,0x04b2,0x04d2,0x04f3,
0x0513,0x0533,0x0512,0x0512,0x0512,0x0512,0x04f2,0x0533,0x0533,0x0d54,0x0553,0x0d73,0x0553,0x1dd3,0x2e13,0x2614,
0x1593,0x0d74,0x0573,0x0d94,0x0553,0x0d74,0x0d53,0x15b4,0x15b4,0x1594,0x0d73,0x15b4,0x1593,0x0d73,0x0532,0x0513,
0x04f2,0x04d2,0x04b1,0x0491,0x0471,0x0471,0x0451,0x0471,0x0491,0x0491,0x0470,0x04b1,0x0491,0x04b1,0x04b1,0x04b1,
0x0490,0x0491,0x0490,0x14f1,0x0d10,0x1511,0x0cf1,0x0d12,0x0cf1,0x04b1,0x044f,0x0430,0x040f,0x0430,0x03ef,0x03ef,
0x03ae,0x038e,0x036d,0x03ae,0x03ae,0x0430,0x03ce,0x0b4d,0x038c,0x038d,0x036c,0x036c,0x1c4e,0x142e,0x142d,0x4d92,
0x3d30,0x3d10,0x24ae,0x34ef,0x3510,0x34ef,0x2cae,0x13ab,0x0329,0x138a,0x13aa,0x242d,0x1bcc,0x1bac,0x13ac,0x136c,
0x030d,0x02ec,0x030c,0x0b6d,0x13f0,0x040f,0x14b2,0x14b1,0x0c10,0x036e,0x034e,0x032d,0x032e,0x030d,0x032d,0x032d,
0x032d,0x032d,0x032d,0x032d,0x034d,0x032d,0x034e,0x034d,0x036e,0x036e,0x03af,0x03af,0x03f0,0x03f0,0x03f0,0x03cf,
0x03f0,0x03f0,0x0430,0x0450,0x0472,0x0492,0x0cb2,0x04d2,0x1d73,0x3e34,0x3e35,0x2d93,0x1d73,0x1552,0x0cf2,0x0490,
0x0492,0x04b2,0x04d2,0x04b2,0x04d3,0x04b2,0x04d2,0x04d2,0x04d3,0x04d2,0x04f3,0x04f3,0x0513,0x0533,0x0533,0x04f2,
0x04f3,0x04d2,0x04f3,0x04d2,0x0513,0x0513,0x0d33,0x04f2,0x04d2,0x04b2,0x04b2,0x0491,0x04b2,0x0492,0x0492,0x0492,
0x04b2,0x04b2,0x04f2,0x04d2,0x04f3,0x04f2,0x0513,0x0513,0x0554,0x0554,0x0d74,0x0d94,0x15d4,0x1df4,0x2e56,0x2655,
0x1e15,0x15f4,0x15f5,0x15d5,0x1e16,0x1615,0x1e16,0x1e16,0x2e56,0x3675,0x46d6,0x3eb7,0x2e77,0x1e36,0x1e36,0x1e35,
0x2e76,0x2655,0x1e15,0x15d5,0x0db5,0x0d95,0x0d95,0x0574,0x0d95,0x0574,0x0574,0x0574,0x0574,0x0554,0x0534,0x0513,
0x0534,0x0513,0x0513,0x04f3,0x0514,0x04f3,0x0513,0x04f3,0x04f3,0x04d2,0x04d3,0x04d2,0x04d3,0x04d2,0x04f3,0x04f3,
0x0534,0x0534,0x0533,0x0512,0x0533,0x0533,0x0533,0x0553,0x0d94,0x0d94,0x15b4,0x0db4,0x2615,0x3654,0x3634,0x1593,
0x0d74,0x0553,0x0d74,0x0573,0x0d53,0x0553,0x1594,0x15b4,0x1594,0x0d33,0x0d33,0x0d33,0x0d54,0x0d33,0x0513,0x04f2,
0x0cf3,0x04d2,0x0cd2,0x0471,0x0471,0x0471,0x0471,0x0451,0x0472,0x0471,0x0491,0x0471,0x0491,0x0471,0x04b2,0x04b1,
0x0491,0x0470,0x0491,0x0cf2,0x1512,0x0cd1,0x1512,0x0d31,0x1532,0x0cf2,0x0491,0x0450,0x0450,0x0430,0x0430,0x040f,
0x03ef,0x03ae,0x03ae,0x036d,0x03ae,0x040f,0x03ae,0x030c,0x0bad,0x038c,0x038d,0x034c,0x034c,0x0bcd,0x2cb0,0x4592,
0x55f3,0x34ef,0x3510,0x2cae,0x2ccf,0x2caf,0x2c8e,0x244d,0x240b,0x13aa,0x134b,0x0b4b,0x344f,0x23ee,0x1bad,0x136c,
0x030c,0x032c,0x030c,0x032d,0x030c,0x036d,0x040f,0x0c71,0x03ce,0x036e,0x034d,0x032e,0x030d,0x030d,0x030d,0x032d,
0x030c,0x032d,0x030c,0x032d,0x032d,0x034e,0x034d,0x036e,0x036e,0x038e,0x038e,0x03cf,0x03ef,0x0430,0x0410,0x0410,
0x03ef,0x0450,0x0450,0x0450,0x0430,0x0451,0x0430,0x0cb1,0x25b3,0x2dd3,0x0d32,0x0cf3,0x0cf3,0x04f3,0x0491,0x04b2,
0x0491,0x04b2,0x04b1,0x04b2,0x04b1,0x04b1,0x04b1,0x04d2,0x04b2,0x04d2,0x04d2,0x04f3,0x04f2,0x0512,0x04f2,0x04f2,
0x04f2,0x04f3,0x04f2,0x04f3,0x0512,0x0553,0x0533,0x04f3,0x04b1,0x04b2,0x0491,0x0492,0x0471,0x0492,0x0471,0x0492,
0x0491,0x04b2,0x04b2,0x04d2,0x04d2,0x04d2,0x04f2,0x0513,0x04f2,0x0513,0x0553,0x0d74,0x0594,0x15d4,0x2635,0x2e76,
0x2634,0x2635,0x2635,0x2e56,0x2e75,0x3676,0x2e75,0x2e97,0x3676,0x4ed6,0x5f36,0x46d8,0x1e36,0x1635,0x1635,0x1e36,
0x2e76,0x3ed7,0x2676,0x15f5,0x0dd5,0x0db5,0x0594,0x0d95,0x0574,0x0594,0x0574,0x0574,0x0533,0x0534,0x0513,0x0513,
0x0513,0x0513,0x0513,0x0513,0x04f3,0x04f3,0x04f3,0x04f3,0x04f2,0x04f3,0x04d2,0x04f3,0x04d2,0x04f3,0x04f2,0x0534,
0x0553,0x0554,0x0533,0x0533,0x0532,0x0533,0x0553,0x0d94,0x0d94,0x15d5,0x15f4,0x2635,0x3e74,0x2e34,0x1593,0x0d53,
0x0532,0x0532,0x0512,0x0533,0x0532,0x0d74,0x15b4,0x15b4,0x0533,0x0513,0x04f2,0x04f3,0x04f2,0x04f3,0x04b1,0x04b2,
0x0491,0x0491,0x0471,0x0471,0x0450,0x0471,0x0451,0x0451,0x0451,0x0451,0x0450,0x0451,0x0450,0x0471,0x0491,0x0cb1,
0x0491,0x0470,0x0470,0x0cf2,0x0d11,0x0cf2,0x1552,0x3613,0x25b2,0x1533,0x04b1,0x0491,0x0470,0x0470,0x042f,0x0430,
0x042f,0x040f,0x03ae,0x038e,0x03ae,0x040f,0x03ae,0x030c,0x034c,0x036c,0x036c,0x036d,0x032c,0x032c,0x13ee,0x34f1,
0x2ccf,0x248e,0x24af,0x2caf,0x248e,0x2caf,0x248f,0x242e,0x1c0d,0x136b,0x0b2b,0x138d,0x1bcc,0x1bad,0x136c,0x0b4b,
0x032d,0x030c,0x032d,0x032d,0x036e,0x03ae,0x0410,0x040f,0x03ef,0x034d,0x032d,0x030d,0x032d,0x032d,0x032e,0x030d,
0x032d,0x030d,0x032e,0x032d,0x034e,0x034d,0x036e,0x036e,0x038e,0x036e,0x03af,0x03cf,0x0410,0x0410,0x0430,0x0410,
0x0450,0x0450,0x0430,0x040f,0x0431,0x0451,0x0cb1,0x1d32,0x1532,0x04b0,0x04b2,0x04d2,0x04d2,0x04b2,0x0492,0x0471,
0x0471,0x0471,0x0492,0x0491,0x04b2,0x04b1,0x04d2,0x04b2,0x04d2,0x04d2,0x04d3,0x04d2,0x04f3,0x04f2,0x04f3,0x04f2,
0x04f3,0x04f3,0x0513,0x0512,0x0d54,0x0d74,0x0d53,0x04f2,0x04f2,0x04d2,0x04d2,0x04b2,0x0492,0x0471,0x0492,0x0492,
0x04b2,0x0492,0x04b2,0x04b2,0x04d2,0x04d2,0x04f3,0x04f3,0x0513,0x0513,0x0554,0x0553,0x0d74,0x0d94,0x15d5,0x15f5,
0x1e35,0x1e35,0x1e15,0x1e35,0x2e55,0x3e96,0x5717,0x3eb6,0x4eb6,0x6f77,0x6f99,0x46f8,0x3698,0x2e76,0x2697,0x1e76,
0x3ed8,0x5739,0x4f39,0x1e56,0x15f6,0x0dd5,0x0db5,0x0594,0x0d95,0x0574,0x0595,0x0554,0x0554,0x0533,0x0534,0x0513,
0x0533,0x0513,0x0513,0x0513,0x0513,0x0513,0x0513,0x04f3,0x0513,0x0513,0x0513,0x04f3,0x0513,0x0513,0x0d53,0x0d54,
0x0d74,0x0553,0x0534,0x0533,0x0553,0x0553,0x0d94,0x15d4,0x1615,0x1615,0x46d7,0x6f37,0x4655,0x15b3,0x0d74,0x0532,
0x0532,0x0512,0x0533,0x0533,0x0553,0x0573,0x15b4,0x0d53,0x0513,0x04d2,0x04d3,0x04d2,0x04f3,0x04f3,0x04d2,0x0491,
0x04b2,0x0491,0x0472,0x0451,0x0471,0x0451,0x0451,0x0431,0x0431,0x0430,0x0431,0x0430,0x0451,0x0471,0x0492,0x0491,
0x0491,0x0490,0x0cd1,0x04d1,0x0cd2,0x04b1,0x1512,0x2dd2,0x4613,0x2db3,0x1d52,0x04d1,0x04b1,0x04b1,0x0cf2,0x04b1,
0x04b1,0x0490,0x03ef,0x038e,0x040f,0x040f,0x03ef,0x032d,0x02ec,0x032c,0x0bae,0x038d,0x0b6c,0x034c,0x0b6d,0x2490,
0x34f0,0x246e,0x248f,0x1c4e,0x1c2e,0x140d,0x1c0e,0x13cd,0x1c0e,0x13ac,0x1bee,0x242e,0x242e,0x13ad,0x0b2b,0x02ca,
0x030c,0x030d,0x030c,0x032d,0x036d,0x03ef,0x03ce,0x038d,0x038e,0x038e,0x032d,0x032d,0x030d,0x032e,0x032d,0x032d,
0x032d,0x032e,0x032d,0x034d,0x034d,0x036e,0x036d,0x036e,0x036e,0x038f,0x038e,0x03cf,0x03f0,0x0431,0x0430,0x0c71,
0x0470,0x0450,0x042f,0x0430,0x0430,0x0491,0x0cf1,0x0cd2,0x0450,0x0471,0x0471,0x0492,0x0491,0x0492,0x0451,0x0451,
0x0430,0x0451,0x0451,0x0471,0x0491,0x04b2,0x04b2,0x04d2,0x04b2,0x04d2,0x04b1,0x04d2,0x04d2,0x04f3,0x04f2,0x04f2,
0x04f2,0x04f3,0x0512,0x0553,0x15d4,0x1db5,0x04f2,0x04f3,0x04d2,0x04d2,0x04b2,0x04b2,0x0491,0x0492,0x0491,0x04b2,
0x0492,0x04b2,0x04b1,0x04b2,0x04b1,0x04d3,0x04d2,0x04f3,0x04f3,0x0513,0x0533,0x0553,0x0553,0x0d74,0x0d94,0x15d5,
0x1e15,0x1df5,0x0dd4,0x1615,0x1e15,0x2e56,0x3696,0x4ed7,0x8778,0x97da,0x5f78,0x4718,0x3ed8,0x3eb8,0x2e97,0x36f8,
0x3ed8,0x4f18,0x46f7,0x2e76,0x1616,0x15f6,0x0db4,0x0d94,0x0574,0x0574,0x0554,0x0554,0x0533,0x0554,0x0533,0x0513,
0x0513,0x0513,0x0513,0x0513,0x0513,0x0513,0x0513,0x0513,0x0513,0x0513,0x0513,0x0533,0x0513,0x0554,0x0553,0x0d94,
0x0d74,0x0574,0x0553,0x0553,0x0553,0x0d94,0x0db4,0x15f5,0x1e35,0x56f8,0x87ba,0x8fb8,0x4eb5,0x2e35,0x1dd4,0x1594,
0x0d53,0x0d53,0x0533,0x0533,0x0512,0x0d53,0x0552,0x0512,0x04d2,0x04d2,0x04d2,0x04d2,0x04d2,0x04f3,0x04d2,0x04b2,
0x0491,0x0491,0x0471,0x0471,0x0450,0x0451,0x0430,0x0431,0x0410,0x0431,0x0410,0x0430,0x0430,0x0451,0x0450,0x0491,
0x0470,0x0cd2,0x0d12,0x0d12,0x04d1,0x0490,0x0470,0x0d31,0x35d1,0x4e72,0x4652,0x25b2,0x0d31,0x1572,0x1db2,0x1572,
0x04f1,0x0cf1,0x044f,0x1491,0x14f2,0x040f,0x03ee,0x036e,0x02cb,0x02ec,0x032c,0x0b6d,0x032c,0x034c,0x032b,0x038c,
0x13ed,0x1c0e,0x140d,0x1c2e,0x13ed,0x13ed,0x0bcc,0x13ed,0x140d,0x13ad,0x13ed,0x244e,0x244e,0x2c4f,0x0b4b,0x0aeb,
0x032d,0x032d,0x032d,0x032d,0x03af,0x03ae,0x036d,0x032d,0x036e,0x038e,0x036e,0x032d,0x034e,0x032d,0x034e,0x034d,
0x034e,0x034d,0x034e,0x034d,0x036e,0x036e,0x038e,0x038e,0x038e,0x036e,0x03af,0x03cf,0x03f0,0x0430,0x14d1,0x1d32,
0x0cd2,0x0470,0x0471,0x0450,0x0cb1,0x1532,0x0cd1,0x042f,0x0451,0x0451,0x0471,0x0451,0x0471,0x0451,0x0451,0x0430,
0x0451,0x0451,0x0451,0x0451,0x0492,0x04b2,0x04d2,0x04d2,0x04d2,0x04d2,0x04d2,0x04d2,0x04f3,0x04d2,0x04f3,0x04d2,
0x04f3,0x04f3,0x0533,0x1593,0x2615,0x1574,0x04f4,0x04f3,0x04f3,0x04d3,0x04d3,0x04b2,0x04b2,0x04b2,0x04b2,0x04b2,
0x04d2,0x04b2,0x04b2,0x04b2,0x04d2,0x04d2,0x04f3,0x0513,0x0514,0x0513,0x0554,0x0553,0x0554,0x0574,0x0d94,0x15b5,
0x1df5,0x0d94,0x15d5,0x1e35,0x2e77,0x2e97,0x3ed8,0x5f19,0x97ba,0x8f98,0x6759,0x4f18,0x4719,0x3ed8,0x46f9,0x3ef8,
0x36b7,0x36d6,0x5f57,0x46f7,0x2677,0x1616,0x1616,0x0dd5,0x0db5,0x0574,0x0574,0x0554,0x0554,0x0534,0x0554,0x0533,
0x0d34,0x0513,0x0533,0x0513,0x0534,0x0513,0x0534,0x0513,0x0534,0x0534,0x0554,0x0533,0x0d75,0x0d74,0x0db4,0x0db4,
0x15b4,0x0d94,0x0db4,0x0d94,0x15b5,0x15d5,0x15d5,0x1e15,0x4ed7,0x6759,0x5f38,0x3675,0x2e35,0x1df5,0x1db5,0x0d73,
0x1574,0x0d53,0x0d53,0x0d53,0x1574,0x1573,0x1594,0x0512,0x04f3,0x04d2,0x04d2,0x04b2,0x04f3,0x04f3,0x04f3,0x04b2,
0x04b2,0x0491,0x0471,0x0451,0x0471,0x0451,0x0451,0x0430,0x0431,0x0410,0x0431,0x0410,0x0431,0x0430,0x0471,0x0470,
0x0cb1,0x0cd2,0x0d12,0x0d32,0x1512,0x04d1,0x0cd1,0x1d72,0x4633,0x4632,0x4652,0x35f2,0x2dd2,0x3613,0x3e33,0x2dd2,
0x2592,0x0d51,0x1551,0x1531,0x1cf2,0x03ce,0x03cf,0x036e,0x030d,0x02cc,0x02cc,0x030b,0x034c,0x032c,0x034c,0x034c,
0x0b8c,0x034b,0x034c,0x036c,0x13cd,0x0bcd,0x140d,0x248f,0x24b0,0x142e,0x1c2e,0x140d,0x13cc,0x032a,0x0b0b,0x02ea,
0x032c,0x032d,0x032d,0x038e,0x03ce,0x038e,0x032d,0x032d,0x032d,0x038e,0x03ae,0x036e,0x034d,0x034e,0x034d,0x034e,
0x034d,0x034d,0x034d,0x036e,0x038e,0x03ae,0x038e,0x03ae,0x038e,0x038e,0x03ae,0x03ef,0x0450,0x1cf2,0x35d4,0x3dd4,
0x0cf1,0x04b1,0x0491,0x1512,0x2593,0x1512,0x044f,0x0430,0x0430,0x0431,0x0410,0x0431,0x0410,0x0430,0x0410,0x0431,
0x0430,0x0451,0x0430,0x0471,0x0471,0x04d2,0x04d2,0x04d2,0x04b2,0x04d2,0x04b2,0x04d2,0x04d2,0x04d2,0x04d2,0x04f2,
0x04f2,0x0513,0x0d52,0x1dd4,0x15b3,0x0532,0x04f2,0x04f3,0x04f2,0x04f3,0x04d2,0x04d2,0x04b2,0x04d2,0x04b2,0x04d3,
0x04b2,0x04d2,0x04b2,0x04d2,0x04d2,0x04f3,0x04f3,0x0513,0x0513,0x0533,0x0533,0x0554,0x0553,0x0574,0x0574,0x0d95,
0x0db4,0x15b4,0x15f5,0x2636,0x2e76,0x3ed8,0x4718,0x5739,0x7758,0x97b8,0x8799,0x6f59,0x4f18,0x4ef8,0x46f8,0x3ed7,
0x46d7,0x6757,0x6f77,0x5f38,0x36b7,0x2657,0x1e36,0x1e36,0x1616,0x15f6,0x05b5,0x0595,0x0574,0x0574,0x0553,0x0554,
0x0533,0x0533,0x0513,0x0513,0x0513,0x0533,0x0513,0x0533,0x0533,0x0554,0x0553,0x0554,0x0594,0x15b5,0x15d4,0x1df5,
0x0db4,0x0db4,0x15d4,0x15f5,0x0df4,0x0dd5,0x15d4,0x2615,0x2e34,0x3676,0x2656,0x15f5,0x0593,0x0d53,0x0513,0x0513,
0x04f2,0x04f2,0x04f2,0x0d33,0x0532,0x0d53,0x0d53,0x0533,0x04d2,0x04d2,0x04b2,0x04b2,0x04d2,0x04f3,0x04d2,0x04d2,
0x0491,0x0492,0x0471,0x0471,0x0450,0x0451,0x0430,0x0451,0x0410,0x0410,0x0410,0x0431,0x0430,0x0451,0x0451,0x0471,
0x04b1,0x0cf2,0x0cf1,0x1532,0x0d11,0x0d12,0x0d51,0x2dd3,0x2dd2,0x1d72,0x1551,0x1531,0x0d31,0x1552,0x1531,0x1552,
0x1531,0x1510,0x14cf,0x046f,0x03ee,0x03ce,0x036d,0x034e,0x02ec,0x02cc,0x02ab,0x02eb,0x030b,0x032c,0x036c,0x0b6d,
0x034b,0x036c,0x032c,0x030c,0x036c,0x1c2f,0x1c6e,0x248f,0x0bcc,0x0b8c,0x0bac,0x13ac,0x0b8c,0x030b,0x02eb,0x0aeb,
0x038f,0x034e,0x0bb0,0x0c10,0x03ae,0x032d,0x034d,0x032d,0x032d,0x032d,0x0baf,0x038e,0x036e,0x036e,0x038e,0x036e,
0x038e,0x036d,0x038e,0x038e,0x03ae,0x03ae,0x03cf,0x03ae,0x03cf,0x03ce,0x0410,0x0470,0x14f3,0x1533,0x2573,0x2d93,
0x1512,0x0cb1,0x2d72,0x3e14,0x2552,0x0470,0x0471,0x0451,0x0431,0x03f0,0x0410,0x03f0,0x0410,0x0410,0x0431,0x0410,
0x0451,0x0451,0x0451,0x0451,0x0492,0x04b2,0x04d3,0x04d2,0x04d2,0x04d2,0x04d3,0x04d2,0x04d2,0x04d2,0x04f3,0x04d2,
0x04f2,0x0533,0x15b4,0x15b4,0x0d73,0x0512,0x04f3,0x04f2,0x0513,0x04f2,0x04f3,0x04f2,0x04f3,0x04d2,0x04f3,0x04d3,
0x04d3,0x04d2,0x04f3,0x04f3,0x04f3,0x04f3,0x0514,0x0513,0x0534,0x0533,0x0554,0x0554,0x0574,0x0573,0x0d94,0x0db5,
0x15d5,0x15d5,0x1df5,0x1e15,0x2e77,0x36b7,0x46f9,0x4f3a,0x7f99,0xaffa,0xc7dc,0xb7db,0x9fdb,0x7779,0x5f38,0x4ef7,
0x5f37,0x6f58,0x6717,0x5717,0x5718,0x46d7,0x3697,0x2656,0x1e77,0x1636,0x1636,0x0df5,0x0df5,0x05b4,0x0574,0x0533,
0x0534,0x0513,0x0513,0x0513,0x0533,0x0533,0x0554,0x0553,0x0574,0x0d74,0x0d95,0x0d94,0x15b5,0x15b5,0x15d5,0x1df5,
0x1e15,0x15f4,0x1e15,0x1e36,0x3677,0x3635,0x25f5,0x1df4,0x2615,0x1e15,0x1df5,0x0d93,0x0d74,0x0533,0x0513,0x04d2,
0x04f3,0x04d2,0x04d2,0x04d1,0x0512,0x0532,0x0d74,0x0533,0x04f2,0x04d1,0x04d2,0x04b2,0x04d2,0x04d2,0x04f3,0x04b2,
0x04b2,0x0491,0x0492,0x0471,0x0491,0x0451,0x0451,0x0451,0x0451,0x0430,0x0431,0x0430,0x0451,0x0450,0x0451,0x0470,
0x0cd2,0x04b1,0x0cd1,0x0d32,0x1532,0x1532,0x1d93,0x1551,0x0d11,0x0d12,0x1532,0x1532,0x1532,0x0d12,0x0cd1,0x04b0,
0x0cd1,0x0470,0x042f,0x0c90,0x0c70,0x040f,0x03af,0x036e,0x034e,0x030c,0x030d,0x030c,0x0b6d,0x032c,0x0bae,0x0bce,
0x038d,0x036c,0x0b6d,0x034d,0x034d,0x036d,0x244f,0x0bac,0x030b,0x02eb,0x02eb,0x0b4c,0x032b,0x02ca,0x02eb,0x02aa,
0x0c30,0x0c50,0x0430,0x03cf,0x036d,0x034d,0x030c,0x032d,0x030d,0x032d,0x036d,0x03cf,0x036e,0x038f,0x038e,0x038e,
0x038e,0x038e,0x038d,0x03ae,0x03ae,0x03cf,0x03ce,0x03ce,0x03cf,0x0c71,0x0cd2,0x0cb1,0x04d1,0x1512,0x1532,0x1552,
0x1532,0x35d4,0x5675,0x3dd4,0x0cd1,0x0cb2,0x0471,0x0471,0x0410,0x0410,0x03ef,0x0410,0x03ef,0x03f0,0x03ef,0x0410,
0x0410,0x0431,0x0430,0x0451,0x0451,0x0492,0x0491,0x04b2,0x04b2,0x04d2,0x04d2,0x04d2,0x04d2,0x04f2,0x04d2,0x04f2,
0x04f2,0x0d74,0x0573,0x0553,0x0533,0x0d33,0x04f2,0x04f2,0x04f2,0x04f2,0x04f2,0x04f3,0x04f2,0x04f3,0x04d2,0x04f3,
0x04d2,0x04f3,0x04d2,0x04f3,0x04f3,0x0513,0x0513,0x0533,0x0533,0x0534,0x0553,0x0574,0x0553,0x0d74,0x0d94,0x15f5,
0x15f5,0x15f5,0x15f4,0x1e36,0x2676,0x3697,0x36d7,0x5739,0xa7da,0xcffc,0xa7bb,0x979a,0x7f79,0x5f39,0x46b7,0x36b7,
0x2e76,0x2e76,0x2e55,0x3eb6,0x46d6,0x5716,0x4ef6,0x4f37,0x3ef7,0x2e76,0x1614,0x0df4,0x05b4,0x0594,0x0573,0x0554,
0x0533,0x0553,0x0533,0x0533,0x0533,0x0554,0x0553,0x0d74,0x0db4,0x15f5,0x0db4,0x0d94,0x0db5,0x1df5,0x1615,0x2656,
0x2676,0x2eb7,0x4ef6,0x7f98,0x7f79,0x4eb7,0x1df4,0x1e14,0x15d4,0x0db4,0x0593,0x0d94,0x0553,0x0533,0x04d2,0x04d2,
0x04b2,0x04d2,0x04b1,0x04d1,0x04d1,0x04f2,0x0512,0x0533,0x0512,0x04f2,0x04d1,0x04d2,0x04b1,0x04d2,0x04b1,0x04b2,
0x0491,0x0492,0x0491,0x0471,0x0471,0x0471,0x0451,0x0471,0x0451,0x0451,0x0430,0x0451,0x0430,0x0451,0x0450,0x0491,
0x0470,0x0470,0x0490,0x0d11,0x1531,0x25b3,0x3e34,0x3e13,0x2572,0x1d53,0x1532,0x1532,0x0d11,0x0cf2,0x046f,0x042f,
0x0450,0x0470,0x040f,0x0450,0x0c90,0x046f,0x044f,0x040f,0x038e,0x038e,0x036d,0x034d,0x032c,0x034d,0x032c,0x034d,
0x036d,0x036d,0x034c,0x0b6d,0x036c,0x032c,0x030b,0x034c,0x032c,0x030b,0x02eb,0x032b,0x030b,0x02eb,0x02aa,0x02aa,
0x1d12,0x2d93,0x2552,0x040e,0x038e,0x034d,0x034d,0x032d,0x032e,0x030c,0x036e,0x03ef,0x03cf,0x036e,0x03cf,0x03cf,
0x03cf,0x03ae,0x03cf,0x03ce,0x03ef,0x03ef,0x0410,0x040f,0x1492,0x0cb2,0x0c91,0x0491,0x0cb1,0x1d73,0x2dd4,0x1d52,
0x3df4,0x5ef7,0x4676,0x1d73,0x1533,0x0cd2,0x0cb2,0x0471,0x0451,0x0410,0x0410,0x03f0,0x0410,0x03f0,0x0410,0x0410,
0x0410,0x0410,0x0431,0x0450,0x0451,0x0451,0x0492,0x0491,0x04b2,0x04b2,0x04d2,0x04d2,0x04f3,0x0513,0x0d13,0x0513,
0x0d54,0x0533,0x0533,0x0513,0x0534,0x0553,0x0533,0x0513,0x0513,0x04f3,0x0513,0x04f2,0x0513,0x04f2,0x04f3,0x04f3,
0x0513,0x04f3,0x0513,0x04f3,0x0514,0x0533,0x0554,0x0533,0x0554,0x0534,0x0574,0x0574,0x0d94,0x0d94,0x15d5,0x1e16,
0x1e36,0x1e15,0x2636,0x1e76,0x2e97,0x36b7,0x46f8,0x7f79,0xbffa,0x9f9a,0x775a,0x5739,0x4f19,0x36b7,0x2e77,0x1e36,
0x1e16,0x15f5,0x15f6,0x15d4,0x2635,0x2e75,0x4ed6,0x5716,0x5718,0x3e96,0x2e35,0x1e14,0x1e15,0x15d4,0x15b4,0x0594,
0x0db5,0x0594,0x0db5,0x0d94,0x15b5,0x15b5,0x15d5,0x0d94,0x0d94,0x0d74,0x0d74,0x0573,0x15b5,0x15f5,0x2656,0x1e55,
0x2e96,0x5f38,0x97fb,0x87b9,0x56b6,0x2615,0x1615,0x15b3,0x1594,0x0574,0x0d74,0x0d74,0x0d54,0x0513,0x04f3,0x04b2,
0x04b2,0x04b2,0x04b2,0x04b1,0x04d2,0x04d2,0x04f2,0x0512,0x0d53,0x0d33,0x0d13,0x04f2,0x04d2,0x04b2,0x04d2,0x04b2,
0x04b2,0x0491,0x04b2,0x0491,0x0492,0x0471,0x0471,0x0471,0x0492,0x0471,0x0471,0x0451,0x0471,0x0471,0x0492,0x0491,
0x0470,0x0470,0x0491,0x04d0,0x0d11,0x1d92,0x4e74,0x4694,0x2db3,0x1512,0x0d12,0x04d1,0x0cf1,0x04d1,0x0490,0x040f,
0x042f,0x042f,0x0c50,0x0c90,0x0c90,0x046f,0x0cb1,0x0c90,0x042f,0x040f,0x03cf,0x034d,0x032d,0x030c,0x02ec,0x02ab,
0x030c,0x034d,0x036d,0x034c,0x036d,0x032c,0x032c,0x032c,0x0b8d,0x030b,0x030c,0x030b,0x030c,0x0acb,0x02ab,0x028a,
0x046e,0x14f1,0x1d32,0x0c90,0x040e,0x0c0f,0x0c0f,0x0bef,0x038d,0x036d,0x036d,0x0c50,0x042f,0x038e,0x03ce,0x0410,
0x040f,0x042f,0x040f,0x0430,0x040f,0x0430,0x0490,0x0cd2,0x0450,0x0410,0x0410,0x0491,0x0cf1,0x3634,0x3634,0x35d3,
0x4634,0x3e35,0x25b4,0x1d94,0x1553,0x1513,0x0cd2,0x0cb2,0x0451,0x0430,0x03f0,0x0410,0x03ef,0x03f0,0x03ef,0x0410,
0x0410,0x0410,0x0410,0x0431,0x0430,0x0451,0x0451,0x0471,0x0471,0x0492,0x04b2,0x04b2,0x04b1,0x0512,0x0512,0x0d53,
0x0513,0x04f2,0x04f2,0x04f3,0x04f2,0x0533,0x0553,0x0554,0x0513,0x0513,0x04f2,0x0513,0x04f2,0x0513,0x04f2,0x0513,
0x0512,0x0513,0x0513,0x0533,0x0533,0x0553,0x0553,0x0554,0x0553,0x0574,0x0574,0x0594,0x0593,0x0dd4,0x15f5,0x2676,
0x2656,0x2656,0x1e35,0x2677,0x2e77,0x3697,0x4f17,0x8758,0x7736,0x5f38,0x5719,0x5719,0x3ed8,0x2e97,0x1e35,0x1e15,
0x0db4,0x0db5,0x0db5,0x15d5,0x15f4,0x2635,0x2656,0x2635,0x15d4,0x15b4,0x1594,0x15b4,0x15d4,0x1df5,0x15d4,0x1dd4,
0x1df4,0x1e15,0x1e35,0x2e36,0x2634,0x1e34,0x0dd4,0x0d94,0x0553,0x0574,0x0573,0x0574,0x0574,0x0d95,0x15b4,0x1615,
0x2e35,0x6717,0x6f16,0x4695,0x1e35,0x1e15,0x0dd4,0x0d94,0x0d73,0x0d54,0x0513,0x0534,0x0513,0x04f3,0x04d2,0x04d2,
0x04b2,0x04b2,0x0491,0x0492,0x0491,0x04b2,0x04b2,0x04f3,0x0513,0x0d54,0x0d53,0x0d53,0x04d1,0x04d2,0x04b1,0x04b2,
0x04b2,0x04b2,0x0491,0x04b2,0x0491,0x04b2,0x0491,0x0492,0x0471,0x0471,0x0471,0x0491,0x0491,0x04b1,0x04b1,0x0cd1,
0x0470,0x0470,0x0490,0x04b1,0x04f0,0x1d72,0x1d92,0x25b2,0x0d10,0x0cd1,0x04d1,0x04d1,0x04b1,0x0470,0x042f,0x040f,
0x03ef,0x03ef,0x0450,0x0c90,0x0490,0x04b0,0x04b0,0x0c90,0x0caf,0x0c90,0x040f,0x038e,0x032d,0x030d,0x02ec,0x02ac,
0x02ab,0x032d,0x038d,0x038d,0x034c,0x034c,0x032b,0x034c,0x034c,0x032c,0x02eb,0x02cb,0x02cb,0x02eb,0x028a,0x028a,
0x040f,0x03ee,0x038e,0x03ae,0x040f,0x03ef,0x1450,0x1cd1,0x2573,0x0c8f,0x040f,0x044f,0x14b1,0x03ee,0x03ef,0x042f,
0x14b1,0x0cd1,0x0cf2,0x04b0,0x0470,0x0cb0,0x1512,0x0470,0x03ef,0x03ef,0x0450,0x04b1,0x1d53,0x35f4,0x4634,0x4e55,
0x3e14,0x25b3,0x2dd6,0x1d94,0x1554,0x0cf3,0x0cb2,0x0471,0x0471,0x0430,0x0431,0x0410,0x0410,0x03f0,0x0410,0x0410,
0x0410,0x0410,0x0431,0x0430,0x0451,0x0451,0x0471,0x0471,0x0472,0x0472,0x0492,0x0491,0x04b2,0x04f2,0x0d73,0x0d74,
0x0513,0x04b2,0x04d3,0x04d2,0x04f3,0x0513,0x0d54,0x0554,0x0553,0x0533,0x0533,0x0533,0x0533,0x0513,0x0533,0x0513,
0x0533,0x0533,0x0554,0x0533,0x0554,0x0553,0x0574,0x0574,0x0d74,0x0574,0x0d95,0x0d94,0x15d5,0x1e35,0x2676,0x2e97,
0x36b7,0x2e76,0x2e56,0x2676,0x2677,0x4695,0x6f36,0x56f6,0x46d7,0x46f8,0x46f8,0x3eb8,0x3697,0x2656,0x2636,0x1e16,
0x15f5,0x0d94,0x0db5,0x0db4,0x15f5,0x15d5,0x1df5,0x0db4,0x0d74,0x0533,0x0554,0x0533,0x0553,0x0553,0x0d94,0x1594,
0x1df5,0x25f4,0x3655,0x4ed5,0x4f16,0x2e54,0x1e15,0x0db4,0x0db4,0x0db4,0x0db4,0x0594,0x0db4,0x0db4,0x1616,0x1636,
0x3e76,0x4eb5,0x3675,0x2615,0x2e56,0x1e36,0x1e16,0x15d4,0x0d74,0x0533,0x0d13,0x04f3,0x0513,0x04f2,0x04f3,0x04b2,
0x04d2,0x04b2,0x04b2,0x0491,0x04b2,0x04b2,0x04d2,0x04d2,0x04f3,0x0513,0x1554,0x0d33,0x04f2,0x04d1,0x04d2,0x04d2,
0x04d2,0x04b2,0x04d2,0x04b2,0x04d2,0x04b2,0x04b2,0x0492,0x04b2,0x0491,0x0492,0x0491,0x04b2,0x04d2,0x0d13,0x0cf2,
0x04d1,0x04d1,0x0d11,0x1551,0x1db3,0x1571,0x1552,0x1532,0x1511,0x0490,0x04b1,0x0491,0x0491,0x0450,0x0450,0x040f,
0x0410,0x040f,0x0450,0x0470,0x0491,0x0470,0x0470,0x0450,0x0c90,0x14b0,0x0caf,0x03ce,0x036e,0x034d,0x034d,0x02cc,
0x02ac,0x02ac,0x030c,0x032c,0x032c,0x032c,0x032c,0x032c,0x036d,0x034d,0x0b2d,0x02eb,0x02eb,0x02cb,0x028b,0x0229,
0x03ae,0x038e,0x032d,0x032d,0x03ad,0x03ce,0x038d,0x0bee,0x1cb1,0x1cf1,0x14b0,0x1cd0,0x2d52,0x1cf1,0x044f,0x0cb0,
0x0cf1,0x1512,0x0d11,0x0d11,0x0cf0,0x1512,0x04af,0x046f,0x0470,0x0490,0x0cf0,0x35d3,0x4634,0x4e34,0x4e34,0x4615,
0x1512,0x0cf2,0x14f2,0x1d54,0x1533,0x0cf3,0x0471,0x0471,0x0451,0x0431,0x0410,0x0430,0x0410,0x0410,0x03ef,0x0410,
0x0410,0x0410,0x0410,0x0430,0x0430,0x0451,0x0450,0x0471,0x0451,0x0472,0x0491,0x04b2,0x04d2,0x0512,0x0d73,0x1594,
0x0513,0x04d2,0x04d2,0x04f2,0x04d2,0x0513,0x0533,0x0574,0x0553,0x0554,0x0553,0x0574,0x0553,0x0554,0x0533,0x0533,
0x0513,0x0533,0x0553,0x0554,0x0553,0x0574,0x0553,0x0d94,0x0594,0x0db4,0x0db4,0x15d5,0x1e15,0x2e77,0x2e97,0x3ed8,
0x3ed8,0x36b7,0x2e76,0x2eb6,0x4ef5,0x6f56,0x56d5,0x2e96,0x2e77,0x2e76,0x2676,0x2e76,0x2676,0x2656,0x1e55,0x1e15,
0x0db4,0x0d94,0x0573,0x0d74,0x0574,0x0d94,0x0594,0x0574,0x0533,0x0533,0x0513,0x0513,0x0513,0x0513,0x0533,0x0533,
0x0533,0x0534,0x0553,0x25f4,0x2e34,0x2e55,0x2655,0x1e35,0x1df4,0x1df4,0x15b4,0x15d4,0x15d4,0x1e15,0x1635,0x3e95,
0x46b5,0x2e75,0x15f5,0x1df5,0x1df5,0x2616,0x15f5,0x15b5,0x0d53,0x0533,0x04f2,0x04f3,0x04d2,0x04f3,0x04d2,0x04d2,
0x04b2,0x04b2,0x0491,0x04b2,0x0491,0x04b2,0x04b1,0x04d2,0x04d2,0x04d2,0x04f3,0x0d33,0x0512,0x04f2,0x04d1,0x04d2,
0x04b2,0x04d2,0x04b2,0x04d2,0x04b2,0x04d2,0x04b1,0x04b2,0x04b2,0x04b2,0x0491,0x04b2,0x04f2,0x1533,0x0d12,0x0511,
0x0511,0x1573,0x1dd3,0x2e14,0x1db3,0x1552,0x0d32,0x1552,0x0d11,0x0490,0x0490,0x0491,0x0430,0x0450,0x042f,0x042f,
0x0430,0x040f,0x042f,0x0470,0x044f,0x0450,0x044f,0x0450,0x042f,0x0c90,0x0caf,0x0cb0,0x03ce,0x034d,0x034d,0x032d,
0x030c,0x02ec,0x028b,0x02ab,0x028b,0x02cb,0x02cb,0x02ec,0x02ab,0x02cb,0x02aa,0x02ab,0x02ab,0x02cb,0x02cb,0x0b2c,
0x032d,0x030d,0x030d,0x030c,0x038e,0x03cf,0x03ae,0x03ae,0x03ef,0x042f,0x0c90,0x14af,0x5655,0x5e96,0x35b3,0x2552,
0x2572,0x2db2,0x3df3,0x35f3,0x3e14,0x2592,0x2d92,0x3e13,0x4634,0x2572,0x3db2,0x5e94,0x5e95,0x5674,0x66d6,0x4656,
0x1533,0x04d1,0x0c91,0x14f3,0x1534,0x1513,0x0cd3,0x0471,0x0471,0x0451,0x0451,0x0430,0x0431,0x0410,0x0410,0x0410,
0x0431,0x0430,0x0431,0x0430,0x0451,0x0451,0x0471,0x0471,0x0472,0x0492,0x04d3,0x04f2,0x0513,0x0512,0x1594,0x0d53,
0x0534,0x0513,0x0533,0x0513,0x0533,0x0533,0x0d94,0x0db4,0x15b5,0x0d94,0x0d95,0x0594,0x0d94,0x0573,0x0553,0x0553,
0x0554,0x0553,0x0574,0x0554,0x0d74,0x0574,0x0d95,0x0d94,0x0db5,0x15d5,0x1615,0x15f5,0x2656,0x36b7,0x3ef9,0x4738,
0x5f7a,0x4718,0x56f8,0x6f37,0x6f36,0x3e95,0x2615,0x15f5,0x1df5,0x15f4,0x15f5,0x15f5,0x1e16,0x1e16,0x15f5,0x0d94,
0x0d94,0x0d74,0x0d74,0x0553,0x0d74,0x0574,0x0574,0x0553,0x0533,0x04f3,0x04f3,0x04f3,0x04f3,0x04d3,0x04f3,0x04f3,
0x0533,0x0533,0x0554,0x0574,0x1df4,0x1e34,0x2635,0x1e14,0x2635,0x2635,0x2e35,0x2615,0x2656,0x2656,0x4696,0x7777,
0x56f7,0x15f5,0x15b5,0x0d94,0x1df5,0x1df5,0x15d5,0x0d94,0x1574,0x0513,0x04f3,0x04d2,0x04f3,0x04d2,0x04d3,0x04d2,
0x04d3,0x04b2,0x04d2,0x04b2,0x04d2,0x04b2,0x04d2,0x04b2,0x04d2,0x04d2,0x0513,0x0d53,0x1db4,0x1573,0x0d33,0x04f2,
0x0513,0x04f2,0x04f2,0x04f2,0x04f3,0x04d2,0x04f3,0x04d2,0x04f3,0x04d2,0x04f2,0x0d12,0x1d94,0x1db4,0x1d94,0x1573,
0x1d94,0x1574,0x1dd4,0x1592,0x0d33,0x0d13,0x0d12,0x0d11,0x1532,0x04d1,0x04b0,0x0470,0x0430,0x042f,0x0450,0x03ef,
0x0430,0x042f,0x0450,0x044f,0x0c4f,0x0c4f,0x0c90,0x044f,0x042f,0x042f,0x044f,0x0c70,0x0c50,0x03ce,0x038e,0x034d,
0x034d,0x032d,0x0b0d,0x02cc,0x02ec,0x02cc,0x02ac,0x028b,0x02ac,0x028b,0x026b,0x024a,0x028b,0x034c,0x0bee,0x03ee,
0x030c,0x032d,0x030c,0x030d,0x034d,0x03cf,0x03ce,0x03ef,0x040f,0x040f,0x042f,0x0470,0x2551,0x5e95,0x6ed4,0x6ed4,
0x5673,0x4633,0x2d92,0x2d72,0x2552,0x1d11,0x14f1,0x2512,0x1cd0,0x0c70,0x046f,0x14d1,0x0d11,0x3e14,0x6ef6,0x66b6,
0x25b4,0x1d94,0x1534,0x0cf3,0x04d2,0x0cd2,0x04d2,0x0cd2,0x0491,0x0471,0x0450,0x0451,0x0430,0x0431,0x0430,0x0431,
0x0430,0x0451,0x0430,0x0451,0x0450,0x0451,0x0471,0x0491,0x04b1,0x04d3,0x04d2,0x0513,0x0512,0x0533,0x0553,0x0553,
0x0533,0x0553,0x0533,0x0553,0x0553,0x0574,0x0553,0x1594,0x15f4,0x15f5,0x0dd4,0x15d5,0x0db4,0x0db4,0x0d93,0x0d94,
0x0573,0x0574,0x0553,0x0574,0x0553,0x0574,0x0553,0x0d94,0x0db4,0x15d4,0x15f4,0x1e35,0x2676,0x3ef8,0x4f18,0x6f7b,
0x879b,0x7f99,0x8798,0x7f37,0x3614,0x15d5,0x0db4,0x15b5,0x0db4,0x0d94,0x0573,0x0d94,0x0db4,0x0db4,0x0574,0x0574,
0x0553,0x0554,0x0533,0x0554,0x0553,0x0574,0x0553,0x0554,0x0513,0x0513,0x04f3,0x04f3,0x04d2,0x04d3,0x04d2,0x04f3,
0x04f2,0x0513,0x0513,0x0d53,0x0d93,0x15b4,0x0db3,0x1593,0x0db3,0x1df4,0x2e55,0x4ed6,0x56f5,0x4ed5,0x5f16,0x6737,
0x2635,0x0db4,0x0d93,0x15b4,0x15f5,0x15f5,0x0d73,0x0d53,0x0512,0x04f2,0x04d2,0x04d3,0x04b2,0x04d2,0x04b2,0x04d3,
0x04b2,0x04d2,0x04b2,0x04d2,0x04b1,0x04d2,0x04b2,0x04d2,0x04b2,0x04f2,0x0512,0x0d32,0x0d73,0x15b4,0x1593,0x0d74,
0x0533,0x0533,0x0512,0x0513,0x04f2,0x04f2,0x04d2,0x04d2,0x04f2,0x0d33,0x1573,0x1df5,0x2614,0x3655,0x3655,0x1db4,
0x0d52,0x0d33,0x0532,0x0532,0x04d1,0x04b2,0x0470,0x0470,0x0490,0x0cd1,0x0470,0x0450,0x042f,0x0430,0x042f,0x03ef,
0x042f,0x0450,0x044f,0x044f,0x042f,0x0c4f,0x0c70,0x0c90,0x044f,0x0c50,0x040f,0x03ee,0x044f,0x0470,0x03ee,0x038e,
0x034d,0x032d,0x030d,0x0b2d,0x030d,0x030d,0x02ec,0x02ec,0x02ab,0x02ab,0x028a,0x02ab,0x02ec,0x0b8d,0x036c,0x034c,
0x036e,0x034d,0x034e,0x0b8e,0x03cf,0x03ce,0x03cf,0x03ef,0x0430,0x040f,0x0c50,0x0cb0,0x35d3,0x76f4,0x6ed4,0x45f2,
0x1d31,0x04d0,0x0cd1,0x04b1,0x0cb1,0x0cb1,0x0cb1,0x042f,0x040f,0x040f,0x0450,0x0491,0x1532,0x2592,0x3df4,0x3593,
0x2593,0x1d73,0x1554,0x0cf3,0x04d2,0x04b2,0x04d2,0x04d2,0x04d2,0x0491,0x0492,0x0471,0x0471,0x0451,0x0451,0x0451,
0x0451,0x0451,0x0471,0x0471,0x0471,0x0471,0x04b2,0x04b2,0x04f3,0x04d2,0x04d2,0x04d2,0x0532,0x0553,0x0d94,0x0573,
0x0d74,0x0553,0x0d74,0x0553,0x0d74,0x0573,0x0d94,0x05b4,0x15f5,0x1e15,0x1e56,0x1615,0x1616,0x15f5,0x15f5,0x15d4,
0x0db5,0x0594,0x0574,0x0553,0x0574,0x0553,0x0d94,0x0db4,0x15f5,0x15d4,0x15f5,0x1615,0x2677,0x3ed7,0x6f7a,0x97dc,
0xaffb,0xafd9,0x9777,0x56b6,0x2636,0x1616,0x1dd5,0x0db4,0x0d94,0x0552,0x0554,0x0553,0x0d74,0x0574,0x0d74,0x0553,
0x0554,0x0533,0x0534,0x0533,0x0554,0x0553,0x0554,0x0553,0x0533,0x04f3,0x04f3,0x04d2,0x04d3,0x04b2,0x04d3,0x04d2,
0x04f3,0x04f2,0x0513,0x0513,0x0d33,0x0d53,0x0d94,0x0d94,0x15b4,0x0d93,0x15f5,0x3675,0x6f15,0x8755,0x9fb7,0x7736,
0x2e76,0x15f5,0x15f5,0x15f5,0x1df5,0x0d94,0x0d74,0x0512,0x0513,0x04d2,0x04f3,0x04d2,0x04d3,0x04d2,0x04d3,0x04b2,
0x04d3,0x04d2,0x04d3,0x04d2,0x04d2,0x04d2,0x04d2,0x04d2,0x04f3,0x04f2,0x0d32,0x0512,0x0d32,0x0532,0x0d94,0x15b4,
0x15b4,0x0d73,0x0d74,0x0d53,0x0d53,0x0512,0x0513,0x04f2,0x0d33,0x1594,0x1dd5,0x2615,0x3eb6,0x56f6,0x3e54,0x1573,
0x1553,0x0d12,0x0d12,0x04f2,0x04b1,0x0470,0x0451,0x0451,0x0471,0x04b1,0x0cb2,0x0471,0x0450,0x042f,0x0430,0x03ef,
0x0c50,0x0c50,0x0c50,0x0c50,0x0c70,0x0c6f,0x0c70,0x0c70,0x0c4f,0x042f,0x0c0f,0x03ae,0x040f,0x0450,0x0450,0x03ef,
0x03ae,0x034d,0x0b4e,0x032d,0x032d,0x030d,0x032d,0x032d,0x034e,0x032c,0x030c,0x0b2d,0x136d,0x0b8d,0x13ae,0x0b6c,
0x036d,0x036e,0x038e,0x13ef,0x0bef,0x040f,0x040f,0x03ef,0x040f,0x0c50,0x0c90,0x1d52,0x35b1,0x4e33,0x3612,0x2592,
0x0cd1,0x04b1,0x04b0,0x04d1,0x04b0,0x0cd1,0x0490,0x0470,0x040f,0x0430,0x044f,0x0cd1,0x1532,0x1d72,0x0d52,0x1552,
0x2db2,0x2df4,0x0d53,0x0513,0x04f3,0x04f3,0x04d2,0x04f3,0x04d2,0x04d2,0x04b1,0x04b2,0x0471,0x0471,0x0450,0x0471,
0x0450,0x0451,0x0471,0x0492,0x0491,0x04b2,0x04b1,0x04b2,0x04b1,0x04b2,0x0491,0x04f2,0x1593,0x1e15,0x0d93,0x0d73,
0x0573,0x0d73,0x0553,0x0573,0x0553,0x0d94,0x05b4,0x1e35,0x3696,0x4ef7,0x4f17,0x46d6,0x2e75,0x1e35,0x15f4,0x0dd4,
0x0594,0x0d94,0x0593,0x0594,0x0594,0x0d95,0x0db4,0x15f5,0x15f4,0x1615,0x1e35,0x2e96,0x3ed5,0x7f78,0x9fd9,0xa7b9,
0x9f97,0x9757,0x5ef6,0x46f7,0x3696,0x1e36,0x0db4,0x0d94,0x0552,0x0553,0x0553,0x0553,0x0553,0x0554,0x0533,0x0554,
0x0533,0x0533,0x0513,0x0533,0x0533,0x0533,0x0533,0x0533,0x0513,0x04f3,0x04d2,0x04d2,0x04b2,0x04b2,0x04b2,0x04b2,
0x04b2,0x04d3,0x04d2,0x04f2,0x04f2,0x0513,0x0533,0x0db4,0x15d4,0x15f4,0x15f4,0x2655,0x56f6,0x7f58,0x7f77,0x6737,
0x3696,0x2636,0x1615,0x15f5,0x0d93,0x15b4,0x0d73,0x0d33,0x04f2,0x04f3,0x04d2,0x04d2,0x04d2,0x04d2,0x04b2,0x04d2,
0x04b2,0x04d3,0x04d2,0x04d2,0x04d2,0x04d2,0x04d2,0x04f3,0x04d2,0x04f3,0x04f2,0x0512,0x0513,0x0d53,0x0532,0x0d73,
0x0d94,0x0d94,0x0573,0x0d73,0x0532,0x0d53,0x0533,0x0533,0x0533,0x0d53,0x0d52,0x15b3,0x3655,0x4696,0x1dd3,0x1573,
0x0d12,0x0d12,0x04f2,0x04b2,0x0470,0x0471,0x0450,0x0450,0x0450,0x0470,0x04d1,0x0cf2,0x0490,0x0450,0x042f,0x040f,
0x040f,0x040f,0x03ce,0x042f,0x0c70,0x0c70,0x0c4f,0x040e,0x03cd,0x03ce,0x03ae,0x03ae,0x03ee,0x0470,0x044f,0x03ef,
0x03ae,0x038e,0x038d,0x038e,0x034d,0x034d,0x032d,0x036e,0x038e,0x038d,0x036c,0x0bad,0x0b4c,0x0b6d,0x0b4c,0x032c,
0x03cf,0x03cf,0x1430,0x0c2f,0x0c2f,0x040f,0x0450,0x044f,0x042f,0x0c70,0x0cd1,0x0cb0,0x2551,0x2591,0x2571,0x2571,
0x2552,0x0cd0,0x0cb0,0x0490,0x0c91,0x0491,0x0cb1,0x0470,0x0450,0x0450,0x04b1,0x0cf1,0x1532,0x1d52,0x1d73,0x1531,
0x2db3,0x3e14,0x2df4,0x1d93,0x1553,0x0d33,0x0d33,0x0d33,0x0d13,0x04f2,0x04d3,0x04b2,0x0cb2,0x0491,0x0492,0x0491,
0x0492,0x0491,0x04d2,0x04b2,0x04d2,0x04b1,0x04b2,0x04b1,0x04b2,0x04b2,0x04b2,0x0d72,0x2e55,0x2635,0x0d94,0x0574,
0x0554,0x0553,0x0573,0x0573,0x15b4,0x2614,0x3e96,0x4ed6,0x5f37,0x5716,0x56f6,0x4ed6,0x4ed6,0x46b6,0x3696,0x2e55,
0x2615,0x15f4,0x15f4,0x15f4,0x1df5,0x15f5,0x1e15,0x1e15,0x2656,0x2655,0x3e95,0x5f35,0x7775,0x7755,0x6716,0x5674,
0x6ed4,0x66f5,0x46d7,0x3696,0x2e55,0x1df4,0x0d94,0x0573,0x0d73,0x0553,0x0554,0x0533,0x0554,0x0554,0x0554,0x0533,
0x0533,0x0513,0x0534,0x0513,0x0534,0x0513,0x0513,0x0513,0x0513,0x04f3,0x04f3,0x04d2,0x04b2,0x04b2,0x04b2,0x04b2,
0x04d3,0x04b2,0x04d3,0x04d2,0x04f3,0x04d2,0x0533,0x0d93,0x1e15,0x1e15,0x1e15,0x2e55,0x4ef7,0x4ef6,0x4ed6,0x46b6,
0x2e56,0x1dd4,0x15f4,0x15b4,0x1594,0x1594,0x15b4,0x0d73,0x0d33,0x04f3,0x04f3,0x04d2,0x04f3,0x04d2,0x04f3,0x04d2,
0x04f3,0x04d2,0x04f3,0x04f2,0x04f3,0x04d2,0x04f3,0x04f3,0x04f3,0x04f3,0x0513,0x0513,0x0d13,0x0533,0x0d53,0x0573,
0x0d94,0x0573,0x0d93,0x1593,0x1594,0x0553,0x0d73,0x0573,0x0d74,0x0d73,0x15b3,0x1dd4,0x3634,0x25d3,0x1573,0x0d32,
0x0d12,0x0512,0x0512,0x04d1,0x04b1,0x0491,0x0491,0x0471,0x0471,0x0450,0x0491,0x0cf1,0x0cf1,0x0490,0x0451,0x0410,
0x03ef,0x03ef,0x03ae,0x038e,0x03ef,0x040f,0x03ef,0x03ad,0x03cf,0x03ae,0x03af,0x03ef,0x0c71,0x0490,0x0c90,0x040f,
0x03ef,0x03af,0x03cf,0x03ae,0x03ae,0x036e,0x036e,0x036d,0x036d,0x036c,0x13ef,0x13ed,0x13ae,0x138e,0x0b6d,0x032c,
0x03ee,0x040f,0x0c50,0x1490,0x0c70,0x0c50,0x044f,0x044f,0x040e,0x040e,0x040e,0x0caf,0x1d50,0x14f0,0x0470,0x0c90,
0x0cd0,0x1512,0x0cd1,0x0cb1,0x0470,0x0490,0x0470,0x0470,0x044f,0x0491,0x0cd1,0x1532,0x1551,0x25b2,0x25d3,0x25d2,
0x4674,0x5695,0x3613,0x4655,0x3634,0x35f4,0x2dd3,0x2614,0x1dd4,0x1594,0x0533,0x0d13,0x04d2,0x04d3,0x04d2,0x04d2,
0x04d2,0x04d2,0x04d1,0x04f2,0x04d1,0x04d2,0x04d1,0x04d2,0x04d1,0x04f2,0x0d53,0x3675,0x46d6,0x2e35,0x0573,0x0d74,
0x0d94,0x0db4,0x0dd3,0x1df4,0x2634,0x3675,0x3e75,0x3e75,0x2e54,0x2654,0x1e14,0x2635,0x2634,0x2e35,0x2e34,0x2e35,
0x1e14,0x2614,0x3675,0x46b6,0x3e95,0x46b4,0x4e95,0x4e95,0x3654,0x25f4,0x25d3,0x3634,0x2633,0x1e14,0x1df4,0x2635,
0x4ed4,0x4ed5,0x2e55,0x2615,0x1df4,0x15f5,0x0d94,0x0d94,0x0553,0x0553,0x0533,0x0533,0x0533,0x0553,0x0533,0x0533,
0x0512,0x0513,0x0513,0x0533,0x0513,0x0513,0x04f3,0x0513,0x04f2,0x04f3,0x04d2,0x04d2,0x04b2,0x04b2,0x04b2,0x04b2,
0x0491,0x04b2,0x04b2,0x04d2,0x04b2,0x04d3,0x04f2,0x0533,0x0d73,0x15f5,0x15f4,0x2e55,0x36b5,0x3e95,0x3675,0x3e95,
0x2e34,0x1dd3,0x0d93,0x1594,0x0d53,0x0d53,0x0d73,0x0d73,0x0512,0x0513,0x04d2,0x04d3,0x04f2,0x04f3,0x04d2,0x04f2,
0x04d2,0x04f2,0x04f2,0x04f3,0x04d2,0x04f3,0x04f2,0x0513,0x04f2,0x0513,0x0513,0x0513,0x04f2,0x0513,0x0532,0x0d73,
0x0db3,0x15b4,0x1e14,0x3e96,0x2e55,0x2e34,0x2e34,0x2615,0x1df4,0x2615,0x1dd4,0x25f4,0x25f3,0x1d93,0x0532,0x0d32,
0x0512,0x0512,0x04f1,0x04d2,0x04b1,0x04b2,0x0491,0x0491,0x0470,0x0470,0x0490,0x0cf2,0x0d11,0x04d1,0x0471,0x0451,
0x03ef,0x03ae,0x036d,0x036e,0x03ae,0x03cf,0x03ae,0x03ce,0x03ce,0x03cf,0x03ae,0x0430,0x0471,0x0470,0x0cb1,0x24f1,
0x0c8f,0x14d1,0x0cb0,0x0c70,0x0c70,0x1491,0x0bee,0x142f,0x1c8f,0x1c4f,0x142f,0x2490,0x0bce,0x0b8d,0x038d,0x036d,
0x03cf,0x03ef,0x040f,0x040f,0x042f,0x042f,0x0c50,0x03ee,0x03ee,0x03ee,0x1491,0x2531,0x1cf0,0x0450,0x0470,0x044f,
0x0c70,0x0490,0x14b1,0x0cd1,0x0cd1,0x0cb0,0x0cb1,0x0cb0,0x0cb1,0x0490,0x0cd1,0x1553,0x25d4,0x2dd3,0x25b3,0x2591,
0x5674,0x5675,0x25b3,0x1d73,0x2594,0x1d73,0x2594,0x2dd3,0x3635,0x3635,0x2e15,0x15b3,0x0d93,0x0553,0x0d53,0x0533,
0x0d53,0x0532,0x0d33,0x0532,0x0d53,0x0d53,0x1554,0x0512,0x0d33,0x2614,0x5718,0x6757,0x6758,0x4696,0x3635,0x4695,
0x4ed6,0x2e75,0x2614,0x15d4,0x1df5,0x15f4,0x1e15,0x15f3,0x1e15,0x1df5,0x1df5,0x15d5,0x15d5,0x0db4,0x0db4,0x0593,
0x0d94,0x0db3,0x25f4,0x3634,0x4e94,0x66d4,0x5eb5,0x2e13,0x1593,0x0d93,0x15b4,0x0db4,0x15b4,0x15d4,0x1df5,0x2635,
0x46b5,0x3654,0x1dd5,0x1dd4,0x1dd5,0x15d4,0x15b4,0x0553,0x0553,0x0533,0x0534,0x0533,0x0554,0x0533,0x0533,0x0513,
0x0533,0x0513,0x0534,0x0513,0x0534,0x04f3,0x0513,0x04f3,0x04f3,0x04d2,0x04d3,0x04b2,0x04d3,0x04b2,0x04b2,0x0492,
0x04b2,0x04b2,0x04b2,0x04b2,0x04d3,0x04d2,0x04d3,0x04f3,0x0533,0x0573,0x15d4,0x1e15,0x2e75,0x2e55,0x3676,0x3e75,
0x4eb5,0x3e54,0x25d3,0x1593,0x1574,0x0d53,0x1594,0x0d73,0x0d53,0x0532,0x0d13,0x04f3,0x0513,0x04f2,0x04f3,0x04d2,
0x04f3,0x04d2,0x04f3,0x04f3,0x0513,0x04f3,0x0513,0x0513,0x0513,0x0513,0x0d13,0x0513,0x0d13,0x0512,0x0d53,0x0d93,
0x15f5,0x1df5,0x2e35,0x4695,0x5ef6,0x6736,0x6737,0x3634,0x25f4,0x1dd3,0x1dd4,0x1dd3,0x2e15,0x25f4,0x1593,0x0d33,
0x0d33,0x0512,0x0d12,0x04f2,0x04f2,0x04d2,0x0cd2,0x04b1,0x0cb1,0x04b1,0x04d1,0x04f1,0x1532,0x0cf1,0x0491,0x0451,
0x0430,0x0410,0x03cf,0x036e,0x03ae,0x03ae,0x03cf,0x03ce,0x03cf,0x03ce,0x0410,0x0430,0x0471,0x0470,0x0c91,0x14b1,
0x1d52,0x25f2,0x1531,0x0cb0,0x14f2,0x2513,0x142f,0x0c0e,0x2cd0,0x3531,0x3d33,0x5614,0x24f1,0x144f,0x142f,0x0bee,
0x036d,0x03ae,0x03ae,0x03ee,0x03ee,0x03ee,0x03ee,0x03ee,0x03ee,0x0c50,0x2532,0x2531,0x044f,0x0450,0x044f,0x0c70,
0x044f,0x040f,0x040e,0x0470,0x0490,0x0c90,0x046f,0x0c90,0x0cb0,0x0490,0x04b0,0x0cf1,0x0cd1,0x0cd1,0x04f1,0x1552,
0x1571,0x1d72,0x0d52,0x04f2,0x04d1,0x0d12,0x0d33,0x1553,0x1552,0x25b3,0x2e13,0x3634,0x25f4,0x1db4,0x1db4,0x1dd4,
0x1db4,0x1594,0x0d73,0x0d73,0x0d73,0x1dd4,0x1db4,0x1db4,0x1db4,0x3e75,0x4eb6,0x4e95,0x4e75,0x4655,0x4674,0x5ef6,
0x4675,0x2634,0x15d3,0x1593,0x0d93,0x15b4,0x0db4,0x15b4,0x0d94,0x0db4,0x0d93,0x0d94,0x0d74,0x0d94,0x0593,0x0d94,
0x0573,0x0d94,0x0592,0x15b2,0x3634,0x3654,0x1593,0x0d93,0x0573,0x0d93,0x0d72,0x0d73,0x0d93,0x15d4,0x15d3,0x2614,
0x3653,0x2e34,0x15b4,0x15d4,0x0d94,0x0d73,0x0532,0x0532,0x0512,0x0533,0x0533,0x0553,0x0533,0x0533,0x0512,0x0513,
0x0512,0x0513,0x0513,0x0513,0x04f3,0x04f3,0x04f2,0x04f3,0x04b2,0x04b2,0x04b2,0x04b2,0x04b2,0x04b2,0x0491,0x04b2,
0x0492,0x0492,0x0491,0x04b2,0x04b2,0x04d2,0x04b2,0x04d3,0x04f2,0x0533,0x0572,0x1df5,0x1df4,0x2635,0x2635,0x3655,
0x4694,0x6717,0x4eb5,0x1df4,0x15b4,0x1594,0x0d73,0x1573,0x0d53,0x0d53,0x0533,0x0d33,0x0512,0x04f2,0x04d2,0x04f2,
0x04f2,0x0513,0x04f2,0x0513,0x0513,0x0513,0x0513,0x0533,0x0513,0x0533,0x0512,0x0533,0x0512,0x0533,0x0553,0x0d73,
0x15d4,0x1e16,0x2614,0x4ed6,0x6737,0x56f6,0x2e54,0x1dd4,0x0d73,0x1593,0x0d72,0x1593,0x1dd4,0x2e35,0x1df4,0x1594,
0x0d53,0x0d53,0x0532,0x0532,0x04f2,0x04f2,0x04d1,0x0cf2,0x04d1,0x0cf2,0x04d1,0x04f1,0x0d31,0x0cf1,0x0450,0x0451,
0x0450,0x0471,0x0430,0x03ef,0x03cf,0x0410,0x040f,0x040f,0x03ef,0x0430,0x0430,0x0450,0x0cd1,0x2dd4,0x2593,0x1d93,
0x1d93,0x1532,0x042f,0x03ee,0x03ce,0x03f0,0x036d,0x036d,0x036d,0x13ee,0x140e,0x1c4f,0x24b1,0x2490,0x03cd,0x0bcd,
0x03cf,0x040f,0x0c70,0x040f,0x040f,0x03ef,0x03ef,0x03cf,0x0430,0x0cb0,0x14f0,0x0c8f,0x044f,0x0430,0x0c70,0x0470,
0x0410,0x03ce,0x03cf,0x03cf,0x0410,0x042f,0x042f,0x042f,0x0470,0x0490,0x0cd1,0x0490,0x0490,0x0490,0x1532,0x1d92,
0x0d11,0x04d1,0x1512,0x0d12,0x0cf3,0x04d2,0x0cf2,0x04f2,0x0d13,0x0d52,0x1db3,0x1db3,0x1d93,0x0d32,0x0d53,0x0d52,
0x1573,0x1573,0x25d3,0x3614,0x4e95,0x56b5,0x3e75,0x15b3,0x0d73,0x0d52,0x0d73,0x0d53,0x15b3,0x1dd3,0x2634,0x2e55,
0x3e55,0x2614,0x1dd4,0x0db3,0x15b4,0x0d94,0x0db4,0x0573,0x0d74,0x0573,0x0d74,0x0573,0x0d74,0x0d73,0x0d73,0x0573,
0x0d73,0x0d93,0x15b4,0x1dd3,0x25f4,0x1db3,0x1594,0x1593,0x1594,0x0553,0x0d53,0x0553,0x15b4,0x15d4,0x1df4,0x25f4,
0x4695,0x2e35,0x15d4,0x0d73,0x0d53,0x0532,0x0512,0x04f2,0x0513,0x0513,0x0554,0x0553,0x0d54,0x0533,0x0533,0x0533,
0x0533,0x0513,0x0513,0x04f3,0x04f3,0x04f3,0x04f3,0x04d2,0x04d3,0x04b2,0x04d2,0x0492,0x0492,0x0492,0x04b2,0x04b2,
0x04b2,0x0492,0x04b2,0x04b2,0x0cd3,0x04b2,0x04d2,0x04d2,0x0513,0x0532,0x15d4,0x1e15,0x15d5,0x15d4,0x1e15,0x1e15,
0x3655,0x4eb6,0x5ed6,0x2e54,0x2636,0x15f5,0x15b4,0x1594,0x15b4,0x1594,0x1db5,0x0d53,0x0d33,0x04f2,0x04f2,0x0512,
0x0d34,0x0d33,0x0d54,0x0533,0x0533,0x0513,0x0533,0x0533,0x0534,0x0533,0x0554,0x0553,0x0d53,0x0553,0x0d73,0x0d73,
0x1e15,0x2635,0x3eb6,0x46d6,0x3eb6,0x2e55,0x2635,0x1dd4,0x15b4,0x0d73,0x0d73,0x0d73,0x1593,0x15b3,0x2614,0x2614,
0x25f4,0x1593,0x1573,0x0d52,0x0d53,0x0d33,0x0d33,0x0d12,0x0d13,0x0d12,0x0d12,0x04f1,0x1552,0x0d11,0x0491,0x0450,
0x0471,0x0471,0x0491,0x0451,0x0c72,0x0471,0x0491,0x0491,0x0471,0x0470,0x04b1,0x0cd2,0x2594,0x1d73,0x1512,0x0cd1,
0x0cb1,0x0450,0x03ef,0x03ae,0x03cf,0x03cf,0x036d,0x034d,0x036d,0x036d,0x13ae,0x0bae,0x13ce,0x0b6c,0x0b8d,0x03ad,
0x03ef,0x0430,0x044f,0x042f,0x03cd,0x040f,0x040f,0x040f,0x044f,0x1531,0x0ccf,0x0c6f,0x042f,0x0450,0x0c70,0x042f,
0x03ae,0x03af,0x03ae,0x03ce,0x03ce,0x03ef,0x03ee,0x042f,0x042f,0x0450,0x0470,0x0cb1,0x04d1,0x0d12,0x25b2,0x25b3,
0x04f0,0x04b0,0x04b1,0x0cf2,0x0d12,0x0d13,0x04d2,0x04d2,0x04d1,0x0d53,0x1593,0x0d73,0x0533,0x0533,0x0532,0x0553,
0x0532,0x0553,0x0d72,0x2df4,0x4695,0x3e74,0x1572,0x04f2,0x04d1,0x0512,0x0512,0x0512,0x0553,0x0d94,0x0d94,0x15f4,
0x2614,0x3e36,0x2e14,0x1dd4,0x1593,0x1593,0x0d73,0x0d73,0x0553,0x0553,0x0553,0x0d73,0x0553,0x0d73,0x0553,0x0573,
0x0593,0x15d4,0x15f4,0x25f5,0x1593,0x1573,0x0d73,0x0d74,0x0553,0x0553,0x0533,0x0d73,0x0d93,0x15d4,0x15d3,0x3655,
0x46d5,0x2e35,0x0d73,0x0d53,0x0512,0x0512,0x04f2,0x04f2,0x04f2,0x0513,0x0533,0x0533,0x0533,0x0533,0x0533,0x0533,
0x0513,0x0513,0x04f3,0x04f3,0x04d2,0x04d2,0x04d2,0x04d3,0x04b2,0x04d2,0x04b2,0x04b2,0x0491,0x0492,0x0491,0x04b2,
0x0491,0x0492,0x0491,0x04b2,0x04b2,0x04b2,0x04d2,0x04f3,0x0512,0x0d93,0x15d4,0x15d4,0x0d93,0x15b4,0x0dd4,0x15d4,
0x1df3,0x2e34,0x4eb5,0x5ef6,0x3675,0x1e14,0x15d4,0x15d4,0x15d4,0x1df5,0x15b4,0x0d73,0x0512,0x0512,0x04f2,0x0553,
0x0553,0x0d74,0x0553,0x0534,0x0533,0x0533,0x0533,0x0533,0x0533,0x0554,0x0553,0x0d74,0x0553,0x0d74,0x0d94,0x15d4,
0x1e15,0x3eb6,0x4ef5,0x3e96,0x2676,0x2635,0x1e14,0x1dd4,0x1593,0x1594,0x0d93,0x15b4,0x0d93,0x1573,0x0d72,0x1df3,
0x2614,0x2614,0x15b3,0x1593,0x1593,0x1594,0x1553,0x0d12,0x04f1,0x04f2,0x04f1,0x0d11,0x1572,0x1d52,0x0470,0x0430,
0x0450,0x0491,0x0471,0x0471,0x0471,0x0491,0x0490,0x04d1,0x04f1,0x0d12,0x04d1,0x04b1,0x044f,0x040f,0x0410,0x0410,
0x0430,0x0410,0x03ae,0x03ae,0x03ae,0x03ae,0x030c,0x030c,0x034c,0x036d,0x032c,0x0b8d,0x13ee,0x13ee,0x03ad,0x0bae,
0x03cf,0x03ce,0x03ef,0x03ee,0x040f,0x042f,0x0450,0x0cd0,0x2db3,0x2572,0x0c90,0x046f,0x0c50,0x0430,0x040f,0x03ae,
0x03af,0x03af,0x0baf,0x03ce,0x03ee,0x03ee,0x03ef,0x040f,0x0430,0x042f,0x0450,0x0491,0x0cf2,0x0d31,0x25b3,0x1d72,
0x0cf2,0x0490,0x04b1,0x04b1,0x0cf2,0x0d12,0x0d13,0x04f2,0x0d33,0x1573,0x1db4,0x0532,0x0533,0x0512,0x0513,0x0512,
0x0513,0x0512,0x0513,0x0d53,0x1db4,0x0d53,0x04f3,0x04b2,0x04b2,0x04b1,0x04b2,0x04b2,0x0cf3,0x0d33,0x0d74,0x0db4,
0x15d5,0x1dd4,0x25f4,0x1dd4,0x1dd4,0x15b3,0x0d93,0x0552,0x0553,0x0532,0x0553,0x0552,0x0d74,0x0d93,0x15b4,0x0d93,
0x0db4,0x15d4,0x1df5,0x1593,0x0d53,0x0d53,0x0553,0x0533,0x0533,0x0532,0x0d54,0x0d53,0x15b4,0x15d4,0x1df5,0x3675,
0x4695,0x15d3,0x0d53,0x0512,0x0512,0x04f2,0x0512,0x04f2,0x0513,0x0513,0x0533,0x0513,0x0533,0x0513,0x0534,0x0533,
0x0533,0x0513,0x0513,0x04f3,0x04f3,0x04d2,0x04d3,0x04d2,0x04d3,0x04b2,0x04b2,0x0492,0x04b2,0x0492,0x0492,0x0491,
0x0492,0x0491,0x0492,0x0492,0x04b2,0x04b2,0x0cf3,0x04f3,0x0553,0x0593,0x15b4,0x0d73,0x0d73,0x0d93,0x1df4,0x2614,
0x2e56,0x3675,0x6f36,0x8f98,0x7f78,0x56b6,0x3655,0x1dd4,0x1dd4,0x15d4,0x15d5,0x0d53,0x0d53,0x0532,0x0d73,0x0d94,
0x15b5,0x0d73,0x0d54,0x0553,0x0d54,0x0553,0x0574,0x0553,0x0574,0x0553,0x0d73,0x0573,0x15b4,0x0dd4,0x1df5,0x2636,
0x3eb7,0x5f16,0x4ef7,0x2e76,0x2655,0x1df4,0x1dd4,0x15b3,0x1594,0x0d73,0x1594,0x0d94,0x1594,0x1594,0x1594,0x1593,
0x1df4,0x2634,0x2e35,0x2614,0x25f5,0x1593,0x1573,0x0d32,0x0d32,0x0532,0x0d33,0x1532,0x1d72,0x0cf1,0x0450,0x0430,
0x0471,0x0491,0x0491,0x0430,0x0450,0x0450,0x0491,0x1d53,0x2df4,0x1511,0x0470,0x040f,0x03ef,0x03ee,0x03f0,0x03ef,
0x0450,0x0430,0x0410,0x03ce,0x040f,0x03ef,0x034d,0x02ec,0x030c,0x034c,0x036d,0x032c,0x0bae,0x140f,0x0b6d,0x030c,
0x03ae,0x03ce,0x03ce,0x040f,0x042f,0x0c90,0x0c90,0x1511,0x2591,0x1cd0,0x042f,0x0450,0x042f,0x03ef,0x03ae,0x03ae,
0x038e,0x03af,0x03ae,0x03cf,0x03ce,0x03cf,0x03ce,0x040f,0x040f,0x0430,0x042f,0x0470,0x0cd0,0x1532,0x0cf1,0x0cd1,
0x04d1,0x04b1,0x04b1,0x04b1,0x04b1,0x04d1,0x04f1,0x0512,0x0512,0x0d33,0x0d52,0x0d32,0x0512,0x04f2,0x04d2,0x04d2,
0x04d2,0x04f2,0x04f2,0x0d73,0x0d53,0x04f2,0x04b1,0x04b2,0x0491,0x04b2,0x0491,0x04d2,0x0512,0x0d53,0x0d73,0x0d94,
0x0d73,0x0d73,0x0d73,0x1573,0x1593,0x15b4,0x0d93,0x1593,0x15b3,0x1573,0x0552,0x0552,0x0573,0x0db4,0x0d93,0x0d93,
0x0db3,0x1e13,0x15b3,0x0d53,0x0532,0x0533,0x04f2,0x0512,0x04f2,0x0513,0x0533,0x0d53,0x0d73,0x15d4,0x15f4,0x2e54,
0x2613,0x1593,0x0532,0x0512,0x04d2,0x04f2,0x04d2,0x04f2,0x04f2,0x0513,0x04f2,0x0513,0x04f2,0x0513,0x0513,0x0533,
0x0513,0x0513,0x04f3,0x0513,0x04d2,0x04d3,0x04d2,0x04d3,0x04b2,0x04b2,0x0491,0x0492,0x0491,0x0492,0x0491,0x0492,
0x0471,0x0492,0x0491,0x04b2,0x0491,0x04d2,0x04f2,0x04f2,0x0512,0x0d73,0x0572,0x0d93,0x0d93,0x15d4,0x1e14,0x2e35,
0x3676,0x56f6,0x8775,0xa7b7,0x9798,0x8757,0x5ef4,0x4ed4,0x3e74,0x3e55,0x2614,0x1dd5,0x0db4,0x15b4,0x15d4,0x1e15,
0x15d4,0x15b4,0x0d73,0x0d94,0x0d94,0x0d95,0x0594,0x0594,0x0573,0x0d94,0x0db3,0x15f4,0x15f4,0x1e15,0x1e35,0x2e76,
0x3eb6,0x46b6,0x2655,0x1e35,0x1df4,0x15d4,0x0db3,0x0db3,0x0d73,0x0552,0x0552,0x0d73,0x0d73,0x15b4,0x15b4,0x1dd4,
0x15b4,0x2614,0x2634,0x2e35,0x25f4,0x25d4,0x15b3,0x15d4,0x1594,0x1594,0x0d73,0x1573,0x1d93,0x1531,0x044f,0x0430,
0x0430,0x0430,0x03ef,0x0410,0x0450,0x0491,0x0cf1,0x1532,0x0cb0,0x042f,0x03ef,0x03cf,0x03ce,0x03cf,0x03ae,0x03ef,
0x042f,0x0450,0x040f,0x040f,0x042f,0x0c71,0x03ae,0x030c,0x02ab,0x02ec,0x032c,0x034d,0x036d,0x038e,0x034d,0x02ec,
0x03cf,0x03ce,0x03ef,0x040f,0x0c70,0x0470,0x0c90,0x14d0,0x14f0,0x0c90,0x0450,0x040f,0x03ef,0x03ae,0x03af,0x03ae,
0x03af,0x03af,0x03cf,0x03ce,0x03ef,0x03ef,0x03ef,0x03ef,0x0410,0x040f,0x0450,0x046f,0x14f1,0x14f1,0x04b0,0x04b0,
0x0cb1,0x0490,0x04b1,0x0470,0x0491,0x0490,0x04b1,0x04d1,0x04d2,0x04d1,0x0512,0x0512,0x0d33,0x04f2,0x04f2,0x04d2,
0x04f3,0x04f2,0x0d53,0x1573,0x0d33,0x04b1,0x04b2,0x0491,0x04b2,0x04d2,0x0d13,0x0513,0x0533,0x04f2,0x0cf3,0x04f2,
0x04f2,0x04f2,0x04f2,0x04f1,0x0512,0x0d32,0x1573,0x15b3,0x25f4,0x1db4,0x1dd3,0x15d3,0x1df4,0x1dd4,0x25d4,0x1dd3,
0x2e34,0x1df3,0x0d73,0x0533,0x0d54,0x0533,0x0513,0x04f2,0x04f2,0x04f2,0x0533,0x0533,0x0d74,0x0d94,0x15d4,0x25f3,
0x1df4,0x0d53,0x0533,0x04f2,0x04f2,0x04d2,0x04f3,0x04d2,0x04f3,0x04f2,0x0513,0x04f2,0x04f3,0x04f3,0x0513,0x0513,
0x0513,0x0513,0x0513,0x04f3,0x0513,0x04f3,0x04f3,0x04d2,0x04d3,0x04b2,0x04b2,0x0492,0x04b2,0x0492,0x04b2,0x0492,
0x0492,0x0491,0x04b2,0x04b2,0x04d2,0x04b2,0x04f2,0x04f2,0x0d53,0x0d73,0x0d73,0x0d73,0x0d94,0x15b4,0x1df5,0x1df4,
0x4695,0x5ef4,0x6f15,0x66f5,0x5716,0x46d4,0x4eb4,0x4ed4,0x56b5,0x4e94,0x4eb5,0x46b5,0x3e55,0x2614,0x2656,0x2615,
0x1df5,0x1dd5,0x1df5,0x1615,0x1e16,0x15f5,0x15f5,0x0dd4,0x15f5,0x15f5,0x1615,0x15f4,0x1e15,0x2635,0x2e55,0x1e14,
0x2615,0x1df4,0x1e15,0x15f4,0x15d4,0x0db4,0x15b4,0x0db3,0x1594,0x0d73,0x0d73,0x0d73,0x1594,0x1593,0x1594,0x1594,
0x1dd5,0x1dd4,0x1dd4,0x1dd4,0x2615,0x2e55,0x3e55,0x2e55,0x2e35,0x1df4,0x1df5,0x25f5,0x3655,0x2df3,0x1d52,0x0cd1,
0x0cb1,0x0c70,0x1c91,0x14f2,0x1d94,0x1552,0x0d11,0x04b0,0x0450,0x040f,0x0410,0x03cf,0x03cf,0x03af,0x03af,0x03af,
0x0410,0x0430,0x0450,0x042f,0x0430,0x042f,0x0c10,0x036e,0x030d,0x02cc,0x030c,0x030d,0x034e,0x036e,0x034d,0x032d,
0x03ce,0x03ee,0x03ee,0x040f,0x03ee,0x044e,0x1d10,0x2551,0x0cd0,0x0c90,0x042f,0x040f,0x03ce,0x03ae,0x03ae,0x03af,
0x03ae,0x03cf,0x03ae,0x03cf,0x03ce,0x03ef,0x03cf,0x03ef,0x03ef,0x0430,0x0470,0x0cb1,0x0cf1,0x0cb0,0x046f,0x0490,
0x044f,0x0450,0x0450,0x0471,0x0450,0x0470,0x0470,0x0491,0x0490,0x04b1,0x04d1,0x0512,0x0532,0x0512,0x04f2,0x0512,
0x04f2,0x0513,0x0d73,0x0d53,0x04d2,0x04b2,0x0491,0x04d2,0x04f2,0x0d33,0x0513,0x04f2,0x0491,0x0492,0x0471,0x0492,
0x0491,0x04b1,0x0491,0x04b2,0x04b1,0x04d2,0x04d1,0x04f1,0x0511,0x0d52,0x1572,0x1d93,0x1db3,0x2e14,0x3e53,0x3e53,
0x3614,0x25d3,0x0532,0x0513,0x0533,0x0d53,0x0512,0x0512,0x04f2,0x04f2,0x04f2,0x0533,0x0552,0x0573,0x0d93,0x1df4,
0x1dd3,0x0d73,0x0533,0x0513,0x04d1,0x04d2,0x04d2,0x04d2,0x04d2,0x04f2,0x04f2,0x04f3,0x04d2,0x04f3,0x04f2,0x04f3,
0x04f2,0x04f3,0x04f2,0x04f3,0x04f2,0x04f3,0x04d2,0x04d3,0x04b2,0x04b2,0x04b2,0x04b2,0x0492,0x0492,0x0491,0x0492,
0x0491,0x0492,0x0492,0x04b2,0x04b1,0x04d2,0x04b1,0x04f2,0x0552,0x0553,0x0532,0x0533,0x0533,0x0d73,0x15b3,0x2e34,
0x3e74,0x3654,0x25f3,0x2635,0x2e74,0x2e75,0x2635,0x1e16,0x15f5,0x1df4,0x2df3,0x4654,0x4654,0x4e95,0x4695,0x3e95,
0x2e55,0x2e76,0x2e96,0x3697,0x2e96,0x2e97,0x2655,0x2635,0x1e15,0x1e15,0x15d4,0x2614,0x3674,0x3675,0x1df3,0x15d4,
0x0db4,0x15d4,0x15d4,0x15b4,0x0573,0x0d73,0x0573,0x0d94,0x15b4,0x15b4,0x0d93,0x0d73,0x0d52,0x0d73,0x0d53,0x0d73,
0x0d93,0x0d94,0x0d93,0x15b4,0x1df4,0x2e55,0x3e95,0x4ed7,0x46b6,0x3e95,0x3655,0x4697,0x4695,0x3e13,0x45f3,0x4e54,
0x35d1,0x35b2,0x4e35,0x2dd3,0x1db3,0x1d73,0x0cf1,0x0d11,0x04f1,0x04b1,0x0470,0x0450,0x042f,0x0410,0x03ef,0x03cf,
0x03ce,0x040f,0x042f,0x0c91,0x0490,0x042f,0x03ae,0x038e,0x036e,0x034d,0x02ec,0x02ec,0x02cb,0x02ec,0x02cc,0x02ec,
0x03ce,0x03ce,0x03ce,0x03ee,0x0c70,0x1d10,0x2551,0x14cf,0x0c70,0x0450,0x0c50,0x03ef,0x03ce,0x03ae,0x03cf,0x03ae,
0x03ce,0x03ce,0x03cf,0x03ce,0x03ef,0x03ee,0x040f,0x03ef,0x0410,0x0450,0x14b1,0x0cd1,0x14f1,0x046f,0x0470,0x0470,
0x0430,0x042f,0x0c71,0x0450,0x0450,0x0450,0x0471,0x0470,0x0491,0x0491,0x04d2,0x0512,0x0d53,0x0532,0x0533,0x0513,
0x0513,0x0553,0x1594,0x0532,0x04d2,0x04d2,0x04f3,0x0512,0x0533,0x04f2,0x04b2,0x0491,0x0492,0x0471,0x0472,0x0471,
0x0492,0x0491,0x0492,0x0492,0x04b2,0x04b2,0x04d2,0x04d1,0x04f2,0x0512,0x1533,0x1552,0x1573,0x1d93,0x3e34,0x4674,
0x4eb4,0x25d3,0x0d32,0x0533,0x0533,0x0533,0x0d33,0x0512,0x0513,0x04f2,0x04f2,0x0513,0x0d53,0x0553,0x15b3,0x2e34,
0x4695,0x25f3,0x0d53,0x0512,0x04f2,0x04d2,0x04d2,0x04d2,0x04d2,0x04d2,0x04f3,0x04d2,0x04f3,0x04f2,0x04f3,0x04f3,
0x04f3,0x04d2,0x04f3,0x04f3,0x04f3,0x04f3,0x0513,0x04d2,0x04d3,0x04b2,0x04d3,0x04b2,0x04b2,0x0492,0x04b2,0x0492,
0x04b2,0x04b2,0x04d2,0x04b2,0x04d2,0x04d2,0x04f2,0x0513,0x0d53,0x0512,0x0513,0x0513,0x0533,0x0d93,0x3635,0x3654,
0x2e14,0x1db3,0x1dd5,0x1dd4,0x1df4,0x1e15,0x2635,0x1df4,0x15b4,0x0d94,0x1595,0x1594,0x25f4,0x2e14,0x3e54,0x4e94,
0x5ed6,0x6718,0x6739,0x5718,0x5719,0x46f8,0x3ef8,0x36b6,0x3696,0x2e55,0x2e55,0x3e95,0x5716,0x3695,0x1df4,0x0d93,
0x15b4,0x15d4,0x1dd5,0x0d94,0x0d74,0x0553,0x0d73,0x0d74,0x15b4,0x15b4,0x1594,0x0d52,0x0d53,0x0d52,0x0d73,0x0d53,
0x0d73,0x0573,0x15b4,0x15d4,0x2635,0x2655,0x3e96,0x4eb7,0x5f18,0x56f7,0x6738,0x7758,0x7f77,0x6ef4,0x6653,0x45b2,
0x2531,0x14f0,0x1512,0x14f2,0x0cd1,0x0cd1,0x14f3,0x14f2,0x0cd1,0x0490,0x14f2,0x1512,0x14f2,0x0cb1,0x0cb1,0x0470,
0x0450,0x0470,0x14d1,0x2593,0x2572,0x046f,0x03ef,0x038e,0x036e,0x036d,0x034e,0x030d,0x02ed,0x02ac,0x02cc,0x02ac,
0x0c4f,0x042f,0x042f,0x14d1,0x1d31,0x2551,0x14ef,0x0caf,0x040e,0x0430,0x044f,0x040f,0x03ce,0x03ce,0x03ae,0x03ce,
0x03ae,0x03ce,0x03ce,0x03ce,0x03ce,0x040f,0x03ef,0x040f,0x040f,0x0470,0x0cd0,0x1531,0x0cd0,0x0490,0x044f,0x0470,
0x0450,0x0450,0x0450,0x0450,0x0450,0x0450,0x0450,0x0471,0x0470,0x0491,0x0491,0x04d2,0x0512,0x0d73,0x0553,0x0553,
0x0d73,0x1db4,0x0d93,0x0553,0x0533,0x0553,0x0533,0x04f2,0x04b1,0x0472,0x0471,0x0492,0x0471,0x0492,0x0471,0x0471,
0x0471,0x0491,0x0471,0x0491,0x0491,0x0492,0x0491,0x04b1,0x04b1,0x04d2,0x04d1,0x0d12,0x0512,0x1553,0x1d73,0x2dd3,
0x3653,0x2df4,0x0532,0x0533,0x0513,0x0513,0x0512,0x0512,0x04f2,0x0512,0x0512,0x0533,0x0513,0x0d73,0x1e13,0x46d5,
0x3e74,0x1572,0x0553,0x0533,0x04d2,0x04d2,0x04b2,0x04d2,0x04b1,0x04d2,0x04d2,0x04d2,0x04b2,0x04d2,0x04d2,0x04f2,
0x04f2,0x04f3,0x04d2,0x04f3,0x04f2,0x0d13,0x04f3,0x04f3,0x04b2,0x04b2,0x04b2,0x04b2,0x0492,0x04b2,0x0491,0x04b2,
0x04b1,0x04d2,0x04b1,0x04d2,0x04d2,0x0513,0x0512,0x0513,0x04f2,0x0513,0x0513,0x0513,0x0d72,0x2614,0x2614,0x25d4,
0x1573,0x1594,0x0d73,0x0d53,0x0d53,0x15b4,0x1df4,0x1e15,0x15b4,0x0d74,0x0d53,0x0d73,0x0d73,0x15b4,0x15f4,0x2e35,
0x4695,0x7717,0x8f78,0x97b9,0x8f98,0x7f9a,0x7778,0x7777,0x5f36,0x46f6,0x3eb5,0x3e94,0x3674,0x2e75,0x1df4,0x15b4,
0x15b4,0x15d4,0x0db4,0x0db4,0x0573,0x0553,0x0553,0x0d94,0x15b4,0x1dd4,0x0d93,0x0d73,0x0552,0x0d32,0x0512,0x0d33,
0x0d53,0x0d73,0x0db3,0x1df4,0x1e15,0x2e56,0x2e76,0x3eb7,0x5ed7,0x979a,0xb7d9,0xa7b7,0x76f5,0x5695,0x35f3,0x2593,
0x1532,0x1533,0x0cd2,0x0471,0x040f,0x0410,0x040f,0x0450,0x0430,0x0471,0x0491,0x0cd2,0x0c91,0x0c91,0x0470,0x0470,
0x0450,0x0c71,0x0c90,0x1d30,0x2571,0x2532,0x042f,0x03cf,0x038d,0x036d,0x034d,0x034e,0x030d,0x030d,0x02ec,0x02ec,
0x2553,0x0cb0,0x0cb0,0x0cb0,0x14f0,0x1d31,0x1d10,0x0ccf,0x0c90,0x044f,0x044f,0x040f,0x03ef,0x03ce,0x03cf,0x03ce,
0x03ef,0x03ce,0x03ef,0x03ce,0x03ef,0x03ef,0x040f,0x040f,0x0430,0x046f,0x1d31,0x25b3,0x1d52,0x0490,0x0490,0x0470,
0x0471,0x0450,0x0450,0x0430,0x0451,0x0450,0x0471,0x0470,0x0491,0x0491,0x04b2,0x04b1,0x0d13,0x1594,0x1dd5,0x15d4,
0x25f5,0x15b4,0x0d74,0x0553,0x0d74,0x0533,0x04f2,0x04b1,0x0c92,0x0c72,0x0c92,0x0471,0x0472,0x0471,0x0472,0x0471,
0x0471,0x0451,0x0471,0x0471,0x0471,0x0471,0x0471,0x0471,0x04b2,0x04b2,0x04d2,0x04d1,0x04f2,0x0512,0x0d33,0x0d32,
0x1d94,0x1d93,0x0d53,0x0532,0x0d54,0x0533,0x0533,0x0512,0x0513,0x0512,0x0533,0x0533,0x0d33,0x0d53,0x2614,0x2e54,
0x2614,0x0d73,0x0d74,0x0533,0x0513,0x04d2,0x04d2,0x04b2,0x04b2,0x04b1,0x04d2,0x04b2,0x04d2,0x04d2,0x04f2,0x04d2,
0x04f3,0x04d2,0x04f3,0x04d2,0x04f3,0x04f3,0x04f3,0x04f3,0x04f3,0x04d2,0x04d3,0x04b2,0x04d3,0x04b2,0x04b2,0x04b2,
0x04d2,0x04d2,0x04d2,0x04d2,0x0d13,0x0d13,0x0d13,0x04f2,0x04f2,0x0513,0x0533,0x0d53,0x1df5,0x1df4,0x1573,0x0d13,
0x0d14,0x0513,0x0d13,0x04f2,0x0d33,0x0d53,0x1594,0x15b3,0x15b5,0x15b4,0x0d74,0x0533,0x1574,0x1594,0x1dd5,0x1e15,
0x3e96,0x4ed6,0x6736,0x8755,0x9f56,0x8756,0x5ef5,0x46b5,0x46b6,0x3675,0x3695,0x2e75,0x2e96,0x3675,0x3676,0x2614,
0x1df4,0x15d4,0x15b4,0x0db3,0x15b4,0x0d73,0x0d94,0x0db4,0x1db4,0x15b4,0x0d93,0x0532,0x0532,0x0512,0x0d32,0x0d32,
0x1573,0x0d73,0x1593,0x15b3,0x2615,0x2e36,0x3676,0x46b7,0x8f9b,0xc7fb,0xc7b8,0x7ef4,0x46b5,0x3e76,0x3635,0x2593,
0x1d32,0x0cd1,0x0471,0x042f,0x0430,0x0410,0x0430,0x0430,0x0431,0x0430,0x0430,0x0430,0x0471,0x0451,0x0430,0x0410,
0x0410,0x03ef,0x03f0,0x040e,0x1cf0,0x2573,0x1d11,0x042f,0x03ef,0x038e,0x038e,0x036d,0x036e,0x034d,0x034e,0x032d,
0x040e,0x040e,0x03ee,0x040f,0x044f,0x14d0,0x0c90,0x0c6f,0x14f0,0x14f1,0x0c90,0x0450,0x03ee,0x03ee,0x03ce,0x03ef,
0x03ee,0x03ee,0x03ce,0x03ef,0x03ee,0x040f,0x040f,0x0430,0x042f,0x0cd0,0x2592,0x35f3,0x1551,0x04b0,0x0490,0x0491,
0x0450,0x0450,0x0430,0x0450,0x042f,0x0450,0x0450,0x0470,0x0470,0x04b1,0x04b1,0x0d13,0x0d53,0x1df5,0x3654,0x2e14,
0x15b3,0x0d53,0x0512,0x0513,0x04d1,0x04d1,0x0491,0x0492,0x0471,0x0472,0x0471,0x0472,0x0451,0x0471,0x0451,0x0471,
0x0450,0x0471,0x0451,0x0451,0x0450,0x0451,0x0451,0x0471,0x0491,0x04b2,0x04b1,0x04b2,0x04b1,0x04d2,0x04f1,0x04f2,
0x0d32,0x1db4,0x0d52,0x0553,0x0533,0x0533,0x0533,0x0d33,0x0512,0x0513,0x0512,0x0533,0x0532,0x0d73,0x15b3,0x2e14,
0x2e54,0x1dd4,0x0d73,0x0d53,0x04f2,0x04d2,0x04b2,0x04b2,0x04b1,0x04b1,0x0491,0x04b2,0x04b1,0x04b2,0x04b2,0x04d2,
0x04d2,0x04d2,0x04b2,0x04d3,0x04d2,0x04d2,0x04d2,0x04f3,0x04f2,0x04f3,0x04d2,0x04d2,0x04b2,0x04b2,0x04b2,0x04d2,
0x04d2,0x04d2,0x04d2,0x04f3,0x0512,0x0d33,0x04f2,0x0512,0x04f2,0x0533,0x0d72,0x1dd4,0x15b4,0x0d53,0x04f2,0x04d3,
0x04b1,0x04d2,0x04d2,0x04d3,0x04f2,0x0d32,0x0512,0x0532,0x0553,0x1594,0x0d94,0x15b4,0x15b4,0x15d4,0x1df4,0x2635,
0x2e55,0x3656,0x3655,0x4695,0x5ed4,0x66f5,0x3654,0x1e15,0x15f4,0x1e14,0x2614,0x2635,0x2e55,0x3e96,0x3e95,0x3eb5,
0x2e75,0x2655,0x15d3,0x15d3,0x0db3,0x0db4,0x0d94,0x0db4,0x0d93,0x1593,0x0d52,0x0d52,0x0532,0x0d52,0x0d52,0x0d53,
0x0d52,0x0d32,0x0d32,0x1593,0x1df4,0x2e55,0x4695,0x8779,0xb7d8,0xaf96,0x7716,0x46b6,0x3655,0x2e14,0x1d73,0x1512,
0x0cf1,0x0cd1,0x0450,0x0450,0x040f,0x0410,0x040f,0x0410,0x03cf,0x03cf,0x03ae,0x03ef,0x03ef,0x0410,0x03ef,0x03ef,
0x03cf,0x03cf,0x03cf,0x03ef,0x040f,0x0c91,0x1531,0x14d0,0x042f,0x040f,0x03ae,0x038e,0x036d,0x036e,0x034d,0x036e,
0x03ef,0x03ee,0x03ef,0x040f,0x040f,0x042f,0x040f,0x042e,0x0cb0,0x0cb0,0x14b1,0x0c90,0x1490,0x040f,0x03ef,0x03ee,
0x03ef,0x03ee,0x03ef,0x03ee,0x03ef,0x040f,0x0430,0x044f,0x0cb0,0x1510,0x1d31,0x1531,0x1532,0x04f1,0x04d1,0x04b1,
0x0491,0x0450,0x0450,0x0450,0x0450,0x0430,0x0450,0x0450,0x0491,0x04b1,0x0cd2,0x0513,0x1573,0x25f4,0x46b6,0x2e35,
0x0d94,0x0553,0x0513,0x04d2,0x04b2,0x04b1,0x04b2,0x0491,0x0492,0x0471,0x0492,0x0471,0x0471,0x0451,0x0471,0x0451,
0x0471,0x0451,0x0471,0x0451,0x0451,0x0451,0x0451,0x0451,0x0471,0x0491,0x04b2,0x0491,0x04b2,0x04b1,0x0cd2,0x04d2,
0x0d12,0x1d93,0x1db3,0x0572,0x0533,0x0532,0x0d53,0x0533,0x0533,0x0532,0x0533,0x0533,0x0d93,0x15b4,0x15d4,0x2614,
0x4ed6,0x3654,0x15b4,0x0553,0x0513,0x04d2,0x04d2,0x04b2,0x04b2,0x0491,0x04b2,0x0492,0x04b2,0x04b2,0x04b2,0x04b2,
0x04b2,0x04b2,0x04d3,0x04d2,0x04d3,0x04b2,0x04d3,0x04f3,0x0513,0x04f2,0x04f3,0x04d2,0x04d2,0x04d2,0x04d2,0x04d2,
0x04d2,0x04d2,0x04f3,0x0512,0x1574,0x0d33,0x0513,0x0513,0x1574,0x1db3,0x1dd4,0x1573,0x0d12,0x04d2,0x04d2,0x04b2,
0x04d2,0x04d2,0x04f3,0x04d2,0x04f2,0x04d2,0x04f2,0x0512,0x0d33,0x0533,0x0d74,0x15b5,0x1dd5,0x15d4,0x1dd5,0x1594,
0x1594,0x1593,0x1db5,0x25f5,0x4694,0x4e95,0x3e55,0x1dd4,0x15d5,0x15d4,0x1dd5,0x15d4,0x2634,0x2e54,0x3e95,0x3eb4,
0x3ed5,0x2655,0x2635,0x1e15,0x1e15,0x1e35,0x2636,0x15f4,0x15d4,0x0d93,0x0d94,0x0d73,0x0d73,0x0d53,0x1553,0x0552,
0x0d53,0x1573,0x25f4,0x3634,0x4e95,0x56d5,0x7f56,0xb777,0xa755,0x66d4,0x46b6,0x2e36,0x2dd4,0x1d93,0x1d53,0x1533,
0x1533,0x0cd2,0x0471,0x0430,0x0410,0x03ef,0x03f0,0x03af,0x03af,0x03af,0x03af,0x03af,0x03cf,0x03cf,0x03cf,0x03cf,
0x03cf,0x03af,0x03cf,0x03ef,0x03ef,0x040f,0x0cb1,0x1d12,0x1511,0x0c90,0x0470,0x03ef,0x03af,0x038e,0x03cf,0x03ef,
0x03ee,0x03ee,0x03ce,0x03ee,0x03ce,0x040f,0x03ee,0x040f,0x040e,0x042e,0x042e,0x14d0,0x2571,0x1d30,0x0c4f,0x042f,
0x03ef,0x03ef,0x03ee,0x040f,0x042e,0x046f,0x046f,0x0cd0,0x14f1,0x0cb0,0x046f,0x0cb0,0x0cf1,0x04d1,0x04b0,0x04b1,
0x0490,0x0491,0x0450,0x0450,0x042f,0x0450,0x0450,0x0470,0x0470,0x0491,0x04b1,0x04d2,0x0d32,0x25f4,0x3675,0x1df4,
0x0553,0x0513,0x04d2,0x04d2,0x04b1,0x0491,0x0491,0x0491,0x0471,0x0491,0x0471,0x0471,0x0451,0x0471,0x0450,0x0451,
0x0451,0x0451,0x0450,0x0451,0x0430,0x0451,0x0430,0x0451,0x0450,0x0471,0x0470,0x0491,0x0491,0x0491,0x0491,0x04d2,
0x04f2,0x1573,0x15b3,0x0d72,0x0532,0x0532,0x0532,0x0532,0x0532,0x0553,0x0552,0x0573,0x0d93,0x15b3,0x0db3,0x2614,
0x4ef6,0x46d6,0x15d3,0x0553,0x04f2,0x04f2,0x04b1,0x04b2,0x0491,0x04b1,0x0491,0x04b2,0x0491,0x04b2,0x0491,0x04b2,
0x0491,0x04b2,0x04b2,0x04d2,0x04b2,0x04d2,0x04d2,0x04f3,0x04f2,0x0513,0x04f2,0x04f2,0x04d2,0x04f2,0x04d2,0x04f2,
0x04f2,0x04f3,0x0512,0x0d73,0x0d73,0x0d53,0x0d53,0x15b3,0x2613,0x1df4,0x0511,0x04d1,0x04b1,0x04b2,0x0491,0x04b2,
0x04b2,0x04d2,0x04b2,0x04d2,0x04b1,0x04b2,0x04d1,0x04f2,0x0513,0x0533,0x0553,0x0d74,0x0d73,0x1594,0x0d73,0x0d53,
0x0533,0x0533,0x0533,0x1593,0x25f3,0x3e75,0x2e55,0x1df4,0x0db4,0x15b4,0x0d94,0x15b4,0x15f3,0x2614,0x1e14,0x2634,
0x1df3,0x15d3,0x15d3,0x1e15,0x2614,0x3675,0x46b6,0x46b6,0x3675,0x2e35,0x1e14,0x2635,0x1df4,0x1dd4,0x1593,0x1dd4,
0x25d4,0x2e35,0x3654,0x4694,0x3e53,0x3e13,0x4e54,0x8714,0x76f4,0x4e96,0x3655,0x2e15,0x25b4,0x1db4,0x1552,0x0cf2,
0x0491,0x0471,0x042f,0x040f,0x03ef,0x03d0,0x03af,0x03af,0x03af,0x03af,0x038e,0x03af,0x03af,0x03cf,0x03ae,0x03af,
0x03af,0x03af,0x03ae,0x03cf,0x03ce,0x03ef,0x040f,0x0450,0x0c90,0x14f2,0x1d11,0x1cb0,0x0c90,0x0cb0,0x04d0,0x0cf1,
0x03cf,0x03ce,0x03ef,0x03ce,0x03ef,0x03ee,0x03ef,0x03ee,0x0c0f,0x040e,0x040e,0x0c6f,0x2530,0x1d10,0x1d11,0x0cb0,
0x0c90,0x044f,0x0c70,0x0c6f,0x0c90,0x0caf,0x14f0,0x1511,0x0cd1,0x0470,0x0470,0x0470,0x0cd1,0x04b0,0x0470,0x0470,
0x0491,0x0470,0x0470,0x044f,0x0450,0x0450,0x0450,0x0470,0x0491,0x04b1,0x04d2,0x04f2,0x1573,0x2615,0x1db4,0x0532,
0x0d33,0x04d2,0x04d2,0x04b1,0x04b2,0x0491,0x0491,0x0491,0x0492,0x0491,0x0491,0x0471,0x0471,0x0451,0x0451,0x0430,
0x0451,0x0451,0x0451,0x0450,0x0451,0x0430,0x0451,0x0450,0x0451,0x0450,0x0471,0x0471,0x0c92,0x0471,0x0491,0x04d1,
0x0d12,0x0d32,0x1573,0x1593,0x1573,0x0d53,0x0d53,0x0532,0x0d53,0x0553,0x0d73,0x0553,0x0d93,0x0d93,0x15f4,0x1e14,
0x4695,0x3e94,0x2614,0x0d53,0x0d33,0x04f2,0x04f2,0x04d2,0x04d2,0x04b1,0x04b2,0x0491,0x04b2,0x0492,0x04b2,0x0491,
0x04b2,0x04b2,0x04b2,0x04b2,0x04b2,0x04d2,0x04f3,0x04f2,0x0513,0x0512,0x0533,0x0512,0x0513,0x0513,0x0533,0x0512,
0x0d33,0x0533,0x1574,0x1593,0x1592,0x1df3,0x2e74,0x2633,0x1db4,0x0513,0x04d2,0x04d2,0x04b2,0x04b2,0x04b2,0x04b2,
0x04d3,0x04b2,0x04d2,0x04b2,0x04b2,0x0491,0x04d2,0x04d2,0x0513,0x0513,0x0554,0x0553,0x0d53,0x0533,0x0d53,0x0d53,
0x0d54,0x0533,0x0533,0x0553,0x1dd4,0x2614,0x2e55,0x2634,0x1df4,0x15d4,0x15d5,0x1df4,0x2e55,0x2655,0x1e35,0x1df4,
0x1df5,0x15b3,0x15b4,0x15b4,0x1df5,0x1e14,0x2e35,0x3e95,0x5ef5,0x56f6,0x4ef6,0x3eb5,0x3675,0x2e34,0x25f4,0x25d4,
0x1db4,0x1593,0x1593,0x0d72,0x0d33,0x0d33,0x25d4,0x4e74,0x56b5,0x2e35,0x25f5,0x1dd4,0x25b4,0x1553,0x0cf2,0x0470,
0x0450,0x0430,0x0410,0x03ef,0x03f0,0x03cf,0x03d0,0x03af,0x03b0,0x03af,0x03af,0x038f,0x03af,0x03af,0x03af,0x038e,
0x03af,0x038e,0x03af,0x03ae,0x03cf,0x03cf,0x03ef,0x03ef,0x0450,0x0450,0x1c91,0x3531,0x45d2,0x3591,0x1530,0x044f,
0x03ae,0x03ce,0x03ce,0x03ef,0x03ce,0x03ce,0x038d,0x03ae,0x03ce,0x040f,0x040f,0x040f,0x042d,0x046f,0x14d0,0x1d50,
0x0cef,0x0cb0,0x0cb0,0x0cd0,0x0cd0,0x2571,0x2592,0x1d31,0x0cf0,0x0cf1,0x0cf1,0x14f1,0x0d11,0x0cf1,0x044f,0x0450,
0x044f,0x0450,0x0450,0x0470,0x044f,0x0450,0x0450,0x0491,0x0490,0x04b1,0x04d1,0x0512,0x0d52,0x1573,0x04f1,0x04f2,
0x04f2,0x04d2,0x0491,0x0491,0x0491,0x04b1,0x0491,0x0492,0x0491,0x0491,0x0471,0x0491,0x0451,0x0471,0x0430,0x0451,
0x0430,0x0451,0x0430,0x0451,0x0430,0x0430,0x0430,0x0430,0x0430,0x0450,0x0430,0x0451,0x0450,0x0471,0x0471,0x04b1,
0x04f1,0x0512,0x1572,0x2615,0x1dd4,0x0d93,0x0553,0x0d53,0x0552,0x0573,0x0552,0x0d73,0x0d93,0x15d4,0x15d4,0x1e15,
0x2e33,0x3e74,0x2e34,0x1db4,0x0d52,0x0512,0x04f1,0x04d2,0x04b1,0x04d1,0x0491,0x04b2,0x0491,0x04b2,0x0491,0x0492,
0x0491,0x04b2,0x0491,0x04b2,0x0491,0x04d2,0x04f3,0x04f3,0x04f2,0x0513,0x0533,0x0533,0x0533,0x0533,0x0533,0x0d54,
0x0d53,0x0d74,0x1594,0x1dd3,0x2632,0x3694,0x25f4,0x1554,0x04f3,0x04f2,0x04d2,0x04b2,0x0491,0x04b2,0x0492,0x04b2,
0x0492,0x04b2,0x0491,0x04b2,0x04b2,0x04b2,0x04d2,0x04f3,0x04f2,0x0533,0x0513,0x0533,0x0512,0x0533,0x0512,0x0d53,
0x0d53,0x0d94,0x0d93,0x1594,0x15b3,0x2614,0x2e94,0x3eb5,0x2e34,0x1df4,0x15f4,0x2634,0x2e95,0x36b6,0x2634,0x25f4,
0x1593,0x15b4,0x0d93,0x1594,0x0d93,0x15b3,0x15d2,0x2e74,0x3e74,0x3634,0x25d3,0x1db4,0x15b3,0x15b4,0x0d73,0x1553,
0x0d32,0x0533,0x0512,0x0513,0x04f2,0x0d54,0x0d93,0x3614,0x3654,0x1dd4,0x0d52,0x1553,0x0d12,0x04b1,0x0450,0x0430,
0x040f,0x0410,0x03ef,0x0410,0x03cf,0x03cf,0x03af,0x03af,0x03af,0x03af,0x038f,0x038f,0x038e,0x03af,0x038e,0x038f,
0x038e,0x038f,0x038e,0x03ae,0x038e,0x03ae,0x03ae,0x03cf,0x040f,0x0c71,0x044f,0x1ccf,0x3d91,0x45d2,0x14af,0x03ce,
0x03ce,0x03ae,0x03cf,0x03ae,0x03ae,0x03ae,0x03ae,0x038d,0x03ae,0x03ce,0x042f,0x14b0,0x1d31,0x1d10,0x2551,0x2590,
0x3592,0x2551,0x2572,0x2db2,0x3e33,0x3633,0x25b2,0x1510,0x1511,0x0d10,0x1532,0x1532,0x0d32,0x04f1,0x04b1,0x0470,
0x0450,0x0450,0x0471,0x0470,0x0490,0x0470,0x0471,0x0491,0x04b1,0x04b1,0x04d1,0x0d32,0x1573,0x04f2,0x04d2,0x04b2,
0x04d3,0x04d2,0x04b2,0x0491,0x04b1,0x04b1,0x04d2,0x0492,0x0492,0x0491,0x04b2,0x0491,0x0491,0x0471,0x0471,0x0451,
0x0451,0x0451,0x0451,0x0431,0x0451,0x0430,0x0451,0x0430,0x0451,0x0430,0x0451,0x0451,0x0471,0x0471,0x04b1,0x04b1,
0x04f2,0x04f2,0x1573,0x3675,0x3e96,0x1df4,0x0d93,0x0573,0x0d73,0x0d73,0x0d93,0x0d93,0x15b4,0x0db3,0x15d4,0x1df4,
0x2e54,0x3654,0x2e14,0x1db4,0x1db4,0x0d53,0x1553,0x0d33,0x0d33,0x0512,0x04f2,0x04d2,0x04d2,0x04b1,0x04b2,0x04b2,
0x04d2,0x04b1,0x04b2,0x04b1,0x04d2,0x0512,0x1554,0x0d54,0x0d74,0x0d53,0x15b4,0x15b3,0x0d93,0x0552,0x0d94,0x0d74,
0x0d74,0x15d3,0x3634,0x3e73,0x3eb4,0x1dd3,0x0d34,0x04f3,0x04f3,0x04d2,0x04d2,0x04b2,0x04b2,0x0491,0x0492,0x0472,
0x0492,0x0491,0x0492,0x04b2,0x04d3,0x04d2,0x04f3,0x04f3,0x0513,0x0513,0x0534,0x0513,0x0533,0x0533,0x0533,0x0533,
0x0d53,0x0d54,0x1574,0x1593,0x25f5,0x2e75,0x3ed6,0x3eb5,0x3e95,0x2614,0x2614,0x2655,0x3eb6,0x3675,0x2615,0x1594,
0x1594,0x0d93,0x1594,0x0d93,0x15b4,0x1df4,0x2e55,0x1df3,0x1593,0x0d72,0x1574,0x1574,0x1594,0x1573,0x1574,0x0d33,
0x0d13,0x04f2,0x04d2,0x04f2,0x0d33,0x0d53,0x1593,0x25f3,0x3634,0x1db3,0x1553,0x0d12,0x04d2,0x0470,0x0451,0x0410,
0x03f0,0x03cf,0x0410,0x03f0,0x03f0,0x03cf,0x03d0,0x03af,0x03af,0x03af,0x03af,0x038f,0x03af,0x03af,0x03af,0x038e,
0x03af,0x038e,0x038f,0x038e,0x038f,0x038e,0x03af,0x03af,0x03ef,0x0430,0x0c50,0x0c90,0x1d11,0x1d11,0x0c50,0x03af,
0x03ae,0x03ae,0x038d,0x03ae,0x038d,0x03ae,0x038d,0x038d,0x038d,0x03ce,0x03ce,0x0c6f,0x0c8f,0x0c8f,0x048e,0x14cf,
0x3551,0x6e93,0x7714,0x5673,0x35f2,0x1d71,0x0d30,0x1551,0x0d31,0x1551,0x0d31,0x1552,0x0d11,0x0cf1,0x0cf1,0x04d1,
0x0490,0x0471,0x0470,0x0490,0x0490,0x0491,0x0470,0x04b1,0x04b1,0x04b1,0x0512,0x1d73,0x0d12,0x04b2,0x0491,0x0492,
0x0491,0x04b2,0x0491,0x0491,0x0471,0x04b1,0x04b1,0x04b2,0x0491,0x0492,0x0491,0x0492,0x0471,0x0471,0x0471,0x0471,
0x0451,0x0451,0x0450,0x0451,0x0430,0x0451,0x0430,0x0450,0x0430,0x0431,0x0430,0x0471,0x0471,0x0491,0x0491,0x04d1,
0x04d1,0x0512,0x0d51,0x3654,0x4694,0x2e34,0x15d3,0x0db3,0x0d73,0x1594,0x0db3,0x15d4,0x15b3,0x15b4,0x15d3,0x2e54,
0x3654,0x2e14,0x1572,0x1573,0x0d53,0x0d33,0x0532,0x1574,0x1594,0x1594,0x0d73,0x0d53,0x0d12,0x0cf3,0x04f2,0x04f2,
0x04f2,0x0d13,0x0512,0x0513,0x04f2,0x0532,0x0552,0x15b4,0x15d4,0x1dd4,0x1df4,0x2634,0x1e13,0x1e14,0x1df4,0x15d3,
0x1e14,0x3eb5,0x6714,0x5ed4,0x1dd3,0x0553,0x0512,0x0513,0x04f2,0x04d2,0x04b1,0x04b2,0x0491,0x0492,0x0471,0x0471,
0x0471,0x0492,0x0491,0x04b2,0x04b2,0x04d3,0x04d2,0x04f3,0x04d2,0x04f3,0x04f2,0x04f3,0x04f2,0x0513,0x0513,0x0513,
0x0513,0x0533,0x0533,0x1593,0x1dd3,0x2e54,0x2633,0x2e13,0x3654,0x3e55,0x2e34,0x2e75,0x3eb6,0x3676,0x15d4,0x0d94,
0x0d73,0x15b4,0x15b3,0x1df5,0x1e14,0x2615,0x15b3,0x0d73,0x0d53,0x0d53,0x0532,0x0d53,0x0d53,0x1574,0x1573,0x1553,
0x04f2,0x04d2,0x04b1,0x04f3,0x0d13,0x0d53,0x0d53,0x1db3,0x1db3,0x1573,0x0d73,0x1553,0x04d1,0x0471,0x0430,0x0410,
0x03f0,0x03f0,0x03ef,0x0410,0x03f0,0x03d0,0x03af,0x03af,0x03af,0x03af,0x03af,0x03af,0x038f,0x03af,0x038e,0x03af,
0x038e,0x038f,0x036e,0x038e,0x036e,0x038f,0x038e,0x03cf,0x03ae,0x03ef,0x03ef,0x0c4f,0x0c6f,0x14b0,0x0c6f,0x03ce,
0x03ae,0x038d,0x03ae,0x038d,0x03ae,0x038d,0x038e,0x038d,0x03ce,0x03ce,0x03ef,0x03ee,0x042e,0x042e,0x14d0,0x1d71,
0x35b2,0x5e72,0x6ed3,0x4e32,0x35b2,0x1d30,0x1d72,0x1d71,0x1d72,0x1571,0x1d72,0x1531,0x0cf1,0x04d0,0x0cf1,0x04b1,
0x04d1,0x04b1,0x0c91,0x0490,0x04b1,0x04b1,0x0491,0x04b1,0x04d2,0x0512,0x1573,0x0cf1,0x04b1,0x0491,0x0491,0x0471,
0x0471,0x0471,0x0491,0x0471,0x0491,0x0491,0x04b2,0x0492,0x0492,0x0471,0x04b2,0x0491,0x04b2,0x0491,0x0492,0x0471,
0x0471,0x0451,0x0471,0x0451,0x0451,0x0451,0x0451,0x0450,0x0451,0x0430,0x0471,0x0471,0x0471,0x0471,0x04b2,0x04d1,
0x04f2,0x0512,0x1593,0x2e34,0x3634,0x1df4,0x1e15,0x15f4,0x15d4,0x15d4,0x1df4,0x1df4,0x1df5,0x15d4,0x2635,0x3e94,
0x3654,0x1db3,0x1574,0x0d33,0x0d33,0x04f2,0x04f2,0x0532,0x1574,0x1573,0x1574,0x0d33,0x0d33,0x0d13,0x0d33,0x0d13,
0x0d13,0x04f3,0x0d13,0x04f2,0x04d2,0x04d1,0x04f2,0x0532,0x0d53,0x0d53,0x1593,0x15b3,0x2e55,0x36b6,0x2e74,0x2e53,
0x6715,0x6f54,0x6715,0x2e34,0x0d94,0x0d73,0x0d33,0x0513,0x04f3,0x04b2,0x04b2,0x0491,0x0492,0x0471,0x0492,0x0471,
0x0492,0x0492,0x0492,0x0492,0x04b2,0x04b2,0x04d3,0x04b2,0x04d3,0x04d3,0x04f3,0x04f2,0x0513,0x0513,0x0d33,0x0513,
0x0d34,0x0533,0x0d54,0x15b4,0x1df4,0x15d3,0x1dd3,0x15d3,0x2614,0x3654,0x4eb4,0x56d6,0x4f16,0x2e74,0x2634,0x1df4,
0x1df4,0x1df4,0x2635,0x1e15,0x1df4,0x1593,0x1573,0x0d53,0x0d53,0x0532,0x0d33,0x0512,0x0d33,0x0513,0x0d33,0x0d12,
0x0cf2,0x04d2,0x04b2,0x04d2,0x0d13,0x0d13,0x0d33,0x0d32,0x1553,0x0d12,0x1554,0x1574,0x0cf2,0x0471,0x0451,0x0410,
0x0411,0x03f0,0x03f0,0x03f0,0x03f0,0x03cf,0x03d0,0x03af,0x03d0,0x03af,0x03af,0x03af,0x03af,0x03af,0x03af,0x038e,
0x038f,0x038e,0x038f,0x038e,0x038f,0x038e,0x03af,0x03ae,0x03af,0x03ae,0x03ce,0x03ce,0x03ef,0x0c2f,0x14b0,0x044f,
0x036d,0x036d,0x036d,0x038e,0x038d,0x03ae,0x03ae,0x03ce,0x03cd,0x03ee,0x03ee,0x0c2f,0x0c4e,0x0c6f,0x1ccf,0x2551,
0x2571,0x35b0,0x3dd1,0x3dd2,0x3db1,0x3e11,0x3e11,0x35f1,0x25d1,0x2592,0x1d51,0x1d52,0x0cf0,0x0cf1,0x1511,0x0cf1,
0x04b0,0x04b1,0x04b1,0x04b1,0x04b1,0x04b2,0x0450,0x04b1,0x0512,0x0d52,0x0490,0x042f,0x0430,0x0470,0x0471,0x0471,
0x0450,0x0451,0x0450,0x0471,0x0450,0x0471,0x0471,0x0491,0x0491,0x0491,0x0491,0x04b2,0x0491,0x04b2,0x0491,0x0492,
0x0470,0x0491,0x0471,0x0471,0x0450,0x0471,0x0450,0x0471,0x0450,0x0471,0x0450,0x0471,0x0470,0x0491,0x04b1,0x04d1,
0x04d1,0x0512,0x15b3,0x2e35,0x15d3,0x15d4,0x15f4,0x1e35,0x1e14,0x1e15,0x1df5,0x1e15,0x1df4,0x1dd5,0x25f3,0x2e33,
0x1db3,0x1573,0x0d53,0x0d53,0x0d52,0x0d53,0x0532,0x0d73,0x0d53,0x0d33,0x04f2,0x04f2,0x04d2,0x04d2,0x04d2,0x04d2,
0x04d2,0x04d2,0x04b2,0x04b2,0x04b1,0x04d2,0x04d2,0x04f3,0x04d2,0x0513,0x0512,0x0553,0x0d72,0x1df4,0x1df4,0x3e54,
0x7734,0x7f75,0x4694,0x1df4,0x0d93,0x0d73,0x0533,0x0513,0x04d2,0x04b2,0x0471,0x0492,0x0471,0x0472,0x0471,0x0472,
0x0471,0x0472,0x0471,0x0492,0x0491,0x04b2,0x04b2,0x04b2,0x04b2,0x04d2,0x04b2,0x04d3,0x04d2,0x04f3,0x0513,0x0513,
0x0513,0x0533,0x0553,0x1594,0x15d4,0x15d3,0x0db3,0x1dd4,0x1df3,0x2e54,0x5f15,0x8fb8,0x6715,0x4674,0x3e74,0x2e35,
0x15d3,0x15b3,0x0db3,0x1593,0x0d73,0x0d94,0x0d53,0x0d53,0x0532,0x0533,0x04f2,0x04f2,0x04d2,0x04d2,0x04d2,0x04d2,
0x04d2,0x04d2,0x0491,0x04d2,0x04d2,0x0cf2,0x04f2,0x0d12,0x0d12,0x0cf2,0x04d2,0x0d13,0x04d1,0x0491,0x0450,0x0430,
0x0410,0x0430,0x03ef,0x03f0,0x03cf,0x03cf,0x03af,0x03af,0x03af,0x03af,0x038f,0x03af,0x038f,0x03af,0x038f,0x038f,
0x038e,0x038f,0x036e,0x038e,0x036e,0x038e,0x03ae,0x03cf,0x03ae,0x03ae,0x03ae,0x03af,0x038e,0x03ce,0x044f,0x14b0,
0x03ae,0x038d,0x03ae,0x03ae,0x0bce,0x03ce,0x0c0f,0x03ee,0x03ee,0x03ee,0x040f,0x042f,0x0c4f,0x044e,0x14af,0x1d30,
0x2d71,0x3dd1,0x5e94,0x6693,0x5652,0x3df1,0x35d1,0x2db1,0x2592,0x1510,0x1511,0x2572,0x25b2,0x25b2,0x2df3,0x25b2,
0x1532,0x04d0,0x0cd1,0x04b0,0x04b1,0x0491,0x0490,0x1551,0x2e54,0x0d52,0x0450,0x0410,0x0411,0x0450,0x0471,0x0450,
0x0451,0x0450,0x0451,0x0451,0x0471,0x0450,0x0471,0x0471,0x0491,0x0471,0x0492,0x0491,0x04b2,0x0491,0x04b2,0x0491,
0x04b2,0x0491,0x0491,0x0471,0x0491,0x0470,0x0471,0x0470,0x0471,0x0470,0x0471,0x0471,0x0491,0x0491,0x04d1,0x04d1,
0x0d12,0x0d32,0x1dd4,0x2613,0x1dd4,0x0db3,0x15f4,0x1e15,0x2656,0x2676,0x2e76,0x2636,0x2636,0x2e35,0x3e55,0x2e13,
0x1dd4,0x15b4,0x15b4,0x15b3,0x15d4,0x15d4,0x1db5,0x0d73,0x0d53,0x04f2,0x04f3,0x04d2,0x04d2,0x04b2,0x04d2,0x04b2,
0x04d2,0x04b2,0x04b2,0x0492,0x04b2,0x04b2,0x04d2,0x04d2,0x04f3,0x04f2,0x0513,0x0533,0x0553,0x0d93,0x1dd4,0x25f4,
0x56d5,0x6735,0x3eb5,0x1df4,0x15d5,0x0573,0x0d33,0x0513,0x04f3,0x04b2,0x04b2,0x0492,0x0492,0x0492,0x0492,0x0472,
0x0472,0x0471,0x0492,0x0492,0x04b2,0x0492,0x04b2,0x04b2,0x04b2,0x04b2,0x04d3,0x04d2,0x04f3,0x04d2,0x0513,0x0513,
0x0533,0x0533,0x0d53,0x0d73,0x15d4,0x0db3,0x15b4,0x15d4,0x2635,0x2e74,0x56f5,0x7735,0x5ef5,0x2e34,0x25d3,0x1573,
0x0d73,0x0532,0x0533,0x0532,0x0d53,0x0553,0x0d53,0x0553,0x0d53,0x0513,0x0513,0x04f2,0x04f3,0x04d2,0x04d2,0x04b2,
0x04d2,0x04d2,0x04d3,0x04b2,0x04d2,0x04f2,0x0d12,0x0d12,0x1533,0x04d1,0x04d2,0x04b1,0x0cb2,0x0491,0x0471,0x0430,
0x0430,0x0430,0x0410,0x03ef,0x03f0,0x03cf,0x03d0,0x03af,0x03af,0x03af,0x03af,0x03af,0x03af,0x03af,0x03af,0x038f,
0x03af,0x038e,0x038f,0x036e,0x038e,0x038e,0x03af,0x03ae,0x03cf,0x03ae,0x03af,0x03af,0x03af,0x038e,0x03ef,0x0c4f,
0x03ad,0x03ce,0x03cd,0x03ce,0x03cd,0x0c0f,0x042f,0x042e,0x03ee,0x040e,0x040e,0x042f,0x044e,0x14b0,0x14f0,0x2591,
0x2d91,0x5e73,0x76f3,0x5652,0x2591,0x1d51,0x0d11,0x04d0,0x046f,0x0450,0x0450,0x0490,0x0cb0,0x1511,0x1511,0x1511,
0x04d0,0x1532,0x1d93,0x1d93,0x1572,0x1d92,0x25d2,0x4e94,0x3e54,0x1512,0x0470,0x0450,0x0431,0x0471,0x0430,0x0430,
0x0410,0x0430,0x0410,0x0430,0x0430,0x0451,0x0450,0x0451,0x0450,0x0471,0x0470,0x0491,0x0491,0x04b2,0x0491,0x04b1,
0x0491,0x04b1,0x0491,0x0491,0x0470,0x0471,0x0470,0x0471,0x0470,0x0471,0x0470,0x0491,0x0491,0x04b1,0x04b1,0x04f1,
0x04f2,0x1553,0x1dd2,0x2e33,0x1dd3,0x15b4,0x15f4,0x1e15,0x1e15,0x3696,0x36b7,0x3eb7,0x3e95,0x6716,0x4ef5,0x2e74,
0x1df4,0x1dd4,0x0d93,0x1593,0x15b3,0x1dd4,0x0d73,0x0532,0x04f2,0x04d2,0x04b2,0x04d2,0x04b2,0x04d2,0x04b2,0x04b2,
0x04b2,0x04b2,0x0471,0x0491,0x0491,0x04b2,0x04b1,0x04d2,0x04d2,0x04f3,0x0513,0x0554,0x0573,0x0d94,0x0d73,0x1df4,
0x3e95,0x3e95,0x2e75,0x1e15,0x0db4,0x0d74,0x0512,0x04f3,0x04d2,0x04d2,0x04b2,0x04b2,0x0492,0x0492,0x0471,0x0471,
0x0451,0x0471,0x0471,0x0492,0x0491,0x0492,0x0491,0x04b2,0x04b2,0x04b2,0x04b2,0x04d2,0x04d2,0x04d2,0x04d2,0x04f3,
0x0512,0x0513,0x0532,0x0d93,0x0d93,0x0db4,0x0d93,0x15d4,0x1df4,0x2655,0x3e94,0x5ef4,0x4694,0x1df4,0x0db3,0x0d73,
0x0553,0x0553,0x0512,0x0512,0x0512,0x0533,0x0533,0x0533,0x0512,0x04f2,0x04d2,0x04f2,0x04d2,0x04d2,0x04b1,0x04b2,
0x04b2,0x04d2,0x04b2,0x04d2,0x04b2,0x0d13,0x0512,0x0d33,0x0d32,0x04d1,0x0470,0x0491,0x0471,0x0471,0x0450,0x0430,
0x0410,0x0430,0x040f,0x03f0,0x03cf,0x03d0,0x03af,0x03af,0x03af,0x03af,0x038f,0x03af,0x038f,0x03af,0x038f,0x03af,
0x038e,0x03af,0x038e,0x038e,0x036e,0x038e,0x03ae,0x03ae,0x03ae,0x03af,0x038e,0x03af,0x038e,0x038f,0x038d,0x038e,
0x03ce,0x03ce,0x0c0e,0x03ee,0x144f,0x0c6f,0x1490,0x0c6f,0x0c6f,0x042e,0x0c4f,0x042f,0x1490,0x1cd0,0x2572,0x2571,
0x3df2,0x5e93,0x4e32,0x2551,0x1511,0x0caf,0x0c90,0x044f,0x0450,0x0450,0x0450,0x042f,0x042f,0x0450,0x0470,0x044f,
0x0490,0x04d0,0x1552,0x1d92,0x3e55,0x5ef5,0x7776,0x56f5,0x2dd3,0x1572,0x0d52,0x04d1,0x0491,0x0470,0x0451,0x0410,
0x0410,0x0410,0x0410,0x0410,0x0430,0x0430,0x0451,0x0430,0x0451,0x0450,0x0491,0x0470,0x04b1,0x0491,0x0491,0x0491,
0x0491,0x0491,0x04b2,0x0491,0x0491,0x0491,0x04b1,0x0491,0x0491,0x0491,0x04b1,0x04b1,0x0cd2,0x04d2,0x0cf2,0x04f2,
0x0d33,0x0d53,0x1dd3,0x2e33,0x2e55,0x15f4,0x1e14,0x1e14,0x2655,0x3697,0x46f8,0x4718,0x6758,0x6f37,0x4695,0x1df4,
0x1dd4,0x15b3,0x15b3,0x15d3,0x1df5,0x15b3,0x0d53,0x0512,0x0513,0x04f2,0x04d2,0x04d2,0x04d2,0x04d2,0x04d2,0x04b2,
0x04d2,0x04b2,0x04b2,0x0491,0x04b2,0x04b2,0x04d2,0x04d2,0x04f3,0x04f3,0x0d54,0x0d94,0x15b4,0x0d73,0x15b4,0x2e34,
0x3675,0x2614,0x2e56,0x1e15,0x15b4,0x0553,0x0533,0x04f3,0x04f3,0x04d2,0x04d3,0x04b2,0x0492,0x0471,0x0492,0x0471,
0x0472,0x0471,0x0472,0x0471,0x0492,0x0492,0x04b2,0x0492,0x04b2,0x04b2,0x04b2,0x04b2,0x04d3,0x04d2,0x04f3,0x04f2,
0x0513,0x0512,0x0d53,0x0d93,0x1594,0x0573,0x0d93,0x0d93,0x1df5,0x2655,0x3e95,0x56d5,0x4695,0x1df4,0x15d4,0x0d93,
0x0d53,0x0532,0x0532,0x0512,0x0513,0x0533,0x0d33,0x0513,0x0513,0x04d2,0x04f2,0x04d2,0x04f3,0x04d2,0x04d2,0x04b2,
0x04b2,0x04b2,0x04d2,0x04b2,0x0cf3,0x0d13,0x0d33,0x0d32,0x1533,0x0491,0x0471,0x0471,0x0471,0x0451,0x0451,0x0430,
0x0431,0x0410,0x0410,0x03ef,0x03f0,0x03cf,0x03d0,0x03af,0x03d0,0x03af,0x03af,0x03af,0x03af,0x03af,0x03af,0x03af,
0x03af,0x038f,0x038f,0x038e,0x038f,0x038e,0x03af,0x03ae,0x03af,0x038e,0x038e,0x038e,0x038f,0x036e,0x038e,0x036d,
0x03ad,0x03ee,0x042e,0x0c4f,0x044f,0x1490,0x0c8f,0x14b0,0x0c8e,0x0c8f,0x0c8f,0x0c90,0x0c6f,0x1d10,0x1d31,0x2572,
0x35f1,0x35d1,0x2571,0x1d11,0x046e,0x044f,0x044f,0x0470,0x042f,0x044f,0x042f,0x0430,0x040f,0x042f,0x042f,0x042f,
0x042f,0x0450,0x044f,0x04d1,0x1d72,0x4694,0x6715,0x5ef6,0x25d3,0x1532,0x04d1,0x0491,0x0470,0x0470,0x042f,0x03ef,
0x03ef,0x040f,0x03ef,0x0410,0x03ef,0x0410,0x040f,0x0430,0x042f,0x0450,0x0450,0x0470,0x0470,0x0470,0x0450,0x0471,
0x0490,0x04b1,0x04b1,0x04b1,0x0490,0x04b1,0x04b1,0x04b1,0x0490,0x04b1,0x04d1,0x0cf2,0x04f2,0x04f2,0x04d1,0x04f2,
0x0512,0x0d53,0x1593,0x2e14,0x3673,0x2e34,0x1615,0x2636,0x2656,0x3697,0x46d7,0x7f7a,0x8798,0x6716,0x3654,0x1df4,
0x15d4,0x1df4,0x1dd4,0x1df4,0x15b3,0x0d73,0x0512,0x0513,0x04f2,0x04f3,0x04d2,0x04d2,0x04d2,0x04d2,0x04b2,0x04d2,
0x04b1,0x04d2,0x04b2,0x04b2,0x04b1,0x04d2,0x04d2,0x04d2,0x04f2,0x0533,0x0553,0x0db5,0x0d73,0x0d74,0x15d4,0x3654,
0x2613,0x15d4,0x15d5,0x1e15,0x0d93,0x0553,0x0513,0x0513,0x04f2,0x04d2,0x04b2,0x04b2,0x0471,0x0492,0x0471,0x0472,
0x0451,0x0471,0x0451,0x0472,0x0471,0x0492,0x0491,0x04b2,0x04b2,0x04b2,0x04b2,0x04b2,0x04b2,0x04d2,0x04d2,0x04f3,
0x04f2,0x0533,0x0553,0x1594,0x0572,0x0552,0x0553,0x1594,0x1df4,0x2e76,0x3675,0x4694,0x2614,0x1df4,0x0d93,0x0d73,
0x0532,0x0513,0x0512,0x04f2,0x04f2,0x0513,0x0533,0x0513,0x04f2,0x04d2,0x04d2,0x04d2,0x04d2,0x04d2,0x04b2,0x04b2,
0x0491,0x04b2,0x0492,0x04b2,0x04b1,0x04f2,0x0511,0x1552,0x0cf2,0x0471,0x0450,0x0451,0x0430,0x0451,0x0430,0x0451,
0x0430,0x0430,0x0410,0x03f0,0x03cf,0x03d0,0x03af,0x03af,0x03af,0x03af,0x03af,0x03af,0x03af,0x03af,0x03af,0x03af,
0x038f,0x03af,0x038e,0x038f,0x038e,0x03af,0x03ae,0x03cf,0x03ae,0x03ae,0x036e,0x038e,0x036e,0x036e,0x036d,0x036e,
0x03ae,0x03ad,0x03ee,0x0c4f,0x0c70,0x0c6f,0x0c6f,0x0c6e,0x14d0,0x14d0,0x2532,0x1d11,0x14d0,0x1d10,0x2551,0x2dd1,
0x2dd2,0x1d71,0x1532,0x0cb0,0x0c6f,0x044f,0x0c70,0x044f,0x0450,0x044f,0x0c50,0x040f,0x040f,0x040f,0x040f,0x040f,
0x040f,0x042f,0x0470,0x04b1,0x0d12,0x0d52,0x25b3,0x3613,0x2dd4,0x04b1,0x0430,0x0410,0x0430,0x040f,0x040f,0x03ef,
0x040f,0x03ef,0x0410,0x03ef,0x0410,0x040f,0x0430,0x0430,0x0450,0x0450,0x0471,0x0470,0x0471,0x0450,0x0450,0x0450,
0x0491,0x0491,0x04b1,0x04b1,0x04b1,0x04b1,0x0cd2,0x04d1,0x04d2,0x04d1,0x04d2,0x04b1,0x04b1,0x04b1,0x04d1,0x04f1,
0x0d32,0x0d72,0x1dd4,0x2e33,0x46b5,0x3675,0x2656,0x2656,0x2e76,0x4ed7,0x97bb,0xb7fc,0x8798,0x6716,0x4ef7,0x2e55,
0x2634,0x1df3,0x15d3,0x1593,0x1593,0x0d52,0x0d33,0x0512,0x0513,0x04f2,0x04f3,0x04f2,0x0513,0x04f2,0x0cf3,0x04d2,
0x04d2,0x04d2,0x04d2,0x04d2,0x04d2,0x04d2,0x04f3,0x0513,0x0533,0x0d74,0x15d4,0x15d4,0x0d94,0x0db3,0x2634,0x2633,
0x1dd3,0x0db4,0x15b4,0x0db4,0x0d94,0x0533,0x0533,0x04f3,0x04f3,0x04d2,0x04b2,0x04b2,0x0492,0x0491,0x0492,0x0471,
0x0471,0x0471,0x0472,0x0471,0x0492,0x0491,0x0492,0x04b2,0x04b2,0x04b2,0x04b2,0x04b2,0x04b2,0x04b2,0x04f3,0x04f3,
0x0513,0x0533,0x1594,0x0d73,0x0d73,0x0552,0x0d94,0x15b4,0x2615,0x2e75,0x4ef6,0x46b5,0x1e34,0x0dd3,0x0d93,0x0552,
0x0533,0x0533,0x0533,0x04f2,0x04f2,0x0513,0x0d33,0x04f2,0x04d2,0x04b2,0x04d2,0x04b2,0x04d2,0x04b2,0x04d2,0x0491,
0x04b2,0x0491,0x04b2,0x04b2,0x04b2,0x04d2,0x1532,0x1552,0x0cf2,0x0450,0x0451,0x0430,0x0431,0x0430,0x0451,0x0451,
0x0431,0x0410,0x0431,0x03f0,0x03f0,0x03cf,0x03d0,0x03af,0x03d0,0x03af,0x03d0,0x03af,0x03af,0x03af,0x03b0,0x03af,
0x03af,0x03af,0x03af,0x038e,0x03af,0x03af,0x03ef,0x03ef,0x03ef,0x03ae,0x03af,0x038e,0x038e,0x036e,0x038e,0x036e,
0x038d,0x03ae,0x03ee,0x042f,0x042e,0x0c6f,0x148f,0x14d0,0x14d0,0x1cf0,0x1d31,0x2551,0x2d71,0x35d2,0x4e31,0x4611,
0x1d31,0x14f1,0x048f,0x0cb0,0x046f,0x044f,0x044f,0x0470,0x0450,0x0c50,0x03ee,0x03ce,0x03ce,0x03ef,0x03ce,0x03ee,
0x03ee,0x040f,0x044f,0x04b1,0x04f1,0x04f1,0x04d0,0x1551,0x25d3,0x1552,0x042f,0x03ef,0x03ef,0x0430,0x0430,0x040f,
0x03ef,0x0410,0x03ef,0x0410,0x040f,0x0430,0x0430,0x0450,0x0450,0x0470,0x0450,0x0470,0x0450,0x0450,0x0450,0x0450,
0x0450,0x0471,0x0470,0x0491,0x0490,0x04b1,0x04b1,0x04d1,0x04d1,0x04d1,0x04b1,0x04b1,0x04b1,0x04d2,0x04f1,0x0d32,
0x0d52,0x15b3,0x1df3,0x4695,0x4eb5,0x3e95,0x2e55,0x4e96,0x6f38,0x97db,0x9fdb,0x7759,0x46d6,0x46d6,0x46d5,0x4eb5,
0x3654,0x25f4,0x0d92,0x0d93,0x0d93,0x0d73,0x0532,0x0532,0x04f2,0x04f2,0x04f2,0x0513,0x04f2,0x04f3,0x04f2,0x04f2,
0x04d2,0x04f3,0x04d2,0x04f2,0x04d2,0x0513,0x0513,0x0d54,0x0d93,0x15d4,0x0db3,0x0db3,0x0db3,0x2e73,0x56f4,0x3674,
0x0d93,0x0db5,0x0d93,0x0d94,0x0d94,0x0554,0x04f2,0x04f3,0x04d2,0x04d2,0x04b2,0x04b2,0x0492,0x04b2,0x0492,0x0492,
0x0471,0x0472,0x0471,0x0492,0x0491,0x0492,0x0491,0x0492,0x04b2,0x04b2,0x04b2,0x04b2,0x0492,0x04b2,0x04d2,0x04f3,
0x0513,0x0d54,0x0d73,0x0d53,0x0552,0x0d73,0x0d94,0x1df5,0x2635,0x46d7,0x6757,0x4ef6,0x15f4,0x0db3,0x0573,0x0d73,
0x0553,0x0d74,0x0512,0x04f2,0x04f2,0x0d33,0x0513,0x04f2,0x04b2,0x04d2,0x04b1,0x04b2,0x0491,0x04b2,0x0491,0x0491,
0x0491,0x04b2,0x0491,0x04b2,0x04b2,0x0cf2,0x1552,0x1d73,0x04b0,0x0471,0x0450,0x0451,0x0430,0x0430,0x0430,0x0451,
0x0410,0x0410,0x03f0,0x03f0,0x03cf,0x03f0,0x03cf,0x03cf,0x03af,0x03d0,0x03af,0x03cf,0x03af,0x03af,0x03af,0x03af,
0x038f,0x03af,0x038e,0x03af,0x03af,0x03cf,0x03ce,0x03ef,0x03ae,0x03af,0x038e,0x038e,0x036e,0x036e,0x036d,0x036e,
0x03ae,0x03ce,0x0c2f,0x040e,0x0c70,0x14b0,0x14d1,0x14d0,0x14d0,0x0caf,0x1d11,0x2571,0x35d3,0x3e12,0x5692,0x35b0,
0x2531,0x14f0,0x14d0,0x0c90,0x0c4f,0x042f,0x0c71,0x0c50,0x0c50,0x040f,0x040f,0x03ee,0x03ef,0x03ef,0x03ef,0x03ef,
0x040f,0x044f,0x0c90,0x04b1,0x04b1,0x0470,0x0470,0x048f,0x1d51,0x1d52,0x0c91,0x040f,0x0430,0x0c90,0x0cb1,0x042f,
0x0430,0x040f,0x03ef,0x03ef,0x0430,0x0430,0x0450,0x0450,0x0c91,0x0470,0x0470,0x0450,0x0450,0x0450,0x0450,0x0450,
0x0470,0x0470,0x0491,0x0470,0x0491,0x04b1,0x0cf2,0x04d1,0x04f2,0x04d1,0x04f2,0x04f1,0x0d12,0x0d32,0x1553,0x0d73,
0x1db4,0x1df4,0x3654,0x4ed5,0x5ef6,0x4ef5,0x66f5,0x8f98,0x9ffb,0x6f59,0x4ef7,0x3696,0x3676,0x2e55,0x2e55,0x3654,
0x3e76,0x2e35,0x25f4,0x1593,0x15b4,0x1593,0x0d53,0x0532,0x0533,0x04f2,0x0512,0x04f2,0x0513,0x04f2,0x0513,0x04f2,
0x0d33,0x0513,0x0513,0x0512,0x0533,0x0533,0x0554,0x0d94,0x15d5,0x0dd4,0x0db4,0x0d93,0x2614,0x4ed3,0x6714,0x2e53,
0x0dd4,0x0dd4,0x15b4,0x0d94,0x15b5,0x0554,0x0513,0x04f2,0x04f3,0x04d2,0x04d3,0x04b2,0x04d3,0x04b2,0x0cd3,0x04b2,
0x04b2,0x0492,0x0492,0x0491,0x0492,0x0471,0x0492,0x0491,0x04b2,0x0492,0x04b2,0x04b2,0x04d3,0x04d2,0x04f3,0x0512,
0x0d53,0x0d94,0x0d73,0x0553,0x0d73,0x0d73,0x1dd5,0x2615,0x3676,0x5717,0x6f57,0x3e95,0x15f5,0x0db3,0x15b4,0x0db4,
0x15d5,0x0d94,0x0533,0x04f2,0x0513,0x0513,0x0d14,0x04f3,0x04d3,0x04b2,0x04b2,0x0491,0x04b2,0x04b2,0x04b2,0x04b2,
0x04b2,0x04b2,0x04b2,0x04b2,0x0cf3,0x0d13,0x1d94,0x1573,0x04d1,0x0471,0x0471,0x0451,0x0451,0x0410,0x0451,0x0430,
0x0431,0x0410,0x0410,0x03f0,0x03f0,0x03cf,0x03f0,0x03cf,0x03d0,0x03cf,0x03cf,0x03af,0x03d0,0x03af,0x03cf,0x03af,
0x03af,0x03af,0x03cf,0x03cf,0x03f0,0x03ef,0x03ef,0x03cf,0x03af,0x038e,0x038e,0x036e,0x038e,0x036e,0x036e,0x036d,
0x03ce,0x03ee,0x03ee,0x040e,0x044f,0x0c90,0x042f,0x042f,0x044f,0x0cb0,0x0cb0,0x1d51,0x1d30,0x3df2,0x3df1,0x2530,
0x1d30,0x1d31,0x0caf,0x044f,0x03ce,0x03ef,0x040f,0x040f,0x03ef,0x040f,0x040f,0x040f,0x03ef,0x042f,0x042f,0x0450,
0x046f,0x0cb1,0x04b0,0x04b1,0x046f,0x0470,0x042f,0x0490,0x0511,0x1572,0x0cf1,0x0470,0x0470,0x0490,0x0470,0x0c70,
0x042f,0x0430,0x040f,0x040f,0x03ee,0x0430,0x040f,0x0430,0x042f,0x0450,0x0450,0x0450,0x042f,0x0450,0x042f,0x0470,
0x0470,0x0490,0x0490,0x04b1,0x04d1,0x0d12,0x0cf2,0x04f2,0x04d1,0x04f2,0x04d1,0x0d12,0x0d32,0x1572,0x1593,0x1dd4,
0x2614,0x2e54,0x4eb5,0x7f57,0x8757,0x9798,0x9797,0x9fda,0x6f59,0x46d7,0x2e75,0x3676,0x2635,0x1e35,0x1e14,0x1df4,
0x1df3,0x2635,0x2634,0x1e14,0x15d4,0x1df4,0x15b3,0x0d73,0x0532,0x0513,0x04f2,0x0512,0x04f2,0x04f2,0x04f2,0x04f3,
0x0513,0x0553,0x0533,0x0553,0x0553,0x0553,0x0d73,0x15f5,0x15f4,0x2614,0x2613,0x3674,0x4693,0x46b3,0x46b4,0x3654,
0x0df4,0x15b4,0x0d93,0x0d94,0x0553,0x0574,0x0554,0x0534,0x04f2,0x04d2,0x04b2,0x04d2,0x04b2,0x04d3,0x04b2,0x04b2,
0x0491,0x0492,0x0491,0x0492,0x0471,0x0472,0x0471,0x0492,0x0492,0x04b2,0x04b2,0x04d3,0x04d2,0x04f3,0x04f2,0x0553,
0x0d93,0x0db4,0x0552,0x0d73,0x0d93,0x15d4,0x1e15,0x2e36,0x2e76,0x4ed7,0x6716,0x46b6,0x1e35,0x1e35,0x1e35,0x2636,
0x15f5,0x15b5,0x0533,0x0512,0x04f2,0x0513,0x04d3,0x04d3,0x04b2,0x04b2,0x0491,0x0492,0x0491,0x04b2,0x0492,0x04b2,
0x0491,0x04b2,0x0492,0x04b2,0x04d2,0x0cf2,0x0d32,0x1573,0x04d1,0x0491,0x0471,0x0471,0x0450,0x0451,0x0451,0x0451,
0x0430,0x0410,0x03f0,0x03f0,0x03ef,0x03f0,0x03cf,0x03f0,0x03cf,0x03ef,0x03cf,0x03d0,0x03af,0x03cf,0x03af,0x03cf,
0x03ae,0x03cf,0x03cf,0x040f,0x03ef,0x03ef,0x03ce,0x03af,0x038e,0x03af,0x038e,0x038e,0x036e,0x038e,0x036e,0x036e,
0x040f,0x040f,0x040f,0x042f,0x1490,0x0c4f,0x040e,0x03ce,0x044f,0x0c90,0x14f0,0x1511,0x2550,0x5694,0x3dd2,0x1510,
0x1d31,0x0cb0,0x042f,0x03ee,0x03ef,0x03ef,0x03ef,0x03ef,0x03ef,0x03ef,0x040f,0x040f,0x0430,0x0450,0x0471,0x0470,
0x0cb1,0x04b0,0x04d1,0x04d1,0x04d1,0x04b0,0x0cd1,0x04f1,0x0d32,0x1db3,0x2dd3,0x0cf0,0x0cf1,0x0cf1,0x14d1,0x0cb1,
0x0cb1,0x0cb1,0x0c71,0x040f,0x040f,0x040f,0x0410,0x040f,0x0430,0x0450,0x0c91,0x0470,0x0491,0x0450,0x0470,0x0470,
0x0491,0x04b1,0x0cd2,0x04b1,0x04d1,0x04b1,0x04b1,0x0470,0x0cd2,0x0d12,0x1533,0x1553,0x1dd4,0x1df4,0x2e35,0x2e55,
0x4695,0x56d4,0x8f97,0xa7d8,0x9fb9,0x9777,0x9f97,0x7f79,0x5719,0x3ed7,0x36d7,0x3697,0x2e76,0x1e34,0x1e15,0x15d4,
0x1df4,0x1e14,0x2635,0x15b3,0x15d4,0x1df4,0x1df4,0x15b3,0x0d73,0x0532,0x0533,0x0512,0x0512,0x0512,0x0513,0x0512,
0x0533,0x0553,0x0d74,0x0d74,0x1594,0x1dd4,0x2615,0x1df4,0x2635,0x2e34,0x2e34,0x3654,0x3e74,0x4673,0x6715,0x4eb4,
0x15d4,0x0553,0x0d54,0x0533,0x0533,0x0533,0x0d75,0x0554,0x0513,0x04d2,0x04d3,0x04d2,0x04d3,0x04b2,0x04b3,0x04b2,
0x04b2,0x0491,0x0492,0x0492,0x0492,0x0492,0x04b2,0x04b2,0x04d3,0x04b2,0x04d3,0x04d2,0x0513,0x0513,0x0554,0x0d94,
0x15d5,0x0db3,0x15b4,0x0db4,0x15d4,0x15d4,0x2e35,0x4ed7,0x4f17,0x56f7,0x7f98,0x6758,0x36b7,0x2676,0x2656,0x15f5,
0x15d5,0x15b5,0x0d74,0x0513,0x0513,0x04f2,0x04f3,0x04b2,0x04b2,0x04b2,0x04b2,0x0492,0x04b2,0x0491,0x04b2,0x0492,
0x04b2,0x0492,0x04b2,0x04b2,0x04d2,0x04d1,0x0cf2,0x1532,0x1533,0x04b2,0x04b2,0x0471,0x0451,0x0450,0x0471,0x0451,
0x0451,0x0430,0x0410,0x03f0,0x0410,0x03f0,0x0410,0x03f0,0x0410,0x03ef,0x03f0,0x03f0,0x03f0,0x03cf,0x03f0,0x03ef,
0x03ef,0x03ef,0x0410,0x040f,0x040f,0x03ce,0x03cf,0x03ae,0x03af,0x03ae,0x03af,0x038e,0x03af,0x038e,0x038e,0x038e,
0x042f,0x0c50,0x0c4f,0x0c4f,0x040e,0x040e,0x040e,0x042f,0x046f,0x0cb1,0x0cf0,0x14f0,0x2d91,0x66b4,0x2d71,0x1531,
0x0cd0,0x0450,0x03ee,0x040f,0x03ee,0x03ef,0x03ce,0x03cf,0x03cf,0x040f,0x03ef,0x040f,0x040f,0x0450,0x0450,0x0470,
0x0490,0x04b1,0x04d0,0x04f1,0x04d0,0x04d1,0x04f0,0x0d51,0x1552,0x3e54,0x56f4,0x3613,0x0d30,0x1511,0x04f0,0x04b0,
0x0490,0x0470,0x042f,0x042f,0x03ef,0x03ef,0x03ef,0x040f,0x042f,0x0470,0x0490,0x04b1,0x04b1,0x04b1,0x0490,0x04b1,
0x0490,0x0491,0x0490,0x0470,0x0450,0x0470,0x044f,0x0450,0x0470,0x04b1,0x04f1,0x0d32,0x1593,0x25f4,0x2613,0x3e54,
0x56b3,0x6ef5,0x66f4,0x5ef5,0x4e95,0x4e94,0x5ed4,0x56b5,0x3696,0x36b7,0x2e96,0x3697,0x2e75,0x2e76,0x1e14,0x15d4,
0x15b4,0x1df5,0x1df4,0x15b4,0x0d73,0x1593,0x0d93,0x1e15,0x15d4,0x0d93,0x0552,0x0d52,0x0552,0x0d52,0x0552,0x0d53,
0x0d53,0x0d93,0x15d3,0x2e55,0x3675,0x3696,0x2614,0x15d4,0x0d93,0x0d93,0x0573,0x0d74,0x0d73,0x1dd4,0x2e13,0x3653,
0x15d3,0x0d53,0x0512,0x0513,0x0513,0x0513,0x0513,0x0554,0x0534,0x0534,0x04f2,0x04f3,0x04b2,0x04b2,0x0491,0x04b2,
0x0491,0x0492,0x0491,0x04b2,0x0492,0x04b2,0x04b2,0x04b2,0x04b2,0x04d2,0x04d2,0x04f3,0x0533,0x0574,0x0d94,0x15f5,
0x15f4,0x15d4,0x0dd4,0x15f4,0x2614,0x3e76,0x4ed6,0x6737,0x5f36,0x6f57,0x8777,0x6f17,0x2635,0x1df5,0x0db3,0x0d94,
0x0d94,0x0d94,0x0533,0x0533,0x04f2,0x04f3,0x04d2,0x04d2,0x04b2,0x04b2,0x0491,0x0492,0x0491,0x0492,0x0491,0x0492,
0x0491,0x0492,0x0491,0x04b2,0x04b1,0x04d2,0x04d1,0x0cf2,0x0d32,0x0cf2,0x0491,0x0491,0x0450,0x0451,0x0451,0x0471,
0x0451,0x0451,0x0410,0x0410,0x040f,0x0410,0x040f,0x0410,0x03ef,0x0410,0x03ef,0x0410,0x03ef,0x0410,0x03ef,0x040f,
0x03ef,0x0410,0x040f,0x040f,0x03ef,0x03ef,0x03ce,0x03cf,0x03af,0x03cf,0x03ae,0x03af,0x038e,0x03ae,0x038e,0x03ae,
0x03ef,0x03ee,0x042f,0x042f,0x042f,0x042f,0x0c70,0x0490,0x0cd1,0x0cd1,0x1512,0x1551,0x35f3,0x2d91,0x1510,0x0cd0,
0x0c90,0x040f,0x040f,0x040e,0x040f,0x03ef,0x03ef,0x03ef,0x0410,0x040f,0x040f,0x040f,0x0430,0x042f,0x0430,0x044f,
0x0490,0x04b0,0x0cd1,0x04d0,0x04d1,0x04d0,0x0cf1,0x0d10,0x1d72,0x35f2,0x4673,0x3e52,0x3612,0x0d30,0x04b0,0x046f,
0x0490,0x0450,0x0450,0x042f,0x0430,0x03ef,0x03ef,0x03ef,0x0430,0x042f,0x0450,0x0450,0x0cb1,0x0cd1,0x0cd2,0x0cd1,
0x0cd2,0x0490,0x0491,0x0470,0x0450,0x0450,0x0470,0x0470,0x0491,0x0491,0x04d0,0x0511,0x0d53,0x1572,0x3613,0x4652,
0x4653,0x3613,0x2e13,0x1dd2,0x1df4,0x25f3,0x3e53,0x3654,0x2e56,0x2655,0x2656,0x2615,0x2656,0x2e76,0x2656,0x1df4,
0x15b4,0x15b4,0x1df4,0x15d4,0x15b4,0x0d73,0x0d73,0x1dd3,0x2e14,0x1dd3,0x1dd4,0x15d3,0x1dd4,0x15b3,0x15b3,0x0d93,
0x1594,0x1593,0x1dd4,0x1df4,0x2615,0x1dd4,0x15b4,0x0d93,0x0d74,0x0534,0x0d54,0x0533,0x0533,0x0533,0x0d74,0x0d93,
0x1dd5,0x15b4,0x0d73,0x0533,0x0534,0x0513,0x0533,0x0554,0x0d75,0x0d74,0x0d54,0x04f2,0x04d3,0x04d2,0x04d2,0x04b2,
0x04b2,0x04b2,0x04b2,0x04b2,0x04b2,0x0492,0x04b2,0x04b2,0x04d3,0x04d2,0x0513,0x0d33,0x0d95,0x0dd6,0x1e16,0x1e35,
0x1e15,0x1df4,0x2635,0x3675,0x3eb6,0x3e75,0x3655,0x2e34,0x3634,0x4674,0x66d5,0x4e95,0x2e35,0x15d4,0x15b4,0x0593,
0x0d94,0x0574,0x0533,0x0512,0x0513,0x04f2,0x04f3,0x04d2,0x04d3,0x04b2,0x04b2,0x0492,0x0492,0x0492,0x0492,0x0471,
0x0472,0x0471,0x0492,0x04b2,0x04d2,0x04d2,0x04d2,0x04b1,0x0512,0x04f2,0x04b2,0x0491,0x0492,0x0491,0x0492,0x0491,
0x0492,0x0451,0x0451,0x0410,0x0430,0x0430,0x0430,0x0410,0x0430,0x0410,0x0430,0x0410,0x0431,0x0410,0x0431,0x0430,
0x0430,0x0430,0x0450,0x042f,0x0410,0x03ef,0x0410,0x03ef,0x03f0,0x03cf,0x03cf,0x03af,0x03cf,0x03ae,0x03af,0x03ae,
0x03ce,0x040f,0x042f,0x0c4f,0x042f,0x044f,0x044f,0x0cb1,0x0490,0x0cd0,0x1552,0x4675,0x6f56,0x2571,0x046f,0x046f,
0x0450,0x042f,0x040e,0x040f,0x040e,0x040f,0x03ef,0x040f,0x040f,0x040f,0x040f,0x040f,0x040f,0x042f,0x040f,0x0430,
0x044f,0x0490,0x0490,0x04d1,0x04d0,0x04f1,0x0cf1,0x1552,0x1d92,0x2571,0x1d50,0x1d91,0x2dd2,0x25b2,0x04f0,0x0490,
0x046f,0x0470,0x042f,0x0430,0x040f,0x040f,0x03ef,0x040f,0x040f,0x040f,0x042f,0x0450,0x044f,0x0470,0x0470,0x0cd2,
0x04d1,0x0491,0x0490,0x0491,0x0470,0x0490,0x0490,0x04b1,0x04b0,0x04d1,0x04d1,0x0d32,0x1dd2,0x4653,0x3e12,0x2dd2,
0x15b2,0x15b3,0x0d92,0x15b2,0x15d3,0x25f4,0x3e54,0x4675,0x2614,0x1df4,0x15d4,0x1dd4,0x15d4,0x2615,0x2635,0x2615,
0x15b3,0x15b3,0x0db3,0x15d4,0x15b4,0x15d4,0x1593,0x25b3,0x2e13,0x25f3,0x0d92,0x0d93,0x0552,0x0d72,0x0d72,0x0d73,
0x0d72,0x0d74,0x0574,0x0d74,0x0553,0x0554,0x0554,0x0d74,0x0554,0x0d54,0x0533,0x0513,0x0512,0x0513,0x0533,0x0d33,
0x0d73,0x15d5,0x0d94,0x0d73,0x0533,0x0533,0x0533,0x0533,0x0513,0x0554,0x0554,0x0533,0x04f2,0x04f3,0x04d2,0x04d3,
0x04b2,0x04b2,0x04b2,0x04b2,0x0491,0x04b2,0x04b2,0x04b2,0x04d2,0x0513,0x0d33,0x0d94,0x0db4,0x2635,0x46f7,0x4ed6,
0x3e75,0x3e75,0x3675,0x2e35,0x15b3,0x0d93,0x0d73,0x0d73,0x0572,0x1df4,0x3674,0x3654,0x2e15,0x1df5,0x0db4,0x0d94,
0x0573,0x0574,0x0533,0x0533,0x04f2,0x0513,0x04f2,0x04d3,0x04b2,0x04b2,0x04b2,0x04b2,0x0491,0x0492,0x0491,0x0472,
0x0471,0x0472,0x0491,0x04b2,0x04b1,0x04b2,0x04b2,0x04b2,0x04d1,0x0d12,0x04d1,0x04b1,0x0491,0x0492,0x0491,0x04b2,
0x0491,0x0471,0x0450,0x0431,0x0430,0x0430,0x0430,0x0430,0x0430,0x0430,0x0430,0x0431,0x0430,0x0431,0x0430,0x0450,
0x0450,0x0450,0x044f,0x0430,0x040f,0x040f,0x03ef,0x03f0,0x03cf,0x03d0,0x03cf,0x03cf,0x03af,0x03cf,0x03ae,0x03cf,
0x03cf,0x03ce,0x040f,0x042f,0x0c70,0x044f,0x0470,0x04b1,0x1511,0x1551,0x3e34,0x66f5,0x66d4,0x2570,0x0cd1,0x046f,
0x0450,0x042f,0x040f,0x040f,0x040f,0x040f,0x0410,0x040f,0x0430,0x040f,0x0430,0x042f,0x0450,0x0450,0x0450,0x0450,
0x0490,0x0490,0x04b0,0x04b0,0x04d1,0x04f1,0x1532,0x1552,0x1552,0x0cf1,0x1512,0x1511,0x1551,0x1531,0x1552,0x0d11,
0x0cb0,0x046f,0x0430,0x042f,0x0430,0x040f,0x0430,0x042f,0x0430,0x042f,0x0450,0x042f,0x0470,0x0490,0x0cb1,0x0cd2,
0x0cf2,0x0490,0x04b1,0x04b1,0x04d1,0x04b1,0x04d1,0x04d1,0x04f2,0x04f1,0x0d53,0x3613,0x5ed4,0x4652,0x25b2,0x1db2,
0x1db3,0x0d72,0x1592,0x1592,0x1dd3,0x1dd3,0x4695,0x4ed5,0x3635,0x15d4,0x15d4,0x15d3,0x1dd4,0x15d4,0x1df5,0x1e15,
0x1df5,0x15b4,0x15b4,0x15b4,0x1dd4,0x15d4,0x1dd4,0x1dd3,0x2e14,0x15b3,0x0d52,0x0532,0x0532,0x0532,0x0d53,0x0553,
0x0d54,0x0533,0x0534,0x0513,0x0534,0x0513,0x0534,0x0533,0x0d54,0x0533,0x0533,0x0513,0x0513,0x04f2,0x0513,0x0512,
0x0d33,0x0d73,0x15b4,0x0db4,0x0d74,0x0553,0x0554,0x0533,0x0533,0x0533,0x0d74,0x0554,0x0554,0x0513,0x0d13,0x04f3,
0x04d3,0x04b2,0x04d3,0x04b2,0x04b2,0x04b2,0x04d3,0x04d2,0x04f3,0x0513,0x0d54,0x0d93,0x3655,0x5f17,0x6758,0x3eb6,
0x2e55,0x1df4,0x1df4,0x0593,0x0553,0x0553,0x0d54,0x0553,0x0d73,0x15d3,0x2e35,0x1df3,0x2615,0x1e15,0x1df5,0x15d4,
0x15b5,0x0d74,0x0d53,0x0512,0x0513,0x0513,0x0513,0x04d2,0x04d3,0x04b2,0x04d3,0x04b2,0x04b2,0x0491,0x0492,0x0472,
0x0472,0x0471,0x0492,0x0491,0x0492,0x0491,0x04b2,0x04d2,0x04f2,0x0512,0x1533,0x04d2,0x04b2,0x04b2,0x04b2,0x04b2,
0x04b2,0x0491,0x0471,0x0451,0x0471,0x0451,0x0451,0x0450,0x0451,0x0450,0x0451,0x0451,0x0471,0x0471,0x0492,0x0491,
0x0cd2,0x0491,0x0c91,0x0470,0x0450,0x0410,0x0430,0x0410,0x03f0,0x03cf,0x03f0,0x03cf,0x03ef,0x03cf,0x03cf,0x03cf,
0x03ae,0x03ce,0x03ad,0x03ee,0x0450,0x0470,0x046f,0x0cf1,0x1d92,0x25b2,0x1d70,0x2db1,0x2571,0x14d0,0x0cf0,0x14d1,
0x046f,0x042f,0x040e,0x042f,0x040f,0x0430,0x040f,0x0430,0x0410,0x0430,0x042f,0x044f,0x044f,0x0470,0x0470,0x0490,
0x0490,0x0490,0x046f,0x0490,0x0490,0x04b0,0x04d1,0x1511,0x04b0,0x04b0,0x04b0,0x0cd0,0x0d11,0x0d11,0x04f0,0x1d92,
0x1d50,0x0cb0,0x044f,0x0470,0x0450,0x0430,0x040f,0x042f,0x042f,0x044f,0x044f,0x0470,0x0490,0x04b1,0x04b0,0x0cf1,
0x04f1,0x0d12,0x04f1,0x0cf1,0x04d1,0x0cf1,0x04f1,0x0512,0x0d11,0x1d72,0x4674,0x7755,0x5693,0x1db3,0x0d72,0x1572,
0x0d51,0x0d32,0x0d32,0x1553,0x0d73,0x1593,0x25f3,0x3e75,0x2e34,0x1df4,0x0db3,0x15b4,0x0db3,0x15b3,0x0d93,0x1df4,
0x1df4,0x1dd4,0x15b3,0x15b4,0x15b3,0x15d4,0x0db3,0x1dd3,0x1dd3,0x0d72,0x0511,0x0533,0x0532,0x0513,0x04f2,0x04f2,
0x04d2,0x04f3,0x04f2,0x0513,0x04f2,0x04f3,0x04f2,0x0513,0x0512,0x0513,0x0513,0x0533,0x0513,0x0533,0x0512,0x0513,
0x0512,0x0553,0x0db3,0x1e15,0x15b3,0x0d73,0x0533,0x0553,0x0533,0x0553,0x0553,0x0d94,0x0574,0x0533,0x0512,0x0513,
0x04f2,0x04d3,0x04b2,0x04d2,0x04b2,0x04b2,0x04b2,0x04f3,0x04f2,0x0533,0x0553,0x2615,0x3e96,0x3656,0x15b4,0x0d94,
0x0573,0x0d95,0x0d94,0x0d74,0x0533,0x0553,0x0532,0x0533,0x0533,0x0d74,0x1df4,0x1e15,0x1df4,0x2635,0x1e14,0x1df4,
0x15b4,0x0d94,0x0553,0x0533,0x0512,0x0513,0x04f2,0x04f3,0x04f2,0x04d2,0x04b2,0x04b2,0x0491,0x0492,0x0471,0x0471,
0x0451,0x0451,0x0450,0x0471,0x0471,0x0492,0x0492,0x04b2,0x04d2,0x0d12,0x1552,0x1553,0x04f2,0x04d2,0x04d2,0x04d2,
0x04b2,0x04b2,0x0491,0x0491,0x0470,0x0471,0x0470,0x0471,0x0470,0x0471,0x0470,0x0491,0x04b1,0x0cb2,0x04b1,0x04b1,
0x0cd2,0x0cd2,0x0491,0x0471,0x0450,0x0450,0x0430,0x0430,0x03ef,0x03f0,0x03cf,0x03ef,0x03cf,0x03cf,0x03cf,0x03cf,
0x03cf,0x03ce,0x03cf,0x03ef,0x0c50,0x0490,0x0cd1,0x0d31,0x1531,0x0cd0,0x0cd0,0x1511,0x14d0,0x042f,0x0c70,0x0cb0,
0x14d1,0x048f,0x0490,0x046f,0x0450,0x042f,0x0430,0x040f,0x0430,0x0430,0x0450,0x044f,0x0c70,0x0470,0x0490,0x0490,
0x04b1,0x0470,0x0470,0x0450,0x0471,0x0490,0x0cf1,0x0cd0,0x0490,0x0470,0x0490,0x046f,0x0cd1,0x0cf0,0x0cf1,0x1d71,
0x4e52,0x1d52,0x04d0,0x04b1,0x0cb1,0x0471,0x0471,0x0470,0x0471,0x0490,0x04b1,0x04b0,0x0cd1,0x0cf1,0x1572,0x1571,
0x1552,0x0d31,0x0d12,0x0d12,0x1533,0x0d32,0x0d32,0x0d52,0x25d2,0x3e53,0x56f5,0x4674,0x25b2,0x1572,0x1572,0x0d52,
0x0d52,0x0d32,0x0d32,0x0d32,0x1553,0x0d53,0x1593,0x25d3,0x2e34,0x1df3,0x15b3,0x15b3,0x15b4,0x0d93,0x0d93,0x15b3,
0x1df5,0x15d4,0x15d4,0x0db4,0x15f4,0x15f4,0x1df4,0x1dd3,0x1dd4,0x0d73,0x0d73,0x0532,0x0d33,0x04f2,0x04f2,0x04d2,
0x04d2,0x04d2,0x04f3,0x04f2,0x04f3,0x04f2,0x04f3,0x04f2,0x0513,0x0513,0x0533,0x0533,0x0534,0x0513,0x0533,0x0533,
0x0554,0x0573,0x15d4,0x1e14,0x2614,0x15b4,0x0d94,0x0573,0x0d94,0x0574,0x0d74,0x0db4,0x15b5,0x0d94,0x0553,0x0532,
0x0d53,0x0513,0x0513,0x04d2,0x04f3,0x0513,0x0513,0x0513,0x0534,0x0d74,0x15b5,0x15d4,0x1594,0x0553,0x0553,0x0533,
0x0553,0x0533,0x0d74,0x0553,0x0d54,0x0533,0x0533,0x0513,0x0533,0x0533,0x15d4,0x1df5,0x2615,0x1e15,0x2e76,0x2635,
0x1df5,0x15b4,0x0d74,0x0533,0x0533,0x0513,0x0513,0x04f3,0x0513,0x04d2,0x04d2,0x04b1,0x04b2,0x0491,0x0491,0x0451,
0x0471,0x0451,0x0471,0x0451,0x0471,0x0471,0x04b2,0x04b2,0x04f2,0x04f1,0x25b3,0x2e14,0x25d4,0x1573,0x1552,0x0d32,
0x0d12,0x04d1,0x04d2,0x04b1,0x04b2,0x0491,0x0492,0x0491,0x0492,0x04b1,0x04b2,0x04d1,0x0d12,0x04d1,0x0491,0x0450,
0x0451,0x0430,0x0430,0x042f,0x0430,0x0430,0x0430,0x042f,0x0430,0x0430,0x0430,0x040f,0x0410,0x03ef,0x0410,0x040f,
0x03ce,0x03ce,0x03ae,0x03ce,0x044f,0x1531,0x1551,0x1532,0x0490,0x042f,0x03ee,0x0c90,0x046f,0x0410,0x0410,0x042f,
0x042e,0x0490,0x0cf1,0x0cd1,0x046f,0x0470,0x044f,0x0450,0x042f,0x0470,0x0450,0x0470,0x0470,0x0490,0x0490,0x0491,
0x046f,0x044f,0x042f,0x0450,0x0450,0x0490,0x04b0,0x0490,0x044f,0x0450,0x042f,0x044f,0x046f,0x0490,0x0cf1,0x1d71,
0x3df1,0x35f2,0x1551,0x1531,0x0d11,0x0d12,0x04d1,0x04b1,0x04b0,0x0cd0,0x04b0,0x04d0,0x04f0,0x1db2,0x25f3,0x25f3,
0x1591,0x1572,0x1572,0x1d72,0x1d92,0x1d93,0x1592,0x1db3,0x25d2,0x2dd1,0x25b1,0x1db3,0x0d73,0x1573,0x0d52,0x0d32,
0x0511,0x0d12,0x04f1,0x0d12,0x0d12,0x0d53,0x0d52,0x1593,0x1dd3,0x1dd3,0x1593,0x15b4,0x0d73,0x0d73,0x0d73,0x0d93,
0x0d93,0x15b4,0x15b3,0x15f4,0x15f4,0x1df4,0x1dd3,0x1dd3,0x0d73,0x0d74,0x0d53,0x0532,0x04d1,0x04d2,0x04b1,0x04d2,
0x04d1,0x04d2,0x04d2,0x04d2,0x04d2,0x04d2,0x04d2,0x04f2,0x04d2,0x04f3,0x0512,0x0513,0x0512,0x0533,0x0513,0x0d53,
0x0553,0x0574,0x0d93,0x15b4,0x15b3,0x15d4,0x15d4,0x0db4,0x0d93,0x0d94,0x0574,0x0db5,0x15d5,0x15f6,0x0d94,0x0d94,
0x0573,0x0553,0x0533,0x0533,0x0532,0x0533,0x0532,0x0d74,0x0d94,0x1594,0x0553,0x0554,0x0533,0x0553,0x0533,0x0513,
0x0512,0x0513,0x04f3,0x0513,0x0513,0x0533,0x0533,0x0533,0x0512,0x0533,0x0d73,0x1df5,0x15d4,0x15d4,0x1df4,0x2636,
0x1e15,0x1df5,0x0db4,0x0d73,0x0532,0x0513,0x04f2,0x04f3,0x04d2,0x04b2,0x04b1,0x0492,0x0491,0x0491,0x0471,0x0471,
0x0450,0x0471,0x0451,0x0451,0x0450,0x0471,0x0491,0x04b2,0x04d1,0x0d32,0x25f3,0x3633,0x2e13,0x25f4,0x1573,0x1553,
0x1572,0x0d52,0x04f1,0x04f2,0x04d1,0x04d1,0x04b1,0x04d2,0x0cf2,0x1533,0x0cf2,0x0cd2,0x04b1,0x0491,0x0450,0x0430,
0x0410,0x0410,0x040f,0x0410,0x03ef,0x040f,0x03ef,0x0410,0x040f,0x0450,0x044f,0x0450,0x042f,0x044f,0x044f,0x0470,
0x03ae,0x038e,0x03ae,0x040f,0x0cb1,0x0d11,0x1551,0x0d32,0x0491,0x03ef,0x03ef,0x0c70,0x044f,0x03ce,0x03cf,0x03ce,
0x03cf,0x03ee,0x14b1,0x14f1,0x1511,0x0cd0,0x0490,0x0470,0x0490,0x0490,0x0491,0x0490,0x04b1,0x0490,0x04b1,0x0470,
0x0450,0x042f,0x0450,0x0430,0x0450,0x0490,0x04d1,0x0490,0x0450,0x042f,0x0430,0x044f,0x0470,0x044f,0x0cd0,0x1db2,
0x35f3,0x3e32,0x4633,0x1d91,0x0d51,0x0d51,0x1531,0x0cf1,0x0cf1,0x04d0,0x0cd1,0x1511,0x1d72,0x1d92,0x25d3,0x1db2,
0x1dd3,0x1dd2,0x2e13,0x3632,0x3e74,0x2df2,0x1d72,0x0d31,0x1551,0x1572,0x1d93,0x1d92,0x1d93,0x1572,0x1553,0x0511,
0x04f2,0x04d1,0x04d2,0x04f2,0x0d12,0x0512,0x1553,0x1573,0x1dd3,0x1df3,0x1dd4,0x15b3,0x1594,0x0d73,0x1594,0x0d93,
0x15b4,0x0d93,0x15b4,0x15d3,0x1df4,0x1dd3,0x25d3,0x1593,0x0d94,0x0d53,0x0d33,0x04f2,0x04d2,0x04d2,0x04d2,0x04d2,
0x0cf3,0x04d2,0x04d2,0x04d2,0x04d2,0x04d2,0x04d2,0x04d2,0x04f3,0x04f2,0x0513,0x04f2,0x0513,0x0513,0x0d13,0x0532,
0x0573,0x0574,0x0d94,0x0d74,0x0d74,0x0d93,0x15d4,0x1df4,0x1e15,0x15d4,0x15b5,0x0d94,0x15d5,0x1e16,0x1e36,0x15f5,
0x15d5,0x0593,0x0d94,0x0573,0x0d93,0x15b3,0x2e55,0x2e35,0x15b4,0x0533,0x0554,0x0534,0x0533,0x0533,0x0d34,0x04f3,
0x04f3,0x04d2,0x04f3,0x04d2,0x04f3,0x04f2,0x04f3,0x0513,0x0d54,0x0533,0x0d53,0x15b4,0x1dd4,0x0d73,0x1593,0x1594,
0x1dd5,0x15f4,0x1df5,0x0d93,0x0d73,0x0513,0x04f3,0x04d2,0x04d2,0x04b2,0x04b2,0x0491,0x0492,0x0491,0x0492,0x0471,
0x0472,0x0471,0x0471,0x0451,0x0471,0x0491,0x04b2,0x0491,0x0cf2,0x1d73,0x3635,0x25d3,0x1d73,0x0d32,0x0d13,0x0cf2,
0x1553,0x1d72,0x1d93,0x1552,0x1532,0x1531,0x1d72,0x25d3,0x2dd4,0x1532,0x0cd1,0x0470,0x0450,0x0430,0x0451,0x0430,
0x0430,0x03ef,0x0410,0x040f,0x0430,0x040f,0x0410,0x040f,0x0410,0x040f,0x0450,0x0450,0x0c70,0x0c90,0x0cb0,0x0c90,
0x2d72,0x1490,0x044f,0x0470,0x0470,0x1511,0x2dd3,0x2df4,0x044f,0x03ae,0x038d,0x03ce,0x03ce,0x03ae,0x038d,0x03ae,
0x03ce,0x042f,0x046f,0x0cb0,0x04f0,0x0d11,0x0cf1,0x0d11,0x04b0,0x0490,0x0490,0x0490,0x0490,0x0490,0x044f,0x0470,
0x044f,0x0450,0x042f,0x042f,0x042f,0x0490,0x04b0,0x0470,0x040f,0x0430,0x042f,0x0470,0x046f,0x0490,0x04f0,0x1db2,
0x25d2,0x3613,0x4e72,0x3e53,0x1d92,0x1592,0x1571,0x1551,0x0d10,0x1531,0x1571,0x25b2,0x1d91,0x1db2,0x1dd2,0x25d3,
0x1dd2,0x3e53,0x5ed4,0x56b4,0x25d1,0x0d31,0x04f0,0x04d0,0x0d11,0x1573,0x0d72,0x1572,0x1572,0x1572,0x0d52,0x0512,
0x04d1,0x04d2,0x04d1,0x04d1,0x04d1,0x0512,0x0532,0x1572,0x1dd3,0x3e74,0x2634,0x15b3,0x0d73,0x0d73,0x0d73,0x0d93,
0x0d73,0x1594,0x15b3,0x15d4,0x1dd3,0x2614,0x0d92,0x0d73,0x0d53,0x0532,0x04f2,0x04f2,0x04d2,0x04d2,0x04d2,0x04f2,
0x04d2,0x04d2,0x04b2,0x04d2,0x04b2,0x04d2,0x04d2,0x04d2,0x04d2,0x04f3,0x04d2,0x04f2,0x04d2,0x04f3,0x04f2,0x0513,
0x0553,0x0d74,0x0574,0x0d75,0x0d74,0x0d94,0x0593,0x1df4,0x3655,0x3695,0x2634,0x15f4,0x0df4,0x1e36,0x1e56,0x2657,
0x1615,0x15d5,0x0df4,0x2635,0x3e95,0x4ed6,0x3675,0x1df4,0x0553,0x0533,0x0533,0x0533,0x0513,0x0513,0x04f3,0x04f3,
0x04d2,0x04d2,0x04b2,0x04d2,0x04d2,0x04d2,0x04b2,0x04f3,0x0513,0x0534,0x0533,0x0d93,0x0d93,0x0d53,0x0533,0x0d53,
0x0552,0x15b4,0x15d4,0x1df4,0x0d93,0x0d53,0x04f2,0x04f3,0x04d2,0x04d2,0x04b1,0x04b2,0x0491,0x04b2,0x0491,0x0471,
0x0471,0x0471,0x0450,0x0471,0x0491,0x0492,0x0491,0x04b1,0x0d12,0x1d73,0x1552,0x0cf2,0x04b1,0x04b2,0x04b1,0x04b1,
0x04b1,0x1512,0x0d11,0x0cf1,0x0490,0x04d1,0x0cf1,0x1532,0x0d11,0x0cd1,0x0490,0x0450,0x0430,0x0430,0x040f,0x0430,
0x040f,0x0410,0x040f,0x0430,0x042f,0x0430,0x040f,0x0410,0x040f,0x0430,0x044f,0x0c70,0x0c70,0x0cb0,0x0c90,0x0c90,
0x4e55,0x1511,0x046f,0x044f,0x0470,0x0cb0,0x1511,0x0cd0,0x0430,0x03ae,0x038d,0x03ce,0x0c2f,0x03ee,0x040f,0x042f,
0x0c70,0x0470,0x04b0,0x04b0,0x04b0,0x0490,0x0cd1,0x1532,0x1512,0x0cd0,0x0cd1,0x0cd1,0x04b1,0x0470,0x0450,0x044f,
0x0450,0x042f,0x044f,0x042f,0x0490,0x04b1,0x0490,0x042f,0x0430,0x042f,0x0450,0x0470,0x0cb1,0x0cf1,0x1532,0x1551,
0x1d92,0x2dd2,0x66d3,0x7735,0x4e95,0x2df2,0x25d2,0x25d2,0x25d3,0x25f2,0x3632,0x2613,0x2614,0x2e34,0x4695,0x56d5,
0x6736,0x7757,0x66f5,0x25f2,0x0d31,0x04f1,0x0512,0x0511,0x1573,0x1552,0x0d32,0x0511,0x0d32,0x0d52,0x1572,0x0d32,
0x0d12,0x04d1,0x04d2,0x04b1,0x04d2,0x04f2,0x0d32,0x0d52,0x2df4,0x4eb5,0x3655,0x1592,0x1573,0x0d73,0x1593,0x0d93,
0x15b4,0x1593,0x1dd4,0x1e14,0x2e55,0x2614,0x0d73,0x0553,0x0d53,0x0512,0x0512,0x04f2,0x04f3,0x04d2,0x04f3,0x04f2,
0x04f3,0x04d2,0x04d2,0x04d2,0x04d2,0x04d2,0x04f3,0x04d2,0x04f3,0x04f2,0x04f3,0x04d2,0x04f3,0x04f2,0x04f3,0x0512,
0x0d33,0x0533,0x0554,0x0534,0x0554,0x0573,0x0d94,0x0db3,0x2e54,0x5ef6,0x56f6,0x3695,0x2e56,0x2635,0x3696,0x46d6,
0x5f17,0x4ed7,0x5717,0x6777,0x6778,0x3e96,0x2615,0x0db5,0x0d74,0x0553,0x0553,0x0533,0x0534,0x04f3,0x04f3,0x04f2,
0x04f3,0x04d2,0x04d2,0x04b2,0x04d2,0x04b2,0x04d2,0x04d2,0x04d2,0x04f2,0x0533,0x0d53,0x0d73,0x0533,0x0533,0x0533,
0x0d33,0x0573,0x1df5,0x2655,0x2615,0x0d73,0x0533,0x0513,0x0513,0x04d2,0x04d2,0x04d2,0x04d2,0x04b2,0x04b2,0x0491,
0x0492,0x0471,0x0471,0x0471,0x0492,0x0491,0x04b1,0x0d12,0x1553,0x0d12,0x0cd2,0x04b2,0x04b2,0x0491,0x04b2,0x0491,
0x04b2,0x0cd1,0x0cd1,0x0490,0x0491,0x0470,0x0471,0x0471,0x0cb2,0x0cd2,0x0cf2,0x04b1,0x0491,0x0470,0x0470,0x0430,
0x0430,0x0410,0x0450,0x0450,0x0c71,0x0450,0x0430,0x0410,0x0c30,0x0430,0x0450,0x042f,0x0450,0x044f,0x0470,0x0470,
0x044f,0x040f,0x03cf,0x03ef,0x03ee,0x03ee,0x03ce,0x03ee,0x03ee,0x042f,0x042e,0x0cb1,0x04b0,0x044f,0x0450,0x0470,
0x044f,0x0470,0x048f,0x0490,0x046f,0x0470,0x044f,0x0cb0,0x1511,0x1531,0x0cf1,0x0cf1,0x046f,0x0450,0x042f,0x042f,
0x040f,0x042f,0x042f,0x0470,0x04d1,0x0cf1,0x044f,0x042f,0x042f,0x0430,0x0450,0x0490,0x04b0,0x0cf1,0x0d11,0x1572,
0x1d92,0x3e13,0x6ed4,0x6ef4,0x5693,0x5eb3,0x56b4,0x56b4,0x56b4,0x5ed5,0x4694,0x4674,0x4e93,0x66d4,0x7735,0x97b7,
0x97b6,0x6715,0x2e33,0x1dd3,0x0d71,0x1552,0x0d32,0x0d32,0x0d32,0x0d32,0x04d1,0x04d1,0x04d1,0x0d12,0x0d31,0x0d32,
0x0512,0x04f2,0x04d1,0x04d2,0x04b1,0x0cf2,0x0d12,0x1552,0x25d3,0x3e74,0x2613,0x15b3,0x0d92,0x15b3,0x1593,0x15b4,
0x15d3,0x1dd4,0x1df4,0x2e55,0x2e54,0x15d3,0x0532,0x0d33,0x0512,0x0512,0x04f2,0x0513,0x04f2,0x04f3,0x04f2,0x04f2,
0x04d2,0x04f2,0x04d2,0x04d2,0x04d2,0x04f2,0x04f2,0x04f3,0x04d2,0x04f3,0x04d2,0x04f3,0x04f2,0x04f3,0x04f2,0x04f3,
0x04f2,0x0513,0x0513,0x0534,0x0513,0x0533,0x0553,0x0574,0x0db3,0x3e75,0x4eb5,0x46b5,0x46b5,0x46b5,0x46b5,0x4ef6,
0x4ef6,0x5f16,0x6736,0x6f57,0x46f6,0x2696,0x1e36,0x1df6,0x15b5,0x0d95,0x0574,0x0554,0x0513,0x0513,0x04d2,0x04f3,
0x04d2,0x04d2,0x04b2,0x04b2,0x0491,0x04b2,0x04b1,0x04b2,0x04b1,0x04d2,0x04f2,0x0d53,0x0d73,0x0d53,0x04f3,0x0513,
0x0512,0x0532,0x0d93,0x2615,0x1e15,0x15d4,0x0d73,0x0553,0x0513,0x0513,0x04d2,0x04f3,0x04d2,0x04b2,0x0491,0x0492,
0x0491,0x0492,0x0491,0x0492,0x04b1,0x04d2,0x0d32,0x1573,0x04f2,0x04b2,0x04b2,0x04b2,0x0491,0x0491,0x0471,0x04b2,
0x0491,0x0491,0x0491,0x0471,0x046f,0x0470,0x0470,0x0471,0x0450,0x0471,0x0470,0x0491,0x0490,0x0cd1,0x0491,0x0491,
0x0470,0x0470,0x0450,0x0c71,0x0450,0x0450,0x040f,0x0410,0x03ef,0x040f,0x03ef,0x040f,0x03ef,0x0410,0x03ef,0x0410,
0x03ce,0x038e,0x038e,0x038d,0x038d,0x03ae,0x03ce,0x03ad,0x0bee,0x042e,0x0c6f,0x14f1,0x1d32,0x04af,0x0450,0x044f,
0x0470,0x042f,0x0470,0x046f,0x046f,0x042f,0x044f,0x044f,0x0cb0,0x0cf1,0x1d33,0x0cf1,0x04b1,0x044f,0x0450,0x044f,
0x0450,0x0450,0x0470,0x04b0,0x1512,0x0cd1,0x0470,0x042f,0x0450,0x0470,0x04b1,0x04b1,0x0cf1,0x0cf1,0x1d73,0x1d93,
0x2df3,0x4673,0x5eb4,0x4633,0x3e33,0x4652,0x5673,0x4e73,0x66d4,0x66f4,0x5ed5,0x5eb3,0x66d3,0x66d3,0x7f14,0x8f54,
0x7f55,0x3e73,0x25f3,0x1db2,0x1db2,0x1572,0x1552,0x0d12,0x0d12,0x04f1,0x0cd2,0x04b1,0x04b1,0x04b1,0x0d32,0x1553,
0x0d53,0x0d12,0x0d12,0x04f1,0x0cf2,0x04f1,0x1532,0x1552,0x1dd3,0x2613,0x2614,0x15d3,0x15b3,0x15b3,0x1df4,0x1e14,
0x1e15,0x1df4,0x2615,0x2635,0x25f4,0x0d52,0x0d33,0x0513,0x0513,0x04f2,0x0513,0x0513,0x0533,0x0513,0x0513,0x04f2,
0x04f3,0x04f2,0x04f3,0x04f2,0x04f3,0x04f2,0x0513,0x0513,0x0513,0x04f2,0x0513,0x0513,0x0513,0x0513,0x0513,0x04f3,
0x0513,0x04f3,0x0513,0x0513,0x0533,0x0533,0x0574,0x0574,0x0d95,0x15d5,0x3e75,0x4ed5,0x56f5,0x3e75,0x2e55,0x1e15,
0x1e36,0x1e36,0x3696,0x36d6,0x2eb6,0x1e35,0x1e15,0x15d5,0x1df6,0x15b5,0x15b5,0x0574,0x0554,0x0533,0x0513,0x04f3,
0x04f3,0x04d2,0x04d3,0x04b2,0x04b2,0x04b2,0x04b2,0x0492,0x04b2,0x04b2,0x04f3,0x0d33,0x15b4,0x0d73,0x0513,0x04f2,
0x0512,0x0532,0x1593,0x1593,0x1df4,0x1df4,0x1df5,0x0d94,0x0d74,0x0533,0x0d33,0x0513,0x0513,0x04d2,0x04b2,0x04b2,
0x04b2,0x04b2,0x0cf3,0x04d2,0x0513,0x0d53,0x25d5,0x0d33,0x04d2,0x0491,0x0492,0x0471,0x0491,0x0491,0x04b2,0x0491,
0x0492,0x0471,0x0471,0x0471,0x0471,0x0451,0x0471,0x0471,0x0471,0x0450,0x0450,0x0470,0x1512,0x1532,0x0cf2,0x04b1,
0x0491,0x0450,0x0451,0x0430,0x0430,0x0410,0x0410,0x03f0,0x0410,0x03ef,0x03f0,0x03cf,0x03cf,0x03cf,0x03f0,0x03cf,
0x036d,0x036d,0x036d,0x03ae,0x038d,0x03ae,0x03ad,0x0c2e,0x0c4f,0x0c2f,0x0c4f,0x0c6f,0x14b0,0x1d11,0x14f1,0x14d1,
0x0c90,0x044f,0x040e,0x046f,0x044f,0x042f,0x042f,0x044f,0x044f,0x0c90,0x04b0,0x0cd1,0x0cd1,0x0490,0x044f,0x046f,
0x0450,0x0470,0x0490,0x0cf1,0x0cf0,0x0cd1,0x046f,0x046f,0x0490,0x0cd1,0x04f1,0x0d11,0x0cf1,0x1531,0x0d51,0x1db2,
0x3e33,0x56b3,0x3e32,0x2dd3,0x25d3,0x25d3,0x25d2,0x35f2,0x3612,0x3613,0x2dd1,0x2590,0x1d70,0x25d2,0x3653,0x5eb4,
0x5e93,0x4653,0x25d2,0x1d92,0x1d92,0x1572,0x0d52,0x0d32,0x04d1,0x04d1,0x04b1,0x04b1,0x04b1,0x04b1,0x04f1,0x1553,
0x0d52,0x1552,0x0d31,0x0d32,0x0511,0x0d12,0x0d31,0x1573,0x1593,0x1dd3,0x1df2,0x1e14,0x15d4,0x1df4,0x1e14,0x2635,
0x1df4,0x1df4,0x1dd3,0x15d3,0x0d72,0x0d32,0x0512,0x0533,0x04f2,0x0513,0x0512,0x0533,0x0533,0x0d34,0x0513,0x0513,
0x04f2,0x04f3,0x04d2,0x04f3,0x04d2,0x04f3,0x04f2,0x0513,0x0513,0x0513,0x0513,0x0533,0x0513,0x0513,0x0513,0x0513,
0x04d2,0x04f3,0x04d2,0x04f3,0x04f3,0x0534,0x0533,0x0574,0x0d74,0x0d94,0x2614,0x56f5,0x4694,0x1df4,0x0db3,0x0db5,
0x0dd5,0x1df5,0x1e35,0x2655,0x1e35,0x1e15,0x0db4,0x0d94,0x0d74,0x0d74,0x0553,0x0533,0x0533,0x0534,0x04f3,0x04f3,
0x04d2,0x04f3,0x04d2,0x04b2,0x04b2,0x04b2,0x0491,0x04b2,0x0492,0x04b2,0x04b1,0x0512,0x0d53,0x0d53,0x0512,0x04f2,
0x0512,0x0d53,0x0d73,0x0d93,0x0d93,0x15b4,0x1df4,0x2e55,0x1df4,0x1594,0x0553,0x0554,0x0533,0x0513,0x04d2,0x04f3,
0x04f3,0x0d14,0x0513,0x0d33,0x1573,0x1dd5,0x0d53,0x04d2,0x04b1,0x0492,0x0471,0x0492,0x0491,0x04b2,0x0491,0x0471,
0x0451,0x0451,0x0430,0x0451,0x0431,0x0451,0x0430,0x0450,0x0450,0x0450,0x0450,0x0490,0x04b1,0x0cd1,0x0470,0x0450,
0x040f,0x0410,0x0410,0x0410,0x03f0,0x0410,0x03ef,0x03f0,0x03f0,0x03f0,0x03cf,0x03cf,0x03cf,0x03cf,0x03ce,0x03af,
0x038d,0x038d,0x03ae,0x03ee,0x0bce,0x03ad,0x03ad,0x0bee,0x0c0e,0x03cd,0x0c4f,0x0c4f,0x0c6f,0x1490,0x2531,0x2572,
0x2593,0x0cd0,0x0c4f,0x040e,0x044f,0x042f,0x0450,0x044f,0x0470,0x046f,0x044f,0x046f,0x0cd1,0x0cd1,0x0cb0,0x046f,
0x0470,0x0450,0x04b1,0x0d10,0x1531,0x04d0,0x04b0,0x0490,0x0cf1,0x0d11,0x0d11,0x04f1,0x0cf1,0x0d11,0x1551,0x3633,
0x56b4,0x3e52,0x2591,0x1551,0x1d93,0x1db3,0x25f4,0x1db2,0x1551,0x0d11,0x0d11,0x0510,0x1572,0x1dd3,0x2613,0x2df3,
0x4654,0x4653,0x3613,0x1db2,0x1d92,0x1572,0x1593,0x0d32,0x0cf1,0x04d1,0x0cd1,0x04b1,0x0cd1,0x04b1,0x0cf2,0x0d32,
0x1553,0x1572,0x1593,0x0d72,0x1573,0x0d52,0x1572,0x1592,0x1dd4,0x2e13,0x3e94,0x2e54,0x2656,0x2635,0x2e55,0x2e54,
0x2e35,0x2614,0x15d3,0x0d93,0x0d72,0x0552,0x0d54,0x0553,0x0533,0x0512,0x0513,0x0513,0x0d54,0x0533,0x0d54,0x0513,
0x0513,0x04f3,0x0513,0x04f3,0x0513,0x04f3,0x0513,0x0513,0x0534,0x0513,0x0534,0x0513,0x0d34,0x0513,0x0513,0x04f3,
0x04f3,0x04d2,0x04d3,0x04f2,0x0513,0x0513,0x0534,0x0553,0x0d74,0x0573,0x25f4,0x3e94,0x2e34,0x15b4,0x15d5,0x0db4,
0x15d5,0x1df5,0x1e15,0x15f4,0x1df5,0x15f5,0x15d5,0x0d94,0x0d74,0x0554,0x0553,0x0513,0x0513,0x0513,0x04f3,0x04f3,
0x04f3,0x04f3,0x04f3,0x04d2,0x04d3,0x04b2,0x04b2,0x04b2,0x04b3,0x04b2,0x04d2,0x04f2,0x0d33,0x0d53,0x0d53,0x0512,
0x0d33,0x0d33,0x0d74,0x0d73,0x0d74,0x0d73,0x15b3,0x2654,0x2e56,0x1e15,0x15b5,0x0574,0x0d74,0x0554,0x0534,0x0513,
0x0d53,0x0d73,0x1df5,0x25f5,0x1db5,0x0d53,0x0cf2,0x04d2,0x0cd3,0x04b2,0x04b2,0x04b2,0x04b2,0x0492,0x0471,0x0451,
0x0451,0x0430,0x0431,0x0410,0x0431,0x0431,0x0451,0x0450,0x0451,0x0450,0x0471,0x0491,0x0cb2,0x0470,0x0430,0x03ef,
0x03f0,0x03f0,0x03f0,0x03f0,0x0410,0x03f0,0x03f0,0x03f0,0x03f0,0x03cf,0x03cf,0x03cf,0x03cf,0x03cf,0x03cf,0x03ae,
0x036c,0x03ae,0x03ce,0x03ce,0x03ad,0x03cd,0x038c,0x038c,0x038c,0x0c0e,0x0c4f,0x142f,0x040e,0x040e,0x14af,0x35b3,
0x1d51,0x14f1,0x044f,0x03ee,0x040e,0x040f,0x040f,0x044f,0x044f,0x044f,0x042f,0x044f,0x046f,0x0cd1,0x0cf1,0x0cd0,
0x04b0,0x0cd1,0x0cf1,0x1572,0x1572,0x0d11,0x04f1,0x1512,0x0d11,0x0d11,0x0d10,0x0d11,0x0d31,0x1d92,0x2e13,0x3612,
0x1d50,0x1511,0x04d0,0x0cd1,0x0d31,0x1d72,0x0d31,0x0cf0,0x04d0,0x04d0,0x04f0,0x1512,0x1552,0x1db2,0x1592,0x1db3,
0x1592,0x1d92,0x2dd2,0x2df3,0x1571,0x0d31,0x0d32,0x0d32,0x0511,0x04f1,0x04b1,0x04d1,0x04b1,0x04b1,0x04b0,0x0d11,
0x0d32,0x1593,0x1592,0x15b3,0x0d92,0x1593,0x0d72,0x15b3,0x15d3,0x3e74,0x5f15,0x46b5,0x2e55,0x3675,0x3eb5,0x46d5,
0x3674,0x1e14,0x0d93,0x0d73,0x0532,0x0552,0x0533,0x0533,0x0513,0x0513,0x04f2,0x0533,0x0533,0x0d54,0x0533,0x0533,
0x0512,0x0513,0x0513,0x0513,0x0513,0x0513,0x0513,0x0534,0x0513,0x0533,0x0533,0x0534,0x0513,0x0513,0x0513,0x04f3,
0x04d2,0x04d2,0x04d2,0x04d3,0x04d2,0x04f3,0x0513,0x0533,0x0533,0x0573,0x1dd4,0x2e34,0x15d3,0x0db5,0x0d94,0x0d94,
0x0db4,0x1df5,0x15b4,0x0d94,0x0d94,0x0db4,0x0db5,0x15b5,0x0574,0x0554,0x0533,0x0513,0x04f2,0x0513,0x04f3,0x04f3,
0x04f2,0x04f3,0x04d2,0x04f3,0x04d2,0x04d2,0x04b2,0x04b2,0x04b2,0x04b2,0x04b2,0x04f2,0x0512,0x0d53,0x0d74,0x0d74,
0x0552,0x0d53,0x0d53,0x0d74,0x0553,0x0d73,0x1593,0x1dd5,0x1df4,0x1e15,0x1df4,0x1df4,0x0db4,0x0d94,0x0574,0x0db4,
0x1df4,0x3675,0x3675,0x1dd4,0x0532,0x04f2,0x04d2,0x04d2,0x0491,0x0491,0x0471,0x0471,0x0451,0x0471,0x0451,0x0451,
0x0430,0x0430,0x0430,0x0431,0x0430,0x0451,0x0430,0x0451,0x0450,0x0470,0x0470,0x0491,0x0450,0x0410,0x03cf,0x03f0,
0x03cf,0x03f0,0x03d0,0x03f0,0x03cf,0x03f0,0x03f0,0x03f0,0x03cf,0x03cf,0x03af,0x03cf,0x03af,0x03cf,0x03ae,0x03af,
0x0b8e,0x0bce,0x0bef,0x03ee,0x0bee,0x03cd,0x0bad,0x03ad,0x03ed,0x142f,0x144f,0x0bee,0x0bee,0x03ed,0x148f,0x14d0,
0x1d11,0x14f0,0x0c6f,0x03cd,0x03ef,0x042f,0x042f,0x044f,0x0450,0x042f,0x0450,0x044f,0x0470,0x0cd0,0x1532,0x0cf1,
0x0cf1,0x0cf1,0x1532,0x1571,0x1d92,0x1db1,0x25d2,0x1db2,0x1d92,0x1551,0x1552,0x0d12,0x1552,0x1db1,0x25b2,0x0cd0,
0x048f,0x04d0,0x0cf1,0x0d11,0x1511,0x0cd0,0x0cb1,0x04b0,0x0cd1,0x04d0,0x0cf1,0x0cf1,0x1532,0x0d52,0x0d52,0x0d31,
0x0d12,0x0d11,0x1d52,0x1d71,0x1d92,0x1d72,0x1572,0x0d52,0x1552,0x0d11,0x0d12,0x04d1,0x0cd2,0x04b1,0x04d1,0x04d1,
0x1512,0x1572,0x15b3,0x15b3,0x1dd3,0x15d2,0x1dd3,0x1dd3,0x25f4,0x3e94,0x5f35,0x4ed5,0x46b5,0x3eb4,0x4f16,0x46d4,
0x3674,0x1df4,0x15b4,0x0d53,0x0d53,0x0553,0x0d53,0x0513,0x0533,0x0513,0x0513,0x0513,0x0533,0x0533,0x0d34,0x0513,
0x0533,0x0513,0x0534,0x0513,0x0534,0x0533,0x0554,0x0533,0x0554,0x0533,0x0554,0x0533,0x0554,0x0533,0x0534,0x0513,
0x04f3,0x04f3,0x04f3,0x04d2,0x04d3,0x04f3,0x0513,0x0513,0x0553,0x0db4,0x2635,0x2634,0x15d4,0x0db4,0x0db4,0x0db4,
0x15f5,0x15f5,0x0d94,0x0553,0x0d74,0x0554,0x0d95,0x0d95,0x0d94,0x0553,0x0574,0x0533,0x0533,0x0513,0x0513,0x0513,
0x0513,0x04f3,0x0513,0x04f3,0x04f3,0x04d2,0x04d3,0x04b2,0x04d2,0x04b2,0x04d2,0x04d2,0x04f3,0x0512,0x1574,0x1594,
0x1573,0x0d73,0x0d73,0x0553,0x0d74,0x0d94,0x1dd5,0x1dd5,0x1df5,0x1df5,0x2e35,0x3675,0x3e76,0x3655,0x3656,0x3655,
0x3e35,0x2df4,0x1db4,0x0d53,0x0d33,0x04f2,0x04b2,0x0471,0x0471,0x0450,0x0471,0x0451,0x0451,0x0450,0x0451,0x0451,
0x0451,0x0430,0x0431,0x0430,0x0451,0x0430,0x0431,0x0430,0x0471,0x0470,0x0470,0x0451,0x0431,0x03cf,0x03f0,0x03f0,
0x03f0,0x03cf,0x03d0,0x03cf,0x03f0,0x03cf,0x03f0,0x03cf,0x03d0,0x03cf,0x03d0,0x03af,0x03cf,0x03af,0x03af,0x03af,
0x0bae,0x0bce,0x03ce,0x03ce,0x03cd,0x0bce,0x03cd,0x0bee,0x03ed,0x0c0e,0x03ed,0x03cd,0x03cd,0x0c0e,0x0c2d,0x0c6f,
0x14af,0x1d31,0x148f,0x040e,0x03ce,0x044f,0x044f,0x044f,0x042f,0x044f,0x044f,0x0470,0x046f,0x1510,0x1530,0x0cd0,
0x04b0,0x0cd1,0x04af,0x0d10,0x1d92,0x25f3,0x15b1,0x1d91,0x0d10,0x0cd1,0x04b0,0x04b1,0x04b0,0x1551,0x0cf0,0x0470,
0x044f,0x0490,0x04d0,0x1511,0x048f,0x0450,0x046f,0x0cb1,0x0490,0x0cb1,0x04b0,0x0cd1,0x04d1,0x0d12,0x04f1,0x04d1,
0x04d0,0x0cf1,0x0cf0,0x1551,0x3e33,0x6f16,0x3654,0x1dd2,0x0d71,0x0d72,0x0d32,0x0d12,0x04d1,0x04d1,0x04d1,0x04f1,
0x0d11,0x0d52,0x0d51,0x1592,0x1dd3,0x2613,0x2613,0x2613,0x2e34,0x4ed5,0x56d4,0x56d5,0x3e94,0x3e94,0x3694,0x3695,
0x2e54,0x2e55,0x15d3,0x15b3,0x0d73,0x0d73,0x0552,0x0553,0x0533,0x0553,0x0513,0x0513,0x0512,0x0513,0x04f2,0x0513,
0x0512,0x0533,0x0513,0x0533,0x0513,0x0534,0x0533,0x0554,0x0533,0x0554,0x0533,0x0554,0x0533,0x0534,0x0513,0x0513,
0x04f3,0x0513,0x04f3,0x04f3,0x04d2,0x04f3,0x04d2,0x0513,0x0573,0x15f5,0x2635,0x2614,0x15d3,0x15f5,0x0db4,0x15d4,
0x15f4,0x0db4,0x0553,0x0553,0x0533,0x0554,0x0553,0x0d94,0x0d94,0x0d74,0x0553,0x0554,0x0533,0x0533,0x0513,0x0513,
0x04f3,0x04f3,0x04f2,0x04f3,0x04f2,0x04f3,0x04d2,0x04d3,0x04b2,0x04d2,0x04b1,0x04d2,0x04f2,0x0512,0x0532,0x1594,
0x0d73,0x0d73,0x0552,0x0553,0x0573,0x15b4,0x15f4,0x1df4,0x15f4,0x1df5,0x1e14,0x46b5,0x5ef6,0x6716,0x4ed5,0x3654,
0x15d5,0x15b6,0x0d74,0x0d54,0x0d13,0x0cf3,0x0491,0x0471,0x0430,0x0451,0x0450,0x0451,0x0430,0x0430,0x0430,0x0451,
0x0430,0x0431,0x0410,0x0410,0x0410,0x0410,0x0410,0x0430,0x0430,0x0470,0x0470,0x0451,0x03f0,0x03f0,0x03cf,0x03f0,
0x03cf,0x03d0,0x03af,0x03af,0x03af,0x03d0,0x03af,0x03af,0x038f,0x03af,0x03af,0x03af,0x038f,0x03af,0x038e,0x03af,
0x0bce,0x03ae,0x03ae,0x03ad,0x03ad,0x03cd,0x0bee,0x03cd,0x0bee,0x03cd,0x03cd,0x03ed,0x0c0e,0x03cd,0x144e,0x146e,
0x148f,0x1cd0,0x146f,0x03ed,0x0c2f,0x0470,0x0c90,0x044f,0x0470,0x0470,0x0470,0x0470,0x0cb0,0x0cd0,0x1d51,0x1551,
0x1511,0x0d11,0x1d72,0x25d2,0x2df3,0x1d92,0x1531,0x0d51,0x0cf1,0x0470,0x0450,0x048f,0x1d51,0x2593,0x0cd1,0x0430,
0x0450,0x0470,0x0cb1,0x0470,0x0450,0x042f,0x0450,0x0450,0x0c91,0x0470,0x0c91,0x0470,0x0491,0x04b1,0x04d1,0x04b1,
0x04b1,0x04d1,0x0d12,0x1552,0x3613,0x4e94,0x3654,0x25d2,0x25d3,0x1db3,0x1593,0x0d52,0x1532,0x0d12,0x0d12,0x0d12,
0x0d32,0x0d52,0x1592,0x1592,0x25f3,0x2614,0x3674,0x3694,0x4ed5,0x6716,0x6716,0x3e94,0x2e55,0x2634,0x2e55,0x2655,
0x2e55,0x15d4,0x15d4,0x0db3,0x15b4,0x0d94,0x0d94,0x0553,0x0d74,0x0553,0x0d54,0x0533,0x0533,0x0513,0x0533,0x0513,
0x0533,0x0513,0x0533,0x0513,0x0534,0x0533,0x0554,0x0533,0x0554,0x0534,0x0554,0x0533,0x0554,0x0533,0x0533,0x0513,
0x0513,0x0513,0x0513,0x04f3,0x04f3,0x04f3,0x0513,0x0533,0x15b5,0x15f5,0x2e56,0x2e55,0x1e15,0x0dd4,0x15f5,0x15f4,
0x15d4,0x0d94,0x0d74,0x0553,0x0d54,0x0574,0x0d95,0x0d94,0x0d95,0x0d94,0x0db5,0x0d95,0x0d75,0x0534,0x0534,0x0533,
0x0513,0x04f3,0x0513,0x04f3,0x0513,0x04f3,0x0cf3,0x04d2,0x04d3,0x04d2,0x04d2,0x04d2,0x04f3,0x0513,0x0d53,0x1593,
0x1dd4,0x1593,0x0d73,0x0d73,0x15d5,0x15f5,0x1e15,0x15f4,0x15f5,0x15b4,0x1df4,0x3e74,0x6716,0x56f6,0x3655,0x1df4,
0x15d5,0x1575,0x0d34,0x04d2,0x04b2,0x0491,0x0472,0x0451,0x0451,0x0431,0x0451,0x0430,0x0431,0x0410,0x0431,0x0410,
0x0431,0x0410,0x0431,0x0410,0x0431,0x0430,0x0431,0x0430,0x0451,0x0471,0x0491,0x0430,0x03f0,0x03cf,0x03f0,0x03cf,
0x03d0,0x03af,0x03af,0x038f,0x03b0,0x03af,0x03af,0x038f,0x03af,0x038f,0x03af,0x038f,0x03af,0x038f,0x03af,0x038f,
0x038d,0x038d,0x038d,0x03ae,0x03ad,0x0c0e,0x0c0e,0x142e,0x0c2e,0x03ed,0x03ad,0x03cd,0x03ac,0x03cd,0x0c2d,0x0c2e,
0x03ed,0x0c0d,0x03ed,0x03ed,0x040e,0x0c90,0x04b0,0x0490,0x046f,0x0490,0x0490,0x04b0,0x0490,0x048f,0x1510,0x2592,
0x2591,0x25b2,0x25d2,0x3633,0x3632,0x2df2,0x0d30,0x0cf1,0x04b0,0x0470,0x046f,0x2572,0x3613,0x1d51,0x0490,0x042f,
0x042f,0x044f,0x040f,0x042f,0x042f,0x040f,0x040f,0x0430,0x0430,0x0450,0x0450,0x0450,0x0450,0x0470,0x0490,0x04b1,
0x04b1,0x0cf2,0x1532,0x1d93,0x1db3,0x25b3,0x1db2,0x25d4,0x2e14,0x3634,0x25f3,0x1dd3,0x1572,0x1573,0x0d52,0x0d52,
0x0d11,0x1573,0x1dd3,0x25f3,0x2613,0x3674,0x3694,0x56f6,0x7777,0x7f77,0x4e95,0x2634,0x1e15,0x2635,0x1e15,0x2635,
0x1df4,0x0db3,0x0572,0x0d73,0x0d93,0x0d94,0x0d93,0x0d73,0x0553,0x0573,0x0574,0x0d74,0x0553,0x0554,0x0533,0x0554,
0x0533,0x0533,0x0513,0x0533,0x0513,0x0533,0x0513,0x0533,0x0513,0x0533,0x0533,0x0534,0x0513,0x0513,0x0513,0x0513,
0x0513,0x0513,0x0513,0x0513,0x04f3,0x04f3,0x0513,0x0d54,0x0d94,0x15f5,0x2e76,0x46d6,0x2635,0x15f4,0x15f4,0x15f4,
0x0d93,0x0db4,0x0594,0x0d74,0x0533,0x0554,0x0554,0x0554,0x0553,0x0d94,0x0d95,0x15d5,0x0db4,0x0d95,0x0574,0x0554,
0x0513,0x0513,0x04f2,0x0513,0x04f2,0x04f3,0x04f2,0x04f3,0x04d2,0x04d2,0x04d2,0x04d2,0x04f2,0x0533,0x0552,0x1dd4,
0x2614,0x1df4,0x15b3,0x15f4,0x15d4,0x0db4,0x0d93,0x0db4,0x0593,0x0db4,0x1df5,0x4695,0x6f36,0x4ed6,0x1df5,0x15b5,
0x0d74,0x0d53,0x04f3,0x04b2,0x0471,0x0471,0x0451,0x0451,0x0430,0x0431,0x0430,0x0431,0x0410,0x0430,0x0410,0x0431,
0x0410,0x0430,0x0410,0x0430,0x0430,0x0430,0x0430,0x0451,0x0470,0x0491,0x0450,0x0410,0x03ef,0x03f0,0x03cf,0x03d0,
0x03cf,0x03af,0x038f,0x03af,0x038e,0x03af,0x038e,0x038f,0x038e,0x038f,0x036e,0x038f,0x036e,0x038f,0x036e,0x038f,
0x038d,0x038c,0x0bce,0x03ce,0x0bce,0x0bee,0x144f,0x144f,0x144f,0x03cd,0x03ad,0x038c,0x03cd,0x0bed,0x0c2e,0x03ed,
0x0bed,0x0bee,0x0c0e,0x03cd,0x03cd,0x0c90,0x1d32,0x0cd0,0x0c90,0x04b0,0x04d0,0x04d0,0x0cb0,0x14f1,0x25b3,0x25f3,
0x2e13,0x25f2,0x4653,0x4eb3,0x4e73,0x2591,0x04d0,0x0490,0x04b1,0x0cf1,0x2dd3,0x3e34,0x1d31,0x0490,0x0470,0x040f,
0x042f,0x042f,0x0430,0x042f,0x042f,0x040f,0x0430,0x0430,0x0450,0x0450,0x0471,0x0451,0x0471,0x0470,0x0491,0x04b1,
0x0cf2,0x1532,0x1d73,0x1572,0x1d73,0x1d73,0x1d94,0x1db3,0x25f3,0x3633,0x4e75,0x4674,0x3e74,0x3653,0x3653,0x1df2,
0x1592,0x15b3,0x2614,0x2e75,0x3ed7,0x46d6,0x5ef6,0x8f77,0x8fb8,0x4eb4,0x3634,0x1e14,0x1e15,0x1e14,0x2615,0x1df4,
0x1e15,0x0db3,0x0d73,0x0553,0x0d73,0x0553,0x0d94,0x0d93,0x0d94,0x0593,0x0d94,0x0574,0x0d74,0x0574,0x0d74,0x0554,
0x0554,0x0533,0x0534,0x0513,0x0513,0x0513,0x0514,0x04f3,0x0513,0x0513,0x0534,0x0513,0x0513,0x0513,0x0514,0x0513,
0x0513,0x0513,0x0513,0x0513,0x0513,0x0513,0x0d13,0x0554,0x15b5,0x15f5,0x3eb7,0x4ed6,0x2e55,0x1615,0x1e15,0x0db4,
0x0d73,0x0553,0x0554,0x0533,0x0533,0x0513,0x0513,0x0513,0x0533,0x0533,0x0d54,0x0d94,0x15f6,0x15d5,0x15b5,0x0d74,
0x0d54,0x0533,0x0534,0x0513,0x0513,0x04f3,0x0513,0x0513,0x0513,0x04f2,0x04f3,0x0512,0x0533,0x0553,0x1593,0x25f4,
0x3676,0x2635,0x1df4,0x0dd4,0x0db4,0x0573,0x0d94,0x0d94,0x15d5,0x15f5,0x2e57,0x4ed6,0x6717,0x46b6,0x2616,0x1595,
0x0d74,0x0514,0x04f3,0x04b2,0x0492,0x0451,0x0451,0x0451,0x0451,0x0430,0x0451,0x0410,0x0431,0x0410,0x0431,0x0430,
0x0431,0x0430,0x0451,0x0430,0x0451,0x0450,0x0491,0x04b1,0x04d1,0x0491,0x0471,0x0430,0x0410,0x03f0,0x03f0,0x03cf,
0x03d0,0x03af,0x03af,0x03af,0x03af,0x038f,0x03af,0x038f,0x03af,0x038e,0x038f,0x038e,0x038f,0x038e,0x038f,0x038e,
0x03ad,0x0bee,0x03ee,0x0bee,0x03ad,0x0bcd,0x03ed,0x0c0e,0x142e,0x0bee,0x03ad,0x038c,0x03cd,0x0c0e,0x0c4e,0x040e,
0x03cd,0x0bee,0x040e,0x03cd,0x03ad,0x044f,0x0cf1,0x0cf0,0x14cf,0x1d31,0x0d10,0x0d11,0x0cf1,0x2592,0x25f2,0x2e13,
0x3e54,0x56d4,0x56b3,0x4653,0x2592,0x0d12,0x04d0,0x04b1,0x04b0,0x1d51,0x2571,0x14f0,0x0490,0x04b1,0x042f,0x040f,
0x040f,0x0430,0x040f,0x040f,0x040f,0x040f,0x040f,0x0430,0x0430,0x0451,0x0430,0x0451,0x0450,0x0471,0x0491,0x0cf2,
0x0cf2,0x0cf2,0x0cf1,0x0d11,0x0cf1,0x1532,0x1552,0x1593,0x1d92,0x25d3,0x3633,0x66f4,0x7714,0x6ef5,0x56b4,0x3e33,
0x2dd2,0x3e13,0x56d4,0x6f55,0x6f15,0x7737,0x8f78,0xaffa,0x7f58,0x46d6,0x2e55,0x2635,0x1df4,0x15f4,0x0dd4,0x15d4,
0x15d4,0x15b4,0x0552,0x0553,0x0512,0x0533,0x0553,0x0d74,0x0d94,0x0d94,0x0574,0x0574,0x0553,0x0554,0x0533,0x0554,
0x0533,0x0513,0x04f3,0x0513,0x04f3,0x04f3,0x04f2,0x04f3,0x04d2,0x04f3,0x04f3,0x0513,0x04f3,0x04f3,0x04f2,0x0513,
0x04f3,0x04f3,0x04f2,0x0513,0x04f3,0x0513,0x0513,0x0d74,0x0db4,0x1e15,0x46d6,0x56f6,0x2655,0x1e15,0x0db4,0x0d73,
0x0512,0x0513,0x0512,0x0513,0x04f2,0x04f3,0x04f2,0x0513,0x0513,0x0513,0x0513,0x0533,0x0533,0x0d54,0x0533,0x0554,
0x0d74,0x1595,0x0553,0x0554,0x0533,0x0513,0x0512,0x0513,0x0513,0x0513,0x0512,0x0533,0x0552,0x0d73,0x1593,0x2e35,
0x36b6,0x3676,0x15d3,0x0db3,0x0d93,0x0db4,0x0d94,0x15d4,0x15f5,0x2636,0x2e76,0x46b6,0x4695,0x3e77,0x1df5,0x0d94,
0x0533,0x04f4,0x04d2,0x04d2,0x0492,0x0472,0x0451,0x0451,0x0431,0x0451,0x0430,0x0430,0x0410,0x0431,0x0430,0x0431,
0x0430,0x0431,0x0430,0x0451,0x0450,0x0491,0x04b1,0x0cf2,0x04d1,0x0491,0x0450,0x0431,0x0410,0x0410,0x03ef,0x03cf,
0x03af,0x03af,0x038e,0x03af,0x038f,0x03af,0x038e,0x038f,0x038e,0x038f,0x036e,0x038e,0x036e,0x036e,0x036e,0x036e,
0x0bce,0x03ce,0x03ee,0x0c2f,0x0bce,0x03ad,0x03cd,0x0c0d,0x0c0e,0x03ad,0x03ad,0x03ad,0x0bee,0x0bed,0x0c2e,0x040e,
0x0bee,0x03cd,0x0bee,0x03cd,0x03ce,0x042f,0x04b0,0x1d51,0x35f3,0x2db2,0x1d92,0x1551,0x25d3,0x3612,0x4e74,0x5ed5,
0x7736,0x7715,0x3e13,0x1d72,0x1d72,0x1552,0x1512,0x0cf1,0x0cb1,0x0490,0x0490,0x0470,0x0491,0x0470,0x042f,0x03ef,
0x0410,0x03ef,0x040f,0x040f,0x0410,0x040f,0x0430,0x042f,0x0450,0x0430,0x0430,0x0430,0x0491,0x0491,0x0cb2,0x04b1,
0x04d2,0x04b1,0x04d1,0x04b0,0x0cd1,0x0cf2,0x1533,0x0d52,0x1573,0x1d92,0x25f4,0x4633,0x5673,0x3e34,0x2dd3,0x1d92,
0x2df3,0x4654,0x6f35,0x6f14,0x6eb4,0x8f35,0xbff9,0xbffa,0x8fb9,0x4ef6,0x2e55,0x25f3,0x1df4,0x0db3,0x0dd4,0x0dd4,
0x15d4,0x0d93,0x0d73,0x0533,0x0533,0x0533,0x0553,0x0553,0x0d94,0x0d74,0x0574,0x0554,0x0554,0x0533,0x0534,0x0533,
0x0534,0x04f3,0x0513,0x04f3,0x0513,0x04f3,0x04f3,0x04d2,0x04f3,0x04d2,0x04f3,0x04f2,0x04f3,0x04f3,0x04f3,0x04f2,
0x04f3,0x04f3,0x0513,0x0513,0x0514,0x0513,0x0534,0x0d94,0x1df5,0x2635,0x5f16,0x5f36,0x2e76,0x0db4,0x0d74,0x0532,
0x0513,0x0513,0x0513,0x04f2,0x04f3,0x04f3,0x04f3,0x04f2,0x0513,0x04f3,0x0513,0x04f3,0x0513,0x0513,0x0533,0x0513,
0x0d74,0x1595,0x1595,0x0d74,0x0d74,0x0533,0x0533,0x0513,0x0533,0x0513,0x0533,0x0532,0x0d73,0x15b4,0x2615,0x2614,
0x2e35,0x2615,0x2635,0x15f4,0x1df5,0x1df5,0x1e16,0x1e16,0x2677,0x2e76,0x46b5,0x46b5,0x2e76,0x2e17,0x2636,0x15b4,
0x0d54,0x0513,0x04f3,0x04b2,0x04b2,0x0471,0x0472,0x0471,0x0472,0x0451,0x0451,0x0430,0x0431,0x0431,0x0451,0x0430,
0x0451,0x0451,0x0451,0x0451,0x0471,0x04b2,0x0d12,0x0d12,0x0cd2,0x0470,0x0451,0x0430,0x0431,0x0410,0x0410,0x03cf,
0x03d0,0x03af,0x03af,0x038f,0x03af,0x038f,0x038f,0x038e,0x038f,0x036e,0x038f,0x036e,0x038f,0x036e,0x038f,0x036e,
0x03ad,0x03ce,0x03cd,0x0bee,0x038d,0x038c,0x03cd,0x144f,0x0c2e,0x0bee,0x038c,0x0bee,0x0bed,0x0bed,0x03ed,0x03ed,
0x038c,0x03ad,0x03ce,0x03ee,0x03ce,0x042f,0x046f,0x2572,0x1d92,0x1570,0x1d71,0x25f3,0x2e13,0x3e53,0x5ed4,0x6ef4,
0x66f3,0x4e93,0x2df3,0x25d3,0x1572,0x1551,0x1531,0x1552,0x04d0,0x0450,0x0430,0x0430,0x042f,0x042f,0x040f,0x0410,
0x03ef,0x03ef,0x03ef,0x0410,0x042f,0x0430,0x0430,0x0450,0x0450,0x0451,0x0430,0x0451,0x0471,0x0491,0x0491,0x0491,
0x0471,0x0491,0x0471,0x0491,0x0490,0x04d1,0x04f2,0x0d32,0x0d51,0x1572,0x1592,0x25d3,0x25f3,0x1df4,0x1593,0x1db3,
0x25f4,0x3655,0x3634,0x3634,0x2e32,0x5eb4,0x9f56,0xa776,0x7ef5,0x4675,0x1e34,0x1df4,0x15d3,0x15b4,0x0d94,0x15d4,
0x0db3,0x15f5,0x0d94,0x0554,0x0533,0x0533,0x0533,0x0d74,0x0573,0x0d74,0x0554,0x0554,0x0533,0x0533,0x0513,0x0513,
0x04f2,0x04f3,0x04f3,0x0513,0x04f2,0x04f3,0x04d2,0x04d3,0x04d2,0x04d2,0x04d2,0x04d3,0x04d2,0x04f3,0x04d2,0x04d3,
0x04d2,0x04f3,0x04f3,0x0513,0x0513,0x0534,0x0554,0x0db5,0x15f5,0x3695,0x5f36,0x5717,0x1e35,0x0db4,0x0553,0x0533,
0x0512,0x0513,0x04f2,0x0513,0x04f2,0x04f3,0x04d2,0x04f3,0x04d2,0x04f3,0x04f2,0x04f3,0x04d2,0x04f3,0x04f3,0x0533,
0x0533,0x0d74,0x15b5,0x15d5,0x0db4,0x15b4,0x0d94,0x0d94,0x0d73,0x0553,0x0533,0x0d73,0x0db4,0x2615,0x2635,0x2615,
0x15b3,0x1df4,0x2635,0x2655,0x2655,0x2e77,0x2e77,0x2e98,0x2e97,0x46b6,0x66f6,0x4ed6,0x1e15,0x1df6,0x2616,0x2616,
0x0d74,0x0d33,0x04f3,0x04b2,0x0491,0x0472,0x0471,0x0472,0x0451,0x0451,0x0430,0x0431,0x0430,0x0431,0x0430,0x0431,
0x0430,0x0451,0x0451,0x0471,0x0471,0x0cd2,0x0d12,0x0cf2,0x0490,0x0471,0x0450,0x0451,0x0430,0x0430,0x03f0,0x03f0,
0x03cf,0x03af,0x038e,0x03af,0x038e,0x038f,0x036e,0x038f,0x036e,0x036e,0x036e,0x036e,0x036e,0x036e,0x036e,0x036e,
0x03ce,0x03ad,0x03ae,0x03ad,0x0bce,0x0bee,0x142f,0x0c2e,0x0c0e,0x03cd,0x0bce,0x0bee,0x03cd,0x03ac,0x03ad,0x038c,
0x038d,0x03ad,0x03ee,0x03ee,0x042f,0x044f,0x0cb0,0x1d51,0x1d92,0x1d92,0x1d92,0x1d92,0x2572,0x25d2,0x4694,0x6f15,
0x7756,0x46b5,0x3655,0x25f2,0x25b1,0x1d91,0x2592,0x1d92,0x1511,0x044f,0x0430,0x042f,0x0450,0x0450,0x0450,0x0430,
0x0430,0x040f,0x0430,0x0430,0x0450,0x0430,0x0451,0x0450,0x0450,0x0450,0x0451,0x0451,0x0471,0x0471,0x0471,0x0471,
0x0471,0x0471,0x0492,0x0491,0x04b1,0x04b1,0x0d12,0x0d32,0x1573,0x1572,0x1db3,0x25f3,0x25f4,0x1db3,0x1dd4,0x1db3,
0x1dd4,0x1db3,0x1d93,0x1dd2,0x3654,0x4e94,0x5ed5,0x6ed4,0x76f4,0x56b3,0x3e74,0x1e33,0x1e14,0x0db4,0x15d5,0x15d4,
0x1df4,0x2655,0x2615,0x0d73,0x0553,0x0553,0x0d54,0x0553,0x0d74,0x0574,0x0d95,0x0554,0x0554,0x0533,0x0534,0x0513,
0x0513,0x04f3,0x0513,0x0513,0x0513,0x04f2,0x04f3,0x04d2,0x04f3,0x04d2,0x04f3,0x04f3,0x0513,0x04f3,0x04f3,0x04d2,
0x04f3,0x04f3,0x0513,0x0513,0x0534,0x0554,0x15b5,0x15d5,0x1e16,0x36b6,0x4ef7,0x2e55,0x1e16,0x0dd5,0x0d95,0x0553,
0x0533,0x0512,0x0513,0x0513,0x04f3,0x04f3,0x0513,0x04f3,0x04f3,0x04f3,0x0513,0x04f3,0x04f3,0x04d2,0x04f3,0x0513,
0x0533,0x0513,0x0d54,0x0d53,0x0d94,0x0d94,0x1dd5,0x1e16,0x1df5,0x15d4,0x1df5,0x15f5,0x15f5,0x15d4,0x1df5,0x1e15,
0x2615,0x2634,0x3675,0x3eb6,0x56f7,0x46d6,0x3ed8,0x3eb9,0x5718,0x7756,0x7738,0x3e96,0x15f5,0x0d94,0x1dd5,0x1df5,
0x1dd5,0x0d74,0x0d34,0x04d2,0x04b2,0x0492,0x0492,0x0471,0x0472,0x0451,0x0451,0x0431,0x0451,0x0430,0x0451,0x0431,
0x0451,0x0450,0x0451,0x0451,0x0471,0x04b1,0x0d13,0x04d1,0x0491,0x0470,0x0471,0x0451,0x0451,0x0430,0x0410,0x03d0,
0x03f0,0x03af,0x03af,0x03af,0x03af,0x038e,0x038f,0x036e,0x038f,0x036e,0x038f,0x036e,0x038f,0x036e,0x038f,0x036e,
0x038d,0x03ad,0x03ad,0x0c0f,0x0c0e,0x0c0e,0x040d,0x0c0e,0x03ed,0x0bee,0x03ad,0x038c,0x038c,0x03ac,0x036c,0x036d,
0x038d,0x03ce,0x03cd,0x040e,0x044f,0x0470,0x1530,0x25d2,0x1db2,0x1d72,0x0d11,0x1531,0x1551,0x2e34,0x4eb5,0x8f97,
0x7f56,0x5f17,0x4695,0x3613,0x1d71,0x1d51,0x0cf0,0x0cb0,0x048f,0x0490,0x0470,0x0470,0x0470,0x0471,0x0450,0x0470,
0x0450,0x0471,0x0450,0x0471,0x0470,0x0451,0x0430,0x0430,0x0430,0x0451,0x0430,0x0450,0x0430,0x0451,0x0450,0x0471,
0x0471,0x0471,0x0471,0x0491,0x0491,0x04b1,0x04f1,0x0d12,0x0d32,0x1573,0x1592,0x1dd3,0x1d93,0x1572,0x0d52,0x0d52,
0x0d31,0x0d52,0x0d31,0x15b2,0x2e34,0x3e74,0x2e34,0x4694,0x6f14,0x7734,0x56b4,0x3e94,0x2e13,0x25f4,0x15f4,0x1df4,
0x1e14,0x2655,0x1e34,0x15b3,0x0573,0x0d73,0x0553,0x0553,0x0533,0x0d74,0x0574,0x0574,0x0553,0x0534,0x0533,0x0513,
0x04f3,0x0513,0x0513,0x0533,0x04f3,0x04f3,0x04f2,0x0513,0x04f2,0x04f3,0x04f2,0x04f3,0x04f3,0x04f3,0x04d2,0x04f3,
0x04f3,0x0513,0x0513,0x0554,0x0574,0x0d95,0x0db4,0x0dd4,0x15f5,0x2e96,0x2634,0x15f5,0x0dd5,0x0d94,0x0574,0x0d74,
0x0553,0x0533,0x0512,0x0513,0x04f2,0x0513,0x04f2,0x0513,0x04f3,0x0513,0x04f2,0x04f3,0x04f3,0x04f3,0x04f2,0x04f3,
0x04f3,0x0513,0x04f3,0x0513,0x0513,0x0d54,0x0553,0x15b5,0x15d4,0x1df4,0x1e15,0x1e15,0x0d94,0x0d73,0x0552,0x0d93,
0x15f4,0x2635,0x2654,0x3eb6,0x6717,0x7758,0x6758,0x7779,0x8f9a,0x8fb9,0x5717,0x3697,0x1635,0x1dd5,0x15b4,0x15d5,
0x15b5,0x1595,0x0533,0x04f3,0x04d2,0x04b2,0x0491,0x0492,0x0451,0x0451,0x0430,0x0451,0x0430,0x0451,0x0430,0x0431,
0x0430,0x0431,0x0430,0x0451,0x0451,0x0491,0x04b1,0x04b1,0x0490,0x0471,0x0450,0x0471,0x0451,0x0451,0x0410,0x03f0,
0x03cf,0x03d0,0x03af,0x03af,0x03af,0x03af,0x038e,0x038e,0x036e,0x038f,0x036e,0x038e,0x036e,0x038f,0x038e,0x038f,
0x0bce,0x03ad,0x03ce,0x03ce,0x0bee,0x03ed,0x0c2e,0x0c0e,0x0c0e,0x0bee,0x0c0e,0x03cd,0x03cd,0x038c,0x036c,0x036d,
0x0bce,0x03ee,0x03ee,0x042e,0x0470,0x0cd1,0x2591,0x1550,0x0d11,0x04d0,0x0cf0,0x0d11,0x2593,0x3e35,0x4e95,0x5ef3,
0x4e93,0x2df2,0x2dd2,0x1d51,0x14f0,0x048f,0x044f,0x046f,0x0470,0x0490,0x04d1,0x0490,0x0491,0x0490,0x0491,0x0491,
0x0491,0x0491,0x04b2,0x0491,0x0492,0x0451,0x0451,0x0430,0x0451,0x0450,0x0451,0x0450,0x0451,0x0451,0x0451,0x0450,
0x0471,0x0471,0x0471,0x0471,0x0492,0x0491,0x04d2,0x04d1,0x0d12,0x0d11,0x1572,0x1593,0x1573,0x0531,0x0d11,0x0511,
0x0d32,0x0d32,0x1572,0x1592,0x25f3,0x25f3,0x2df4,0x3e53,0x6f14,0x6714,0x4e93,0x4e93,0x56b4,0x4674,0x3675,0x1e14,
0x1e14,0x1e14,0x2656,0x1e15,0x15b4,0x0d94,0x0d94,0x0573,0x0574,0x0554,0x0d75,0x0574,0x0d74,0x0533,0x0554,0x0533,
0x0514,0x0513,0x0533,0x0513,0x0513,0x04f3,0x0513,0x0513,0x0513,0x04f3,0x0513,0x04f2,0x04f3,0x04f3,0x0513,0x0513,
0x0514,0x0513,0x0534,0x0574,0x0db5,0x05b4,0x0db4,0x0db4,0x2656,0x2655,0x15d4,0x05b5,0x0db5,0x0553,0x0554,0x0553,
0x0d74,0x0554,0x0534,0x0513,0x0533,0x0513,0x0513,0x0513,0x0514,0x0513,0x0533,0x0513,0x0d14,0x0513,0x0513,0x0513,
0x0534,0x0513,0x0513,0x04f3,0x0514,0x0513,0x0534,0x0553,0x0d94,0x0d93,0x15d4,0x0db4,0x0d74,0x0553,0x0574,0x0d94,
0x1e16,0x1e15,0x2636,0x2e75,0x46f6,0x7758,0xa7ba,0xafdb,0xbfdb,0x8f79,0x4ef9,0x3eb8,0x2e77,0x2636,0x1e36,0x15d5,
0x15b5,0x1595,0x0d54,0x0513,0x04f3,0x04d2,0x04b2,0x0491,0x0472,0x0451,0x0471,0x0451,0x0451,0x0451,0x0451,0x0450,
0x0451,0x0450,0x0451,0x0451,0x0471,0x0491,0x04b1,0x0491,0x0491,0x0471,0x0471,0x0471,0x0471,0x0451,0x0451,0x0410,
0x0410,0x03cf,0x03cf,0x03af,0x03af,0x038f,0x03af,0x038e,0x038f,0x038e,0x03af,0x038e,0x03af,0x03ae,0x03cf,0x03af,
0x03ae,0x03ae,0x038d,0x03ae,0x03ad,0x03cd,0x040d,0x0c2e,0x0c0e,0x144f,0x146f,0x0c0d,0x03cc,0x036c,0x036c,0x03ad,
0x03cd,0x03ee,0x03ed,0x046f,0x048f,0x14d1,0x0cf0,0x04b0,0x0490,0x04b0,0x04b0,0x0d11,0x1572,0x25d4,0x25d2,0x3632,
0x1d91,0x1531,0x1531,0x1531,0x0cf0,0x0cb0,0x044f,0x0470,0x040f,0x042f,0x0470,0x0491,0x0490,0x04b1,0x04b1,0x04b2,
0x0491,0x04b2,0x04b1,0x04b2,0x0491,0x0471,0x0451,0x0451,0x0430,0x0451,0x0451,0x0471,0x0451,0x0451,0x0430,0x0431,
0x0450,0x0471,0x0450,0x0471,0x0450,0x0491,0x0491,0x04b1,0x04b0,0x04f1,0x0d31,0x1552,0x0d32,0x04f1,0x04d0,0x04f1,
0x04f1,0x0d52,0x1572,0x1592,0x1571,0x1db2,0x2df3,0x4673,0x4e73,0x3654,0x1dd3,0x25f3,0x2df2,0x2e33,0x2e34,0x2e34,
0x2633,0x2e55,0x2e55,0x2e55,0x25f4,0x15d4,0x0db4,0x0d94,0x0574,0x0574,0x0574,0x0d95,0x0d94,0x0d74,0x0533,0x0554,
0x0533,0x0534,0x0513,0x0513,0x0513,0x0533,0x0513,0x0533,0x0512,0x0513,0x04f2,0x04f3,0x04f2,0x0513,0x0512,0x0513,
0x04f2,0x0513,0x0554,0x0d75,0x0574,0x05b4,0x0593,0x1615,0x1e55,0x15f4,0x0573,0x0595,0x0574,0x0533,0x0513,0x0513,
0x0513,0x0534,0x0533,0x0534,0x0513,0x0533,0x0513,0x0534,0x0513,0x0513,0x0513,0x0513,0x0513,0x0513,0x0513,0x0513,
0x04f2,0x0513,0x04f2,0x04f3,0x04f2,0x0513,0x0513,0x0554,0x0553,0x0573,0x0d93,0x15b4,0x0573,0x0574,0x0d94,0x15f6,
0x1e16,0x2636,0x2656,0x36b6,0x3ef7,0x7779,0xafba,0xc7db,0xbfda,0x9fda,0x6759,0x4ef8,0x3676,0x2e57,0x2636,0x2615,
0x15d5,0x0db5,0x0d94,0x0d74,0x0513,0x04f3,0x04d2,0x04d2,0x0491,0x0492,0x0471,0x0471,0x0450,0x0451,0x0450,0x0451,
0x0430,0x0451,0x0451,0x0471,0x0470,0x0491,0x0491,0x0491,0x0470,0x0471,0x0471,0x0492,0x0491,0x0471,0x0451,0x0451,
0x0410,0x03f0,0x03cf,0x03cf,0x03ae,0x03af,0x038e,0x038e,0x036d,0x038e,0x038e,0x03af,0x03ae,0x03ce,0x03ce,0x0c50,
0x036d,0x036d,0x0b8e,0x038d,0x03ce,0x03ed,0x0c0e,0x0c2e,0x148f,0x148f,0x24d0,0x0c2d,0x03cd,0x03ad,0x03ce,0x03ce,
0x03ce,0x038d,0x042f,0x04d0,0x0cf1,0x0cd1,0x0c90,0x0490,0x0470,0x0490,0x0cd1,0x0cf1,0x1553,0x1572,0x2592,0x25b2,
0x1551,0x1531,0x1d52,0x1531,0x1d52,0x0cb0,0x0470,0x0450,0x040f,0x040f,0x0471,0x0491,0x04b1,0x0491,0x0491,0x0491,
0x0491,0x04b1,0x04b2,0x0491,0x0492,0x0471,0x0471,0x0451,0x0451,0x0451,0x0471,0x0471,0x0471,0x0451,0x0431,0x0430,
0x0451,0x0450,0x0451,0x0450,0x0471,0x0471,0x0492,0x04b1,0x04d1,0x04d1,0x0d11,0x04f1,0x0cf1,0x04b0,0x04d1,0x04b1,
0x0cf2,0x0d12,0x1552,0x1551,0x1d92,0x1d92,0x2e33,0x3e53,0x3e34,0x25f4,0x1df4,0x1593,0x15b3,0x15b3,0x15b3,0x15b3,
0x2614,0x2e34,0x3675,0x3e74,0x4eb6,0x3e96,0x2614,0x0db4,0x0db4,0x0574,0x0d74,0x0d94,0x15d5,0x0db4,0x15b4,0x0d74,
0x0574,0x0533,0x0554,0x0533,0x0554,0x0533,0x0534,0x0533,0x0d54,0x0533,0x0534,0x0513,0x0513,0x0513,0x0513,0x0533,
0x0d54,0x0d74,0x15b5,0x0db5,0x0db5,0x0dd5,0x1615,0x1e35,0x1e35,0x0db4,0x0db4,0x0574,0x0554,0x0513,0x0513,0x04f2,
0x0513,0x0513,0x0d34,0x0533,0x0554,0x0533,0x0534,0x0533,0x0534,0x0513,0x0513,0x0513,0x0513,0x04f3,0x0513,0x04f3,
0x04f3,0x04d2,0x04f3,0x04f3,0x04f3,0x04f2,0x0513,0x0533,0x0553,0x0553,0x0d94,0x0db4,0x15b4,0x0d93,0x15d5,0x1df5,
0x2636,0x2636,0x3697,0x3ed7,0x5739,0x879a,0xbffc,0xbfbb,0xaf99,0x8f78,0x6f58,0x4ef7,0x46d7,0x3696,0x3676,0x2e56,
0x2e76,0x2656,0x2656,0x1e15,0x15b4,0x0d53,0x0d13,0x04f2,0x04f3,0x04b2,0x04b2,0x0491,0x0471,0x0451,0x0451,0x0451,
0x0471,0x0451,0x0471,0x0451,0x0471,0x0491,0x04b1,0x0491,0x0491,0x0471,0x0491,0x0491,0x04b2,0x0471,0x0471,0x0451,
0x0431,0x0410,0x0410,0x03ef,0x03f0,0x03af,0x03d0,0x03af,0x03af,0x038e,0x03af,0x03af,0x03cf,0x03ef,0x0c50,0x14f1,
0x030c,0x032c,0x032c,0x038d,0x03ad,0x0bee,0x0c2e,0x148f,0x14af,0x24f1,0x0c4e,0x0c2d,0x0c2e,0x0c0e,0x038c,0x03ad,
0x03cd,0x0c6f,0x1511,0x0d11,0x04b0,0x0490,0x046f,0x0470,0x044f,0x0490,0x04b0,0x0d11,0x1551,0x25b1,0x35f2,0x2571,
0x1551,0x1d92,0x1531,0x0cf0,0x04af,0x0490,0x0470,0x0470,0x040f,0x0450,0x0490,0x04b1,0x04b1,0x04b1,0x0491,0x0491,
0x0491,0x04b2,0x0491,0x04b2,0x0491,0x0492,0x0471,0x0471,0x0451,0x0471,0x0451,0x0471,0x0451,0x0451,0x0430,0x0430,
0x0410,0x0430,0x0430,0x0450,0x0450,0x0471,0x0470,0x0491,0x04b1,0x04d1,0x04d0,0x04f1,0x0490,0x0490,0x0490,0x04b1,
0x04b1,0x0cf2,0x0d11,0x1552,0x1572,0x1db3,0x2612,0x3613,0x25b2,0x1dd3,0x1dd2,0x1592,0x0d52,0x1573,0x0d52,0x0d73,
0x0d93,0x15d4,0x15f4,0x2634,0x46b4,0x5f16,0x3e94,0x2614,0x15d4,0x0dd4,0x0db4,0x1df5,0x1e35,0x2656,0x1e35,0x15f5,
0x0db4,0x0d94,0x0553,0x0574,0x0574,0x0554,0x0554,0x0d95,0x0d74,0x0d54,0x0533,0x0534,0x0513,0x0534,0x0534,0x0d74,
0x0574,0x0d74,0x0574,0x0db5,0x0df5,0x1e36,0x2676,0x3eb6,0x2e34,0x0dd4,0x0593,0x0554,0x0533,0x0533,0x04f3,0x04f3,
0x04d2,0x04f3,0x04f2,0x0533,0x0513,0x0533,0x0513,0x0513,0x0513,0x0513,0x04f3,0x0513,0x04f2,0x04f3,0x04d2,0x04f3,
0x04d2,0x04f3,0x04d2,0x04f3,0x04f2,0x0513,0x0513,0x0533,0x0533,0x0553,0x0573,0x0db4,0x15d4,0x15f4,0x15f4,0x2635,
0x2636,0x2e77,0x3696,0x46f7,0x6758,0x9799,0x8f79,0x7f59,0x6717,0x5f18,0x46d7,0x3675,0x2635,0x2e56,0x2615,0x2e35,
0x3e96,0x46b6,0x3675,0x2e55,0x25f4,0x1dd4,0x0d73,0x0533,0x04f3,0x04f3,0x04d2,0x04b2,0x0491,0x0471,0x0450,0x0451,
0x0451,0x0451,0x0430,0x0430,0x0470,0x04b1,0x0491,0x0491,0x0471,0x0471,0x0470,0x0491,0x0491,0x0c92,0x0471,0x0451,
0x0430,0x0431,0x040f,0x0410,0x03ef,0x03f0,0x03cf,0x03cf,0x03af,0x03cf,0x03ae,0x03ce,0x03cf,0x0430,0x042f,0x0c4f,
0x032d,0x032c,0x032c,0x034c,0x034c,0x03ad,0x142f,0x03ee,0x0c0f,0x0bee,0x03ad,0x0bed,0x24f0,0x1caf,0x0c0d,0x040e,
0x1cf1,0x2dd2,0x2d92,0x048f,0x044f,0x042f,0x0470,0x044f,0x0470,0x0490,0x0cf1,0x0d31,0x1d72,0x4e53,0x4e93,0x1551,
0x1532,0x1532,0x0cd1,0x046f,0x0470,0x0470,0x0470,0x0410,0x0430,0x0491,0x0cf2,0x0cf2,0x0cd2,0x0491,0x04b1,0x0491,
0x04b2,0x04b1,0x04b2,0x0491,0x04b2,0x04b2,0x04b2,0x0491,0x04b2,0x0491,0x0471,0x0450,0x0431,0x0430,0x0451,0x0430,
0x0430,0x0430,0x0430,0x0430,0x0451,0x0450,0x0471,0x0471,0x04b1,0x04d1,0x0d12,0x04d1,0x04b1,0x0491,0x04b1,0x04b1,
0x04d1,0x04d1,0x0d12,0x0d31,0x1d92,0x25f2,0x2e53,0x25f2,0x1db3,0x1dd3,0x1dd3,0x1592,0x1d93,0x0d52,0x0d73,0x0572,
0x15b4,0x0db4,0x0db4,0x0dd4,0x2614,0x3e54,0x4675,0x3e95,0x4ed6,0x3696,0x2e97,0x36b7,0x36b7,0x2696,0x2677,0x1e56,
0x2657,0x1e15,0x15d5,0x0db4,0x15d5,0x0d95,0x15b5,0x0db5,0x0d95,0x0574,0x0554,0x0553,0x0d74,0x0574,0x0d74,0x0554,
0x0554,0x0554,0x0d95,0x15f5,0x1637,0x1e36,0x3eb6,0x5ef6,0x3655,0x05b4,0x0594,0x0533,0x0534,0x0533,0x0534,0x04d2,
0x04d3,0x04b2,0x04d3,0x04d2,0x04f3,0x04f3,0x0513,0x0513,0x0513,0x0513,0x0513,0x04f3,0x04f3,0x04f3,0x04f3,0x04d2,
0x04f3,0x04f3,0x04f3,0x04f3,0x0513,0x0513,0x0513,0x0533,0x0554,0x0573,0x0d94,0x0db4,0x1e15,0x2656,0x2e57,0x2e56,
0x3677,0x2e97,0x3ed7,0x56f7,0x7f57,0x7736,0x56d6,0x3eb6,0x46d8,0x46d8,0x3ed8,0x2636,0x1df6,0x15b5,0x1594,0x1593,
0x25d5,0x2df4,0x3615,0x2e14,0x3635,0x3e76,0x4eb7,0x3656,0x1dd5,0x0533,0x0513,0x04d2,0x04d2,0x0492,0x0492,0x0491,
0x0472,0x0451,0x0451,0x0491,0x1d53,0x1d93,0x1533,0x0491,0x0491,0x0471,0x0491,0x0471,0x0492,0x0cb2,0x0cd2,0x0491,
0x0471,0x0450,0x0450,0x0430,0x0430,0x0410,0x0410,0x03ef,0x0c10,0x03ef,0x040f,0x042f,0x0c70,0x0450,0x040f,0x03ae,
0x032c,0x032c,0x032c,0x032c,0x030c,0x0b6d,0x034c,0x034c,0x032b,0x032c,0x034c,0x142f,0x146f,0x0c2e,0x0c6f,0x2d71,
0x35f1,0x2dd2,0x0d10,0x04b0,0x0490,0x0470,0x042f,0x0450,0x044f,0x0490,0x0cd0,0x1551,0x2dd2,0x5694,0x2591,0x0490,
0x044f,0x044f,0x0450,0x0470,0x042f,0x040f,0x03ee,0x0410,0x0450,0x04b1,0x04b1,0x04b2,0x04b1,0x04b1,0x0491,0x04b1,
0x0491,0x04b2,0x0491,0x0492,0x0491,0x04b2,0x0491,0x04b2,0x0491,0x0492,0x0451,0x0431,0x0410,0x0430,0x0430,0x0430,
0x040f,0x0430,0x040f,0x0430,0x0430,0x0450,0x0450,0x0451,0x04b1,0x04f2,0x04f1,0x04d1,0x0490,0x0491,0x0490,0x04d1,
0x04b0,0x04b1,0x04b1,0x0d12,0x1571,0x2df3,0x25f2,0x1db2,0x15b2,0x1db3,0x1592,0x1db3,0x15b3,0x15b3,0x0d72,0x0d73,
0x0572,0x0d73,0x0573,0x0d94,0x0d94,0x15d4,0x1df4,0x3e76,0x5f36,0x7777,0x5f17,0x46f7,0x2e76,0x2636,0x15f4,0x1e15,
0x1e15,0x2656,0x2656,0x2636,0x15f5,0x15f5,0x0db5,0x0d95,0x0574,0x0574,0x0554,0x0554,0x0574,0x0594,0x0554,0x0554,
0x0573,0x0db5,0x0dd5,0x1e36,0x2656,0x3655,0x4eb6,0x56f7,0x1e15,0x0db4,0x0d94,0x0d75,0x0554,0x0d74,0x0533,0x0513,
0x04d2,0x04d3,0x04b2,0x04b2,0x04b2,0x04d2,0x04d2,0x04f3,0x04f2,0x04f3,0x04f3,0x04f3,0x04f2,0x04f3,0x04d2,0x04f3,
0x04f2,0x04f3,0x04f2,0x04f3,0x04f3,0x0513,0x0513,0x0533,0x0553,0x0d94,0x0db4,0x15d5,0x2655,0x3ed7,0x3eb7,0x2eb7,
0x2696,0x3696,0x4eb5,0x5ed6,0x56b5,0x4655,0x2e15,0x2615,0x25f5,0x3656,0x3676,0x2e56,0x15d4,0x0d73,0x0553,0x0d53,
0x0d53,0x0d53,0x0d53,0x0d74,0x0d93,0x2e35,0x4ed5,0x5f17,0x5ef6,0x4eb6,0x2e35,0x25b4,0x0d53,0x1554,0x0d33,0x04f2,
0x04b1,0x0cf2,0x1532,0x25b3,0x25d3,0x25d3,0x1d73,0x0cf2,0x04b1,0x0491,0x0471,0x0491,0x0470,0x0491,0x04b2,0x0cd2,
0x0491,0x0450,0x0450,0x0471,0x0450,0x0450,0x0430,0x0450,0x042f,0x0470,0x0470,0x0c91,0x046f,0x042f,0x03ef,0x03cf,
0x032c,0x032c,0x0b4d,0x032c,0x034d,0x032c,0x034c,0x032c,0x030c,0x030c,0x036d,0x0bef,0x03ce,0x03ae,0x14d2,0x2db3,
0x1d52,0x14f1,0x1511,0x04b0,0x0491,0x0cb1,0x0cb1,0x0c91,0x1d12,0x1d51,0x2d71,0x3591,0x3df2,0x45f2,0x0cd0,0x0490,
0x0490,0x0470,0x0471,0x042f,0x040f,0x03ef,0x0410,0x0430,0x0491,0x0491,0x04b2,0x04b1,0x04b2,0x04b1,0x04d2,0x04b1,
0x04b1,0x0491,0x04b2,0x0491,0x04b2,0x0491,0x04b2,0x0492,0x04b2,0x0491,0x0472,0x0451,0x0431,0x0410,0x0431,0x0410,
0x0430,0x0410,0x0430,0x0410,0x0430,0x0430,0x0451,0x0451,0x0cd2,0x04f1,0x04d1,0x04b1,0x0491,0x0470,0x0491,0x04b1,
0x04d1,0x04b1,0x0cd2,0x0d12,0x1db3,0x25f3,0x25b3,0x1552,0x1d93,0x1593,0x1573,0x1573,0x15b3,0x1593,0x15b4,0x0d73,
0x0d73,0x0532,0x0d53,0x0553,0x0573,0x0593,0x15d4,0x1e15,0x3675,0x5ef5,0x6f57,0x4ef6,0x3696,0x2656,0x2636,0x1e15,
0x2636,0x2656,0x36b8,0x3697,0x2e56,0x1615,0x15f5,0x0db4,0x0d94,0x0d94,0x15b5,0x0db5,0x0db5,0x0594,0x0db5,0x0db4,
0x1e15,0x1e15,0x2e76,0x46d7,0x5f18,0x56f6,0x56d6,0x4ed6,0x2e76,0x15d4,0x1df6,0x15d5,0x15d6,0x0d95,0x0d75,0x0533,
0x0513,0x04f3,0x04f3,0x04d2,0x04d3,0x04d2,0x04f3,0x04f3,0x0513,0x04f3,0x04f3,0x04d2,0x04f3,0x04f3,0x04f3,0x04f3,
0x04f3,0x04f3,0x04f3,0x04f3,0x0514,0x0533,0x0d54,0x0554,0x0d94,0x0d94,0x15d5,0x1e15,0x36b6,0x4f17,0x5718,0x3ed7,
0x3ed7,0x46b5,0x4694,0x3634,0x25f4,0x1dd4,0x1db5,0x1594,0x25b5,0x25f5,0x25f5,0x1dd5,0x1db4,0x0d53,0x0d53,0x0532,
0x0d53,0x0532,0x0d54,0x0553,0x0d73,0x15b4,0x2e15,0x3635,0x3e75,0x3654,0x2e15,0x1db3,0x1553,0x0d53,0x1574,0x0d33,
0x0d33,0x1552,0x1d73,0x1d92,0x25b3,0x1d72,0x1d73,0x1d73,0x1d73,0x0d12,0x0cf2,0x0cf2,0x0cd2,0x04b1,0x0cd2,0x0cf2,
0x1512,0x04b1,0x0491,0x0470,0x0491,0x0470,0x0c91,0x14d1,0x1d12,0x14f1,0x0c90,0x044f,0x0430,0x040f,0x0430,0x040f,
0x02eb,0x030c,0x030c,0x034d,0x034c,0x032d,0x030b,0x032c,0x030c,0x034d,0x038d,0x03ae,0x03ce,0x0c51,0x0cf1,0x0cd1,
0x044f,0x044f,0x042e,0x040f,0x040f,0x0450,0x044f,0x0470,0x1512,0x1531,0x14ef,0x2530,0x3db1,0x45f3,0x0cf0,0x04d0,
0x04b0,0x04b1,0x046f,0x042f,0x042f,0x0450,0x042f,0x0471,0x0471,0x0491,0x0491,0x04b1,0x0491,0x0491,0x0491,0x04b1,
0x04b1,0x04b2,0x0491,0x0491,0x0491,0x04b2,0x0491,0x04b2,0x0491,0x0492,0x0451,0x0451,0x0430,0x0431,0x0410,0x0410,
0x040f,0x0410,0x03ef,0x0410,0x0410,0x0430,0x0430,0x0471,0x0491,0x04b1,0x04b1,0x04b1,0x0450,0x0470,0x0470,0x0491,
0x04b0,0x04d1,0x04d1,0x0d32,0x1d92,0x25b3,0x1552,0x1552,0x0d52,0x1553,0x0532,0x0d52,0x0d72,0x0d73,0x0552,0x0d32,
0x0512,0x0d33,0x0512,0x0533,0x0533,0x0d54,0x0d53,0x0d94,0x15b4,0x2e15,0x3e74,0x4695,0x3654,0x3695,0x2e76,0x2e97,
0x2e97,0x36b7,0x46f8,0x4f19,0x3eb8,0x2677,0x1e35,0x2635,0x1e35,0x2656,0x2656,0x2676,0x2635,0x2656,0x2676,0x3ed8,
0x3ed7,0x3696,0x3eb6,0x56f8,0x56b6,0x4675,0x3e75,0x56f6,0x46d5,0x2e36,0x1e15,0x1df6,0x0db5,0x0d74,0x0554,0x0534,
0x0513,0x04f3,0x04d2,0x04f3,0x04d2,0x04f3,0x04d2,0x04f3,0x04d2,0x04d3,0x04d2,0x04d2,0x04d2,0x04f3,0x04d2,0x04f3,
0x04f2,0x04f3,0x04d2,0x0513,0x0513,0x0534,0x0533,0x0d74,0x0d94,0x15b5,0x15f5,0x2e76,0x3ed6,0x5738,0x5f38,0x5f17,
0x66f6,0x66d5,0x3634,0x1db4,0x1594,0x1594,0x0d52,0x1573,0x1574,0x1574,0x0d52,0x0d33,0x0d53,0x1574,0x0533,0x0d53,
0x0d33,0x0d53,0x0d53,0x1573,0x1573,0x1d94,0x1574,0x1594,0x1573,0x0d32,0x04d1,0x04d1,0x04d1,0x04b1,0x04b1,0x04d2,
0x04b1,0x04b1,0x0490,0x04b1,0x04b1,0x0cf2,0x0cf1,0x1533,0x1d93,0x25d3,0x1d92,0x1553,0x1533,0x1533,0x04f2,0x1512,
0x1512,0x1d13,0x0cf2,0x0cf2,0x04b1,0x04b1,0x0490,0x1511,0x2572,0x1d12,0x044f,0x042f,0x040f,0x0450,0x044f,0x0450,
0x030d,0x02ec,0x030c,0x030c,0x032d,0x032c,0x034d,0x036d,0x0b8e,0x03ae,0x03ce,0x03ef,0x0c30,0x0450,0x044f,0x03cd,
0x03ce,0x03ce,0x03ef,0x03ef,0x040f,0x040e,0x042f,0x044f,0x0470,0x044f,0x042e,0x1490,0x2d32,0x2551,0x1d31,0x04b1,
0x04b1,0x0491,0x0470,0x0470,0x0cb1,0x0491,0x0471,0x0470,0x0491,0x0491,0x04b2,0x0491,0x04b2,0x0491,0x04b2,0x0491,
0x04b2,0x0491,0x04b2,0x0491,0x04b2,0x0491,0x04b2,0x0491,0x0492,0x0471,0x0471,0x0451,0x0451,0x0431,0x0431,0x0410,
0x0410,0x0410,0x0410,0x03ef,0x0410,0x0410,0x0430,0x0450,0x0491,0x0490,0x04b1,0x0490,0x0470,0x0450,0x0471,0x0490,
0x04b1,0x04d1,0x0cf2,0x0d11,0x1d93,0x1572,0x1552,0x0d31,0x1553,0x0d52,0x0d53,0x0d52,0x1573,0x0d53,0x0d33,0x0512,
0x0d12,0x0512,0x0d13,0x0512,0x0533,0x0533,0x0d53,0x0d73,0x15b4,0x15d4,0x1df5,0x1df3,0x3634,0x4eb5,0x5ef6,0x56f7,
0x4f18,0x4719,0x5739,0x5739,0x5f39,0x46f7,0x5f38,0x7798,0x6779,0x46d7,0x3eb7,0x2e76,0x2e76,0x2e76,0x2e96,0x2e76,
0x2635,0x1df4,0x1e15,0x15f5,0x15d5,0x15d5,0x2635,0x3675,0x56f6,0x5717,0x3e96,0x15b4,0x0d75,0x0534,0x0554,0x0533,
0x0534,0x0513,0x0513,0x04f3,0x04f3,0x04d3,0x04f3,0x04d2,0x04f3,0x04d3,0x04f3,0x04d2,0x04f3,0x04d2,0x04f3,0x0513,
0x0d13,0x0513,0x0513,0x04f2,0x0513,0x0533,0x0d74,0x0d94,0x15d5,0x15f6,0x2657,0x2e96,0x4718,0x5f38,0x6f37,0x7735,
0x7f35,0x5694,0x2e14,0x15b4,0x1594,0x0d53,0x1553,0x0d52,0x1553,0x0512,0x0512,0x04f2,0x0d33,0x0d33,0x1554,0x0d53,
0x1554,0x0d53,0x1553,0x0d33,0x1553,0x0d12,0x0d12,0x0d12,0x1533,0x0d12,0x04f2,0x04b1,0x04b2,0x0491,0x0491,0x0471,
0x0471,0x0451,0x0471,0x0451,0x0471,0x0471,0x0491,0x0490,0x14f2,0x35d3,0x4655,0x2df4,0x25b4,0x1d94,0x1574,0x0d73,
0x1d74,0x1d74,0x2594,0x1db4,0x1d73,0x1511,0x1d32,0x2532,0x14f1,0x046f,0x044f,0x042f,0x0450,0x0450,0x0c50,0x042f,
0x030c,0x030c,0x030c,0x032d,0x034c,0x03ae,0x03ee,0x03ef,0x03ce,0x03cf,0x03ef,0x0bef,0x03ce,0x03ae,0x032c,0x034d,
0x038d,0x03ae,0x03ae,0x03ef,0x03ee,0x042f,0x044f,0x042f,0x03ee,0x03ee,0x03ce,0x0c50,0x0c70,0x1d10,0x1d70,0x14d1,
0x0490,0x04b1,0x0490,0x04b1,0x04b1,0x04b1,0x04b1,0x0491,0x0470,0x0491,0x0491,0x04b1,0x0491,0x04b1,0x0491,0x04b1,
0x0491,0x04b1,0x0491,0x0491,0x0491,0x0491,0x0491,0x0491,0x0491,0x0491,0x0471,0x0471,0x0450,0x0451,0x0430,0x0430,
0x040f,0x0410,0x040f,0x0410,0x040f,0x0430,0x0430,0x0471,0x0470,0x0470,0x0470,0x0470,0x0450,0x0450,0x0450,0x0491,
0x04b0,0x04d2,0x04d1,0x0d11,0x1551,0x1552,0x0511,0x0d32,0x0d31,0x0d52,0x0d52,0x1573,0x0d52,0x0532,0x04f2,0x0512,
0x04f2,0x04f3,0x04f2,0x04f2,0x04f2,0x0513,0x0512,0x0d53,0x0d73,0x15b4,0x15b4,0x1dd4,0x25f4,0x4696,0x7715,0x8f75,
0x7776,0x8779,0x8f79,0x8f9a,0x7779,0x6758,0x6737,0x6717,0x3e96,0x2e56,0x2636,0x2657,0x1e36,0x1e36,0x0dd5,0x0db4,
0x0593,0x0594,0x0594,0x0d94,0x0573,0x15b5,0x0dd4,0x1e16,0x3676,0x5f37,0x4ed6,0x1e15,0x0574,0x0d54,0x0533,0x0554,
0x0533,0x0533,0x0513,0x0513,0x04f3,0x0513,0x04f2,0x04f3,0x04f2,0x04f3,0x04f2,0x04f3,0x04f2,0x0513,0x04f3,0x0513,
0x04f2,0x0513,0x0513,0x0533,0x0533,0x0d73,0x0d94,0x15b5,0x15d4,0x2636,0x3696,0x46f7,0x5716,0x5f36,0x7f35,0x9775,
0x6ef4,0x3654,0x1df4,0x1db4,0x0d73,0x1573,0x0d33,0x0d13,0x04f2,0x04d2,0x04b1,0x04d2,0x04d2,0x0d13,0x0d13,0x0d13,
0x04f2,0x04f2,0x04d2,0x04f2,0x04d2,0x04f2,0x04f2,0x04d2,0x04b1,0x04b2,0x04b1,0x04b2,0x0491,0x0471,0x0451,0x0451,
0x0431,0x0431,0x0431,0x0431,0x0430,0x0451,0x0470,0x0471,0x0470,0x0cf2,0x2db2,0x3e33,0x35f2,0x3613,0x3e33,0x4e75,
0x3e34,0x3e15,0x3615,0x3e56,0x3655,0x4614,0x4613,0x35b3,0x0cb1,0x0470,0x044f,0x0450,0x0450,0x0c50,0x03ef,0x03ae,
0x03ae,0x038e,0x03af,0x03ce,0x03ef,0x040f,0x0430,0x040e,0x0c70,0x1cf2,0x0c30,0x036e,0x038e,0x032d,0x030d,0x036d,
0x03ae,0x038d,0x03ce,0x042f,0x0c70,0x042f,0x040f,0x03ae,0x03ae,0x038d,0x03ce,0x042f,0x0cb1,0x14f0,0x2d92,0x2db2,
0x14f1,0x0491,0x0cd2,0x04d1,0x0cd2,0x04b1,0x04b1,0x0491,0x0491,0x0491,0x04b2,0x0491,0x04b2,0x0491,0x04b2,0x0491,
0x04b2,0x0491,0x04b2,0x0491,0x04b2,0x0491,0x04b2,0x0491,0x04b2,0x0491,0x0492,0x0471,0x0471,0x0451,0x0471,0x0451,
0x0430,0x0410,0x0430,0x0430,0x0430,0x0430,0x0451,0x0491,0x0491,0x0470,0x0471,0x0450,0x0470,0x0470,0x0491,0x0491,
0x04d1,0x04d1,0x0d12,0x1552,0x1d92,0x0d31,0x0d12,0x0511,0x0d52,0x0d52,0x1552,0x0d72,0x0d53,0x0512,0x0513,0x04f2,
0x0513,0x04f3,0x04f3,0x04f2,0x0513,0x0512,0x0d33,0x0533,0x0d53,0x0d73,0x1594,0x15d4,0x2655,0x3695,0x5ef6,0x8756,
0x9f98,0xafd9,0xa7da,0x6f58,0x4ed8,0x3677,0x2e77,0x1e56,0x1e57,0x1e36,0x1e57,0x1616,0x15f6,0x0db5,0x0db5,0x0d94,
0x0d95,0x0594,0x0d95,0x0d94,0x0d94,0x0d94,0x15b5,0x15f5,0x2636,0x2e56,0x3eb7,0x3676,0x1dd5,0x0d74,0x0d75,0x0554,
0x0554,0x0533,0x0534,0x0513,0x0533,0x0513,0x0513,0x0513,0x0513,0x0513,0x0533,0x0513,0x0513,0x0512,0x0533,0x0513,
0x0513,0x0513,0x0d34,0x0d74,0x1594,0x0db4,0x1df5,0x1e14,0x2e55,0x2e75,0x46b6,0x46d6,0x46d6,0x4ed6,0x8f76,0x8f76,
0x4eb6,0x2614,0x25f5,0x1db4,0x1594,0x0d53,0x0d33,0x04d2,0x04d2,0x04b1,0x04d2,0x04d2,0x0cf3,0x04f3,0x0cf3,0x04b2,
0x04b2,0x0491,0x04b2,0x0492,0x04b2,0x04b2,0x0cd3,0x04b2,0x04d3,0x0492,0x0492,0x0471,0x0471,0x0451,0x0451,0x0431,
0x0431,0x0430,0x0431,0x0410,0x0431,0x0430,0x0451,0x0450,0x0471,0x0450,0x0cb1,0x14f1,0x1511,0x1d30,0x3dd2,0x5e73,
0x6eb4,0x6eb4,0x8f57,0xa799,0xb7db,0x9fb9,0x76f7,0x3593,0x1d11,0x14d1,0x0c91,0x042f,0x040f,0x03ce,0x038e,0x034d,
0x03cf,0x03cf,0x03ce,0x03ef,0x03ee,0x040f,0x046f,0x1d13,0x4616,0x1cf1,0x038d,0x036e,0x034d,0x030d,0x034d,0x03ae,
0x038d,0x03ae,0x040e,0x0470,0x042f,0x03ae,0x036d,0x036d,0x036d,0x038d,0x03ce,0x042f,0x0450,0x0c91,0x1510,0x35f2,
0x1d51,0x04b1,0x04b0,0x0cf1,0x0cd2,0x0cd2,0x0491,0x04b1,0x04b1,0x04b2,0x0491,0x04b1,0x0491,0x04b1,0x0491,0x04b1,
0x0491,0x04b1,0x0491,0x0491,0x0491,0x0491,0x0491,0x0491,0x0491,0x0492,0x0491,0x0491,0x0471,0x0491,0x0471,0x0471,
0x0430,0x0430,0x0430,0x0430,0x0430,0x0430,0x0450,0x0491,0x0470,0x0470,0x0450,0x0471,0x0470,0x0491,0x0490,0x04b1,
0x04b1,0x04f2,0x0d52,0x25d4,0x1572,0x0d32,0x0d11,0x0d12,0x0d32,0x0d52,0x0d32,0x0d52,0x0533,0x0513,0x04f2,0x04f2,
0x04d2,0x04f3,0x04d2,0x04d2,0x04d2,0x04f3,0x0512,0x0533,0x0533,0x0d53,0x0572,0x15d3,0x2635,0x3696,0x3e95,0x7f57,
0xa7d9,0x97b9,0x56f7,0x3697,0x1e76,0x2677,0x1e56,0x1e36,0x1616,0x1616,0x0dd4,0x0db4,0x0d94,0x0d74,0x0574,0x0594,
0x0574,0x0574,0x0574,0x0574,0x0574,0x0d95,0x0d94,0x15d5,0x15d5,0x15f6,0x1e15,0x2e56,0x2e35,0x25f5,0x15d4,0x0db4,
0x0554,0x0554,0x0553,0x0554,0x0533,0x0533,0x0533,0x0533,0x0533,0x0533,0x0533,0x0533,0x0533,0x0d33,0x0533,0x0d54,
0x0d54,0x0d74,0x0d73,0x15b5,0x15b4,0x15d4,0x15f3,0x2634,0x2635,0x2615,0x1df4,0x2e35,0x2e56,0x46d7,0x7756,0x6f36,
0x2e35,0x1df5,0x15b4,0x1594,0x0d53,0x0d12,0x04d2,0x04d2,0x04b2,0x04b2,0x04b2,0x04f3,0x04d2,0x04d3,0x04b2,0x04b2,
0x0492,0x04b2,0x0491,0x0492,0x0491,0x0492,0x0491,0x04b2,0x04b2,0x0492,0x0471,0x0471,0x0450,0x0451,0x0430,0x0410,
0x0410,0x0410,0x03ef,0x0410,0x0410,0x0430,0x0430,0x0450,0x040f,0x0c50,0x0470,0x0cb1,0x0cb1,0x14f2,0x1d32,0x2573,
0x2552,0x4dd3,0x86d4,0xb796,0xc7d6,0xcfb6,0xaf56,0x6694,0x2551,0x1cf1,0x0cb0,0x044f,0x03ef,0x03ef,0x038d,0x036d,
0x03cf,0x03ae,0x03ef,0x040f,0x0c71,0x2cf2,0xa73c,0x6e98,0x0d11,0x042f,0x03cf,0x036d,0x034d,0x032d,0x03ae,0x03ce,
0x03ef,0x040f,0x0c50,0x042f,0x03ce,0x036d,0x034d,0x034d,0x038e,0x038e,0x03ef,0x040f,0x0430,0x0c71,0x0cb1,0x0cf0,
0x1d52,0x0cf1,0x0cf2,0x0d12,0x1513,0x04d2,0x04d2,0x04d1,0x04d2,0x04b1,0x04b2,0x0491,0x04b2,0x0491,0x04b2,0x0491,
0x04b2,0x0491,0x0491,0x0491,0x0492,0x0491,0x0491,0x0491,0x0492,0x0471,0x0492,0x0471,0x0492,0x0471,0x0491,0x0471,
0x0451,0x0430,0x0451,0x0430,0x0451,0x0430,0x0471,0x0470,0x0470,0x0470,0x0491,0x0491,0x04b1,0x0491,0x04b1,0x04d1,
0x0cf2,0x0d32,0x3613,0x3e54,0x1db3,0x0d32,0x1552,0x0d32,0x1553,0x0d52,0x0d32,0x0d32,0x0d33,0x04f2,0x04f2,0x04d2,
0x04d3,0x04d2,0x04d2,0x04d2,0x04f3,0x04f3,0x0513,0x0512,0x0d53,0x0553,0x0d73,0x0db3,0x2635,0x2e55,0x46b6,0x7f56,
0x8fb9,0x5ef7,0x3697,0x2e77,0x2657,0x1e36,0x1616,0x0dd5,0x0dd5,0x0dd5,0x0dd5,0x0594,0x0d95,0x0574,0x0d74,0x0574,
0x0574,0x0554,0x0574,0x0554,0x0d75,0x0574,0x0d94,0x0db4,0x15b5,0x0db5,0x15d5,0x1df5,0x2e56,0x3696,0x46b7,0x3e96,
0x2635,0x0d93,0x0d94,0x0574,0x0575,0x0553,0x0554,0x0553,0x0574,0x0574,0x0d94,0x0d94,0x1595,0x0d74,0x0d94,0x0d74,
0x1594,0x0d74,0x0d94,0x0d93,0x15d4,0x1dd4,0x1dd4,0x15b3,0x15b4,0x15b4,0x1dd4,0x1e15,0x2e76,0x3696,0x5716,0x4eb5,
0x2616,0x15b4,0x1d94,0x0d53,0x0d33,0x04f2,0x04d2,0x04b2,0x04b3,0x04b2,0x04d3,0x04d2,0x04d3,0x04b2,0x04b2,0x0492,
0x04b2,0x0492,0x04b2,0x0492,0x0492,0x0471,0x0492,0x0491,0x0492,0x0471,0x0471,0x0451,0x0471,0x0451,0x0431,0x0410,
0x0430,0x0410,0x0410,0x0410,0x0410,0x0410,0x0450,0x0430,0x0450,0x0470,0x0c71,0x044f,0x0470,0x0470,0x0c90,0x0470,
0x0cd1,0x1d11,0x35b3,0x4e12,0x8692,0x8e51,0x7e10,0x8e91,0x6e73,0x3db2,0x2531,0x0cb0,0x0470,0x042f,0x040f,0x03ae,
0x0491,0x040f,0x03ce,0x0c51,0x0cd2,0x1512,0x2d52,0x1d11,0x0470,0x0430,0x03ce,0x034e,0x038e,0x03ae,0x038e,0x03ce,
0x03ce,0x03ce,0x03ce,0x0bcf,0x036d,0x034d,0x032d,0x034e,0x034d,0x03ae,0x03ef,0x040f,0x040f,0x0450,0x0470,0x0cb0,
0x2572,0x2dd4,0x1552,0x1533,0x04f2,0x04f2,0x04d2,0x0cd2,0x04b1,0x04b2,0x04b1,0x04b2,0x0491,0x04b1,0x0491,0x04b1,
0x0491,0x0491,0x0491,0x0491,0x0491,0x0491,0x0491,0x0491,0x0471,0x0471,0x0471,0x0471,0x0451,0x0471,0x0451,0x0451,
0x0430,0x0430,0x0430,0x0430,0x0410,0x0430,0x0430,0x0450,0x0450,0x04b1,0x04b1,0x04b1,0x04b1,0x04d1,0x04d0,0x0cf1,
0x0d31,0x1dd2,0x3633,0x35f3,0x0d72,0x0d52,0x0d52,0x1573,0x0d72,0x0d53,0x04f2,0x0d13,0x0512,0x04f2,0x04d2,0x04d2,
0x04d1,0x04d2,0x04d2,0x04d2,0x04d2,0x04f3,0x04f2,0x0513,0x0512,0x0553,0x0d73,0x15d4,0x15d3,0x2614,0x46b5,0x7736,
0x6716,0x3eb8,0x2677,0x2637,0x1e16,0x1616,0x0dd5,0x0dd5,0x05b5,0x0dd5,0x0594,0x0d95,0x0574,0x0574,0x0553,0x0554,
0x0533,0x0534,0x0533,0x0534,0x0533,0x0554,0x0554,0x0d74,0x0574,0x0d94,0x0574,0x15b5,0x1e15,0x2e76,0x2e55,0x3e76,
0x3eb6,0x3696,0x1df4,0x0db4,0x0594,0x0d94,0x0573,0x0594,0x0573,0x0d74,0x0d74,0x0d94,0x0d73,0x0d74,0x0533,0x0d53,
0x0532,0x0d73,0x0d72,0x15d4,0x15d4,0x15d4,0x0d93,0x0d94,0x0d94,0x15b4,0x1dd4,0x2635,0x2655,0x3695,0x46d5,0x3e95,
0x15d5,0x1594,0x0d53,0x0d33,0x04f2,0x04d2,0x04b1,0x04b2,0x0491,0x04b2,0x0492,0x04b2,0x0491,0x04b2,0x0491,0x0492,
0x0491,0x0492,0x0471,0x0472,0x0471,0x0471,0x0471,0x0471,0x0471,0x0471,0x0451,0x0451,0x0450,0x0451,0x0430,0x0431,
0x0410,0x0430,0x0410,0x0430,0x0410,0x0430,0x0471,0x0c91,0x0490,0x0c70,0x042f,0x0430,0x042f,0x042f,0x040f,0x0430,
0x040f,0x042f,0x040f,0x042f,0x0c6f,0x1cf1,0x2d10,0x2cf0,0x558f,0x7651,0x6e32,0x4db2,0x1cf0,0x0cb0,0x0470,0x0450,
0x0cb2,0x038e,0x034d,0x038e,0x03ae,0x03ef,0x0450,0x0490,0x0c50,0x03ee,0x034e,0x034d,0x03ae,0x03ae,0x0bcf,0x03ad,
0x0bef,0x03ae,0x036e,0x036e,0x038e,0x036e,0x036e,0x036e,0x038e,0x038e,0x03ef,0x040f,0x040f,0x040f,0x0470,0x048f,
0x35d3,0x5ef6,0x2df4,0x0d52,0x0d32,0x0d12,0x1513,0x0cf2,0x0cf2,0x04d2,0x04d2,0x04b1,0x04b2,0x0491,0x04b2,0x0491,
0x04b1,0x0491,0x0492,0x0491,0x04b2,0x0491,0x0492,0x0491,0x0492,0x0471,0x0471,0x0471,0x0471,0x0451,0x0471,0x0451,
0x0430,0x0430,0x0451,0x0430,0x0430,0x0430,0x0430,0x0430,0x0470,0x04b1,0x0d12,0x04d1,0x04f2,0x04f1,0x1512,0x0d31,
0x1db2,0x25f2,0x25d2,0x1573,0x1593,0x0d72,0x1573,0x1593,0x1db4,0x0d52,0x0512,0x04f2,0x0d13,0x04f2,0x0513,0x04f2,
0x04f2,0x04d2,0x04f2,0x04d2,0x04f2,0x04f2,0x0513,0x0512,0x0533,0x0553,0x15b5,0x15b4,0x1df4,0x2e34,0x4e95,0x66f4,
0x5717,0x3697,0x2657,0x1e16,0x1df6,0x0dd5,0x15d5,0x0db5,0x0dd5,0x05b5,0x0db5,0x0574,0x0d74,0x0553,0x0554,0x0533,
0x0534,0x0513,0x0534,0x0513,0x0534,0x0533,0x0534,0x0534,0x0554,0x0574,0x0d95,0x0d95,0x1df6,0x2656,0x1e36,0x0db3,
0x25f4,0x2e54,0x3695,0x2634,0x1df4,0x0dd4,0x15d5,0x0dd4,0x0dd4,0x0db4,0x15b4,0x0d74,0x0554,0x0533,0x0554,0x0553,
0x15b4,0x1df4,0x2635,0x1df4,0x15d4,0x0d93,0x0d94,0x0d94,0x15b4,0x15d4,0x2e36,0x2e36,0x2e56,0x3675,0x4ed6,0x3634,
0x1d94,0x0d74,0x0d34,0x04f3,0x04d3,0x04b2,0x04b2,0x0492,0x0492,0x0471,0x0492,0x0471,0x0492,0x0471,0x0492,0x0472,
0x0492,0x0492,0x0492,0x0471,0x0472,0x0471,0x0471,0x0471,0x0492,0x0471,0x0472,0x0451,0x0471,0x0450,0x0451,0x0431,
0x0451,0x0430,0x0451,0x0430,0x0451,0x0450,0x0c71,0x0470,0x0470,0x040f,0x0410,0x03ef,0x0410,0x040f,0x0410,0x040f,
0x0410,0x0410,0x0410,0x03ef,0x0410,0x042f,0x1cd1,0x1d11,0x1d11,0x3551,0x4db1,0x558f,0x65f2,0x4dd3,0x2d52,0x14f0,
0x03ad,0x0b8e,0x036d,0x036d,0x034d,0x03ae,0x03ce,0x040f,0x040f,0x03af,0x034d,0x036d,0x038d,0x03ae,0x042f,0x0c50,
0x03ae,0x03ae,0x036d,0x036d,0x034d,0x036e,0x036d,0x038e,0x038e,0x03ae,0x03ce,0x040f,0x03ef,0x040f,0x044f,0x0470,
0x1d11,0x6695,0x5695,0x1d92,0x0d32,0x1573,0x1533,0x0d32,0x04f2,0x0cf2,0x04b1,0x04b2,0x0491,0x0471,0x0470,0x0491,
0x0470,0x0491,0x0471,0x0491,0x0491,0x0491,0x0491,0x0491,0x0471,0x0491,0x0471,0x0471,0x0450,0x0451,0x0430,0x0430,
0x0430,0x0430,0x0430,0x0430,0x0430,0x0450,0x0430,0x0470,0x0490,0x04f1,0x0531,0x0d31,0x0511,0x0d12,0x0531,0x15b2,
0x1df3,0x25d2,0x0d51,0x1573,0x0d72,0x1592,0x1572,0x1d93,0x1572,0x0d12,0x04b1,0x04b1,0x04d2,0x0cf3,0x04f2,0x0513,
0x04d2,0x04f2,0x04f2,0x04f2,0x04f2,0x0512,0x0512,0x0533,0x0553,0x0d94,0x0db4,0x1df4,0x2634,0x3675,0x3e74,0x5ed4,
0x4ef6,0x2e96,0x1e36,0x1635,0x0dd4,0x0dd5,0x0db4,0x0db5,0x0db5,0x0d95,0x0574,0x0574,0x0554,0x0554,0x0533,0x0534,
0x0513,0x0513,0x0513,0x0513,0x0513,0x0534,0x0513,0x0534,0x0533,0x0d74,0x0574,0x0d94,0x15b5,0x2636,0x15f4,0x15d4,
0x15b4,0x1df4,0x2634,0x3695,0x3e94,0x3694,0x1e34,0x1e35,0x1df5,0x15f5,0x0dd4,0x0db4,0x0d93,0x15b4,0x2633,0x3e75,
0x4695,0x3e95,0x25f3,0x15b3,0x0d73,0x0d74,0x0d94,0x15d4,0x15d4,0x2615,0x2635,0x2e35,0x2e34,0x3675,0x3655,0x25f4,
0x0d74,0x0d53,0x04f2,0x04d2,0x04b2,0x0492,0x0491,0x0492,0x0491,0x0492,0x0471,0x0492,0x0471,0x0472,0x0471,0x0472,
0x0471,0x0492,0x0471,0x0491,0x0471,0x0491,0x0471,0x0471,0x0471,0x0472,0x0451,0x0451,0x0451,0x0470,0x0450,0x0451,
0x0451,0x0451,0x0450,0x0450,0x0450,0x0451,0x040f,0x03ef,0x03ef,0x03ef,0x03cf,0x03ef,0x03cf,0x03ef,0x03cf,0x03f0,
0x03ef,0x03f0,0x03ef,0x0410,0x03ef,0x03ef,0x042f,0x14d0,0x14d0,0x14b1,0x042e,0x040e,0x0c4f,0x1cb0,0x1ccf,0x2531,
0x142f,0x142f,0x140f,0x0c0e,0x0c0e,0x0bee,0x0bad,0x038d,0x038e,0x034d,0x038e,0x036d,0x036e,0x038d,0x03cf,0x0bef,
0x03ce,0x038e,0x038e,0x034d,0x036d,0x036d,0x036e,0x034d,0x036e,0x038e,0x03cf,0x03ef,0x0410,0x0430,0x0470,0x04b0,
0x14f1,0x45b2,0x5eb5,0x3654,0x25d4,0x1594,0x1574,0x0d32,0x0d12,0x04d1,0x04d2,0x04b1,0x0491,0x0471,0x0491,0x0470,
0x0491,0x0471,0x0491,0x0491,0x0491,0x0471,0x0491,0x0491,0x0491,0x0471,0x0492,0x0471,0x0471,0x0451,0x0451,0x0430,
0x0451,0x0451,0x0451,0x0450,0x0451,0x0450,0x0491,0x04b1,0x0d12,0x0d52,0x1572,0x0d52,0x0d52,0x1572,0x25d3,0x3653,
0x3654,0x1db3,0x1573,0x0d72,0x1592,0x1593,0x1593,0x0d32,0x0d12,0x04d1,0x04b1,0x04b1,0x04b2,0x04d2,0x04d2,0x04d2,
0x04d2,0x04d2,0x0cf3,0x04f3,0x0513,0x0512,0x0d53,0x0d73,0x0d94,0x0d94,0x15d5,0x1dd4,0x25f5,0x2614,0x3655,0x4e95,
0x5716,0x3695,0x1e36,0x0df4,0x15d5,0x0db5,0x0db5,0x05b4,0x0db5,0x0595,0x0574,0x0554,0x0d74,0x0554,0x0554,0x0533,
0x0534,0x0513,0x0534,0x0513,0x0534,0x0513,0x0534,0x0533,0x0554,0x0553,0x0574,0x0574,0x15b5,0x15d4,0x15d4,0x15b4,
0x1df5,0x15f5,0x1e14,0x2e34,0x56f6,0x6f56,0x7756,0x6f37,0x6f38,0x56d6,0x3695,0x2654,0x2e35,0x3e54,0x5ef5,0x6f15,
0x6715,0x4694,0x2e14,0x1dd3,0x1db4,0x15b4,0x1dd5,0x1df5,0x2636,0x2636,0x2656,0x2615,0x3676,0x3e95,0x2e35,0x15d4,
0x1594,0x0532,0x04f2,0x04b2,0x04b2,0x0492,0x04b2,0x0492,0x04b2,0x0492,0x0492,0x0471,0x0472,0x0471,0x0472,0x0471,
0x0492,0x0471,0x0492,0x0491,0x04b2,0x0491,0x0492,0x0491,0x0492,0x0471,0x0471,0x0451,0x0451,0x0450,0x0471,0x0450,
0x0471,0x0471,0x0471,0x0491,0x0c91,0x0450,0x0410,0x03cf,0x03f0,0x03cf,0x03f0,0x03cf,0x03cf,0x03ce,0x03cf,0x03cf,
0x03ef,0x03cf,0x03f0,0x03cf,0x03f0,0x03cf,0x0430,0x0c90,0x0c70,0x040f,0x0410,0x0410,0x0410,0x03cf,0x03ef,0x03ee,
0x0c2e,0x142f,0x0c0e,0x0bee,0x03ed,0x0bee,0x0bce,0x0bce,0x03ad,0x036d,0x034c,0x036d,0x032c,0x036d,0x036d,0x036d,
0x038d,0x038e,0x036d,0x036d,0x034c,0x036d,0x032d,0x034d,0x034d,0x038e,0x03ae,0x03ef,0x040f,0x0450,0x044f,0x0cb1,
0x0cf1,0x2d91,0x4633,0x3e54,0x2df3,0x25f4,0x1dd3,0x1573,0x0d11,0x0cf2,0x04d2,0x04d2,0x0491,0x0471,0x0450,0x0471,
0x0470,0x0471,0x0471,0x0471,0x0471,0x0491,0x0491,0x0491,0x0471,0x0471,0x0471,0x0471,0x0451,0x0451,0x0430,0x0451,
0x0450,0x0471,0x0451,0x0470,0x0470,0x04b1,0x04d1,0x0cf2,0x0511,0x0d12,0x0d31,0x1572,0x0d72,0x25f4,0x3e54,0x56f5,
0x3e54,0x1dd4,0x1593,0x15b3,0x15b3,0x0d73,0x0532,0x0d12,0x04f2,0x04f2,0x04b1,0x04d1,0x04b1,0x04d2,0x04d2,0x04f2,
0x04f2,0x04f2,0x04f2,0x0d13,0x0532,0x0d73,0x0d73,0x0d74,0x0553,0x0553,0x0552,0x0d73,0x0d32,0x1574,0x15d4,0x2e15,
0x46b4,0x46d5,0x2635,0x15f4,0x0dd4,0x0db5,0x0594,0x0d94,0x0594,0x0574,0x0553,0x0554,0x0533,0x0554,0x0533,0x0534,
0x0513,0x0533,0x0513,0x0513,0x0513,0x0513,0x0513,0x0534,0x0533,0x0533,0x0533,0x0553,0x0573,0x15d5,0x0dd4,0x0db4,
0x0d94,0x15f5,0x15f4,0x2614,0x3e95,0x7756,0x8f76,0x8757,0x56b5,0x4674,0x2e34,0x2614,0x1dd3,0x1dd4,0x2df4,0x3e55,
0x4694,0x4695,0x3655,0x3655,0x2614,0x2614,0x1df3,0x2635,0x2635,0x2635,0x1e14,0x3655,0x4ed5,0x56f4,0x2e34,0x1df5,
0x0d92,0x0d53,0x04d2,0x04b2,0x0491,0x0492,0x0492,0x04b2,0x0471,0x0471,0x0471,0x0471,0x0451,0x0451,0x0451,0x0472,
0x0471,0x0472,0x0491,0x0492,0x0491,0x04b2,0x0491,0x04b2,0x0491,0x0491,0x0471,0x0471,0x0450,0x0471,0x0470,0x0471,
0x0470,0x0491,0x0491,0x0cb2,0x0491,0x0430,0x03ef,0x03cf,0x03cf,0x03cf,0x03cf,0x03cf,0x03ae,0x03af,0x03af,0x03af,
0x03af,0x03af,0x03af,0x03af,0x03af,0x03cf,0x040f,0x14d1,0x0c90,0x040e,0x03ee,0x03f0,0x03ef,0x03ef,0x03af,0x038e,
0x0bce,0x0bee,0x0c0e,0x0bee,0x142f,0x142f,0x1c70,0x1450,0x1c70,0x1c70,0x13ef,0x032c,0x032c,0x032c,0x036d,0x036d,
0x036d,0x036d,0x0bae,0x036d,0x038e,0x036d,0x034e,0x032d,0x036e,0x036d,0x03cf,0x03ef,0x0430,0x0470,0x0490,0x04d1,
0x1d32,0x4e13,0x4634,0x25b2,0x25b2,0x2df3,0x3654,0x25f4,0x1d73,0x1532,0x1533,0x04f2,0x0cd2,0x04b1,0x04b1,0x0491,
0x0491,0x0491,0x0491,0x0471,0x0491,0x0491,0x04b2,0x0491,0x0491,0x0471,0x0491,0x0491,0x0491,0x0450,0x0471,0x0450,
0x0471,0x0471,0x0c91,0x0491,0x0cd2,0x0cf2,0x0d12,0x04f1,0x04d1,0x04d1,0x0512,0x0d72,0x1dd3,0x2614,0x3655,0x4694,
0x3634,0x1db3,0x1dd4,0x1db3,0x1593,0x04f1,0x04f2,0x0512,0x0d33,0x0512,0x0512,0x04d1,0x04f2,0x04d2,0x04f2,0x04f2,
0x0533,0x0533,0x0d54,0x1594,0x1df5,0x15b4,0x1594,0x0d73,0x0d74,0x0533,0x0533,0x0533,0x0d33,0x0533,0x0d95,0x15d4,
0x3654,0x46d5,0x2e76,0x1e15,0x1df5,0x0db4,0x0db5,0x0594,0x0595,0x0574,0x0554,0x0534,0x0554,0x0533,0x0534,0x0533,
0x0534,0x0513,0x0534,0x0513,0x0534,0x0513,0x0534,0x0533,0x0533,0x0533,0x0533,0x0533,0x0574,0x0d94,0x15f5,0x15d5,
0x15d5,0x15d4,0x1df5,0x2614,0x46b6,0x6f56,0x7756,0x4676,0x25f5,0x15b3,0x15d4,0x15b4,0x15b4,0x0d93,0x0d94,0x1593,
0x1dd4,0x25d4,0x2e35,0x2e34,0x2e55,0x2e54,0x3655,0x3e94,0x4ed6,0x3675,0x3675,0x5ed4,0x7755,0x4eb4,0x3656,0x1e16,
0x1db4,0x0d53,0x04f2,0x04b1,0x04b2,0x0492,0x04b2,0x0492,0x0492,0x0471,0x0472,0x0451,0x0471,0x0451,0x0451,0x0451,
0x0472,0x0471,0x0492,0x0491,0x04b2,0x0491,0x0cb2,0x0492,0x04b2,0x04b2,0x04b2,0x0491,0x0492,0x0471,0x0491,0x0491,
0x04b1,0x04b1,0x0cb1,0x0470,0x0451,0x040f,0x03f0,0x03cf,0x03cf,0x03cf,0x03d0,0x03af,0x03af,0x03af,0x03af,0x038f,
0x03af,0x038f,0x03af,0x03af,0x03af,0x03af,0x040f,0x0c50,0x0c50,0x03ee,0x03ef,0x03cf,0x03ef,0x03ef,0x03af,0x038e,
0x03ad,0x142f,0x144f,0x144f,0x144f,0x142f,0x142f,0x144f,0x1c8f,0x1cb0,0x142e,0x0bae,0x034c,0x032d,0x032c,0x032c,
0x032c,0x036d,0x036d,0x038d,0x036d,0x038e,0x036d,0x036e,0x038e,0x03ae,0x03ce,0x040f,0x042f,0x0491,0x04b0,0x0cf1,
0x1d31,0x5e74,0x35f2,0x1552,0x1552,0x1572,0x1552,0x1552,0x0d12,0x1533,0x1573,0x1553,0x0d12,0x0512,0x04d1,0x04b1,
0x0491,0x0491,0x0491,0x0491,0x0491,0x04d2,0x04b1,0x04b1,0x0491,0x0491,0x0470,0x04d2,0x04b1,0x04b1,0x04b1,0x04d1,
0x04b1,0x0cf2,0x04b1,0x04f2,0x04f2,0x04d2,0x04b0,0x04d1,0x04d1,0x0cf1,0x0511,0x1593,0x1dd3,0x25f3,0x2e33,0x3e94,
0x2e34,0x1dd4,0x1593,0x15b3,0x0532,0x04d1,0x04d1,0x04d1,0x04f2,0x0d53,0x0553,0x0d53,0x04f2,0x04f2,0x04d2,0x04f2,
0x04f2,0x0513,0x0532,0x0d73,0x0d73,0x0d73,0x0d53,0x0d73,0x0533,0x0534,0x0512,0x0513,0x0512,0x0d33,0x0d53,0x0db5,
0x15d4,0x2e34,0x1e34,0x1e36,0x1615,0x15f5,0x05b4,0x0594,0x0554,0x0574,0x0553,0x0554,0x0533,0x0533,0x0513,0x0533,
0x0513,0x0534,0x0513,0x0533,0x0513,0x0513,0x0513,0x0533,0x0533,0x0553,0x0533,0x0553,0x0553,0x0d74,0x0db4,0x15f4,
0x15d4,0x15f5,0x15f4,0x2e75,0x4ef6,0x5f16,0x4673,0x2614,0x15d4,0x1dd4,0x0db3,0x15b4,0x0d74,0x0d54,0x0553,0x0d53,
0x0d52,0x1573,0x1593,0x1dd4,0x1dd3,0x1e14,0x2614,0x3e75,0x4eb4,0x5f14,0x6714,0x8f74,0x7734,0x3e75,0x1df4,0x25f5,
0x1db4,0x0d73,0x04f2,0x04b2,0x0492,0x04b2,0x0492,0x0492,0x0471,0x0472,0x0451,0x0451,0x0431,0x0451,0x0430,0x0451,
0x0431,0x0451,0x0451,0x0471,0x0471,0x0492,0x0471,0x0492,0x0491,0x0492,0x0491,0x04b2,0x0491,0x04b2,0x04b1,0x04d2,
0x04d1,0x04d1,0x0470,0x0430,0x0410,0x0410,0x03cf,0x03cf,0x03af,0x03d0,0x03af,0x03af,0x03af,0x03af,0x038e,0x03af,
0x038f,0x038f,0x038e,0x038f,0x038e,0x03af,0x03cf,0x03ef,0x03ef,0x03ef,0x03ce,0x03ef,0x03ef,0x03cf,0x038e,0x038e,
0x1c70,0x1c70,0x1c70,0x142f,0x142f,0x144f,0x1c70,0x144e,0x1c90,0x24b0,0x140e,0x142f,0x13ef,0x034c,0x032c,0x030c,
0x032d,0x032d,0x038e,0x038d,0x03ae,0x03ae,0x038e,0x038e,0x03cf,0x03cf,0x040f,0x042f,0x0c71,0x0c91,0x0cf2,0x0cf1,
0x2d93,0x4632,0x2591,0x0d32,0x1553,0x0d33,0x04f2,0x0490,0x04b1,0x04d2,0x1d73,0x1d93,0x1d94,0x0d53,0x0d33,0x04d1,
0x04d2,0x04b1,0x04b2,0x04b1,0x04d2,0x04b1,0x0491,0x0471,0x0491,0x0471,0x0471,0x0470,0x04b1,0x04b1,0x0cd2,0x04d1,
0x0d12,0x0d12,0x0d12,0x0d12,0x0d12,0x04d1,0x04d1,0x04d1,0x0d12,0x0d12,0x1573,0x1db3,0x25d3,0x25f3,0x4694,0x5f15,
0x46b5,0x1dd3,0x1593,0x1593,0x0d52,0x04f2,0x04f2,0x04f1,0x0d53,0x0d93,0x1594,0x0d73,0x0d13,0x04d2,0x04d2,0x04d2,
0x04d2,0x04d2,0x04f2,0x04f2,0x0d33,0x0d33,0x0533,0x0513,0x0534,0x0513,0x0533,0x0512,0x0513,0x0513,0x0d54,0x0d74,
0x15b5,0x1df5,0x2634,0x1e35,0x1e36,0x15f5,0x0dd5,0x0594,0x0595,0x0554,0x0554,0x0533,0x0534,0x0533,0x0534,0x0513,
0x0534,0x0513,0x0534,0x0513,0x0534,0x0513,0x0534,0x0533,0x0554,0x0553,0x0554,0x0553,0x0d95,0x0d95,0x1df5,0x15f4,
0x1df4,0x0df4,0x1e15,0x2e54,0x3e74,0x3654,0x3655,0x1e14,0x1df5,0x15b4,0x1594,0x0d53,0x0d54,0x0d53,0x0d54,0x0d33,
0x0d53,0x0d53,0x0d53,0x0d73,0x1594,0x15b4,0x1df4,0x1df5,0x3656,0x46b5,0x6f35,0x8774,0x6f35,0x3675,0x25f5,0x1dd4,
0x1dd5,0x0d73,0x0d13,0x04d2,0x0cb3,0x0492,0x0492,0x0491,0x0492,0x0451,0x0451,0x0451,0x0451,0x0431,0x0431,0x0410,
0x0431,0x0431,0x0451,0x0451,0x0471,0x0471,0x0471,0x0471,0x0471,0x0471,0x0491,0x0491,0x0cb2,0x04b1,0x0cf2,0x0d12,
0x1513,0x0cd1,0x0471,0x0430,0x0430,0x0410,0x03f0,0x03ef,0x03f0,0x03cf,0x03d0,0x03af,0x03cf,0x03af,0x03af,0x038f,
0x03af,0x038f,0x038f,0x038e,0x038f,0x038f,0x03ef,0x040f,0x0c50,0x03ef,0x03ef,0x03ef,0x03ef,0x038e,0x03ae,0x038e,
0x144f,0x1c90,0x1c70,0x144f,0x142f,0x144f,0x142f,0x144f,0x144f,0x142e,0x0bee,0x0c0f,0x0bce,0x038d,0x032c,0x030c,
0x030c,0x032d,0x034c,0x038e,0x036d,0x036e,0x034d,0x036e,0x03ae,0x03ce,0x03ee,0x0430,0x0450,0x0c91,0x04b0,0x1512,
0x2591,0x35f1,0x1d91,0x0d32,0x0511,0x0d12,0x04f2,0x04d1,0x04b1,0x04b1,0x04d1,0x0d32,0x1d72,0x2dd4,0x25d4,0x1553,
0x04f2,0x04d2,0x04b2,0x04b2,0x0491,0x0451,0x0430,0x0430,0x0430,0x0450,0x0430,0x0450,0x0450,0x0470,0x0470,0x0491,
0x04b0,0x0d12,0x1532,0x1533,0x0511,0x0d11,0x04f1,0x0512,0x0511,0x0d72,0x1593,0x1d93,0x25d3,0x3655,0x5ef6,0x87b7,
0x4ed5,0x15d3,0x0d72,0x0d52,0x04f1,0x04f2,0x0512,0x1573,0x1593,0x1573,0x0512,0x04d2,0x04b1,0x04b1,0x0491,0x04b2,
0x04b1,0x04d2,0x04d2,0x04f3,0x04f2,0x04f3,0x04d2,0x04f3,0x04f3,0x04f3,0x0513,0x0533,0x0512,0x0533,0x0553,0x0553,
0x0573,0x1df5,0x2e54,0x3675,0x1e36,0x1616,0x0db5,0x0db5,0x0574,0x0574,0x0533,0x0534,0x0533,0x0533,0x0513,0x0513,
0x0513,0x0533,0x0513,0x0534,0x0513,0x0534,0x0533,0x0553,0x0533,0x0554,0x0553,0x0d74,0x0d94,0x15d5,0x1e35,0x2676,
0x1e34,0x2634,0x3695,0x46d6,0x2e54,0x2634,0x1e15,0x2615,0x15d4,0x0d94,0x0d53,0x0d53,0x0532,0x0533,0x0512,0x0533,
0x0532,0x0533,0x0512,0x0d33,0x0d32,0x1573,0x1574,0x1dd5,0x2614,0x3676,0x3e96,0x5ef6,0x5ef4,0x4695,0x2614,0x1db3,
0x15b4,0x1594,0x0d33,0x0cf3,0x04d2,0x04b2,0x0491,0x0492,0x0471,0x0451,0x0431,0x0451,0x0430,0x0431,0x0410,0x0411,
0x0410,0x0411,0x0410,0x0431,0x0430,0x0451,0x0450,0x0451,0x0450,0x0471,0x0470,0x0491,0x0470,0x0491,0x04b1,0x0cf2,
0x04d1,0x0491,0x0430,0x0431,0x0410,0x0410,0x03ef,0x03f0,0x03cf,0x03cf,0x03af,0x03af,0x03ae,0x03af,0x038e,0x03af,
0x038f,0x038f,0x036e,0x038e,0x038e,0x03af,0x03ae,0x0c6f,0x1cf0,0x0c4f,0x03cf,0x03ef,0x03ae,0x038e,0x036d,0x038e,
0x24b0,0x24d0,0x2cf1,0x24d0,0x24d0,0x1c90,0x1c4f,0x142e,0x142f,0x0c0e,0x13ef,0x0bee,0x140e,0x03ad,0x0b8d,0x02ec,
0x030c,0x032c,0x036d,0x032d,0x034d,0x032c,0x036d,0x03ae,0x03ce,0x03ce,0x040f,0x042f,0x0470,0x0470,0x1d31,0x2dd2,
0x2db1,0x2db1,0x35f3,0x1532,0x0cf2,0x0cf2,0x0cf3,0x04f2,0x0d12,0x04f2,0x0d13,0x0d32,0x1573,0x25d3,0x2e14,0x1572,
0x0d12,0x04d2,0x04d2,0x0491,0x0492,0x0450,0x0451,0x0430,0x0430,0x0430,0x0451,0x0450,0x0471,0x0450,0x0471,0x0490,
0x04d1,0x0cf2,0x1533,0x0d53,0x1573,0x1572,0x1572,0x0d52,0x0d52,0x0d92,0x1db4,0x1db3,0x3655,0x3e96,0x6f38,0x8798,
0x4ef6,0x1e14,0x1db4,0x0d52,0x1573,0x1553,0x1574,0x1553,0x0d33,0x04f2,0x04f2,0x04d2,0x04b2,0x04b2,0x04b2,0x04b2,
0x04d2,0x04d2,0x04f3,0x04d3,0x04f3,0x04f2,0x04f3,0x04f3,0x04f3,0x04f3,0x0513,0x0513,0x0533,0x0533,0x0553,0x0553,
0x0d94,0x15b4,0x3e76,0x46b5,0x2e76,0x15f5,0x15d5,0x0db5,0x0d95,0x0554,0x0554,0x0534,0x0554,0x0533,0x0533,0x0513,
0x0534,0x0533,0x0534,0x0533,0x0534,0x0533,0x0554,0x0553,0x0554,0x0553,0x0d94,0x0d95,0x15d5,0x15f5,0x2656,0x2655,
0x2655,0x3695,0x4f16,0x46d6,0x2e55,0x1df4,0x2615,0x2615,0x1dd5,0x0d73,0x0d73,0x0553,0x0d53,0x0512,0x0513,0x0513,
0x0533,0x0512,0x0513,0x04f2,0x0d33,0x0d33,0x1594,0x15b4,0x1df4,0x2655,0x3676,0x3655,0x4695,0x4695,0x2e35,0x1593,
0x15b4,0x1db4,0x1574,0x0d13,0x0cf2,0x04b2,0x04b2,0x0492,0x0472,0x0451,0x0451,0x0431,0x0431,0x0431,0x0431,0x0430,
0x0431,0x0430,0x0431,0x0430,0x0431,0x0430,0x0451,0x0451,0x0471,0x0451,0x0471,0x0471,0x0491,0x0470,0x0491,0x04b1,
0x0cd2,0x0490,0x0450,0x0430,0x0430,0x040f,0x0410,0x03f0,0x03f0,0x03cf,0x03d0,0x03cf,0x03cf,0x03af,0x03af,0x038f,
0x03af,0x038e,0x038f,0x038e,0x03af,0x03ae,0x03cf,0x1470,0x2531,0x0c6f,0x040f,0x03ef,0x03ae,0x03ae,0x038e,0x036e,
0x1c6f,0x1c90,0x1cb0,0x2cf1,0x24d0,0x24b0,0x1caf,0x144f,0x0c0e,0x142f,0x1c90,0x24d0,0x24f0,0x1c6f,0x038d,0x034d,
0x02ec,0x032c,0x032c,0x032c,0x032c,0x036d,0x03ae,0x03ee,0x03ce,0x03f0,0x042f,0x0470,0x0490,0x14f2,0x2d92,0x3e33,
0x2dd2,0x2571,0x2592,0x1d73,0x04d1,0x0cf1,0x0cf2,0x0d32,0x0d32,0x0d33,0x0512,0x0d32,0x0d11,0x1532,0x0d31,0x1572,
0x1532,0x0cf2,0x04b1,0x04d2,0x04b1,0x0491,0x0450,0x0450,0x0430,0x0450,0x0430,0x0451,0x0450,0x0450,0x0470,0x0490,
0x04b1,0x0cf2,0x04f1,0x0512,0x0d32,0x1593,0x1592,0x15b2,0x15b2,0x1df4,0x1df4,0x2e56,0x3e97,0x4ed7,0x6f36,0x7756,
0x56d6,0x4696,0x2614,0x1dd3,0x15b3,0x1593,0x0532,0x0512,0x04d1,0x04d2,0x04d2,0x04d2,0x0491,0x0492,0x0491,0x04b2,
0x04b2,0x04d2,0x04b2,0x04d3,0x04d2,0x04f3,0x04f2,0x04f3,0x04f2,0x0513,0x04f2,0x0513,0x0513,0x0533,0x0533,0x0553,
0x0573,0x15d5,0x3675,0x5f16,0x3eb7,0x1e16,0x0db4,0x0db5,0x0d74,0x0d74,0x0554,0x0554,0x0533,0x0554,0x0533,0x0533,
0x0513,0x0533,0x0513,0x0533,0x0533,0x0534,0x0533,0x0553,0x0553,0x0554,0x0573,0x0d94,0x15d4,0x1e15,0x1e14,0x1e35,
0x2635,0x2e75,0x2633,0x1df4,0x15b4,0x15b4,0x15d4,0x1df5,0x15b4,0x1594,0x0532,0x0553,0x0532,0x0513,0x04f2,0x0513,
0x04f2,0x0513,0x04f2,0x0513,0x0512,0x0d33,0x0d73,0x1594,0x15b3,0x2615,0x1e34,0x2634,0x2633,0x3e74,0x2e34,0x1db3,
0x1593,0x25f5,0x1db4,0x0d33,0x04f2,0x04d2,0x0491,0x0492,0x0471,0x0451,0x0430,0x0451,0x0430,0x0431,0x0410,0x0431,
0x0430,0x0431,0x0430,0x0431,0x0430,0x0431,0x0430,0x0430,0x0430,0x0451,0x0450,0x0471,0x0471,0x0471,0x0470,0x04b1,
0x04b1,0x0491,0x0450,0x0450,0x0430,0x0410,0x03ef,0x03f0,0x03f0,0x03f0,0x03cf,0x03cf,0x03cf,0x03cf,0x03ae,0x03af,
0x038e,0x03af,0x038e,0x03cf,0x03cf,0x03cf,0x03ee,0x042f,0x03ee,0x040f,0x040f,0x03ef,0x03ae,0x03ae,0x038e,0x038e,
0x144f,0x142f,0x144f,0x144f,0x24b0,0x24d0,0x2d11,0x1c6f,0x142f,0x142f,0x1c4f,0x24d0,0x3552,0x0c0e,0x0bce,0x036d,
0x036d,0x034d,0x034d,0x034d,0x03ae,0x03ce,0x0bef,0x03ee,0x0430,0x040f,0x046f,0x0cf0,0x1d52,0x0cf1,0x14f1,0x1531,
0x1d52,0x1531,0x1d72,0x1531,0x0cf1,0x0cf1,0x0d12,0x0d12,0x0d12,0x0cf2,0x0d12,0x0d12,0x0d12,0x0d12,0x0d12,0x1532,
0x1552,0x0d11,0x0cf2,0x04d1,0x0cd2,0x04b1,0x04b1,0x0490,0x0471,0x0450,0x0451,0x0450,0x0471,0x0450,0x0470,0x0490,
0x0cd1,0x0cf2,0x0d33,0x0d12,0x1553,0x1db3,0x2614,0x2614,0x2e35,0x2e34,0x3676,0x36b6,0x4ed7,0x6f37,0x8f97,0x6f56,
0x4ef6,0x3655,0x2e35,0x1dd4,0x1593,0x0d53,0x0532,0x04f2,0x04f2,0x04d2,0x04d2,0x04b2,0x04b2,0x0492,0x04b2,0x0491,
0x04b2,0x04b2,0x0cd2,0x04d2,0x04d3,0x04d2,0x04f3,0x04f3,0x0513,0x04f3,0x0513,0x0513,0x0534,0x0533,0x0554,0x0553,
0x0d95,0x15d5,0x3e96,0x6f77,0x5718,0x2636,0x1df6,0x15b5,0x15b5,0x0d75,0x0d74,0x0554,0x0d75,0x0554,0x0554,0x0533,
0x0534,0x0533,0x0534,0x0533,0x0534,0x0533,0x0554,0x0533,0x0554,0x0553,0x0d74,0x0d74,0x15f5,0x1e14,0x1e14,0x1e14,
0x1df5,0x15b4,0x0db4,0x0d73,0x1574,0x0d94,0x1594,0x0d93,0x15b4,0x1594,0x0d73,0x0532,0x0d54,0x0533,0x0513,0x04f3,
0x0513,0x0512,0x0513,0x0513,0x0533,0x0533,0x0d54,0x0d73,0x15b4,0x1dd4,0x2635,0x15f4,0x25d3,0x2e14,0x3e55,0x2df3,
0x25f5,0x2615,0x25f5,0x1593,0x1533,0x04d2,0x04b2,0x0492,0x0492,0x0471,0x0471,0x0450,0x0451,0x0430,0x0430,0x0410,
0x0431,0x0430,0x0431,0x0430,0x0431,0x0430,0x0430,0x0430,0x0451,0x0430,0x0451,0x0450,0x0471,0x0470,0x0491,0x0490,
0x04b1,0x0491,0x0471,0x0450,0x0451,0x0430,0x0430,0x0410,0x0411,0x03f0,0x03f0,0x03cf,0x03cf,0x03cf,0x03cf,0x03af,
0x03cf,0x03af,0x03af,0x03cf,0x03f0,0x03cf,0x03ef,0x03cf,0x03ef,0x0c30,0x0c50,0x03ef,0x03cf,0x03ae,0x03af,0x03ae,
0x144f,0x144f,0x0c2e,0x142f,0x0c0e,0x1c6f,0x1c6f,0x1c70,0x144f,0x1c4f,0x142e,0x144f,0x1c4f,0x038d,0x03ae,0x036d,
0x034c,0x038d,0x036d,0x03ae,0x03ee,0x040f,0x03ef,0x040f,0x040e,0x044f,0x0cef,0x25f2,0x1d91,0x04b0,0x0490,0x04b1,
0x04d1,0x0d12,0x04f1,0x04b0,0x04d0,0x1531,0x0d11,0x0cf1,0x0cf1,0x0d12,0x0d12,0x0d13,0x0512,0x0d12,0x04f1,0x0d12,
0x0511,0x0d32,0x0d11,0x0cf1,0x04b1,0x04d2,0x04d2,0x04d2,0x04b1,0x0491,0x0471,0x0471,0x0470,0x0471,0x0471,0x04b2,
0x04d1,0x0d32,0x0d32,0x0d53,0x0d72,0x25d3,0x2e34,0x3e75,0x3675,0x3eb5,0x3ef6,0x4ef7,0x56d5,0x7f36,0x7716,0x4ed6,
0x3695,0x2e56,0x2615,0x1594,0x0532,0x0533,0x04f2,0x04d2,0x04b1,0x04d2,0x04d2,0x04d2,0x04b2,0x04b2,0x04b1,0x04b2,
0x0491,0x04b2,0x04b2,0x04d3,0x04d2,0x04d2,0x04d2,0x04f3,0x04f2,0x0513,0x04f3,0x0513,0x0513,0x0534,0x0533,0x0554,
0x0d94,0x15f6,0x3e95,0x6f56,0x3ed6,0x2656,0x1e16,0x1df6,0x0db5,0x0d95,0x0574,0x0d74,0x0553,0x0554,0x0533,0x0533,
0x0513,0x0533,0x0533,0x0534,0x0533,0x0533,0x0533,0x0553,0x0553,0x0d74,0x0d94,0x15f5,0x1615,0x1e15,0x0db3,0x0d93,
0x0553,0x0554,0x0553,0x0d54,0x0553,0x0d74,0x0553,0x0d53,0x0d53,0x15b4,0x0d93,0x0d53,0x0532,0x0533,0x0512,0x0513,
0x0512,0x0513,0x04f3,0x0513,0x0513,0x0d33,0x0533,0x0d73,0x0d93,0x1df5,0x1df4,0x15b4,0x1593,0x25d3,0x3e54,0x4674,
0x2e34,0x2e55,0x1dd4,0x1db3,0x1573,0x0d13,0x04d2,0x04b2,0x0491,0x0491,0x0451,0x0451,0x0430,0x0430,0x0410,0x0410,
0x0410,0x0430,0x0410,0x0431,0x0410,0x0430,0x0410,0x0430,0x0410,0x0430,0x0430,0x0451,0x0450,0x0471,0x0470,0x0491,
0x0490,0x04b1,0x0470,0x0471,0x0450,0x0430,0x0410,0x0410,0x0410,0x0410,0x03ef,0x03ef,0x03cf,0x03cf,0x03af,0x03af,
0x03ae,0x03af,0x03ae,0x03cf,0x03ce,0x03ef,0x03ae,0x03ae,0x03ce,0x0c90,0x1d11,0x0c70,0x03ef,0x03ef,0x03ce,0x03ce,
0x1c90,0x144f,0x142f,0x142e,0x1c4f,0x1c6f,0x2490,0x1c6f,0x1c90,0x1c6f,0x1c6f,0x1c6f,0x0bcd,0x034c,0x0bae,0x0b8d,
0x036d,0x038d,0x038d,0x038d,0x03ee,0x040e,0x040f,0x040f,0x044f,0x0c8f,0x1d31,0x1530,0x0cf0,0x0490,0x0470,0x044f,
0x0491,0x0490,0x0490,0x0450,0x0cb1,0x1d51,0x2db3,0x1d52,0x1512,0x0d12,0x0d12,0x0d12,0x0d12,0x04f2,0x0d12,0x0512,
0x0d11,0x1572,0x2df3,0x1d92,0x0d11,0x04d1,0x0cf2,0x04f2,0x0cf2,0x04d1,0x0cd2,0x04b1,0x04b2,0x04b1,0x0cf2,0x0cf2,
0x1553,0x1573,0x1db4,0x1db4,0x25f5,0x2e14,0x3e75,0x3e96,0x4ed7,0x4ef7,0x5f17,0x6737,0x6f37,0x66d6,0x56d6,0x46b7,
0x3656,0x25f5,0x1db5,0x0d53,0x0d12,0x04f2,0x04f2,0x04d2,0x04d2,0x04b1,0x04d2,0x04d2,0x04d2,0x04b2,0x04d2,0x04b2,
0x04d2,0x04b2,0x04d3,0x04d2,0x04f3,0x04d2,0x04f3,0x04f3,0x0513,0x04f3,0x0d14,0x0513,0x0534,0x0533,0x0d74,0x0574,
0x15b5,0x1e15,0x4ed6,0x5ef6,0x2e75,0x1e35,0x2657,0x15f6,0x15d6,0x0db5,0x0dd5,0x0d94,0x0574,0x0553,0x0574,0x0554,
0x0554,0x0533,0x0554,0x0534,0x0554,0x0533,0x0554,0x0553,0x0d74,0x0d94,0x1df6,0x1e15,0x15d4,0x0d73,0x0d54,0x0553,
0x0554,0x0534,0x0554,0x0534,0x0d54,0x0d53,0x0d54,0x0513,0x0d33,0x0d73,0x15b5,0x0d73,0x0d53,0x0532,0x0d53,0x0533,
0x0533,0x0512,0x0513,0x0513,0x0533,0x0533,0x0d73,0x0d94,0x1dd5,0x1df5,0x1dd4,0x1593,0x15b4,0x15d4,0x3654,0x5eb4,
0x56d6,0x2e55,0x2615,0x1dd3,0x15b4,0x0d53,0x0d33,0x04d2,0x04b2,0x0491,0x0491,0x0471,0x0451,0x0451,0x0451,0x0410,
0x0431,0x0410,0x0431,0x0410,0x0431,0x0410,0x0431,0x0410,0x0431,0x0430,0x0451,0x0450,0x0451,0x0450,0x0471,0x0490,
0x04b1,0x04b1,0x04b1,0x0470,0x0471,0x0430,0x0431,0x0410,0x0430,0x0410,0x0c10,0x03ef,0x03f0,0x03cf,0x03cf,0x03cf,
0x03cf,0x03af,0x03cf,0x03ef,0x040f,0x03ef,0x03cf,0x03ae,0x03ef,0x0c90,0x2552,0x14f0,0x0c71,0x0430,0x0410,0x03ef,
0x0c0e,0x142f,0x0c2e,0x1c90,0x1c90,0x2490,0x1c6f,0x2490,0x1c8f,0x24b0,0x142e,0x0bcd,0x034c,0x030c,0x032c,0x034c,
0x038d,0x0bee,0x03cd,0x0c0e,0x0c2e,0x0c4e,0x042e,0x0c6f,0x14d1,0x14f1,0x048f,0x0490,0x0470,0x0470,0x042e,0x044f,
0x044f,0x0450,0x042f,0x0450,0x0450,0x0cb1,0x1d72,0x25b3,0x0d11,0x0cd1,0x04d1,0x0cf2,0x04f2,0x0d12,0x0512,0x0d32,
0x0d11,0x1d92,0x2e33,0x3633,0x1db2,0x1d73,0x0d32,0x1553,0x1553,0x1532,0x04f1,0x0cf2,0x0d12,0x1553,0x1592,0x25d3,
0x25d3,0x25d4,0x25f3,0x3e54,0x4695,0x56b5,0x56d5,0x5ef6,0x6716,0x7758,0x8778,0x8f98,0x6f38,0x5f18,0x3ed7,0x3656,
0x1d94,0x0d53,0x0532,0x0d53,0x0512,0x04f2,0x04d1,0x04f2,0x04d1,0x04d2,0x04b2,0x04f3,0x04d2,0x04d2,0x04d2,0x04d2,
0x04b2,0x04d2,0x04d2,0x04d3,0x04d2,0x04f3,0x04f2,0x04f3,0x04f3,0x0513,0x04f2,0x0513,0x0533,0x0554,0x0553,0x0d94,
0x15d5,0x2635,0x46d5,0x4eb6,0x1e15,0x15f5,0x15f5,0x15d5,0x0d94,0x0db5,0x0db5,0x0db5,0x0594,0x0574,0x0573,0x0554,
0x0554,0x0554,0x0553,0x0554,0x0554,0x0554,0x0574,0x0574,0x0573,0x15f5,0x1615,0x15d4,0x0553,0x0554,0x0533,0x0533,
0x0533,0x0533,0x0513,0x0533,0x0513,0x0533,0x0533,0x0533,0x0512,0x0d33,0x0533,0x0d53,0x0533,0x0d53,0x0552,0x0d53,
0x0532,0x0532,0x0512,0x0533,0x0532,0x0d53,0x0d73,0x15b4,0x15d4,0x1dd5,0x0d73,0x15b4,0x1df4,0x1e15,0x2e34,0x6ef5,
0x6f16,0x3e76,0x2614,0x1dd4,0x1593,0x0d73,0x0533,0x04f3,0x04d2,0x04d2,0x0491,0x0471,0x0451,0x0451,0x0450,0x0431,
0x0430,0x0431,0x0430,0x0430,0x0410,0x0430,0x0410,0x0430,0x0410,0x0430,0x0430,0x0430,0x0430,0x0450,0x0450,0x0470,
0x0490,0x04b1,0x04b1,0x0491,0x0450,0x0451,0x0430,0x0430,0x0410,0x0410,0x03ef,0x0410,0x03ef,0x03ef,0x03cf,0x03cf,
0x03cf,0x03cf,0x03ee,0x040f,0x03cf,0x03cf,0x03ae,0x03cf,0x03ef,0x0450,0x2592,0x35f3,0x1511,0x0cb0,0x044f,0x0430,
0x0bee,0x0bee,0x0c0e,0x1c6f,0x24b0,0x2490,0x24b0,0x1c8f,0x1c6f,0x1c4f,0x038c,0x032b,0x032c,0x030c,0x0b0c,0x02eb,
0x0bae,0x0c4f,0x0c2f,0x1c90,0x1c8f,0x0c4e,0x1cef,0x2551,0x14b0,0x046f,0x0470,0x0470,0x0490,0x0470,0x0470,0x044f,
0x0450,0x042f,0x044f,0x042f,0x0450,0x0450,0x0c91,0x0cf1,0x1511,0x0cf1,0x0cf2,0x0cf2,0x1512,0x0d12,0x1553,0x1553,
0x1553,0x25b3,0x2e13,0x25b2,0x1d72,0x0d12,0x1512,0x1552,0x25b4,0x1573,0x1532,0x0cf1,0x0d12,0x1552,0x25d3,0x2e33,
0x2e14,0x1db3,0x25f3,0x35f3,0x4654,0x4654,0x56b4,0x6ef4,0x8f76,0x9fb9,0xaffb,0x9fd9,0x7758,0x46d7,0x2e56,0x1d94,
0x1593,0x0d52,0x0512,0x04f2,0x0d13,0x04f2,0x04d2,0x04d2,0x04f3,0x04f2,0x04f3,0x04d2,0x04f3,0x04f2,0x04f3,0x04d2,
0x04f3,0x04d2,0x04f2,0x04d2,0x04f3,0x04f3,0x04f3,0x04f3,0x04f3,0x04f3,0x0513,0x0512,0x0533,0x0553,0x0d94,0x0db4,
0x1df5,0x2634,0x46d5,0x3675,0x1e16,0x15d5,0x15d5,0x0db5,0x0db5,0x0594,0x0d95,0x0594,0x0db5,0x0594,0x0d95,0x0574,
0x0d75,0x0574,0x0d74,0x0574,0x0d75,0x0574,0x0d94,0x0594,0x0dd5,0x1e35,0x15f4,0x0572,0x0554,0x0533,0x0533,0x0513,
0x0533,0x0513,0x0533,0x0513,0x0513,0x0513,0x0533,0x0513,0x0513,0x0513,0x0533,0x0513,0x0d33,0x0532,0x0d72,0x0d73,
0x15b4,0x0d73,0x0d53,0x0553,0x0d53,0x0d73,0x15b4,0x15b4,0x1dd5,0x1593,0x1594,0x1dd4,0x2e77,0x3697,0x46b6,0x7737,
0x8f99,0x4eb7,0x2e56,0x1df4,0x15d4,0x0d73,0x1573,0x0d33,0x0d33,0x04f2,0x04d2,0x0491,0x0492,0x0471,0x0451,0x0431,
0x0451,0x0431,0x0451,0x0430,0x0431,0x0410,0x0431,0x0410,0x0431,0x0430,0x0430,0x0430,0x0451,0x0450,0x0450,0x0470,
0x0491,0x04b1,0x0cf2,0x0491,0x0471,0x0450,0x0451,0x0430,0x0431,0x0410,0x0410,0x0410,0x0410,0x03f0,0x03f0,0x03cf,
0x03f0,0x03ef,0x040f,0x03ee,0x03ef,0x03cf,0x03ef,0x03ef,0x0410,0x040f,0x1d31,0x35f1,0x2d91,0x1d51,0x1d11,0x0cb0,
0x0c2f,0x0c0e,0x03ed,0x0bed,0x142e,0x1c6f,0x1c6f,0x1c6f,0x144e,0x13ed,0x036c,0x0b6d,0x032c,0x0b0c,0x02cb,0x02eb,
0x03ac,0x0c2e,0x03ee,0x144f,0x0c2e,0x0c2e,0x148e,0x2510,0x044e,0x040e,0x042f,0x0450,0x0450,0x0490,0x0490,0x0471,
0x040f,0x042f,0x040f,0x040f,0x042f,0x0450,0x0450,0x04b1,0x04b0,0x0d11,0x1532,0x1532,0x0d32,0x1553,0x1552,0x1553,
0x1552,0x1db3,0x1572,0x0d11,0x04b0,0x04b1,0x04b1,0x04d1,0x04f1,0x0cf1,0x04b0,0x04b0,0x04b0,0x0cf1,0x0d11,0x1532,
0x0d31,0x1532,0x1552,0x1d93,0x25b3,0x25f3,0x2e14,0x4e75,0x7735,0xa7b7,0xaf99,0x8f77,0x5ef4,0x3e75,0x1dd3,0x1d93,
0x1573,0x0d32,0x04f1,0x04d2,0x04d1,0x04f2,0x04d2,0x04d2,0x04d1,0x04d2,0x04d2,0x04f3,0x04f3,0x04f3,0x04d2,0x04f3,
0x04d2,0x04f3,0x04d2,0x04f2,0x04f2,0x0513,0x04f3,0x0513,0x04f2,0x0512,0x0512,0x0513,0x0532,0x0573,0x0594,0x15d4,
0x2634,0x4eb5,0x4eb5,0x2655,0x15d5,0x15d5,0x0d94,0x0db5,0x0db4,0x0594,0x0573,0x0d94,0x0594,0x0db5,0x0db4,0x0db5,
0x0594,0x0db5,0x0594,0x0d95,0x0594,0x0db4,0x0594,0x0dd5,0x1e35,0x2635,0x0d93,0x0553,0x0532,0x0513,0x04f3,0x0513,
0x04f3,0x0513,0x04f3,0x04f3,0x04f3,0x04f3,0x04f3,0x04f3,0x04f2,0x04f3,0x04f3,0x0513,0x04f2,0x0512,0x0d32,0x1573,
0x1593,0x1db4,0x1573,0x1573,0x0d73,0x1594,0x15b4,0x15d4,0x0db3,0x0d93,0x0db3,0x2615,0x2e76,0x36d7,0x4ef6,0x8f98,
0x9fd9,0x7f59,0x4696,0x2636,0x1df4,0x15d4,0x0d73,0x1573,0x0d53,0x0d33,0x04f2,0x04b2,0x0491,0x0491,0x0451,0x0471,
0x0450,0x0451,0x0450,0x0431,0x0410,0x0430,0x0410,0x0431,0x0410,0x0431,0x0410,0x0431,0x0430,0x0450,0x0450,0x0471,
0x0470,0x0cd2,0x0cf2,0x0cb1,0x0450,0x0451,0x0430,0x0430,0x0430,0x0430,0x0410,0x0410,0x03ef,0x03f0,0x03cf,0x03f0,
0x03cf,0x03cf,0x03cf,0x03cf,0x03ce,0x03ef,0x040f,0x040f,0x040f,0x0c90,0x2d71,0x2db1,0x1510,0x2551,0x2571,0x2571,
0x13ef,0x142f,0x1c2f,0x140e,0x140e,0x13ee,0x140e,0x0bad,0x0b8d,0x036c,0x036d,0x034d,0x0b4c,0x02cb,0x02ab,0x034c,
0x0c0e,0x0c0e,0x0c0e,0x142e,0x142e,0x144e,0x1caf,0x148e,0x0c6f,0x040e,0x040f,0x042f,0x0450,0x0c91,0x0cb1,0x0470,
0x0430,0x040f,0x0430,0x040f,0x0430,0x0450,0x0471,0x0491,0x04d1,0x0d31,0x2df4,0x1d73,0x1552,0x0d52,0x1533,0x0d12,
0x1552,0x0d11,0x0d11,0x04b0,0x04b1,0x04b1,0x04b1,0x04b1,0x04d1,0x04d1,0x04d1,0x04b1,0x0cd2,0x0cf1,0x0cf2,0x0cf2,
0x0d12,0x0d12,0x1d73,0x1d93,0x25b4,0x25d3,0x3635,0x3e75,0x56b5,0x66b4,0x6ed5,0x5692,0x5eb4,0x4e94,0x3615,0x25d4,
0x1dd4,0x0d32,0x0cf2,0x04b1,0x04d2,0x04d2,0x0cf3,0x04f3,0x04f2,0x04d2,0x04f2,0x04f2,0x0513,0x0513,0x0513,0x04f2,
0x04f3,0x04f2,0x0513,0x04f2,0x04f2,0x04f2,0x0513,0x0512,0x0533,0x0532,0x0d54,0x0553,0x0d94,0x15d5,0x15f5,0x1e14,
0x3696,0x4ed6,0x56d6,0x2634,0x15f5,0x0dd4,0x0db4,0x0d94,0x0db5,0x0574,0x0574,0x0574,0x0db5,0x0db4,0x15d5,0x0db5,
0x0dd5,0x0db5,0x15d5,0x0db4,0x0db4,0x0dd4,0x1e35,0x3675,0x46d6,0x2635,0x0d94,0x0553,0x0554,0x0533,0x0d34,0x0513,
0x0513,0x04f3,0x0513,0x04f3,0x0513,0x04f3,0x04f3,0x04f3,0x04f3,0x04f3,0x0513,0x04f3,0x04f3,0x04f3,0x0d13,0x0512,
0x0d53,0x0d52,0x1db4,0x1dd4,0x1dd4,0x15b4,0x1dd5,0x15d4,0x15d4,0x0db4,0x1e15,0x2635,0x2656,0x3675,0x6f37,0x97b7,
0xa7d7,0xa7d7,0x8f77,0x5ed7,0x4677,0x1e15,0x15f5,0x1574,0x1d94,0x0d73,0x0d13,0x04b1,0x04b2,0x0491,0x0471,0x0451,
0x0471,0x0450,0x0451,0x0430,0x0430,0x0430,0x0431,0x0430,0x0431,0x0430,0x0431,0x0430,0x0431,0x0450,0x0471,0x0470,
0x0491,0x0491,0x0c91,0x0470,0x0451,0x0430,0x0451,0x0430,0x0451,0x0430,0x0431,0x03f0,0x03f0,0x03ef,0x03f0,0x03cf,
0x03cf,0x03cf,0x03ef,0x03ce,0x03cf,0x03ef,0x0430,0x042f,0x0c8f,0x1d31,0x2d71,0x14ef,0x14f1,0x14f1,0x14d0,0x0c8f,
0x030c,0x0b6d,0x0bad,0x140f,0x13ee,0x036d,0x030b,0x032c,0x032c,0x034d,0x034c,0x0b4d,0x02eb,0x02aa,0x02cb,0x036d,
0x0c0e,0x144f,0x0c2e,0x1c8f,0x1ccf,0x24f0,0x146e,0x148f,0x0c6f,0x0c2e,0x040e,0x042f,0x042f,0x0471,0x042f,0x03ef,
0x03ee,0x040f,0x03ef,0x040f,0x040f,0x0450,0x0450,0x0491,0x0cf1,0x1552,0x3613,0x3e13,0x2592,0x2592,0x1d92,0x1552,
0x0d12,0x0d12,0x04d1,0x04b1,0x0490,0x04b1,0x0490,0x04b1,0x0491,0x04b2,0x0491,0x0491,0x0491,0x04b2,0x04b1,0x04d2,
0x04d1,0x0cf2,0x0d12,0x1553,0x1552,0x1d93,0x25d3,0x2dd3,0x25d3,0x3e54,0x4673,0x3e54,0x2e13,0x3634,0x25f4,0x2e14,
0x2e34,0x1db4,0x0d12,0x04f2,0x04d2,0x04d2,0x04d1,0x04f2,0x04f2,0x0512,0x04f2,0x0512,0x0532,0x0d73,0x0552,0x0533,
0x0513,0x0513,0x04f2,0x0512,0x04f2,0x0513,0x0513,0x0553,0x0553,0x0d94,0x0d94,0x0db4,0x0db4,0x15f5,0x0dd3,0x1e34,
0x2655,0x2e55,0x3695,0x3e95,0x1635,0x15f5,0x05b4,0x0d94,0x0594,0x0574,0x0573,0x0574,0x0574,0x0d94,0x0db4,0x0dd5,
0x0db4,0x15d5,0x0dd4,0x0dd4,0x15f4,0x1e55,0x2e75,0x3696,0x2635,0x15d5,0x0d94,0x0d95,0x0554,0x0d54,0x0513,0x0513,
0x04f3,0x04f3,0x04d2,0x04f3,0x04d2,0x04f3,0x04d2,0x04d2,0x04d2,0x04f3,0x04d2,0x04f3,0x04d2,0x04f3,0x04d2,0x04f3,
0x04f2,0x0d32,0x0d52,0x1dd4,0x1dd4,0x1dd4,0x1dd3,0x25f4,0x2615,0x2e35,0x2e34,0x3675,0x3675,0x56b5,0x6ef5,0x76f5,
0x5e94,0x66d5,0x66d5,0x66d6,0x66d6,0x56b6,0x2e34,0x2615,0x15d4,0x0d73,0x04d1,0x04b1,0x0471,0x0471,0x0450,0x0470,
0x0450,0x0451,0x0450,0x0450,0x0430,0x0450,0x0430,0x0450,0x0430,0x0430,0x0430,0x0450,0x0450,0x0470,0x0450,0x0470,
0x0450,0x0450,0x0430,0x0430,0x0430,0x0430,0x0410,0x0430,0x0410,0x0430,0x0410,0x0410,0x03ef,0x03f0,0x03cf,0x03cf,
0x03ce,0x03cf,0x03ce,0x03cf,0x03ce,0x0410,0x0430,0x0c6f,0x1510,0x3591,0x1d30,0x14d1,0x0cb0,0x0c90,0x042f,0x042f,
0x030c,0x030b,0x030b,0x032c,0x032c,0x032c,0x034c,0x032c,0x0b4d,0x034c,0x0b6d,0x030b,0x02ab,0x02cb,0x034d,0x0bad,
0x1c4f,0x0c4e,0x144e,0x1cf0,0x2d31,0x1caf,0x1caf,0x0c6e,0x14af,0x148f,0x0c4f,0x03ee,0x0430,0x042f,0x040f,0x03ce,
0x03ef,0x03ef,0x040f,0x040f,0x0450,0x0450,0x0c91,0x04b1,0x1512,0x0d51,0x2df2,0x4e52,0x4652,0x3e13,0x2dd3,0x1551,
0x1532,0x0d12,0x0cf2,0x04b1,0x04b1,0x0471,0x0471,0x0450,0x0471,0x0450,0x0471,0x0450,0x0471,0x0471,0x0491,0x0491,
0x0491,0x0491,0x04d1,0x04f1,0x0d32,0x0d32,0x1572,0x0d53,0x25b4,0x3e53,0x3e54,0x25d4,0x1df5,0x1df4,0x1dd4,0x1db3,
0x25f4,0x25f4,0x1d94,0x0d33,0x1533,0x0d32,0x0d12,0x04f1,0x0d12,0x0512,0x0d33,0x0d33,0x0d94,0x0d94,0x0d93,0x0573,
0x0d54,0x0553,0x0d53,0x0533,0x0d54,0x0554,0x0d54,0x0554,0x0d74,0x0d74,0x0d94,0x0d94,0x0db4,0x0d94,0x15f5,0x2656,
0x2e97,0x2635,0x3e96,0x56d6,0x3696,0x15f5,0x0df5,0x0db4,0x0db5,0x0db4,0x0db4,0x0db4,0x0db5,0x0db4,0x15d5,0x15f5,
0x1e16,0x1e16,0x1e36,0x1635,0x1e56,0x1e35,0x1e14,0x15d5,0x15d6,0x1594,0x0d95,0x0574,0x0554,0x0513,0x0534,0x0513,
0x0513,0x04f3,0x04f3,0x04d2,0x04f3,0x04d2,0x04f3,0x04d2,0x04d3,0x04d2,0x04f3,0x04d2,0x04f3,0x04d2,0x04f3,0x04f3,
0x0d14,0x0513,0x0d54,0x1594,0x1593,0x15b3,0x2614,0x3675,0x46b6,0x3e55,0x4695,0x5715,0x4ed6,0x3e34,0x3e14,0x25d4,
0x1dd5,0x1dd5,0x25d5,0x25d4,0x4634,0x5674,0x4e54,0x3e54,0x3e75,0x2e14,0x1573,0x04d2,0x04b2,0x0491,0x0491,0x0470,
0x0471,0x0470,0x0471,0x0451,0x0471,0x0451,0x0451,0x0450,0x0451,0x0450,0x0450,0x0450,0x0451,0x0450,0x0491,0x0491,
0x0471,0x0430,0x0430,0x0430,0x0430,0x0410,0x0410,0x040f,0x0410,0x0410,0x0410,0x0410,0x0410,0x0410,0x0410,0x03cf,
0x03cf,0x03cf,0x03ef,0x03ef,0x0c30,0x0c51,0x0c91,0x14ef,0x2d92,0x2531,0x14d0,0x0cb0,0x0cb0,0x0490,0x0470,0x042f,
0x02eb,0x030c,0x030b,0x030c,0x030c,0x034d,0x032c,0x032c,0x032c,0x0b4d,0x030c,0x02cb,0x02cb,0x03ce,0x03ee,0x144f,
0x24ef,0x148e,0x14ce,0x2d51,0x1cef,0x14af,0x148f,0x14af,0x14af,0x0c4f,0x038d,0x040f,0x042f,0x042f,0x040f,0x03ef,
0x03ce,0x03ef,0x040f,0x0450,0x044f,0x0491,0x0490,0x0cb1,0x04b1,0x0d12,0x1d92,0x4632,0x4e72,0x4653,0x1551,0x1532,
0x0512,0x0cf2,0x04b1,0x04b1,0x0470,0x0450,0x0430,0x0450,0x042f,0x0450,0x0450,0x0450,0x0450,0x0450,0x0450,0x0471,
0x0470,0x0491,0x04b1,0x04f1,0x0511,0x0d32,0x0d52,0x0d53,0x1db3,0x3e74,0x2e13,0x1db4,0x15b4,0x1dd4,0x15b3,0x1593,
0x0532,0x0d32,0x0d12,0x0d33,0x0d52,0x1573,0x1573,0x1573,0x0d52,0x0d53,0x0d32,0x1574,0x0d94,0x15b4,0x0d93,0x15b4,
0x15b4,0x15b4,0x0d73,0x0d74,0x0553,0x0554,0x0533,0x0554,0x0533,0x0553,0x0553,0x0574,0x0574,0x0db4,0x1e15,0x2e76,
0x1e35,0x1e35,0x2e55,0x46b6,0x3674,0x1e35,0x0e15,0x15f5,0x0dd4,0x0dd4,0x0dd4,0x15d5,0x0dd4,0x15f5,0x1615,0x1e36,
0x1e55,0x2696,0x2676,0x1e35,0x0dd4,0x0dd4,0x0dd4,0x15b5,0x0d94,0x0d74,0x0553,0x0533,0x0512,0x0513,0x0513,0x0513,
0x04f3,0x04f3,0x04f2,0x04f3,0x04d2,0x04d3,0x04d2,0x04d3,0x04d2,0x04d3,0x04d2,0x04d3,0x04d2,0x04d2,0x04b2,0x04d3,
0x04d2,0x04f3,0x0513,0x0d53,0x0d72,0x15b3,0x2614,0x3e96,0x3e74,0x4654,0x4e74,0x4674,0x25b3,0x1d93,0x1593,0x1594,
0x0d53,0x1573,0x1593,0x1594,0x1593,0x1dd3,0x1d92,0x2592,0x35d2,0x4674,0x4675,0x35f4,0x0d32,0x0cd2,0x0491,0x0491,
0x0470,0x0491,0x0471,0x0471,0x0471,0x0471,0x0450,0x0471,0x0450,0x0471,0x0450,0x0471,0x0470,0x0491,0x04d1,0x0cb1,
0x0450,0x0430,0x0410,0x0410,0x03ef,0x0410,0x03ef,0x03f0,0x03ef,0x03f0,0x03ef,0x0410,0x03ef,0x0410,0x03ef,0x03ef,
0x03ef,0x03ef,0x03ef,0x0410,0x0430,0x0450,0x0ccf,0x2591,0x1d31,0x14b0,0x048f,0x0c90,0x048f,0x0c90,0x042f,0x040f,
0x032c,0x032c,0x0b2c,0x030c,0x034d,0x034c,0x0b4d,0x032c,0x0b2c,0x030b,0x032c,0x0b6d,0x0b4d,0x0bce,0x0c0f,0x146f,
0x2d0f,0x2530,0x2530,0x1cf0,0x1caf,0x148f,0x1caf,0x1c8f,0x144f,0x03ce,0x03ae,0x040f,0x0430,0x040f,0x0430,0x040f,
0x03ef,0x040f,0x0430,0x044f,0x0470,0x0470,0x0470,0x0490,0x14f1,0x25b2,0x4674,0x4e74,0x76d5,0x66b4,0x1d71,0x04f1,
0x04f2,0x04b1,0x04b1,0x0490,0x0470,0x0450,0x0451,0x0450,0x0450,0x0430,0x0451,0x0450,0x0450,0x0450,0x0471,0x0450,
0x0491,0x0490,0x0cd2,0x04d1,0x0d12,0x0d32,0x1573,0x1573,0x3634,0x3674,0x25f4,0x0d93,0x15b4,0x0d73,0x1d94,0x1593,
0x0d52,0x0511,0x0d12,0x04f2,0x0d12,0x0511,0x1573,0x1593,0x1db4,0x1593,0x15b3,0x1dd4,0x1df4,0x1df4,0x1df5,0x2615,
0x2636,0x1df5,0x1db4,0x0d73,0x0d74,0x0553,0x0534,0x0533,0x0553,0x0553,0x0574,0x0574,0x0db5,0x15d4,0x2635,0x1df4,
0x1df5,0x15f5,0x2635,0x46b6,0x46d6,0x2e54,0x1e56,0x1615,0x15f5,0x0dd4,0x15d5,0x15f5,0x1e36,0x1e56,0x2677,0x1e97,
0x36f6,0x4ef6,0x4ed7,0x2635,0x15f5,0x0dd4,0x15d5,0x0db5,0x0d95,0x0d74,0x0d54,0x0533,0x0534,0x0513,0x0534,0x0513,
0x0513,0x04f3,0x04f3,0x04d2,0x04d3,0x04d2,0x04d3,0x04d2,0x04d3,0x04d2,0x04d3,0x04d2,0x04d3,0x04d2,0x04d3,0x04b2,
0x04f3,0x0513,0x0d34,0x0d53,0x1593,0x15d4,0x1e15,0x25f4,0x3e34,0x4e94,0x4674,0x1db3,0x1574,0x0d73,0x1574,0x0d53,
0x1554,0x1573,0x1d94,0x1574,0x1d74,0x1553,0x1553,0x0d33,0x0d32,0x1532,0x2db3,0x2e14,0x25d4,0x1532,0x0cf3,0x04b1,
0x04b2,0x04b1,0x0cd2,0x04d2,0x0cd2,0x04d2,0x0cd2,0x04b1,0x04b1,0x0491,0x04b1,0x04b1,0x04d2,0x0cf1,0x1512,0x04b1,
0x0450,0x0430,0x0430,0x0410,0x0410,0x040f,0x0410,0x03ef,0x0410,0x03ef,0x03f0,0x040f,0x0410,0x040f,0x0410,0x040f,
0x0430,0x040f,0x0410,0x0430,0x0450,0x14f0,0x2df2,0x1d51,0x14b0,0x0c90,0x0c90,0x0470,0x0c90,0x042f,0x03ef,0x03ae,
0x02eb,0x032c,0x030c,0x032c,0x030c,0x032c,0x032c,0x032c,0x02eb,0x02eb,0x032c,0x02eb,0x02cb,0x036d,0x036c,0x1c6f,
0x3570,0x250f,0x148e,0x14af,0x14af,0x1cb0,0x0c4d,0x142e,0x038d,0x03ae,0x03ad,0x040f,0x040f,0x042f,0x040f,0x040f,
0x03ef,0x040f,0x042f,0x0450,0x046f,0x0491,0x04b0,0x04b1,0x14f1,0x2572,0x2571,0x2591,0x55d2,0x66b5,0x2dd2,0x0d11,
0x04d1,0x04d1,0x0490,0x0470,0x0450,0x0450,0x042f,0x0450,0x0430,0x0430,0x0430,0x0450,0x0450,0x0451,0x0450,0x0470,
0x0470,0x0491,0x04d1,0x04f1,0x04f1,0x0d32,0x0d52,0x1db3,0x2e13,0x25d3,0x0d73,0x0d93,0x0573,0x0d73,0x1573,0x1593,
0x0d72,0x0d12,0x04f1,0x04f2,0x04d1,0x04f2,0x04f1,0x0d33,0x1573,0x1df4,0x2634,0x2e75,0x2e75,0x2e75,0x1e14,0x1df4,
0x1dd4,0x1dd5,0x0d93,0x0d73,0x0553,0x0d53,0x0533,0x0553,0x0553,0x0573,0x0573,0x0d94,0x0db4,0x15f4,0x15f4,0x1df4,
0x1df5,0x2616,0x2e35,0x5ef6,0x6716,0x46b5,0x2655,0x2636,0x1e16,0x1e16,0x15d5,0x15f5,0x1615,0x2677,0x2ed8,0x4738,
0x6f57,0x7f78,0x4ed6,0x2615,0x0df5,0x0dd5,0x0593,0x0574,0x0554,0x0d74,0x0554,0x0534,0x0513,0x0534,0x0513,0x0513,
0x04f3,0x04f3,0x04d2,0x04d2,0x04b2,0x04d3,0x04d2,0x04d2,0x04b2,0x04d3,0x04d2,0x04d3,0x04b2,0x04b2,0x04b2,0x04d2,
0x04f2,0x0513,0x0513,0x0d33,0x0532,0x0d93,0x0d93,0x15b3,0x3e54,0x5ed5,0x2dd3,0x0d54,0x0d33,0x0d33,0x0d12,0x0d33,
0x0d12,0x0d33,0x0d12,0x0d12,0x0cf2,0x1512,0x0d12,0x0d12,0x04d1,0x04b2,0x04b1,0x0d12,0x1533,0x1553,0x0d32,0x0d32,
0x0cf1,0x0cf1,0x04f1,0x04f2,0x04f2,0x04f2,0x04f2,0x0d12,0x04f1,0x04f2,0x04d1,0x04d1,0x04d1,0x0d32,0x0d32,0x0cf2,
0x0470,0x0450,0x0410,0x0410,0x03ef,0x0410,0x03ef,0x0410,0x03ef,0x0410,0x03ef,0x042f,0x040f,0x042f,0x040f,0x040f,
0x040f,0x0430,0x044f,0x0cb1,0x1511,0x2d92,0x2d92,0x0cd0,0x0490,0x0cb0,0x0490,0x0c90,0x042f,0x03ce,0x036d,0x036e,
0x02ab,0x02ab,0x02cb,0x02cb,0x02cb,0x02eb,0x0b6d,0x032c,0x02eb,0x030b,0x032c,0x02cb,0x030c,0x038d,0x03ce,0x0c0e,
0x144f,0x0c0e,0x1c70,0x148f,0x1cd0,0x148f,0x146f,0x0bee,0x038d,0x03ae,0x03ef,0x044f,0x0470,0x0450,0x0450,0x0450,
0x0450,0x0450,0x0470,0x04b0,0x14f2,0x0cf1,0x0cf1,0x04b0,0x0cd1,0x0cf1,0x14f1,0x0cf1,0x1d11,0x2572,0x2db3,0x1552,
0x0d12,0x04f1,0x04d1,0x04b0,0x04b1,0x0470,0x0450,0x0430,0x0450,0x0430,0x0451,0x0451,0x0451,0x0451,0x0451,0x0470,
0x0491,0x04b1,0x0cf2,0x04f1,0x0d12,0x0532,0x1592,0x1db3,0x1dd4,0x1553,0x1553,0x0d52,0x0d73,0x0d52,0x1573,0x1573,
0x1573,0x0d32,0x0d32,0x0511,0x0d12,0x0512,0x0533,0x0553,0x1594,0x1dd4,0x2614,0x2634,0x2e35,0x1df4,0x1dd4,0x15b3,
0x15b4,0x1594,0x1594,0x0d73,0x0d73,0x0d73,0x0d73,0x0553,0x0d94,0x0594,0x0db4,0x0dd4,0x1e15,0x1e14,0x2635,0x1e35,
0x2636,0x2656,0x3656,0x4695,0x5ef6,0x46b5,0x2e96,0x2676,0x2e77,0x2657,0x2657,0x2656,0x2e97,0x3696,0x5f38,0x87b9,
0xa7fa,0x6f78,0x36b7,0x1e15,0x15d5,0x0d94,0x0d94,0x0573,0x0554,0x0533,0x0554,0x0533,0x0534,0x0513,0x0513,0x04f3,
0x0513,0x04f3,0x04f3,0x04d2,0x04d3,0x04d2,0x04d3,0x04d2,0x0cd3,0x04d2,0x04d3,0x04d2,0x04d3,0x04b2,0x04d3,0x04d2,
0x04f3,0x04f3,0x04f3,0x04f2,0x0d13,0x0512,0x0d33,0x0d73,0x3654,0x3655,0x1574,0x0512,0x0d13,0x0cf2,0x0d13,0x0cf2,
0x0cb2,0x04b1,0x04b2,0x04b1,0x04b2,0x04d1,0x0cf2,0x04f2,0x0cf2,0x04b1,0x04b1,0x0491,0x04d2,0x04d2,0x0cf2,0x0d32,
0x1d72,0x1d92,0x2df4,0x1db3,0x1d73,0x0d32,0x0d33,0x0512,0x0d33,0x0cf2,0x0cf2,0x0d32,0x1db4,0x1d93,0x1552,0x0d11,
0x0cd2,0x0470,0x0450,0x0430,0x0430,0x0410,0x0430,0x040f,0x0430,0x040f,0x0430,0x042f,0x0450,0x0450,0x0450,0x0470,
0x0470,0x0470,0x14f1,0x2571,0x35b2,0x14d0,0x0c90,0x046f,0x0c90,0x046f,0x0c70,0x042f,0x03ce,0x036e,0x036e,0x036d,
0x026a,0x028b,0x026a,0x028b,0x028a,0x02cb,0x02cb,0x02eb,0x02eb,0x030c,0x030c,0x030c,0x032c,0x03ae,0x03ce,0x036d,
0x030c,0x032c,0x034c,0x0b8d,0x0c0e,0x0c0e,0x03ad,0x036d,0x144f,0x14b0,0x0c90,0x0490,0x0490,0x04b1,0x04b0,0x0cd1,
0x048f,0x0cb0,0x0cf0,0x14f1,0x14f1,0x0cf1,0x04d0,0x0cd1,0x0cf1,0x14f1,0x0cb1,0x04b1,0x0490,0x0cb1,0x0cd0,0x1512,
0x0d32,0x1532,0x0cf1,0x0cf1,0x04b0,0x04b0,0x0490,0x0471,0x0450,0x0470,0x0450,0x0450,0x0450,0x0470,0x0450,0x0491,
0x04b0,0x04f1,0x04f1,0x0d32,0x0d32,0x1573,0x25d2,0x25f3,0x0d72,0x0d53,0x0d53,0x1573,0x0d52,0x0d53,0x0d32,0x0d12,
0x0511,0x0d12,0x04f2,0x04f2,0x04f1,0x0512,0x0532,0x0d73,0x0d52,0x1573,0x1593,0x1573,0x0d52,0x0d53,0x0d53,0x1574,
0x0d93,0x1594,0x0d94,0x15b4,0x0d93,0x1593,0x0d72,0x0d94,0x0d94,0x15d5,0x15f4,0x2656,0x2635,0x2635,0x2655,0x2636,
0x2635,0x2656,0x2e55,0x4eb5,0x5ef5,0x6716,0x6f37,0x5758,0x46d6,0x46b7,0x3eb7,0x3eb7,0x3eb6,0x5717,0x5f16,0x6736,
0x6f77,0x5717,0x2656,0x15f5,0x0d94,0x0d74,0x0573,0x0573,0x0533,0x0533,0x0513,0x0513,0x0513,0x0513,0x04f3,0x0513,
0x04f2,0x04f3,0x04d2,0x04d3,0x04d2,0x04d2,0x04d2,0x04d3,0x04d2,0x04d2,0x04b2,0x04d3,0x04b2,0x04d2,0x04b2,0x04d2,
0x04b2,0x04b2,0x04b1,0x04d2,0x04d1,0x04d2,0x04f1,0x1573,0x2613,0x25b4,0x04f2,0x04d2,0x04d1,0x0cf2,0x04b1,0x0491,
0x0470,0x0471,0x0471,0x0471,0x0470,0x0491,0x0491,0x0cb2,0x04b1,0x04b2,0x0491,0x0491,0x0471,0x0491,0x0471,0x04b2,
0x0cf1,0x1d92,0x3614,0x3614,0x2dd3,0x2dd3,0x25b3,0x1d53,0x0d32,0x1553,0x25b3,0x2e35,0x25f4,0x1573,0x04d0,0x04d1,
0x0cf1,0x0cd1,0x0470,0x0450,0x042f,0x0430,0x042f,0x0430,0x042f,0x0430,0x042f,0x0490,0x0490,0x0491,0x0491,0x04b1,
0x04b0,0x0cd0,0x2551,0x2551,0x0cae,0x046f,0x046f,0x0c90,0x046f,0x0c6f,0x040e,0x03ae,0x036d,0x034d,0x034d,0x034d,
0x02ab,0x02ab,0x02cc,0x02ab,0x02cc,0x02cb,0x02ec,0x030c,0x032d,0x032c,0x036d,0x032c,0x02ec,0x034d,0x034d,0x032c,
0x032d,0x030c,0x030c,0x032c,0x038d,0x036d,0x038e,0x032c,0x0c0f,0x2df4,0x2dd4,0x1531,0x1551,0x1551,0x1551,0x0d10,
0x0cf0,0x0cb0,0x14d1,0x0cb0,0x0cd1,0x0cd1,0x14f2,0x0cd1,0x14d1,0x0cb1,0x0c90,0x044f,0x044f,0x0470,0x0c91,0x04b1,
0x0d11,0x1552,0x1d73,0x0d11,0x04f1,0x04b0,0x04d1,0x04b1,0x0491,0x0491,0x0491,0x0470,0x0470,0x0470,0x0491,0x04b1,
0x0cf2,0x0511,0x0d52,0x1572,0x1d94,0x25d3,0x4675,0x3654,0x1db3,0x1573,0x1d94,0x0d52,0x0d12,0x04f1,0x04f2,0x04d1,
0x04f1,0x04d1,0x04f2,0x04f2,0x04f2,0x04f1,0x0512,0x0d32,0x0d73,0x0552,0x0d53,0x0533,0x0d33,0x0513,0x0d34,0x0513,
0x0d33,0x0533,0x0d74,0x0d94,0x1dd5,0x1e14,0x2635,0x1e14,0x1e15,0x2635,0x3676,0x3696,0x2e55,0x2635,0x2e35,0x2614,
0x2e76,0x46d6,0x6716,0x6f36,0x7f57,0x8736,0x9fb8,0x97b8,0x7f97,0x56f7,0x4eb8,0x4696,0x4ef6,0x4f17,0x3ed6,0x2675,
0x3ed6,0x4f17,0x3e97,0x15f5,0x15d5,0x0d74,0x0d94,0x0573,0x0554,0x0533,0x0534,0x0513,0x0513,0x04f3,0x0513,0x04f3,
0x0513,0x04d2,0x04f3,0x04d2,0x04d3,0x04d2,0x04d3,0x04d2,0x04d3,0x04b2,0x04d3,0x04b2,0x04d2,0x04b2,0x04b2,0x0492,
0x04b2,0x0492,0x04b2,0x04b1,0x04d2,0x04d2,0x0d53,0x1db4,0x2615,0x1553,0x0cf2,0x04d2,0x0cf3,0x04b1,0x0491,0x0471,
0x0471,0x0451,0x0471,0x0451,0x0471,0x0471,0x0471,0x0471,0x0491,0x0471,0x0492,0x0471,0x0491,0x0471,0x0472,0x0492,
0x04b1,0x04b0,0x1512,0x1512,0x1d32,0x1d71,0x35d3,0x4633,0x3e33,0x3614,0x3e75,0x3e75,0x2df3,0x1552,0x0d12,0x04d1,
0x0cd1,0x0d11,0x1532,0x0cd1,0x04b1,0x046f,0x04b0,0x0cf1,0x0cf1,0x0cd0,0x1532,0x1d52,0x1d72,0x1d92,0x2592,0x1d51,
0x2592,0x2591,0x2571,0x1510,0x0cd0,0x0470,0x0c6f,0x046f,0x0c6f,0x044f,0x040e,0x036d,0x034d,0x034d,0x034e,0x032d,
0x034d,0x036d,0x034d,0x034d,0x032d,0x034d,0x032c,0x032d,0x032d,0x032d,0x036c,0x038d,0x036d,0x0bae,0x032c,0x032c,
0x030c,0x032c,0x030c,0x034c,0x034c,0x034d,0x034d,0x036d,0x03ee,0x1532,0x1552,0x1d52,0x0cf1,0x0cb1,0x0470,0x0470,
0x0430,0x0430,0x0410,0x0450,0x0450,0x0c91,0x0490,0x04b1,0x0490,0x0c91,0x0450,0x042f,0x042f,0x0430,0x042f,0x0470,
0x0490,0x14f1,0x1531,0x1551,0x0d31,0x0cf2,0x04b1,0x04d1,0x04b1,0x04b2,0x04d1,0x04d1,0x0490,0x04b0,0x04b0,0x0d12,
0x0d12,0x0d12,0x0511,0x1572,0x1d92,0x2df3,0x3633,0x3634,0x1db2,0x1573,0x0d31,0x0511,0x04d1,0x04f1,0x04f1,0x0512,
0x04f1,0x04f2,0x04d1,0x04f2,0x04d2,0x0512,0x04f1,0x0512,0x0532,0x0533,0x0512,0x0513,0x04f2,0x0513,0x0512,0x0533,
0x0512,0x0513,0x0513,0x0553,0x0d93,0x1df4,0x2635,0x2e96,0x3696,0x3695,0x3675,0x2e75,0x2634,0x2e35,0x2635,0x3695,
0x46d6,0x6f16,0x6f15,0x5ed5,0x56b5,0x56b5,0x4e94,0x66f5,0x6f35,0x56f6,0x3e96,0x4ef7,0x5f37,0x4ef7,0x2656,0x1e36,
0x2e56,0x4717,0x2eb5,0x1e36,0x15f5,0x15d5,0x0db4,0x0574,0x0553,0x0554,0x0533,0x0513,0x04f3,0x04f3,0x04f2,0x04f3,
0x04d2,0x04d3,0x04d2,0x04d2,0x04d2,0x04d3,0x04d2,0x04d3,0x04b2,0x04b2,0x04b2,0x04b2,0x04b2,0x04b2,0x0491,0x0492,
0x0471,0x0492,0x0491,0x04b1,0x04d1,0x0d33,0x0d53,0x1df5,0x1db4,0x0d13,0x04f2,0x0cf2,0x0491,0x0471,0x0450,0x0471,
0x0451,0x0451,0x0430,0x0451,0x0451,0x0451,0x0450,0x0451,0x0431,0x0451,0x0430,0x0451,0x0451,0x0451,0x0451,0x0471,
0x0471,0x0491,0x0490,0x04d1,0x04b1,0x04d2,0x14f1,0x3df3,0x5694,0x4e94,0x3e73,0x4e94,0x4673,0x2e13,0x1d91,0x1d72,
0x1d72,0x1d73,0x1d52,0x2573,0x1532,0x0cd1,0x0cd0,0x1d52,0x1532,0x1511,0x1511,0x1d11,0x2552,0x35d3,0x2d91,0x45d1,
0x5652,0x5653,0x2db1,0x1d51,0x14f1,0x14b0,0x046f,0x0c6f,0x042e,0x040f,0x040e,0x03ce,0x036d,0x034d,0x032c,0x032d,
0x0b6e,0x036d,0x036d,0x034d,0x034d,0x034d,0x034d,0x032c,0x036d,0x0c0e,0x03ed,0x03cd,0x0bae,0x030c,0x030d,0x02ec,
0x02ed,0x030c,0x032d,0x034c,0x038d,0x038e,0x03ae,0x03ce,0x0c50,0x0cd1,0x0490,0x046f,0x0450,0x042f,0x0430,0x040f,
0x0430,0x040f,0x0430,0x042f,0x0450,0x0450,0x0470,0x0470,0x0c91,0x0470,0x0c70,0x042f,0x0430,0x040f,0x042f,0x042f,
0x0450,0x0470,0x0cb0,0x0cd0,0x1532,0x1d72,0x1532,0x04f2,0x0cd2,0x04d1,0x0d32,0x1552,0x1552,0x0d32,0x1532,0x0d12,
0x0d12,0x04f1,0x1552,0x25b3,0x2dd3,0x25b2,0x25d3,0x1db2,0x1db3,0x1592,0x1572,0x0d52,0x0d53,0x0d32,0x0d53,0x0d32,
0x0d33,0x0512,0x0512,0x04f2,0x0d13,0x0512,0x0d12,0x0532,0x0d33,0x0512,0x0533,0x04f2,0x04f2,0x04f2,0x0512,0x0512,
0x0d33,0x0532,0x0d53,0x0d73,0x1594,0x15b4,0x1dd4,0x1e14,0x3675,0x36b5,0x46b5,0x3675,0x3675,0x3e94,0x46b5,0x46b4,
0x46b4,0x3e54,0x3634,0x1e14,0x1e15,0x1e14,0x2655,0x3695,0x46b5,0x46b5,0x46d5,0x4f15,0x4f37,0x2e76,0x1e56,0x1e15,
0x2e76,0x36d7,0x2676,0x1e15,0x1e16,0x15d5,0x15d5,0x0574,0x0d74,0x0534,0x0534,0x0513,0x0513,0x04f3,0x04f3,0x04d2,
0x04f3,0x04d2,0x04f3,0x04d2,0x04f3,0x04d2,0x04d3,0x04d2,0x04d3,0x04b2,0x04b2,0x0492,0x0492,0x0492,0x0492,0x0471,
0x0472,0x0472,0x0492,0x04d2,0x0d33,0x0d53,0x1574,0x1dd4,0x1d94,0x0d13,0x0d13,0x04b1,0x0491,0x0471,0x0471,0x0451,
0x0451,0x0430,0x0431,0x0430,0x0431,0x0430,0x0451,0x0430,0x0431,0x0431,0x0431,0x0430,0x0431,0x0411,0x0431,0x0451,
0x0471,0x0491,0x04b1,0x04b1,0x04b1,0x04b1,0x0cf2,0x1d51,0x4e13,0x5e93,0x66b3,0x5673,0x4633,0x2592,0x1552,0x1511,
0x14f1,0x04b0,0x0c90,0x0490,0x0c71,0x0450,0x0450,0x0450,0x0450,0x042f,0x044f,0x044f,0x0470,0x0470,0x0cb1,0x2511,
0x45f2,0x4612,0x3df2,0x2db1,0x2d72,0x1d11,0x14d0,0x042e,0x03ee,0x03ce,0x040f,0x042f,0x0bef,0x036d,0x034d,0x032d,
0x032c,0x034c,0x034c,0x038d,0x034c,0x034d,0x036d,0x1c2f,0x2d30,0x3df2,0x1d10,0x03ad,0x032c,0x030d,0x02ec,0x02ec,
0x02ec,0x02ec,0x02ec,0x036d,0x03ad,0x03ce,0x03ce,0x044f,0x04b0,0x0cd1,0x0470,0x042f,0x040e,0x040f,0x040f,0x0410,
0x040f,0x0430,0x042f,0x0430,0x042f,0x0430,0x0450,0x0450,0x0450,0x0450,0x042f,0x0430,0x040f,0x040f,0x040f,0x042f,
0x040f,0x042f,0x042f,0x0470,0x0490,0x1531,0x1d72,0x1532,0x04f1,0x04d1,0x04f1,0x1573,0x1d92,0x1db3,0x0d32,0x04f2,
0x0512,0x1552,0x2e13,0x46b4,0x2e12,0x1db2,0x1db3,0x1593,0x0d73,0x1593,0x1593,0x1593,0x0d52,0x0d32,0x0d32,0x0d53,
0x0d52,0x0d53,0x0d32,0x0d33,0x0d32,0x0d52,0x0532,0x0d53,0x0512,0x0512,0x04f2,0x04d2,0x04b1,0x04d2,0x04d2,0x04d2,
0x04f1,0x0512,0x0513,0x0d53,0x0d73,0x15b4,0x0db4,0x1dd4,0x1e14,0x36b5,0x46f5,0x5ef5,0x4ed4,0x46b4,0x3653,0x2e13,
0x1df3,0x2614,0x15d3,0x0db4,0x0db3,0x1df4,0x1e35,0x2e55,0x2e55,0x2e55,0x3e94,0x5f36,0x4ed6,0x3656,0x1e15,0x15f5,
0x1e15,0x2655,0x1e15,0x1df5,0x0db4,0x15b4,0x0d94,0x0574,0x0553,0x0554,0x0513,0x0513,0x04d2,0x04f3,0x04d2,0x04f3,
0x04d2,0x04d2,0x04d2,0x04d3,0x04d2,0x04d2,0x04d2,0x04d3,0x04b2,0x04b2,0x0492,0x0492,0x0471,0x0471,0x0471,0x0471,
0x0471,0x0492,0x0492,0x0cd3,0x0d12,0x0d53,0x1db4,0x2615,0x0d73,0x04f3,0x04b1,0x0491,0x0470,0x0471,0x0450,0x0451,
0x0430,0x0431,0x0410,0x0431,0x0410,0x0430,0x0410,0x0430,0x0410,0x0410,0x0410,0x0411,0x0410,0x0411,0x0410,0x0431,
0x0430,0x0470,0x0490,0x04b1,0x04b1,0x04d1,0x0cf2,0x1532,0x2d91,0x5e93,0x5673,0x35d2,0x1532,0x0d12,0x04d1,0x04b1,
0x0450,0x0450,0x0430,0x0430,0x0410,0x0430,0x0430,0x0430,0x042f,0x0450,0x042f,0x0430,0x042f,0x0450,0x0450,0x0cb1,
0x0ccf,0x14ef,0x1cf0,0x14d0,0x0c8f,0x0c8f,0x046f,0x042f,0x03ee,0x03ef,0x03ee,0x03ee,0x03ee,0x03ae,0x038d,0x038e,
0x0b6d,0x036c,0x038d,0x03ad,0x0bce,0x0bee,0x140f,0x24f1,0x3571,0x250f,0x1cb0,0x03ad,0x034d,0x032d,0x034d,0x030d,
0x032d,0x032d,0x034d,0x036d,0x03ad,0x03ad,0x0c50,0x0cd1,0x0cf1,0x0490,0x0450,0x040f,0x040f,0x040f,0x0410,0x0410,
0x0430,0x042f,0x0430,0x0430,0x0450,0x0430,0x0450,0x0430,0x0430,0x040f,0x0410,0x03ef,0x03ef,0x03ef,0x040f,0x040f,
0x042f,0x040f,0x0430,0x0450,0x0c91,0x0490,0x1532,0x25b2,0x1d92,0x0d51,0x1551,0x1571,0x25f3,0x1dd3,0x1552,0x0d11,
0x1d94,0x1db3,0x2df3,0x3e74,0x3634,0x1db3,0x1db3,0x1593,0x0d73,0x0d32,0x1553,0x0d52,0x0d52,0x0d52,0x1553,0x0d32,
0x1573,0x1573,0x1d94,0x1574,0x1573,0x0d72,0x1593,0x0553,0x0533,0x04f2,0x04f3,0x04d2,0x04d2,0x04b2,0x04d2,0x04d2,
0x04f3,0x04f3,0x0d14,0x0513,0x0d53,0x0d73,0x15b4,0x15f4,0x2e56,0x2e76,0x3e96,0x5ef3,0x56d4,0x2614,0x1dd4,0x1593,
0x25d4,0x15b3,0x1593,0x0d72,0x0d93,0x15d4,0x1e14,0x1df4,0x1e15,0x1e15,0x3655,0x46b5,0x56f7,0x3675,0x2635,0x15f5,
0x1e36,0x1e15,0x1e36,0x15f5,0x0d94,0x0d94,0x0db4,0x0573,0x0553,0x0533,0x0534,0x0513,0x04f3,0x04d2,0x04f3,0x04d2,
0x04f3,0x04d2,0x04f3,0x04d2,0x04d3,0x04d2,0x04f3,0x04d3,0x04d3,0x04b2,0x04b2,0x0492,0x0492,0x0471,0x0472,0x0471,
0x0472,0x0471,0x04b2,0x04d2,0x0d12,0x1593,0x3eb6,0x2e75,0x0d52,0x04b1,0x0492,0x0471,0x0471,0x0450,0x0431,0x0430,
0x0410,0x0410,0x0411,0x0410,0x0410,0x0410,0x0410,0x0410,0x0411,0x0410,0x0411,0x03f0,0x0411,0x0410,0x0411,0x0410,
0x0451,0x0450,0x0471,0x0491,0x04b1,0x04b1,0x0cb2,0x04f1,0x1572,0x3e12,0x4674,0x1d71,0x1511,0x0cd1,0x04b1,0x0470,
0x0470,0x0450,0x0450,0x0430,0x0430,0x040f,0x0430,0x040f,0x0430,0x0430,0x0c50,0x042f,0x0430,0x040f,0x040f,0x042f,
0x046f,0x044f,0x0c6f,0x044f,0x042f,0x044f,0x0c90,0x0c6f,0x0c2f,0x040f,0x03ef,0x03ce,0x03ce,0x03ce,0x0bef,0x03cf,
0x034c,0x036d,0x034c,0x036d,0x036d,0x038e,0x03cd,0x03ee,0x0c0e,0x03ce,0x038d,0x038d,0x036d,0x034d,0x032c,0x032d,
0x034d,0x03ae,0x03ee,0x040e,0x1cd0,0x45f5,0x2d92,0x0c6f,0x042f,0x040f,0x03ce,0x03ee,0x03ce,0x03ef,0x03ef,0x040f,
0x040f,0x042f,0x042f,0x0430,0x0430,0x0430,0x042f,0x0450,0x040f,0x03ef,0x03ce,0x03cf,0x03cf,0x03ef,0x03ce,0x03ef,
0x040e,0x042f,0x042f,0x0450,0x0470,0x0491,0x0490,0x1d72,0x2db2,0x25b2,0x2dd2,0x35f3,0x25d3,0x1db3,0x0d51,0x0d32,
0x1572,0x1d92,0x15b2,0x25d3,0x1d93,0x1573,0x0d72,0x1573,0x0d52,0x0d32,0x0512,0x0532,0x0512,0x0d33,0x0d32,0x0d32,
0x0d52,0x1d93,0x1db3,0x1db4,0x1593,0x1dd4,0x15b3,0x0d53,0x0512,0x0513,0x04f2,0x04f2,0x04b1,0x04b2,0x04b2,0x04d2,
0x04d1,0x0513,0x04f2,0x0513,0x0512,0x0d73,0x0d93,0x15f4,0x2635,0x2e56,0x2e34,0x4e93,0x3e33,0x1594,0x0d73,0x1593,
0x1573,0x1573,0x0d52,0x0d93,0x0db4,0x15d4,0x0d93,0x0db4,0x0db3,0x1df4,0x2634,0x3eb5,0x56f6,0x4ed6,0x2635,0x1e35,
0x1615,0x1e36,0x1615,0x1615,0x0d94,0x0594,0x0d94,0x0d94,0x0553,0x0533,0x04f2,0x04f3,0x04f2,0x04f3,0x04d2,0x04d2,
0x04d2,0x04d3,0x04b2,0x04d2,0x04b2,0x04d2,0x04b2,0x04d2,0x04b2,0x04b2,0x0491,0x0492,0x0471,0x0472,0x0451,0x0471,
0x0471,0x04b2,0x04b1,0x04d3,0x0512,0x2e35,0x3eb5,0x1dd3,0x04f1,0x0491,0x0471,0x0451,0x0430,0x0431,0x0410,0x0410,
0x0410,0x0410,0x0410,0x0410,0x03ef,0x0410,0x03ef,0x0410,0x03f0,0x03f0,0x03ef,0x03f0,0x03f0,0x03f0,0x03ef,0x0430,
0x0430,0x0431,0x0430,0x0471,0x0470,0x0491,0x0470,0x04b1,0x04d1,0x2552,0x2db2,0x1d32,0x0cd1,0x04d1,0x0490,0x0490,
0x0470,0x0c71,0x0450,0x0430,0x040f,0x0410,0x03ef,0x040f,0x03ef,0x040f,0x03ef,0x0430,0x040f,0x040f,0x040f,0x040f,
0x040f,0x040f,0x042e,0x1cf0,0x14b0,0x0c70,0x048f,0x0c70,0x044f,0x042f,0x03ad,0x03ad,0x03ad,0x03ce,0x03ce,0x03ee,
0x038d,0x034d,0x034d,0x032c,0x036d,0x03ad,0x0c4e,0x042e,0x03ee,0x03ad,0x03ae,0x038d,0x036e,0x032d,0x032d,0x032d,
0x038e,0x03ce,0x044f,0x044f,0x1d12,0x2531,0x148f,0x040d,0x0c2f,0x0c2f,0x0c2f,0x0c2f,0x040f,0x040f,0x0430,0x042f,
0x0450,0x046f,0x0c91,0x0430,0x0430,0x040f,0x0430,0x0450,0x0c50,0x03ef,0x03cf,0x03af,0x03cf,0x03cf,0x03ef,0x03ef,
0x040f,0x040f,0x0430,0x0430,0x0470,0x0490,0x04b1,0x0cf0,0x3dd3,0x4633,0x3e32,0x2592,0x1532,0x04f1,0x0d12,0x0d12,
0x1d93,0x25f3,0x2614,0x1d93,0x1552,0x0d32,0x1573,0x0d33,0x0d33,0x04f2,0x0512,0x04f2,0x04f2,0x04f2,0x0d12,0x0512,
0x0d32,0x1573,0x2e33,0x3673,0x2e14,0x25f3,0x1573,0x04f2,0x04f3,0x04f2,0x04f2,0x04f2,0x04f3,0x04d3,0x04d3,0x04d3,
0x0513,0x0512,0x0532,0x0512,0x0d53,0x0d73,0x15d4,0x15f4,0x2e56,0x2e76,0x3674,0x2e13,0x1db3,0x0d72,0x0d73,0x0d93,
0x15b4,0x1594,0x1594,0x1573,0x15b4,0x0d93,0x0d73,0x0d73,0x1594,0x1dd4,0x3676,0x46f6,0x5f37,0x6716,0x46b6,0x1e34,
0x15f4,0x15f5,0x1e36,0x1e36,0x15d5,0x0574,0x0d94,0x0db4,0x15b5,0x0554,0x0534,0x0513,0x0514,0x0513,0x0513,0x04f3,
0x04f3,0x04d2,0x04d3,0x04d2,0x04d3,0x04b2,0x04d2,0x04b2,0x04b2,0x0492,0x0492,0x0471,0x0492,0x0471,0x0472,0x0471,
0x0492,0x04b2,0x04f3,0x0532,0x1db4,0x2e55,0x1dd4,0x0512,0x04f3,0x0491,0x0471,0x0450,0x0451,0x0430,0x0430,0x0410,
0x0431,0x0410,0x0410,0x0410,0x0410,0x0410,0x0410,0x03f0,0x03f0,0x03d0,0x03f0,0x03cf,0x03f0,0x03d0,0x03f0,0x0410,
0x0431,0x0410,0x0430,0x0430,0x0450,0x0450,0x0491,0x04b0,0x04b1,0x0cd1,0x1d32,0x1512,0x14f2,0x04d1,0x04b1,0x0491,
0x0cb1,0x0470,0x0470,0x0450,0x0430,0x0410,0x0410,0x03ef,0x03ef,0x03ef,0x03ef,0x03ef,0x0410,0x03ef,0x040f,0x03ee,
0x040f,0x040f,0x0c4f,0x14d0,0x14d0,0x044f,0x046f,0x044f,0x0c50,0x040f,0x03ce,0x03ad,0x03ce,0x03ee,0x0bee,0x03ce,
0x038d,0x038d,0x036d,0x036d,0x03cd,0x146f,0x0c6f,0x0c0f,0x03ad,0x038d,0x038d,0x03ae,0x038d,0x03ae,0x03ce,0x03ae,
0x036d,0x03ae,0x03cf,0x03ef,0x03ad,0x03ed,0x0c4e,0x0c4e,0x040e,0x040e,0x0c2e,0x146f,0x044e,0x0c4f,0x044f,0x046f,
0x048f,0x0cb0,0x044f,0x0450,0x042f,0x0470,0x044f,0x0430,0x040f,0x03ef,0x03ae,0x03cf,0x03ce,0x03cf,0x03cf,0x03ef,
0x03ef,0x040f,0x040f,0x0450,0x044f,0x0490,0x04b0,0x0cd0,0x35b1,0x5693,0x2df1,0x0d52,0x0512,0x0511,0x0511,0x0d33,
0x1db3,0x3e74,0x25f3,0x0d53,0x04f1,0x0512,0x04f1,0x04f2,0x04d1,0x04d2,0x04d1,0x04d2,0x04d1,0x04f2,0x04f2,0x0512,
0x0512,0x1573,0x2613,0x2e34,0x1db3,0x1d93,0x1552,0x1d94,0x1553,0x0d12,0x04d1,0x04f2,0x04f2,0x0513,0x04f2,0x0513,
0x0512,0x0533,0x0533,0x0d73,0x0d93,0x15d4,0x15f4,0x1e15,0x2635,0x2e55,0x2614,0x1db3,0x0532,0x0d53,0x0d73,0x1594,
0x0d73,0x0d53,0x0512,0x0512,0x0512,0x0553,0x0532,0x0d73,0x1593,0x2615,0x2e56,0x3eb6,0x3675,0x4695,0x3e95,0x3676,
0x1e14,0x1e14,0x2656,0x2657,0x15f5,0x0d94,0x0553,0x0d94,0x0d94,0x0d95,0x0554,0x0533,0x0513,0x0513,0x0513,0x0513,
0x04f3,0x04f3,0x04b2,0x04b2,0x0492,0x0492,0x0492,0x0492,0x0471,0x0472,0x0471,0x0472,0x0471,0x0492,0x0471,0x0492,
0x04b1,0x04f3,0x0513,0x0d74,0x15b3,0x1573,0x0512,0x04f2,0x04b2,0x0491,0x0471,0x0451,0x0430,0x0430,0x0430,0x0431,
0x0410,0x0410,0x0410,0x0410,0x03ef,0x0410,0x03f0,0x03f0,0x03cf,0x03d0,0x03cf,0x03f0,0x03cf,0x03f0,0x03cf,0x03f0,
0x03f0,0x0410,0x03f0,0x0410,0x040f,0x0430,0x046f,0x04b1,0x0470,0x0c90,0x14f1,0x1d32,0x0d11,0x0cf1,0x0490,0x0491,
0x0470,0x0450,0x044f,0x0450,0x040f,0x0410,0x03ef,0x03ef,0x03ce,0x03ef,0x03ce,0x03cf,0x03ce,0x03ce,0x03ce,0x03ee,
0x03ee,0x040f,0x042f,0x0c8f,0x0c8f,0x0c8f,0x044f,0x042f,0x03ee,0x03ee,0x03ce,0x03ae,0x038d,0x03ce,0x03ce,0x03ce,
0x03ae,0x03ae,0x03ae,0x0c0e,0x24b0,0x1cd0,0x0c4f,0x038d,0x038d,0x03ad,0x03ef,0x040f,0x0c70,0x0cb1,0x0c91,0x03ef,
0x038e,0x036e,0x0b6e,0x036e,0x03ae,0x0c0f,0x0c2f,0x0c2e,0x0c4e,0x040e,0x144f,0x0c4f,0x0c6f,0x0c6f,0x0c90,0x046f,
0x0c90,0x0c8f,0x046f,0x042f,0x044f,0x046f,0x1cf1,0x0c90,0x0430,0x040f,0x03ef,0x03cf,0x03ef,0x03cf,0x03f0,0x03ef,
0x03ef,0x03ef,0x0430,0x0430,0x0470,0x0470,0x04d1,0x0cd1,0x2d72,0x3df3,0x25b3,0x0d51,0x0d32,0x0511,0x0d32,0x0d32,
0x1db3,0x2e12,0x1d93,0x0512,0x04f2,0x04d1,0x04f2,0x04d2,0x04b2,0x04b1,0x04d2,0x04d2,0x04f2,0x04d1,0x0512,0x0512,
0x0d53,0x0d52,0x0d53,0x0512,0x0d13,0x04f2,0x0d33,0x1d94,0x1db4,0x1552,0x0d12,0x0512,0x0d33,0x0532,0x0d53,0x0533,
0x0553,0x0553,0x1594,0x15b4,0x15f5,0x15f4,0x1e15,0x2635,0x3676,0x2615,0x15b4,0x0552,0x0d53,0x0d53,0x1574,0x0d33,
0x0513,0x04d2,0x04d2,0x04d1,0x0512,0x0532,0x0d53,0x0d73,0x15b4,0x15b4,0x1dd5,0x15b4,0x1df5,0x1614,0x2614,0x2e14,
0x3675,0x2e54,0x2e55,0x2676,0x2e36,0x15d4,0x15d5,0x0594,0x0db5,0x0db5,0x0d95,0x0533,0x0534,0x0513,0x0513,0x0513,
0x0513,0x04d2,0x04b2,0x0492,0x04b2,0x0491,0x0492,0x0472,0x0472,0x0471,0x0472,0x0472,0x0492,0x0492,0x0492,0x04b1,
0x04f2,0x0513,0x0d54,0x0d94,0x0d53,0x04f2,0x04f3,0x04d2,0x0cb2,0x0471,0x0471,0x0431,0x0431,0x0430,0x0451,0x0430,
0x0430,0x0410,0x0411,0x03f0,0x0410,0x03f0,0x0410,0x03f0,0x03f0,0x03cf,0x03f0,0x03cf,0x03f0,0x03cf,0x03f0,0x03cf,
0x03f0,0x03ef,0x0410,0x03ef,0x0410,0x040f,0x0470,0x0490,0x0c91,0x0cb1,0x1d32,0x1512,0x14f1,0x0cd1,0x0cb1,0x0470,
0x0450,0x042f,0x0450,0x042f,0x0410,0x040f,0x0410,0x03ef,0x03ef,0x03cf,0x03ef,0x03ce,0x03cf,0x03ae,0x03cf,0x03ce,
0x03ce,0x03ce,0x0c2f,0x046f,0x14f0,0x2551,0x1490,0x03ee,0x03ce,0x03cd,0x03ce,0x03ae,0x03ae,0x03ad,0x03ae,0x038d,
0x038e,0x03ce,0x144d,0x4591,0x3db1,0x2510,0x042e,0x040e,0x040e,0x042f,0x040f,0x0450,0x0450,0x042f,0x03ce,0x03ce,
0x038e,0x036e,0x034d,0x036e,0x038e,0x0bee,0x03ed,0x0c0d,0x0c4e,0x0c2d,0x0c0d,0x03ee,0x042e,0x0c6f,0x044f,0x046f,
0x046f,0x14b0,0x046f,0x0c6f,0x0c6f,0x1cf0,0x1d10,0x1cf1,0x044f,0x0c30,0x040f,0x040f,0x03cf,0x03ef,0x03cf,0x03f0,
0x03cf,0x03ef,0x040f,0x0430,0x0430,0x0470,0x04b0,0x0d11,0x1531,0x2593,0x1571,0x0d31,0x0511,0x0d32,0x0511,0x0d52,
0x1db3,0x25b3,0x1573,0x0d33,0x04d1,0x04d1,0x04b1,0x04b1,0x0491,0x04b2,0x04d1,0x04f2,0x04f2,0x0512,0x0512,0x0532,
0x04f1,0x04f1,0x04d0,0x04b1,0x04b1,0x04b2,0x0491,0x04d2,0x04d1,0x0cf2,0x04f1,0x0d52,0x1573,0x1db4,0x1593,0x0d93,
0x0573,0x0d94,0x15b4,0x15d5,0x15f5,0x2636,0x2635,0x3e95,0x4695,0x25f4,0x0532,0x0d52,0x0d52,0x0d73,0x0532,0x04f2,
0x04d2,0x04d2,0x04b1,0x04d2,0x04d2,0x0512,0x0512,0x0553,0x0553,0x0d74,0x0d73,0x0d73,0x0d73,0x0db4,0x0db3,0x15d3,
0x2613,0x46b5,0x3e94,0x2e75,0x2e56,0x2677,0x1e36,0x15d5,0x0594,0x0d95,0x0594,0x0574,0x0533,0x0533,0x04f3,0x04f3,
0x04d2,0x04d2,0x04b1,0x04b2,0x0491,0x0492,0x0471,0x0471,0x0451,0x0471,0x0451,0x0492,0x0471,0x0492,0x0491,0x04d2,
0x04f2,0x0533,0x0553,0x0d73,0x0512,0x04f3,0x04d2,0x04b2,0x0471,0x0c51,0x0431,0x0431,0x0430,0x0431,0x0430,0x0430,
0x0410,0x0410,0x03ef,0x0410,0x03f0,0x03f0,0x03cf,0x03f0,0x03cf,0x03d0,0x03cf,0x03d0,0x03cf,0x03d0,0x03cf,0x03d0,
0x03af,0x03ef,0x03ef,0x03f0,0x03ef,0x042f,0x042f,0x0450,0x0470,0x14f1,0x1d31,0x0cf1,0x0490,0x0cb1,0x0cb1,0x0490,
0x042f,0x0450,0x042f,0x0430,0x03ef,0x0410,0x03ef,0x03ef,0x03cf,0x03ef,0x03cf,0x03cf,0x03ae,0x03cf,0x03ae,0x03ae,
0x03ae,0x03ee,0x042f,0x044e,0x254f,0x5653,0x1ccf,0x03ee,0x03ce,0x03ce,0x03ee,0x03ef,0x03ce,0x03ae,0x038d,0x03ad,
0x03f0,0x1cb0,0x45f2,0x5e92,0x5e72,0x3591,0x14d0,0x044f,0x03ee,0x03ae,0x03ae,0x03ae,0x038e,0x034d,0x038e,0x03ae,
0x03af,0x036d,0x036e,0x03ae,0x03ce,0x03ee,0x03ed,0x040d,0x146f,0x144f,0x144f,0x0c4f,0x1490,0x148f,0x1470,0x0c6f,
0x148f,0x14d0,0x1cd0,0x0c6f,0x14b0,0x14f0,0x1d11,0x14d1,0x0c50,0x042f,0x0c50,0x040f,0x03ef,0x03cf,0x03f0,0x03ef,
0x03f0,0x03ef,0x0410,0x040f,0x0450,0x0450,0x04b1,0x0d11,0x1d52,0x1d52,0x1552,0x0511,0x0d32,0x0d32,0x0d53,0x1573,
0x1db3,0x0d51,0x1553,0x0d33,0x04f2,0x04d1,0x04d2,0x04b1,0x04d2,0x04d2,0x04f2,0x0512,0x0d33,0x0532,0x0512,0x04f1,
0x04f2,0x04d1,0x04b1,0x0491,0x0491,0x0491,0x0491,0x0471,0x0492,0x0492,0x04d2,0x04d1,0x1533,0x25d4,0x2e35,0x2614,
0x1df4,0x1dd4,0x2615,0x2615,0x2e56,0x3677,0x4eb6,0x56d5,0x3e56,0x15b3,0x0d73,0x0d73,0x1594,0x0512,0x04f2,0x04b1,
0x04b2,0x04b2,0x04b2,0x04b2,0x04d3,0x04f2,0x0513,0x0512,0x0d34,0x0d54,0x0d74,0x0d53,0x0d74,0x0573,0x15d4,0x1615,
0x2615,0x3e75,0x5f16,0x4ed6,0x46d7,0x36b7,0x2e97,0x1e36,0x15d5,0x0d94,0x0594,0x0574,0x0553,0x0513,0x0513,0x04d2,
0x04f3,0x04d2,0x04b2,0x0491,0x0492,0x0492,0x0492,0x0471,0x0472,0x0471,0x0472,0x0471,0x0492,0x04b2,0x04d2,0x04f2,
0x0d34,0x0533,0x0d94,0x0553,0x0513,0x04f3,0x04f3,0x04b2,0x0492,0x0451,0x0451,0x0451,0x0451,0x0430,0x0431,0x0410,
0x0431,0x0410,0x0410,0x03f0,0x03f0,0x03d0,0x03f0,0x03cf,0x03f0,0x03d0,0x03f0,0x03cf,0x03f0,0x03cf,0x03f0,0x03cf,
0x03d0,0x03ef,0x0410,0x03f0,0x0410,0x040f,0x0450,0x042f,0x0c91,0x1511,0x1d31,0x0490,0x0471,0x0470,0x0c91,0x0470,
0x0470,0x0430,0x0430,0x042f,0x0410,0x0410,0x0410,0x03ef,0x0410,0x03ef,0x03ef,0x03cf,0x03ef,0x03ce,0x03cf,0x03ce,
0x03cf,0x03ee,0x040f,0x1cd0,0x5632,0x3d70,0x14af,0x0c8f,0x14b0,0x14b0,0x0c70,0x0c4f,0x0c2f,0x03ee,0x03cd,0x038d,
0x14f2,0x35d5,0x6697,0x6eb7,0x2cf0,0x040e,0x03ee,0x03ce,0x03cd,0x03ae,0x038d,0x03ae,0x038d,0x034d,0x038d,0x03ae,
0x038e,0x036d,0x038d,0x0bee,0x03ee,0x040e,0x040d,0x040e,0x040e,0x03ee,0x0c2e,0x1cd0,0x1caf,0x1cd0,0x14af,0x1cb0,
0x148f,0x1cd0,0x14af,0x0c4f,0x0c6f,0x14d0,0x14af,0x0c4f,0x040e,0x042f,0x042f,0x0c2f,0x03ee,0x03cf,0x03cf,0x03f0,
0x03ef,0x03ef,0x03ef,0x0410,0x040f,0x0450,0x04b1,0x0d12,0x0cf1,0x1532,0x1572,0x0d32,0x0511,0x0d52,0x0d73,0x1db4,
0x0d52,0x0511,0x0511,0x04f2,0x04d1,0x04d1,0x04d1,0x04d2,0x04d1,0x04d1,0x0512,0x1594,0x0db3,0x0d52,0x04f1,0x04f1,
0x04d1,0x04b2,0x0471,0x0471,0x0450,0x0471,0x0471,0x0471,0x0471,0x0491,0x04b1,0x04d2,0x04f2,0x1573,0x1dd3,0x2614,
0x25f4,0x25f4,0x2e34,0x46b6,0x4ed5,0x5ef6,0x6f16,0x4e96,0x15d4,0x15b4,0x1593,0x1594,0x0532,0x04f1,0x04b1,0x04b2,
0x0491,0x0492,0x0492,0x0492,0x04b2,0x04d2,0x04d2,0x0513,0x0513,0x0533,0x0533,0x0d34,0x0533,0x0553,0x0d94,0x2636,
0x2e76,0x3e96,0x56f6,0x7757,0x7f78,0x6758,0x36d8,0x2657,0x15f5,0x0db4,0x0573,0x0574,0x0573,0x0d54,0x0513,0x04f3,
0x04d2,0x04d2,0x04b2,0x04b2,0x0491,0x0492,0x0471,0x0472,0x0471,0x0471,0x0471,0x0472,0x0491,0x04d2,0x04f3,0x0533,
0x0533,0x0d73,0x15b4,0x0d74,0x0512,0x0513,0x04f2,0x04d2,0x0471,0x0471,0x0431,0x0451,0x0431,0x0431,0x0410,0x0410,
0x0410,0x0410,0x03f0,0x03f0,0x03cf,0x03f0,0x03cf,0x03d0,0x03cf,0x03f0,0x03cf,0x03f0,0x03cf,0x03f0,0x03cf,0x03d0,
0x03cf,0x03ef,0x03ef,0x0410,0x040f,0x0430,0x042f,0x0450,0x0490,0x1d11,0x0cd1,0x0471,0x044f,0x0470,0x044f,0x0470,
0x0450,0x0450,0x042f,0x042f,0x040f,0x0410,0x040f,0x0410,0x03ef,0x03ef,0x03cf,0x03ef,0x03ce,0x03ce,0x03ce,0x03ef,
0x03ce,0x040f,0x0c6f,0x3db2,0x3590,0x148f,0x0c8f,0x2510,0x35d2,0x2db2,0x1d10,0x1cd0,0x0c8f,0x146f,0x03ee,0x03ce,
0x0bce,0x34f2,0x8eba,0xbf5d,0x7639,0x0c51,0x03ae,0x03ce,0x0c0f,0x03ee,0x03ef,0x03ce,0x03ce,0x038d,0x038e,0x038e,
0x03ae,0x038d,0x0c0f,0x146f,0x0c2e,0x042e,0x0c2f,0x040e,0x03ee,0x040d,0x1c8f,0x1ccf,0x24f0,0x1ccf,0x1cd0,0x1ccf,
0x1ccf,0x1cd0,0x1cb0,0x0c4f,0x0c90,0x0c6f,0x0c6f,0x0c4f,0x0c4f,0x044f,0x044f,0x042f,0x042f,0x03ef,0x03ef,0x03ef,
0x0410,0x03ef,0x0410,0x0410,0x0430,0x0470,0x0cd2,0x0cf1,0x04d1,0x0d11,0x25b3,0x1552,0x0d52,0x0d72,0x1dd4,0x1db4,
0x1573,0x04f1,0x04f2,0x04b1,0x04d2,0x04d1,0x04d2,0x04d1,0x0d12,0x0d12,0x0d52,0x1dd4,0x1dd4,0x0511,0x04f2,0x04d1,
0x04b1,0x0491,0x0472,0x0451,0x0471,0x0451,0x0471,0x0471,0x0491,0x0491,0x04d2,0x04d2,0x0d13,0x0d53,0x1594,0x15b3,
0x1db4,0x1db4,0x3655,0x5ef6,0x7f57,0x8797,0x7f98,0x3e96,0x1df5,0x15d3,0x15b4,0x0d73,0x0532,0x04f1,0x04d2,0x04b1,
0x04b2,0x0491,0x04b2,0x04b2,0x04d2,0x04d2,0x04f3,0x04f3,0x0513,0x04f3,0x0514,0x0513,0x0d54,0x0553,0x0d94,0x1dd4,
0x2e56,0x3eb6,0x5718,0x7737,0x8f78,0x7f97,0x7779,0x4ed7,0x2656,0x1615,0x0dd5,0x0db4,0x15d5,0x0db4,0x0d94,0x0553,
0x0533,0x0512,0x0513,0x04d2,0x04d3,0x04b2,0x04b2,0x0492,0x0492,0x0492,0x04b2,0x0492,0x04d3,0x04f3,0x0534,0x0553,
0x0d73,0x1e15,0x2636,0x0d73,0x0553,0x0533,0x0cf3,0x04b2,0x0492,0x0451,0x0451,0x0451,0x0451,0x0410,0x0410,0x0410,
0x0410,0x03f0,0x0410,0x03f0,0x03f0,0x03cf,0x03f0,0x03cf,0x03f0,0x03cf,0x03f0,0x03cf,0x03d0,0x03cf,0x03d0,0x03cf,
0x03f0,0x03ef,0x0410,0x040f,0x0430,0x0430,0x0470,0x046f,0x1511,0x1d51,0x0cb1,0x0450,0x0470,0x042f,0x0430,0x0430,
0x0471,0x0450,0x0c71,0x0450,0x0430,0x040f,0x0410,0x040f,0x040f,0x03ef,0x03ef,0x03ef,0x03ef,0x03ef,0x040f,0x040f,
0x0c50,0x0c90,0x1d11,0x1d10,0x14af,0x044f,0x0c6f,0x14af,0x1d11,0x14cf,0x14af,0x1ccf,0x2d11,0x1cf0,0x0c4f,0x040f,
0x1cd0,0x3552,0x2511,0x1c8f,0x1c70,0x24d3,0x0bcf,0x038d,0x03ae,0x0bef,0x040f,0x042f,0x040f,0x03cf,0x038d,0x036d,
0x036d,0x038e,0x0bee,0x24d0,0x0c4f,0x0c2f,0x042e,0x0c2f,0x0c2e,0x1c90,0x1cf0,0x2510,0x2510,0x24d0,0x1caf,0x24f0,
0x1cef,0x1cd0,0x14af,0x14af,0x0c8f,0x0c6f,0x044e,0x0c4f,0x0c90,0x14d1,0x046f,0x044f,0x042f,0x042f,0x03ef,0x03ef,
0x03cf,0x0410,0x040f,0x0410,0x042f,0x0470,0x04d1,0x0cf1,0x0490,0x0cf0,0x2df2,0x25d3,0x0d52,0x1df3,0x2634,0x25d4,
0x0d32,0x04f1,0x04d1,0x04d1,0x04d1,0x04f2,0x0d32,0x1db3,0x1553,0x0d12,0x04d1,0x04f2,0x04d1,0x04b1,0x0491,0x0491,
0x0471,0x0471,0x0450,0x0451,0x0450,0x0451,0x0450,0x0471,0x0471,0x0491,0x0491,0x04d2,0x04f2,0x0d33,0x0d32,0x0d53,
0x1573,0x1db4,0x2614,0x46b5,0x7737,0x97b9,0x7f77,0x46d7,0x1e15,0x15b3,0x0d73,0x0d73,0x0532,0x0533,0x04f2,0x04f2,
0x04d2,0x04d2,0x04b1,0x04d2,0x04d2,0x04f3,0x04f2,0x0513,0x04f2,0x04f3,0x04f3,0x0533,0x0553,0x0d74,0x0d94,0x15d5,
0x1df5,0x2635,0x3676,0x46b6,0x56b4,0x56d5,0x66f6,0x7f37,0x6f37,0x46d7,0x2635,0x1df4,0x15f5,0x1df5,0x15d4,0x15b4,
0x0d93,0x0d73,0x0533,0x0533,0x04f2,0x04d3,0x04d2,0x04b2,0x0492,0x04b2,0x04b2,0x04d3,0x04f3,0x0513,0x0533,0x0d95,
0x1e14,0x3ed6,0x2e55,0x0d94,0x0553,0x0534,0x04d2,0x04b2,0x0491,0x0472,0x0451,0x0451,0x0431,0x0431,0x0410,0x0410,
0x0410,0x0410,0x03f0,0x03f0,0x03f0,0x03f0,0x03cf,0x03d0,0x03cf,0x03f0,0x03cf,0x03ef,0x03cf,0x03ef,0x03cf,0x03ef,
0x03cf,0x03f0,0x03ef,0x0410,0x0430,0x0471,0x0470,0x04b0,0x1531,0x1532,0x044f,0x0450,0x042f,0x040f,0x040f,0x040f,
0x040f,0x0430,0x0450,0x0470,0x040f,0x040f,0x040f,0x042f,0x040f,0x040f,0x03ee,0x040f,0x03ef,0x040f,0x040f,0x0c70,
0x14cf,0x14f0,0x0caf,0x0c8f,0x044e,0x0c4f,0x03ee,0x040e,0x040e,0x0c2f,0x040f,0x040e,0x042e,0x0c4f,0x0c4f,0x2d72,
0x2531,0x1cd0,0x24d0,0x042e,0x03ae,0x036d,0x038e,0x036d,0x038e,0x03ef,0x042f,0x042f,0x042f,0x03ee,0x038e,0x036d,
0x036e,0x034d,0x038d,0x148f,0x14b0,0x042e,0x0c2f,0x0c2f,0x1490,0x146f,0x1caf,0x2510,0x2510,0x24f0,0x2511,0x2530,
0x2d10,0x1ccf,0x1cf0,0x1cf0,0x1d10,0x14f0,0x14b0,0x0c6f,0x1cf1,0x14d0,0x0c90,0x0cb0,0x1490,0x042f,0x0c30,0x03ef,
0x03ef,0x03ef,0x0410,0x042f,0x0450,0x0470,0x0cf2,0x0cf1,0x0cf1,0x2552,0x4e75,0x4674,0x3614,0x3654,0x2e14,0x1d92,
0x1552,0x04f1,0x0d12,0x0d11,0x0d12,0x1532,0x25f5,0x25b4,0x0cf2,0x04b1,0x04d2,0x04b1,0x04b2,0x0492,0x0492,0x0491,
0x0492,0x0471,0x0451,0x0450,0x0451,0x0431,0x0451,0x0451,0x0471,0x0451,0x0492,0x0491,0x04d2,0x04d2,0x04f2,0x0512,
0x1553,0x1573,0x1df4,0x2654,0x56d6,0x7f58,0x6f16,0x2e55,0x2615,0x15b3,0x1593,0x0d73,0x0d74,0x0d53,0x0d33,0x04f2,
0x04f3,0x04d2,0x04d2,0x04d2,0x0cf3,0x04f2,0x04f3,0x04f2,0x0513,0x04f2,0x0533,0x0553,0x1594,0x0d94,0x15b4,0x0dd4,
0x1df5,0x15d4,0x1df5,0x1e14,0x3675,0x2e34,0x2614,0x2e33,0x4e95,0x4eb6,0x3e96,0x2635,0x2636,0x1e15,0x2615,0x15f5,
0x15d5,0x0db4,0x0d94,0x0574,0x0d54,0x0513,0x0513,0x04f2,0x04f3,0x04f2,0x0d34,0x0d54,0x1594,0x0d73,0x15b4,0x2615,
0x3eb5,0x4ef6,0x3eb7,0x15d5,0x0d74,0x0513,0x04f3,0x04b2,0x0492,0x0471,0x0472,0x0451,0x0451,0x0430,0x0431,0x0410,
0x0410,0x0410,0x0410,0x03f0,0x0410,0x03f0,0x03f0,0x03cf,0x0410,0x03f0,0x0410,0x03ef,0x0410,0x03f0,0x0410,0x03ef,
0x0410,0x03f0,0x0410,0x040f,0x0450,0x0471,0x04b1,0x04d0,0x0cf1,0x0490,0x0450,0x044f,0x0430,0x040f,0x040f,0x040f,
0x0410,0x040f,0x0450,0x0450,0x0c50,0x042f,0x0430,0x042f,0x0450,0x042f,0x042f,0x042f,0x042f,0x042f,0x0c70,0x14d0,
0x14f0,0x0caf,0x0c8f,0x046f,0x0c6f,0x03ee,0x038d,0x038d,0x03ce,0x03cf,0x0bef,0x03ef,0x03ef,0x03ef,0x0c2f,0x1caf,
0x1490,0x0c70,0x0c6f,0x0c0f,0x03ad,0x03ae,0x038d,0x038e,0x036d,0x0c10,0x1491,0x0430,0x040f,0x03ce,0x034d,0x036d,
0x036d,0x036d,0x03ad,0x144e,0x042e,0x0c2f,0x03ee,0x03ee,0x040e,0x148f,0x1cd0,0x1cd0,0x1ccf,0x2d51,0x2d71,0x3592,
0x252f,0x1cef,0x1cef,0x2511,0x1cef,0x1cef,0x1cef,0x2510,0x1cf0,0x14d0,0x0c8f,0x14b0,0x14b0,0x0c70,0x042f,0x040f,
0x03ef,0x0410,0x0430,0x0450,0x0450,0x0491,0x04b1,0x1532,0x1d93,0x2dd3,0x3df3,0x5eb4,0x56f5,0x3e94,0x25b3,0x1d73,
0x1592,0x1d93,0x0d32,0x0cf1,0x04f1,0x0d12,0x04d1,0x04b1,0x0491,0x0491,0x0491,0x04b2,0x0491,0x04b2,0x0491,0x0491,
0x0471,0x0471,0x0450,0x0451,0x0430,0x0431,0x0430,0x0451,0x0430,0x0451,0x0451,0x0471,0x0471,0x04b1,0x04b1,0x0cf2,
0x0d32,0x0d73,0x0d93,0x1df5,0x2e34,0x4eb5,0x4674,0x2614,0x15b4,0x15b3,0x0d93,0x0d73,0x0532,0x0553,0x0533,0x0533,
0x0512,0x0513,0x04f2,0x04f3,0x04d2,0x04f3,0x04f2,0x04f3,0x04f2,0x0513,0x0533,0x0d74,0x0d94,0x15b4,0x0d93,0x0d94,
0x0573,0x0d73,0x0d93,0x1dd4,0x1df4,0x1dd5,0x15b4,0x0db4,0x0593,0x15b3,0x1dd4,0x1df5,0x1e15,0x2e56,0x3696,0x36b7,
0x1e35,0x1e15,0x15d4,0x15d5,0x0d94,0x0d74,0x0553,0x0d74,0x0d53,0x0d33,0x0d74,0x15d5,0x15d4,0x15b4,0x15b4,0x3675,
0x3eb5,0x3eb6,0x2e36,0x15b4,0x0533,0x0513,0x04f2,0x04d2,0x0491,0x0492,0x0471,0x0472,0x0451,0x0430,0x0430,0x0430,
0x0410,0x0410,0x03f0,0x0410,0x03ef,0x03f0,0x03ef,0x03f0,0x03ef,0x0410,0x03f0,0x0410,0x03ef,0x0410,0x03ef,0x0410,
0x03ef,0x0410,0x040f,0x0450,0x0450,0x04b1,0x04d1,0x0cf1,0x04b0,0x0471,0x0470,0x0470,0x040f,0x03ef,0x03ef,0x040f,
0x040f,0x042f,0x040f,0x0c70,0x0c90,0x0c90,0x042f,0x044f,0x044f,0x0450,0x042f,0x044f,0x046f,0x14f0,0x2551,0x1d30,
0x046f,0x046f,0x044f,0x0c70,0x0c4f,0x03ee,0x038d,0x038e,0x036d,0x03ae,0x03ae,0x03ce,0x03ad,0x03ee,0x03ad,0x03ad,
0x1490,0x146f,0x146f,0x0c0e,0x03ae,0x038d,0x0bef,0x03ef,0x0bef,0x03cf,0x0bcf,0x1471,0x0c91,0x038e,0x034d,0x036d,
0x038d,0x03ad,0x140f,0x0c0e,0x0c0e,0x0c0e,0x03ee,0x03ce,0x1470,0x1cf0,0x1cd0,0x0c4e,0x146f,0x24f0,0x3591,0x3571,
0x2d71,0x2550,0x2d50,0x2510,0x24f0,0x14ae,0x1ccf,0x1cd0,0x1cd0,0x1cf0,0x1cd0,0x14d0,0x1cf1,0x14d0,0x044f,0x042f,
0x0c70,0x0450,0x0450,0x0470,0x0cb1,0x0cf1,0x0cf1,0x1552,0x25b3,0x1db3,0x35d3,0x66f5,0x6f76,0x4694,0x2dd3,0x1572,
0x1532,0x0d11,0x0cd1,0x04d1,0x0d12,0x04b1,0x0471,0x0471,0x0471,0x0471,0x0491,0x0491,0x0491,0x0491,0x0492,0x0471,
0x0492,0x0471,0x0471,0x0451,0x0451,0x0451,0x0451,0x0430,0x0451,0x0450,0x0451,0x0451,0x0471,0x0471,0x04b1,0x04d1,
0x0d33,0x0d53,0x1594,0x0db4,0x1df4,0x2e34,0x3634,0x1dd4,0x15b4,0x0db3,0x1594,0x0553,0x0533,0x0512,0x0534,0x0533,
0x0533,0x0513,0x0d13,0x0512,0x0513,0x04f2,0x0d13,0x04f3,0x0513,0x0512,0x0d33,0x0533,0x0d74,0x0d73,0x0d73,0x0553,
0x0573,0x0552,0x0d94,0x15d4,0x1df5,0x0d94,0x1574,0x0d74,0x1594,0x0d94,0x1595,0x0d94,0x15b4,0x1df4,0x3e96,0x4ef6,
0x4ed6,0x4ed5,0x46d6,0x2e35,0x1dd5,0x0db4,0x1594,0x0d94,0x0d74,0x0533,0x0d54,0x0554,0x0d94,0x0573,0x15b4,0x2e55,
0x36b6,0x2634,0x1df5,0x0d94,0x0553,0x0513,0x0514,0x04f3,0x04d2,0x0492,0x0492,0x0471,0x0472,0x0430,0x0451,0x0430,
0x0430,0x0410,0x0431,0x0410,0x0410,0x03f0,0x0410,0x03f0,0x0410,0x0410,0x0410,0x0410,0x0410,0x0410,0x0410,0x040f,
0x0430,0x042f,0x0450,0x0450,0x0471,0x0cd1,0x1532,0x0cf1,0x0490,0x0470,0x0cb1,0x0c71,0x0430,0x03ef,0x0430,0x042f,
0x0430,0x044f,0x044f,0x0c90,0x1d11,0x2571,0x2d92,0x1d10,0x1510,0x14f1,0x2531,0x1d51,0x1511,0x14cf,0x14af,0x0c6f,
0x042f,0x042e,0x042f,0x042f,0x0c0f,0x03ad,0x038d,0x038d,0x03ae,0x038d,0x038e,0x038d,0x03ae,0x03ad,0x03ce,0x03ae,
0x0c0d,0x142e,0x0c0d,0x0c0e,0x03ad,0x038d,0x038d,0x03cf,0x03cf,0x03ef,0x03ef,0x03cf,0x03ef,0x038e,0x034c,0x038d,
0x03ad,0x03ce,0x03ad,0x03ad,0x03ad,0x03ce,0x03ed,0x0c0f,0x040e,0x0c4e,0x0c4e,0x0c4e,0x0c2f,0x1470,0x1caf,0x24ef,
0x2530,0x2d71,0x2530,0x250f,0x1cce,0x1cf0,0x14af,0x14b0,0x14af,0x1d10,0x2551,0x2531,0x14b0,0x0c6f,0x040e,0x044f,
0x044f,0x042f,0x042f,0x0470,0x0490,0x0cd1,0x04b0,0x04d1,0x0d12,0x1573,0x3613,0x7798,0x6715,0x35f3,0x1551,0x04f1,
0x0491,0x0491,0x04d1,0x0cf2,0x0490,0x0471,0x0450,0x0471,0x0450,0x0451,0x0450,0x0471,0x0470,0x0471,0x0471,0x0491,
0x0471,0x0491,0x0471,0x0471,0x0451,0x0451,0x0430,0x0430,0x0430,0x0451,0x0430,0x0451,0x0451,0x0471,0x0471,0x04b1,
0x04f2,0x0d33,0x0d73,0x15b4,0x1dd4,0x2e14,0x2e13,0x25f3,0x15b3,0x15b4,0x0d53,0x0533,0x04f2,0x04f2,0x04f2,0x0513,
0x0512,0x0513,0x0512,0x0513,0x0513,0x0513,0x04f2,0x0513,0x0512,0x0533,0x0512,0x0513,0x0512,0x0533,0x0532,0x0553,
0x0552,0x0553,0x0d93,0x1df4,0x15b4,0x0d73,0x0533,0x0d53,0x0d73,0x0d94,0x0574,0x0574,0x0553,0x0574,0x0573,0x1db3,
0x2df3,0x4e74,0x3654,0x15d3,0x0553,0x0553,0x0532,0x0533,0x0512,0x0533,0x0533,0x0554,0x0553,0x0d74,0x0d94,0x1df5,
0x1e15,0x1df5,0x15d5,0x15d5,0x0d74,0x0534,0x0513,0x0513,0x04d2,0x04b2,0x0491,0x0492,0x0471,0x0451,0x0430,0x0451,
0x0430,0x0431,0x0410,0x0430,0x0410,0x0410,0x03f0,0x0410,0x03f0,0x0410,0x03f0,0x0410,0x040f,0x0410,0x040f,0x040f,
0x040f,0x0430,0x0450,0x0470,0x0470,0x0cf2,0x1531,0x0cf1,0x0490,0x04b0,0x0490,0x0c91,0x0450,0x0430,0x040f,0x042f,
0x044f,0x0c90,0x0490,0x0cd1,0x14f1,0x2552,0x2591,0x2dd2,0x2dd1,0x3e13,0x4e92,0x35f1,0x0cae,0x040e,0x03ae,0x03ce,
0x03ae,0x03ee,0x042e,0x0c4f,0x03ee,0x03ce,0x03ad,0x03ae,0x03ad,0x03ae,0x03ad,0x03ad,0x038d,0x038d,0x038d,0x038d,
0x1c31,0x036d,0x036d,0x036d,0x038d,0x03ad,0x03ce,0x03ae,0x03cf,0x03ae,0x03ef,0x040f,0x0c10,0x038e,0x036d,0x03ad,
0x03ee,0x03cd,0x03ce,0x03ae,0x03ae,0x03ad,0x1450,0x03ee,0x0c0e,0x03ed,0x0c2e,0x144f,0x1470,0x144f,0x1c8f,0x1cef,
0x2d50,0x2d50,0x2530,0x1cef,0x24f0,0x2510,0x1ccf,0x14af,0x1cf0,0x1cd0,0x14b0,0x14d1,0x0c91,0x040f,0x042f,0x040f,
0x0410,0x040f,0x0430,0x042f,0x0430,0x044f,0x0490,0x04b0,0x1512,0x1552,0x4674,0x7f97,0x4e95,0x1552,0x0cf2,0x04b1,
0x04b2,0x04b1,0x0cf2,0x04b1,0x0471,0x0450,0x0451,0x0450,0x0451,0x0450,0x0451,0x0450,0x0471,0x0471,0x0471,0x0471,
0x0492,0x0491,0x0492,0x0471,0x0471,0x0451,0x0451,0x0430,0x0451,0x0430,0x0451,0x0451,0x0451,0x0471,0x0491,0x0491,
0x04f2,0x0532,0x0d73,0x15b4,0x1df5,0x25f4,0x3635,0x3634,0x25f4,0x0d94,0x0d53,0x0533,0x0d33,0x0512,0x04f3,0x04f2,
0x0513,0x0512,0x0533,0x0512,0x0533,0x0513,0x0513,0x0513,0x0513,0x0513,0x0513,0x04f2,0x0513,0x0512,0x0553,0x0553,
0x0d73,0x0d73,0x15f4,0x1df4,0x1594,0x0532,0x0553,0x0553,0x0d74,0x0d53,0x0554,0x0533,0x0534,0x0513,0x0533,0x0513,
0x0d34,0x1573,0x1db4,0x0d93,0x0d94,0x0553,0x0554,0x0533,0x0d53,0x0553,0x0554,0x0533,0x0d74,0x15b4,0x1df5,0x15f4,
0x1e15,0x15d5,0x15d5,0x0d94,0x0d94,0x0534,0x0534,0x0513,0x04f3,0x04b2,0x04b2,0x0491,0x0492,0x0471,0x0471,0x0451,
0x0451,0x0431,0x0431,0x0430,0x0431,0x0410,0x0431,0x0410,0x0410,0x0410,0x0410,0x0410,0x0410,0x0410,0x0410,0x042f,
0x0450,0x0470,0x0c91,0x04b1,0x0cd1,0x0d12,0x1d72,0x1531,0x0cf1,0x04d0,0x0cb1,0x0470,0x0471,0x0450,0x0470,0x0450,
0x0cb1,0x0cb1,0x14f1,0x14f1,0x1511,0x0cd0,0x14d0,0x14f1,0x2d71,0x3e31,0x4612,0x1cef,0x14af,0x0c4f,0x03ee,0x03ae,
0x03ae,0x03ae,0x0c0e,0x0c0f,0x0c0f,0x03ee,0x0bee,0x03ee,0x0bef,0x0bef,0x0bef,0x03ae,0x03ae,0x036d,0x036d,0x036d,
0x034e,0x0b6e,0x0bcf,0x1430,0x0c0f,0x034d,0x032c,0x038e,0x0c70,0x0c91,0x03ee,0x03ae,0x03ce,0x0bef,0x3534,0x3534,
0x038d,0x03ce,0x03ae,0x03ce,0x038d,0x03ad,0x03ce,0x0bee,0x03ee,0x040d,0x03ed,0x0c2f,0x148f,0x148f,0x1cb0,0x2511,
0x2530,0x2d30,0x1cef,0x24ef,0x1cef,0x24f0,0x1ccf,0x1cd0,0x1cf0,0x148f,0x044e,0x0c90,0x044f,0x040f,0x03ee,0x03ef,
0x03ef,0x040f,0x03ef,0x040f,0x040f,0x0470,0x0490,0x0cd1,0x0d31,0x1572,0x3e12,0x56d4,0x2e13,0x0d53,0x04f2,0x04b1,
0x0490,0x04d1,0x04b1,0x0491,0x0450,0x0450,0x0450,0x0451,0x0430,0x0430,0x0430,0x0451,0x0430,0x0451,0x0451,0x0471,
0x0491,0x04b2,0x0491,0x0491,0x0471,0x0471,0x0451,0x0451,0x0430,0x0451,0x0430,0x0451,0x0430,0x0471,0x0470,0x0491,
0x04d1,0x0d12,0x0532,0x1594,0x15d4,0x25f4,0x3e75,0x5ef6,0x2e35,0x15b4,0x15b4,0x1db5,0x0d93,0x0d53,0x04f2,0x04f2,
0x0512,0x0512,0x0512,0x0533,0x0512,0x0512,0x0512,0x0513,0x04f2,0x04f3,0x04d2,0x04f3,0x04f2,0x0533,0x0533,0x0554,
0x0573,0x0d93,0x0db4,0x15b4,0x0532,0x0533,0x0533,0x0554,0x0533,0x0533,0x04f2,0x04f2,0x04d2,0x04f3,0x04f2,0x04f3,
0x04f2,0x0d33,0x0d73,0x15b4,0x0d93,0x0574,0x0554,0x0553,0x0533,0x0554,0x0553,0x0d54,0x0d73,0x1e15,0x1e15,0x15f4,
0x15d4,0x0db4,0x0573,0x0554,0x0533,0x0533,0x0d33,0x0d54,0x0513,0x04f3,0x04b2,0x04b2,0x0491,0x0492,0x0471,0x0471,
0x0450,0x0451,0x0430,0x0431,0x0410,0x0430,0x0410,0x0410,0x040f,0x0410,0x0410,0x0410,0x0410,0x0430,0x0430,0x0470,
0x0470,0x04b1,0x04d1,0x0cd2,0x04b1,0x0d32,0x1d92,0x1d92,0x04f1,0x0cf1,0x0490,0x0450,0x0450,0x0491,0x0490,0x0490,
0x0470,0x0490,0x1511,0x1d52,0x0ccf,0x044e,0x042f,0x0cb1,0x1510,0x2d70,0x24ef,0x14b0,0x0caf,0x14af,0x0c2e,0x03ce,
0x038d,0x038d,0x038c,0x03ed,0x146f,0x144f,0x0c0e,0x0c0e,0x03ed,0x0c0e,0x03cd,0x03ad,0x038d,0x03ad,0x036c,0x036d,
0x032c,0x030c,0x0b4e,0x0bcf,0x34f3,0x5e18,0x3cb3,0x038e,0x14b2,0x1db5,0x0512,0x040f,0x03ef,0x038e,0x2471,0x76ba,
0x3cf3,0x034c,0x03ae,0x03ae,0x0bee,0x03ee,0x0c0e,0x0c2e,0x144f,0x03ee,0x0c0f,0x0c2f,0x1cb0,0x1caf,0x1cd0,0x148f,
0x1ccf,0x1ccf,0x2510,0x2510,0x2510,0x1cef,0x2510,0x24f0,0x1cd0,0x0c6e,0x146f,0x0c6f,0x042f,0x040e,0x040f,0x03ef,
0x040f,0x03ef,0x03f0,0x040f,0x0430,0x0470,0x04b1,0x0cf1,0x1552,0x1d72,0x35f2,0x3613,0x25d3,0x0d32,0x0cf2,0x0490,
0x04b1,0x04b1,0x0491,0x0450,0x0470,0x0450,0x0451,0x0430,0x0430,0x0430,0x0431,0x0430,0x0451,0x0430,0x0451,0x0471,
0x0492,0x0491,0x0492,0x0471,0x0492,0x0471,0x0472,0x0451,0x0451,0x0450,0x0451,0x0430,0x0451,0x0450,0x0471,0x0491,
0x04d1,0x04f2,0x0d33,0x0d73,0x1dd4,0x25f4,0x4eb6,0x6f57,0x4ed6,0x2615,0x2615,0x1df5,0x15b4,0x0553,0x0533,0x0532,
0x0d53,0x0553,0x0d53,0x0513,0x0513,0x0512,0x0513,0x04f2,0x04f2,0x04b2,0x04d2,0x04f2,0x0513,0x0533,0x0d74,0x0574,
0x0db4,0x0d93,0x0d94,0x0553,0x0533,0x0533,0x0d54,0x0533,0x0513,0x04f2,0x04f3,0x04d2,0x04d2,0x04d2,0x04f3,0x04f3,
0x0513,0x04f2,0x0d33,0x0d73,0x1dd5,0x0db3,0x0d74,0x0573,0x0d94,0x0573,0x0d94,0x0d94,0x15b4,0x15b4,0x1593,0x0d93,
0x0db4,0x0573,0x0d54,0x0533,0x0533,0x0512,0x0d13,0x0d13,0x1534,0x0d53,0x0d34,0x04f2,0x04b2,0x04b1,0x04b2,0x0491,
0x0491,0x0451,0x0451,0x0431,0x0431,0x0430,0x0430,0x0410,0x0430,0x0410,0x0431,0x0411,0x0451,0x0450,0x0491,0x0491,
0x0cd2,0x04f1,0x0d12,0x0cf2,0x0cf2,0x1531,0x2dd2,0x25b2,0x0d12,0x04d0,0x0490,0x046f,0x0cb1,0x0cf1,0x0cd1,0x046f,
0x046f,0x0490,0x1d12,0x14d0,0x0c6f,0x042e,0x0c70,0x046f,0x14f0,0x1d2f,0x1cf0,0x0c8f,0x14af,0x0c8f,0x0c2e,0x03cd,
0x03ad,0x03ad,0x0c0e,0x0c4e,0x1490,0x0c4f,0x144f,0x0c2e,0x0c2e,0x0c2e,0x0bee,0x03cd,0x03ce,0x0bce,0x0bae,0x038d,
0x02ec,0x02ed,0x030c,0x030c,0x02cc,0x23d0,0x867a,0x9f5e,0x6e59,0x5e78,0x2db4,0x0cf1,0x042f,0x03ae,0x032b,0x0b6d,
0x4555,0x2491,0x036c,0x0bee,0x144f,0x144f,0x146f,0x148f,0x0c4e,0x0c0e,0x0c4e,0x1490,0x1cb0,0x146f,0x146f,0x146e,
0x148e,0x24f0,0x1ccf,0x24f0,0x1ccf,0x24ef,0x1cae,0x1caf,0x146e,0x146f,0x040e,0x040e,0x03ee,0x040f,0x040e,0x040f,
0x040f,0x03ef,0x03ef,0x040f,0x042f,0x0491,0x04b0,0x0d12,0x1531,0x2db2,0x25d2,0x25d3,0x1d72,0x0d11,0x04b0,0x0491,
0x0491,0x0491,0x0450,0x0450,0x0430,0x0430,0x0430,0x0430,0x0430,0x0430,0x0430,0x0430,0x0430,0x0431,0x0450,0x0471,
0x0471,0x0491,0x0471,0x0491,0x0471,0x0471,0x0451,0x0471,0x0451,0x0451,0x0430,0x0451,0x0430,0x0451,0x0470,0x0491,
0x04b1,0x04f2,0x04f2,0x0532,0x0d93,0x25f4,0x3675,0x5f16,0x4eb5,0x2e34,0x15b3,0x15d4,0x15b4,0x15b4,0x0d94,0x0d94,
0x0553,0x0554,0x0513,0x04f3,0x04d2,0x04d2,0x04d2,0x04d2,0x04b2,0x04d2,0x04b2,0x04f2,0x0513,0x0d74,0x0574,0x0574,
0x0553,0x15b4,0x0d93,0x0533,0x0512,0x0533,0x0513,0x0513,0x04d2,0x04b2,0x04b1,0x04b2,0x04b2,0x04d2,0x04b2,0x04d2,
0x04d2,0x04f3,0x04d2,0x0512,0x0d73,0x15d5,0x0dd4,0x0db4,0x0593,0x0d93,0x0d93,0x15d4,0x15b4,0x0d73,0x0512,0x0553,
0x0553,0x0d53,0x0532,0x0533,0x0533,0x0533,0x04f2,0x04f2,0x04f2,0x0d13,0x0d33,0x0d53,0x0512,0x04f2,0x04b1,0x04b2,
0x0491,0x0491,0x0471,0x0451,0x0430,0x0430,0x0430,0x0450,0x0430,0x0430,0x0430,0x0451,0x0451,0x0471,0x0491,0x04d1,
0x04d1,0x0512,0x04f1,0x0cf2,0x0d11,0x25b2,0x3653,0x25b3,0x04d1,0x04b0,0x048f,0x0cd0,0x1531,0x1532,0x048f,0x046f,
0x0caf,0x1d31,0x14f0,0x14d0,0x14f0,0x1d30,0x1d0f,0x1d30,0x2570,0x2570,0x0cce,0x148f,0x0caf,0x0c4e,0x03ec,0x040e,
0x03ed,0x144f,0x0c6e,0x0c6f,0x0c6e,0x0c2e,0x0c2e,0x144f,0x0c2e,0x144f,0x03ed,0x03cd,0x03ed,0x0bee,0x03cd,0x0bce,
0x8530,0x544e,0x132d,0x030c,0x032d,0x030b,0x0aeb,0x8659,0xd7df,0xd7bf,0xb75c,0x4e57,0x1532,0x038e,0x038e,0x036d,
0x036d,0x1450,0x0c2f,0x144f,0x1c90,0x144f,0x142f,0x0c2e,0x142f,0x0c4e,0x1cd0,0x24f0,0x1cd0,0x0c4e,0x146f,0x1ccf,
0x24f0,0x148f,0x1c8f,0x1ccf,0x1ccf,0x148f,0x148e,0x148e,0x24d0,0x1c90,0x0c2e,0x040e,0x040f,0x040f,0x040f,0x03ef,
0x0430,0x03ef,0x040f,0x040f,0x0c50,0x0491,0x1512,0x0d31,0x1d72,0x3e13,0x25d3,0x1db4,0x1d53,0x04d1,0x0490,0x0491,
0x0491,0x0450,0x0450,0x0430,0x0450,0x0430,0x0430,0x0430,0x0430,0x0410,0x0430,0x0430,0x0430,0x0430,0x0451,0x0451,
0x0471,0x0471,0x0471,0x0471,0x0492,0x0471,0x0471,0x0451,0x0471,0x0451,0x0451,0x0451,0x0451,0x0450,0x0471,0x0491,
0x04d1,0x04d1,0x0d12,0x0532,0x15b4,0x25f4,0x3e95,0x56d4,0x56b4,0x3e74,0x3676,0x2635,0x2615,0x1df5,0x15b4,0x0d73,
0x0d74,0x0533,0x0513,0x0513,0x0513,0x04d2,0x04d2,0x04b2,0x04d3,0x04f2,0x0513,0x0513,0x0d54,0x0d54,0x0554,0x0553,
0x0d74,0x1df5,0x1df5,0x0533,0x0513,0x0512,0x04f2,0x04d2,0x04d2,0x04b2,0x04b2,0x04b2,0x04b2,0x0492,0x04b2,0x04b2,
0x04d2,0x04d2,0x04f3,0x04f2,0x0d33,0x1dd3,0x3e75,0x3634,0x2614,0x15d4,0x15f5,0x15d3,0x1593,0x0512,0x0513,0x0533,
0x0d54,0x0532,0x0532,0x0533,0x0533,0x0512,0x04f2,0x04d2,0x04d2,0x04d2,0x04f2,0x0513,0x0d54,0x0d33,0x0512,0x04d1,
0x04b2,0x0491,0x0491,0x0451,0x0451,0x0451,0x0451,0x0450,0x0451,0x0451,0x0451,0x0451,0x0472,0x0491,0x0cd2,0x0512,
0x0d32,0x0d32,0x0d52,0x1553,0x2dd4,0x46b5,0x4ed5,0x1d92,0x04d2,0x0490,0x0cf2,0x1532,0x1d52,0x0cf1,0x0cd1,0x2592,
0x3e33,0x2530,0x14d0,0x14d0,0x1cf1,0x1cf0,0x1d10,0x2530,0x3df2,0x3e11,0x2550,0x1cd0,0x1490,0x042e,0x0c2e,0x0c2e,
0x0c4f,0x148f,0x1cd0,0x14b0,0x1cd0,0x146f,0x1490,0x148f,0x146f,0x144e,0x0c2e,0x0c0d,0x0c0e,0x03cd,0x0c0e,0x0bee,
0x74c9,0x854c,0x7cee,0x33ac,0x0aca,0x02eb,0x02eb,0x2bf0,0xa69a,0xc79e,0xe7ff,0x4d34,0x03cd,0x038d,0x036c,0x03ae,
0x03ce,0x040e,0x0c4e,0x144f,0x144f,0x1c8f,0x146f,0x0c2e,0x03ed,0x148f,0x14af,0x1cd0,0x146e,0x144f,0x146f,0x2d30,
0x14af,0x0c4e,0x0c4e,0x148f,0x1c8f,0x146f,0x03ed,0x0c0e,0x0c4e,0x040e,0x040e,0x042f,0x040f,0x040f,0x03ce,0x03ef,
0x040f,0x040f,0x040f,0x0430,0x0450,0x04b1,0x0512,0x1551,0x4653,0x66f5,0x25d2,0x1db3,0x0cf1,0x0490,0x0470,0x0c91,
0x0450,0x0450,0x0430,0x0430,0x0430,0x0430,0x040f,0x0410,0x040f,0x0410,0x040f,0x0410,0x040f,0x0430,0x0430,0x0451,
0x0471,0x0471,0x0471,0x0471,0x0471,0x0471,0x0451,0x0471,0x0450,0x0451,0x0430,0x0451,0x0450,0x0471,0x0471,0x04b2,
0x04b1,0x04f2,0x0512,0x0d73,0x0db3,0x25f3,0x4eb5,0x6716,0x56d4,0x46b4,0x3655,0x2e35,0x1df4,0x1df4,0x15b3,0x0d73,
0x0553,0x0533,0x0513,0x0533,0x0512,0x0513,0x04d2,0x04f2,0x04f2,0x0533,0x0513,0x0513,0x0512,0x0533,0x0513,0x0533,
0x0573,0x15d5,0x0db4,0x0534,0x0512,0x0513,0x04f2,0x04d2,0x04b1,0x04b2,0x0492,0x04b2,0x0491,0x0492,0x0491,0x0492,
0x04b2,0x04d2,0x04d2,0x04f3,0x0512,0x0d73,0x25d3,0x4e75,0x5ef5,0x56f6,0x2e34,0x1dd3,0x0552,0x0512,0x0533,0x0d54,
0x0553,0x0553,0x0532,0x0533,0x0512,0x0512,0x04d2,0x04d2,0x04b1,0x04d2,0x04d2,0x0d13,0x0512,0x0d33,0x0512,0x0512,
0x04d1,0x04b2,0x0491,0x0491,0x0471,0x0471,0x0451,0x0471,0x0450,0x0491,0x0491,0x04b2,0x04b1,0x0cf2,0x0d32,0x0d53,
0x0532,0x0d52,0x1573,0x25d4,0x3654,0x5ef4,0x4eb3,0x1db2,0x0531,0x1d31,0x2d71,0x35b2,0x2db1,0x1d31,0x14d1,0x2552,
0x1d30,0x0c4e,0x042e,0x042f,0x042f,0x044f,0x044f,0x0c6f,0x1cef,0x2d90,0x2510,0x14b0,0x042f,0x03ee,0x03ed,0x040e,
0x040d,0x0c4f,0x146f,0x1c90,0x1caf,0x148f,0x148f,0x1cb0,0x1490,0x1cb0,0x0c0d,0x0c0d,0x03ed,0x0bee,0x0bee,0x0bce,
0x644a,0x6489,0x8d4e,0x852f,0x6cad,0x4bec,0x236c,0x028b,0x02cd,0x23af,0x6d75,0x6e18,0x030c,0x030c,0x034d,0x036d,
0x03ad,0x03ee,0x142e,0x0c2e,0x142e,0x0c4e,0x1cb0,0x1cb0,0x1cb0,0x24f0,0x1cb0,0x0c4e,0x146f,0x040e,0x0c2f,0x148f,
0x0c6e,0x042e,0x0c4f,0x0c2f,0x24d0,0x148e,0x0bee,0x03ee,0x03ee,0x03ee,0x040f,0x042f,0x042f,0x040f,0x03ef,0x040f,
0x0430,0x040f,0x0430,0x0450,0x0491,0x04d1,0x0d32,0x2dd2,0x66f4,0x56d4,0x2e13,0x0d53,0x04b1,0x0490,0x0cb1,0x0471,
0x0451,0x0430,0x0431,0x0430,0x0431,0x0410,0x0410,0x03f0,0x0410,0x03f0,0x0410,0x03f0,0x0410,0x0410,0x0431,0x0451,
0x0471,0x0471,0x0471,0x0471,0x0472,0x0471,0x0472,0x0451,0x0471,0x0451,0x0451,0x0451,0x0471,0x0491,0x04b2,0x04b2,
0x04f2,0x04f2,0x0d33,0x0d73,0x1db3,0x3634,0x5716,0x4ed5,0x3e75,0x1df4,0x15b4,0x0db3,0x15d4,0x15d4,0x1e16,0x1e15,
0x15d5,0x0d94,0x0d94,0x0d73,0x0d74,0x0553,0x0d53,0x0533,0x0533,0x0513,0x0513,0x04f2,0x0513,0x04f2,0x0513,0x0533,
0x0d74,0x0573,0x0d74,0x0533,0x0533,0x0513,0x04f3,0x04d2,0x04b2,0x0492,0x04b2,0x0492,0x04b2,0x0492,0x0492,0x0492,
0x04d3,0x04d2,0x0513,0x0513,0x0d54,0x0574,0x1dd5,0x56b5,0x8777,0x7715,0x5eb4,0x3e54,0x2e14,0x1db3,0x1574,0x0d53,
0x0d73,0x0553,0x0553,0x0533,0x0d53,0x0512,0x0513,0x04d2,0x04d2,0x04d2,0x04d2,0x04f2,0x0d33,0x0d12,0x0d33,0x0d33,
0x0d32,0x04f2,0x04d2,0x04b1,0x04b2,0x0491,0x04b2,0x0491,0x04b2,0x04d1,0x04d1,0x04d1,0x0d33,0x1573,0x1553,0x0511,
0x0d32,0x1572,0x25d4,0x2e34,0x5f15,0x8715,0x7ef4,0x5e93,0x4e74,0x4653,0x4613,0x35d2,0x1d31,0x048f,0x0470,0x0450,
0x042f,0x040e,0x040f,0x040e,0x040f,0x040f,0x040f,0x040f,0x0c70,0x14ae,0x2510,0x1ccf,0x0c4e,0x040e,0x0bee,0x040e,
0x0c2f,0x0c4f,0x146f,0x146f,0x146f,0x0c4e,0x1470,0x146f,0x1c90,0x1c8f,0x144f,0x0c2e,0x142e,0x0c0e,0x0bee,0x03cd,
0x854e,0x748b,0x6c8a,0x850d,0x7cec,0x7d0d,0x9db1,0x7d10,0x0b0b,0x02ac,0x0229,0x3c52,0x44d4,0x02ec,0x030c,0x034c,
0x034c,0x038d,0x036b,0x0bed,0x040e,0x0c0e,0x0c2e,0x1cd0,0x1cd0,0x1cd0,0x14af,0x1cb0,0x1caf,0x144f,0x0c4f,0x148f,
0x14ae,0x146e,0x0c4e,0x0c4e,0x0c2e,0x0c2e,0x0c4e,0x0c6f,0x03ed,0x040e,0x03ee,0x040f,0x040f,0x040f,0x03ee,0x0450,
0x0430,0x0430,0x0430,0x0470,0x04b1,0x0cf1,0x1d91,0x3e33,0x35d2,0x3613,0x2e14,0x0cf2,0x0470,0x0cb1,0x0470,0x0450,
0x0430,0x0430,0x0430,0x0431,0x03f0,0x03f0,0x03ef,0x03f0,0x03f0,0x03f0,0x03ef,0x03f0,0x03f0,0x0410,0x0410,0x0430,
0x0450,0x0471,0x0450,0x0451,0x0451,0x0471,0x0451,0x0471,0x0451,0x0451,0x0450,0x0471,0x0491,0x04b2,0x04b1,0x04d2,
0x04d2,0x04f2,0x0512,0x1593,0x2e13,0x4694,0x3e53,0x2614,0x15b4,0x15b5,0x0573,0x0573,0x0d73,0x0d94,0x0d93,0x0db4,
0x0d93,0x0d94,0x0db4,0x15f5,0x15d5,0x15b4,0x0573,0x0553,0x0513,0x0513,0x04f2,0x04f3,0x04f2,0x04f3,0x0512,0x0553,
0x0573,0x0574,0x0533,0x0553,0x0513,0x0513,0x04d2,0x04d2,0x04b2,0x04b2,0x0471,0x0492,0x0492,0x04b2,0x0492,0x04b2,
0x04d2,0x04f3,0x0513,0x0553,0x0553,0x15b4,0x3655,0x56b6,0x3e54,0x25b3,0x1db3,0x2dd4,0x25f4,0x2df5,0x1db3,0x1db3,
0x1593,0x15b4,0x0d73,0x0d74,0x0533,0x0513,0x04f2,0x04f2,0x04d2,0x04d2,0x04b1,0x04d2,0x04d1,0x04f2,0x0512,0x0d33,
0x0d52,0x0d33,0x0512,0x0512,0x04d1,0x04d2,0x04d1,0x04f2,0x04d2,0x04f2,0x0511,0x0d72,0x1593,0x1d93,0x0d32,0x0d32,
0x1572,0x25d4,0x2e14,0x5ed5,0x7f36,0x7ef6,0x6694,0x5694,0x3e33,0x2df3,0x1d72,0x0cf1,0x044f,0x0450,0x0450,0x0450,
0x042f,0x042f,0x040f,0x040f,0x03ee,0x040f,0x03ee,0x042f,0x0c6e,0x0c8f,0x14cf,0x250f,0x250e,0x1c8e,0x0c2e,0x0c4f,
0x040e,0x0c2e,0x0c4e,0x146f,0x0c4e,0x0c2e,0x0c2e,0x142f,0x0c2e,0x0c2e,0x0c2d,0x1c6f,0x1c8f,0x1cb0,0x0c2e,0x0c0e,
0x7cce,0x9550,0x8d2f,0x9550,0x9db1,0x854e,0x8d4e,0x9dd0,0x644e,0x0aaa,0x02cb,0x0229,0x2c11,0x2cb3,0x030c,0x034d,
0x036d,0x034c,0x034c,0x038d,0x0c0f,0x1470,0x1490,0x144f,0x14b0,0x0c2e,0x0c2f,0x040e,0x1470,0x0c0f,0x0c2f,0x146f,
0x24d0,0x1cb0,0x146f,0x040e,0x038d,0x03ed,0x14b0,0x042e,0x03ee,0x03ee,0x040f,0x040e,0x03ef,0x03ce,0x0c91,0x0491,
0x0471,0x0450,0x0490,0x04b0,0x0cd1,0x1572,0x35d3,0x1d50,0x1511,0x2592,0x2593,0x0cb0,0x0cb1,0x0491,0x0471,0x0430,
0x0430,0x0410,0x0430,0x0410,0x0410,0x03f0,0x0410,0x03f0,0x0410,0x03f0,0x0410,0x03f0,0x0410,0x0410,0x0431,0x0431,
0x0452,0x0451,0x0471,0x0451,0x0472,0x0471,0x0492,0x0471,0x0492,0x0471,0x0471,0x0471,0x04b1,0x04d2,0x04d2,0x04f2,
0x04f2,0x0512,0x0d73,0x1df4,0x3e95,0x3653,0x1dd3,0x0d93,0x1594,0x0d74,0x0533,0x0513,0x0d34,0x0533,0x0d54,0x0533,
0x0554,0x0553,0x1594,0x15d4,0x1e15,0x1df4,0x1dd5,0x0d73,0x0d33,0x0513,0x0513,0x04f2,0x04f3,0x0512,0x0533,0x0573,
0x0db4,0x0d94,0x0573,0x0533,0x0d33,0x04f3,0x04f3,0x04b2,0x04d3,0x04b2,0x04b2,0x0492,0x04b2,0x0492,0x04d2,0x04d2,
0x04f3,0x0513,0x0d34,0x0d53,0x1d94,0x2614,0x3e75,0x2e14,0x0d53,0x0513,0x0514,0x0513,0x0d53,0x0d33,0x0d53,0x0d73,
0x1d94,0x1db4,0x25d5,0x25f5,0x1db5,0x0d53,0x0534,0x0513,0x0512,0x04d1,0x04f2,0x04d1,0x04f2,0x04d2,0x04f2,0x0d32,
0x1593,0x1553,0x0d52,0x0d52,0x1553,0x0d12,0x0d12,0x04f1,0x0d12,0x0d52,0x1dd4,0x2614,0x3655,0x3634,0x3614,0x25f3,
0x3615,0x3e54,0x4e74,0x6694,0x6ed5,0x5695,0x3655,0x1db3,0x1593,0x0d32,0x1512,0x0470,0x0450,0x0450,0x0450,0x0450,
0x0c50,0x042f,0x0430,0x040f,0x0c2f,0x040e,0x0c2f,0x0c4f,0x0c6f,0x0c4e,0x148f,0x1cae,0x2d4e,0x1cad,0x144f,0x0c0e,
0x0c2e,0x040d,0x0c4f,0x0c4f,0x144f,0x0c2e,0x146f,0x0c0e,0x0bce,0x03cd,0x03ce,0x03ee,0x144f,0x0c4e,0x146f,0x148f,
0x7d0e,0x9591,0x9591,0x9db2,0xb654,0xbe94,0xa611,0x850f,0x748e,0x4bad,0x0269,0x02ac,0x028a,0x2451,0x1c10,0x030c,
0x032c,0x034d,0x034c,0x036d,0x03ad,0x0bae,0x3554,0x14d1,0x042e,0x0c90,0x040e,0x03ce,0x03ad,0x03ce,0x03cd,0x0c2f,
0x0c4f,0x0c6f,0x042e,0x0c2e,0x0c0d,0x0c2e,0x042e,0x03ee,0x03ee,0x03ee,0x044f,0x03ef,0x038d,0x044f,0x04d1,0x04b1,
0x0490,0x04b1,0x04b1,0x04b1,0x0cf0,0x1532,0x0cf0,0x04d0,0x04f0,0x1531,0x1531,0x0cf1,0x0490,0x0490,0x0450,0x0430,
0x040f,0x0410,0x03ef,0x03f0,0x03ef,0x03f0,0x03ef,0x0410,0x03ef,0x0410,0x040f,0x0410,0x040f,0x0410,0x0410,0x0451,
0x0451,0x0471,0x0471,0x0471,0x0471,0x0492,0x0491,0x04b2,0x0491,0x0491,0x0491,0x04b2,0x04b1,0x04f2,0x04f2,0x0512,
0x0512,0x1593,0x1dd4,0x2e35,0x2e54,0x1df4,0x0d73,0x0d73,0x0d73,0x0553,0x0513,0x0513,0x0512,0x0533,0x0513,0x0533,
0x0513,0x0533,0x0533,0x0d73,0x0d93,0x15b4,0x15d4,0x15b4,0x0d53,0x0533,0x0533,0x0533,0x0513,0x0533,0x0553,0x15d4,
0x15f4,0x0db4,0x0553,0x0513,0x04f2,0x04f2,0x04d2,0x04d2,0x04b2,0x04b2,0x0492,0x04b2,0x0491,0x04b2,0x04b1,0x04d2,
0x0512,0x0553,0x0d74,0x1db4,0x25f4,0x2615,0x1593,0x0d53,0x04f2,0x04f2,0x04d2,0x04d2,0x04d2,0x04d2,0x04d2,0x04d2,
0x04f2,0x0d34,0x1d93,0x3e95,0x3696,0x1dd3,0x0552,0x0553,0x0532,0x0533,0x0512,0x0513,0x04f2,0x0513,0x04f2,0x0512,
0x0d52,0x1573,0x1593,0x25d4,0x1db3,0x1573,0x0d11,0x0d32,0x1573,0x2df4,0x2e14,0x3634,0x4694,0x56f5,0x4694,0x3e34,
0x3613,0x3e12,0x2db1,0x2dd2,0x3633,0x2e14,0x1552,0x0d11,0x0cf1,0x0cf1,0x04b0,0x0490,0x044f,0x042f,0x040f,0x0410,
0x040f,0x040f,0x03ef,0x040f,0x040e,0x03ee,0x040e,0x1470,0x0c4f,0x0c4f,0x042e,0x0c4f,0x0c4d,0x0c4d,0x148d,0x1c8f,
0x0c2d,0x0c2e,0x0c2e,0x0c4f,0x042e,0x0c4f,0x0c2e,0x0bed,0x038c,0x03ce,0x03ee,0x0c2f,0x042e,0x0c6f,0x14b0,0x0c8f,
0x9df2,0x9dd2,0x8d71,0x850f,0x9571,0xadd2,0xb633,0x852e,0x63cb,0x6c4d,0x4bad,0x12aa,0x02cb,0x030c,0x136e,0x030c,
0x030c,0x034c,0x0b8e,0x038d,0x0bae,0x038d,0x1c30,0xa71c,0x4db5,0x0c6f,0x1cb0,0x148f,0x0c2f,0x03ce,0x0c0f,0x03ef,
0x03ee,0x040e,0x144f,0x1caf,0x1cef,0x042e,0x03ef,0x03ee,0x03ef,0x03ce,0x040f,0x03ae,0x040f,0x04d1,0x0512,0x04d1,
0x04d1,0x04d1,0x0cd1,0x1d11,0x2571,0x0cd0,0x04d1,0x0d11,0x0d11,0x04d0,0x1d52,0x1532,0x04b1,0x0470,0x0471,0x0430,
0x040f,0x03ef,0x03f0,0x03ef,0x03f0,0x03ef,0x0410,0x0410,0x0410,0x03ef,0x0430,0x0410,0x0430,0x0430,0x0451,0x0451,
0x0471,0x0471,0x0492,0x0491,0x04b2,0x0491,0x04b2,0x04b2,0x04b2,0x04b1,0x0cd2,0x04d2,0x0d12,0x0512,0x0d33,0x0d53,
0x1d94,0x1dd4,0x2e15,0x3634,0x25f4,0x0d94,0x0d94,0x0d73,0x0d53,0x0512,0x0533,0x0513,0x0513,0x0513,0x0d13,0x0513,
0x0513,0x0512,0x0533,0x0533,0x0d33,0x0553,0x0d74,0x0d94,0x1594,0x0d73,0x1594,0x0d74,0x0d94,0x0573,0x15b4,0x1e15,
0x1e15,0x0d73,0x0534,0x0513,0x0513,0x04f2,0x04f3,0x04d2,0x04d3,0x04b2,0x04b2,0x04b2,0x04b2,0x04b2,0x04d2,0x04f2,
0x0d54,0x0d53,0x1db4,0x25d4,0x25f4,0x1573,0x0d34,0x04f3,0x04f3,0x04d2,0x04d2,0x04b2,0x04b2,0x0492,0x04b2,0x04b2,
0x04d2,0x04d2,0x0cf2,0x1552,0x2594,0x1d73,0x1d93,0x0d73,0x0d74,0x0574,0x0d74,0x0553,0x0553,0x0533,0x0533,0x0532,
0x1593,0x1593,0x1db4,0x1572,0x0d32,0x0d11,0x0d12,0x0d33,0x1594,0x1593,0x1db3,0x1db3,0x25f4,0x2e14,0x2e14,0x2df2,
0x3613,0x2db2,0x2572,0x1d72,0x25b4,0x1532,0x0d12,0x0cf1,0x0cb1,0x0490,0x0470,0x0470,0x0470,0x042f,0x0430,0x03ef,
0x03ef,0x03ef,0x03ef,0x03ce,0x03ef,0x03ae,0x0c0f,0x0c0f,0x0c2f,0x040e,0x0c2f,0x0c0e,0x0c0e,0x03ee,0x24ef,0x24ef,
0x146e,0x0c2e,0x0c2e,0x0c4e,0x148f,0x148f,0x0c2e,0x038c,0x038d,0x03ee,0x1450,0x0c2f,0x0c2f,0x0c4f,0x1490,0x0c4f,
0x9590,0x8d91,0x8550,0x8571,0x850f,0xa5f2,0x9db0,0x748b,0x6409,0x746d,0x748e,0x644d,0x1b0a,0x02ab,0x02cc,0x02ec,
0x02ab,0x030c,0x0bad,0x0bce,0x03ad,0x0bce,0x036c,0x6db5,0xdfff,0x3d53,0x14af,0x2d92,0x2d52,0x0c4f,0x03cd,0x03ce,
0x03ad,0x040e,0x03ee,0x14b0,0x0c8f,0x03ee,0x03ce,0x0bef,0x03ad,0x03ce,0x038d,0x042f,0x04b1,0x0d12,0x0d11,0x0d12,
0x04d1,0x0cf1,0x2591,0x3e32,0x2571,0x0d11,0x0d32,0x1552,0x04b0,0x0490,0x14f1,0x0cf1,0x0470,0x0470,0x0450,0x0430,
0x03ef,0x03ef,0x03cf,0x03ef,0x03ef,0x03f0,0x03ef,0x0410,0x03ef,0x0410,0x0410,0x0430,0x0430,0x0451,0x0450,0x0471,
0x0471,0x0491,0x04b1,0x0cd2,0x04b2,0x04d2,0x04b1,0x04d2,0x04f2,0x04f3,0x04f2,0x0d33,0x0d52,0x1573,0x0d93,0x1dd4,
0x1db4,0x25f4,0x3654,0x3654,0x15b3,0x1594,0x0d73,0x0d53,0x0512,0x0533,0x0512,0x0513,0x04f2,0x0513,0x04f2,0x0513,
0x04f2,0x0513,0x0512,0x0513,0x04f2,0x0513,0x0512,0x0553,0x0573,0x0d94,0x0d73,0x15b4,0x1e15,0x1e15,0x15f3,0x1e14,
0x0d93,0x0533,0x0513,0x0513,0x04f2,0x0512,0x04d2,0x04d3,0x04b2,0x04b2,0x0492,0x04b2,0x04b2,0x04d2,0x04d2,0x0513,
0x0512,0x0d53,0x1593,0x1db4,0x0d53,0x0513,0x04d3,0x04d3,0x04d2,0x04d2,0x04b1,0x04b2,0x04b1,0x04b2,0x04b1,0x04d2,
0x04b1,0x04b2,0x04b1,0x04d2,0x04d1,0x1512,0x1532,0x1d73,0x1594,0x1df5,0x0dd4,0x0db4,0x0573,0x0573,0x0d93,0x1dd4,
0x2614,0x25f4,0x0d52,0x0512,0x04d1,0x04f2,0x04f1,0x0d32,0x1533,0x1d74,0x1573,0x1573,0x1592,0x1dd3,0x25f3,0x3e74,
0x3653,0x1d72,0x0d11,0x1532,0x0d12,0x0cf2,0x04b1,0x0490,0x044f,0x0450,0x044f,0x0470,0x0470,0x0430,0x03ef,0x03ef,
0x03ce,0x03cf,0x03ce,0x03ce,0x03ae,0x03ae,0x03ce,0x03ce,0x03ad,0x03ee,0x03ee,0x03ee,0x03ed,0x03ce,0x0c2e,0x146f,
0x1caf,0x1ccf,0x148e,0x148e,0x0c6e,0x146f,0x0c0d,0x0bcd,0x0c0e,0x0c2f,0x03cd,0x03ad,0x038c,0x036d,0x036c,0x038d,
0x8510,0x852f,0x852f,0x7d0f,0x8d31,0x9d92,0xa5f1,0x74cc,0x6c29,0x6409,0x6c6d,0x6c4b,0x6c8d,0x1b0b,0x02ab,0x132d,
0x0b0d,0x02ab,0x0b6d,0x0bce,0x0bce,0x038d,0x03ae,0x03ee,0xa73d,0x977d,0x14f2,0x0c8f,0x5636,0x2d32,0x14b1,0x144f,
0x144f,0x14d0,0x2d71,0x45f2,0x4612,0x14d0,0x040f,0x03ad,0x03cf,0x03ef,0x0430,0x04b1,0x0512,0x0532,0x1553,0x1532,
0x2572,0x4652,0x66b4,0x2df2,0x1d72,0x1532,0x1532,0x04d1,0x0491,0x0490,0x0490,0x0490,0x0491,0x0450,0x0430,0x03ef,
0x03f0,0x03ef,0x03f0,0x03cf,0x03f0,0x03f0,0x0410,0x03ef,0x0410,0x0430,0x0451,0x0430,0x0451,0x0450,0x0471,0x0491,
0x04b2,0x04b2,0x0cd2,0x0cf2,0x0d13,0x04f2,0x0512,0x0512,0x0d33,0x0d53,0x1574,0x0d74,0x1594,0x0d94,0x15d5,0x15d5,
0x25f5,0x3e75,0x56f5,0x2e33,0x15d4,0x0d94,0x0d53,0x0533,0x0533,0x0513,0x0513,0x04f2,0x0513,0x04f2,0x0513,0x0513,
0x0513,0x0512,0x0533,0x04f3,0x0513,0x0512,0x0533,0x0532,0x0573,0x0553,0x0d74,0x0d94,0x1dd5,0x2615,0x2e35,0x2634,
0x1593,0x0533,0x0554,0x0533,0x0533,0x0512,0x04f3,0x04d2,0x04d3,0x04b2,0x04d3,0x04b2,0x04d3,0x04d2,0x04f3,0x0513,
0x0533,0x0d53,0x1594,0x0d53,0x0d13,0x04d3,0x04d3,0x04b2,0x04b3,0x0492,0x0492,0x0471,0x0492,0x0492,0x04b2,0x04b2,
0x04b2,0x04b1,0x04d2,0x04d1,0x04f2,0x04f2,0x1533,0x1553,0x25d4,0x2e15,0x2e35,0x1dd3,0x15f4,0x1e14,0x2e35,0x2e35,
0x2e35,0x1df3,0x1572,0x04f1,0x0512,0x04f1,0x0512,0x0511,0x0d13,0x0d33,0x1553,0x1552,0x1db3,0x25f3,0x3634,0x3e74,
0x2df3,0x1531,0x0d12,0x0d12,0x1512,0x04d1,0x0490,0x042f,0x0430,0x040f,0x0450,0x0450,0x0450,0x040f,0x03ef,0x03ce,
0x03cf,0x03ce,0x03ef,0x03ce,0x03ae,0x036d,0x03ae,0x03ae,0x03ae,0x038d,0x03ae,0x03ad,0x0bee,0x0bee,0x0bee,0x040e,
0x144f,0x148f,0x3530,0x3d8e,0x3d8f,0x356f,0x2cef,0x1c6e,0x1caf,0x148f,0x0c4f,0x0c2e,0x0bce,0x038c,0x038d,0x038c,
0x7d0d,0x850e,0x7d0f,0x7d0f,0x84ef,0x9551,0x8d70,0x8d91,0x9def,0x956e,0x6c6c,0x642b,0x53a8,0x6c6d,0x1aca,0x02ec,
0x030c,0x030c,0x02cb,0x13cf,0x038d,0x038d,0x038d,0x03ce,0x2cd2,0x5eb9,0x1533,0x044f,0x040e,0x0c2e,0x040e,0x0bee,
0x03ee,0x0c2f,0x2d50,0x6692,0x3e32,0x1d71,0x1d10,0x14af,0x0cb0,0x14f1,0x1571,0x25d3,0x1db2,0x25d2,0x3e33,0x6695,
0x4e93,0x4eb3,0x4633,0x15b3,0x0d31,0x0cf0,0x048f,0x04b1,0x0490,0x0470,0x044f,0x0c90,0x04b1,0x0450,0x040f,0x03f0,
0x03cf,0x03ef,0x03cf,0x03f0,0x03ef,0x03f0,0x03ef,0x0410,0x040f,0x0430,0x0450,0x0471,0x0450,0x0471,0x0491,0x04b2,
0x04d2,0x04f2,0x04d1,0x0d13,0x0d33,0x0d53,0x0d32,0x0d53,0x0d53,0x0d73,0x0d73,0x1594,0x0d94,0x15d4,0x1df4,0x2e55,
0x3694,0x56d5,0x3e75,0x2614,0x0db3,0x0d94,0x0553,0x0d53,0x0533,0x0533,0x0513,0x0513,0x04f2,0x0513,0x04f2,0x0513,
0x04f2,0x0512,0x04f2,0x04f3,0x04f2,0x0513,0x0512,0x0533,0x0533,0x0533,0x0553,0x0d74,0x0d73,0x15b3,0x1df4,0x1e14,
0x0572,0x0554,0x0574,0x0d74,0x0553,0x0513,0x04f3,0x04f3,0x04d2,0x04d3,0x04d2,0x04d3,0x04d2,0x04f3,0x04f2,0x0533,
0x0d73,0x1574,0x0d33,0x0d13,0x04d2,0x04b2,0x0491,0x0492,0x0471,0x0471,0x0471,0x0471,0x0451,0x0451,0x0471,0x0492,
0x0491,0x0492,0x0491,0x04b2,0x04b1,0x04d2,0x04f2,0x0d33,0x1573,0x25f4,0x3653,0x4e94,0x4eb4,0x4695,0x3614,0x25d4,
0x1594,0x1594,0x0d73,0x0d52,0x0511,0x0512,0x0512,0x04f2,0x04b1,0x04f1,0x0d32,0x1574,0x15b3,0x25f3,0x2e13,0x2df3,
0x1551,0x0d11,0x0cf1,0x0cf2,0x04d1,0x0470,0x042f,0x0430,0x040f,0x0430,0x040f,0x040f,0x03cf,0x03cf,0x03ce,0x03cf,
0x03ae,0x03cf,0x03ae,0x03cf,0x038e,0x038e,0x038d,0x038e,0x038d,0x03ce,0x03ad,0x03ce,0x03ad,0x03ce,0x03ad,0x03ce,
0x03ed,0x0c2e,0x24ef,0x3daf,0x3dae,0x3daf,0x2d0e,0x1caf,0x2ccc,0x3d0c,0x0c2c,0x040e,0x040e,0x0c2f,0x03ed,0x03cd,
0x8548,0x854b,0x7cec,0x74cb,0x748c,0x5389,0x850e,0x6cab,0x850e,0xadf2,0x8d2f,0x8d2e,0x7cac,0x744b,0x4bac,0x02eb,
0x030d,0x036d,0x032d,0x02cc,0x02ec,0x030c,0x034d,0x034d,0x036d,0x14b1,0x0430,0x0430,0x03ce,0x038d,0x038d,0x036d,
0x036e,0x0c2f,0x1cb0,0x3dd2,0x3e34,0x1530,0x14d0,0x0c6f,0x0c70,0x1551,0x2df2,0x25b2,0x2591,0x35d3,0x5e94,0x6f15,
0x6f15,0x5ef5,0x5694,0x1d91,0x1531,0x0cf0,0x04d0,0x04b0,0x0470,0x0430,0x0450,0x0470,0x0cb1,0x0450,0x0430,0x03ef,
0x0410,0x03ef,0x0410,0x03f0,0x0410,0x03ef,0x0410,0x03f0,0x0410,0x0430,0x0451,0x0451,0x0471,0x0491,0x04b2,0x0cf2,
0x0cf3,0x04b1,0x04d2,0x0d12,0x1574,0x0d93,0x15b4,0x15b3,0x15d4,0x15b3,0x1dd4,0x1dd4,0x2616,0x2e35,0x46b7,0x6757,
0x6f58,0x3e76,0x2e36,0x1df5,0x15d5,0x15b4,0x0d94,0x0d53,0x0554,0x0513,0x0513,0x04f2,0x0513,0x0512,0x0513,0x04f2,
0x0513,0x04f3,0x0513,0x04f3,0x0513,0x04f3,0x0513,0x0512,0x0533,0x0533,0x0d54,0x0574,0x0d94,0x0d73,0x15d4,0x15d4,
0x0d94,0x0574,0x0db5,0x0d94,0x0d94,0x0533,0x0534,0x0513,0x0513,0x04f3,0x04f3,0x04f3,0x0513,0x0513,0x0d54,0x1593,
0x1dd5,0x0d93,0x0d33,0x04d3,0x04b3,0x0491,0x0472,0x0471,0x0472,0x0471,0x0472,0x0471,0x0472,0x0451,0x0472,0x0451,
0x0472,0x0471,0x0c92,0x0491,0x04b2,0x04b1,0x04d2,0x04f2,0x0d53,0x15b3,0x3675,0x56b4,0x5eb5,0x3e34,0x2dd3,0x1593,
0x1594,0x15b4,0x1db4,0x0d73,0x0d53,0x0d32,0x0d33,0x04d2,0x04f2,0x0512,0x1594,0x1db4,0x25f3,0x3633,0x4654,0x2dd2,
0x1d52,0x0cf1,0x0cd1,0x0cb1,0x0490,0x042f,0x0410,0x040f,0x0430,0x0410,0x03f0,0x03cf,0x0bcf,0x03ae,0x03cf,0x03ae,
0x03cf,0x03ae,0x03cf,0x03ae,0x038f,0x038e,0x038e,0x038e,0x03ae,0x038d,0x03ae,0x03ce,0x03ce,0x03cd,0x0bef,0x0c0f,
0x0c2f,0x0c4e,0x2d30,0x2d6f,0x250f,0x146e,0x142e,0x1c8f,0x24ce,0x4d29,0x5d68,0x2c68,0x13ec,0x03ae,0x0bae,0x038c,
0x6cc5,0x7d08,0x7508,0x852b,0xa5d1,0x7cad,0x640a,0x6c8b,0x6c4c,0x8d10,0x9d91,0x8d2f,0x8d4f,0xa5b1,0x9d92,0x1b2b,
0x02eb,0x032c,0x036d,0x02ec,0x02ab,0x02cc,0x034c,0x040f,0x042f,0x1d33,0x0c70,0x03ce,0x036d,0x034d,0x034c,0x036d,
0x040f,0x1512,0x0cb1,0x2530,0x2d91,0x146f,0x03ee,0x040f,0x03ef,0x14d1,0x1d51,0x14f0,0x04d0,0x1d32,0x2dd3,0x4e74,
0x4e73,0x4e73,0x5671,0x4e33,0x1db2,0x0d32,0x0cf1,0x0cf1,0x0490,0x0471,0x044f,0x0491,0x0cd1,0x14d1,0x044f,0x0430,
0x040f,0x0410,0x040f,0x0410,0x03ef,0x0410,0x03ef,0x0410,0x040f,0x0430,0x0430,0x0470,0x0470,0x0491,0x04f2,0x0d33,
0x04f1,0x04d1,0x04f1,0x1553,0x1573,0x15b4,0x1593,0x1db4,0x1df4,0x2615,0x2655,0x3697,0x3eb7,0x56f8,0x6f58,0x87b9,
0x5ef7,0x2e56,0x1e35,0x1e16,0x15d4,0x1594,0x0d73,0x0d53,0x0533,0x0533,0x0513,0x0513,0x04f2,0x0513,0x04f2,0x04f3,
0x04f2,0x04f3,0x04f2,0x04f3,0x04f2,0x0513,0x0512,0x0533,0x0513,0x0553,0x0553,0x0574,0x0594,0x0d94,0x0db3,0x1e14,
0x1df4,0x0d94,0x0594,0x0db4,0x0574,0x0554,0x0533,0x0533,0x0513,0x0513,0x04f2,0x0513,0x0513,0x0534,0x0d93,0x2614,
0x1dd4,0x0d53,0x04f2,0x04b2,0x0471,0x0471,0x0451,0x0451,0x0451,0x0451,0x0451,0x0451,0x0451,0x0451,0x0450,0x0451,
0x0451,0x0451,0x0451,0x0472,0x0471,0x04b2,0x04b1,0x04f2,0x0511,0x1593,0x2e14,0x3e54,0x2e13,0x2e14,0x25f3,0x1db3,
0x0d73,0x1593,0x15b3,0x1db4,0x0d72,0x0d52,0x0511,0x04f1,0x0511,0x1573,0x15b4,0x1db3,0x3612,0x56d4,0x3e73,0x2e14,
0x1d73,0x14f2,0x0490,0x0471,0x0430,0x0430,0x040f,0x040f,0x03ef,0x03ef,0x03ce,0x03cf,0x03ae,0x03cf,0x03ae,0x03cf,
0x03ae,0x03ae,0x038e,0x03ae,0x038e,0x03ae,0x038d,0x03ae,0x038d,0x038d,0x038d,0x0bee,0x0bee,0x0c0f,0x0c0e,0x0c2e,
0x040e,0x1caf,0x2d50,0x2d2f,0x144d,0x0bed,0x03ac,0x0bcd,0x03ee,0x0bad,0x5547,0x75e4,0x5d46,0x2c49,0x034a,0x032d,
0x8527,0x8587,0x8d88,0x958d,0xae12,0xa5d1,0x84ad,0x640a,0x746d,0x8d2f,0x84ee,0x84ed,0xa5b1,0x9dd1,0xadd2,0x5c0d,
0x0a8a,0x02ab,0x0b4d,0x0b8e,0x038e,0x042f,0x0cb1,0x046f,0x042f,0x040f,0x0bcf,0x034d,0x034d,0x032c,0x036d,0x03ee,
0x0c91,0x042f,0x03ef,0x03ed,0x0c0e,0x03ce,0x03ce,0x042f,0x0450,0x046f,0x0cb0,0x048f,0x0cd1,0x0cd0,0x1d32,0x2592,
0x2592,0x25b2,0x2591,0x2590,0x2592,0x1531,0x1531,0x0cf1,0x0cf2,0x0cd1,0x0cd1,0x0cd1,0x1511,0x1d52,0x14f1,0x0470,
0x0470,0x0450,0x0450,0x042f,0x0430,0x0410,0x0430,0x0430,0x0451,0x0450,0x0471,0x0471,0x04b2,0x0cd2,0x0d33,0x0512,
0x0d12,0x0d32,0x1d94,0x1594,0x1593,0x1573,0x1594,0x1db4,0x2e36,0x3697,0x4f1a,0x4f3a,0x575a,0x6f78,0x7f99,0x6f17,
0x3655,0x15d4,0x15f5,0x15f4,0x1df5,0x1594,0x0d74,0x0d54,0x0d54,0x0d53,0x0d54,0x0533,0x0513,0x0513,0x0513,0x0512,
0x0513,0x04f3,0x0513,0x04f2,0x0513,0x0512,0x0533,0x0533,0x0533,0x0533,0x0554,0x0573,0x0d94,0x0d93,0x15d4,0x1e15,
0x2e56,0x15d4,0x15d5,0x0db4,0x0d95,0x0574,0x0554,0x0533,0x0534,0x0533,0x0554,0x0533,0x0d74,0x0d94,0x1df5,0x1dd4,
0x1554,0x04f2,0x04d2,0x0492,0x0492,0x0471,0x0472,0x0451,0x0452,0x0451,0x0451,0x0451,0x0451,0x0430,0x0451,0x0430,
0x0451,0x0451,0x0471,0x0471,0x0492,0x0491,0x04b2,0x04d1,0x04f2,0x0d52,0x25d4,0x1dd3,0x1d93,0x1d93,0x2df4,0x25d3,
0x1db4,0x1d93,0x25f4,0x2634,0x25f4,0x1573,0x1552,0x1572,0x1d94,0x1593,0x1db3,0x1d92,0x3e13,0x3e53,0x3654,0x2e14,
0x2574,0x0cd1,0x0491,0x0470,0x0451,0x0410,0x0410,0x03ef,0x0410,0x03ef,0x03cf,0x03ae,0x03cf,0x03ae,0x03af,0x038e,
0x03af,0x038e,0x036e,0x036d,0x038f,0x03af,0x03ae,0x03ae,0x03ef,0x03ce,0x03ce,0x03ce,0x0c0f,0x0c0e,0x144f,0x042e,
0x0c2e,0x0c6e,0x148e,0x146e,0x142e,0x03ad,0x0bad,0x03ac,0x0bed,0x03ae,0x242b,0x6dc6,0x75c5,0x75c4,0x5506,0x1b88,
0x8d87,0x8da7,0x8da5,0x9dac,0xa5f1,0xae11,0x954e,0x8d0f,0x9d91,0xb634,0x9d90,0x850d,0x9daf,0x958f,0x8d4e,0x9571,
0x2b4b,0x02ca,0x030a,0x0bad,0x03cd,0x03ee,0x038c,0x032c,0x032c,0x036d,0x034c,0x032c,0x036c,0x03ae,0x03ce,0x042f,
0x03ad,0x034d,0x038d,0x03ae,0x03ce,0x03ef,0x03ef,0x0450,0x044f,0x044f,0x040e,0x0c70,0x0490,0x0470,0x0490,0x0cb1,
0x0490,0x1d32,0x0d11,0x0cf0,0x2571,0x2592,0x1551,0x1531,0x1531,0x1551,0x1531,0x0d11,0x0d10,0x25b2,0x1551,0x0cd1,
0x0490,0x0470,0x044f,0x0450,0x044f,0x0450,0x0450,0x0471,0x0470,0x0470,0x0471,0x0491,0x04d2,0x1533,0x0d33,0x0d32,
0x0d32,0x1db4,0x1593,0x1573,0x0d52,0x1573,0x1593,0x2615,0x3677,0x46f9,0x5719,0x6f7b,0x777a,0x7f98,0x66f5,0x4696,
0x2635,0x15d5,0x0db4,0x15d4,0x15d4,0x1594,0x0d53,0x0d54,0x0553,0x0d74,0x0553,0x0d33,0x0512,0x0513,0x04f2,0x0513,
0x0512,0x0513,0x04f2,0x0513,0x04f2,0x0513,0x0512,0x0533,0x0532,0x0553,0x0553,0x0574,0x0594,0x0db4,0x15d4,0x2615,
0x2634,0x1e14,0x0db4,0x15b5,0x0d94,0x0d94,0x0574,0x0554,0x0553,0x0d54,0x0553,0x0d74,0x0db4,0x1df5,0x15b4,0x0d33,
0x04d2,0x04b2,0x0491,0x0492,0x0471,0x0471,0x0451,0x0451,0x0451,0x0451,0x0431,0x0451,0x0430,0x0451,0x0430,0x0431,
0x0430,0x0451,0x0451,0x0471,0x0471,0x0491,0x04b1,0x04d2,0x04f1,0x0d52,0x1593,0x1db4,0x0552,0x0d53,0x1d93,0x2df3,
0x25d3,0x25d3,0x25f4,0x3655,0x2e34,0x25d4,0x1db3,0x25b4,0x1db3,0x25d3,0x2df2,0x35f3,0x1d92,0x25b3,0x1d92,0x1d52,
0x04d1,0x0470,0x044f,0x0471,0x0450,0x0430,0x040f,0x03ef,0x03cf,0x03cf,0x03cf,0x03af,0x038e,0x03ae,0x038e,0x038e,
0x036d,0x036e,0x036d,0x036e,0x036e,0x038e,0x038e,0x03ae,0x03ce,0x03ce,0x03ad,0x03ad,0x03ad,0x0bee,0x03ee,0x0c4f,
0x148f,0x148e,0x042d,0x0c4e,0x0bed,0x036d,0x034c,0x0bad,0x0c0d,0x144f,0x03cd,0x3cc8,0x6dc4,0x6da5,0x6d45,0x6d25,
0x9de7,0x95c8,0x9de7,0x95c6,0x95a8,0x8d4b,0xadf1,0xa5d0,0xadf2,0xa5b2,0xa592,0x84ee,0x84ce,0x7cad,0x84ce,0x9d91,
0x6c8e,0x1309,0x136b,0x0b8b,0x0bad,0x036c,0x0b6c,0x036c,0x034c,0x034c,0x036d,0x038d,0x036d,0x036c,0x038d,0x03ce,
0x03ae,0x040f,0x0c71,0x0c70,0x0c50,0x040f,0x0450,0x0430,0x040f,0x040e,0x040f,0x0470,0x0c91,0x044f,0x040f,0x040f,
0x044f,0x14d0,0x1d12,0x0c90,0x14f0,0x1d50,0x2db2,0x2db3,0x2df3,0x25d2,0x25b3,0x1572,0x1d93,0x1572,0x0cf1,0x0cf2,
0x0cf2,0x04b1,0x0cb1,0x0490,0x0491,0x0470,0x0470,0x0470,0x0490,0x0470,0x04b1,0x0cf1,0x1553,0x1d93,0x25d4,0x25b3,
0x25b3,0x1db3,0x1594,0x0d73,0x1d93,0x1db4,0x2616,0x2e57,0x3eb8,0x4ed7,0x6f59,0x8fda,0xa7fb,0x8f78,0x6716,0x46b5,
0x2e75,0x1df4,0x1dd4,0x15d4,0x15d5,0x0db4,0x0d94,0x0553,0x0d53,0x0553,0x0d74,0x0d53,0x0d53,0x0533,0x0533,0x0513,
0x0533,0x0513,0x0513,0x0513,0x0513,0x0512,0x0533,0x0533,0x0553,0x0553,0x0d74,0x0574,0x0db4,0x0db4,0x1df5,0x1e15,
0x3696,0x3695,0x2635,0x15d5,0x15d5,0x0db4,0x0db5,0x0d94,0x0d94,0x0d94,0x25f5,0x2e56,0x2636,0x15b4,0x0d53,0x04f3,
0x04d2,0x0492,0x0492,0x0471,0x0472,0x0471,0x0472,0x0451,0x0451,0x0451,0x0452,0x0431,0x0451,0x0430,0x0431,0x0410,
0x0431,0x0430,0x0451,0x0451,0x0471,0x0491,0x04d2,0x04d2,0x0512,0x0d52,0x15b3,0x0d72,0x0533,0x0532,0x1573,0x1d93,
0x1db3,0x1db2,0x3634,0x3e95,0x46b6,0x3676,0x3656,0x25d4,0x2dd3,0x2e13,0x3e13,0x25b2,0x1573,0x0d33,0x1512,0x0c90,
0x0471,0x0430,0x0470,0x0470,0x0c50,0x042f,0x0c30,0x03ef,0x03cf,0x03cf,0x03d0,0x03af,0x038f,0x036e,0x038e,0x036d,
0x036e,0x038e,0x03ae,0x03ae,0x03ef,0x03ef,0x0bef,0x03ee,0x0bef,0x03ae,0x03ae,0x038d,0x03ae,0x03ad,0x03ad,0x144f,
0x1ccf,0x0c4e,0x144f,0x0c0e,0x0bce,0x032c,0x034d,0x038c,0x03ad,0x0bcd,0x0bee,0x0b8b,0x5d47,0x75a4,0x6d84,0x6544,
0x8da5,0x9e27,0x9e27,0x8d86,0x74c4,0x7cca,0x7ccb,0x852a,0x850d,0x744c,0x7cce,0x84f0,0x84f0,0x8cf0,0x954f,0x642c,
0x436a,0x2b0a,0x030a,0x034b,0x0bad,0x0bad,0x038c,0x0b8c,0x038c,0x0b6c,0x034b,0x03ce,0x034c,0x034c,0x038d,0x0c0f,
0x040f,0x0c90,0x0cd1,0x0490,0x040f,0x040f,0x03ce,0x03ae,0x038e,0x038e,0x03ef,0x0c70,0x0450,0x0430,0x03ee,0x040e,
0x040e,0x1490,0x1511,0x14d1,0x048f,0x14d1,0x1d31,0x35d3,0x3e53,0x3e54,0x2e13,0x2df3,0x25d2,0x1d72,0x04f1,0x0cd1,
0x0cf1,0x0cf0,0x04d0,0x0cd1,0x0cd1,0x0cd1,0x04d1,0x0cd1,0x0cd1,0x1512,0x1d52,0x2df3,0x3e33,0x4e95,0x4e74,0x3e33,
0x3613,0x2df3,0x25f4,0x25f4,0x25d3,0x2614,0x3674,0x4e95,0x5ed6,0x7757,0x7737,0x7737,0x7758,0x7758,0x56f6,0x46b5,
0x2e75,0x2616,0x15b4,0x15f4,0x15d4,0x15d5,0x0d93,0x0573,0x0553,0x0554,0x0553,0x0554,0x0553,0x0553,0x0533,0x0533,
0x0513,0x0513,0x0512,0x0513,0x04f2,0x0513,0x0513,0x0533,0x0533,0x0553,0x0573,0x0d94,0x0db4,0x15d5,0x15f4,0x2636,
0x3e96,0x5f17,0x3ed5,0x2636,0x1df5,0x15f5,0x0db4,0x15b5,0x15b4,0x2635,0x3695,0x3696,0x15d4,0x0d73,0x0512,0x04d3,
0x04b2,0x04b2,0x0471,0x0492,0x0471,0x0472,0x0451,0x0451,0x0451,0x0451,0x0451,0x0451,0x0430,0x0431,0x0410,0x0430,
0x0430,0x0431,0x0430,0x0451,0x0470,0x0491,0x0491,0x04d1,0x0512,0x0d33,0x0532,0x0511,0x0511,0x0d12,0x0532,0x1593,
0x0d93,0x1dd3,0x4654,0x6716,0x6f36,0x6737,0x4ef5,0x4673,0x35f3,0x2dd2,0x1d71,0x1531,0x0cf1,0x0cb2,0x0490,0x0470,
0x0450,0x0c71,0x0470,0x0450,0x040f,0x0410,0x03ef,0x03f0,0x03cf,0x03cf,0x03ae,0x038e,0x036e,0x036e,0x036d,0x038d,
0x038d,0x03cf,0x03ee,0x040f,0x042f,0x042f,0x040e,0x0c4f,0x040e,0x0c2f,0x040e,0x03ee,0x03ed,0x0c4e,0x1cae,0x3d91,
0x2d30,0x03ee,0x03ce,0x0bce,0x034d,0x032c,0x034c,0x0bad,0x038c,0x038d,0x038c,0x034d,0x2409,0x6d65,0x75c4,0x6da5,
0x95e6,0x95e6,0x95e5,0x7d05,0x6c45,0x74a8,0x6c87,0x5c45,0x5c08,0x6c4b,0x8510,0x8d10,0x8cf0,0x8d10,0x9d91,0x5bcb,
0x3b2a,0x32e9,0x132a,0x034a,0x0b6b,0x0bac,0x0bac,0x0bac,0x13ad,0x0b6c,0x0bce,0x1cf3,0x0bef,0x03ef,0x0c2f,0x040e,
0x040f,0x040f,0x040f,0x040f,0x0c30,0x03ce,0x036e,0x036d,0x03af,0x038e,0x0c10,0x044f,0x0c70,0x042f,0x040f,0x040e,
0x042f,0x046f,0x14d1,0x1512,0x14f1,0x0cf1,0x1511,0x1d71,0x3e33,0x5692,0x5e92,0x4e72,0x5673,0x3e12,0x2571,0x1d30,
0x2db2,0x35f2,0x2d91,0x1d32,0x1d32,0x14f2,0x14d2,0x0cb1,0x14d2,0x0cd2,0x1512,0x1531,0x2572,0x2592,0x2572,0x1d72,
0x2593,0x25b3,0x3614,0x3e53,0x5ed4,0x5ef3,0x6f13,0x6ef3,0x5eb5,0x3e54,0x2e34,0x2635,0x3676,0x2e76,0x2e56,0x2615,
0x2655,0x3655,0x4695,0x3e95,0x2e55,0x1dd5,0x15d5,0x0d94,0x0d74,0x0553,0x0d74,0x0553,0x0d74,0x0553,0x0d54,0x0533,
0x0d34,0x0533,0x0533,0x0513,0x0533,0x0513,0x0533,0x0553,0x0554,0x0553,0x0d94,0x0db4,0x1df5,0x15f5,0x1e35,0x1e35,
0x3696,0x56f6,0x4ef6,0x2e96,0x2e76,0x2655,0x2635,0x1e34,0x3e96,0x46d6,0x36b6,0x1dd4,0x0d73,0x0553,0x0513,0x04d2,
0x04b3,0x0492,0x0492,0x0471,0x0492,0x0471,0x0472,0x0451,0x0472,0x0451,0x0451,0x0451,0x0451,0x0451,0x0451,0x0430,
0x0451,0x0451,0x0451,0x0451,0x0471,0x04b1,0x04d2,0x0d12,0x0d33,0x04f1,0x04d1,0x04d1,0x04f2,0x0512,0x0d52,0x0d92,
0x15b3,0x1df4,0x3655,0x6ef5,0x9797,0x8755,0x7714,0x5e93,0x35f3,0x1d73,0x1553,0x04f0,0x0cb1,0x0470,0x0450,0x042f,
0x0450,0x0470,0x0c70,0x042f,0x0410,0x03ef,0x03f0,0x03ef,0x03ef,0x03cf,0x03cf,0x038e,0x038e,0x036d,0x038e,0x03ad,
0x0c0f,0x0c2f,0x0c2f,0x042f,0x1450,0x0c2f,0x1450,0x0c4f,0x0c4f,0x0c2e,0x0c4f,0x14af,0x2d71,0x2d91,0x3e12,0x3570,
0x146e,0x03ad,0x03ae,0x036d,0x036d,0x034d,0x038d,0x0bad,0x0bad,0x038d,0x038c,0x038d,0x0b6c,0x5507,0x7de5,0x7e06,
0x8566,0x95e7,0x8585,0x8526,0x6425,0x6ca7,0x64c6,0x64c7,0x6488,0x74cc,0x84ef,0x8cf0,0x7cae,0x8d30,0x84cf,0x4309,
0x3b29,0x3308,0x12c9,0x0b8b,0x036a,0x038b,0x038b,0x1c0e,0x1c2e,0x1c2c,0x1c6e,0x3573,0x1c8f,0x144f,0x03ce,0x03cf,
0x03ce,0x03ce,0x03ae,0x0430,0x0491,0x040f,0x036d,0x03af,0x03ae,0x038e,0x03ef,0x0450,0x044f,0x0c50,0x042f,0x042f,
0x0cb0,0x14d1,0x048f,0x0c90,0x0cf1,0x1531,0x1551,0x2dd3,0x3613,0x5e72,0x66b1,0x5e92,0x4652,0x2dd2,0x1531,0x0cb0,
0x1d11,0x2592,0x14f0,0x0cb1,0x0490,0x0470,0x0450,0x0451,0x0450,0x0471,0x0470,0x0491,0x04b1,0x04b2,0x04b1,0x0512,
0x0532,0x0d53,0x1573,0x2db3,0x4e32,0x76d3,0x8753,0x66f5,0x2e55,0x15d4,0x15b4,0x1db5,0x15b4,0x15d4,0x15b4,0x25b5,
0x25f4,0x4675,0x4695,0x4eb5,0x3e74,0x2615,0x15f4,0x15d4,0x0d93,0x0d94,0x0573,0x0d73,0x0553,0x0d73,0x0554,0x0d54,
0x0533,0x0554,0x0533,0x0534,0x0513,0x0533,0x0533,0x0554,0x0553,0x0d94,0x0db4,0x15f5,0x1615,0x1e36,0x1e35,0x2676,
0x2eb5,0x5716,0x4ef6,0x3eb6,0x3eb6,0x4ed7,0x4ef6,0x4f17,0x4f17,0x46f7,0x2655,0x15b4,0x0d53,0x0533,0x04f3,0x04b3,
0x0491,0x0492,0x0471,0x0492,0x0471,0x0471,0x0451,0x0451,0x0431,0x0451,0x0431,0x0451,0x0450,0x0451,0x0450,0x0451,
0x0430,0x0451,0x0430,0x0471,0x0491,0x04d2,0x04d2,0x0d12,0x0512,0x04d1,0x04b1,0x04d2,0x04f1,0x0532,0x0d72,0x1db4,
0x1dd3,0x2634,0x3e74,0x6716,0x7f56,0x7f14,0x6ef4,0x4675,0x25d3,0x25b3,0x1552,0x0cf2,0x0491,0x0470,0x042f,0x042f,
0x040f,0x042f,0x0450,0x0430,0x03ef,0x03f0,0x03ef,0x03ef,0x03ce,0x03cf,0x03ae,0x03af,0x038e,0x03ae,0x03ad,0x03ee,
0x0c4f,0x0c70,0x042e,0x0c4f,0x0c4f,0x0c6f,0x0c2e,0x0c4f,0x0c2f,0x0c2f,0x040e,0x0c4f,0x14cf,0x2510,0x252f,0x0c6e,
0x038c,0x038d,0x038d,0x038d,0x038d,0x036d,0x036d,0x036d,0x034c,0x034c,0x036c,0x0b8d,0x036d,0x23ea,0x6d65,0x6d84,
0x74c5,0x74e5,0x6464,0x5c04,0x74ea,0x64a7,0x64c7,0x64a6,0x5c87,0x5426,0x6c49,0x84ef,0x84d0,0x748e,0x7cd0,0x2a86,
0x3b29,0x4b4a,0x22e9,0x0b6b,0x13ac,0x0bab,0x0b8b,0x13cc,0x244e,0x1c4c,0x24ae,0x1caf,0x2d10,0x24cf,0x1430,0x036d,
0x038e,0x03ae,0x03ce,0x042f,0x0491,0x0450,0x040f,0x03ce,0x03ce,0x03ae,0x03cf,0x03ef,0x040f,0x042f,0x0c50,0x042f,
0x0c50,0x0c90,0x0cb0,0x046f,0x0cb1,0x14f1,0x1d52,0x25b3,0x2db3,0x35d3,0x5693,0x4653,0x25b2,0x1572,0x1532,0x0490,
0x0cd1,0x0cf1,0x0491,0x0450,0x0470,0x0450,0x0471,0x0450,0x0450,0x0450,0x0451,0x0450,0x0491,0x0491,0x0cd2,0x0cf2,
0x0d12,0x0d11,0x1533,0x0d53,0x25b4,0x5e74,0x7f15,0x4e95,0x3655,0x25f4,0x1db3,0x1572,0x1573,0x0d73,0x15b4,0x1dd4,
0x25f5,0x1db4,0x1594,0x1593,0x1dd4,0x1dd3,0x2614,0x1df4,0x1df4,0x15d4,0x15b5,0x0d94,0x0db5,0x0d94,0x0d95,0x0d74,
0x0d74,0x0554,0x0d74,0x0554,0x0554,0x0553,0x0d74,0x0d74,0x1594,0x15b4,0x1e15,0x2636,0x2656,0x2656,0x2e97,0x2e97,
0x46f7,0x5f37,0x6f58,0x7778,0x7f79,0x5f18,0x56f7,0x4ed6,0x46f7,0x36b6,0x2655,0x0db4,0x0d74,0x0513,0x04f3,0x04b2,
0x04d2,0x0492,0x0492,0x0471,0x0492,0x0471,0x0472,0x0451,0x0451,0x0451,0x0451,0x0451,0x0471,0x0451,0x0471,0x0451,
0x0471,0x0450,0x0471,0x0491,0x0cf2,0x04f2,0x04d2,0x04d1,0x0d12,0x04f2,0x0cf2,0x0512,0x0d33,0x0d73,0x1dd4,0x25f4,
0x2e15,0x3e75,0x56d6,0x66f7,0x7f36,0x8f34,0x6ef5,0x3613,0x2df4,0x25d3,0x1d32,0x0cf2,0x0cd2,0x0470,0x0450,0x042f,
0x0450,0x042f,0x0c50,0x0430,0x03ef,0x03ef,0x03ef,0x03ef,0x03ef,0x03ae,0x03af,0x038e,0x03cf,0x03ce,0x03ce,0x03ce,
0x0c2f,0x042f,0x0c2f,0x0c4f,0x0c4f,0x0c2f,0x0c2f,0x040e,0x0c0f,0x03ee,0x040f,0x040e,0x042f,0x044e,0x1d10,0x0c6f,
0x03cf,0x038d,0x036d,0x036d,0x038e,0x038d,0x038e,0x032c,0x032c,0x032c,0x034e,0x034d,0x034d,0x032b,0x4cc6,0x6544,
0x7ca9,0x74c8,0x64a6,0x4b85,0x4345,0x6487,0x5424,0x5c45,0x6465,0x6c87,0x5c48,0x748d,0x84f0,0x642d,0x4329,0x2aa6,
0x3308,0x53ac,0x32e9,0x12ca,0x0bac,0x13cc,0x0bab,0x13ec,0x1c2d,0x2c6d,0x24ce,0x3db3,0x2d11,0x24ef,0x1c6f,0x038c,
0x032c,0x038d,0x03ad,0x042f,0x0450,0x0450,0x040f,0x03ee,0x03ae,0x03ae,0x038d,0x03ce,0x03ef,0x0410,0x040f,0x03ef,
0x03ef,0x040f,0x042e,0x044f,0x044f,0x0470,0x0490,0x04b0,0x04b0,0x1511,0x35f1,0x35f2,0x1531,0x1532,0x0d11,0x0cf1,
0x0cf1,0x1512,0x04b0,0x0470,0x044f,0x0450,0x0430,0x0450,0x0430,0x0450,0x0430,0x0450,0x0470,0x0491,0x0491,0x04d1,
0x04d1,0x0d12,0x0512,0x1573,0x25b4,0x4654,0x4e94,0x2e35,0x25f4,0x25f4,0x1dd4,0x1dd4,0x15b4,0x1db4,0x1594,0x1594,
0x0d52,0x0d33,0x0532,0x0d53,0x0d53,0x1573,0x1593,0x1df4,0x2634,0x2e54,0x2634,0x1e15,0x0df4,0x15d5,0x0db4,0x15b5,
0x0db4,0x0d94,0x0d74,0x0d74,0x0d74,0x0d94,0x0d74,0x15b5,0x15d5,0x2636,0x2e76,0x36b7,0x2e96,0x36b7,0x36b7,0x46d8,
0x4f18,0x6758,0x7f78,0x9f99,0x6717,0x3696,0x2635,0x2e55,0x2655,0x2655,0x15f4,0x15b4,0x0d53,0x0d33,0x04f2,0x04d2,
0x04d2,0x04d3,0x0491,0x0492,0x0492,0x0492,0x0471,0x0471,0x0451,0x0471,0x0451,0x0471,0x0451,0x0471,0x0471,0x0471,
0x0471,0x0491,0x04b1,0x0cf2,0x04f2,0x04d1,0x0490,0x04b1,0x04b1,0x04b1,0x04d1,0x0cf2,0x0d12,0x1573,0x1592,0x1db3,
0x25f4,0x3e75,0x3654,0x4695,0x7714,0x9774,0x5eb4,0x2df3,0x25d3,0x25d3,0x1d73,0x1d53,0x0cf1,0x04b1,0x046f,0x044f,
0x044f,0x0450,0x044f,0x0470,0x042f,0x03ef,0x03ce,0x03ef,0x03ce,0x03ae,0x03ae,0x040f,0x03ce,0x03ce,0x03ce,0x03ce,
0x03ce,0x03ee,0x040e,0x0c2f,0x040e,0x040e,0x03cd,0x03ee,0x03ee,0x03ee,0x03ed,0x040e,0x040e,0x044e,0x0caf,0x042e,
0x03ce,0x03ae,0x036d,0x036d,0x034d,0x0b6e,0x036d,0x032d,0x030c,0x032c,0x034c,0x034d,0x032c,0x030d,0x23e7,0x6544,
0xa5d2,0x8d2f,0x53c7,0x4ba7,0x850e,0x6c89,0x5c07,0x6428,0x8528,0x74e8,0x6449,0x748c,0x7cb0,0x8511,0x53ac,0x3308,
0x3b09,0x4b6b,0x32a8,0x0185,0x132b,0x0b8b,0x13ab,0x13ed,0x242d,0x248d,0x24ee,0x3593,0x3552,0x24ae,0x1c8e,0x1c6e,
0x0b8d,0x034d,0x03ce,0x03ee,0x040f,0x040f,0x03ef,0x03ce,0x03ce,0x03ae,0x03cf,0x03ce,0x040f,0x03ef,0x03ef,0x03ef,
0x0410,0x040f,0x040f,0x040f,0x042f,0x040f,0x0450,0x0470,0x0c70,0x0cf0,0x3e13,0x2dd2,0x1552,0x0cf1,0x0cf1,0x0d11,
0x1512,0x0cd1,0x0cd1,0x04b0,0x0491,0x0470,0x0471,0x0450,0x0471,0x0450,0x0471,0x0450,0x0471,0x0471,0x0491,0x04b1,
0x0cf2,0x0cf2,0x0d33,0x0d52,0x25d4,0x3654,0x3655,0x1df5,0x25d4,0x1d93,0x1d93,0x1593,0x1db5,0x1553,0x0d33,0x0512,
0x0d12,0x0512,0x0d12,0x0513,0x0d33,0x0d33,0x0d74,0x0d93,0x25f4,0x3e95,0x4eb5,0x4e95,0x46b6,0x2e75,0x2635,0x1e14,
0x1e15,0x15d4,0x15d4,0x15b4,0x15d4,0x0db4,0x15f5,0x1e36,0x2e76,0x36b7,0x3ed8,0x36d7,0x36d8,0x3eb7,0x4f19,0x5f59,
0x7f99,0x97ba,0xa7ba,0x6f38,0x3696,0x2616,0x25f5,0x1df4,0x2615,0x1e15,0x1e15,0x15d5,0x15b4,0x0d53,0x0d53,0x04f2,
0x04f3,0x04d2,0x04d3,0x04b2,0x04b2,0x0492,0x04b2,0x0492,0x0472,0x0471,0x0471,0x0451,0x0471,0x0471,0x0492,0x0491,
0x04b2,0x04d2,0x0d33,0x0d33,0x0cf2,0x04b1,0x0491,0x0470,0x0471,0x0450,0x0491,0x0491,0x04b1,0x04f1,0x0d12,0x0d31,
0x1d93,0x25d3,0x2e14,0x2e34,0x66f4,0x7f55,0x56b5,0x25d3,0x1db4,0x1d93,0x1d53,0x1512,0x0cd1,0x0cb0,0x0cb1,0x0490,
0x0470,0x0470,0x0470,0x0490,0x0c91,0x0450,0x0410,0x03cf,0x03cf,0x03af,0x0430,0x044f,0x03ef,0x03ce,0x03ee,0x03ee,
0x0c0f,0x03ee,0x0c0f,0x040f,0x0c0f,0x03ee,0x040e,0x03ee,0x03ee,0x03cd,0x03ee,0x040e,0x0c2f,0x042e,0x0c2e,0x03ed,
0x03ae,0x038d,0x0b8e,0x034d,0x032d,0x032c,0x032d,0x030c,0x032d,0x030c,0x034d,0x034d,0x034d,0x034d,0x0b6b,0x5506,
0x84ef,0x7cef,0x6c6c,0x74ae,0x748d,0x7cac,0x9590,0x84ed,0x5c45,0x5c44,0x53e6,0x6c2b,0x746e,0x5bcc,0x3b2a,0x438b,
0x3b09,0x3b09,0x2266,0x0965,0x0207,0x138b,0x036a,0x13cc,0x0bab,0x1c4d,0x24ce,0x5df5,0x4593,0x24ce,0x24cf,0x248f,
0x03ac,0x038e,0x03ae,0x03ce,0x03ae,0x03ce,0x03ce,0x03ce,0x03ce,0x03ce,0x03ce,0x03cf,0x03ce,0x03ef,0x03ce,0x040f,
0x03ee,0x03ef,0x03ce,0x03ef,0x03ef,0x040f,0x040f,0x042f,0x044f,0x1512,0x2dd2,0x2dd2,0x0d11,0x0cb0,0x04b0,0x1511,
0x04d0,0x0490,0x04b0,0x0cf2,0x04d1,0x04b1,0x0470,0x0471,0x0470,0x0471,0x0450,0x0450,0x0430,0x0451,0x0491,0x04d1,
0x04f1,0x0cf2,0x0512,0x0d53,0x2e14,0x3e75,0x25f3,0x1db4,0x1593,0x1573,0x1573,0x1573,0x0d32,0x0d12,0x04f1,0x0cf2,
0x04f1,0x04f2,0x04f2,0x0512,0x0512,0x0512,0x0512,0x0d53,0x1572,0x25d4,0x3634,0x56d6,0x4ef5,0x46b5,0x2e54,0x2e35,
0x2634,0x2635,0x1df4,0x1df4,0x1df3,0x2e55,0x3eb6,0x46d7,0x3ed6,0x46f6,0x3695,0x46b6,0x56f6,0x6f58,0x7f58,0x97ba,
0xafdb,0xb7db,0x7f59,0x4ed8,0x2636,0x25f5,0x15d4,0x15d4,0x15d4,0x15d4,0x0db4,0x15d4,0x0d94,0x0d53,0x0533,0x0d33,
0x04f2,0x04f3,0x04d2,0x04f3,0x04b2,0x04b2,0x0492,0x0492,0x0471,0x0491,0x0471,0x0471,0x0471,0x0491,0x0491,0x04b2,
0x04b1,0x04b2,0x04d2,0x04f2,0x04b1,0x0491,0x0470,0x0471,0x0450,0x0450,0x0471,0x0491,0x0491,0x04d1,0x04f1,0x1532,
0x1592,0x1db2,0x25d3,0x2dd4,0x4654,0x6715,0x4675,0x25b3,0x1532,0x0cf1,0x04b0,0x0491,0x0450,0x0450,0x0450,0x0450,
0x042f,0x042f,0x042f,0x0c70,0x0c70,0x0c50,0x03ef,0x03cf,0x03ce,0x0430,0x0470,0x0430,0x03ee,0x03ee,0x03ee,0x0c2f,
0x03ee,0x03ee,0x040e,0x0c2f,0x0c2f,0x040f,0x040e,0x040f,0x03ed,0x03ee,0x03cd,0x03ce,0x03ed,0x040d,0x03ad,0x03ce,
0x038c,0x034d,0x034d,0x032d,0x030c,0x030c,0x02ec,0x02ec,0x02ec,0x030c,0x030c,0x032c,0x030c,0x034c,0x030c,0x3429,
0x6c8a,0x6c8a,0x748d,0x6c6d,0x7cce,0x8d50,0x9d91,0x84ee,0x6408,0x4ba4,0x5c07,0x6409,0x74af,0x3ae9,0x32e9,0x3309,
0x3b09,0x32c9,0x32e8,0x11c5,0x0a07,0x0b8b,0x13cc,0x0b8b,0x13ec,0x242d,0x24ae,0x7e16,0x8678,0x1ccf,0x3510,0x1c8e,
0x142e,0x0bce,0x13cf,0x03ae,0x03ce,0x03ce,0x03ef,0x03ce,0x03ef,0x03ee,0x03ef,0x03ae,0x03cf,0x03cf,0x03ef,0x03cf,
0x03ef,0x03ae,0x03af,0x03af,0x03cf,0x03ef,0x042f,0x040f,0x044f,0x0cb0,0x1d12,0x1d51,0x14f1,0x0490,0x0cb1,0x0cd1,
0x0cd1,0x0450,0x0471,0x04b1,0x0cd1,0x0491,0x0492,0x0491,0x0c92,0x0471,0x0471,0x0450,0x0451,0x0471,0x04b1,0x04d1,
0x0cf2,0x0512,0x0d33,0x1593,0x3635,0x2df4,0x1d93,0x1573,0x1593,0x1573,0x1554,0x0d12,0x0cf2,0x04d2,0x0cf3,0x04f2,
0x04f2,0x04d1,0x04d2,0x04d2,0x0513,0x0532,0x0d53,0x0d52,0x1593,0x1593,0x25f4,0x2e35,0x2e35,0x1dd4,0x1df4,0x15d4,
0x1df4,0x15d4,0x1dd4,0x15b3,0x1df4,0x3655,0x46d6,0x3655,0x3655,0x2e34,0x2e14,0x3654,0x6715,0x7f76,0xa798,0xbfda,
0xd7fb,0xafda,0x6f5a,0x46b8,0x2e77,0x1e15,0x15f4,0x0d94,0x0d94,0x0d73,0x0d94,0x0d73,0x1594,0x0d53,0x0d33,0x0d53,
0x0d54,0x04f2,0x04f3,0x04f2,0x04f2,0x04b1,0x04b2,0x04b2,0x04d2,0x04b2,0x04b2,0x0491,0x0492,0x04b2,0x0cb2,0x0491,
0x0471,0x0471,0x0492,0x04b1,0x04d2,0x04d2,0x04b2,0x0491,0x0491,0x0470,0x04b2,0x04b1,0x04b1,0x04b1,0x1512,0x1d93,
0x25d4,0x1d93,0x1d74,0x1d93,0x3e13,0x4673,0x3e33,0x2593,0x1512,0x0490,0x0491,0x0470,0x0450,0x040f,0x0410,0x03ef,
0x040f,0x040f,0x0c10,0x040f,0x03ef,0x03ce,0x03cf,0x038e,0x03cf,0x042f,0x14f0,0x042f,0x0c30,0x0c70,0x1470,0x0c2f,
0x0c2f,0x0c2f,0x0c2f,0x0c2f,0x1450,0x042f,0x0c2f,0x0c2f,0x0c2f,0x03ee,0x03ee,0x03ad,0x03ed,0x0c2e,0x0bee,0x03ee,
0x03ae,0x032c,0x032d,0x030c,0x030c,0x030c,0x030c,0x02ec,0x030c,0x02ec,0x030d,0x02ec,0x030c,0x032c,0x032d,0x0b2b,
0x5be7,0x640b,0x6c6e,0x748e,0x7cee,0x8d30,0x8d30,0x9530,0x84cd,0x956e,0x854b,0x5c06,0x53c9,0x2a87,0x32c9,0x32e8,
0x3309,0x32c9,0x32e8,0x2226,0x1288,0x1bcc,0x0bab,0x13ac,0x1c2d,0x2cae,0x1c6c,0x6573,0x9f3b,0x2cf0,0x2ccf,0x1c8e,
0x1c6e,0x1c2e,0x038c,0x03ae,0x03ae,0x03ce,0x03ce,0x03ee,0x03ee,0x03ef,0x03ce,0x03cf,0x03ae,0x03ce,0x03ae,0x03ae,
0x03ae,0x03cf,0x03ae,0x03af,0x03ae,0x03ef,0x03ee,0x040f,0x040f,0x0450,0x0470,0x0cd0,0x0cb0,0x0490,0x046f,0x0cb1,
0x0490,0x0470,0x044f,0x0470,0x0470,0x0470,0x0470,0x0471,0x0470,0x0471,0x0450,0x0470,0x0470,0x0491,0x0490,0x04d1,
0x04f1,0x0d32,0x0d72,0x25f4,0x1df4,0x1d73,0x0d32,0x0d52,0x0d32,0x0d12,0x04d1,0x04b1,0x04b1,0x04d2,0x04b1,0x04d2,
0x04b1,0x04b2,0x04b1,0x04d2,0x04d1,0x0512,0x0532,0x0d53,0x1593,0x1dd4,0x1df4,0x1df4,0x15b3,0x15b4,0x0db3,0x15b4,
0x0d73,0x0d53,0x0553,0x0d93,0x15b4,0x15d5,0x0db4,0x0db4,0x0d93,0x15b4,0x0db4,0x1e15,0x3654,0x56d6,0x6717,0x8757,
0xafb7,0x9f97,0x5718,0x3eb8,0x2e77,0x2656,0x1e15,0x15b4,0x0553,0x0553,0x0533,0x0553,0x0553,0x0d33,0x0532,0x0d53,
0x0d33,0x0d33,0x0532,0x0d33,0x04f2,0x04f2,0x04d2,0x0cf3,0x04f2,0x0cd3,0x04b1,0x0492,0x0471,0x0491,0x0471,0x0471,
0x0451,0x0471,0x0451,0x0471,0x0491,0x0cd2,0x04d1,0x04d1,0x04b1,0x04b1,0x0491,0x0491,0x0490,0x04b1,0x0cf1,0x1553,
0x1553,0x1553,0x0d32,0x1d72,0x3e12,0x4632,0x2db2,0x1d32,0x0470,0x0450,0x0450,0x0430,0x0410,0x0410,0x03ef,0x03ef,
0x03ce,0x03cf,0x03ce,0x03cf,0x03ae,0x03cf,0x03ae,0x038e,0x038e,0x0c4f,0x1d30,0x0c4f,0x0c2f,0x1470,0x0c4f,0x0c2f,
0x042f,0x0c0f,0x040e,0x040e,0x03ee,0x0c2f,0x042f,0x040e,0x040e,0x0c2f,0x040e,0x03ee,0x03ee,0x1490,0x0c2f,0x0c0f,
0x0bce,0x034d,0x032c,0x032c,0x030c,0x030c,0x02ec,0x030c,0x02ec,0x030c,0x02ec,0x02ec,0x02ec,0x030c,0x032c,0x030d,
0x6449,0x6c6a,0x748c,0x74ad,0x7cef,0x8d10,0x9510,0x8d0f,0x7c8d,0x7cad,0x8d4e,0x5c08,0x32c5,0x2a67,0x32ea,0x32e8,
0x32e9,0x32c9,0x3aea,0x2a87,0x1aea,0x1bed,0x0bab,0x0bab,0x1bed,0x248d,0x24cd,0x44f0,0x5df5,0x1cae,0x2ccf,0x1c8e,
0x24cf,0x1c6f,0x0bad,0x03ad,0x03cf,0x03ae,0x03ce,0x03ce,0x03cf,0x03ce,0x03ef,0x03ce,0x03cf,0x03ae,0x03af,0x038e,
0x03af,0x03ae,0x03cf,0x03ae,0x03af,0x03ce,0x03ee,0x03ee,0x040f,0x040f,0x0450,0x0caf,0x14f1,0x0490,0x0470,0x0490,
0x0c91,0x0450,0x0450,0x0470,0x0470,0x0450,0x0471,0x0450,0x0471,0x0470,0x0491,0x0470,0x0491,0x04b1,0x0cd1,0x04d1,
0x0d32,0x1572,0x3614,0x3634,0x1dd4,0x1553,0x1553,0x0d12,0x0cf2,0x04b1,0x04b1,0x04b1,0x04b2,0x0492,0x04b2,0x04b2,
0x04b2,0x04b2,0x04b2,0x04d2,0x04f2,0x04f2,0x0532,0x0532,0x1594,0x1db4,0x1dd5,0x1594,0x15b4,0x0d94,0x0d94,0x0573,
0x0d53,0x0553,0x0d74,0x0d74,0x15b5,0x15b5,0x15b6,0x0db4,0x0db4,0x0d94,0x15d5,0x15d5,0x2636,0x3676,0x3e96,0x46d5,
0x6736,0x6735,0x4ef7,0x3676,0x2e57,0x2635,0x1df5,0x0db5,0x0d74,0x0533,0x0533,0x04f2,0x0513,0x04f2,0x0d13,0x0d33,
0x0d33,0x1593,0x1dd5,0x1573,0x0d53,0x0d33,0x0d33,0x04f2,0x04f3,0x04b2,0x0492,0x0491,0x04b2,0x0491,0x0491,0x0471,
0x0471,0x0451,0x0451,0x0450,0x0471,0x0491,0x04b2,0x0491,0x0491,0x0491,0x04b2,0x0491,0x04b2,0x04d1,0x0cf2,0x0cf1,
0x1553,0x1d93,0x1db2,0x3613,0x4e94,0x2dd2,0x1d72,0x0d11,0x0c91,0x0430,0x0450,0x040f,0x0410,0x0410,0x03ef,0x03cf,
0x03ef,0x03ae,0x03af,0x03ae,0x03cf,0x03ae,0x03ae,0x036e,0x038e,0x03ef,0x148f,0x0c2f,0x0c50,0x0c6f,0x0c70,0x044f,
0x040f,0x040e,0x0c0f,0x03ce,0x03ee,0x0c2f,0x0c2f,0x040e,0x0c2f,0x040f,0x0c0f,0x042e,0x0c50,0x0c4f,0x0c4f,0x03ce,
0x038d,0x034c,0x034d,0x032d,0x032d,0x030c,0x032d,0x030c,0x030d,0x02ec,0x030c,0x02ec,0x030d,0x030d,0x032c,0x032c,
0x4b48,0x5bc8,0x5be8,0x7cec,0x74ad,0x7cee,0x850f,0x7cae,0x84ce,0x9d92,0x7ccf,0x3ae9,0x19e5,0x3289,0x2aa8,0x32c9,
0x32c8,0x32e9,0x32c9,0x2a67,0x22e9,0x2c4e,0x0b6a,0x13ac,0x13ac,0x1c2c,0x1c4b,0x2c8e,0x1c8f,0x1c8e,0x1cae,0x1caf,
0x146e,0x0bcc,0x13ce,0x0b8d,0x03ae,0x03ef,0x03ce,0x03ef,0x03ee,0x03ef,0x03ae,0x03ae,0x03ad,0x03ae,0x03ae,0x03ae,
0x03ae,0x03ce,0x038e,0x03ae,0x038e,0x03ae,0x03ae,0x03ce,0x03ee,0x040f,0x044f,0x1510,0x1510,0x04b0,0x0470,0x0cb1,
0x0470,0x0470,0x0450,0x0470,0x044f,0x0450,0x0450,0x0451,0x0450,0x0471,0x0490,0x04b1,0x04b1,0x04f1,0x04f1,0x0d32,
0x1552,0x3614,0x4ed5,0x3e54,0x0d52,0x0512,0x04f2,0x0d12,0x04d1,0x04b1,0x04b1,0x04b2,0x0491,0x0491,0x0491,0x0492,
0x0491,0x04b2,0x04b1,0x04d2,0x04f1,0x0512,0x0532,0x0d53,0x0d53,0x0d53,0x0d33,0x0d54,0x0d73,0x0d74,0x0553,0x0533,
0x0533,0x0533,0x0533,0x0534,0x0574,0x0d95,0x0d94,0x15b4,0x0d93,0x1594,0x0d93,0x1594,0x15b4,0x1df5,0x2635,0x3e96,
0x46b6,0x4ed6,0x46b5,0x3676,0x1e15,0x1dd5,0x1594,0x0d95,0x0574,0x0554,0x0513,0x04f3,0x04f2,0x0512,0x0512,0x0d13,
0x0532,0x1db4,0x1df5,0x1db4,0x0d32,0x0532,0x04f1,0x04d2,0x0491,0x0491,0x0491,0x0492,0x0471,0x0471,0x0451,0x0471,
0x0450,0x0451,0x0450,0x0451,0x0450,0x0471,0x0470,0x0471,0x0470,0x0491,0x0492,0x04b2,0x04b1,0x0cf2,0x04f1,0x1553,
0x1db3,0x2e14,0x4673,0x6736,0x3e53,0x0cf1,0x0cf1,0x1552,0x04d1,0x0470,0x042f,0x0410,0x03ef,0x040f,0x03ef,0x03ef,
0x03ce,0x03ae,0x038e,0x03ae,0x038e,0x038e,0x036d,0x036e,0x038d,0x03ae,0x0c0f,0x1450,0x0c2f,0x0c4f,0x044f,0x042f,
0x040e,0x0c2f,0x040e,0x040e,0x040e,0x0c2f,0x03ee,0x040e,0x03ee,0x03ee,0x03ee,0x0c0e,0x03ee,0x03ee,0x042e,0x03ee,
0x036c,0x034d,0x034d,0x034d,0x032c,0x032d,0x032c,0x032d,0x030c,0x030c,0x02ec,0x02ec,0x02eb,0x030c,0x02ec,0x030d,
0x536a,0x4b69,0x5bca,0x74cd,0x8510,0x74ec,0x5c29,0x53ca,0x8d10,0x746e,0x3ae9,0x2a88,0x2a68,0x2a88,0x3288,0x32c9,
0x32c9,0x32a8,0x2aa8,0x11e4,0x3bac,0x346e,0x138b,0x138b,0x13ac,0x13ab,0x1c0c,0x246e,0x1c2e,0x0c0d,0x1c6e,0x1c8e,
0x1c6e,0x0bed,0x13ce,0x036c,0x03ce,0x0410,0x040f,0x042f,0x1471,0x040f,0x03ef,0x03ae,0x03ae,0x038d,0x03ae,0x03ce,
0x040f,0x03ef,0x03cf,0x03ae,0x03ae,0x038e,0x03af,0x03ae,0x03ef,0x0c6f,0x2551,0x2571,0x1d50,0x0cd0,0x0cb1,0x0cb1,
0x0cd1,0x04b0,0x0cb1,0x0470,0x0450,0x044f,0x0450,0x0450,0x0471,0x0471,0x0491,0x04b1,0x0cf2,0x0512,0x0d53,0x1573,
0x2df4,0x4674,0x4e94,0x25f3,0x1553,0x0d12,0x0d12,0x0d12,0x0d12,0x04f2,0x0cf3,0x04d2,0x04b2,0x0491,0x04b2,0x0491,
0x04b1,0x04b1,0x04d2,0x04f1,0x0d33,0x0d53,0x1574,0x0d53,0x0d53,0x0512,0x0513,0x0512,0x0d53,0x0d53,0x0d54,0x0533,
0x0533,0x0533,0x0d34,0x0533,0x0534,0x0554,0x0d74,0x0d74,0x15b4,0x15b4,0x15b4,0x0d73,0x0d94,0x15b4,0x2615,0x2e75,
0x46b6,0x3e95,0x56d5,0x3e74,0x1e15,0x15d4,0x15b4,0x0d94,0x0d94,0x0554,0x0d34,0x0513,0x0d13,0x0512,0x0533,0x0512,
0x1553,0x1db3,0x25d5,0x1573,0x0d32,0x04f2,0x04f2,0x04b2,0x04b2,0x0491,0x0492,0x0471,0x0492,0x0471,0x0471,0x0471,
0x0471,0x0451,0x0451,0x0451,0x0451,0x0470,0x0491,0x0471,0x0491,0x0491,0x04b2,0x0491,0x04d1,0x0cf2,0x1553,0x1db3,
0x2614,0x3633,0x5ed5,0x5ed5,0x2592,0x0490,0x0cd2,0x0d32,0x0d12,0x0470,0x0450,0x040f,0x0410,0x03ef,0x03f0,0x03cf,
0x03cf,0x03ae,0x03af,0x038e,0x038e,0x036d,0x038e,0x038d,0x03ae,0x038d,0x0c0f,0x1450,0x1450,0x0c2f,0x0c50,0x044f,
0x0c4f,0x0c2e,0x0c4f,0x0c2f,0x0c4f,0x040e,0x03ee,0x03ee,0x03ee,0x03ee,0x03ee,0x03ee,0x03ee,0x040e,0x148f,0x0c4e,
0x0bee,0x036d,0x0b6e,0x034d,0x034d,0x034d,0x034d,0x032c,0x032d,0x030c,0x02ed,0x02ec,0x030c,0x02eb,0x030c,0x02ec,
0x6485,0x6466,0x5c28,0x5be8,0x644b,0x6c88,0x4bc6,0x5c2c,0x53cc,0x5bab,0x3ae7,0x2a47,0x2a67,0x32a8,0x32c8,0x3b2a,
0x2266,0x2226,0x11e5,0x09c5,0x54b0,0x240c,0x1bcb,0x13ab,0x13ab,0x1bec,0x13eb,0x1c4e,0x142d,0x142d,0x0c0c,0x146d,
0x1c6e,0x1c4e,0x038c,0x036c,0x03ce,0x0410,0x03ee,0x040f,0x03ee,0x03ce,0x03ad,0x03ce,0x03ce,0x03ce,0x038d,0x03ee,
0x042f,0x042f,0x03ce,0x03ae,0x038e,0x03ae,0x03ae,0x03ae,0x03ef,0x14b0,0x152f,0x0cd0,0x0cd0,0x1511,0x0cf0,0x14f1,
0x0cd1,0x0cf2,0x04b1,0x0490,0x044f,0x0450,0x042f,0x0450,0x0450,0x0471,0x0470,0x04d1,0x04f2,0x0d33,0x0d52,0x1db3,
0x3e74,0x4eb4,0x2df2,0x1db3,0x1573,0x1d93,0x0d52,0x1552,0x0d32,0x1553,0x0d12,0x04f2,0x04b2,0x04b2,0x04b2,0x04b2,
0x04b1,0x04f2,0x04f2,0x0512,0x0d32,0x0d33,0x0512,0x0512,0x04f2,0x0512,0x04d1,0x04f2,0x0512,0x0d33,0x0533,0x0513,
0x04f2,0x0513,0x0513,0x0513,0x0513,0x0533,0x0533,0x0553,0x0d73,0x15b4,0x0d93,0x0d53,0x0553,0x15b4,0x15f4,0x2e55,
0x3655,0x2e55,0x4eb4,0x5ef5,0x2635,0x15d5,0x0db4,0x1594,0x0d74,0x0d74,0x0553,0x0d33,0x0513,0x0513,0x0512,0x0d53,
0x1573,0x1573,0x0d32,0x0512,0x04f2,0x04f2,0x04d1,0x04b2,0x04b1,0x0492,0x0471,0x0471,0x0471,0x0471,0x0451,0x0471,
0x0451,0x0451,0x0450,0x0451,0x0450,0x0471,0x0491,0x04b1,0x04b1,0x04b1,0x0490,0x04b1,0x04f1,0x1553,0x1d93,0x1db3,
0x1dd4,0x25d3,0x25d2,0x1552,0x04d1,0x04b1,0x04b0,0x0cf2,0x04b1,0x0471,0x040f,0x0410,0x03ef,0x03f0,0x03cf,0x03cf,
0x03ae,0x03ae,0x038e,0x038e,0x038e,0x03af,0x038d,0x03ae,0x038d,0x038e,0x03ad,0x1450,0x0c4f,0x0c2f,0x042f,0x0c4f,
0x042f,0x0c4f,0x0c4f,0x0c4f,0x0c2f,0x0c0f,0x03ed,0x03ce,0x03cd,0x03ee,0x03cd,0x0c2e,0x040e,0x040e,0x0c8f,0x148f,
0x03ed,0x038d,0x034c,0x036d,0x032c,0x032d,0x032c,0x032c,0x030c,0x032c,0x030b,0x030c,0x030c,0x0b2c,0x032c,0x030c,
0x64a6,0x6cc7,0x6ca7,0x53e5,0x53e6,0x5406,0x4b68,0x2a88,0x2a67,0x640b,0x6c2c,0x2247,0x3288,0x32c8,0x3ae8,0x2aa7,
0x1a05,0x11a4,0x0964,0x09c6,0x236c,0x240c,0x2c2d,0x1bec,0x23ed,0x13cc,0x244e,0x1c6e,0x1c6e,0x1c6e,0x1c4d,0x144d,
0x24ae,0x142d,0x0bed,0x036c,0x03ce,0x040f,0x040f,0x03ee,0x03ae,0x038d,0x03ae,0x03ae,0x03ef,0x03ce,0x03ce,0x03ee,
0x042f,0x042f,0x03ef,0x03ce,0x03cf,0x03ae,0x03cf,0x03cf,0x0c2f,0x044f,0x0470,0x044f,0x0cb0,0x1531,0x1d52,0x1532,
0x1512,0x0cf1,0x0cf2,0x0cb1,0x0471,0x0470,0x0471,0x0450,0x0451,0x0450,0x0470,0x0490,0x04d2,0x0d12,0x1db3,0x2e14,
0x4674,0x3613,0x25d4,0x1593,0x1d93,0x1592,0x1db3,0x1573,0x1573,0x0d52,0x1553,0x0d12,0x0d13,0x04f2,0x04f2,0x04d2,
0x0cf2,0x0d12,0x0d33,0x0512,0x0d13,0x04f2,0x04d2,0x04d1,0x04f2,0x04d1,0x04d2,0x04d1,0x04f2,0x0512,0x0d33,0x0512,
0x0513,0x04f2,0x04f3,0x04f2,0x0513,0x0513,0x0533,0x0532,0x0d53,0x0d73,0x1594,0x0d73,0x1594,0x0d93,0x1df4,0x2635,
0x2e55,0x2614,0x4eb5,0x6f16,0x56d6,0x25f5,0x1dd5,0x15b4,0x1594,0x0d74,0x0d74,0x0d53,0x0d54,0x0533,0x0d53,0x0d73,
0x1594,0x0d33,0x04f2,0x04f2,0x04f2,0x04d2,0x04d2,0x04b2,0x04d2,0x0492,0x0492,0x0471,0x0472,0x0471,0x0471,0x0471,
0x0471,0x0471,0x0471,0x0451,0x0471,0x0471,0x04b1,0x04b0,0x04b1,0x04b1,0x04d1,0x0cf1,0x1553,0x1d73,0x1552,0x1572,
0x1d93,0x25b2,0x2df3,0x1532,0x04d1,0x04b0,0x0cd1,0x0cd1,0x0471,0x0450,0x0430,0x03ef,0x03f0,0x03cf,0x03cf,0x03ae,
0x03cf,0x03ae,0x03af,0x03ae,0x03cf,0x03ef,0x03ae,0x038d,0x03ae,0x03ae,0x03ce,0x040e,0x0c0f,0x040e,0x0c2f,0x042f,
0x040f,0x042e,0x0c4f,0x0c2e,0x0c2f,0x040e,0x0c0f,0x03ee,0x0c0f,0x040e,0x03ee,0x03ee,0x0c2f,0x040e,0x14d0,0x148f,
0x0c0e,0x038d,0x038d,0x036c,0x036d,0x038d,0x0bce,0x038d,0x036d,0x030b,0x030b,0x032c,0x0b4d,0x032c,0x032c,0x030b,
0x32c6,0x4366,0x5c47,0x74e9,0x5407,0x4347,0x2a47,0x2227,0x2246,0x4309,0x32c8,0x32a9,0x2aa8,0x32a8,0x32a8,0x2a87,
0x2226,0x0944,0x0124,0x11c7,0x02a8,0x23cc,0x2c6d,0x1bec,0x240c,0x34ce,0x1cae,0x1cb0,0x144d,0x1c8e,0x1c6d,0x1c6d,
0x1c8e,0x038c,0x038c,0x036c,0x03ef,0x0c91,0x03ee,0x0bef,0x038d,0x038e,0x03ae,0x03ef,0x03ee,0x03ee,0x03ee,0x03ef,
0x03ee,0x042f,0x042f,0x040f,0x03ce,0x03cf,0x03ce,0x03ef,0x03ef,0x040f,0x040f,0x0470,0x0470,0x1510,0x2571,0x1d52,
0x0cf1,0x0cf1,0x0cf1,0x0cf2,0x0490,0x0490,0x0490,0x0471,0x0450,0x0450,0x0450,0x0491,0x04b0,0x0d52,0x1db2,0x25f3,
0x1db2,0x1d92,0x1572,0x1d93,0x1572,0x1d93,0x1593,0x1573,0x0511,0x0d11,0x0d32,0x1553,0x0d53,0x0d53,0x0512,0x0d33,
0x0d52,0x0d32,0x0512,0x0d12,0x04f1,0x04f2,0x04d1,0x04f2,0x04f2,0x04f2,0x04b1,0x04d2,0x04b1,0x04f2,0x04f2,0x04f3,
0x04f2,0x04f3,0x04d2,0x04f3,0x04f2,0x0513,0x04f2,0x0513,0x0512,0x0533,0x0d53,0x1574,0x0d73,0x0d93,0x15d4,0x2635,
0x1df4,0x1df4,0x2615,0x4e95,0x4eb5,0x3655,0x1dd5,0x1dd5,0x15b4,0x0db4,0x0d73,0x0d74,0x0d73,0x0d53,0x0d73,0x1db4,
0x0d72,0x0512,0x04d1,0x04d2,0x04b1,0x04b2,0x04b2,0x04b2,0x04b1,0x04b2,0x0491,0x0471,0x0450,0x0471,0x0471,0x0471,
0x0470,0x0491,0x0471,0x0471,0x0470,0x0491,0x0490,0x04b1,0x0490,0x04b0,0x04f1,0x1552,0x1572,0x1552,0x04f1,0x0d12,
0x1591,0x3613,0x4633,0x2572,0x04d1,0x0cf1,0x0cd1,0x0cb1,0x0470,0x0450,0x040f,0x03f0,0x03cf,0x03cf,0x03ae,0x03cf,
0x03ae,0x03ae,0x038e,0x03af,0x03ae,0x03af,0x038e,0x03ae,0x038e,0x03ce,0x03ad,0x03ce,0x038d,0x03ad,0x03cd,0x0c2f,
0x044f,0x0c4f,0x042e,0x040e,0x03ee,0x040e,0x040e,0x0c2f,0x040e,0x040e,0x040e,0x040f,0x03ed,0x148f,0x2551,0x0caf,
0x042e,0x0bce,0x038d,0x0bae,0x03ad,0x03ad,0x03ad,0x0bae,0x036c,0x030b,0x02cb,0x032c,0x032c,0x030c,0x02eb,0x030c,
0x2a68,0x32a7,0x5c0b,0x53cb,0x432b,0x2a89,0x32c7,0x4c07,0x3b27,0x2227,0x2a48,0x3aea,0x32c8,0x2266,0x3ac9,0x32a8,
0x2a67,0x0985,0x0965,0x09c7,0x0aaa,0x0b2a,0x1c0c,0x13eb,0x34ce,0x454e,0x3531,0x1c6f,0x142d,0x1c6d,0x1c4e,0x1c4e,
0x140e,0x034c,0x034d,0x034c,0x0c70,0x0491,0x040f,0x040f,0x03ce,0x03ae,0x03ef,0x03ef,0x040f,0x03ee,0x040f,0x040f,
0x042f,0x042f,0x0c50,0x0430,0x0430,0x040f,0x03ef,0x03ce,0x03ef,0x03ee,0x042f,0x0470,0x0c90,0x14ef,0x35d2,0x2571,
0x0cf1,0x0cd1,0x14f2,0x0d12,0x0cf1,0x04b0,0x0490,0x0490,0x0490,0x0470,0x0491,0x04b1,0x0d12,0x1552,0x1d73,0x1552,
0x1552,0x1552,0x1d52,0x1552,0x1553,0x0d32,0x0d12,0x04f1,0x0d12,0x0d12,0x1553,0x1553,0x1573,0x0d32,0x0d33,0x1573,
0x1db4,0x1572,0x0d32,0x04f2,0x0512,0x04f1,0x04f2,0x04f2,0x04f2,0x04d1,0x04d2,0x04b2,0x04b2,0x04b1,0x04d2,0x04d2,
0x04f3,0x04d2,0x04d3,0x04b2,0x04d2,0x04f2,0x0513,0x0513,0x0533,0x0512,0x0d33,0x0d53,0x0d73,0x0d93,0x1df4,0x1dd4,
0x1dd4,0x15b3,0x1df5,0x2614,0x2e34,0x3655,0x2e35,0x1df4,0x2616,0x1df5,0x1dd5,0x15b4,0x1594,0x1593,0x1dd4,0x1dd4,
0x1573,0x0512,0x0d12,0x04f2,0x04d2,0x04b2,0x04d2,0x04b2,0x04d2,0x04b2,0x04b2,0x0491,0x0491,0x0471,0x0491,0x0491,
0x0cb1,0x0491,0x0c91,0x0491,0x0cd2,0x04d1,0x0cd2,0x04b1,0x04d1,0x0cf1,0x1d73,0x1552,0x1552,0x0d11,0x0d12,0x1552,
0x2e33,0x4eb4,0x4654,0x1571,0x0d32,0x1552,0x1512,0x04b1,0x0cb1,0x0450,0x0430,0x0410,0x0410,0x03ef,0x03cf,0x03ae,
0x03cf,0x03ae,0x03af,0x03af,0x03af,0x038e,0x03af,0x03ae,0x03ae,0x03ae,0x03ce,0x0bee,0x0bce,0x038d,0x03ae,0x040e,
0x0c50,0x044f,0x0c70,0x0c4f,0x0c2f,0x03ee,0x03ce,0x03ee,0x040e,0x03ee,0x0c0f,0x040f,0x0c4e,0x252f,0x2d71,0x0c8e,
0x0c2e,0x03ad,0x0b8e,0x036d,0x036d,0x032c,0x034d,0x032c,0x032d,0x02ec,0x02ec,0x02ec,0x02ec,0x02eb,0x030c,0x02eb,
0x2246,0x2a67,0x32c9,0x434a,0x3b27,0x43a6,0x6d46,0x7e27,0x43e6,0x1a26,0x2247,0x32c9,0x2a67,0x2a67,0x2a86,0x2aa6,
0x2a86,0x11a4,0x0165,0x0207,0x0289,0x0aea,0x0b8a,0x1c0b,0x13ca,0x2c4d,0x3d93,0x142e,0x144d,0x1c4d,0x0bed,0x036c,
0x034b,0x034c,0x032c,0x034c,0x0d32,0x14f3,0x03ee,0x040f,0x042f,0x03ef,0x03ce,0x040f,0x040f,0x040f,0x03ee,0x040f,
0x040f,0x042f,0x040f,0x0450,0x0450,0x0450,0x03ef,0x03ce,0x03ae,0x03ef,0x040e,0x0450,0x0470,0x14d0,0x2d91,0x2571,
0x04af,0x04b1,0x04f1,0x0d31,0x0d31,0x0d11,0x04d0,0x0cf1,0x04b0,0x04d1,0x0cf0,0x1552,0x1532,0x1532,0x0d12,0x0d12,
0x0d12,0x0d12,0x0cf1,0x0cf2,0x04d2,0x04f2,0x04d1,0x04f2,0x0d12,0x0d33,0x0d12,0x0d12,0x0d11,0x0cf2,0x04d1,0x0d32,
0x1572,0x1532,0x04f1,0x0512,0x04f2,0x04f2,0x04f1,0x04d2,0x04d1,0x04d2,0x04b2,0x04b2,0x0491,0x04b2,0x04b1,0x04b2,
0x04b1,0x04b2,0x04b1,0x04b2,0x04b1,0x04d2,0x04f2,0x0513,0x0512,0x0513,0x0513,0x0d53,0x0d73,0x15b4,0x0db3,0x15b3,
0x15b3,0x15b3,0x15d3,0x1e15,0x2614,0x4675,0x4eb5,0x4695,0x2e35,0x2e36,0x1e15,0x1dd4,0x1db4,0x2615,0x2634,0x2615,
0x1593,0x0d52,0x0512,0x0512,0x04d2,0x04d2,0x04b2,0x04d2,0x04b2,0x04b2,0x0491,0x0491,0x0490,0x0491,0x0491,0x04b1,
0x04b1,0x0cb2,0x04b1,0x0cd2,0x0cd1,0x0cd1,0x04b1,0x04d1,0x0cf1,0x1d53,0x1573,0x1572,0x1551,0x1db2,0x25f3,0x3e55,
0x56d4,0x7756,0x4eb5,0x1dd3,0x1593,0x1d93,0x0d11,0x04d1,0x0490,0x0470,0x042f,0x0410,0x03ef,0x0410,0x03ef,0x03cf,
0x03ce,0x03cf,0x038e,0x038e,0x038e,0x038e,0x038e,0x03ae,0x036d,0x036d,0x038d,0x03ce,0x0c0f,0x03ad,0x036c,0x03ee,
0x042f,0x0c6f,0x0c6f,0x0c90,0x0c4f,0x03ce,0x03ad,0x03ee,0x03ee,0x03ee,0x040e,0x0c4f,0x1d10,0x2510,0x148e,0x0c4e,
0x03ad,0x038d,0x036d,0x034d,0x032c,0x034d,0x032c,0x032d,0x030c,0x030c,0x02eb,0x02ec,0x02eb,0x030c,0x030b,0x032b,
0x32c5,0x2aa5,0x2a87,0x5c87,0x8e08,0x7585,0x75a5,0x75c6,0x5ca8,0x1a47,0x2a68,0x2a67,0x2a67,0x2a67,0x3286,0x2aa4,
0x2a44,0x0983,0x1a49,0x0207,0x0a69,0x0aea,0x1bec,0x1beb,0x1bcc,0x1bec,0x140e,0x0c0c,0x248d,0x1c4e,0x0b8c,0x036c,
0x0b6c,0x032b,0x034c,0x036c,0x1533,0x0471,0x040f,0x0cb0,0x1d33,0x040f,0x03ef,0x040e,0x042f,0x040f,0x040f,0x040f,
0x040f,0x040f,0x040f,0x042f,0x0c71,0x0450,0x040f,0x03ee,0x040f,0x040f,0x042f,0x044f,0x0490,0x0cb0,0x1d11,0x1d30,
0x14f0,0x0490,0x0cd1,0x0d10,0x1552,0x1572,0x1d72,0x0d52,0x0d32,0x1d72,0x2e13,0x25d2,0x1552,0x0cf1,0x0cf2,0x04d1,
0x0cd2,0x04b1,0x04b2,0x04b1,0x04b2,0x04d2,0x0d13,0x0d12,0x0d13,0x04f2,0x0cf2,0x04f1,0x0cf2,0x04f2,0x0cf2,0x04f2,
0x0d32,0x0d12,0x0d33,0x0532,0x0d12,0x04f2,0x0512,0x04f2,0x04f2,0x04f2,0x0cd3,0x04b2,0x04b2,0x04b2,0x04b2,0x04b1,
0x04b2,0x0491,0x04b2,0x0491,0x04b2,0x04d2,0x04f3,0x04f2,0x0513,0x0533,0x0d33,0x0553,0x1594,0x1593,0x0d93,0x0d52,
0x1594,0x0d93,0x1dd4,0x1dd4,0x2e15,0x4695,0x7737,0x7f57,0x5718,0x3676,0x3656,0x3675,0x3eb6,0x3695,0x2e55,0x15b3,
0x1593,0x1593,0x1573,0x0512,0x0d13,0x04f3,0x04f3,0x04d2,0x0cd2,0x04b2,0x04b2,0x0491,0x0cb1,0x04b1,0x0cd2,0x0cf1,
0x0d12,0x0cf1,0x0cf2,0x0cd1,0x0cb1,0x0490,0x0cf2,0x0d12,0x1512,0x0d12,0x1553,0x1db3,0x2df4,0x2e34,0x4695,0x4eb5,
0x6736,0x8776,0x6f58,0x3655,0x25f5,0x1553,0x0cf1,0x0490,0x0cb1,0x0490,0x0470,0x0430,0x0410,0x040f,0x040f,0x03ef,
0x03cf,0x03ae,0x03af,0x038e,0x038f,0x036e,0x03ae,0x038e,0x036e,0x034d,0x036d,0x038d,0x03ae,0x03ce,0x0bee,0x03ee,
0x0c70,0x0c6f,0x0c90,0x046f,0x0c2f,0x03ee,0x0c0e,0x03ed,0x03ee,0x03cd,0x0c2f,0x1cd0,0x1cf0,0x042e,0x03ce,0x03ee,
0x0c2f,0x03ce,0x0bee,0x03ce,0x038e,0x034d,0x032d,0x030b,0x0b6d,0x034c,0x032c,0x030c,0x0b4c,0x0b4b,0x0b6b,0x034a,
0x2263,0x1204,0x22a6,0x8608,0x8ea7,0x7e06,0x8606,0x8e47,0x8627,0x3326,0x1a06,0x2a86,0x2246,0x2a66,0x2a65,0x2a45,
0x11a4,0x09e7,0x0a29,0x0207,0x0248,0x134a,0x1beb,0x1bec,0x1bcc,0x13cd,0x0bab,0x13ec,0x0beb,0x0bac,0x030b,0x0b6c,
0x032b,0x034c,0x030c,0x0bcf,0x0470,0x0430,0x040f,0x14b0,0x0cb0,0x040f,0x03ee,0x040f,0x040e,0x040f,0x040f,0x040f,
0x03ee,0x040f,0x03ee,0x040f,0x042f,0x040f,0x03ce,0x03ef,0x040e,0x042f,0x044f,0x0450,0x046f,0x0cb0,0x14d0,0x2d72,
0x1d51,0x0cb0,0x046f,0x0cd1,0x1552,0x1db3,0x1db2,0x2df3,0x3633,0x4694,0x2e33,0x1552,0x04d1,0x04d1,0x04b1,0x04b1,
0x0490,0x04b1,0x0491,0x0491,0x0491,0x04d2,0x04f2,0x04f2,0x04d1,0x04d2,0x04b1,0x04d2,0x04b1,0x0cf2,0x04f2,0x0d12,
0x0532,0x0d53,0x0d53,0x0d53,0x0532,0x0532,0x0512,0x0512,0x04f2,0x04f3,0x04b2,0x04b2,0x04b1,0x04d2,0x04d2,0x04d2,
0x0491,0x0492,0x0491,0x04b2,0x04b1,0x04d2,0x04d2,0x04f3,0x04f2,0x0533,0x0512,0x0d53,0x0d93,0x15b4,0x0d73,0x0d53,
0x0d73,0x15b4,0x15b3,0x25f4,0x2614,0x46b5,0x6f36,0x97b8,0x7f78,0x5ef7,0x5695,0x56f6,0x3eb4,0x2633,0x15b3,0x0d53,
0x0532,0x0d52,0x0d52,0x0d52,0x0512,0x0d12,0x0512,0x0512,0x04f2,0x0512,0x04f2,0x04f2,0x04f1,0x0d12,0x0cf2,0x1512,
0x0d12,0x04d1,0x04b0,0x04b0,0x0490,0x0cd1,0x0d32,0x1552,0x0d11,0x0d32,0x0d52,0x25d4,0x2e14,0x3675,0x4695,0x56b5,
0x4673,0x4e93,0x4e95,0x3e15,0x1d73,0x1512,0x04b1,0x0490,0x0490,0x0cb1,0x0490,0x0470,0x040f,0x042f,0x040f,0x040f,
0x03ef,0x03cf,0x03ae,0x03af,0x038e,0x038e,0x038e,0x038e,0x036d,0x036d,0x034c,0x036d,0x036d,0x0bef,0x0c50,0x0c50,
0x042f,0x0c6f,0x0c6f,0x044f,0x040e,0x0c0d,0x2c6c,0x54eb,0x5528,0x5d48,0x5d49,0x5d8b,0x450a,0x348a,0x23cb,0x13ad,
0x03ee,0x040e,0x042f,0x0caf,0x042e,0x03ae,0x036c,0x0bae,0x240e,0x13ac,0x034c,0x030b,0x034a,0x13cb,0x0b8a,0x0b6b,
0x5445,0x3304,0x2ae4,0x8608,0x8e47,0x8647,0x8e68,0x9ea8,0x9eea,0x32e5,0x2206,0x2206,0x2207,0x19e6,0x2225,0x1164,
0x0987,0x12ab,0x01e8,0x0228,0x0269,0x1b6b,0x23eb,0x138b,0x2c4f,0x3d32,0x1c2e,0x1c2d,0x0bac,0x030a,0x0b4c,0x0b4b,
0x034b,0x032b,0x032c,0x03ae,0x03ef,0x03ce,0x040f,0x040e,0x042f,0x03ee,0x03ef,0x040f,0x042f,0x040f,0x040f,0x040f,
0x040f,0x03ef,0x03ef,0x03ce,0x040f,0x03ee,0x03ef,0x03ef,0x040f,0x042f,0x0c70,0x0450,0x0490,0x0490,0x14f1,0x2571,
0x2db2,0x1d71,0x1d11,0x1531,0x1db3,0x2e13,0x3e95,0x4eb3,0x5ef4,0x3e94,0x1db3,0x0cf2,0x0cd2,0x04b1,0x04b1,0x04b1,
0x04b1,0x0491,0x0471,0x0471,0x0471,0x0491,0x04d2,0x04b1,0x04b1,0x04b1,0x04d2,0x04b1,0x04d2,0x04f2,0x0cf2,0x04f2,
0x0d33,0x0d53,0x1573,0x0d73,0x1593,0x0d53,0x1553,0x0512,0x0d13,0x04f2,0x04f3,0x04d2,0x04f3,0x04f2,0x0cf3,0x04b2,
0x04d2,0x04b2,0x04b2,0x04b2,0x04d2,0x04d2,0x04f3,0x04f2,0x0513,0x0512,0x0d53,0x0d73,0x15b4,0x0d94,0x0d94,0x0d73,
0x1594,0x15b4,0x1df5,0x2e35,0x3696,0x3e95,0x56f7,0x8779,0xaff9,0x8fb7,0x7716,0x5eb5,0x4675,0x2614,0x2615,0x1593,
0x0d52,0x0551,0x1593,0x15b3,0x0d73,0x0512,0x0d33,0x0d33,0x0d73,0x0552,0x0d53,0x0d52,0x1553,0x0d32,0x1532,0x0d12,
0x0cf2,0x04d1,0x0d12,0x1552,0x1d72,0x1552,0x1d73,0x1d93,0x1d93,0x1db3,0x2df4,0x2e34,0x3e95,0x56f5,0x7757,0x6f15,
0x66b4,0x5673,0x5eb4,0x4674,0x2592,0x0cf1,0x0cf2,0x0490,0x0491,0x0490,0x0491,0x0470,0x0450,0x040f,0x0430,0x040f,
0x0410,0x03ef,0x03ef,0x03cf,0x03af,0x038e,0x038e,0x038e,0x03ce,0x036d,0x038d,0x036d,0x03ce,0x03ce,0x03ef,0x03ee,
0x0c4f,0x0c2f,0x0c2f,0x0c2f,0x0c2f,0x040f,0x0bef,0x0bcd,0x348b,0x6da9,0x8e49,0x7de6,0x7dc6,0x8e28,0x8609,0x75c9,
0x5d6b,0x4d0c,0x34ce,0x148f,0x14b0,0x0c4d,0x144e,0x142e,0x0bed,0x0bac,0x136d,0x032c,0x0b6b,0x13cb,0x13ab,0x0b6b,
0x6505,0x6d26,0x43e5,0x7568,0x8648,0x8627,0x6d84,0xa6ea,0x8e0a,0x11a4,0x2246,0x4366,0x5407,0x4366,0x11e2,0x0102,
0x33cf,0x0a8a,0x01e7,0x0228,0x0248,0x1b6a,0x348b,0x0b6a,0x5dd5,0x5617,0x03ac,0x0b8c,0x032b,0x032c,0x034c,0x0b6b,
0x032b,0x02eb,0x030c,0x038e,0x03ae,0x03ae,0x03cd,0x040e,0x03ee,0x040f,0x042f,0x0c70,0x040e,0x042f,0x040f,0x040f,
0x040f,0x03cf,0x03ad,0x03ce,0x03ce,0x03ef,0x03ce,0x03ee,0x03ee,0x0430,0x0450,0x0490,0x04d1,0x0cf1,0x0cf1,0x1d51,
0x3df0,0x5eb1,0x35d2,0x1d92,0x1d91,0x25d2,0x2e33,0x4693,0x3e73,0x2e13,0x1552,0x1533,0x0cf2,0x0cf2,0x04d1,0x04d1,
0x0490,0x0471,0x0430,0x0451,0x0450,0x0471,0x0490,0x04b1,0x04b1,0x04d2,0x04d2,0x04d2,0x04b2,0x04d2,0x04d1,0x04f2,
0x0512,0x0d33,0x0512,0x0d52,0x0d73,0x1574,0x0d53,0x0d53,0x0512,0x0512,0x04f2,0x0512,0x04f2,0x04f3,0x04b2,0x04b2,
0x04b2,0x04b2,0x04b1,0x04d2,0x04b2,0x04d2,0x04d2,0x04f3,0x0512,0x0513,0x0533,0x0d74,0x0d73,0x0d53,0x0552,0x0d73,
0x0d73,0x15b5,0x1df5,0x2635,0x2e34,0x3e96,0x5717,0x97b9,0xa7b8,0x7757,0x4674,0x3654,0x2e35,0x2635,0x2635,0x25f5,
0x1592,0x1593,0x15b3,0x1e14,0x15d3,0x15b3,0x0d72,0x1dd3,0x1df3,0x1df3,0x15b2,0x1593,0x0d52,0x1552,0x0d32,0x1552,
0x1551,0x25b3,0x2e14,0x2df4,0x1d92,0x1572,0x1572,0x25f3,0x25d3,0x2df3,0x2e13,0x3e73,0x56d4,0x6714,0x66d4,0x5eb4,
0x5694,0x56b4,0x56d3,0x5f14,0x3e54,0x1d52,0x04f0,0x04b0,0x0470,0x0470,0x044f,0x0450,0x042f,0x0430,0x040f,0x040f,
0x03ef,0x03ef,0x03ce,0x03ef,0x03ce,0x03cf,0x03ae,0x03ce,0x03ee,0x03ae,0x036c,0x038d,0x03ad,0x03ee,0x03ce,0x03ae,
0x03ad,0x0bee,0x040e,0x0c0f,0x03ad,0x038e,0x038d,0x038d,0x038d,0x0c0d,0x3d2c,0x7609,0x7de7,0x85e7,0x7de7,0x8648,
0x8e48,0x968b,0xa6ed,0x8e2d,0x44ec,0x1c2d,0x1c2c,0x2c8b,0x23ea,0x1bac,0x0b8c,0x0b2c,0x0b6b,0x0baa,0x0b8a,0x0b4b,
0x5cc6,0x6525,0x43e4,0x2b23,0x7568,0x6da7,0x6d85,0x7e08,0x4385,0x4385,0x7567,0x7de7,0xa70c,0xa6eb,0x64e6,0x5c6b,
0x336c,0x0167,0x0a48,0x0228,0x0aa9,0x3c6c,0x4d2e,0x13ec,0x34b1,0x13cd,0x032b,0x030a,0x032b,0x034c,0x13ad,0x0b6c,
0x0b0c,0x02cb,0x038e,0x03ae,0x03ae,0x038e,0x03cf,0x03ee,0x0c0f,0x0470,0x0cd1,0x0cb0,0x0450,0x042f,0x0450,0x040f,
0x040f,0x03ae,0x03ce,0x03ce,0x03ef,0x03ce,0x03ef,0x03ee,0x042f,0x0430,0x0470,0x04b1,0x0d12,0x1552,0x2db2,0x3df1,
0x4e52,0x4611,0x1d31,0x0d11,0x1552,0x1552,0x1d93,0x25f3,0x3654,0x1d92,0x0d32,0x04f1,0x0cf2,0x04d1,0x04d1,0x0491,
0x0491,0x0450,0x0450,0x0430,0x0451,0x0471,0x0491,0x04b1,0x04d2,0x04d2,0x0cf3,0x04f2,0x0cf3,0x04d2,0x04d2,0x04f2,
0x0d33,0x0d12,0x0d12,0x0512,0x0d33,0x0d52,0x1573,0x0d53,0x1553,0x0d33,0x0d33,0x04f2,0x04f2,0x04d2,0x04d2,0x04d2,
0x04d2,0x04b2,0x04d2,0x04b2,0x04d2,0x04d2,0x04f3,0x04f3,0x0533,0x0533,0x0d74,0x0d74,0x0d54,0x0533,0x0d53,0x0553,
0x0d53,0x0d73,0x15d4,0x1df4,0x3676,0x46f7,0x6f77,0x97b7,0x8f78,0x4ed7,0x2e35,0x1dd3,0x15d4,0x1594,0x1594,0x1594,
0x1573,0x0d53,0x0d73,0x0d72,0x1d93,0x1db3,0x25d3,0x25f2,0x3674,0x3695,0x3674,0x2e13,0x2df3,0x25d3,0x25d3,0x2df3,
0x3e75,0x3e55,0x3614,0x1d92,0x1552,0x1551,0x3633,0x5ef5,0x4e74,0x2df2,0x35f3,0x35f2,0x4633,0x3633,0x3633,0x3613,
0x3633,0x2df2,0x2dd3,0x2dd2,0x3e12,0x35f2,0x1d72,0x04f1,0x0491,0x0450,0x0450,0x042f,0x0450,0x0430,0x0450,0x0430,
0x0430,0x03ef,0x040f,0x040f,0x0430,0x040f,0x040f,0x03ee,0x040f,0x03ae,0x036d,0x036d,0x03ae,0x03ee,0x0c50,0x03ce,
0x03ae,0x038d,0x0c30,0x040e,0x03ae,0x03ae,0x03ce,0x03ae,0x03ee,0x046f,0x044f,0x2cec,0x7e09,0x8e07,0x8608,0x7dc8,
0x7dc8,0x8649,0xb72f,0xaeec,0x964a,0x75e9,0x44cb,0x23eb,0x6549,0x7dc8,0x75ea,0x5d29,0x5d6c,0x2c2a,0x0b2a,0x032b,
0x8667,0x8666,0x7e06,0x6506,0x4c44,0x4c85,0x5d46,0x4405,0x3bc3,0x75a6,0x6544,0x7585,0x8e49,0x7586,0x6da5,0x75c7,
0x3384,0x01a5,0x0207,0x0a49,0x12c9,0x23ab,0x136a,0x140d,0x034b,0x030b,0x0b4b,0x030a,0x034b,0x13ad,0x0b6c,0x034c,
0x02cb,0x032c,0x03ae,0x038e,0x038d,0x03ae,0x03ce,0x03ae,0x03ad,0x0c90,0x04b0,0x0cb1,0x044f,0x044f,0x042f,0x042f,
0x03ce,0x03ce,0x03ae,0x03ce,0x03ce,0x03ee,0x03ee,0x042f,0x044f,0x0470,0x046f,0x04d1,0x0d31,0x25b2,0x3e32,0x3e31,
0x2570,0x1511,0x0cf1,0x0d12,0x0cf1,0x1533,0x1552,0x1d72,0x1db2,0x1552,0x04d1,0x04b1,0x0490,0x0490,0x0470,0x0491,
0x0450,0x0450,0x042f,0x0430,0x0430,0x0451,0x0450,0x0490,0x0491,0x04d2,0x04d2,0x04d2,0x04b2,0x04d2,0x04d2,0x0d13,
0x0512,0x0d33,0x04f2,0x0512,0x04f1,0x0512,0x0d32,0x0d53,0x0d33,0x0d53,0x0d33,0x0d13,0x04f2,0x04f2,0x04f2,0x04f2,
0x04d2,0x04d2,0x04b2,0x04d2,0x04d2,0x04f2,0x04d2,0x0513,0x0512,0x0d73,0x0d73,0x0d53,0x0532,0x0533,0x0532,0x0553,
0x0552,0x0d93,0x15b4,0x2615,0x2e55,0x3e96,0x56f5,0x7f36,0x56b6,0x46b7,0x3676,0x1dd4,0x0d92,0x0d73,0x0532,0x0d33,
0x0532,0x0d32,0x0532,0x0d32,0x04f2,0x0d33,0x0d32,0x1573,0x1593,0x25f4,0x25f3,0x3634,0x4694,0x4eb4,0x56d4,0x6715,
0x4e93,0x2e12,0x1db2,0x1d93,0x2592,0x3e12,0x5693,0x66b4,0x35d1,0x1d31,0x1552,0x2593,0x25d2,0x25d3,0x25b2,0x2592,
0x1531,0x0d11,0x04d1,0x14f2,0x1d51,0x2dd2,0x2db2,0x25b2,0x0d11,0x0490,0x0450,0x0470,0x044f,0x0450,0x0450,0x0c50,
0x040f,0x040f,0x03ef,0x040f,0x040f,0x040f,0x040e,0x040f,0x03ee,0x03ce,0x036d,0x036d,0x038d,0x0c50,0x14b1,0x03ef,
0x038d,0x038d,0x03ce,0x03ce,0x038d,0x038d,0x038d,0x03ae,0x03ad,0x046f,0x14d0,0x4e13,0x6e92,0x7e4d,0x9e89,0xaecc,
0x9ecc,0x968a,0x9e6a,0xaf0d,0x964a,0x8e2a,0x8e69,0x5d48,0x3447,0x7de8,0x8e47,0x9e88,0xa6ea,0x9ecc,0x6549,0x2389,
0x9ee8,0x8626,0x7de7,0x7586,0x6525,0x4ca5,0x3c25,0x2343,0x4c64,0x54c4,0x6da7,0x7de8,0x8e69,0x7de6,0x8607,0x6d86,
0x8628,0x4446,0x0a27,0x0a69,0x0a69,0x0208,0x0b2b,0x13ce,0x02ea,0x02ea,0x134c,0x0b2c,0x13ad,0x036b,0x032c,0x030c,
0x02ec,0x038e,0x03ef,0x038e,0x038e,0x03ae,0x03cf,0x038e,0x038e,0x042f,0x0491,0x0470,0x044f,0x044f,0x0470,0x0430,
0x03ef,0x03ce,0x03cf,0x03ae,0x03ce,0x040f,0x0430,0x044f,0x0490,0x048f,0x0cd0,0x0cf1,0x1551,0x1d71,0x2dd3,0x1d51,
0x1531,0x0d32,0x1533,0x0cf1,0x0d12,0x0d12,0x0d12,0x0d11,0x1d72,0x0d12,0x0cd2,0x0491,0x0491,0x0450,0x0450,0x0430,
0x0450,0x044f,0x0450,0x0430,0x0451,0x0430,0x0450,0x0450,0x0491,0x0491,0x0cd2,0x04d2,0x04d2,0x04d2,0x0cf3,0x04f2,
0x04f2,0x04f2,0x04f2,0x04f2,0x0513,0x04f2,0x0d13,0x0512,0x0d33,0x0533,0x0d33,0x0d33,0x0d53,0x0d33,0x0d34,0x0513,
0x0513,0x04f2,0x0513,0x04f2,0x04f3,0x04f2,0x0d13,0x0d33,0x1574,0x0d93,0x1594,0x0d53,0x0d74,0x0d53,0x0d74,0x0d93,
0x15d4,0x15d4,0x1df5,0x1df4,0x2614,0x2e34,0x56d5,0x56d5,0x2e76,0x2e55,0x2e56,0x1df4,0x15d4,0x0d72,0x0d33,0x0512,
0x0d12,0x04f1,0x0cf2,0x04d2,0x04d2,0x04d2,0x04f2,0x04f2,0x0d32,0x0d52,0x1573,0x1db3,0x2df3,0x3e53,0x56d4,0x4e73,
0x4653,0x3e32,0x3e33,0x4e73,0x5eb4,0x4e73,0x35f3,0x1d71,0x1511,0x0cf1,0x1d53,0x1d73,0x1d72,0x1531,0x1532,0x0cf1,
0x14f1,0x0cd0,0x0cf1,0x0cf1,0x1d32,0x1552,0x2572,0x2db2,0x2dd3,0x0d10,0x0cf0,0x04b0,0x0c90,0x0c90,0x0c91,0x0430,
0x042f,0x03ee,0x040f,0x040f,0x042f,0x040f,0x042f,0x040f,0x040f,0x03ee,0x03ef,0x038d,0x03ce,0x040f,0x040f,0x03ce,
0x03ce,0x038d,0x03ae,0x03ce,0x03ce,0x030c,0x030c,0x034d,0x03ee,0x0c8f,0x24f1,0x35b1,0x35d2,0x2510,0x5d8d,0xa6cb,
0xa6aa,0xa68b,0x8e09,0x75a7,0x968b,0x9e8b,0x8e2a,0x7e09,0x75c7,0x6d66,0x9669,0xaf0b,0xa68a,0xaeeb,0xb72c,0x9669,
0x8627,0x968a,0x96a9,0x8647,0x7de6,0x6da6,0x5d45,0x5d06,0x6d86,0x7de6,0x7de6,0x8607,0x8e88,0x9689,0x8606,0x8e68,
0x4c47,0x22a7,0x0a68,0x0a69,0x0249,0x026a,0x02ca,0x02cb,0x02a9,0x02ca,0x02a9,0x02ea,0x0b0a,0x030a,0x0b8d,0x034c,
0x034d,0x040f,0x0470,0x03ce,0x038e,0x03ae,0x03ae,0x03ae,0x036d,0x03ae,0x042f,0x0490,0x0470,0x0c90,0x0490,0x0450,
0x03ef,0x03cf,0x03ae,0x03ce,0x03ee,0x042f,0x044f,0x0c90,0x0cd0,0x0cf0,0x04d0,0x0cf0,0x0d10,0x35b1,0x3e11,0x2e13,
0x1d92,0x1552,0x0d11,0x0cf1,0x0cf1,0x0cf2,0x04d1,0x0d12,0x0d11,0x0d13,0x0491,0x0470,0x0450,0x0430,0x042f,0x0430,
0x042f,0x0450,0x0430,0x0430,0x0430,0x0430,0x040f,0x0450,0x0450,0x0491,0x0491,0x04b2,0x04b2,0x04d2,0x04d2,0x04f2,
0x04d1,0x04d2,0x04d1,0x04f2,0x04d2,0x04f2,0x04d2,0x0512,0x04f2,0x04f2,0x04f2,0x0d33,0x0d33,0x1574,0x0d53,0x0d53,
0x0533,0x0d33,0x0512,0x0513,0x0512,0x0513,0x0533,0x1594,0x1dd5,0x15b4,0x0d73,0x0d94,0x0d93,0x1594,0x15b4,0x15d4,
0x15d4,0x1e15,0x1df4,0x1e15,0x2614,0x3e75,0x46b5,0x3675,0x15f4,0x1df5,0x15d4,0x1df4,0x15d3,0x1593,0x0512,0x0512,
0x04d1,0x04d2,0x04d1,0x04d2,0x04b1,0x04d1,0x04b1,0x04f2,0x0511,0x0d12,0x0d11,0x0d53,0x1593,0x2e14,0x3653,0x2df3,
0x2dd2,0x4e53,0x6692,0x7f14,0x5e92,0x2dd2,0x1551,0x0d11,0x0cd0,0x1511,0x0d11,0x0cf1,0x04f1,0x1552,0x1552,0x1532,
0x0cf1,0x14d2,0x0cd1,0x14f1,0x14f1,0x14d1,0x04b0,0x0cb0,0x1d10,0x2db2,0x25b1,0x1d30,0x0cb0,0x046f,0x042f,0x042f,
0x040f,0x03ef,0x03ee,0x040f,0x040f,0x042f,0x042f,0x042f,0x040f,0x042f,0x040e,0x03ee,0x03ee,0x03ee,0x03ad,0x03ae,
0x03ce,0x042f,0x0cd1,0x14f2,0x042f,0x032c,0x032c,0x03ce,0x040e,0x03cd,0x03cd,0x040e,0x03ee,0x040f,0x03cd,0x44cd,
0x964a,0x8e48,0x8e8a,0x8e8a,0x7e08,0x85e9,0x8609,0x7e07,0x6da6,0x75a8,0x5cc5,0x9e4b,0xaf0b,0xa6aa,0x8e28,0x8627,
0x7de6,0x9669,0x966a,0x4c45,0x43c5,0x6587,0x6586,0x5d44,0x7e07,0x9ea9,0x9667,0x7da7,0x7547,0x8e49,0x6d07,0x3366,
0x01e8,0x0208,0x0a4a,0x0249,0x0a6a,0x0269,0x0aaa,0x02aa,0x02ca,0x02a9,0x02ca,0x02c9,0x02ea,0x032b,0x0b4c,0x1450,
0x042f,0x042f,0x0c71,0x03cf,0x03cf,0x03ae,0x03ce,0x03ae,0x03ce,0x03ce,0x0c2f,0x042f,0x0c71,0x0c91,0x0470,0x044f,
0x0430,0x0450,0x0c90,0x046f,0x0c8f,0x0c8f,0x14d1,0x1532,0x1532,0x1551,0x1d71,0x1551,0x35f3,0x66d3,0x76f5,0x3613,
0x1d72,0x1532,0x1532,0x0cf1,0x0cf2,0x0cf1,0x1532,0x0d32,0x0d11,0x0cf2,0x04b2,0x0450,0x0430,0x0430,0x0430,0x040f,
0x0430,0x0410,0x0430,0x0410,0x0410,0x0410,0x0430,0x0430,0x0471,0x0471,0x0471,0x0491,0x04b2,0x04b2,0x04d2,0x04d2,
0x04d2,0x04d2,0x04f2,0x04d2,0x04f2,0x04d2,0x04f2,0x04f2,0x0d13,0x04f2,0x04f2,0x04f2,0x0d13,0x0d33,0x0d73,0x0d53,
0x0d73,0x0d53,0x0d73,0x0d53,0x0d73,0x0d73,0x15b4,0x15b4,0x15b4,0x0573,0x0573,0x0d93,0x15d5,0x15d4,0x1e15,0x15f4,
0x1e15,0x2635,0x2635,0x2655,0x3676,0x4695,0x3e96,0x1df4,0x1db4,0x1594,0x1594,0x0d93,0x1dd4,0x15b3,0x0d53,0x0512,
0x04f2,0x04d1,0x04d2,0x04b2,0x04d2,0x04b1,0x04f2,0x04f2,0x0d12,0x0d12,0x0d12,0x0d11,0x1573,0x1df3,0x2e54,0x25f3,
0x1dd3,0x35f2,0x5e93,0x5652,0x2d91,0x0d11,0x14f1,0x0cd0,0x14f2,0x0cf1,0x0cd1,0x04b0,0x0cf2,0x1512,0x14f1,0x0470,
0x0470,0x0450,0x0470,0x044f,0x0c90,0x0490,0x0c90,0x0c90,0x1cd1,0x2531,0x1d30,0x14f0,0x1d11,0x14f1,0x1cf1,0x0c8f,
0x0c50,0x0430,0x0450,0x042f,0x0450,0x044f,0x0450,0x042f,0x0450,0x044f,0x0c8f,0x0c8f,0x14b0,0x03ee,0x038d,0x038d,
0x038e,0x042f,0x1553,0x14d1,0x038e,0x032c,0x03ee,0x042e,0x03ae,0x036d,0x03ce,0x03ee,0x03ce,0x03ad,0x03ce,0x034c,
0x446c,0xa6ed,0xaf0c,0xa70d,0x9eab,0x8629,0x6d67,0x7e07,0x75a7,0x6d88,0x6567,0x4c65,0x85c9,0xa6cc,0x8e4a,0x6d86,
0x0a03,0x1a44,0x09c3,0x09a3,0x5ce6,0x6dc5,0x6585,0x8e68,0x7e06,0x9ea9,0xaf2a,0x9649,0x2aa4,0x1206,0x0164,0x0188,
0x0229,0x0249,0x0208,0x0208,0x0228,0x028a,0x0289,0x02aa,0x02aa,0x02aa,0x02aa,0x02aa,0x030b,0x02eb,0x02cb,0x040f,
0x1511,0x35d4,0x14b0,0x03ae,0x03ae,0x03ce,0x03ee,0x040f,0x040f,0x040f,0x03ee,0x03ef,0x03ee,0x040f,0x040f,0x0450,
0x042f,0x044f,0x0cd0,0x14f0,0x14f0,0x2571,0x2dd1,0x2db1,0x1d91,0x25b2,0x2db1,0x56b4,0x6715,0x56b4,0x5ef6,0x3634,
0x1551,0x1552,0x0d32,0x0cf1,0x04b0,0x0cf1,0x0d12,0x0d12,0x04d0,0x0cf1,0x0491,0x0471,0x042f,0x0430,0x040f,0x0410,
0x040f,0x0410,0x03ef,0x03f0,0x03ef,0x0410,0x0410,0x0430,0x0450,0x0471,0x0450,0x0491,0x0491,0x04b2,0x04b1,0x04d2,
0x04b1,0x04d2,0x04d2,0x04f2,0x04d1,0x04d2,0x04d2,0x04f2,0x04f2,0x04f2,0x04f2,0x04f2,0x04f2,0x0512,0x0512,0x0d53,
0x0553,0x0d73,0x0d93,0x1dd4,0x15d3,0x1dd4,0x15d4,0x1593,0x0552,0x0553,0x0553,0x0d73,0x0573,0x0d93,0x0d93,0x15b4,
0x15d4,0x2635,0x2655,0x3676,0x3e94,0x46b5,0x2614,0x1dd4,0x0d93,0x0d94,0x0d73,0x0d73,0x0d93,0x15b4,0x0d52,0x0d32,
0x04f1,0x04d1,0x04b1,0x04b2,0x04b1,0x04d1,0x04d1,0x04d2,0x04d1,0x0d12,0x0cf1,0x0d32,0x0d52,0x1dd3,0x25f3,0x25f4,
0x15b2,0x2e13,0x3e52,0x2db2,0x0cf1,0x0cd0,0x04b0,0x14f1,0x0cf1,0x0cd1,0x04b0,0x0cb1,0x0470,0x0450,0x042f,0x042f,
0x040f,0x0430,0x040f,0x042f,0x042f,0x0470,0x0470,0x14d1,0x14f1,0x0cb0,0x046f,0x0c90,0x046f,0x14f0,0x2d91,0x2db2,
0x14f0,0x0c90,0x0c70,0x0c91,0x0470,0x0c71,0x0470,0x046f,0x044f,0x0cd0,0x1d50,0x2552,0x0caf,0x042e,0x03cd,0x03ae,
0x03ee,0x0450,0x042f,0x03ee,0x03ad,0x044f,0x04b0,0x03cd,0x036c,0x038d,0x038d,0x038d,0x034c,0x036d,0x034d,0x03ad,
0x034a,0x4c8d,0x9e8d,0x9e6b,0x8629,0x7e28,0x75c8,0x6547,0x6586,0x5d46,0x6587,0x54c7,0x4424,0x7568,0x9ea9,0x8e68,
0x0185,0x0124,0x0143,0x2ac4,0x7de7,0x7605,0x75e6,0x9687,0xa6ea,0x8e27,0xb72c,0xa708,0x64c7,0x0145,0x09e9,0x0209,
0x0248,0x0229,0x0208,0x130b,0x1b8e,0x0289,0x02cb,0x02ca,0x02cb,0x02ab,0x02ab,0x028a,0x028b,0x030c,0x038e,0x042f,
0x2572,0x66b5,0x76f7,0x2d13,0x03cf,0x03ce,0x03ee,0x040f,0x040f,0x03ee,0x03ef,0x03ae,0x03ef,0x03ce,0x03ce,0x03ce,
0x03cf,0x03ee,0x042f,0x044f,0x14b0,0x1d50,0x3e33,0x2dd1,0x2551,0x35b1,0x5652,0x7f14,0x7f55,0x5ed4,0x6f16,0x4eb4,
0x1db3,0x0d32,0x1532,0x0cf1,0x0cf2,0x0d32,0x1533,0x04d1,0x04d1,0x04d1,0x04b1,0x0470,0x0450,0x040f,0x0410,0x040f,
0x0410,0x03ef,0x0410,0x03ef,0x0410,0x0410,0x0430,0x0430,0x0471,0x0450,0x0471,0x0471,0x0491,0x0491,0x04b2,0x04b1,
0x04d2,0x04b2,0x04d2,0x04d2,0x04f2,0x04d2,0x04d2,0x04d2,0x04f2,0x04f2,0x0d13,0x04f2,0x0512,0x04f2,0x0512,0x0532,
0x0d73,0x0d73,0x1594,0x15d3,0x1dd4,0x15b3,0x1594,0x0d73,0x15b4,0x0db4,0x15d4,0x0db4,0x0db4,0x0d93,0x0d94,0x0d93,
0x1e15,0x2e76,0x3ed7,0x3eb7,0x56d5,0x46b5,0x2615,0x15b3,0x0d94,0x0573,0x0d74,0x0553,0x0d93,0x0d93,0x1573,0x0d53,
0x0d33,0x0512,0x0cf2,0x04d2,0x04d2,0x04b1,0x04d1,0x04d1,0x0cf2,0x04f1,0x0d12,0x0d32,0x1db3,0x1db3,0x1db3,0x1db2,
0x2df3,0x4e93,0x4e53,0x1d31,0x0cd1,0x04b0,0x14f2,0x14f2,0x0cd1,0x0490,0x0cb1,0x0450,0x0450,0x0430,0x0451,0x0430,
0x0430,0x040f,0x0430,0x040f,0x042f,0x040f,0x0430,0x0450,0x0cb1,0x048f,0x0490,0x0471,0x0450,0x044f,0x14b0,0x1d31,
0x1d30,0x1510,0x2552,0x1511,0x14f1,0x0cb0,0x0cd0,0x0cf0,0x1d51,0x1d91,0x2db2,0x1d31,0x14f0,0x0caf,0x0c8f,0x0c6f,
0x0cb0,0x0cb0,0x14f1,0x2db3,0x2532,0x03cd,0x0bef,0x034d,0x036d,0x036d,0x036e,0x032c,0x032c,0x030c,0x032d,0x034c,
0x038c,0x02cb,0x446e,0x8e6b,0x85e8,0x75e7,0x7e08,0x7e08,0x6567,0x4ca6,0x5d67,0x5527,0x4466,0x4424,0x7527,0x8e28,
0x09c3,0x0124,0x1a44,0x1a23,0x4be4,0x6d47,0x4424,0x64e6,0x96c8,0x8e47,0x7de7,0x9688,0x8608,0x1266,0x0227,0x0247,
0x0229,0x0208,0x0268,0x13ce,0x138e,0x028a,0x02aa,0x02cb,0x02aa,0x026a,0x026a,0x02ab,0x02ec,0x038e,0x03ae,0x044f,
0x046f,0x040e,0x1cb0,0x1c91,0x03ef,0x1471,0x042f,0x03ae,0x03ad,0x03ae,0x03ad,0x03ce,0x03ce,0x03ce,0x03ae,0x03ce,
0x03ce,0x03ef,0x040e,0x044f,0x0cb0,0x1531,0x1530,0x1d10,0x250f,0x45d1,0x4e32,0x5652,0x5652,0x5e93,0x6e92,0x6ed4,
0x3634,0x1d93,0x1552,0x1532,0x1552,0x25b3,0x1552,0x0cf1,0x04d0,0x0cf1,0x0490,0x0450,0x042f,0x0430,0x040f,0x0430,
0x040f,0x0410,0x03ef,0x03ef,0x03ef,0x0430,0x0410,0x0450,0x0430,0x0451,0x0450,0x0451,0x0470,0x0491,0x0491,0x04b1,
0x0491,0x04b2,0x04b1,0x04d2,0x04b2,0x04b2,0x04b1,0x04d2,0x04d2,0x0cf2,0x04f2,0x04f2,0x04f2,0x04f2,0x04f2,0x0532,
0x0532,0x0d53,0x0d73,0x1593,0x15b3,0x0d93,0x0533,0x0d54,0x0d73,0x0d94,0x0d93,0x15b4,0x15d4,0x1df5,0x1e15,0x1e15,
0x1e35,0x36b6,0x3ed7,0x4ef7,0x6715,0x46d6,0x1df4,0x15d4,0x0d94,0x0d94,0x0553,0x0553,0x0552,0x0d53,0x0532,0x0d33,
0x0d12,0x0cf2,0x04d1,0x04b2,0x04b1,0x04b1,0x04b0,0x04d1,0x04d1,0x0d12,0x0d11,0x1552,0x1573,0x1573,0x0d52,0x1d92,
0x3633,0x4e74,0x2551,0x0cd0,0x04d0,0x1512,0x0cd1,0x0c91,0x0450,0x0450,0x042f,0x042f,0x042f,0x0450,0x042f,0x0430,
0x040f,0x0430,0x040f,0x0410,0x040f,0x040f,0x040f,0x042f,0x044f,0x0450,0x042f,0x0c51,0x0450,0x0430,0x042f,0x046f,
0x046f,0x14f0,0x2571,0x35b1,0x2d90,0x2571,0x1572,0x2df3,0x2df2,0x25d2,0x2591,0x1cf0,0x14af,0x14f0,0x1d0f,0x2d91,
0x2570,0x3dd2,0x5ef5,0x5f14,0x45d0,0x140e,0x032d,0x030c,0x032c,0x032c,0x032c,0x030c,0x02eb,0x030c,0x030b,0x032c,
0x02ec,0x032c,0x02cb,0x342a,0x75c8,0x6dc7,0x6d87,0x6dc7,0x75c7,0x5ce7,0x4464,0x5525,0x4486,0x4466,0x3bc4,0x6d06,
0x2aa6,0x1a24,0x22a4,0x1a24,0x2a84,0x0964,0x0126,0x09a5,0x43a6,0x3b67,0x1a85,0x4c66,0x6d87,0x2364,0x0284,0x0a45,
0x0229,0x0b2d,0x0b6d,0x036c,0x02cb,0x0249,0x028a,0x026a,0x026a,0x024a,0x02ec,0x036d,0x0b8e,0x036d,0x03ae,0x03ae,
0x03ce,0x03ae,0x038d,0x038d,0x03cf,0x03ef,0x0c30,0x0c2f,0x03ce,0x038d,0x03ae,0x03ce,0x03ef,0x03ce,0x03ef,0x03ce,
0x03ef,0x03ef,0x0450,0x0490,0x0cb0,0x14f0,0x1d51,0x1d30,0x2d71,0x2591,0x2571,0x2db2,0x3613,0x35f2,0x4e13,0x5653,
0x5673,0x3613,0x2dd3,0x25b2,0x2df3,0x25d3,0x1552,0x0cf0,0x0cf1,0x0cf1,0x0cf1,0x0470,0x0450,0x0430,0x0430,0x0430,
0x0430,0x040f,0x0410,0x03ef,0x0410,0x0430,0x0430,0x0430,0x0451,0x0431,0x0451,0x0451,0x0471,0x0471,0x0491,0x0491,
0x0491,0x0491,0x04b2,0x04b2,0x04d2,0x04b2,0x04d2,0x04b1,0x04d2,0x04d2,0x04f2,0x04f2,0x0d13,0x04f2,0x0512,0x0532,
0x0d53,0x0d53,0x15b4,0x15d4,0x15b4,0x0d53,0x0d34,0x0534,0x0d54,0x0554,0x0d74,0x0573,0x0d94,0x0db4,0x1df5,0x2636,
0x2e96,0x3696,0x56f7,0x7757,0x8f98,0x4ed6,0x2e36,0x1df5,0x1dd5,0x15b4,0x15b4,0x0d73,0x1573,0x0d53,0x0d33,0x0512,
0x0d12,0x04f2,0x0cf2,0x04d2,0x04d2,0x04b1,0x04d1,0x04d1,0x0cf2,0x0d12,0x1532,0x0d32,0x1532,0x0d32,0x1553,0x1593,
0x2e13,0x25b1,0x0cf1,0x0cd1,0x1d32,0x0cf1,0x0c71,0x0450,0x0450,0x0430,0x0450,0x042f,0x0450,0x0430,0x0430,0x0430,
0x0430,0x040f,0x0430,0x042f,0x0450,0x042f,0x0470,0x0450,0x0c91,0x0450,0x0410,0x040f,0x0c30,0x042f,0x042f,0x042f,
0x042f,0x042f,0x0c8f,0x2530,0x4612,0x3e32,0x4674,0x5ed4,0x66d3,0x45f1,0x3db0,0x3570,0x2d30,0x1d2f,0x150f,0x14ce,
0x148e,0x0c4e,0x1ccf,0x1cf0,0x1ccf,0x03ee,0x036e,0x030b,0x02ec,0x02eb,0x02ec,0x02eb,0x030c,0x02ec,0x030c,0x032c,
0x032d,0x030c,0x032c,0x02ab,0x3428,0x6da7,0x6d88,0x6568,0x6567,0x5d26,0x4465,0x4465,0x4ca6,0x3c44,0x4445,0x3bc4,
0x2ae4,0x22a3,0x09e3,0x2a84,0x0944,0x0104,0x0925,0x0945,0x0163,0x01e6,0x0226,0x12c5,0x23a2,0x33c4,0x0244,0x1287,
0x1348,0x1c2b,0x1369,0x0b8d,0x02ab,0x026a,0x024a,0x026a,0x024a,0x02cb,0x03ad,0x03ce,0x038d,0x036d,0x034d,0x034d,
0x030c,0x032c,0x032c,0x03ae,0x03ee,0x03ee,0x036d,0x0bef,0x1430,0x036d,0x03ae,0x03cf,0x03ad,0x03ee,0x03ce,0x03ef,
0x03ee,0x0c50,0x0470,0x0470,0x14af,0x2530,0x2530,0x2551,0x1d30,0x1d51,0x1511,0x1d31,0x1d52,0x2593,0x2db3,0x35f3,
0x3df2,0x4612,0x25b1,0x25d2,0x2e12,0x1d92,0x0cf0,0x04b0,0x048f,0x04d1,0x04f1,0x04b1,0x044f,0x0450,0x0430,0x0450,
0x0430,0x0430,0x040f,0x0410,0x040f,0x0430,0x0410,0x0451,0x0430,0x0431,0x0430,0x0451,0x0450,0x0471,0x0470,0x0471,
0x0470,0x0491,0x0491,0x04b2,0x04b1,0x04d2,0x04b1,0x04b2,0x04b1,0x04d2,0x04f2,0x04f2,0x04f2,0x0512,0x0512,0x0d53,
0x0d73,0x15b3,0x15d3,0x1dd3,0x0d93,0x0d74,0x0d54,0x0d54,0x0553,0x0554,0x0553,0x0d74,0x0573,0x0d94,0x0db4,0x1e15,
0x1e55,0x3695,0x5ef7,0x9778,0x97b8,0x5737,0x2655,0x2615,0x1df4,0x1df5,0x15d4,0x1dd4,0x15b4,0x1594,0x0d53,0x0d53,
0x0512,0x0d12,0x04f2,0x0cf2,0x04d1,0x04d1,0x04d1,0x0cf2,0x04f1,0x0d12,0x0d32,0x1532,0x0d11,0x0d32,0x0d32,0x1d93,
0x1d91,0x1531,0x0cd1,0x14f2,0x0cd0,0x0490,0x044f,0x0450,0x044f,0x0450,0x042f,0x0450,0x042f,0x0450,0x0430,0x0430,
0x040f,0x042f,0x040f,0x042f,0x042f,0x0470,0x0490,0x0c90,0x0c90,0x0c71,0x03ef,0x03cf,0x03ef,0x040f,0x040f,0x042f,
0x040e,0x042f,0x042f,0x0c6f,0x252f,0x5692,0x66b2,0x6e92,0x6691,0x3d90,0x1cce,0x24f0,0x0caf,0x048f,0x044e,0x042f,
0x03ee,0x03ee,0x03cd,0x03ee,0x040e,0x03ce,0x03ee,0x03ce,0x034c,0x034d,0x02eb,0x02ec,0x02eb,0x030c,0x030c,0x034d,
0x034c,0x034d,0x032c,0x036d,0x036d,0x3ca9,0x5d66,0x6547,0x5d66,0x5d26,0x54c6,0x3c25,0x3c24,0x3c25,0x3c24,0x33e3,
0x3344,0x1223,0x2aa5,0x11a4,0x00c4,0x00e4,0x0104,0x11e5,0x22e5,0x12e4,0x1b26,0x2345,0x2344,0x2b84,0x2345,0x1306,
0x2bc7,0x2365,0x2ba8,0x134b,0x0b0d,0x028b,0x026a,0x026a,0x02cb,0x038e,0x0bef,0x038d,0x038e,0x034d,0x0b4d,0x032c,
0x02eb,0x030b,0x032c,0x036c,0x0bee,0x0bcd,0x0b8d,0x036d,0x038e,0x03ae,0x0c0f,0x1450,0x0c50,0x03ee,0x03ef,0x03ef,
0x0c50,0x0470,0x0470,0x14d0,0x4df2,0x3591,0x2530,0x1d31,0x1d32,0x14f0,0x14f1,0x14f1,0x1d31,0x1d31,0x1d52,0x1d72,
0x2d93,0x2d92,0x2dd2,0x1d91,0x25b2,0x1552,0x04d1,0x04b0,0x04b1,0x04b1,0x0cf1,0x0cf1,0x0491,0x0470,0x0471,0x0450,
0x0450,0x0430,0x0430,0x0430,0x0430,0x0430,0x0451,0x0450,0x0451,0x0430,0x0451,0x0451,0x0471,0x0471,0x0471,0x0471,
0x0471,0x0471,0x0492,0x04b1,0x04b2,0x04b2,0x04d2,0x04b2,0x04d2,0x04d2,0x0512,0x0512,0x0d33,0x0533,0x0d54,0x0d73,
0x1594,0x1dd3,0x2614,0x15d3,0x15d4,0x1594,0x1594,0x0d73,0x0d94,0x0d94,0x15b4,0x0db4,0x15d4,0x15d4,0x2656,0x3696,
0x46f7,0x5f37,0x6f58,0x6f57,0x8fb9,0x7779,0x4696,0x2635,0x2615,0x1dd4,0x15b4,0x1593,0x1593,0x0d73,0x0d53,0x0512,
0x0d12,0x04f1,0x0cf2,0x04d2,0x04d2,0x04d1,0x0cf2,0x04f1,0x0d12,0x0d12,0x1532,0x0d11,0x0d12,0x0d32,0x1d73,0x2dd3,
0x35f3,0x1531,0x0cd2,0x0490,0x0470,0x044f,0x0450,0x0450,0x0470,0x0450,0x0450,0x0450,0x0450,0x0450,0x0450,0x0430,
0x0450,0x044f,0x0470,0x0450,0x0470,0x0470,0x0c70,0x042f,0x0450,0x042f,0x040f,0x03ce,0x03ef,0x03ee,0x042f,0x040f,
0x040f,0x040e,0x0430,0x044f,0x14af,0x45f0,0x6691,0x4df1,0x2d50,0x0cd0,0x0c90,0x044f,0x046f,0x046f,0x0c70,0x042e,
0x040e,0x03ee,0x03ee,0x03ce,0x03ce,0x03ee,0x0c2f,0x042f,0x040f,0x03ce,0x036d,0x030c,0x030c,0x030c,0x032d,0x030c,
0x036d,0x038d,0x038d,0x03ad,0x0bce,0x038a,0x44c9,0x6546,0x5d27,0x54e6,0x54e6,0x4ca6,0x4446,0x3c05,0x4426,0x33e4,
0x2285,0x2284,0x3304,0x1a02,0x2263,0x11c4,0x09a3,0x1a64,0x0a04,0x1a84,0x0a44,0x0a05,0x01a4,0x1a63,0x2b25,0x12a9,
0x030b,0x242f,0x130b,0x02aa,0x026a,0x024a,0x026a,0x02cb,0x034d,0x036e,0x036d,0x034c,0x032c,0x034d,0x030c,0x032c,
0x032b,0x032b,0x036c,0x0bad,0x0bcc,0x13cd,0x0bcd,0x0bcd,0x140e,0x1c8f,0x0c4e,0x040d,0x146f,0x040f,0x03ae,0x040f,
0x044f,0x04b0,0x0cf0,0x1d31,0x1d10,0x1cef,0x14f0,0x1d11,0x0cb0,0x048f,0x048f,0x14f1,0x1511,0x14f1,0x0cd0,0x14f1,
0x14d1,0x1d11,0x2571,0x2db1,0x1d50,0x1532,0x04f1,0x04b1,0x04b0,0x04d1,0x04d0,0x0d12,0x0cd1,0x0491,0x0470,0x0450,
0x0450,0x0450,0x0430,0x0430,0x0430,0x0430,0x0430,0x0430,0x0430,0x0451,0x0450,0x0451,0x0450,0x0451,0x0450,0x0471,
0x0451,0x0451,0x0471,0x0492,0x0491,0x04b2,0x04b1,0x04d2,0x04f2,0x0d33,0x0532,0x0553,0x0532,0x0d53,0x0d74,0x1db4,
0x1df5,0x3655,0x2635,0x1e15,0x15b4,0x1594,0x0d73,0x15b4,0x15d4,0x15d5,0x15d4,0x15f5,0x15f4,0x2635,0x3696,0x4ef7,
0x5ef5,0x7757,0x5f17,0x5716,0x6f36,0x7f78,0x5ef6,0x2e55,0x1594,0x1594,0x0573,0x0532,0x0532,0x0d32,0x0d32,0x0d32,
0x0512,0x04f2,0x04d1,0x04f2,0x04d2,0x04f2,0x04f2,0x0cf1,0x0d11,0x0d32,0x0d11,0x04f1,0x04f1,0x1512,0x1552,0x2df3,
0x25b1,0x14f1,0x0470,0x0450,0x042f,0x042f,0x042f,0x0450,0x0450,0x0450,0x0450,0x0450,0x042f,0x0450,0x044f,0x0470,
0x0450,0x0470,0x0470,0x0470,0x044f,0x0450,0x044f,0x042f,0x042f,0x0c50,0x040f,0x03ee,0x03ce,0x03ce,0x03ce,0x040f,
0x03ee,0x042f,0x040f,0x0450,0x042f,0x2d4e,0x4e0f,0x2d2f,0x14cf,0x14f0,0x048f,0x044f,0x03ee,0x03ee,0x040e,0x042f,
0x042e,0x03ee,0x03ad,0x038d,0x038c,0x03ae,0x03ce,0x040e,0x03ee,0x03ce,0x036e,0x036d,0x034d,0x036e,0x036d,0x036c,
0x030c,0x036d,0x03ad,0x03ad,0x03ad,0x03ad,0x0baa,0x54e8,0x6547,0x5d26,0x4cc5,0x4cc6,0x4c86,0x3be4,0x3c05,0x3be4,
0x11c5,0x2ae4,0x2a84,0x2204,0x19e3,0x1a23,0x3364,0x22a4,0x0145,0x0103,0x0144,0x0125,0x0126,0x0a25,0x1ae6,0x02ca,
0x2c93,0x138f,0x022a,0x022a,0x026a,0x028b,0x02ec,0x034d,0x036d,0x032c,0x032c,0x032c,0x0b8d,0x0bad,0x0b6c,0x0bad,
0x0b6c,0x034b,0x13ad,0x0b8c,0x0bac,0x0bac,0x13ed,0x0bec,0x1c6e,0x1c8e,0x1c6e,0x146d,0x144e,0x3553,0x1471,0x042f,
0x1cf1,0x1d31,0x2551,0x0cb0,0x0c91,0x0490,0x14d1,0x0cb0,0x044f,0x044f,0x14d1,0x0cd0,0x0cd1,0x0cb0,0x0c90,0x044f,
0x0470,0x0470,0x14f1,0x1d51,0x2d92,0x1d52,0x1532,0x0cf1,0x0cf1,0x0cf1,0x0d11,0x0cf1,0x1532,0x0cf2,0x0cd1,0x0470,
0x0470,0x0470,0x0471,0x0450,0x0450,0x0430,0x0430,0x0430,0x0451,0x0430,0x0451,0x0451,0x0451,0x0451,0x0451,0x0451,
0x0451,0x0451,0x0491,0x0491,0x04b2,0x04b2,0x04d2,0x04f2,0x0d33,0x0d33,0x0d53,0x0d53,0x1594,0x1594,0x1db5,0x1df5,
0x2e56,0x3676,0x2e55,0x1df4,0x15b4,0x15b4,0x1e15,0x2635,0x2e36,0x1df5,0x25f5,0x2615,0x2e55,0x2e55,0x3675,0x3676,
0x3655,0x3655,0x3e76,0x3e95,0x4ed6,0x56f6,0x66f6,0x4eb6,0x3e36,0x1dd4,0x15b4,0x0d52,0x0d33,0x0512,0x0d32,0x0d32,
0x1553,0x0d32,0x0d12,0x04d1,0x0cf2,0x04f2,0x0d12,0x0d31,0x0d32,0x0d11,0x0d12,0x04d1,0x0cd1,0x0cf1,0x1552,0x1551,
0x1d32,0x0490,0x0470,0x0450,0x0450,0x042f,0x0430,0x0430,0x0451,0x0450,0x0470,0x042f,0x0450,0x0450,0x0470,0x0470,
0x0c91,0x0470,0x0470,0x0470,0x0c71,0x0430,0x0430,0x040f,0x040f,0x040f,0x0c10,0x03ce,0x03cf,0x03ae,0x03ce,0x03ce,
0x03ef,0x040f,0x0430,0x040f,0x042f,0x250f,0x3dd0,0x1cee,0x14f0,0x14d0,0x14b0,0x044f,0x03ef,0x03ae,0x03ce,0x03ee,
0x0c2f,0x03ee,0x03ae,0x036d,0x036d,0x038d,0x03ae,0x03ce,0x03ce,0x036c,0x038d,0x038d,0x034d,0x034c,0x034c,0x030b,
0x030c,0x034d,0x03ee,0x0c2e,0x142f,0x040d,0x03ce,0x1bca,0x5cc6,0x5ce5,0x5d27,0x54e5,0x54c6,0x3c04,0x33c4,0x3be4,
0x09a2,0x2263,0x0962,0x1144,0x00c2,0x0964,0x1a63,0x2aa4,0x2aa4,0x3b04,0x4385,0x3b45,0x2aa3,0x22e5,0x2b07,0x1b09,
0x02ab,0x01e8,0x0209,0x022a,0x028a,0x02ec,0x02cb,0x030c,0x032b,0x032b,0x032b,0x032b,0x038b,0x1c0e,0x1c2e,0x13ed,
0x036b,0x0bac,0x0b8b,0x0b8c,0x03ac,0x0bcd,0x0bac,0x0bcc,0x0bec,0x0c0d,0x144d,0x248e,0x1c8d,0x3d92,0x3572,0x0c4e,
0x14f0,0x2532,0x0c8f,0x046f,0x048f,0x0cb1,0x0490,0x0450,0x046f,0x0c90,0x044f,0x040f,0x040e,0x044f,0x042f,0x044f,
0x044f,0x0450,0x0490,0x14d1,0x1d52,0x2db2,0x1d71,0x1532,0x0d31,0x1552,0x0d31,0x0d12,0x04f1,0x0cf1,0x04d1,0x0cd1,
0x0490,0x0491,0x0470,0x0470,0x042f,0x0430,0x040f,0x0450,0x0430,0x0430,0x0430,0x0431,0x0430,0x0451,0x0431,0x0451,
0x0451,0x0471,0x0471,0x0491,0x0470,0x04b1,0x04d1,0x0d12,0x0512,0x0d53,0x0d73,0x1594,0x15b4,0x1df5,0x2614,0x3676,
0x3675,0x3675,0x2635,0x2635,0x1e14,0x2635,0x2e76,0x2e97,0x2e55,0x3676,0x2e55,0x2e35,0x2614,0x2614,0x2614,0x2615,
0x1e14,0x2615,0x2615,0x3676,0x2e76,0x3676,0x3e96,0x56f7,0x56f6,0x3eb6,0x1df4,0x1593,0x0d32,0x0d32,0x04f2,0x0d12,
0x0d32,0x0d52,0x0511,0x0512,0x04f1,0x0d12,0x0d32,0x1d93,0x1552,0x0d32,0x04d1,0x04b1,0x04b0,0x1531,0x1511,0x0cf1,
0x0cf1,0x0490,0x042f,0x0430,0x040f,0x040f,0x040f,0x0430,0x0430,0x0450,0x044f,0x0450,0x044f,0x0470,0x0450,0x0470,
0x0470,0x0490,0x0470,0x0470,0x0450,0x03ef,0x03ce,0x03cf,0x03ae,0x03ce,0x03ae,0x03ae,0x038e,0x038e,0x038e,0x03ae,
0x03ae,0x03ee,0x03ee,0x042e,0x044e,0x2550,0x35b1,0x1d10,0x14cf,0x14cf,0x0caf,0x0c4f,0x03ce,0x03ce,0x03ad,0x03ce,
0x03ad,0x03ae,0x036d,0x034d,0x034d,0x038d,0x036d,0x038e,0x036c,0x038d,0x0bcd,0x13ed,0x0bac,0x140e,0x0b6c,0x02ca,
0x02c9,0x0b6a,0x034b,0x0b8c,0x038c,0x036c,0x038c,0x03ac,0x23c8,0x4c85,0x4c84,0x54e6,0x54e6,0x4c65,0x2b83,0x3be5,
0x19e3,0x3b23,0x4364,0x2aa3,0x32e5,0x2aa4,0x3b26,0x3b05,0x4344,0x53e4,0x5c65,0x5c66,0x6449,0x748b,0xa590,0xadf2,
0x84f0,0x53cc,0x330a,0x1aca,0x130c,0x028b,0x026a,0x030c,0x0b2c,0x030b,0x0b4b,0x0b8c,0x1c2e,0x1c2e,0x1bed,0x0b8b,
0x0bac,0x038c,0x0b8c,0x0b8c,0x13ec,0x0bcc,0x13ed,0x0bac,0x0bcc,0x0bec,0x1c2d,0x248d,0x2ccd,0x1c8d,0x248e,0x1c6e,
0x2573,0x1d74,0x0450,0x048f,0x04b0,0x0490,0x0450,0x040e,0x0c50,0x040f,0x03ef,0x03ce,0x03ef,0x03ee,0x040f,0x042f,
0x0c70,0x044f,0x0c70,0x0cb0,0x1d11,0x2db2,0x4654,0x25d2,0x1d92,0x1572,0x1d72,0x0d31,0x04f1,0x0470,0x04b1,0x0cf1,
0x0cd1,0x0490,0x0491,0x0490,0x0470,0x0450,0x0450,0x0430,0x0450,0x0430,0x0450,0x0430,0x0430,0x0430,0x0451,0x0450,
0x0471,0x0471,0x0491,0x04b1,0x04d1,0x04d1,0x0d12,0x0d12,0x0d53,0x0d73,0x15b4,0x15b4,0x25f4,0x2e55,0x46d5,0x46f6,
0x4ef6,0x3ed6,0x36b7,0x2e76,0x2e76,0x2e96,0x3ed7,0x4ed6,0x6717,0x6f37,0x4eb6,0x1df3,0x15b3,0x15b3,0x25f5,0x1dd4,
0x1dd4,0x1df4,0x2635,0x25f5,0x1dd4,0x1dd4,0x2e15,0x3655,0x4675,0x3e74,0x3655,0x25f4,0x1db3,0x1573,0x1533,0x0d32,
0x0d32,0x0d32,0x0d53,0x0d52,0x0d53,0x0d52,0x1593,0x1db3,0x1db3,0x0d11,0x04d1,0x04d1,0x1512,0x14f1,0x0490,0x0cb1,
0x14d1,0x0450,0x0430,0x040f,0x0410,0x03ef,0x0410,0x0410,0x0430,0x0430,0x0470,0x0470,0x0470,0x0450,0x0470,0x0470,
0x0470,0x0450,0x0450,0x0430,0x0430,0x03ce,0x03cf,0x03ae,0x03af,0x038e,0x038e,0x036d,0x038e,0x038e,0x03ae,0x038e,
0x03ae,0x03ce,0x040f,0x0c4e,0x0caf,0x1d30,0x2d51,0x1cef,0x1cd0,0x14af,0x14b1,0x042f,0x03cf,0x03ae,0x03ae,0x038d,
0x038e,0x036e,0x038e,0x032d,0x034d,0x034d,0x038d,0x038d,0x13ee,0x0bed,0x13ed,0x13ec,0x1c4e,0x1c2e,0x13ad,0x0b0a,
0x0b49,0x0b48,0x0b0a,0x02ca,0x02cb,0x02ab,0x02cc,0x030b,0x030b,0x2c07,0x4c85,0x4464,0x4c85,0x4464,0x3be4,0x3384,
0x64c4,0x9ea5,0x8e25,0x7585,0x8626,0x64c5,0x4385,0x3b26,0x4345,0x6468,0x6ca8,0x7d0c,0x8d6f,0x850e,0x7ccd,0xa5d1,
0xc674,0xb5f3,0xb5f3,0xb614,0xb615,0x9533,0x2b6c,0x030b,0x030c,0x032b,0x036c,0x1bed,0x1bed,0x13cc,0x13cc,0x1c0d,
0x246e,0x1c0d,0x036b,0x0bac,0x2cad,0x3d4f,0x13ec,0x0bcc,0x0bac,0x13ed,0x1c2d,0x248d,0x246c,0x246d,0x1c6d,0x2cae,
0x24f0,0x1cf1,0x03ce,0x044f,0x048f,0x0450,0x03ee,0x03ee,0x03ae,0x03ae,0x03ae,0x03cf,0x03ce,0x03cf,0x03ce,0x03ef,
0x040f,0x0c50,0x044f,0x0470,0x048f,0x1d31,0x4653,0x3e53,0x1db2,0x25b2,0x1d91,0x1d72,0x0d32,0x0cf2,0x04d1,0x1532,
0x1532,0x0cf1,0x0490,0x04b1,0x0490,0x0c91,0x0470,0x0470,0x0450,0x0430,0x042f,0x0430,0x0430,0x0451,0x0450,0x0471,
0x0470,0x0491,0x0491,0x04d1,0x04d1,0x0d12,0x0532,0x0d53,0x1573,0x1db4,0x1df3,0x2e14,0x3e74,0x56f6,0x56f5,0x46d6,
0x3ed6,0x3ed6,0x3696,0x3eb7,0x46b7,0x56d7,0x56f6,0x5ef5,0x6716,0x6717,0x2e54,0x15b3,0x0d73,0x15b3,0x15b3,0x15b4,
0x15d4,0x1df5,0x15d4,0x1593,0x0d32,0x1553,0x0d72,0x15b3,0x1593,0x1d93,0x1d93,0x1db3,0x1db3,0x25d3,0x1db2,0x1d93,
0x0d52,0x1553,0x0d52,0x1573,0x0d72,0x1552,0x1571,0x1dd3,0x1d92,0x0d11,0x04d0,0x0cf1,0x0cd1,0x0470,0x044f,0x0cb1,
0x0c90,0x044f,0x040f,0x040f,0x03ef,0x03f0,0x03ef,0x0430,0x0430,0x0451,0x0450,0x0470,0x0470,0x0470,0x044f,0x0470,
0x0450,0x0450,0x042f,0x0430,0x040f,0x03cf,0x03ae,0x03ae,0x038e,0x038e,0x036d,0x036e,0x036d,0x036e,0x036d,0x038e,
0x03ad,0x03ee,0x044f,0x14b0,0x14af,0x14f0,0x14ef,0x1cf0,0x14af,0x1490,0x0c6f,0x040f,0x03ae,0x03ae,0x038d,0x038d,
0x036d,0x036e,0x034d,0x034d,0x034d,0x0bae,0x0bee,0x142e,0x144d,0x24af,0x1c6d,0x1c2d,0x140d,0x0bac,0x036b,0x0b4b,
0x030a,0x032b,0x02e9,0x02a9,0x02aa,0x02cc,0x02cb,0x02cb,0x02aa,0x0ae8,0x3c64,0x4464,0x4443,0x4444,0x3c23,0x2b83,
0xa6c6,0x9e85,0x8e24,0x8665,0x8ea5,0x85c7,0x4b67,0x4b68,0x74aa,0x852c,0x954e,0x9d70,0xa591,0xa590,0x950b,0x7ca9,
0x954e,0x84ee,0x9d71,0xc654,0xd6b6,0xded6,0xded7,0x7d11,0x238b,0x032a,0x1c0e,0x13ed,0x1bed,0x13cc,0x13ed,0x13cc,
0x1c2e,0x1c2d,0x1c0c,0x13ec,0x1c2c,0x2cae,0x244e,0x1c2d,0x13cc,0x13ed,0x140d,0x142c,0x246d,0x142d,0x142d,0x1c2c,
0x2ccf,0x142d,0x038d,0x038d,0x0c30,0x040f,0x03ef,0x03ce,0x03ae,0x038e,0x038e,0x03ae,0x03cf,0x03af,0x03cf,0x03cf,
0x040f,0x040f,0x0c50,0x0470,0x0490,0x0caf,0x3db2,0x4e53,0x3e53,0x4654,0x4e55,0x2db2,0x1d52,0x0d11,0x0d11,0x0cf1,
0x1532,0x1532,0x0d12,0x04d1,0x0cd1,0x04b1,0x0cb1,0x0491,0x0c91,0x0471,0x0471,0x0450,0x0471,0x0470,0x0491,0x04b1,
0x04b1,0x04b1,0x04d1,0x04d1,0x0d32,0x0d52,0x1593,0x1db4,0x2615,0x2e35,0x3655,0x2e34,0x3e75,0x46b5,0x56f7,0x5ef7,
0x6f38,0x6f58,0x7778,0x7756,0x7717,0x56b5,0x3674,0x1e34,0x2e55,0x3655,0x2655,0x1dd4,0x1dd4,0x15b4,0x1dd4,0x15d4,
0x1dd5,0x0d73,0x0d53,0x0512,0x0d32,0x0512,0x0d12,0x0512,0x0d33,0x0d32,0x0d53,0x0d32,0x1573,0x1d93,0x25b3,0x25d3,
0x25d4,0x1d93,0x25d4,0x1db3,0x1d93,0x0d52,0x1d92,0x2613,0x2df3,0x1d92,0x1532,0x04b0,0x0450,0x042f,0x0c71,0x0490,
0x0c90,0x042f,0x0410,0x040f,0x0410,0x03ef,0x0410,0x042f,0x0430,0x0430,0x0450,0x042f,0x0450,0x0450,0x0470,0x0470,
0x0c70,0x0430,0x0410,0x03ef,0x03ef,0x03cf,0x03cf,0x03ae,0x03ae,0x038e,0x038e,0x036d,0x036e,0x036d,0x038e,0x038d,
0x03cf,0x042f,0x14b1,0x0c90,0x0c6f,0x14af,0x1cf0,0x14d0,0x14b0,0x042f,0x03ef,0x03ce,0x03ef,0x03ae,0x03ae,0x038d,
0x038d,0x038d,0x036d,0x038d,0x13ee,0x13ee,0x142e,0x144e,0x1c6e,0x1c6e,0x1c6e,0x0bed,0x0b8c,0x034b,0x13cd,0x13cc,
0x13ac,0x136a,0x0aca,0x02aa,0x02ab,0x028a,0x02ab,0x028a,0x026a,0x0229,0x2326,0x4465,0x4424,0x4444,0x4c84,0x3be3,
0x7de6,0x85e5,0x7583,0x8646,0x7de7,0x5c67,0x7506,0x8dc7,0x8daa,0xa5f0,0x952f,0x952f,0x958f,0x956f,0x84cc,0x6c29,
0x7cac,0xa591,0x952f,0xadb2,0xce95,0xce95,0xc654,0xbe13,0x8d50,0x4c6d,0x0bab,0x142e,0x13cd,0x13cc,0x0bcc,0x0b8c,
0x140c,0x246e,0x246d,0x1c2c,0x13ec,0x1c2d,0x34ce,0x34ae,0x244d,0x13ec,0x13ec,0x1c2d,0x142c,0x0bcc,0x0bec,0x13ed,
0x140c,0x140d,0x0bcd,0x036d,0x036d,0x03ae,0x03ce,0x038e,0x036d,0x03ae,0x03ae,0x038e,0x038e,0x03af,0x03cf,0x03ef,
0x03ee,0x03ef,0x03ee,0x0c50,0x04b0,0x0cb0,0x2d31,0x4e53,0x3611,0x35b1,0x35b2,0x2d92,0x1551,0x1552,0x0d11,0x0cf1,
0x04d0,0x1532,0x1532,0x1532,0x04d1,0x0cd1,0x04b1,0x0cd1,0x04b1,0x0cd1,0x04b1,0x0cb1,0x04b1,0x04b1,0x04b1,0x04d1,
0x04d1,0x0cf2,0x0d12,0x1573,0x1573,0x1593,0x1573,0x1593,0x15b3,0x1dd4,0x15b4,0x1df4,0x2634,0x36b6,0x4ef8,0x8f9a,
0xb7d9,0xafd9,0x8777,0x6717,0x4696,0x2e36,0x15d4,0x1dd4,0x15d4,0x2635,0x2636,0x2616,0x15d4,0x1db4,0x1594,0x1573,
0x0532,0x0532,0x0512,0x0d12,0x04f2,0x04f2,0x04b1,0x04b2,0x04d1,0x0d12,0x0512,0x0d12,0x04f2,0x0d32,0x0d32,0x1572,
0x25d3,0x3633,0x3633,0x3654,0x25f3,0x1dd3,0x25f3,0x3e74,0x3653,0x2df3,0x0d11,0x0470,0x042f,0x0450,0x0470,0x0c91,
0x044f,0x042f,0x03ef,0x0410,0x03ef,0x0410,0x040f,0x0430,0x040f,0x042f,0x040f,0x0430,0x042f,0x0450,0x042f,0x042f,
0x03ee,0x03ef,0x03ce,0x03cf,0x03ce,0x03cf,0x03ae,0x03ae,0x038e,0x03ae,0x038e,0x036e,0x036d,0x036d,0x034d,0x036e,
0x03ce,0x0450,0x0cb0,0x0c6f,0x042d,0x1cd0,0x14d0,0x0c8f,0x044f,0x03ee,0x03ae,0x03ce,0x03ae,0x03ad,0x036d,0x038d,
0x036d,0x036d,0x034c,0x0b8d,0x0bcd,0x140e,0x142e,0x1c2e,0x0bcd,0x0bcd,0x03cd,0x0bcd,0x03ac,0x0bad,0x0bad,0x0b8c,
0x138b,0x1bea,0x23e7,0x2c06,0x2388,0x1308,0x0267,0x0229,0x0208,0x0209,0x01a6,0x3386,0x3c24,0x3be3,0x3c04,0x4425,
0x54c5,0x54c4,0x6d65,0x6d45,0x6d25,0x8e46,0x9ea7,0x7d46,0x84ec,0x952e,0x7c6a,0x7ca7,0x8528,0x8d2d,0xa5d3,0x9d51,
0xa591,0xa5b1,0x9d91,0x8d0f,0xb5d3,0xce95,0xbe34,0x9d70,0x6c69,0x95af,0x74cd,0x23ea,0x0bcc,0x0b8c,0x13ac,0x1c2d,
0x246e,0x2cae,0x3d10,0x4571,0x2cae,0x140b,0x34cf,0x34ee,0x2c8e,0x1c0c,0x1c4d,0x1c4c,0x1c2c,0x0bac,0x13cc,0x13ed,
0x0bcc,0x13ec,0x13ed,0x0bed,0x0bad,0x034d,0x0b8e,0x038e,0x038e,0x03ee,0x0c50,0x03ae,0x038e,0x03ae,0x03cf,0x03cf,
0x03ef,0x03ae,0x03ef,0x040f,0x0cb1,0x0cf0,0x1d31,0x2db2,0x1d51,0x0cf0,0x14f1,0x0cf1,0x1512,0x1511,0x1532,0x0d11,
0x1532,0x1551,0x1d92,0x1d72,0x1552,0x0d11,0x0d12,0x04f1,0x0cf2,0x0cf2,0x0d12,0x04f1,0x0d12,0x0d12,0x1533,0x1533,
0x1533,0x0d32,0x1d94,0x1594,0x1d94,0x1573,0x1573,0x0d73,0x1573,0x15b3,0x25d4,0x2635,0x36b7,0x46d8,0x6718,0x9798,
0xafd9,0x8757,0x5f17,0x3e96,0x2e56,0x1e15,0x15b4,0x0d93,0x0d93,0x15b4,0x1df6,0x1dd5,0x1574,0x0d32,0x0d33,0x0512,
0x0512,0x04f1,0x0cf2,0x04f2,0x04d2,0x0491,0x0492,0x0491,0x04b2,0x04b1,0x0cd2,0x04d2,0x0cf2,0x04f2,0x0d12,0x0cf1,
0x1552,0x2dd2,0x3e34,0x3e33,0x4673,0x3e74,0x3654,0x4674,0x4674,0x2592,0x0cf1,0x0470,0x0450,0x0450,0x0c91,0x0470,
0x0c70,0x040f,0x0410,0x03ef,0x0410,0x040f,0x0430,0x042f,0x0430,0x040f,0x0430,0x0430,0x0450,0x0430,0x0430,0x03ef,
0x03cf,0x03ce,0x03ef,0x03cf,0x03cf,0x03ae,0x03af,0x038e,0x03ae,0x03ae,0x03af,0x038e,0x038e,0x036d,0x036e,0x036d,
0x03af,0x040e,0x0c4f,0x040e,0x14af,0x2510,0x146f,0x040e,0x03ee,0x03ad,0x038e,0x038d,0x03ae,0x036d,0x038d,0x036d,
0x034d,0x032c,0x036d,0x140f,0x2450,0x1c2e,0x1c0e,0x0bcd,0x0bcd,0x13ed,0x1c0e,0x13ed,0x140e,0x13ed,0x13ed,0x0bac,
0x13cd,0x13ed,0x138b,0x2c06,0x3c64,0x33c5,0x2b66,0x1b06,0x0a88,0x0208,0x01a8,0x01e6,0x3be4,0x3be3,0x3bc4,0x33a4,
0x54e4,0x5ce4,0x6564,0x7e04,0x9ec6,0x9ea5,0x8e26,0x74c9,0x7c6d,0x73cb,0x6c09,0xa5cd,0x7cc7,0x7ce7,0x9dac,0x9d90,
0x9d30,0xadd3,0x950f,0xa571,0xce95,0xce75,0xd6b6,0xc695,0x850d,0x7469,0x956d,0x6c69,0x3c2a,0x13cc,0x1c4f,0x2c6f,
0x246e,0x2c8e,0x24ae,0x3530,0x3530,0x248e,0x1c6d,0x2ccf,0x248e,0x1c0c,0x140b,0x1c2c,0x140b,0x13ec,0x13ec,0x13ed,
0x1c2d,0x2caf,0x0bec,0x0c0d,0x0bed,0x036c,0x034c,0x036d,0x036d,0x03ae,0x03ad,0x03ae,0x036d,0x038e,0x036d,0x03ae,
0x03ae,0x03af,0x03ce,0x040f,0x0470,0x14d0,0x14f0,0x1d52,0x1511,0x0d12,0x04f1,0x0cd2,0x04b1,0x04d1,0x04d0,0x0cf1,
0x04d1,0x1511,0x1551,0x1db2,0x2df3,0x2df3,0x1572,0x0d32,0x0d12,0x0d32,0x0d32,0x0d52,0x0d52,0x1573,0x0d52,0x1532,
0x0d32,0x1552,0x0d31,0x0d32,0x0d52,0x1573,0x0d53,0x0d53,0x0d52,0x1dd4,0x2634,0x36b6,0x3eb7,0x56d7,0x7736,0x8735,
0x66d6,0x56f7,0x3eb6,0x3697,0x2635,0x1df5,0x0d93,0x0d73,0x0d52,0x0d53,0x0552,0x0d32,0x04f2,0x04f2,0x04d1,0x04f2,
0x04f2,0x04f2,0x04d1,0x04b2,0x0491,0x0491,0x0471,0x0492,0x0491,0x0491,0x0470,0x0491,0x0490,0x04b1,0x04d1,0x0cf1,
0x04f1,0x0d52,0x1571,0x2d92,0x4612,0x5eb3,0x4672,0x3e74,0x3613,0x1d73,0x0cf1,0x0cd0,0x046f,0x0490,0x0490,0x0490,
0x0490,0x0450,0x03ef,0x03ef,0x03ef,0x0410,0x040f,0x040f,0x040f,0x040f,0x040f,0x0450,0x042f,0x0430,0x040f,0x03ef,
0x03ae,0x03cf,0x03ce,0x03cf,0x03ae,0x03ae,0x038e,0x03ae,0x038e,0x03ae,0x03ae,0x03ce,0x03ae,0x038e,0x034d,0x036e,
0x036d,0x144e,0x1cef,0x148f,0x2511,0x3570,0x0c4e,0x0c0e,0x03ce,0x140f,0x0bce,0x03ad,0x038c,0x034d,0x032c,0x034d,
0x032c,0x034c,0x03ad,0x1c4f,0x1c2e,0x0bad,0x038c,0x140e,0x13ed,0x13cd,0x03cc,0x0bed,0x13ed,0x13ed,0x0bcc,0x0bad,
0x0bac,0x13ee,0x0bad,0x0b4b,0x1b87,0x33e4,0x2ba4,0x2ba5,0x2b65,0x1aa6,0x01c6,0x01e5,0x2304,0x4404,0x33a2,0x3383,
0x6505,0x7e05,0x8625,0x8606,0x9665,0x9666,0xa6c7,0x9648,0x84eb,0x9d70,0x9531,0xa593,0xb611,0x8d49,0x7cc6,0x8d2c,
0x9d10,0x94cf,0xad92,0xdef7,0xced6,0x9db1,0x9530,0x8caf,0xb614,0x7cca,0x7d0b,0x74aa,0x7cca,0x3c29,0x246e,0x248f,
0x2c8f,0x248e,0x2cee,0x24ce,0x2cef,0x24cf,0x3d92,0x2cef,0x2caf,0x246d,0x1c4c,0x142b,0x1c4c,0x140c,0x1c2e,0x0bcc,
0x13ed,0x24ae,0x144d,0x0bed,0x13ee,0x13cd,0x038d,0x036d,0x038e,0x036d,0x038e,0x036d,0x038e,0x036e,0x038e,0x038e,
0x03af,0x03ae,0x03ef,0x040f,0x0450,0x0c8f,0x14f1,0x14f1,0x14f2,0x0cd1,0x0cf1,0x04d1,0x0cd1,0x04b1,0x04b1,0x04b0,
0x04b1,0x0491,0x04b1,0x0d11,0x2592,0x3614,0x3e55,0x3634,0x3634,0x2dd3,0x1d93,0x1552,0x1553,0x1532,0x0d11,0x0cf1,
0x1532,0x1552,0x0d52,0x0d32,0x0d53,0x1553,0x1594,0x1573,0x1db4,0x25f5,0x2e56,0x3696,0x46d6,0x6736,0x6f36,0x4e94,
0x3e96,0x3e97,0x3677,0x2636,0x2e36,0x1e15,0x1df5,0x15b4,0x1574,0x0d33,0x0532,0x04f2,0x04f2,0x04d1,0x04f2,0x04d2,
0x04f2,0x04b1,0x04b2,0x0491,0x0491,0x0471,0x0471,0x0471,0x0491,0x0471,0x0491,0x0470,0x0470,0x0470,0x04b1,0x04d1,
0x0cf2,0x0512,0x0d32,0x1552,0x2dd3,0x5693,0x6f14,0x4ed4,0x3634,0x1573,0x1532,0x0cd0,0x0cb1,0x0490,0x0cb1,0x04b0,
0x0cb1,0x0430,0x0410,0x03ef,0x03f0,0x03ef,0x03ef,0x03ef,0x03ef,0x03ef,0x0430,0x0430,0x0430,0x040f,0x040f,0x03cf,
0x03cf,0x03ce,0x03cf,0x03ce,0x03cf,0x03ae,0x03ae,0x038e,0x03af,0x03ae,0x03cf,0x03ce,0x0bcf,0x03ae,0x03ae,0x038d,
0x0bee,0x1caf,0x24f0,0x0c4d,0x3570,0x3570,0x146e,0x03ec,0x0bee,0x142f,0x1c4f,0x0c0e,0x0bcd,0x034c,0x032c,0x030c,
0x032c,0x036d,0x0bad,0x0c0d,0x13ed,0x13ed,0x13ee,0x038c,0x142e,0x3512,0x45b5,0x3512,0x13ee,0x0bcc,0x13ed,0x0bcd,
0x13cd,0x13ed,0x138c,0x02cb,0x02cb,0x1b86,0x3405,0x2385,0x2b64,0x2344,0x1ac6,0x1aa5,0x1aa4,0x3364,0x3bc3,0x2b82,
0x1a42,0x5cc5,0x9ee7,0x96a6,0x8e85,0x8e26,0x85c6,0x8dc7,0x8589,0x8d0e,0x742e,0x8cb0,0x954f,0x7cc9,0x8cca,0xce95,
0xadb2,0xa550,0xbdf3,0xc675,0x852e,0x8d6f,0x954f,0x6c0d,0x8d12,0x9570,0x6469,0x74a9,0x74a7,0x6c46,0x4408,0x244e,
0x24af,0x2cef,0x2cce,0x2cef,0x24ae,0x1c6d,0x24ae,0x2cf0,0x24ce,0x2cae,0x1c4c,0x1c4c,0x1c2c,0x13ec,0x140c,0x1c2d,
0x0bcb,0x2cce,0x2cef,0x0c0d,0x0bcd,0x13ed,0x0bcd,0x038d,0x03ae,0x03ae,0x036d,0x038e,0x038d,0x038e,0x036d,0x038e,
0x038e,0x03ae,0x03ce,0x040f,0x042e,0x0c8f,0x14f0,0x14f1,0x0cf1,0x0cd1,0x0490,0x0cb0,0x04b0,0x04b0,0x0470,0x0491,
0x0490,0x0491,0x0491,0x0cf1,0x0cf0,0x1552,0x2592,0x3613,0x3e53,0x3e53,0x25d2,0x1d72,0x0d31,0x0d32,0x0d11,0x0d32,
0x0d32,0x0d33,0x0d32,0x0d33,0x0d52,0x1573,0x1573,0x15b4,0x1df4,0x2e76,0x2e77,0x3e97,0x4ed5,0x6f15,0x4eb5,0x3655,
0x2635,0x2e36,0x1df5,0x1dd5,0x1dd4,0x1df5,0x15b4,0x1594,0x0532,0x0512,0x04f2,0x0d12,0x04f2,0x04f2,0x04d1,0x04f2,
0x04b1,0x04b1,0x0491,0x0491,0x0471,0x0471,0x0451,0x0451,0x0450,0x0470,0x0450,0x0450,0x0450,0x0470,0x0470,0x04b1,
0x04d1,0x0d12,0x0d32,0x1573,0x15b3,0x4674,0x7714,0x7775,0x3673,0x1db3,0x1532,0x14f1,0x0cb1,0x04b1,0x0470,0x0cb1,
0x0490,0x044f,0x03ef,0x03ef,0x03cf,0x03ef,0x03ce,0x03cf,0x03ce,0x03ef,0x040f,0x040f,0x03ef,0x03ef,0x03ce,0x03cf,
0x03ae,0x03cf,0x03ae,0x03cf,0x03ae,0x03ce,0x03ae,0x038e,0x038d,0x03ae,0x03ae,0x03ae,0x03ae,0x03ef,0x03ee,0x0c0f,
0x0c0e,0x144f,0x144e,0x24ef,0x358f,0x2d0f,0x1c8e,0x0c2e,0x03cd,0x0c0e,0x03ed,0x03cd,0x03ac,0x0bad,0x036d,0x032c,
0x032c,0x0bad,0x03ac,0x0bcc,0x0bac,0x0bcd,0x03ad,0x24b1,0x9efb,0xa6fb,0x5533,0x240e,0x0bac,0x13cd,0x13ed,0x13ed,
0x13cd,0x0bac,0x030a,0x02cb,0x0269,0x0269,0x1b45,0x33c4,0x1b24,0x1b04,0x2304,0x1aa6,0x1265,0x1aa3,0x3bc3,0x33a2,
0x2264,0x1a62,0x4bc5,0x7d88,0x7548,0x4bc8,0x4b49,0x6c6d,0xa5f1,0x7c8d,0x9510,0x94cf,0x848d,0x9d4e,0xc633,0xce75,
0xd676,0xce34,0xce14,0xd675,0xce95,0xdeb5,0xe6f6,0xc634,0xad92,0xc676,0x8d2f,0x74ac,0xae32,0xb5f1,0xa5b0,0x6cac,
0x346d,0x2caf,0x2d10,0x24ce,0x2cce,0x24ae,0x1c4d,0x0bec,0x142d,0x1c6e,0x1c6e,0x142d,0x1c0d,0x13ec,0x1c2d,0x246d,
0x246d,0x4591,0x3d71,0x1c4d,0x1c2d,0x0bcd,0x142e,0x038c,0x03ae,0x03ce,0x038e,0x038d,0x038e,0x038e,0x038e,0x036e,
0x038e,0x03ae,0x03ef,0x040f,0x044f,0x0cd0,0x14f1,0x0cd1,0x1d52,0x0cd1,0x0cb1,0x04b0,0x0cb1,0x0490,0x0491,0x0490,
0x0491,0x0491,0x0cf2,0x0d11,0x1511,0x0d11,0x1552,0x1d51,0x2db2,0x2df2,0x2df4,0x25b3,0x1d93,0x1552,0x1553,0x1552,
0x1552,0x0d32,0x1553,0x1573,0x1593,0x1593,0x1dd4,0x25f5,0x3677,0x3697,0x3eb7,0x4695,0x4e74,0x3613,0x2e35,0x2635,
0x25f5,0x1db4,0x1db4,0x15b4,0x1dd5,0x1594,0x0d53,0x0512,0x04f2,0x04d1,0x04f2,0x04f2,0x0d12,0x04d1,0x0cf2,0x04d2,
0x04b2,0x0471,0x0491,0x0471,0x0491,0x0471,0x0471,0x0451,0x0471,0x0450,0x0471,0x0450,0x0470,0x0450,0x0491,0x04b1,
0x04d1,0x0cf1,0x1552,0x1db3,0x2614,0x2e13,0x56b4,0x6f35,0x4694,0x25d3,0x1d73,0x1532,0x1511,0x04b0,0x04b1,0x0cd1,
0x1512,0x0490,0x0430,0x03ef,0x03ef,0x03cf,0x03cf,0x03ce,0x03ef,0x03cf,0x03ef,0x03ef,0x03ef,0x03ce,0x03cf,0x03ae,
0x03cf,0x03ce,0x03af,0x03ae,0x03af,0x03ae,0x03cf,0x03ce,0x03ce,0x03ce,0x03ce,0x03ce,0x03ce,0x03ee,0x142f,0x144f,
0x144f,0x144e,0x2d10,0x2d10,0x144e,0x144d,0x1c6f,0x146f,0x0c2e,0x03cd,0x0bed,0x03cd,0x0bee,0x0bee,0x13ef,0x034c,
0x036d,0x0bcd,0x0bcd,0x0b8c,0x0b8d,0x140f,0x2d13,0x4574,0x342f,0x0bcc,0x140d,0x1bed,0x1c0e,0x13ed,0x1c0e,0x13ed,
0x13ed,0x034b,0x02ab,0x0ac8,0x33e8,0x4c87,0x7d67,0x7d65,0x64c5,0x3362,0x2b43,0x22e5,0x1aa6,0x0a03,0x2b44,0x3be4,
0x1a02,0x1a24,0x2ae6,0x43a8,0x3b49,0x4b4a,0x4b69,0x4b69,0x746d,0x9d51,0xa5b2,0xad91,0xa571,0xbdf3,0xc613,0xce75,
0xdeb6,0xd695,0xbdb2,0xc5f3,0xc634,0xbd93,0xb592,0xef59,0xe6f7,0xe6f6,0xc673,0x9d70,0xa5d2,0xc656,0xb5d4,0xbdf3,
0xbe14,0x8d93,0x2c8e,0x3530,0x2d0f,0x2cee,0x0c0c,0x13ec,0x0bcc,0x140e,0x1c6f,0x144e,0x0bec,0x13ec,0x140c,0x1c2d,
0x246d,0x3530,0x1c8d,0x246d,0x248d,0x248e,0x24ae,0x0bcc,0x036c,0x038d,0x036d,0x038e,0x038e,0x038e,0x036d,0x036e,
0x036e,0x03ce,0x03ee,0x042f,0x0490,0x1511,0x0caf,0x0c90,0x0cd0,0x0cd1,0x04b0,0x04b0,0x0490,0x0490,0x0470,0x0491,
0x0490,0x04b1,0x04d1,0x0cf1,0x0cf1,0x0d12,0x0d12,0x1532,0x1531,0x1d72,0x25b2,0x2dd3,0x25b3,0x1d93,0x1d72,0x1d92,
0x1572,0x1d93,0x1db3,0x1dd4,0x1dd4,0x2615,0x2e35,0x3676,0x3e96,0x4eb7,0x56d6,0x4e94,0x2df3,0x1db3,0x15b3,0x1db4,
0x1593,0x1573,0x1593,0x1db4,0x1594,0x0d33,0x04f1,0x04f2,0x04d1,0x04d1,0x04b1,0x04d1,0x04b1,0x04d1,0x04b1,0x04b1,
0x0471,0x0471,0x0470,0x0471,0x0471,0x0471,0x0451,0x0451,0x0450,0x0471,0x0450,0x0471,0x0470,0x0470,0x0470,0x0491,
0x0491,0x0cd1,0x0d31,0x1db3,0x25d3,0x25d3,0x2612,0x4694,0x3e54,0x2df4,0x1d93,0x1d72,0x0d11,0x0cf1,0x04b0,0x0cf2,
0x0cf1,0x0cb1,0x042f,0x040f,0x03ef,0x03ef,0x03ce,0x03cf,0x03ce,0x03cf,0x03ce,0x03ef,0x03ce,0x03cf,0x03ae,0x03ae,
0x03ae,0x03af,0x03ae,0x03ae,0x036d,0x038e,0x03ae,0x03ef,0x040e,0x040f,0x040e,0x03ee,0x03ad,0x144f,0x146f,0x1c6f,
0x144e,0x1c8e,0x24ee,0x146e,0x03ee,0x142e,0x0c2e,0x146f,0x0c2d,0x0bed,0x03ed,0x0bed,0x0bed,0x0bee,0x036c,0x034c,
0x038d,0x13ee,0x036c,0x030b,0x032c,0x2451,0x0bce,0x02eb,0x032a,0x1bed,0x142e,0x1c0e,0x1bed,0x1bee,0x13cc,0x034c,
0x02cb,0x1b27,0x3c45,0x6564,0x75e3,0x8604,0xa6cc,0xaeeb,0x8e04,0x64e3,0x2b61,0x2b63,0x22e3,0x1243,0x1261,0x3bc4,
0x2ac4,0x1a62,0x3385,0x3ba4,0x4ba8,0x434b,0x536a,0x5b8a,0x7c6f,0x94ef,0xad92,0xa52f,0xa550,0xa550,0xad91,0xd6d6,
0xdef7,0xded6,0xd675,0xc613,0xbdd2,0xa550,0x9d10,0xb592,0xce34,0xbdd2,0xde94,0xd6b5,0xd675,0xc654,0xd6d7,0xc676,
0xc655,0xd696,0x6c8f,0x244d,0x3d71,0x4591,0x246e,0x13ec,0x1c2d,0x140d,0x140d,0x142d,0x1c4e,0x1c2d,0x244e,0x1c6d,
0x2cae,0x3d71,0x3510,0x244c,0x2c8d,0x2ccd,0x3d50,0x248e,0x0bad,0x036d,0x038e,0x038e,0x038e,0x038e,0x038e,0x036e,
0x038f,0x03ce,0x042f,0x0470,0x0cf1,0x0cd0,0x0c8f,0x046f,0x14b0,0x0cb0,0x0cb1,0x0490,0x0490,0x0490,0x0491,0x0490,
0x0cb1,0x04b1,0x0cd1,0x04b0,0x0cd1,0x0cf1,0x1532,0x0cf1,0x0d12,0x0d11,0x1d72,0x25b2,0x2dd2,0x25d2,0x25f3,0x1dd2,
0x25f4,0x25f4,0x3635,0x2e35,0x2e55,0x3676,0x3eb7,0x3eb6,0x56f7,0x6f57,0x6f15,0x3633,0x1db4,0x1593,0x1593,0x1573,
0x1d94,0x1593,0x1594,0x0d73,0x0d33,0x04f2,0x04f2,0x04d1,0x04d2,0x04b1,0x04b1,0x0491,0x04d2,0x04b1,0x04b1,0x0491,
0x0491,0x0471,0x0471,0x0450,0x0451,0x0450,0x0451,0x0430,0x0451,0x0430,0x0451,0x0450,0x0471,0x0470,0x0491,0x0490,
0x04b1,0x04d1,0x1512,0x1552,0x1d72,0x1d92,0x25b3,0x3633,0x4675,0x3634,0x25f4,0x1d73,0x1d52,0x0cf1,0x0cf1,0x0d11,
0x0cd1,0x0470,0x0450,0x042f,0x0410,0x03cf,0x03ef,0x03cf,0x03ef,0x03cf,0x03cf,0x03cf,0x03cf,0x03ae,0x03cf,0x03ae,
0x03cf,0x03ae,0x03cf,0x038e,0x038e,0x036d,0x03ae,0x03ce,0x0c2f,0x0c70,0x0c4f,0x03cd,0x0c2f,0x148f,0x1c90,0x1c8f,
0x1c8f,0x2d0f,0x2cf0,0x0c2e,0x0c0e,0x0bee,0x142f,0x144e,0x1caf,0x1caf,0x1c6f,0x0c2d,0x144f,0x03cd,0x03ad,0x0bcd,
0x0bad,0x036c,0x032c,0x02eb,0x02ec,0x02cc,0x030d,0x0b0c,0x13cd,0x1bed,0x1c0e,0x1c2d,0x140e,0x246f,0x138d,0x0b09,
0x4467,0x6524,0x6d43,0x6d43,0x7d84,0x7da3,0x8e07,0x9e49,0x8585,0x7da3,0x5483,0x2342,0x3362,0x2b02,0x1aa1,0x22e2,
0x4425,0x4c44,0x3bc3,0x3344,0x3bc6,0x5c2a,0x748d,0x9530,0xa571,0xad91,0x9d30,0xa550,0xb58f,0x94ae,0x9d10,0xce75,
0xb5d2,0xdef7,0xdef7,0xc613,0xc5f2,0xc5f2,0xce33,0xad51,0x8cce,0xc633,0xd6b5,0xdeb5,0xc612,0xc613,0xdef7,0xe719,
0xa5b2,0xadb2,0xad72,0x334b,0x1c6d,0x24ae,0x1c4d,0x1c4d,0x1c4d,0x1c4d,0x13ec,0x1c0d,0x1c6e,0x246d,0x2cae,0x352e,
0x3d2e,0x3d71,0x2cee,0x1c2d,0x1c4d,0x246d,0x24ae,0x1c4e,0x038c,0x034c,0x036d,0x038e,0x038e,0x03ae,0x038e,0x03ae,
0x03ae,0x03ef,0x042f,0x0490,0x048f,0x0c70,0x042f,0x044f,0x0490,0x0cb0,0x0cb0,0x0cb0,0x0490,0x04b1,0x0490,0x0cd1,
0x04b1,0x0490,0x048f,0x04b0,0x04b0,0x0d11,0x0cf1,0x04d1,0x04b0,0x0cf1,0x0d11,0x1552,0x1572,0x25d2,0x3e33,0x5694,
0x4674,0x3655,0x3655,0x3e56,0x3654,0x3e95,0x4ef6,0x6f37,0x8797,0x8776,0x4e53,0x1dd3,0x0d94,0x1573,0x0d52,0x1573,
0x15b3,0x15b4,0x0532,0x0512,0x04f1,0x04d2,0x04b1,0x04b1,0x0491,0x0491,0x0471,0x04b1,0x04b1,0x04b1,0x0490,0x0471,
0x0450,0x0471,0x0450,0x0451,0x0430,0x0430,0x0430,0x0450,0x0430,0x0450,0x0430,0x0450,0x0450,0x0471,0x0470,0x0491,
0x04b0,0x0cf1,0x0d12,0x1532,0x0d11,0x1531,0x1551,0x35f3,0x5694,0x4e93,0x2e33,0x25d4,0x1551,0x1531,0x1531,0x1532,
0x0cb0,0x0470,0x0430,0x0430,0x03ef,0x03cf,0x03cf,0x03ef,0x03ae,0x03af,0x03ae,0x03cf,0x03ae,0x03af,0x03ae,0x03af,
0x038e,0x03ae,0x03ae,0x03ae,0x038e,0x038e,0x038d,0x03ee,0x0c2e,0x146f,0x040e,0x03ed,0x0c2e,0x146f,0x0c4e,0x144f,
0x146e,0x24cf,0x144d,0x0c0d,0x03cd,0x0bee,0x0c0e,0x1caf,0x2d30,0x2d30,0x24af,0x142e,0x0bed,0x03ed,0x140e,0x1c0e,
0x038c,0x030b,0x0b6d,0x138e,0x02ab,0x02cb,0x02eb,0x0b8d,0x13cd,0x0b8c,0x0bac,0x0b6c,0x036b,0x3cae,0x5d4c,0x5d25,
0x6543,0x6d24,0x6502,0x7543,0x7da2,0x9627,0x9628,0x7d65,0x7543,0x64c2,0x5463,0x33a2,0x3381,0x3362,0x1ac1,0x1ac1,
0x54c4,0x7e25,0x64c5,0x3b83,0x75a6,0x8627,0x960a,0x8ced,0x9d10,0xa550,0xa571,0xadb1,0xc5f2,0xad91,0x94ef,0xa530,
0xb5b2,0xbdf3,0xce55,0xce54,0xbd91,0xc5f2,0xd674,0xb5d2,0x94ee,0xded6,0xded6,0xc612,0xc5f3,0xc613,0xc655,0xd6b7,
0xd6b7,0xbdd3,0xbdd4,0x7caf,0x342d,0x1c6d,0x246d,0x1c6d,0x3510,0x1c4d,0x1c0d,0x140c,0x248e,0x248e,0x2cae,0x352e,
0x350f,0x4db1,0x4d90,0x1c6d,0x1c6e,0x1c6d,0x248f,0x140d,0x038c,0x034c,0x036e,0x038e,0x038e,0x03ae,0x03af,0x03ae,
0x03ef,0x040e,0x0c70,0x0470,0x044f,0x042f,0x0430,0x044f,0x0470,0x0cb0,0x1512,0x14f1,0x0cd1,0x04b0,0x0cd1,0x0cb1,
0x0cb2,0x0490,0x0490,0x0cb0,0x1511,0x0cf1,0x0cd1,0x0490,0x04d1,0x04d1,0x0d11,0x1552,0x25f3,0x3653,0x5693,0x5ed4,
0x56b4,0x4673,0x5ed5,0x66d5,0x6ef5,0x7756,0x87b9,0x97b9,0x9fb9,0x6716,0x3634,0x1dd4,0x15b4,0x0d53,0x1553,0x1553,
0x1db4,0x0d73,0x0d12,0x04d1,0x04d2,0x04b1,0x04b2,0x0491,0x0492,0x0491,0x0492,0x0491,0x04b1,0x0491,0x0491,0x0471,
0x0471,0x0450,0x0471,0x0430,0x0430,0x0430,0x0430,0x0430,0x0450,0x0430,0x0450,0x0450,0x0450,0x0450,0x0491,0x0491,
0x0cd1,0x0cf2,0x1532,0x0cf1,0x0cf1,0x0d11,0x1d72,0x3613,0x6f14,0x7f35,0x5eb6,0x25d3,0x1552,0x1531,0x1d73,0x1552,
0x1511,0x0490,0x0450,0x0430,0x0430,0x03ef,0x0410,0x03ef,0x03ef,0x03ce,0x03ef,0x03cf,0x03ae,0x03ae,0x03af,0x03ae,
0x03af,0x03ae,0x03ef,0x03ef,0x0bef,0x03ae,0x03ae,0x040e,0x146f,0x042e,0x0c4f,0x1470,0x1490,0x0c6f,0x0c2e,0x142e,
0x1c8f,0x144e,0x142e,0x144e,0x142e,0x0c0d,0x144e,0x24cf,0x3551,0x2d30,0x144e,0x140d,0x0bed,0x0bed,0x144f,0x03ac,
0x036c,0x2c51,0x136e,0x02ec,0x02cc,0x02ec,0x0b4d,0x0b6d,0x032b,0x02a9,0x02aa,0x12cb,0x1a68,0x53e7,0x7d68,0x7526,
0x7505,0x7563,0x85e3,0x9662,0xa706,0xb70a,0xaec8,0x9e64,0x8e04,0x7543,0x6504,0x4c63,0x3382,0x2b22,0x22c3,0x1ac1,
0x6dc5,0x7dc6,0x5c84,0x5445,0x6526,0x75c5,0x7dc5,0x858a,0x8d0c,0x9d4f,0xa570,0xb5d2,0xbdb1,0xc613,0xb5d2,0xbdb2,
0xce54,0xbdd2,0xad71,0xce13,0xc5f2,0xce33,0xce53,0xdeb5,0xc633,0xc5f2,0xd694,0xe716,0xded6,0xd696,0xce95,0xc634,
0xb5b2,0xb5d3,0x7c8f,0x8cd0,0x5bec,0x2c2c,0x1c8c,0x24ad,0x24ad,0x1c6d,0x142c,0x1c0c,0x1c4d,0x2ccf,0x350e,0x3d2f,
0x24ef,0x4590,0x4dd0,0x2d30,0x144d,0x1c6e,0x142e,0x142e,0x038c,0x0b6d,0x038d,0x038e,0x038e,0x03cf,0x03ae,0x03cf,
0x03ee,0x0c70,0x0c8f,0x042f,0x040f,0x0430,0x042f,0x044f,0x044f,0x0cb0,0x0cd0,0x1511,0x0cd0,0x0cf1,0x0cd1,0x04b0,
0x0490,0x0cb1,0x0cd1,0x14f1,0x0cf1,0x0cf1,0x04d0,0x04d1,0x04d1,0x0d12,0x0d11,0x1d73,0x25d2,0x3613,0x2df2,0x25f3,
0x25f3,0x2e13,0x4652,0x6ef4,0x8f76,0xa7d9,0x9fbb,0xaffb,0x8799,0x46b7,0x2635,0x1dd4,0x1573,0x1553,0x1553,0x1553,
0x0d11,0x0d12,0x04d1,0x04b1,0x04b1,0x04b1,0x0491,0x0491,0x0471,0x0471,0x0471,0x0491,0x0471,0x0491,0x0470,0x0471,
0x0450,0x0471,0x0450,0x0451,0x0430,0x0451,0x0430,0x0450,0x0430,0x0450,0x0430,0x0450,0x0450,0x0450,0x0470,0x0cb1,
0x0cd1,0x1512,0x0cf1,0x0cf1,0x04d0,0x1512,0x1db3,0x3e14,0x4e74,0x66d4,0x5ed5,0x35f3,0x1531,0x1512,0x1511,0x1511,
0x0cd0,0x0c90,0x042f,0x0450,0x0430,0x0430,0x03ef,0x03ef,0x03ef,0x03ef,0x03ee,0x03ef,0x03ae,0x03ae,0x03ae,0x03ce,
0x03ce,0x03cf,0x03ef,0x0430,0x03cf,0x03ae,0x03cd,0x040e,0x0c4e,0x0c4f,0x148f,0x1490,0x0c4f,0x0c4e,0x0c4e,0x24cf,
0x1c8e,0x142e,0x03ed,0x0c0e,0x03cd,0x0bed,0x0c0d,0x144f,0x146e,0x2d31,0x146e,0x144e,0x0bed,0x13ee,0x036c,0x3490,
0x8699,0x3410,0x02cb,0x032d,0x032c,0x0b6d,0x032c,0x02cb,0x0269,0x1b2b,0x544f,0x6cb0,0x7cef,0x9db0,0x9dcd,0x8d8c,
0x8d4d,0x8d6d,0x7529,0x85c6,0xaee9,0xaec7,0x9e62,0x8de3,0x7d83,0x7da3,0x7581,0x7da4,0x64e4,0x2b42,0x1281,0x1aa2,
0x4404,0x4403,0x7586,0x6d83,0x7de6,0x8644,0x85e5,0x7dc6,0x8d68,0x9d6b,0xa58f,0xb5f2,0xbdd2,0xbdf2,0xbdd2,0xb5b0,
0xc5b2,0xc5f3,0xce34,0xc613,0xd675,0xd695,0xde95,0xd673,0xd653,0xce33,0xb570,0xc5f2,0xf779,0xce54,0xa530,0x8cae,
0x8cce,0xadb2,0x742e,0x6bec,0x73cb,0x3bea,0x244d,0x1c4c,0x244d,0x1c2c,0x248d,0x246d,0x3530,0x3531,0x3550,0x350f,
0x3551,0x352f,0x2cef,0x3551,0x2cd0,0x248e,0x246f,0x0bad,0x0bce,0x03ad,0x040f,0x040f,0x03ef,0x03ee,0x03ee,0x03ee,
0x0c2f,0x14b1,0x1490,0x03ee,0x0410,0x040f,0x0430,0x042f,0x0470,0x046f,0x0cd0,0x1511,0x1511,0x1531,0x1511,0x0cd0,
0x0cd1,0x0cf1,0x1512,0x0cf1,0x14f1,0x1511,0x1512,0x0cf1,0x0cf2,0x0cf1,0x1512,0x0d32,0x1553,0x1552,0x1d73,0x1d93,
0x25d4,0x2614,0x3e75,0x5ef7,0x8f98,0xb7fa,0xc7fb,0xafd9,0x6f16,0x3675,0x2e35,0x25f4,0x25b4,0x1d94,0x1573,0x04f1,
0x04d1,0x04b1,0x04b1,0x0491,0x04b1,0x0471,0x0491,0x0470,0x0451,0x0450,0x0471,0x0471,0x0491,0x0471,0x0491,0x0471,
0x0491,0x0470,0x0471,0x0450,0x0471,0x0451,0x0451,0x0450,0x0450,0x0450,0x0450,0x0450,0x0470,0x0450,0x0471,0x0490,
0x0cd1,0x0cf1,0x0cf2,0x04d1,0x0cd1,0x0d12,0x1d93,0x1d72,0x2592,0x25b2,0x3e33,0x3e33,0x2d93,0x1511,0x14f1,0x0cd0,
0x14f1,0x0490,0x0470,0x0470,0x0c71,0x0450,0x040f,0x03ce,0x03ef,0x040f,0x0450,0x042f,0x03ef,0x03ce,0x03cf,0x03ef,
0x040f,0x03ef,0x03ef,0x040f,0x03cf,0x03ce,0x0c4f,0x0c6f,0x146f,0x148f,0x146f,0x0c4f,0x142f,0x0c2e,0x1c8e,0x2d30,
0x24af,0x0c2d,0x0bcd,0x038c,0x0bad,0x0bcd,0x146e,0x144e,0x142f,0x0bed,0x1c4e,0x140d,0x13ee,0x03cc,0x3cf2,0xaf1c,
0x4cd2,0x034b,0x0bad,0x038d,0x0b8d,0x034c,0x030b,0x0aaa,0x4bee,0x7d31,0x9592,0x9db2,0x9db2,0x8d6f,0xa5f1,0x9db0,
0x8d2f,0x6c0d,0x536c,0x4328,0x53a8,0x6447,0x7d65,0x85e3,0x8e04,0x7583,0x7581,0x6d61,0x6503,0x3c02,0x2b22,0x12a0,
0x1241,0x6524,0x7e03,0x8645,0x7e23,0x85e5,0x85e3,0x85c5,0x852a,0x9d4f,0xa54f,0xb5b2,0xadb1,0xa54f,0x7407,0x8c89,
0xce13,0xce34,0xc5d2,0xc5f3,0xce33,0xdeb5,0xe717,0xdeb5,0xde94,0xd674,0xbdd1,0xc5f2,0xd674,0xd695,0xa550,0x9d30,
0xadb1,0xb5f3,0x5bac,0x746f,0x94cf,0x646d,0x13ca,0x13cc,0x0bcc,0x1c2c,0x248d,0x2cae,0x2d30,0x45d4,0x14af,0x1caf,
0x2d30,0x350f,0x1c4d,0x24d0,0x2cd0,0x1c6e,0x13ed,0x032b,0x036c,0x038d,0x03ee,0x0c90,0x040f,0x042f,0x044f,0x046f,
0x044f,0x0c4f,0x03ee,0x03ef,0x03ef,0x040f,0x042f,0x044f,0x044f,0x046f,0x0490,0x1510,0x1d71,0x2592,0x1551,0x1531,
0x0cf1,0x1512,0x1511,0x1512,0x0cf0,0x0cd1,0x0cb1,0x0cd1,0x04b1,0x0cd1,0x04d1,0x0cf1,0x0d31,0x1d72,0x1d72,0x1d93,
0x25d3,0x3654,0x46d5,0x5f37,0x6f16,0x8f56,0x9f76,0x8f56,0x66f5,0x4695,0x2e34,0x25f4,0x25d4,0x1db4,0x0d12,0x04d1,
0x04b1,0x04b1,0x0490,0x0491,0x0470,0x0471,0x0450,0x0451,0x0430,0x0430,0x0430,0x0471,0x0471,0x0491,0x0471,0x0491,
0x0470,0x0471,0x0470,0x0471,0x0450,0x0471,0x0450,0x0450,0x0450,0x0470,0x0450,0x0470,0x0470,0x0470,0x0470,0x0470,
0x0490,0x0cd1,0x0cd1,0x0cd1,0x04b0,0x0cf1,0x0d11,0x0d31,0x0d10,0x0d32,0x1d31,0x35d2,0x2db2,0x1d52,0x0d11,0x0cf1,
0x0cd0,0x0cb1,0x0470,0x0c91,0x0c90,0x0c90,0x040f,0x03ee,0x03ee,0x042f,0x0450,0x0430,0x03ee,0x03ef,0x03ef,0x040f,
0x040f,0x040f,0x03ae,0x03ae,0x03ae,0x040f,0x14b0,0x1cb0,0x146f,0x1c8f,0x0c4e,0x142f,0x0c0e,0x144e,0x1cce,0x3db0,
0x24ee,0x0c0d,0x03cd,0x038d,0x03cd,0x140e,0x146d,0x24af,0x0bed,0x03ac,0x0bed,0x13ed,0x0bcd,0x2c90,0x7698,0x23ee,
0x038b,0x13ee,0x0b8d,0x0b8d,0x034c,0x0b4d,0x0207,0x5c0e,0x9d93,0x9531,0x8d31,0x9572,0x9590,0x9db0,0x84ee,0x5bab,
0x3ae8,0x3b09,0x434a,0x4b4b,0x432a,0x430a,0x3b29,0x4bc6,0x5c83,0x75a3,0x7de2,0x6d82,0x4441,0x33a1,0x3382,0x2b22,
0x1244,0x6525,0x8e85,0x75a5,0x96c6,0x7585,0x7505,0x85e6,0x8daa,0x8d69,0x9d8b,0x9d4e,0xad8f,0x9569,0x9567,0xadad,
0xd674,0xce54,0xce34,0xce13,0xd675,0xdeb6,0xe6f7,0xde95,0xde94,0xce54,0xce54,0xd674,0xe6d6,0xded6,0xd695,0xc613,
0xce74,0x7c6d,0x63cd,0x84d0,0xa571,0x8ccf,0x2bab,0x138c,0x0b8b,0x0bcc,0x248e,0x2cad,0x2cee,0x2cef,0x6e58,0x3d73,
0x45d2,0x3d0e,0x1c4e,0x1c4e,0x1c6e,0x0bcc,0x0b6c,0x032c,0x034c,0x034c,0x03ce,0x040f,0x040f,0x042f,0x14d1,0x14d1,
0x0c8f,0x03ee,0x03cf,0x03ce,0x03ef,0x040f,0x0430,0x042f,0x046f,0x048f,0x0cb0,0x1510,0x2dd3,0x25b2,0x1d72,0x14f1,
0x0cf1,0x0cd1,0x14f2,0x0cd1,0x0cb1,0x0490,0x0491,0x0490,0x04b1,0x04b1,0x0cd1,0x04d1,0x1532,0x1d73,0x25b4,0x25b3,
0x3634,0x3e54,0x3e95,0x3e76,0x4697,0x4e95,0x6ef4,0x6ed4,0x56b5,0x3e55,0x3615,0x2e14,0x2615,0x1dd4,0x1573,0x04d1,
0x04d1,0x04b1,0x0491,0x0471,0x0471,0x0450,0x0471,0x0430,0x0430,0x0430,0x0431,0x0450,0x0471,0x0471,0x0491,0x0471,
0x0491,0x0470,0x0471,0x0471,0x0c71,0x0471,0x0471,0x0450,0x0471,0x0450,0x0471,0x0470,0x0491,0x0491,0x04b1,0x0490,
0x0cd1,0x0cf1,0x0d12,0x04d1,0x0cf1,0x0d11,0x1532,0x0d31,0x0d32,0x04f1,0x0cf2,0x1d31,0x35d3,0x2592,0x1d52,0x0d31,
0x1511,0x04d0,0x0cb1,0x0490,0x0cb1,0x0490,0x0450,0x03ef,0x040f,0x040f,0x0430,0x03ef,0x03ef,0x03ef,0x040f,0x03ef,
0x03ef,0x03ce,0x038e,0x038e,0x0bce,0x144f,0x1cd1,0x1cb0,0x1cb0,0x1cb0,0x1cb0,0x144e,0x0c2e,0x148e,0x2d50,0x2d50,
0x24d0,0x0bee,0x140e,0x0bcc,0x142e,0x142d,0x1c4e,0x142e,0x038c,0x038c,0x13ee,0x140e,0x1c4f,0x6df7,0x2bef,0x03ac,
0x142e,0x13ed,0x13ce,0x036c,0x030c,0x026a,0x53ce,0x84d0,0x8d10,0x7c8e,0x8531,0x9592,0x9dd3,0x9db1,0x84ce,0x7caf,
0x746e,0x53ab,0x4b4a,0x4b4a,0x4b2a,0x3ae8,0x3b09,0x3aea,0x3308,0x3302,0x5444,0x5cc3,0x5483,0x33c2,0x33a2,0x2b62,
0x22e2,0x3b83,0x54a5,0x2b02,0x6505,0x8e66,0x64a5,0x4b86,0x5c45,0x74a8,0x7468,0x9528,0x9da7,0xa608,0x8d05,0xadae,
0xbdf0,0xce53,0xd674,0xce54,0xdeb6,0xce54,0xa4ee,0xbd91,0xce33,0xc612,0xc633,0xce33,0xde94,0xde95,0xd694,0xd673,
0xd695,0x9531,0x63ed,0x84d0,0x8d2f,0x9510,0x53ac,0x1b2b,0x13ac,0x13cb,0x142b,0x248c,0x248c,0x1c6c,0x8677,0xa73b,
0x4db1,0x55f1,0x1c6d,0x1c2e,0x13ed,0x0b8c,0x0b8d,0x0b6d,0x034c,0x034c,0x038d,0x03ee,0x03ee,0x040f,0x044f,0x1cf1,
0x0c90,0x040f,0x03ce,0x03ef,0x03ce,0x040f,0x040f,0x044f,0x044f,0x0470,0x048f,0x1510,0x1d71,0x1531,0x04d0,0x04b0,
0x0490,0x0cb1,0x0490,0x0490,0x046f,0x0470,0x0470,0x0491,0x0470,0x0491,0x04b1,0x0cf1,0x0d11,0x1d73,0x1d93,0x2df4,
0x2e13,0x2df4,0x25f4,0x2615,0x2e34,0x3e75,0x5ed5,0x5ef5,0x3634,0x3615,0x2e14,0x2e34,0x1dd3,0x1db4,0x1573,0x0d12,
0x04b1,0x04b1,0x0491,0x0491,0x0470,0x0471,0x0450,0x0430,0x0410,0x0430,0x0410,0x0450,0x0450,0x0471,0x0450,0x0471,
0x0450,0x0470,0x0450,0x0451,0x0450,0x0471,0x0470,0x0470,0x0450,0x0470,0x0470,0x0491,0x0490,0x04b1,0x04b1,0x0cd1,
0x0cf1,0x0d12,0x04f1,0x0cf1,0x0d11,0x1532,0x1532,0x1552,0x0d31,0x0d11,0x0d11,0x1d31,0x2d92,0x35f2,0x1d92,0x1572,
0x0d51,0x0d11,0x04d0,0x0cd1,0x04b0,0x0cb0,0x046f,0x044f,0x042f,0x042f,0x040f,0x040f,0x03ef,0x040f,0x03ce,0x03ae,
0x038e,0x036d,0x036d,0x03cf,0x03ce,0x0c0e,0x042e,0x1cb0,0x1c8f,0x1cb0,0x1cb0,0x1caf,0x148e,0x24f0,0x1cce,0x146e,
0x1caf,0x2d10,0x24ef,0x24cf,0x24af,0x140d,0x038c,0x034c,0x032c,0x0b8d,0x0bcd,0x03ac,0x24d0,0x2c50,0x034b,0x0bed,
0x13cd,0x13cd,0x0bad,0x030b,0x22ea,0x8d32,0xa5b3,0x9532,0x84f0,0x84f0,0x8530,0x9572,0x9db2,0x9db2,0x9d92,0xadf4,
0xadf3,0xa5f3,0x7cce,0x4b28,0x2a65,0x3aa7,0x2a86,0x2a66,0x3b29,0x2ac5,0x1a42,0x11c2,0x1a42,0x3383,0x33c2,0x33c1,
0x3383,0x2b23,0x1aa3,0x1ac4,0x2ae5,0x43e5,0x4bc7,0x4345,0x6c46,0x8507,0x8d86,0x9585,0xb64d,0xb64f,0x6be6,0x8d4a,
0x95a7,0x952a,0xc611,0xce71,0xce33,0xb570,0xb550,0xb591,0xbdb1,0xbdd1,0xce13,0xce54,0xd654,0xd694,0xdeb5,0xe6f5,
0xe6d7,0xbe14,0x9d72,0x7c8f,0x84b0,0x7c8f,0x6bed,0x1a88,0x1bcd,0x242c,0x244b,0x1c0b,0x242c,0x244d,0x34af,0xcf7d,
0x7e77,0x45b0,0x3d50,0x13cd,0x0b8c,0x036c,0x13ee,0x0b8d,0x034d,0x032c,0x038d,0x03ce,0x03ef,0x03ee,0x040f,0x046f,
0x0c70,0x040f,0x03ef,0x03ee,0x042f,0x040f,0x042f,0x044f,0x0470,0x046f,0x0cd1,0x1551,0x1531,0x04b0,0x0490,0x0490,
0x0c91,0x0470,0x0470,0x0450,0x0450,0x0450,0x0470,0x0470,0x0491,0x0490,0x04b1,0x04d1,0x1512,0x1532,0x1d73,0x1db3,
0x2df3,0x1db3,0x1db4,0x1dd4,0x2e15,0x3654,0x5ef5,0x5ef4,0x3655,0x25d4,0x25b3,0x1db3,0x1db3,0x1572,0x1d73,0x1552,
0x0d11,0x04b1,0x04b1,0x0490,0x0491,0x0470,0x0450,0x0430,0x0430,0x0410,0x0430,0x0450,0x0471,0x0470,0x0471,0x0450,
0x0450,0x0430,0x0450,0x0450,0x0450,0x0450,0x0471,0x0470,0x0471,0x0470,0x0491,0x0470,0x0491,0x0490,0x0491,0x0cf1,
0x1d53,0x1532,0x1532,0x0d11,0x1512,0x0cf1,0x0cd1,0x0cf1,0x1532,0x1531,0x1d92,0x1db2,0x35f3,0x4654,0x4e95,0x2dd3,
0x1d92,0x0d32,0x1512,0x0d11,0x1512,0x0cd1,0x0cb1,0x0470,0x0450,0x044f,0x046f,0x042f,0x0c30,0x03ef,0x03ef,0x03ae,
0x03ef,0x03ef,0x040f,0x040f,0x0c4f,0x0c4f,0x0c6f,0x14af,0x1ccf,0x1caf,0x24d0,0x1cb0,0x3571,0x3db0,0x24ef,0x24f0,
0x3572,0x3590,0x2d2f,0x24af,0x1c6e,0x1c4e,0x1c0e,0x036b,0x0bad,0x0bad,0x038d,0x036c,0x13ce,0x0b8c,0x13cd,0x13ce,
0x0b8d,0x038d,0x0bad,0x1aa9,0x9572,0xb614,0xa573,0x9553,0x8cf1,0x7cb0,0x748f,0x9db2,0xa5d2,0x9550,0xa592,0xa5b2,
0x9d92,0x746d,0x6c4d,0x4307,0x3ac7,0x2aa6,0x32a6,0x2a84,0x32c3,0x2ae3,0x2283,0x1a02,0x0941,0x0981,0x22a3,0x3382,
0x2b24,0x22e4,0x1aa4,0x2ae5,0x22e5,0x2b05,0x3b65,0x7d66,0x8563,0x95e5,0x9e03,0x9dc4,0xa60a,0x8d2a,0x5364,0x9d8c,
0x956a,0x94ec,0xa52e,0xa5a8,0xa5aa,0xbdb1,0xb570,0xb571,0xad4f,0xb590,0xc633,0xce34,0x948d,0xa4f0,0xbdd2,0xded6,
0xdeb6,0xa531,0x9d51,0xa572,0x7c4e,0x742e,0x742e,0x32ea,0x132a,0x1bec,0x138a,0x138a,0x242c,0x2c6d,0x1c6c,0x6d94,
0x8658,0x2d0f,0x248e,0x036c,0x034a,0x036c,0x1c0f,0x034c,0x032c,0x032c,0x036d,0x03ce,0x03cd,0x040f,0x040e,0x044f,
0x040e,0x040e,0x03ee,0x040f,0x040e,0x042f,0x042f,0x046f,0x046f,0x0cd0,0x1d51,0x1d71,0x0cf0,0x0491,0x0470,0x0470,
0x0450,0x0470,0x0450,0x0450,0x042f,0x0450,0x044f,0x0470,0x0470,0x0470,0x0491,0x0cd1,0x04d1,0x0cf2,0x0d12,0x1552,
0x1572,0x1572,0x1593,0x25d4,0x25d4,0x2e55,0x56d6,0x7f76,0x4eb4,0x15b3,0x0d11,0x0d32,0x0d32,0x1552,0x1552,0x1d93,
0x1572,0x0d32,0x04d1,0x04d1,0x0490,0x0470,0x0450,0x0450,0x0430,0x0430,0x0430,0x0450,0x0470,0x0450,0x042f,0x0430,
0x042f,0x0430,0x042f,0x0430,0x042f,0x0450,0x0450,0x0471,0x0470,0x0470,0x0470,0x0471,0x0470,0x0470,0x0490,0x0cf2,
0x1532,0x1552,0x0d32,0x1532,0x0cf1,0x0cf1,0x0490,0x04b1,0x04d1,0x1532,0x1db2,0x3634,0x3654,0x5ed5,0x6f57,0x56b5,
0x25b2,0x1551,0x1532,0x1d52,0x1551,0x1531,0x1511,0x0cd1,0x04b0,0x0cd1,0x048f,0x044f,0x044f,0x0450,0x044f,0x0c50,
0x044f,0x042f,0x040f,0x040f,0x042f,0x0c4f,0x0c4e,0x1cb0,0x14af,0x148e,0x1cae,0x2d0f,0x3dcf,0x3dce,0x1caf,0x24b0,
0x148f,0x24cf,0x146e,0x142e,0x142e,0x1c4e,0x13ec,0x140d,0x1c6e,0x1c2e,0x0bad,0x0bad,0x0bad,0x13cc,0x13ed,0x0b8d,
0x034c,0x0b4b,0x1ae8,0x8cee,0xae13,0xa5d3,0x9d93,0x7cd0,0x644d,0x644d,0x646e,0x9db2,0x9d91,0xa5b2,0xa5b2,0xa5b2,
0x8d10,0x6c4b,0x642b,0x6c4d,0x644b,0x32e6,0x2a64,0x2a83,0x1a41,0x3b64,0x3b82,0x2261,0x11a2,0x1162,0x0120,0x11a2,
0x22c5,0x22c4,0x2b04,0x22e5,0x2b05,0x22e5,0x4c05,0x85c5,0xa645,0x9de4,0xa625,0x95a5,0x8d84,0x6c44,0x7c68,0x8cc9,
0xb5d0,0xad91,0xad8e,0xa58a,0xad8c,0xbdd0,0xbdb2,0xb571,0xb591,0xbdb1,0xbdf2,0xad71,0x8c8f,0x8ccf,0x9d31,0xa571,
0xa552,0x63cd,0x848f,0xad92,0x8caf,0x740d,0x7c6e,0x534a,0x2b2a,0x136a,0x134b,0x0b4a,0x1bec,0x1bec,0x1c0c,0x1bcc,
0x5574,0x0bcc,0x0b8c,0x140e,0x0bec,0x036b,0x036c,0x032c,0x032d,0x030c,0x038e,0x03ce,0x040f,0x042f,0x042f,0x040f,
0x040e,0x03ee,0x0c2f,0x042f,0x0450,0x044f,0x0470,0x048f,0x0cd0,0x1d71,0x25b2,0x1551,0x0cd1,0x0491,0x0471,0x0450,
0x0471,0x0450,0x0450,0x0450,0x0450,0x044f,0x0470,0x0470,0x0470,0x0470,0x0cb1,0x04b1,0x0cd2,0x0cf1,0x0d12,0x0d11,
0x1532,0x0d11,0x1552,0x1d93,0x2df4,0x2e55,0x56b7,0x6ef5,0x3e75,0x1593,0x1553,0x1552,0x1553,0x0d32,0x1533,0x1532,
0x1573,0x1553,0x1533,0x0cf1,0x0cd1,0x0491,0x0491,0x0450,0x0450,0x0450,0x0471,0x0470,0x0450,0x042f,0x0430,0x042f,
0x0430,0x042f,0x0430,0x042f,0x0430,0x0430,0x0470,0x0470,0x0471,0x0470,0x0471,0x0470,0x0471,0x0490,0x0cb1,0x0cd1,
0x0cf2,0x0d11,0x1532,0x1531,0x1532,0x0cf1,0x0cf1,0x0cd1,0x0cf1,0x0cf1,0x1512,0x1d73,0x2dd3,0x5673,0x7f15,0x6eb3,
0x4e73,0x2df2,0x25b3,0x1d72,0x2592,0x2592,0x2dd3,0x25b2,0x25b2,0x1d71,0x1d32,0x0cf0,0x0cf1,0x0cb0,0x0cb0,0x044f,
0x03ef,0x03ae,0x03ae,0x03ce,0x03ee,0x03ee,0x040e,0x0c4e,0x148f,0x1cae,0x354f,0x3dd0,0x3dcf,0x24ee,0x1c70,0x146f,
0x142e,0x03ed,0x0bee,0x140e,0x1c2f,0x1c2e,0x13ed,0x140e,0x1c2e,0x1c4e,0x244f,0x1c6f,0x13ed,0x13ec,0x1bed,0x0b6c,
0x0b0b,0x0a26,0x4328,0xa5d2,0x9571,0x84ef,0x8d31,0x7cef,0x7cef,0x8530,0xae55,0xae34,0xae13,0xae13,0xa591,0x8d0f,
0x8d30,0x7d0b,0x856b,0x854e,0x74e7,0x8de9,0x6cc7,0x2242,0x11e3,0x1202,0x4364,0x3302,0x2262,0x1a62,0x2aa4,0x11e2,
0x2b04,0x3345,0x2ae4,0x22c4,0x22c4,0x3344,0x74e5,0x8dc5,0x8da4,0x9e25,0x95c5,0x7485,0x6404,0x6425,0x7caa,0xc612,
0xce73,0xadae,0x84a7,0xc611,0xd654,0xce12,0xbdb1,0xbdd2,0xb5b1,0xb591,0xad91,0x9cef,0x9d10,0xa551,0x94ef,0xadb2,
0xa573,0x5bad,0x5bac,0x94f0,0xa571,0xa572,0x742d,0x5329,0x32e8,0x12ea,0x0b6b,0x0b2b,0x13ab,0x1bec,0x0309,0x0b2a,
0x34d1,0x1c2f,0x13ed,0x1c2e,0x0bcc,0x0b8c,0x034b,0x034c,0x02ec,0x032c,0x038d,0x03ee,0x040e,0x040f,0x03ee,0x042f,
0x042e,0x040f,0x040e,0x0470,0x0490,0x0c90,0x048f,0x0ccf,0x1531,0x25b2,0x1551,0x14f1,0x0490,0x0c90,0x0470,0x0450,
0x042f,0x0450,0x042f,0x0450,0x044f,0x0450,0x044f,0x0470,0x0450,0x0490,0x0490,0x04b1,0x04b1,0x0cd2,0x04d1,0x0cf1,
0x0cf1,0x0d12,0x0d52,0x1d92,0x25d4,0x2e35,0x3e74,0x3e54,0x1df3,0x1dd4,0x1593,0x1573,0x1552,0x1553,0x0512,0x04f2,
0x04d1,0x04f2,0x04f1,0x0d12,0x04f1,0x0cd2,0x0490,0x0470,0x0450,0x0470,0x0470,0x0470,0x042f,0x0430,0x040f,0x0430,
0x042f,0x0430,0x040f,0x0430,0x042f,0x0430,0x0430,0x0450,0x0450,0x0450,0x0450,0x0470,0x0450,0x0471,0x0490,0x04b1,
0x04d1,0x0cf1,0x0d11,0x0d11,0x0cf1,0x0d12,0x0d11,0x0d11,0x1511,0x1512,0x0cf1,0x1d73,0x2dd2,0x5633,0x5e51,0x5e52,
0x5eb4,0x5ef5,0x4eb4,0x5694,0x4654,0x4634,0x3e33,0x2db2,0x1d31,0x1512,0x0cf1,0x0cb0,0x044f,0x042f,0x03ee,0x03ee,
0x03ee,0x03ce,0x03ad,0x03ee,0x03ee,0x040e,0x040e,0x0c4f,0x14af,0x2d50,0x2d4f,0x24cf,0x1c8e,0x1c6f,0x144e,0x146f,
0x146f,0x0c0e,0x036c,0x032c,0x036d,0x13ae,0x13ae,0x0b6d,0x036c,0x1c2f,0x246f,0x140e,0x03ac,0x13ed,0x03ab,0x030b,
0x01c6,0x3287,0x4328,0x7ccf,0x7cf0,0x8531,0x8d92,0x8d70,0x6c4d,0x9572,0x9d92,0x8d30,0x850f,0x748c,0x7ccd,0x8d10,
0x7cce,0x53e6,0x4c03,0x7508,0x7d85,0x85e6,0x6485,0x3b25,0x1a23,0x11c2,0x43a3,0x85e6,0x5cc3,0x33a3,0x2b43,0x22e2,
0x1a84,0x3325,0x3344,0x2ae4,0x2b05,0x3b63,0x6c85,0x6c64,0x4b83,0x5403,0x8545,0x74a4,0x8d87,0x8566,0x84e6,0xadac,
0xadab,0x84e6,0x9d2c,0xc634,0xd655,0xb56f,0xc5f1,0xad91,0x9cf0,0x8c8e,0x9cf0,0xa571,0xad72,0x9d10,0xa551,0xd6f8,
0x94f1,0x5bad,0x5b8c,0x63cc,0xb5d3,0xad71,0x7c4e,0x6c0b,0x42c7,0x0a06,0x0ac9,0x0aa9,0x238b,0x1b8b,0x0b2b,0x0b6b,
0x44d1,0x4512,0x13cd,0x038c,0x038c,0x0b8c,0x0b2c,0x032b,0x030c,0x036d,0x03ce,0x040e,0x040f,0x03ee,0x03ee,0x042f,
0x0c70,0x046f,0x0c70,0x0c90,0x14d1,0x0cd0,0x1511,0x1d71,0x2592,0x1511,0x14d1,0x0cb0,0x0cb0,0x0470,0x0c70,0x044f,
0x044f,0x042f,0x0450,0x044f,0x0450,0x044f,0x0470,0x0450,0x0470,0x0470,0x04b1,0x04b0,0x0cd1,0x0cd1,0x0cd1,0x04d1,
0x1512,0x1552,0x1d93,0x1db3,0x2e15,0x2e15,0x4694,0x4693,0x3614,0x1db4,0x1db4,0x1573,0x1573,0x0d53,0x0d53,0x0d32,
0x0d12,0x04d1,0x04d1,0x04d1,0x0d12,0x0d12,0x0d12,0x04d1,0x0cb1,0x0490,0x0490,0x0470,0x0471,0x0450,0x0450,0x042f,
0x0430,0x042f,0x0430,0x042f,0x0430,0x0430,0x0430,0x0430,0x0450,0x0430,0x0470,0x0450,0x0471,0x0470,0x0491,0x0490,
0x0cb1,0x04d1,0x0cf2,0x0cf1,0x0d32,0x0d31,0x1552,0x1532,0x1d53,0x1d52,0x2572,0x2dd2,0x4e34,0x4e13,0x3e13,0x3634,
0x56b6,0x6ef4,0x6eb3,0x5672,0x4e53,0x3df2,0x3dd2,0x3591,0x2531,0x14d1,0x0cb1,0x044f,0x042f,0x040e,0x040f,0x03ee,
0x040f,0x03ef,0x03ae,0x03ce,0x040f,0x03ee,0x0c6f,0x1ccf,0x2530,0x250f,0x1c8f,0x142e,0x144f,0x144e,0x144f,0x144e,
0x142e,0x03cd,0x0bad,0x030b,0x032c,0x034c,0x0b4c,0x030b,0x032c,0x036c,0x0bae,0x036c,0x0bad,0x0bac,0x034a,0x0aca,
0x1a67,0x32e7,0x4b49,0x8510,0x8511,0x74cf,0x7ced,0x6c8b,0x5bea,0x6c6d,0x74cf,0x746e,0x6c2d,0x5407,0x74ca,0x84ce,
0x6c4b,0x5c46,0x6d06,0x6ce4,0x6ce4,0x64a5,0x4bc4,0x3b24,0x2263,0x4bc4,0x7d86,0x6d22,0x6d43,0x4403,0x2304,0x1aa2,
0x1284,0x22c4,0x3324,0x3304,0x2b03,0x3b84,0x32e2,0x4ba3,0x3b43,0x4364,0x7d43,0x8da4,0x95e4,0x95e4,0x8dc4,0x9da5,
0x9584,0x8d27,0x9d6d,0xb5b2,0xc631,0xbe2d,0xb5b2,0x9d10,0x7c2b,0xa552,0xad92,0xad92,0xadb2,0x9531,0x7cd0,0x742e,
0x63cc,0x538c,0x536b,0x5b8c,0x7c8f,0xa572,0x9d10,0x8caf,0x4308,0x1a25,0x0206,0x02a9,0x0309,0x0b4a,0x0b6b,0x0bab,
0x3c90,0x65b5,0x038b,0x0bad,0x032b,0x034b,0x032b,0x032c,0x038d,0x03ad,0x03ce,0x042f,0x040e,0x03ee,0x03ad,0x042f,
0x046f,0x0c90,0x0cb0,0x1d11,0x1510,0x14f0,0x1510,0x1d51,0x0d10,0x0cf1,0x0cb0,0x0cb0,0x0490,0x0470,0x044f,0x0450,
0x042f,0x044f,0x044f,0x0450,0x044f,0x044f,0x044f,0x0470,0x046f,0x0490,0x0490,0x0cb1,0x04b0,0x0cd1,0x04b0,0x04d1,
0x0cf1,0x1532,0x1572,0x25d4,0x25d4,0x4654,0x5ef4,0x56d4,0x3633,0x25d3,0x1573,0x1593,0x1573,0x1573,0x0d53,0x1573,
0x0d32,0x0d12,0x04f1,0x0cf2,0x04f1,0x0d32,0x1552,0x1d53,0x1532,0x0cf1,0x0490,0x0491,0x0470,0x0470,0x0430,0x0430,
0x040f,0x0430,0x040f,0x0430,0x040f,0x0430,0x042f,0x0430,0x0430,0x0450,0x0450,0x0450,0x0450,0x0470,0x0450,0x0450,
0x044f,0x0470,0x0490,0x0cb1,0x04f0,0x0d11,0x0d11,0x1553,0x1552,0x1d52,0x1d91,0x2dd2,0x3df2,0x35d3,0x25d3,0x2e14,
0x3e54,0x4e74,0x3dd1,0x2571,0x1551,0x1552,0x1d50,0x2530,0x14cf,0x14d1,0x0c90,0x14b0,0x1d31,0x1d11,0x044e,0x040f,
0x03ee,0x03ef,0x03ae,0x03ef,0x042e,0x148f,0x14af,0x148e,0x148d,0x146d,0x03ed,0x142f,0x0c0d,0x0c0e,0x03cd,0x140d,
0x0bed,0x0bad,0x0b8c,0x036c,0x036c,0x0bad,0x032b,0x034c,0x032b,0x032c,0x032c,0x034c,0x034c,0x138d,0x23ef,0x230b,
0x2ae7,0x3b26,0x3aa7,0x6c2c,0x5bea,0x644a,0x6cab,0x646b,0x648c,0x74f0,0x74ef,0x74cc,0x6c8d,0x6ca9,0x6cc7,0x7ccd,
0x4ba7,0x53e5,0x6cc5,0x6ce4,0x6484,0x4384,0x32c3,0x1a22,0x3b23,0x6d04,0x6d24,0x5ca3,0x6d42,0x6523,0x3ba3,0x3343,
0x2b24,0x2b04,0x2ae4,0x2ae4,0x3304,0x3324,0x3344,0x2ae4,0x2aa3,0x53e4,0x8545,0x8dc5,0x9e06,0x8da4,0x8da5,0x95c5,
0x95c6,0x7465,0x84aa,0x8cca,0x9d4a,0xa5c8,0xb5ec,0x8d29,0x8cec,0xa591,0xa571,0x9cef,0xad92,0x63ec,0x4b8c,0x642d,
0x5bac,0x4b2a,0x534b,0x538c,0x63cd,0x6bed,0x7c4e,0x6c0d,0x538a,0x32e8,0x01c7,0x0aca,0x0b2a,0x138c,0x240e,0x036a,
0x54b1,0xbf3c,0x13ad,0x036b,0x036c,0x032b,0x0b4c,0x032b,0x1490,0x03ee,0x040f,0x042f,0x0c2f,0x03ce,0x03ae,0x040f,
0x0cb0,0x0cb0,0x14f0,0x1d31,0x2572,0x1d50,0x1d51,0x1511,0x0cf0,0x0cd0,0x0cb1,0x0c90,0x0c90,0x046f,0x0c70,0x044f,
0x044f,0x044f,0x0470,0x044f,0x0450,0x044f,0x0470,0x0450,0x0470,0x0470,0x0cb1,0x0490,0x0cb0,0x04b0,0x0cb1,0x0cd1,
0x1532,0x1552,0x25d4,0x25d3,0x3634,0x56b4,0x6f14,0x4e72,0x4653,0x2e12,0x1db3,0x1593,0x1594,0x1573,0x1593,0x1573,
0x0d53,0x0d12,0x0d12,0x04f1,0x0d11,0x0511,0x1552,0x1d73,0x1d93,0x1532,0x0cf2,0x04b1,0x0491,0x0450,0x0450,0x042f,
0x0430,0x042f,0x0430,0x0430,0x0430,0x042f,0x0430,0x0430,0x0450,0x0430,0x0450,0x0450,0x0450,0x0430,0x0450,0x042f,
0x0450,0x044f,0x0470,0x0490,0x04d1,0x04d0,0x0d11,0x1d71,0x25b2,0x1d71,0x2db2,0x25b2,0x2db3,0x25b3,0x2dd4,0x2df4,
0x3614,0x25d2,0x2571,0x1551,0x1532,0x1512,0x0cf1,0x044f,0x042f,0x0450,0x0450,0x0c8f,0x2551,0x2d92,0x2552,0x1490,
0x0c50,0x044f,0x0c4f,0x1490,0x2d51,0x3591,0x24f0,0x03ed,0x0bee,0x0c2e,0x0c0e,0x0c0e,0x0c0e,0x03ed,0x03cd,0x038c,
0x0bcd,0x0bad,0x13ad,0x0bad,0x13cd,0x0bcd,0x0b6d,0x032c,0x030b,0x032b,0x0b4c,0x030b,0x0b2c,0x6dd7,0x33f0,0x01e5,
0x3b66,0x3b46,0x4308,0x7cce,0x9dd0,0x74cb,0x74ca,0x858e,0x8d8f,0x7ccf,0x7d2b,0x6d06,0x74cc,0x644a,0x6448,0x5be8,
0x4325,0x4364,0x4ba3,0x5c24,0x5c46,0x3b44,0x2ac4,0x2aa3,0x7d65,0x85e4,0x9646,0x8605,0x6503,0x64e3,0x7546,0x4c24,
0x1ac4,0x22e4,0x2b02,0x3324,0x3323,0x43a4,0x2b23,0x2ae3,0x22a3,0x2a82,0x53e4,0x6465,0x7d26,0x7d24,0x6463,0x95e7,
0x8544,0x7cc4,0x7485,0x8d26,0x8d25,0x9da5,0x9dc6,0x8508,0xa5b1,0xa572,0x94ef,0xbdf3,0x9510,0x4b6b,0x4bac,0x6c2e,
0x5bcd,0x4b4b,0x4b6b,0x5bcd,0x5bed,0x5bcd,0x538b,0x4b4a,0x4309,0x432a,0x01a4,0x0289,0x02e9,0x0b2a,0x13ac,0x032a,
0x33ee,0xdfdf,0x4d33,0x036b,0x146f,0x142f,0x030b,0x0bed,0x0cf0,0x042f,0x042f,0x042f,0x040e,0x040e,0x03cd,0x044e,
0x0c8f,0x0cb0,0x1510,0x2591,0x3df1,0x4652,0x2df2,0x1d31,0x0cd0,0x0cd1,0x0cb0,0x0cb0,0x046f,0x0470,0x044f,0x044f,
0x042f,0x044f,0x042f,0x042f,0x042f,0x044f,0x044f,0x0470,0x046f,0x0470,0x046f,0x0490,0x0490,0x0cb0,0x0cd0,0x1532,
0x1d92,0x25f3,0x25f2,0x3613,0x3653,0x3e72,0x3612,0x2dd2,0x2dd2,0x3633,0x2df2,0x2613,0x1dd3,0x1dd4,0x1db3,0x1594,
0x0d32,0x0d33,0x0512,0x0512,0x04f2,0x0d12,0x0d12,0x1573,0x1572,0x1d73,0x0cf1,0x04b1,0x0490,0x0470,0x0430,0x0450,
0x042f,0x0430,0x042f,0x0450,0x0430,0x0450,0x042f,0x0430,0x0430,0x0450,0x0450,0x0450,0x042f,0x0430,0x042f,0x0430,
0x0430,0x0450,0x0470,0x04b0,0x04b0,0x0cd1,0x1d72,0x3633,0x3612,0x2df2,0x25d2,0x25b2,0x1d72,0x1d73,0x1d72,0x2593,
0x1d72,0x2591,0x1d71,0x1d31,0x14f1,0x14f2,0x0cd1,0x0c90,0x0470,0x0c70,0x042f,0x042f,0x046f,0x14d0,0x14d0,0x0c8f,
0x0c6f,0x2530,0x2db0,0x2551,0x35b1,0x3db1,0x0c4e,0x040e,0x03ce,0x03ce,0x03ee,0x0c0f,0x03ce,0x0bcd,0x036c,0x0bcd,
0x140e,0x13ed,0x0bad,0x0bad,0x034b,0x034c,0x032c,0x034c,0x030b,0x1c10,0x0b6d,0x02ca,0x5575,0x4d14,0x01a6,0x1a66,
0x3b65,0x3b27,0x4329,0x748e,0x748e,0x538a,0x7d2d,0x856c,0x74ed,0x7ccf,0x6448,0x6485,0x7507,0x6cc6,0x64a6,0x53c6,
0x4324,0x4365,0x32e3,0x4b85,0x2282,0x1a22,0x1201,0x64c4,0x7544,0x4364,0x1a43,0x32e4,0x0982,0x11c2,0x3b24,0x2242,
0x22c5,0x22c3,0x4be4,0x3b63,0x4384,0x5464,0x3b43,0x4bc3,0x3b04,0x32e3,0x4363,0x4ba4,0x5403,0x7525,0x74c5,0x8d86,
0x9de6,0x8564,0x8564,0x8d84,0xa627,0x9de4,0x95a5,0x8d49,0x956d,0x7c8a,0x7c4b,0x9510,0x742e,0x4b4b,0x53ac,0x63ed,
0x63cd,0x53ac,0x5bcd,0x4b6b,0x5bad,0x63ed,0x63ed,0x32a8,0x4b2a,0x434a,0x09e5,0x02aa,0x02aa,0x02a9,0x0aeb,0x02ca,
0x0b8d,0x7678,0x9f1b,0x03ec,0x1c4f,0x1c2f,0x0bad,0x1d10,0x2592,0x0caf,0x0caf,0x0c8f,0x14d0,0x0c6f,0x0c6f,0x14ef,
0x2531,0x1d30,0x2df2,0x4e51,0x4e10,0x3dd0,0x35b1,0x14f0,0x0cd1,0x0cd1,0x0cd1,0x0cd0,0x0cb0,0x046f,0x0450,0x044f,
0x0450,0x044f,0x0450,0x042f,0x044f,0x042f,0x0470,0x046f,0x0490,0x0490,0x04b0,0x04b0,0x0cb1,0x0cb0,0x14f2,0x1532,
0x25b3,0x25b2,0x25b2,0x25d2,0x25b2,0x1d71,0x1d51,0x1532,0x1d73,0x2593,0x35f3,0x4e74,0x4eb4,0x3e74,0x3655,0x1dd4,
0x1d93,0x0d53,0x0d33,0x0512,0x0d13,0x0d12,0x0d12,0x0d12,0x1552,0x1572,0x1532,0x0491,0x0492,0x0470,0x0470,0x044f,
0x0450,0x0430,0x0450,0x0450,0x0c51,0x0450,0x0450,0x0450,0x0450,0x0450,0x0450,0x0450,0x0450,0x0430,0x0470,0x0450,
0x0471,0x0470,0x0491,0x04b0,0x0cd1,0x1531,0x2df2,0x2df2,0x2db2,0x25b2,0x25b3,0x1d72,0x1d52,0x1512,0x1531,0x1511,
0x1d31,0x1d71,0x25b2,0x1531,0x1511,0x14d1,0x14f1,0x0cd1,0x14d1,0x0c70,0x0450,0x044f,0x0470,0x046f,0x0c6f,0x046e,
0x14d0,0x2570,0x2d90,0x14cf,0x2530,0x1d0f,0x0c2e,0x040e,0x0bee,0x03ad,0x0bee,0x0c0f,0x140f,0x0bcd,0x13ad,0x1c4f,
0x1c4f,0x0bad,0x0b8d,0x032b,0x034c,0x034c,0x0b6d,0x034c,0x0b4d,0x0bae,0x2c31,0x136d,0x33f0,0x01c8,0x0166,0x2265,
0x4366,0x3b28,0x4b6b,0x3287,0x4309,0x432a,0x642d,0x74ce,0x8510,0x7cd0,0x7cad,0x5c0a,0x53e6,0x5423,0x5c25,0x4304,
0x5367,0x5368,0x63ca,0x640a,0x742c,0x7c4d,0x63c9,0x6427,0x2a24,0x11a3,0x0984,0x0142,0x1164,0x0903,0x0102,0x1163,
0x22a4,0x2aa4,0x3b64,0x43c6,0x3b84,0x5445,0x4383,0x6464,0x6ca4,0x6c65,0x6483,0x8de5,0x7525,0x7d45,0x6ca4,0x7ce5,
0x74e3,0x7d24,0x8565,0x8525,0x8544,0x8d85,0x74c5,0x5c04,0x5403,0x5c25,0x32c4,0x4b2a,0x432a,0x32a8,0x538c,0x63ee,
0x5bed,0x640e,0x53cd,0x5bad,0x432a,0x53ac,0x432a,0x3ae9,0x3aea,0x538b,0x2267,0x1acc,0x0249,0x026a,0x028a,0x0b0c,
0x034c,0x3d13,0x4d54,0x030b,0x02cb,0x02eb,0x030b,0x0c0e,0x040d,0x046e,0x046e,0x0c6f,0x148f,0x03ee,0x03ee,0x14af,
0x14ef,0x1d10,0x256f,0x35b0,0x3db0,0x45f1,0x2db1,0x1d30,0x0cd0,0x14f1,0x0cd0,0x14f1,0x0cb0,0x0490,0x044f,0x044f,
0x044e,0x046f,0x044f,0x0450,0x042f,0x044f,0x044f,0x0470,0x046f,0x04b0,0x04b0,0x0cb1,0x04b0,0x0cb0,0x0cb0,0x14f1,
0x0d31,0x1d72,0x1d91,0x1d92,0x0d31,0x1512,0x0d11,0x0d12,0x0d12,0x1533,0x1573,0x35f3,0x4e73,0x56b5,0x3634,0x25b4,
0x1573,0x1573,0x0d53,0x0d33,0x0512,0x0d12,0x04f1,0x04f2,0x04f1,0x1552,0x0d31,0x04d1,0x0491,0x0491,0x0470,0x0450,
0x0450,0x0470,0x0450,0x0470,0x044f,0x0450,0x0450,0x0470,0x044f,0x0450,0x0450,0x0450,0x0450,0x0450,0x0450,0x0470,
0x0450,0x0470,0x0470,0x0cd1,0x0d31,0x1551,0x0d11,0x1511,0x0cf0,0x1532,0x1532,0x1d52,0x1511,0x0cf1,0x0cd0,0x0cd1,
0x0cf0,0x1531,0x1d71,0x1531,0x0cf0,0x14f1,0x0cd1,0x0cb1,0x0c90,0x0470,0x044f,0x044f,0x046f,0x0470,0x046f,0x0cb0,
0x1511,0x1d30,0x0caf,0x0470,0x0cb0,0x0c6f,0x03ee,0x0c0e,0x03cd,0x03ad,0x038d,0x0bce,0x03ad,0x0b8d,0x034b,0x0bcd,
0x0bad,0x0bcd,0x13ce,0x0b8d,0x036c,0x0b8d,0x032c,0x032c,0x02eb,0x1c10,0x4db6,0x034d,0x0249,0x0167,0x0186,0x1a24,
0x2a85,0x4329,0x3ae9,0x3267,0x2aa7,0x432a,0x432a,0x4b4b,0x6c6d,0x7cce,0x7ccf,0x6c0d,0x3285,0x3ac5,0x63ea,0xa571,
0xb5d1,0xce73,0xd6f6,0xd6d6,0xce74,0xd6b5,0xd6d5,0xc654,0x9530,0x5b8a,0x3ae7,0x2204,0x0961,0x1a03,0x2ac4,0x2ae3,
0x2aa4,0x2263,0x2264,0x3305,0x5406,0x5404,0x4ba4,0x4343,0x6c65,0x74c4,0x8da6,0x8de5,0x7d25,0x7d65,0x8545,0x8565,
0x7ce4,0x74a4,0x6ca6,0x6ca6,0x8546,0x74e5,0x6466,0x3b04,0x3ae5,0x32a5,0x3287,0x53ad,0x4b6b,0x32a8,0x53ac,0x5bcd,
0x5bcd,0x5c0e,0x5bee,0x53ac,0x4b2a,0x4b8b,0x3287,0x3ae9,0x3aaa,0x4b6a,0x2a47,0x0186,0x024a,0x02aa,0x0acb,0x02cb,
0x028b,0x23f0,0x13cf,0x02ab,0x0aec,0x030c,0x032d,0x038d,0x03ad,0x044f,0x0cb1,0x03ee,0x03ce,0x038d,0x038d,0x03ce,
0x0c30,0x0c6f,0x0caf,0x0cce,0x2d90,0x4652,0x4632,0x2591,0x1d31,0x1510,0x1511,0x14f0,0x0cd0,0x0490,0x0c90,0x046f,
0x044f,0x044f,0x0470,0x044f,0x0450,0x044f,0x0c70,0x0470,0x0490,0x0490,0x0cb1,0x04b0,0x0cd0,0x0cb0,0x14f2,0x1531,
0x1d91,0x2e12,0x2df3,0x1551,0x1512,0x0cf1,0x0cf1,0x04d0,0x0cd1,0x0d12,0x1d54,0x1d93,0x2df3,0x3e33,0x35f4,0x1d93,
0x1593,0x1573,0x1594,0x1573,0x1553,0x0d32,0x0d33,0x0512,0x0d33,0x0d32,0x1552,0x0d11,0x0cd1,0x0491,0x0491,0x0470,
0x0491,0x0470,0x0471,0x0450,0x0450,0x0450,0x0470,0x0470,0x0470,0x0470,0x0c71,0x0470,0x0470,0x0450,0x0471,0x0450,
0x0470,0x0470,0x14f2,0x1532,0x1512,0x04b0,0x0cb1,0x0490,0x0cb0,0x0cf1,0x1512,0x0d11,0x1512,0x0cd1,0x0cd1,0x04b0,
0x0cd0,0x1510,0x2592,0x2572,0x14f1,0x0cd1,0x14d1,0x0cb0,0x0c91,0x0470,0x0c70,0x044f,0x044f,0x044f,0x0c70,0x0c70,
0x14d1,0x1510,0x14d0,0x044f,0x046f,0x03ee,0x03ae,0x0bee,0x0bee,0x03ad,0x038d,0x034c,0x034c,0x034c,0x13ad,0x036c,
0x0b8d,0x0b6c,0x0b6d,0x034c,0x0b8d,0x034c,0x030c,0x02ca,0x134c,0x8e9a,0x4dd7,0x0bf0,0x0a8b,0x0187,0x09a7,0x1a26,
0x2a87,0x32a8,0x3ac8,0x3268,0x2a88,0x32c8,0x3ae9,0x534c,0x7c8e,0x956c,0x956a,0x954b,0xb611,0xb610,0xbe70,0xcef4,
0xdf16,0xd6b4,0xd6b6,0xd6b6,0xd6b5,0xce72,0xbdf1,0xa5ae,0xc671,0x848e,0x5b89,0x53a9,0x4b68,0x32a6,0x2a85,0x2242,
0x2263,0x1a23,0x1a43,0x2264,0x32c2,0x53e4,0x4ba3,0x5c24,0x6464,0x5c04,0x74e4,0x8da5,0x8585,0x8585,0x9e47,0xa627,
0x8d64,0x8565,0x5423,0x53e5,0x5405,0x53c5,0x7d46,0x5c06,0x2a85,0x2a45,0x4b6b,0x5bee,0x434a,0x3ae9,0x434a,0x5bed,
0x53ac,0x63ee,0x5bcd,0x53ac,0x53ab,0x3ae8,0x2a66,0x3ae9,0x3288,0x3ae6,0x2a65,0x0165,0x0229,0x02cb,0x02aa,0x02ab,
0x026a,0x134e,0x0b2d,0x02ec,0x02ec,0x030c,0x034c,0x038d,0x03ce,0x0c6f,0x040e,0x03ad,0x038d,0x038d,0x036c,0x038e,
0x03ee,0x0c4f,0x044e,0x0c8f,0x14ef,0x2d91,0x2d90,0x2571,0x1d51,0x1d31,0x0cf0,0x14f1,0x0cd0,0x0cb0,0x048f,0x0c90,
0x0470,0x0470,0x044f,0x0450,0x044f,0x0470,0x044f,0x0470,0x0470,0x04b0,0x04b0,0x0cd1,0x0cd0,0x14f1,0x1531,0x1551,
0x25d1,0x3613,0x1d51,0x0cd0,0x0490,0x0cb1,0x04b0,0x04b0,0x04d1,0x1512,0x0d12,0x1552,0x1d72,0x25b3,0x25d3,0x25f4,
0x1db2,0x1db3,0x15b3,0x1db4,0x1573,0x0d53,0x0d32,0x0d33,0x0d33,0x1553,0x0d52,0x1572,0x0d31,0x04b1,0x0490,0x0491,
0x0450,0x0470,0x0470,0x0470,0x0450,0x0471,0x0470,0x0490,0x0490,0x0c91,0x0470,0x0470,0x044f,0x0450,0x044f,0x044f,
0x046f,0x1511,0x1d52,0x1d11,0x0470,0x0450,0x042f,0x0470,0x0490,0x0cd1,0x0cd1,0x0cf1,0x0cf1,0x0cf1,0x04b0,0x04b0,
0x048f,0x0cd0,0x1531,0x2552,0x14d0,0x0cb0,0x0c90,0x0cb0,0x0c90,0x0c70,0x044f,0x0c70,0x042f,0x042f,0x042e,0x044f,
0x046f,0x0cb0,0x14d0,0x0c90,0x042e,0x040e,0x03ad,0x0bce,0x040e,0x0c0f,0x038d,0x030b,0x030b,0x032c,0x0b6d,0x034c,
0x030b,0x0b2c,0x02ab,0x030c,0x0c30,0x24d3,0x13cf,0x2410,0x6596,0x9ebb,0x1c91,0x024a,0x01c8,0x0147,0x0164,0x19e4,
0x2a66,0x2a87,0x2227,0x2227,0x2a47,0x5bab,0x8d2e,0xa5ce,0xd6f2,0xb5ee,0x9549,0xc691,0xbe6f,0x95ca,0x8d8a,0x956c,
0x9d6d,0xce94,0xce55,0xd676,0xd6b4,0xd6b1,0xbe10,0x9daa,0xa628,0xbe31,0x7c4c,0x4b87,0x53e8,0x53a9,0x4329,0x2a67,
0x2b04,0x22a3,0x2ac4,0x2284,0x32c3,0x4ba4,0x4bc4,0x5404,0x74c5,0x7505,0x74e4,0x7d04,0x7d04,0x7ce4,0x95e6,0x9e26,
0x9dc5,0x8d86,0x5c26,0x3b43,0x32c3,0x4364,0x7505,0x8585,0x53a6,0x4327,0x642e,0x4bab,0x4b8b,0x4b4a,0x4b8b,0x640d,
0x5bee,0x53ac,0x5bed,0x53ac,0x2a47,0x19e5,0x32c7,0x3ac9,0x32a7,0x32c4,0x2a65,0x2b0b,0x0229,0x028a,0x02ab,0x02ab,
0x02ec,0x0b4d,0x0b4d,0x030c,0x032d,0x034d,0x0b8e,0x038d,0x0c0f,0x03ee,0x03ad,0x038d,0x038e,0x038d,0x038d,0x03ad,
0x03ef,0x042f,0x044f,0x044f,0x14d1,0x2572,0x2531,0x14cf,0x1d32,0x1d31,0x1d31,0x1511,0x1d12,0x0cd1,0x14d1,0x0cb0,
0x14b1,0x0c90,0x0c90,0x046f,0x0c70,0x044f,0x0c70,0x046f,0x0cb1,0x0cb1,0x0cb1,0x04b0,0x0cd1,0x0cd1,0x1531,0x2591,
0x3633,0x1d71,0x0cf0,0x0cb0,0x0cb1,0x0491,0x0cd1,0x0cd1,0x0cd2,0x0cb1,0x0cd1,0x0cf1,0x1532,0x1532,0x1d94,0x2e14,
0x3634,0x25d3,0x1db4,0x1573,0x1553,0x0d32,0x0d53,0x0d53,0x1574,0x1573,0x1573,0x1552,0x1d73,0x0d11,0x0cd1,0x0491,
0x0491,0x0470,0x0471,0x0470,0x0c91,0x0c91,0x0cb1,0x0cd1,0x0cd1,0x0470,0x0450,0x044f,0x0470,0x0450,0x0c90,0x0cd1,
0x2553,0x2592,0x1d31,0x0490,0x0c70,0x044f,0x0450,0x044f,0x0c90,0x0cb0,0x0cd1,0x0cd1,0x14f2,0x0cb1,0x0cb1,0x04b0,
0x0cb0,0x04b0,0x14f0,0x1510,0x14f1,0x0c90,0x0cb0,0x0cb0,0x0c90,0x044f,0x0c70,0x044f,0x044f,0x042f,0x042f,0x042f,
0x0c50,0x044f,0x14b0,0x0cb0,0x14b0,0x0c6f,0x03ce,0x038d,0x038d,0x03ce,0x13ce,0x030c,0x030c,0x02eb,0x030c,0x030b,
0x0b2c,0x02ab,0x134d,0x8e18,0xc7ff,0x5638,0x1431,0x0b8f,0x032d,0x0450,0x03ce,0x01e8,0x0a08,0x01a7,0x0986,0x0923,
0x2a07,0x3286,0x5366,0x5367,0x6409,0x852a,0x9de8,0x95c5,0x7cc7,0x950e,0x94ee,0x94ee,0x954b,0xb62c,0xc651,0xce71,
0xc64f,0xce72,0xdeb6,0xd695,0xdef5,0xb60e,0xa5ec,0xc6ad,0xc6ae,0x9d0d,0xadd1,0x5be7,0x4bc5,0x53e7,0x53ca,0x4b6a,
0x3be3,0x3363,0x2283,0x2283,0x2ac3,0x4364,0x4384,0x53e5,0x64a5,0x7505,0x6464,0x5bc3,0x74c4,0x7ce5,0x8565,0x9de6,
0x9e06,0x9e07,0x7d26,0x5c05,0x32e4,0x53e6,0x6c87,0x6465,0x5c25,0x4367,0x4baa,0x4348,0x4349,0x5bcd,0x53ac,0x53ac,
0x53cd,0x4b6b,0x5c0e,0x642e,0x1a05,0x2226,0x2a86,0x430a,0x3b08,0x2a65,0x11a4,0x332d,0x01e8,0x028a,0x02aa,0x02cb,
0x030c,0x032d,0x030c,0x034d,0x034c,0x036d,0x038d,0x03ce,0x03ad,0x038d,0x036d,0x03ae,0x036d,0x03ae,0x03ad,0x03ae,
0x03ee,0x0c2f,0x042e,0x0c4f,0x14d0,0x1d31,0x1d10,0x14b0,0x0c8f,0x14f0,0x1530,0x2571,0x1d51,0x1d31,0x14d0,0x14d0,
0x0cb0,0x0cb0,0x0c90,0x0c90,0x046f,0x0c90,0x0c90,0x0cb0,0x0490,0x04b0,0x0490,0x0490,0x04b1,0x0cd1,0x1531,0x3e33,
0x2dd1,0x0d10,0x0cb0,0x0cb1,0x0470,0x0491,0x0cb0,0x0c91,0x0450,0x0470,0x0450,0x0491,0x04b0,0x04d1,0x04f1,0x1d52,
0x2592,0x25b3,0x1552,0x1552,0x0d32,0x0d53,0x0d53,0x1574,0x1593,0x1593,0x0d53,0x0d53,0x0d52,0x1d93,0x0d32,0x0cd1,
0x0490,0x0491,0x0470,0x0470,0x0470,0x0cb1,0x0cd1,0x0cd1,0x04b0,0x0490,0x0450,0x0c91,0x0cb1,0x0cb1,0x0cd1,0x1d32,
0x1d52,0x1d12,0x0cb0,0x0470,0x044f,0x044f,0x042f,0x042f,0x042f,0x0470,0x0470,0x0490,0x0490,0x0cb0,0x04b0,0x0cb1,
0x04b0,0x0cd0,0x0cf0,0x1d31,0x0cd0,0x0cb0,0x0cb0,0x0c90,0x046f,0x044f,0x044f,0x044f,0x042e,0x042f,0x040f,0x042f,
0x042f,0x044f,0x044e,0x0c8f,0x14cf,0x1cf0,0x03ce,0x038e,0x036c,0x038d,0x034c,0x02eb,0x02eb,0x02ec,0x02eb,0x02ec,
0x02aa,0x23f0,0x8e9b,0xcf5d,0x7d75,0x02cc,0x028b,0x030c,0x02ec,0x2513,0x03ce,0x01e9,0x01a8,0x01a7,0x0125,0x2204,
0x53a7,0x6c68,0x8d27,0xb60e,0xbe6f,0x95a7,0x7ce5,0x6404,0x954d,0xe718,0xd6b5,0xce74,0xd654,0xe6b4,0xdeb4,0xe716,
0xc66f,0xb60d,0xbe0e,0xd673,0xad90,0x84cd,0x84ee,0xa58f,0x8ced,0x6c0c,0x742d,0x7ccc,0x5be6,0x4b85,0x4b67,0x4b49,
0x3382,0x1a82,0x2b03,0x3b44,0x2a64,0x32e2,0x53c5,0x53c5,0x6446,0x6465,0x6c86,0x6c64,0x84e6,0x74a6,0x7ce5,0x9e26,
0x8d86,0x8585,0x9606,0x8567,0x5be9,0x2224,0x32e7,0x4364,0x43a5,0x2ac3,0x32c5,0x32e6,0x4b6a,0x53ac,0x5bcd,0x53cc,
0x5bad,0x538c,0x5bcd,0x3ac9,0x2a67,0x19e3,0x3ac7,0x4b4a,0x4b6b,0x19e5,0x0945,0x1a6a,0x01e8,0x026a,0x02ab,0x02cb,
0x038d,0x034d,0x030c,0x032c,0x036d,0x03ad,0x0bce,0x03ad,0x0bae,0x03ad,0x03ae,0x038d,0x038d,0x03ad,0x03ae,0x0bee,
0x0c4f,0x03ee,0x0c2f,0x0c4f,0x1490,0x0c6f,0x14f1,0x0cb0,0x048f,0x046f,0x0cb0,0x14f0,0x1d31,0x1d51,0x2d92,0x1d11,
0x14d0,0x0cb0,0x14f1,0x0cd0,0x0cd1,0x0cb0,0x0cb1,0x0490,0x0490,0x048f,0x0490,0x04b0,0x0cd2,0x0cd1,0x2572,0x35d2,
0x1d31,0x0cb0,0x0cb1,0x0470,0x0470,0x0c91,0x0c91,0x0450,0x0450,0x0450,0x0450,0x0450,0x0471,0x0490,0x04d1,0x04d1,
0x0d12,0x1532,0x1553,0x1553,0x1d93,0x1db3,0x25d4,0x1dd4,0x2614,0x1dd3,0x1db4,0x0d73,0x1552,0x1d93,0x2db2,0x1d51,
0x1512,0x0d12,0x1512,0x0cd2,0x0cf2,0x0d11,0x1d72,0x1d72,0x1d72,0x1531,0x1512,0x0cf1,0x0cb1,0x0490,0x0cb1,0x0cb1,
0x14d1,0x0c90,0x0c70,0x044f,0x0450,0x042f,0x040f,0x040f,0x042f,0x042f,0x0470,0x0470,0x0470,0x0470,0x14d1,0x0cb0,
0x0cb0,0x0cd0,0x1d32,0x2572,0x1d11,0x0cb0,0x0cd1,0x0c90,0x0470,0x044f,0x0c50,0x042f,0x042f,0x040f,0x040f,0x040f,
0x040f,0x040e,0x0c6f,0x046f,0x14cf,0x1d11,0x0c2f,0x03ae,0x038d,0x038d,0x0b6d,0x02cb,0x02ec,0x02cb,0x02cc,0x028b,
0x2c31,0x55b7,0x23d0,0x02ec,0x028b,0x0b4d,0x2430,0x032c,0x02cb,0x036e,0x13d0,0x0a87,0x5c68,0x3325,0x53e7,0x8507,
0x9569,0x958b,0x950b,0x9509,0x9526,0x84c6,0x6c08,0x8ccd,0xce95,0xde75,0xd675,0xdeb5,0xe6f6,0xe6f6,0xe6f6,0xd694,
0xbe2f,0xb60b,0xb5eb,0xb5cd,0xbe12,0xbe34,0xad93,0xa550,0x84cf,0x642d,0x6c4f,0x63ec,0x84ad,0x5be8,0x4366,0x4387,
0x5464,0x1242,0x5443,0x64e5,0x3b62,0x7d84,0x8585,0x53a5,0x4ba4,0x5c05,0x5be5,0x53c4,0x74c5,0x74c6,0x6c85,0x74c6,
0x6c85,0x8567,0x5c63,0x4ba6,0x2aa5,0x2265,0x2a86,0x32e5,0x2ac4,0x2263,0x2283,0x3b28,0x53cd,0x5bcd,0x4b8b,0x432a,
0x4b8c,0x5bcd,0x2246,0x32a8,0x2a66,0x2225,0x3b07,0x3b07,0x3ac8,0x1185,0x0166,0x0a29,0x01a7,0x026a,0x02ab,0x02ec,
0x13ae,0x13ef,0x032c,0x038d,0x038d,0x0c2f,0x1c70,0x0bad,0x034c,0x036d,0x034c,0x034c,0x038d,0x03ce,0x038d,0x0bee,
0x0bee,0x038d,0x03ad,0x03ee,0x040f,0x0c4f,0x0c90,0x14d0,0x044f,0x044f,0x044f,0x046f,0x0c8f,0x1d10,0x2db1,0x2591,
0x1510,0x14f1,0x0cf0,0x0cd1,0x04b0,0x0cb0,0x0490,0x0490,0x048f,0x04b0,0x04b0,0x0cd1,0x0cd0,0x0cf1,0x1d51,0x1d51,
0x0c90,0x0490,0x046f,0x0470,0x0490,0x0c91,0x042f,0x042f,0x042f,0x0430,0x0430,0x0430,0x0430,0x0471,0x0470,0x0491,
0x0471,0x04b1,0x04d1,0x1512,0x1d93,0x3634,0x3634,0x3634,0x2e14,0x2e35,0x25f4,0x1db4,0x1572,0x1d93,0x35f2,0x3613,
0x1d72,0x1552,0x1551,0x1d52,0x1552,0x25b2,0x2dd1,0x2df2,0x2592,0x1d31,0x0cb0,0x046f,0x044f,0x0450,0x046f,0x0470,
0x0470,0x0470,0x044f,0x0450,0x042f,0x042f,0x040e,0x040f,0x040f,0x042f,0x042f,0x044f,0x044f,0x0470,0x0c90,0x0cd1,
0x04b0,0x0cb0,0x14f0,0x2552,0x1511,0x0cb0,0x0cb0,0x0c90,0x044f,0x044f,0x042f,0x042f,0x040f,0x042f,0x040e,0x040f,
0x03ee,0x040f,0x042e,0x044f,0x14cf,0x2d93,0x0c6f,0x040f,0x03ce,0x038d,0x032c,0x030c,0x02ec,0x02ec,0x02cb,0x136e,
0x2c51,0x02cc,0x02cb,0x02ec,0x1bce,0x6e37,0x2c70,0x030c,0x02cc,0x02a9,0x6d8c,0xa607,0x9584,0x9de7,0xb669,0xadea,
0x9d69,0x9de9,0x8d48,0x9546,0x8d28,0x6bea,0x9d4f,0xdef7,0xd6b6,0xce14,0xd695,0xded5,0xded5,0xe6d6,0xdeb5,0xd694,
0xd693,0xce70,0xb60c,0xa5ad,0xadb0,0xce75,0xc634,0xc613,0x8c6c,0x8ccf,0x6c2d,0x6c2d,0x7c6d,0x748c,0x2ae3,0x43a5,
0x6523,0x4403,0x6d04,0x7d83,0x7da4,0x8e24,0x7504,0x5404,0x5c25,0x4b84,0x3ae5,0x4b65,0x74e5,0x6484,0x6ca6,0x74e7,
0x74e6,0x5405,0x53c6,0x4365,0x3325,0x2aa5,0x2a87,0x2265,0x32c8,0x2a87,0x2aa5,0x3305,0x4348,0x53aa,0x538b,0x3b09,
0x42ea,0x2227,0x2206,0x32c8,0x3287,0x32a6,0x3ae6,0x2a85,0x2225,0x0923,0x0987,0x01e8,0x01c8,0x028a,0x0aec,0x02aa,
0x75b7,0x2c50,0x032c,0x038d,0x038d,0x03cd,0x03ce,0x038d,0x0bad,0x03ad,0x0bad,0x038c,0x03ad,0x0bef,0x1c50,0x038d,
0x038d,0x03ad,0x0bee,0x0c0e,0x0c2e,0x03ed,0x0c6f,0x0c8f,0x0c4f,0x042f,0x0450,0x046f,0x0c90,0x0caf,0x1d10,0x1d31,
0x1d51,0x1511,0x0cd1,0x04af,0x0cb0,0x0cb0,0x0cd1,0x0cb0,0x0cb1,0x04b0,0x0cf1,0x1511,0x2552,0x2572,0x1d72,0x0cd0,
0x0470,0x0470,0x0490,0x04b0,0x0cb1,0x0470,0x0430,0x040f,0x0430,0x0410,0x0430,0x0410,0x0430,0x0430,0x0451,0x0450,
0x0451,0x0470,0x0cb1,0x0cd2,0x1d33,0x2592,0x2dd3,0x2df3,0x3614,0x2e14,0x2e35,0x2615,0x25f5,0x25b3,0x3e34,0x3612,
0x25b2,0x2592,0x4e54,0x4e94,0x2df3,0x1d71,0x2592,0x1d51,0x14f1,0x0c90,0x0470,0x044f,0x0470,0x0470,0x0470,0x0470,
0x0c91,0x0470,0x0c70,0x0450,0x0470,0x044f,0x042f,0x042f,0x0430,0x042f,0x0430,0x042f,0x044f,0x044f,0x0470,0x0490,
0x0cb1,0x0c90,0x0cb0,0x14d0,0x1d11,0x0cd0,0x0cb1,0x0490,0x0470,0x042f,0x042f,0x040f,0x042f,0x040f,0x040f,0x03ee,
0x03ef,0x040f,0x042f,0x046f,0x14d0,0x14d0,0x0c90,0x0450,0x0c50,0x03ee,0x038d,0x034c,0x032d,0x030c,0x0b4d,0x030d,
0x02ac,0x02ec,0x030d,0x02cb,0x2c70,0x1bef,0x032d,0x0b4c,0x12e9,0x3346,0x74c4,0x8d65,0x8d67,0xa629,0x9566,0x8d27,
0x8d27,0x9da8,0xa5ec,0x9d8c,0x848b,0xc635,0xef37,0xd674,0xd675,0xd655,0xd675,0xd674,0xde95,0xce33,0xd674,0xd674,
0xdeb5,0xbdd1,0xc632,0x9daf,0x9570,0xadb2,0xbdb3,0xbdd2,0xb571,0xce33,0xbdb2,0x84cf,0x84ef,0x6c4d,0x4b68,0x2ae3,
0x4422,0x3bc2,0x5c82,0x7543,0x64c3,0x85e4,0x9643,0x9e86,0x7d84,0x8de7,0x53c4,0x4364,0x6485,0x4b85,0x4384,0x6ca7,
0x7d49,0x3ae5,0x32e6,0x3b66,0x2b24,0x2ac4,0x2266,0x2aa5,0x3b28,0x32c8,0x2246,0x32c4,0x3303,0x4ba6,0x3b06,0x32a7,
0x3b09,0x2206,0x2a47,0x3288,0x2a46,0x32c7,0x2a65,0x2245,0x1182,0x0103,0x09a7,0x01c8,0x01c7,0x02aa,0x0249,0x2baf,
0xaefc,0x030b,0x02eb,0x034d,0x032c,0x036c,0x03ad,0x03ce,0x03cd,0x0c0e,0x03ed,0x0bee,0x03ad,0x0c2f,0x24d2,0x0c0f,
0x03ee,0x0bee,0x0bee,0x144f,0x1c8e,0x144d,0x148e,0x148f,0x040d,0x0c2f,0x042f,0x044f,0x046f,0x0c90,0x0490,0x1511,
0x1d51,0x1d51,0x0cd0,0x0cb0,0x0490,0x0cd1,0x0cf0,0x14f1,0x0cf1,0x0cd1,0x1511,0x35f3,0x3e33,0x2dd3,0x1511,0x0490,
0x044f,0x0470,0x04b0,0x0cb1,0x0470,0x0450,0x040f,0x040f,0x040f,0x0410,0x03ef,0x0410,0x040f,0x0410,0x040f,0x0430,
0x040f,0x0450,0x0470,0x0cb2,0x0cd1,0x0cf2,0x0d12,0x1d73,0x25b3,0x2dd3,0x2df3,0x2e35,0x2e55,0x4696,0x4e95,0x4e53,
0x4e53,0x4e33,0x45d2,0x3dd3,0x1511,0x14f2,0x0cd1,0x0cd1,0x0490,0x0470,0x0450,0x0450,0x042f,0x0450,0x042f,0x0450,
0x042f,0x0450,0x0430,0x0430,0x042f,0x0450,0x042f,0x0430,0x040f,0x042f,0x040f,0x042f,0x042f,0x042f,0x042f,0x044f,
0x046f,0x046f,0x046f,0x0caf,0x1510,0x1511,0x0cb0,0x0c90,0x044f,0x044f,0x042e,0x042f,0x040f,0x042f,0x040e,0x040f,
0x03ee,0x042f,0x044f,0x0c70,0x042e,0x0c6f,0x046e,0x0c70,0x042f,0x040f,0x03ce,0x038e,0x034d,0x034d,0x030c,0x02ec,
0x02ec,0x02ec,0x02ec,0x032c,0x02eb,0x02ec,0x032a,0x5cc9,0x7506,0x74e7,0x7ce5,0x9587,0x9587,0x95a8,0x7ce7,0x8ce7,
0x9da6,0xa606,0xb66c,0xadf0,0xb613,0xe757,0xded6,0xe717,0xdeb5,0xce54,0xd675,0xdeb6,0xd674,0xd693,0xce33,0xde94,
0xbdb1,0xc614,0xdeb7,0xb5f3,0x9d90,0x94ee,0xa530,0xb5b2,0xb5f2,0xa570,0x848e,0x7c8f,0x748f,0x6c6f,0x640d,0x32c7,
0x4c24,0x3322,0x4383,0x5423,0x64e3,0x85e2,0x7564,0x32e2,0x2223,0x3b04,0x2a44,0x32e4,0x53c6,0x3b05,0x4346,0x4365,
0x4ba7,0x32e5,0x2ac5,0x3b86,0x43c6,0x3b65,0x2a86,0x3b65,0x4366,0x32e8,0x32a7,0x4384,0x4366,0x3b28,0x3ae7,0x3b08,
0x4328,0x2225,0x2a68,0x2205,0x32a8,0x32c7,0x2a45,0x19e5,0x0902,0x0124,0x09e6,0x09c5,0x1a67,0x338b,0x4c0e,0x74f1,
0x9572,0x4c2b,0x234b,0x02ea,0x034d,0x034c,0x038e,0x03ad,0x0bcd,0x03ed,0x0bee,0x03cd,0x0bee,0x03cd,0x03cd,0x1470,
0x142f,0x03cd,0x140f,0x0c0e,0x1c8f,0x2d10,0x2d31,0x148e,0x1caf,0x0c4f,0x044f,0x046f,0x0c70,0x0470,0x04b0,0x1510,
0x2dd2,0x3612,0x25b2,0x0cf0,0x14d1,0x1511,0x1d52,0x1d31,0x1512,0x1531,0x2592,0x35f2,0x2dd2,0x1d52,0x14f1,0x046f,
0x0470,0x0490,0x0cd1,0x0490,0x0450,0x040f,0x0410,0x03ef,0x0410,0x040f,0x0410,0x040f,0x0410,0x040f,0x0430,0x040f,
0x0430,0x0430,0x0471,0x0470,0x0491,0x04b1,0x0cf2,0x0cf2,0x1532,0x2572,0x35f3,0x3634,0x4eb5,0x5f36,0x5f35,0x66f4,
0x5eb4,0x35d2,0x1d32,0x0cf1,0x0cf1,0x04d1,0x04b1,0x0470,0x0470,0x0450,0x0450,0x042f,0x042f,0x040f,0x0430,0x040f,
0x0430,0x042f,0x0430,0x040f,0x0430,0x042f,0x0c70,0x044f,0x042f,0x040f,0x040f,0x040f,0x0c2f,0x042f,0x042f,0x042f,
0x0c70,0x0490,0x0c90,0x0cd0,0x2572,0x1d31,0x14d0,0x0cb0,0x0cb0,0x046f,0x044f,0x042f,0x042f,0x042f,0x042f,0x042f,
0x042f,0x040f,0x042f,0x040e,0x042f,0x0c8f,0x1490,0x0c50,0x042f,0x03ce,0x03ee,0x038e,0x036e,0x034d,0x034e,0x030d,
0x030d,0x02ec,0x030d,0x030d,0x02cb,0x1b27,0x4c46,0x6cc3,0x74a4,0x6406,0x63e6,0x6c47,0x6407,0x74a8,0x8d0a,0x9da7,
0xb685,0xb666,0xae26,0x9dc6,0xa5c9,0xadeb,0xb5ec,0xceaf,0xb5ed,0xded5,0xe6d6,0xde95,0xded7,0xbdf0,0xce92,0xadae,
0xad6f,0xce75,0xd695,0xded5,0xad90,0x84e9,0xa56d,0x94ee,0x8caf,0x7c8f,0x7c8f,0x744e,0x6c6f,0x6c4f,0x6c4f,0x640d,
0x4c22,0x4c43,0x4c03,0x4c02,0x7dc4,0x85c4,0x7565,0x2ac3,0x0984,0x19e5,0x1a03,0x2aa4,0x4386,0x32e4,0x2ac5,0x2aa4,
0x32c5,0x32a5,0x3b45,0x5447,0x5447,0x2aa5,0x1a24,0x2ac3,0x2ae3,0x3305,0x2264,0x2aa4,0x32c7,0x3b0a,0x32e7,0x2ac4,
0x2aa4,0x2a65,0x2244,0x2225,0x2a46,0x2a26,0x19e4,0x4324,0x5c44,0x4bc6,0x32c6,0x4b69,0x746d,0x8510,0x9592,0x95b2,
0x7c89,0x7cc9,0x95d1,0x64cf,0x234b,0x02cb,0x030b,0x038d,0x03cd,0x0bee,0x03ed,0x0c0e,0x0bed,0x0bed,0x03cd,0x03ad,
0x1c90,0x24d2,0x0bee,0x0c2e,0x144e,0x2cf0,0x24ef,0x1caf,0x1caf,0x146f,0x040e,0x0c6f,0x046f,0x0490,0x04af,0x1510,
0x1d71,0x2dd1,0x2df2,0x2dd3,0x1d71,0x1d71,0x1d51,0x2572,0x2572,0x1d51,0x1530,0x14f1,0x0cd0,0x14f1,0x0cd0,0x0490,
0x0470,0x0cb1,0x0490,0x0470,0x042f,0x040f,0x03ee,0x03ef,0x03ef,0x03f0,0x03ef,0x03ef,0x03ef,0x040f,0x03ef,0x040f,
0x03ef,0x0410,0x040f,0x0450,0x042f,0x0470,0x0490,0x0cb1,0x0cd1,0x1532,0x1d92,0x3e53,0x6714,0x7f76,0x8fb7,0x7737,
0x35f3,0x1d73,0x0d12,0x0cf2,0x04d1,0x04b0,0x046f,0x0450,0x040f,0x0410,0x03ef,0x03ef,0x03ef,0x03ef,0x03ef,0x03ef,
0x03ef,0x040f,0x03ef,0x03ef,0x03ef,0x042f,0x042f,0x0450,0x042f,0x042f,0x040f,0x040f,0x040f,0x042f,0x040e,0x042f,
0x044f,0x0cb0,0x0cb0,0x14f0,0x1d30,0x1d10,0x0ccf,0x0cd0,0x0cb0,0x0c90,0x044f,0x044f,0x042f,0x042f,0x040e,0x042f,
0x040e,0x040f,0x03ee,0x040e,0x040f,0x0c90,0x0c8f,0x0c50,0x03ae,0x03ce,0x03ce,0x03ae,0x038e,0x036e,0x034d,0x032d,
0x030c,0x030d,0x02ed,0x0b29,0x4408,0x8489,0x8c88,0x8cea,0x8cec,0xb5b1,0xadb1,0xad91,0x740a,0x7ca7,0x8d68,0xae29,
0xbe88,0xb648,0xae47,0xa606,0x9da6,0xa5c8,0xc6a7,0xb626,0x84a5,0xbdd0,0xd674,0xd654,0xbe0f,0x84e6,0x6c45,0x8d47,
0x9d6a,0xd6b6,0xc654,0xad71,0x6bea,0x958b,0x7caa,0x5ba9,0x6c2b,0x744d,0x746e,0x746f,0x6c2e,0x640d,0x640d,0x6c4f,
0x3b82,0x5443,0x8604,0x6d42,0x6d05,0x85e5,0x8e24,0x7585,0x2243,0x1a06,0x2265,0x1a44,0x2aa6,0x2265,0x2265,0x2264,
0x2aa5,0x2ac5,0x3b65,0x43c4,0x4345,0x1a24,0x1a04,0x1a23,0x2243,0x32c4,0x1a23,0x2246,0x3aea,0x32c7,0x32c5,0x2a84,
0x3b08,0x3ae7,0x32e4,0x19e3,0x19c5,0x1984,0x42c7,0x850a,0x8d4b,0x7ccd,0x7cae,0x748d,0x74cf,0x74cf,0x8531,0x8d52,
0x7ceb,0x6446,0x9d90,0xae12,0xa5d1,0x7cce,0x6ccf,0x3c2e,0x0b8d,0x03ed,0x0c0e,0x0c0e,0x140d,0x140d,0x13ee,0x0bad,
0x0bce,0x144f,0x0c0e,0x0c2e,0x144e,0x1c8e,0x2cf0,0x1cae,0x1c8f,0x1c8f,0x1470,0x044f,0x0490,0x0490,0x04d0,0x1531,
0x2591,0x1d30,0x1d51,0x35f2,0x3e54,0x2df3,0x2dd2,0x3e12,0x4653,0x2591,0x0d11,0x04d0,0x0cd0,0x1510,0x1511,0x0490,
0x0cb1,0x0490,0x0470,0x042f,0x0430,0x03ef,0x03ef,0x03ef,0x03f0,0x03ef,0x03ef,0x03ef,0x03ef,0x03ef,0x03ef,0x03ef,
0x040f,0x03ef,0x040f,0x040f,0x0430,0x0450,0x0471,0x0471,0x0cb2,0x0d12,0x25d3,0x46b4,0x8796,0xafb8,0xa7fa,0x56b7,
0x2594,0x0d32,0x0cf1,0x04d1,0x0cb1,0x0470,0x0471,0x0430,0x0410,0x03ef,0x0410,0x03ef,0x03f0,0x03cf,0x03ef,0x03ce,
0x03ef,0x03cf,0x03ef,0x03ef,0x040f,0x040f,0x042f,0x042f,0x0450,0x042f,0x0430,0x040f,0x0c2f,0x042f,0x044f,0x042f,
0x0c70,0x0c90,0x14b1,0x0cb0,0x14cf,0x1510,0x1d31,0x14f0,0x14d1,0x0c90,0x0490,0x044f,0x0450,0x042f,0x042f,0x040e,
0x040f,0x03ee,0x040f,0x040e,0x040f,0x044f,0x14b0,0x03ce,0x24b2,0x1430,0x03ae,0x03cf,0x03cf,0x036e,0x034e,0x032c,
0x032d,0x02ec,0x132a,0x7d0d,0xc652,0xbdf2,0xce34,0xb591,0xbdb2,0xbdf3,0xce54,0xceb3,0xae0d,0x8d68,0x9dc8,0xbe8a,
0xceee,0xc6ce,0xb647,0x9dc5,0x7ca4,0x8d05,0xb628,0xadac,0x8489,0xbe10,0xe6f6,0xce53,0x9ce9,0x8d04,0x9567,0x9dc7,
0x84a8,0xa58e,0xa58e,0xa56f,0xad71,0x9d2f,0x7c6c,0x6beb,0x7c8c,0x746d,0x746e,0x744d,0x6c0d,0x4307,0x538a,0x6c4e,
0x0982,0x0161,0x54a4,0x75a5,0x1241,0x3b63,0x5c83,0x7585,0x3b64,0x2246,0x2265,0x2246,0x1a25,0x1a25,0x1a24,0x2285,
0x22a4,0x2aa5,0x2284,0x43a4,0x2ae5,0x2246,0x1203,0x1a23,0x2285,0x3b45,0x2aa4,0x32a8,0x2a86,0x2266,0x2245,0x2aa7,
0x3309,0x32e6,0x3b44,0x19e3,0x11a2,0x42e8,0x748e,0x7c6d,0x7caf,0x8d30,0x8d6f,0x6c8d,0x642c,0x74ae,0x6c8e,0x7ccf,
0x854e,0x854c,0x8d6d,0x958d,0x9dd0,0xbe33,0xadf1,0xae12,0x8d90,0x2c2d,0x03ae,0x140e,0x0bec,0x140d,0x1c2e,0x13ee,
0x03cc,0x0c0e,0x0c0e,0x144e,0x146e,0x24cf,0x24ef,0x24cf,0x1c8e,0x1c8f,0x144e,0x03ee,0x040e,0x04b0,0x0d11,0x1551,
0x1530,0x0cf0,0x1d30,0x35f2,0x3632,0x3633,0x3e53,0x5673,0x3e31,0x25b1,0x1551,0x1d31,0x14f0,0x1d72,0x1551,0x0cd0,
0x04b0,0x0490,0x044f,0x044f,0x040f,0x040f,0x03ef,0x040f,0x03ef,0x03ef,0x03ef,0x03ef,0x03ee,0x03ef,0x03ce,0x03ef,
0x03ef,0x03ef,0x03ef,0x03ef,0x040f,0x0430,0x0450,0x0491,0x04b0,0x1532,0x25f3,0x56d5,0x8f55,0xbff9,0x8f78,0x3636,
0x0d53,0x0cf1,0x04b0,0x0c91,0x0450,0x0450,0x0430,0x0430,0x03ef,0x03ef,0x03ef,0x03ef,0x03cf,0x03ef,0x03ce,0x03ef,
0x03ce,0x03cf,0x03ce,0x03ef,0x03ee,0x040f,0x03ee,0x040f,0x040e,0x042f,0x040f,0x042f,0x040e,0x042f,0x044f,0x0c70,
0x046f,0x0c70,0x0470,0x0c8f,0x0ccf,0x2551,0x2571,0x2552,0x0cf0,0x0cb0,0x048f,0x0470,0x042f,0x042f,0x040e,0x040f,
0x03ee,0x03ee,0x03ee,0x03ee,0x03ee,0x0c4f,0x048f,0x3554,0x871c,0x1c10,0x038e,0x03cf,0x03ae,0x038e,0x036d,0x034d,
0x030c,0x236a,0x852e,0xce74,0xc5f3,0xc674,0x9550,0x7c8f,0x850e,0x952e,0xb612,0x84a9,0x7cc5,0x8d46,0x8d66,0x9566,
0xa606,0xae47,0xa624,0x9dc8,0x952c,0x9509,0xa58c,0xdef6,0xe716,0xdef5,0xce52,0xd653,0xc632,0xadae,0x9529,0x7c48,
0xa5af,0xadcd,0x8d29,0x952b,0x8ccd,0x950f,0x8d0c,0x848e,0x8cf0,0x84af,0x7c6d,0x744d,0x5beb,0x4b87,0x4347,0x5bcb,
0x0982,0x0143,0x11e3,0x22a2,0x11e4,0x1224,0x1a64,0x2ae4,0x3b46,0x2265,0x1a24,0x2245,0x2246,0x1a05,0x1a04,0x2285,
0x32e6,0x2ac6,0x3b07,0x4386,0x32e8,0x2266,0x2265,0x2244,0x32c8,0x32c6,0x32c6,0x2a86,0x2265,0x2246,0x2a87,0x32c7,
0x2aa7,0x2244,0x32a4,0x2244,0x3ac8,0x53ab,0x7c8d,0x63e9,0x640a,0x74ae,0x9591,0x7d0f,0x74af,0x748f,0x748f,0x748f,
0x84f0,0x852e,0x8528,0x9dec,0xb653,0xb634,0xbe55,0xae31,0xbe90,0xa5af,0x342d,0x0bed,0x13ee,0x03cc,0x0bed,0x0bed,
0x0bec,0x1c6e,0x24af,0x1caf,0x24af,0x24cf,0x3530,0x3550,0x3530,0x1caf,0x24af,0x0bed,0x03ad,0x0c8f,0x2592,0x2df3,
0x1d71,0x1d51,0x25b2,0x25b1,0x35f1,0x4672,0x5eb4,0x4612,0x1d50,0x0d10,0x1511,0x1510,0x1d11,0x1d31,0x1d32,0x14f1,
0x0cd1,0x0cb0,0x0cb0,0x046f,0x044f,0x040f,0x040f,0x03ef,0x03ef,0x03ef,0x03ef,0x03ce,0x03ef,0x03ce,0x03ef,0x03ef,
0x03ef,0x03cf,0x03ef,0x03ef,0x0410,0x042f,0x0471,0x0491,0x0cd1,0x0d12,0x25d4,0x3634,0x6694,0x96f4,0x6ed6,0x1594,
0x0d12,0x04d1,0x0cb1,0x0470,0x0471,0x0430,0x0430,0x040f,0x040f,0x03ef,0x03f0,0x03ef,0x03ef,0x03cf,0x03ef,0x03cf,
0x03ef,0x03ce,0x03ef,0x03ef,0x040f,0x040f,0x040f,0x040f,0x040f,0x040f,0x042f,0x040f,0x042f,0x044f,0x0c70,0x046f,
0x0470,0x044f,0x0c50,0x046f,0x1cf0,0x2551,0x2572,0x1d31,0x1d11,0x0cf0,0x14d0,0x0c90,0x0470,0x042f,0x040f,0x03ee,
0x03ee,0x03ee,0x0c0f,0x03ee,0x040f,0x044f,0x14d1,0x2d34,0x1451,0x03ef,0x0410,0x040f,0x040f,0x03ef,0x03ef,0x03af,
0x1b6c,0x4388,0xad91,0xce73,0xbdd2,0x9d2f,0x9510,0xa5b3,0xadb2,0xa571,0x8cec,0x84e6,0x8da6,0x8d84,0x7cc5,0x6c24,
0xa608,0xa647,0x8d26,0xb610,0xe758,0xe737,0xef58,0xded5,0xd694,0xce53,0xd653,0xc5f1,0xc5f2,0xd694,0xce73,0xa56e,
0xa58d,0x950b,0x8cec,0x94ee,0x94ef,0x8cee,0x8ced,0x746b,0x7c6c,0x748b,0x6c49,0x6c4a,0x5c0a,0x4347,0x4b68,0x4326,
0x09a1,0x19e3,0x11a3,0x0982,0x1223,0x22c4,0x22e4,0x2b44,0x6505,0x6d05,0x2ac4,0x1a25,0x1a05,0x1a05,0x1a44,0x2ac6,
0x2ac6,0x2286,0x2ac5,0x3b26,0x2a88,0x2aa6,0x2285,0x2a86,0x2aa7,0x32a7,0x2aa4,0x2a84,0x2286,0x2a87,0x2245,0x2aa6,
0x19e6,0x0102,0x11a3,0x3ac9,0x32a7,0x5bac,0x7cad,0x7c8a,0x748a,0x6c6c,0x6c6c,0x850f,0x6c4c,0x640c,0x74ce,0x8531,
0x8511,0x7caf,0x7d09,0xa62c,0xbeb3,0xb653,0x9d71,0x9daf,0x858b,0x7ce9,0x854d,0x23aa,0x0b8c,0x0bce,0x03cd,0x0bed,
0x0bed,0x144e,0x1cae,0x24ef,0x3db3,0x2cf1,0x2d0f,0x3d91,0x3571,0x2d10,0x24ef,0x3d90,0x24ee,0x0c6f,0x2db2,0x2dd1,
0x152f,0x1530,0x0cef,0x150f,0x2590,0x5672,0x5e92,0x2db1,0x0cf0,0x0cf1,0x04d0,0x0cb0,0x0c70,0x044f,0x044e,0x0c90,
0x0cb0,0x14f1,0x0cd0,0x0cb0,0x044f,0x042f,0x040f,0x040f,0x03ef,0x03ef,0x03ce,0x03cf,0x03ce,0x03cf,0x03ce,0x03ef,
0x03ce,0x03cf,0x03ce,0x03ef,0x03ef,0x0430,0x0430,0x0471,0x04b0,0x04f2,0x0d11,0x1532,0x2db2,0x5e53,0x4634,0x0d33,
0x0490,0x04b1,0x0470,0x0450,0x0430,0x0431,0x040f,0x040f,0x03ef,0x040f,0x03ef,0x03ef,0x03ef,0x03ef,0x03ce,0x03ef,
0x03ce,0x03ef,0x03ce,0x03ef,0x03ee,0x040f,0x040e,0x040f,0x040f,0x040f,0x040e,0x040f,0x040f,0x044f,0x044f,0x046f,
0x044f,0x0c90,0x0c90,0x14d0,0x0cd0,0x14d0,0x0ccf,0x0caf,0x0caf,0x14f0,0x1d31,0x1d32,0x042f,0x042f,0x044f,0x042f,
0x03ee,0x03ee,0x03ee,0x040f,0x040e,0x0491,0x0430,0x034d,0x038e,0x0430,0x040f,0x042f,0x044f,0x0c6f,0x044f,0x13ed,
0x4369,0x4308,0x7cac,0x9d6d,0x8ced,0x7c6d,0x84ac,0xa570,0x9d50,0x84ab,0x5ba5,0x5bc4,0x6423,0x6405,0x53c5,0x7485,
0x7485,0x8525,0x9d6a,0xad70,0xd6b4,0xd675,0xc612,0xd673,0xce52,0xd673,0xce33,0xd633,0xce54,0xde95,0xc613,0xb5b0,
0x8449,0x848b,0x8cce,0x94f0,0x94ef,0x9d10,0x9531,0x8d0e,0x6c09,0x6428,0x53c5,0x53e6,0x5425,0x53a7,0x4368,0x4327,
0x1203,0x1202,0x1a03,0x1a63,0x1a83,0x22c4,0x2305,0x2b64,0x4424,0x75a5,0x6d06,0x1a63,0x1a05,0x11e4,0x2285,0x22a5,
0x2285,0x2265,0x32e6,0x2ac5,0x2a87,0x2285,0x32e7,0x2aa7,0x32a8,0x2aa6,0x2aa5,0x2a86,0x2a87,0x2266,0x2225,0x2266,
0x0964,0x0963,0x3aa9,0x4b2a,0x5387,0x748a,0x9570,0x850d,0x7cca,0x6449,0x642b,0x640b,0x5bea,0x6c6c,0x7ccf,0x8d30,
0x9572,0x9591,0x9db0,0x8509,0x9dad,0x9db1,0x9d91,0x9d71,0x954f,0x6cc7,0x7d08,0x53c8,0x132a,0x03ee,0x0bef,0x0c0e,
0x142f,0x0c0e,0x1c6e,0x24cf,0x3511,0x4df4,0x3551,0x3570,0x4591,0x3570,0x4590,0x666f,0x5e0f,0x24d0,0x1cd0,0x0c6f,
0x0c90,0x048f,0x0cd1,0x1511,0x2572,0x4612,0x4e32,0x1d50,0x1511,0x0cf0,0x0cd1,0x0c90,0x0c30,0x03ee,0x042f,0x044f,
0x0c90,0x0cd0,0x1511,0x0cf1,0x0cb1,0x044f,0x0430,0x040f,0x0410,0x03ef,0x03ef,0x03cf,0x03ef,0x03ce,0x03ef,0x03ce,
0x03ef,0x03ce,0x03ef,0x03ef,0x0430,0x042f,0x0450,0x0450,0x0cd1,0x04f1,0x0cd2,0x0cd1,0x1d72,0x2dd2,0x35f3,0x1572,
0x0cf2,0x0491,0x0471,0x0450,0x0450,0x0430,0x0430,0x040f,0x0410,0x040f,0x0410,0x03ef,0x0410,0x03ef,0x03ef,0x03ef,
0x03ef,0x03ef,0x03ef,0x03ef,0x040f,0x040f,0x040f,0x040f,0x040f,0x040f,0x040f,0x040e,0x042f,0x044f,0x14b1,0x0cd0,
0x0cb0,0x0cb0,0x14d1,0x0cd0,0x14d0,0x0c90,0x0c90,0x046f,0x0c90,0x0c8f,0x1d11,0x0c90,0x042f,0x0490,0x04d1,0x046f,
0x042f,0x042f,0x042f,0x040f,0x2534,0x04b1,0x038e,0x030d,0x034e,0x03ce,0x042f,0x1532,0x2df5,0x1512,0x1c6e,0x3349,
0x4b4a,0x4b29,0x8cee,0x84eb,0x84ad,0x84af,0x8ccb,0x84aa,0x6408,0x7cc7,0x63e6,0x63a8,0x7407,0x7d26,0x8d4a,0xadee,
0xbe34,0x6c25,0x952b,0xc653,0xe6d6,0xd654,0xce32,0xce53,0xde94,0xd673,0xd674,0xce54,0xd675,0xce33,0xc614,0xbe13,
0xa52f,0x8ccd,0x94ef,0x8cce,0x9510,0x9d70,0x954e,0x7449,0x84ad,0x6c2b,0x4b86,0x4ba4,0x5c64,0x5405,0x4327,0x32c7,
0x22e3,0x3324,0x1a81,0x22c3,0x2b03,0x2b24,0x2303,0x2b44,0x2b64,0x3343,0x5465,0x3b24,0x1203,0x1a04,0x1a44,0x2a86,
0x2286,0x2aa7,0x2266,0x2246,0x2245,0x2a86,0x2ac5,0x32a8,0x2266,0x2a86,0x2266,0x2247,0x2266,0x2245,0x2225,0x1183,
0x0942,0x2a67,0x3ac8,0x42e7,0x5be7,0x748a,0x9550,0x8d4f,0x74a9,0x6427,0x640a,0x7cce,0x7cef,0x748f,0x74ae,0xa5f3,
0x9571,0x9591,0x9db1,0xa5d2,0xa612,0x8d6f,0x7d08,0x9daf,0x9550,0x7cc8,0x6465,0x6429,0x3b09,0x1b8c,0x0bee,0x140e,
0x142e,0x1c4f,0x144e,0x24d0,0x24ef,0x4593,0x6e77,0x35b1,0x4dd0,0x6e91,0x6e71,0x4daf,0x2d0e,0x24cf,0x0c2d,0x040f,
0x044f,0x046f,0x0490,0x0cd1,0x1510,0x2d92,0x2d70,0x1510,0x0cd0,0x14d1,0x0cb0,0x0cb0,0x046f,0x0450,0x044f,0x0450,
0x044f,0x0470,0x0470,0x0c90,0x046f,0x0c90,0x0470,0x0450,0x040f,0x040f,0x03ef,0x03ef,0x03ee,0x03ef,0x03ef,0x03ef,
0x03ee,0x03ef,0x03ee,0x040f,0x040f,0x042f,0x042f,0x0450,0x04b0,0x1512,0x1512,0x1d32,0x2592,0x3e33,0x3e54,0x3614,
0x0d11,0x04b1,0x0470,0x0470,0x044f,0x0430,0x040f,0x0430,0x040f,0x040f,0x040f,0x040f,0x040f,0x040f,0x03ef,0x040f,
0x03ef,0x040f,0x03ef,0x03ef,0x03ee,0x040f,0x040f,0x040f,0x040e,0x040f,0x03ee,0x040f,0x040e,0x0470,0x14d1,0x14f1,
0x048f,0x046f,0x044f,0x0c70,0x042e,0x042e,0x046f,0x0470,0x046f,0x048f,0x040e,0x03ee,0x0c90,0x1d11,0x14ef,0x2510,
0x2511,0x0c2f,0x036c,0x6638,0x6618,0x038e,0x034d,0x032d,0x030c,0x03ce,0x0c90,0x2d94,0x14d0,0x13ee,0x43c9,0x4b69,
0x32e9,0x63ab,0xbe54,0x9510,0x7c6f,0x6bcb,0x7468,0x6426,0x6c68,0xa5ac,0x9d6f,0xc634,0x8d2a,0x6ca6,0x9d6d,0xe717,
0xce93,0x74a6,0x5bc4,0x9d0e,0xe6f6,0xd674,0xc5f1,0xce33,0xd653,0xd653,0xce53,0xce13,0xb571,0xb5b2,0xb5d2,0xbdf3,
0x9d0f,0x846d,0x94ee,0x8cee,0x8d0f,0x8d0e,0x84cc,0x5bc8,0x748c,0x744c,0x4b47,0x3b04,0x4384,0x3b45,0x2a85,0x3287,
0x3ba4,0x33a4,0x3ba3,0x3362,0x3363,0x1283,0x2b24,0x2b24,0x22a5,0x1204,0x2265,0x2266,0x2246,0x1a45,0x2a87,0x2aa8,
0x2aa9,0x2a87,0x2a66,0x2266,0x2266,0x2a86,0x32c6,0x2aa7,0x2aa7,0x2265,0x3b46,0x5426,0x3b25,0x1a44,0x19a4,0x0122,
0x2207,0x3aea,0x538c,0x53a9,0x6c2a,0x7cce,0x8d0f,0x7cce,0x748d,0x6c4b,0x7ccf,0x7cef,0x7ccf,0x7cd0,0x9571,0xbe75,
0xae34,0x8d10,0x9531,0x8d30,0xa5f3,0x9db0,0x8568,0x7d09,0x74ad,0x74c8,0x74c6,0x6c88,0x748c,0x4369,0x13cc,0x0c0e,
0x142e,0x142e,0x1c4e,0x144e,0x250f,0x2d2f,0x971a,0x975a,0x6673,0x6631,0x4d90,0x2d10,0x1cf0,0x1c8e,0x1c6e,0x042e,
0x044f,0x046f,0x0470,0x0c90,0x14d0,0x1cf0,0x2d71,0x14f1,0x0cd1,0x0cb0,0x14d1,0x0cb0,0x0cb1,0x0470,0x0450,0x040f,
0x040f,0x040f,0x0430,0x040f,0x044f,0x0470,0x14f2,0x0cb0,0x0c70,0x0450,0x0c50,0x0430,0x0430,0x040f,0x0430,0x040f,
0x040f,0x040f,0x040f,0x042f,0x0450,0x044f,0x0470,0x0cd1,0x2572,0x25b2,0x2dd2,0x35f3,0x4e54,0x4633,0x35d3,0x2db3,
0x2d93,0x1532,0x0cd1,0x0450,0x0450,0x042f,0x0450,0x0430,0x0430,0x042f,0x0430,0x040f,0x0410,0x040f,0x040f,0x03ef,
0x040f,0x040f,0x0410,0x03ef,0x040f,0x040f,0x040f,0x040f,0x040f,0x040f,0x040f,0x03ee,0x040e,0x042f,0x0cb0,0x048f,
0x044f,0x042f,0x044f,0x042f,0x03ee,0x03cd,0x042f,0x046f,0x046f,0x040e,0x03ee,0x144f,0x1cb0,0x1cd0,0x2d10,0x3571,
0x2d11,0x03ed,0x3d74,0xa71c,0x0b6d,0x034d,0x036e,0x032d,0x038e,0x03ee,0x0c0f,0x03ce,0x034d,0x1ae8,0x5388,0x4348,
0x3ac9,0x6c2c,0xb612,0x84ac,0x84eb,0x6445,0x5bc5,0x6408,0x950e,0xb5d1,0xad52,0x9d30,0x5ba7,0x952e,0xdf17,0xd694,
0xbdf1,0x84ab,0x848b,0xc612,0xde95,0xd674,0xc612,0xdeb5,0xe6f6,0xd674,0xde94,0xc5f2,0xbdb2,0xb5b2,0xb592,0xa530,
0xad51,0x94ce,0x9d10,0x8cae,0x8d0b,0x8509,0x7cca,0x6427,0x6c88,0x6427,0x53a6,0x4366,0x4345,0x2a84,0x2a87,0x2a87,
0x2ba3,0x33c3,0x3be3,0x4443,0x3be3,0x09e2,0x1202,0x22a4,0x0962,0x1184,0x09c4,0x11c4,0x11e5,0x1a25,0x2aa8,0x32c9,
0x2a87,0x2266,0x2266,0x2aa7,0x2266,0x2a86,0x22a5,0x2a87,0x2a86,0x2245,0x3b64,0x8627,0x75c5,0x5445,0x0140,0x11a5,
0x2246,0x53a8,0x4b8a,0x640b,0x7cea,0x74aa,0x5be8,0x640a,0x748c,0x84ee,0x7cf0,0x7ccf,0x74af,0x7cd0,0x95b2,0xb634,
0xae13,0xb614,0xadd3,0xadd2,0xa5b1,0xb634,0x7ccc,0x5c26,0x5c28,0x748a,0x6447,0x7d28,0x7d2b,0x63ca,0x3329,0x13cb,
0x0c2e,0x142e,0x0c0d,0x1cad,0x3d8e,0x4e10,0x55f2,0xe7ff,0x7696,0x3590,0x3571,0x24d0,0x144e,0x1c6e,0x146e,0x0c6e,
0x040e,0x0450,0x046f,0x0490,0x0c90,0x14f0,0x1d70,0x1511,0x0c90,0x0cb1,0x0cb0,0x0c90,0x0450,0x0430,0x03ef,0x03ef,
0x03ce,0x03cf,0x03ce,0x040e,0x040e,0x042f,0x0c90,0x14f1,0x14f1,0x1d12,0x0cb1,0x0c91,0x0450,0x0450,0x0450,0x0450,
0x042f,0x042f,0x044f,0x0c91,0x0cb1,0x0c91,0x0490,0x0cf1,0x1512,0x1d31,0x2571,0x3e13,0x4633,0x2d92,0x04d0,0x1512,
0x2572,0x2db2,0x1531,0x0c91,0x044f,0x0450,0x044f,0x0450,0x0430,0x0430,0x040f,0x040f,0x040f,0x0410,0x03ef,0x040f,
0x03ef,0x040f,0x040f,0x040f,0x03ef,0x040f,0x03ee,0x040f,0x03ee,0x040f,0x03ee,0x040f,0x042e,0x0c70,0x0c8f,0x046f,
0x044f,0x044f,0x042e,0x040e,0x03ad,0x03ae,0x03ee,0x042f,0x03ce,0x03ce,0x0c2e,0x0c2e,0x03cd,0x0c0e,0x144d,0x148e,
0x0c4e,0x1cf1,0x873c,0x2c91,0x036c,0x03ad,0x038d,0x038d,0x03ad,0x03ad,0x036c,0x032c,0x0269,0x2ac8,0x32e7,0x4328,
0x3ac8,0x8d0f,0x8d0a,0x6c45,0x6c85,0x7ce9,0x6c4b,0x9d71,0xa570,0xa551,0xa550,0x744c,0x6c4b,0xdeb6,0xdeb6,0xce54,
0xad70,0xad92,0xb5b2,0xbdd1,0xc5f2,0xce33,0xbdd1,0xce54,0xdeb4,0xdeb5,0xc612,0xc613,0xce34,0xbdd2,0x9d0f,0x948e,
0xb571,0xa530,0x9d2f,0x9510,0x63e6,0x74a9,0x6c88,0x6485,0x6485,0x5404,0x4ba4,0x53e5,0x4bc5,0x3b25,0x2aa5,0x2a85,
0x3bc4,0x3be2,0x4424,0x4462,0x4c64,0x1203,0x0963,0x0962,0x1164,0x1184,0x11a4,0x11a3,0x19e3,0x19e4,0x1a25,0x1a05,
0x1a05,0x1a25,0x2aa7,0x2267,0x2a86,0x2265,0x2a85,0x2285,0x2a86,0x2225,0x3b24,0x75c4,0x75e5,0x8e66,0x5425,0x4385,
0x7546,0x7d85,0x4ba8,0x538a,0x6c4a,0x53a9,0x4b48,0x53e6,0x6c89,0x8530,0x8510,0x74d0,0x748f,0x6c2d,0x8510,0xa5d3,
0xa572,0x9d71,0xbe34,0xa5d1,0xadf1,0xa5d0,0x9db0,0x5c07,0x748b,0x9550,0x8d4f,0x74aa,0x852c,0x8d4f,0x5bab,0x3bac,
0x13cd,0x1c6e,0x1c4d,0x2d0e,0x458f,0x350e,0x1cad,0x8657,0x7e98,0x2550,0x3551,0x2ccf,0x1c4e,0x144e,0x1c6e,0x0c6e,
0x0c6f,0x042e,0x046f,0x046f,0x0cd1,0x1511,0x2550,0x0ccf,0x14b0,0x0cb0,0x0c90,0x044f,0x0c30,0x040f,0x03ef,0x03ce,
0x03cf,0x03ce,0x03cf,0x03ce,0x040f,0x040f,0x0c50,0x0cb0,0x14f2,0x0cd1,0x0c91,0x0450,0x0c50,0x0450,0x0c91,0x0450,
0x0450,0x042f,0x0c91,0x0cd2,0x14f2,0x04b1,0x0cb1,0x0490,0x0470,0x0450,0x14d1,0x2572,0x35f3,0x1511,0x04b1,0x0cb1,
0x14d1,0x14d0,0x14f1,0x14d1,0x0cb1,0x0470,0x0c90,0x0470,0x0c70,0x044f,0x0430,0x040f,0x0430,0x040f,0x040f,0x040f,
0x0410,0x040f,0x040f,0x03ef,0x040f,0x03ee,0x03ef,0x03ee,0x040f,0x040f,0x042f,0x0c4f,0x14b0,0x14b0,0x0c90,0x044f,
0x042f,0x042e,0x040e,0x03ce,0x03ce,0x03ae,0x03ce,0x03ee,0x0c0e,0x0c0d,0x1c6f,0x142e,0x140e,0x1c4e,0x1c4e,0x142d,
0x146e,0x4617,0x4595,0x0c0d,0x144f,0x0c2e,0x140e,0x0bad,0x142f,0x1470,0x0bad,0x0247,0x2ac9,0x3b08,0x3ac7,0x3b08,
0x42c9,0x6c29,0x6405,0x6c27,0x744a,0x8cf0,0x9d52,0x9d51,0xa531,0xa571,0xadd2,0x84ad,0x9d50,0xbdd2,0xc613,0xb591,
0xbdd3,0xb5d2,0xc613,0xc5f2,0xcdf2,0xc5f1,0xc5f2,0xc612,0xd654,0xce12,0xbdb1,0xbdb1,0xb551,0x94ce,0xad71,0xad70,
0xa550,0x846c,0x950e,0x8cce,0x6c29,0x6c68,0x74c9,0x5c64,0x64c6,0x5c45,0x4b84,0x4bc4,0x4bc5,0x3b65,0x3b26,0x3306,
0x1ac1,0x3be4,0x4423,0x4c83,0x22e3,0x0963,0x0983,0x1164,0x0963,0x1184,0x1184,0x1a05,0x1203,0x1a04,0x11e3,0x11e3,
0x1a24,0x2266,0x2245,0x2246,0x2265,0x2244,0x1a25,0x2204,0x19e2,0x1183,0x11c2,0x6d65,0x6d84,0x75a4,0x75a5,0x7de4,
0x7de3,0x7dc5,0x3b25,0x4309,0x4307,0x4b49,0x53c6,0x6ca6,0x6c89,0x748f,0x746d,0x7cae,0x748e,0x6c4d,0x746e,0x9551,
0x9d92,0xa5b2,0x9d71,0x9550,0x954e,0x84eb,0x8d4d,0x748a,0x7ccc,0x8d30,0x9530,0x8d0e,0x7ccc,0x852c,0x53c9,0x430a,
0x1b29,0x0c2c,0x1c4d,0x248e,0x1c8d,0x1c4d,0x0c0d,0x2c90,0x55f5,0x250f,0x24ae,0x248f,0x142d,0x144e,0x144e,0x144e,
0x148f,0x0c4f,0x042e,0x046f,0x048f,0x14f1,0x1d30,0x14f0,0x0c8f,0x0c90,0x042f,0x040f,0x03ef,0x03ef,0x03ce,0x03cf,
0x03ce,0x03ef,0x03ce,0x03ef,0x03ef,0x040f,0x042f,0x0c70,0x044f,0x042f,0x040f,0x040f,0x040f,0x040f,0x042f,0x0430,
0x040f,0x042f,0x042f,0x0471,0x0490,0x04b1,0x04b1,0x04b1,0x0470,0x0470,0x0cb0,0x1d51,0x1510,0x04b0,0x0490,0x0cb1,
0x0490,0x0490,0x0c90,0x14d1,0x0c90,0x14f1,0x1d31,0x2552,0x14f0,0x048f,0x044f,0x042f,0x03ee,0x040f,0x03ef,0x040f,
0x03ef,0x040f,0x03ef,0x03ef,0x03ee,0x03ee,0x03ce,0x03ef,0x03ee,0x040f,0x042f,0x0c70,0x0c6f,0x0c4f,0x040e,0x040e,
0x03ed,0x03ee,0x03ce,0x03ce,0x03ad,0x03ce,0x0bed,0x142e,0x0c0c,0x0c0d,0x0bed,0x140e,0x1c4e,0x1c8f,0x144e,0x142e,
0x14af,0x1d12,0x0c4e,0x1caf,0x144e,0x140d,0x038c,0x032b,0x142f,0x0c2f,0x0b8c,0x1ae6,0x3b67,0x3b08,0x3ac8,0x3aea,
0x3ae7,0x5385,0x5bc5,0x740c,0x7c8f,0x7c8f,0x8cf0,0x9d11,0x8cae,0xa572,0x9510,0x7c4d,0x94ef,0x9d10,0xad92,0xc613,
0xbdd2,0xbdd2,0xc613,0xc5f2,0xc5f1,0xc612,0xc632,0xd694,0xad4f,0xb590,0xbdb1,0xbd91,0x94ae,0x842c,0x94ee,0xa550,
0x7449,0x5be5,0x5c27,0x5be7,0x5c06,0x6446,0x6445,0x5c84,0x5c84,0x5c45,0x4ba4,0x4be4,0x3344,0x3305,0x3325,0x3b26,
0x2b23,0x2b62,0x4c64,0x2b42,0x0142,0x0923,0x1164,0x0963,0x1184,0x11a4,0x21e6,0x1a26,0x1a44,0x1224,0x1a04,0x11c3,
0x11e4,0x11e4,0x1a04,0x1a44,0x2265,0x2245,0x2aa5,0x2aa3,0x3b45,0x2ac3,0x0962,0x3344,0x6d85,0x5d03,0x7da6,0x6d64,
0x7dc5,0x7da6,0x2244,0x3ae7,0x4b47,0x4347,0x6ca4,0x64a3,0x640a,0x5beb,0x6c6b,0x84ed,0x748e,0x74ae,0x7caf,0x746e,
0x8cd0,0x9d71,0x9571,0x9551,0x9571,0x8d4f,0x9550,0x748d,0x748d,0x84ee,0x952f,0x8d0f,0x8d2f,0x8d8e,0x7cee,0x3ae8,
0x32e9,0x13ec,0x140d,0x140d,0x248f,0x1c4e,0x0bcd,0x142e,0x3553,0x1ccf,0x24af,0x1c6e,0x144e,0x142d,0x1c6e,0x0c0d,
0x142f,0x040e,0x042f,0x044f,0x0470,0x0cb0,0x1d31,0x14d0,0x0cb0,0x046f,0x0430,0x03ef,0x040f,0x03ef,0x03ef,0x03ef,
0x03ef,0x03ef,0x040f,0x03ef,0x040f,0x040f,0x0c50,0x0430,0x042f,0x040f,0x0430,0x040f,0x0430,0x040f,0x0410,0x040f,
0x040f,0x040f,0x0430,0x042f,0x0470,0x0490,0x0cd2,0x04b1,0x04b1,0x04b1,0x1532,0x2592,0x1511,0x0490,0x0c91,0x0490,
0x0cb1,0x0cb1,0x14d2,0x0470,0x0470,0x0470,0x14f0,0x2551,0x2572,0x1d30,0x14f0,0x046f,0x042f,0x040f,0x0410,0x040f,
0x0410,0x040f,0x0410,0x03ef,0x03ef,0x03ce,0x03ef,0x03ef,0x040f,0x042f,0x0c90,0x0470,0x042f,0x040f,0x042f,0x040f,
0x040f,0x03ee,0x03ef,0x03ad,0x0bce,0x0bee,0x24b0,0x144e,0x142d,0x144d,0x142e,0x142e,0x142e,0x0bed,0x0bcd,0x0c0d,
0x1c8f,0x0c2f,0x0bcd,0x144e,0x1c6f,0x03ab,0x038c,0x140e,0x140e,0x0bad,0x1b8b,0x3345,0x3b45,0x3b07,0x432a,0x4b29,
0x6468,0x53e5,0x7c8b,0x7c6f,0x746e,0x746e,0x7c6e,0x9530,0xa5b2,0x84af,0x534a,0x5bab,0xadb2,0xa571,0xad92,0xbdf3,
0xc5f3,0xc613,0xbdf3,0xad71,0xb5b1,0xce53,0xce33,0xc5f2,0xb570,0xb590,0xc613,0xb591,0xb5b2,0x94ef,0x844d,0x94ef,
0x5ba9,0x4365,0x4bc6,0x4bc5,0x53e5,0x53e5,0x53a5,0x4be4,0x5445,0x4bc4,0x53e6,0x5426,0x3b25,0x3325,0x3325,0x3305,
0x2b62,0x2b42,0x3be3,0x0a03,0x0121,0x11a3,0x11a3,0x1183,0x1183,0x19c4,0x1a65,0x22a5,0x1a44,0x1a46,0x1a25,0x1a25,
0x1204,0x1a05,0x1203,0x1a43,0x11e3,0x11a3,0x4be5,0x6d84,0x6585,0x75e5,0x6d44,0x3343,0x5484,0x6d65,0x5d23,0x5d04,
0x75e5,0x5cc5,0x5c66,0x85e5,0x7da5,0x7d86,0x8e05,0x6ca5,0x4328,0x5389,0x4365,0x644b,0x640c,0x6c4e,0x6c6d,0x640c,
0x640c,0x8d30,0x8d50,0x9571,0x9571,0x7cae,0x850f,0x7ced,0x74ac,0x7cce,0x7ced,0x852e,0x852e,0x74ad,0x74ad,0x53ca,
0x32e8,0x1b09,0x13cc,0x0bed,0x0bec,0x1c2d,0x0bcc,0x0bec,0x24f1,0x2511,0x146d,0x1c8e,0x146d,0x144d,0x144d,0x142e,
0x034d,0x03ae,0x042e,0x042f,0x044f,0x0cd0,0x0caf,0x0c8f,0x044f,0x0450,0x042f,0x03ef,0x03ce,0x03ef,0x03ce,0x03ef,
0x03ef,0x03ef,0x03ee,0x040f,0x03ef,0x0410,0x040f,0x040f,0x03ee,0x040f,0x040f,0x0430,0x040f,0x042f,0x03ef,0x03ef,
0x03ef,0x040f,0x040f,0x0430,0x0430,0x0471,0x04b1,0x0cf2,0x04d1,0x0cf2,0x1552,0x1d93,0x0cf1,0x04b1,0x0470,0x0490,
0x0cb1,0x14d2,0x0470,0x0450,0x042f,0x0430,0x040f,0x0450,0x0c70,0x1d11,0x2551,0x1d11,0x0470,0x0430,0x040f,0x040f,
0x040e,0x040f,0x03ee,0x03ef,0x03ce,0x03ef,0x03ef,0x040f,0x044f,0x0c90,0x0cb0,0x0c90,0x040f,0x042f,0x042f,0x042f,
0x03ee,0x03ee,0x03ad,0x0bce,0x0bed,0x0bcd,0x1c6e,0x248f,0x1c6e,0x1c6e,0x0c0d,0x1c6f,0x0bed,0x03ac,0x0bed,0x144e,
0x144e,0x0bed,0x0b8c,0x0b8c,0x0c0d,0x0bec,0x146e,0x24d0,0x144d,0x1bcd,0x2b48,0x4ba8,0x4b67,0x4b49,0x3b08,0x4346,
0x4364,0x3b06,0x7c8f,0x7c4e,0x746d,0x6c6e,0x6c4e,0x7c8f,0x5bcd,0x5bad,0x7cf1,0x5bec,0x9551,0x9cf0,0x9d10,0x9d0f,
0xad91,0xc613,0xa530,0x9cef,0x9cef,0xbdb2,0xad50,0xb591,0xa50f,0xad2f,0xb591,0xb591,0xa530,0x94cf,0x7c4d,0x848e,
0x6beb,0x5369,0x3ae5,0x32c4,0x4364,0x4365,0x3b44,0x5426,0x4bc3,0x4ba4,0x3324,0x3304,0x3304,0x3b45,0x2b24,0x3324,
0x2b23,0x3382,0x2b43,0x1aa2,0x3b84,0x4423,0x4c24,0x32e4,0x1144,0x11a4,0x2b25,0x1aa4,0x11c4,0x11e5,0x2246,0x2246,
0x2266,0x1204,0x11a3,0x11c3,0x11a3,0x0943,0x1162,0x5444,0x5d24,0x5d43,0x6d84,0x5ce4,0x3bc2,0x5cc4,0x54c3,0x4c83,
0x4c63,0x5ce4,0x7dc5,0x8603,0x8e05,0x8e25,0x7526,0x3ae7,0x536b,0x536a,0x4b49,0x642d,0x640c,0x640d,0x642c,0x4ba8,
0x640c,0x8d31,0x84ef,0x7c8e,0x746e,0x640b,0x748b,0x6c49,0x7cee,0x74ae,0x74ae,0x7d0e,0x746d,0x6c2d,0x7ccf,0x53ec,
0x4ba9,0x1a26,0x0aca,0x0c0d,0x0bed,0x0bcc,0x0bec,0x03cc,0x1c6f,0x24f1,0x146e,0x1c6e,0x1c6e,0x144d,0x1c6e,0x0bee,
0x0b8e,0x03ad,0x0cb0,0x046f,0x14b0,0x14f1,0x0c90,0x040e,0x040f,0x040f,0x042f,0x040e,0x03ef,0x03ef,0x03ef,0x03ef,
0x03ef,0x03ef,0x040f,0x03ef,0x0410,0x040f,0x040f,0x03ce,0x03cf,0x03cf,0x0410,0x040f,0x0430,0x0430,0x0410,0x03ef,
0x0410,0x03ef,0x040f,0x040f,0x0450,0x0450,0x04b1,0x0cd2,0x1512,0x0d32,0x1573,0x1531,0x1511,0x04b0,0x0491,0x0cb1,
0x14f2,0x0c91,0x0450,0x0430,0x0430,0x040f,0x0430,0x042f,0x0430,0x044f,0x14b0,0x14d0,0x0c90,0x044f,0x0c50,0x042f,
0x042f,0x040e,0x040f,0x03ee,0x040f,0x03ee,0x040f,0x042f,0x0c91,0x1491,0x14b1,0x042f,0x042f,0x042f,0x0430,0x040f,
0x040f,0x03ad,0x03ad,0x142e,0x144e,0x144d,0x1c8f,0x1c6e,0x1c6e,0x1c6e,0x1c4e,0x142e,0x1c4f,0x142e,0x144f,0x142e,
0x142e,0x13ed,0x0b8c,0x034b,0x1c2e,0x1c4e,0x144e,0x1c6e,0x1c2f,0x12c9,0x3b27,0x5bea,0x4b87,0x4308,0x4308,0x3b04,
0x3b05,0x3286,0x848f,0x8ccf,0x8cef,0x746e,0x5bed,0x53ac,0x53ad,0x6c2e,0x8d11,0x8cf0,0xad92,0x9d10,0x94f0,0x8cef,
0x94ef,0x94cf,0xa551,0x94cf,0xa510,0xbdb2,0xbd91,0xad70,0xa50f,0xa510,0xad92,0xa550,0x94af,0x846e,0x846e,0x846e,
0x7c6e,0x5baa,0x42e7,0x3ae6,0x3b24,0x3b65,0x4385,0x4be5,0x4ba4,0x3b24,0x3304,0x2ac4,0x32c4,0x2ac4,0x3304,0x2b04,
0x0a42,0x22e2,0x2b42,0x33a4,0x3403,0x4463,0x4463,0x3be4,0x22e3,0x1a63,0x22a6,0x1a05,0x0983,0x19e5,0x11e4,0x19e5,
0x11c4,0x11e5,0x11c4,0x1183,0x0943,0x08e3,0x0042,0x3b05,0x6d63,0x6d83,0x5d24,0x54c3,0x4c42,0x2b62,0x3383,0x2321,
0x2b63,0x4c44,0x5cc3,0x7565,0x7de4,0x8605,0x4384,0x3286,0x4b67,0x5389,0x4b8a,0x642b,0x646a,0x642c,0x5beb,0x53c7,
0x642b,0x746f,0x63ec,0x5b8c,0x5bcb,0x6c69,0x53c7,0x4b47,0x642c,0x6c4e,0x644d,0x6c6e,0x6c6d,0x74ce,0x5c4b,0x3b09,
0x4389,0x3b07,0x0206,0x138c,0x03ac,0x0bcc,0x0bcc,0x0bcc,0x03ac,0x13ee,0x03cd,0x0bed,0x03cc,0x0c0d,0x142e,0x0bce,
0x036c,0x036c,0x14d0,0x1d31,0x1d31,0x1d31,0x044f,0x040f,0x040e,0x040f,0x03ee,0x040f,0x03ef,0x03ef,0x03ef,0x03ef,
0x03ee,0x03ef,0x03ef,0x0410,0x03ef,0x03ef,0x03ce,0x03ae,0x03ae,0x03cf,0x03cf,0x03ef,0x03ef,0x0430,0x040f,0x0430,
0x040f,0x040f,0x040f,0x0430,0x042f,0x0450,0x0470,0x04d2,0x0cf2,0x1573,0x1d72,0x2592,0x1d72,0x0cf2,0x04d1,0x1512,
0x04b1,0x0470,0x0430,0x0430,0x040f,0x0410,0x03ef,0x0410,0x040f,0x0430,0x040f,0x044f,0x048f,0x14b0,0x0c90,0x0c70,
0x042f,0x044f,0x042f,0x042f,0x040e,0x040f,0x042f,0x0c70,0x044f,0x0c70,0x040f,0x03ee,0x03ee,0x040f,0x03ef,0x03ef,
0x03ce,0x03ce,0x03cd,0x1c6f,0x1c8e,0x1c8e,0x1c8e,0x1c6f,0x144e,0x1c6e,0x142d,0x1c4e,0x0c0d,0x0bed,0x03cd,0x0bed,
0x0bcd,0x13cd,0x034b,0x13ed,0x1c4e,0x0bcc,0x036b,0x13cd,0x0a89,0x19c5,0x4367,0x4b88,0x3b06,0x3ae7,0x3ae7,0x32c5,
0x2a84,0x32a7,0x538b,0x9511,0x9d72,0x744e,0x538c,0x5bcd,0x53cc,0x4329,0x84af,0xad73,0xa551,0xa592,0x9d31,0x94f0,
0x8ccf,0x84af,0x8ccf,0x848e,0xa551,0xb591,0xb570,0xa52f,0x9cef,0x94ef,0x8cae,0x94f0,0x848e,0x848e,0x84ae,0x740d,
0x6c2d,0x5ba9,0x53a9,0x53aa,0x3b24,0x4385,0x4384,0x4384,0x3b84,0x3303,0x3304,0x3305,0x2ae4,0x22a3,0x2aa4,0x2ac5,
0x1263,0x0a41,0x3363,0x3382,0x33c3,0x3c23,0x4c85,0x4463,0x4463,0x4444,0x1a24,0x0903,0x1124,0x11c3,0x11a3,0x1183,
0x19a4,0x1183,0x2223,0x0942,0x00a3,0x00e1,0x1163,0x11e1,0x3bc3,0x5ce4,0x6525,0x5d24,0x54c3,0x4443,0x3362,0x2b41,
0x4423,0x4c83,0x5ce4,0x6544,0x6d83,0x6503,0x32e4,0x2a64,0x53c5,0x6ca5,0x74e6,0x6d06,0x7507,0x642b,0x5beb,0x4b88,
0x642d,0x5bec,0x63ec,0x5bed,0x6c4c,0x6449,0x4b68,0x4b6a,0x5bed,0x646d,0x6c8e,0x6c8e,0x6c8d,0x750d,0x64ab,0x32e8,
0x4349,0x4388,0x1206,0x02aa,0x0bad,0x0bcc,0x13cd,0x0bcd,0x03cd,0x03ad,0x03ae,0x038d,0x03ad,0x03ac,0x0bed,0x0bcd,
0x036d,0x0bce,0x14d1,0x1cf0,0x2551,0x14d0,0x0450,0x042e,0x042e,0x042f,0x040f,0x03ef,0x0c10,0x03ef,0x040f,0x03ef,
0x03ef,0x03ef,0x040f,0x03ef,0x03ef,0x03ce,0x03cf,0x03ae,0x03af,0x03af,0x03cf,0x03cf,0x03f0,0x0410,0x0450,0x0430,
0x0430,0x040f,0x0430,0x0430,0x0450,0x0450,0x0491,0x0cd2,0x1533,0x1573,0x2df4,0x3e14,0x25b4,0x0d32,0x0d33,0x0cf2,
0x04b1,0x0470,0x0451,0x0430,0x0430,0x040f,0x0410,0x03ef,0x0410,0x040f,0x0430,0x042f,0x0c90,0x1d11,0x2532,0x0cd0,
0x0cb0,0x04b0,0x0c90,0x044f,0x044f,0x0c90,0x14d1,0x0490,0x0c70,0x042f,0x03ee,0x03ce,0x03ee,0x03ee,0x03ef,0x03ae,
0x03ae,0x03ee,0x0c0f,0x144e,0x1c8f,0x1c8e,0x1c8f,0x1c4e,0x1c4e,0x142e,0x140d,0x140d,0x140e,0x03ac,0x13ed,0x0bcd,
0x0bcd,0x0b8c,0x13cd,0x1c6e,0x1c4e,0x038b,0x0b6c,0x030a,0x0965,0x3265,0x3b67,0x4327,0x3b07,0x32c7,0x4308,0x2aa5,
0x2245,0x32c8,0x32a8,0x4309,0x7c6e,0x63cd,0x640e,0x63ed,0x6c0e,0x4b2a,0x5b8c,0x640e,0x744f,0x848f,0x8cb0,0x7c6e,
0x7c8e,0x6c2d,0x6bed,0x63ec,0x8caf,0x9cf0,0x9cef,0x8c8d,0x8cae,0x848e,0x848e,0x8cce,0x8cce,0x84cd,0x744a,0x5bc8,
0x63ea,0x5386,0x5be7,0x53a7,0x4384,0x4be4,0x4be5,0x3323,0x3304,0x3304,0x3304,0x2b04,0x3305,0x2263,0x2265,0x2245,
0x1aa3,0x1263,0x2b62,0x33a3,0x33c3,0x2b43,0x1262,0x2303,0x3c04,0x4c85,0x22c3,0x0103,0x1204,0x2304,0x11c2,0x0903,
0x0922,0x0922,0x2303,0x2ae4,0x0101,0x11e3,0x1a62,0x22c2,0x2323,0x2b23,0x5d04,0x75c5,0x54a3,0x5ce3,0x6524,0x5d03,
0x6d85,0x6da4,0x6564,0x7e24,0x6505,0x1a83,0x22c4,0x3b25,0x4ba4,0x6426,0x64c4,0x7545,0x6cc5,0x6468,0x5c48,0x5c0a,
0x5beb,0x63ec,0x5bcc,0x5bcc,0x5c0a,0x53c9,0x53c9,0x4baa,0x3b29,0x53eb,0x6cce,0x646e,0x5beb,0x5c2b,0x3b28,0x2aa8,
0x2aa8,0x4baa,0x2266,0x01e7,0x034c,0x0bcd,0x03cc,0x0bcd,0x038d,0x0c0f,0x03ad,0x03ad,0x03ad,0x03ad,0x038c,0x03ad,
0x03ad,0x142f,0x03ee,0x040e,0x0c8f,0x0c90,0x040e,0x042f,0x040e,0x042f,0x040e,0x03ef,0x040f,0x040f,0x03ee,0x03ef,
0x03ee,0x03ef,0x03ee,0x03cf,0x03ce,0x03cf,0x03ae,0x03af,0x038e,0x03af,0x03af,0x03cf,0x03cf,0x0410,0x042f,0x0450,
0x0430,0x0430,0x042f,0x0430,0x0430,0x0471,0x0490,0x0d12,0x1533,0x1d93,0x3e53,0x4675,0x1d72,0x0d33,0x0d12,0x0cf2,
0x04b1,0x0470,0x0430,0x0430,0x0410,0x0410,0x03ef,0x03ef,0x03ef,0x03ef,0x040f,0x042f,0x044f,0x14b1,0x1d31,0x1d31,
0x1d30,0x1d31,0x14f0,0x0cb0,0x048f,0x14d1,0x0cd0,0x0490,0x044f,0x040f,0x03ce,0x03ce,0x03ce,0x03ef,0x038d,0x034d,
0x036d,0x0c0f,0x03ee,0x142f,0x148f,0x1caf,0x144e,0x144e,0x0c0d,0x1c4e,0x144d,0x142e,0x0c0d,0x13ed,0x0c0e,0x0bee,
0x0b8c,0x13ee,0x142e,0x24af,0x1c2e,0x036b,0x032b,0x0228,0x0963,0x3b06,0x3b47,0x3b06,0x32e6,0x4328,0x32e5,0x2a65,
0x2a46,0x3aa9,0x2266,0x3aa7,0x3b09,0x53ab,0x5c0c,0x6c4e,0x53ac,0x42e9,0x4b4b,0x5bee,0x5bee,0x742f,0x6c0d,0x6c0c,
0x5bcb,0x640d,0x5bab,0x63cc,0x7c6e,0x94d0,0x8caf,0x94cf,0x8cce,0x846e,0x7c4d,0x7c4d,0x8ced,0x74ac,0x53e7,0x5425,
0x4bc5,0x4b85,0x4be5,0x5426,0x4bc4,0x5405,0x4c25,0x3b44,0x2ac3,0x3b45,0x22a3,0x2b04,0x2b04,0x2aa4,0x1a44,0x2246,
0x1aa3,0x1222,0x2b44,0x33c4,0x33e3,0x2343,0x0a04,0x09e4,0x1aa4,0x2304,0x2265,0x11c3,0x2324,0x1b43,0x1a44,0x08e2,
0x0923,0x1a04,0x3424,0x2bc4,0x1a43,0x1a63,0x2b03,0x3be4,0x3bc4,0x3bc4,0x6da6,0x6545,0x2b02,0x54a3,0x6d84,0x6545,
0x54a4,0x75c4,0x7e06,0x75e3,0x8647,0x4c43,0x2b24,0x3324,0x4385,0x4b85,0x4ba6,0x5406,0x7506,0x7525,0x6487,0x5c28,
0x5c09,0x5beb,0x5bed,0x5bcc,0x5bcb,0x53aa,0x5c0b,0x53e9,0x436a,0x436a,0x5c2d,0x53ec,0x4b4a,0x4329,0x2a68,0x2a89,
0x32a9,0x32e7,0x32c8,0x0185,0x02eb,0x0b8c,0x0bec,0x0bcc,0x036d,0x24d2,0x0c2f,0x03ad,0x03ce,0x038d,0x038d,0x038c,
0x0bce,0x0c0e,0x040e,0x14d0,0x35d4,0x2552,0x0c70,0x042f,0x042f,0x042f,0x042f,0x040f,0x0430,0x040f,0x040f,0x03ef,
0x03ef,0x03ef,0x03ef,0x03ce,0x03ef,0x03ce,0x03cf,0x03ae,0x03af,0x03af,0x03cf,0x03af,0x03d0,0x03ef,0x0410,0x0430,
0x0451,0x0430,0x0450,0x0430,0x0450,0x0470,0x04b1,0x0d12,0x1d53,0x35f4,0x6f37,0x6716,0x3614,0x0d52,0x1533,0x0cf1,
0x0cd2,0x0490,0x0471,0x0430,0x0430,0x0410,0x0410,0x03ef,0x040f,0x03ef,0x040f,0x040f,0x0450,0x044f,0x14f1,0x1d51,
0x2551,0x1d51,0x1d31,0x14d0,0x14b0,0x0cb0,0x0cb0,0x044f,0x044f,0x040e,0x03ef,0x03ce,0x03ef,0x03ce,0x036d,0x032c,
0x0bae,0x0c0f,0x0bee,0x0c0e,0x148f,0x14af,0x148f,0x144e,0x142e,0x24b0,0x24b0,0x0bee,0x140e,0x0bed,0x1cb1,0x144f,
0x0bcc,0x1491,0x144f,0x248e,0x13ee,0x036b,0x0b0b,0x0186,0x11c5,0x3b26,0x3b47,0x32c5,0x3b07,0x4327,0x3b05,0x2264,
0x3288,0x3aca,0x3288,0x3ac8,0x53eb,0x5c28,0x53c9,0x644d,0x4b8b,0x4b6b,0x7470,0x642f,0x6c2f,0x63ed,0x7c8f,0x746e,
0x538b,0x748f,0x6c2e,0x6c0d,0x84af,0x846e,0x73ec,0x6bca,0x846d,0x846e,0x848f,0x742c,0x740b,0x3b06,0x4345,0x5445,
0x4be6,0x4b85,0x4bc5,0x4be5,0x4be5,0x4be5,0x4be6,0x3b66,0x2aa5,0x2aa5,0x2aa4,0x2ac3,0x3304,0x2aa4,0x2a85,0x1a25,
};

#endif /* KOI_BG_HEADER_GUARD */
