/* ★ 自动生成，别手改 —— 见 _tools/bgbake45.py
   王总给的平静水面（夜间，**已按 NIGHT_DIM 预压暗**）
   原图 1086x1448；Bayer 4x4 有序抖动；压暗用固件同一个系数 `(v * 108) >> 8`（NIGHT_DIM = 0.42，NIGHT_DROP = 148）—— 改固件 NIGHT_DIM 必须重跑本脚本
   尺寸 240x320 = 76800 px，153600 B —— 进 .rodata，占 flash 不占 RAM。
   ⚠️ 别改成 RLE/索引：这是照片，颜色分布广，索引表 + 调色板省不下来多少，
      而且铁律 22 记着「名字与内容不符的常量」那个坑。直接 RGB565 数组，
      固件侧一行 memcpy 就能按行取。 */
#ifndef KOI_BG_HDR_KOI_BG_NIGHT
#define KOI_BG_HDR_KOI_BG_NIGHT

#define KOI_BG_W 240
#define KOI_BG_H 320

static const uint16_t koi_bg_night[KOI_BG_W * KOI_BG_H] = {
0x0921,0x0941,0x0921,0x00c1,0x08e0,0x0901,0x00a0,0x08e2,0x0902,0x1982,0x08e0,0x00a1,0x1102,0x1102,0x1123,0x2184,
0x1982,0x3223,0x2a01,0x29e1,0x3221,0x42c3,0x3a62,0x31a3,0x31c5,0x31a4,0x2983,0x4a46,0x4a46,0x4a45,0x4225,0x4a26,
0x4226,0x4226,0x4226,0x4a46,0x3a25,0x4a66,0x2143,0x0081,0x0061,0x0082,0x00c2,0x0922,0x08c2,0x08c2,0x08c1,0x08e2,
0x0922,0x1143,0x0903,0x1103,0x0903,0x1144,0x1143,0x1984,0x21e4,0x3226,0x21a5,0x21e6,0x2a06,0x3266,0x4286,0x42a7,
0x2a25,0x21e6,0x2206,0x2a06,0x29e6,0x21c5,0x1143,0x1984,0x1163,0x19a5,0x1984,0x1985,0x1984,0x21c4,0x21e4,0x0903,
0x0146,0x01a7,0x01a7,0x01c7,0x01a7,0x0208,0x0208,0x0209,0x0208,0x0a29,0x0229,0x0a29,0x0229,0x0a29,0x0229,0x0a29,
0x0229,0x0a29,0x0229,0x0a29,0x0229,0x0a29,0x0229,0x0a29,0x0229,0x0a49,0x0229,0x0a49,0x0229,0x0a49,0x0229,0x0a4a,
0x0229,0x0a49,0x0229,0x0a49,0x0249,0x0a49,0x0a49,0x0a49,0x0249,0x0a49,0x0a49,0x0a4a,0x0249,0x0a49,0x0a49,0x0a49,
0x0249,0x0a49,0x0249,0x0a49,0x0249,0x0a49,0x0249,0x0a4a,0x0249,0x0a49,0x0249,0x0a4a,0x0249,0x0a4a,0x0a49,0x0a49,
0x0229,0x0a49,0x0249,0x0a49,0x0229,0x0a49,0x0229,0x0a49,0x0229,0x0a49,0x0229,0x0a49,0x0229,0x0a29,0x0229,0x0a29,
0x0229,0x0a29,0x0229,0x0a29,0x0228,0x0229,0x0209,0x0a29,0x0228,0x0229,0x0209,0x0a29,0x0208,0x0229,0x0209,0x0a09,
0x0208,0x0209,0x0208,0x0209,0x01e8,0x01e8,0x01c8,0x01e8,0x01c7,0x01c8,0x01a7,0x0187,0x0186,0x0166,0x0125,0x0146,
0x00e3,0x1123,0x10e2,0x3a04,0x3a63,0x3a04,0x29c4,0x29a4,0x2184,0x29a4,0x29c4,0x3203,0x29c2,0x2983,0x29c2,0x29c3,
0x3221,0x42a2,0x3a82,0x3222,0x1961,0x08c1,0x29e1,0x3a62,0x1960,0x08e2,0x08c1,0x1102,0x0901,0x1982,0x1181,0x1961,
0x1161,0x0901,0x0081,0x08c1,0x08c1,0x1101,0x0901,0x08e2,0x00a1,0x08e1,0x21c1,0x21e1,0x19a1,0x2201,0x1981,0x0901,
0x1141,0x0941,0x1161,0x00e1,0x08e1,0x0901,0x08e1,0x08e1,0x1162,0x19c1,0x1982,0x08e1,0x10e2,0x1102,0x1964,0x1982,
0x21a2,0x29e2,0x3a83,0x3242,0x2a01,0x3a82,0x4ac3,0x4244,0x5267,0x4a67,0x4a46,0x4a66,0x4a24,0x4a44,0x4a46,0x4a26,
0x4a47,0x4a47,0x5288,0x4246,0x4a66,0x4a66,0x5aea,0x2144,0x0042,0x0081,0x0922,0x0922,0x0923,0x00e2,0x08e2,0x08e2,
0x1123,0x1123,0x1123,0x08e2,0x1144,0x1164,0x1944,0x1964,0x29e5,0x21e5,0x21e6,0x21c6,0x21c6,0x19a4,0x21a5,0x21c5,
0x29e6,0x21c5,0x3227,0x2a06,0x2a06,0x3226,0x21a3,0x19a3,0x21c5,0x19a4,0x21a5,0x21a4,0x21a4,0x19a3,0x21c5,0x1945,
0x1a09,0x01a7,0x01c8,0x01a7,0x01c8,0x0208,0x0a29,0x0209,0x0a29,0x0229,0x0a29,0x0229,0x0a49,0x0229,0x0a4a,0x0229,
0x0a49,0x0229,0x0a29,0x0a29,0x0a4a,0x0229,0x0a4a,0x0a29,0x0a4a,0x0a29,0x0a4a,0x0229,0x0a4a,0x0a49,0x0a4a,0x0a49,
0x0a4a,0x0a49,0x0a4a,0x0a49,0x0a4a,0x0a49,0x0a6a,0x0a49,0x0a6a,0x0a49,0x0a4a,0x0a49,0x0a6a,0x0a49,0x0a6a,0x0a49,
0x0a6a,0x0a49,0x0a6a,0x0a49,0x0a6a,0x0a49,0x0a6a,0x0a49,0x0a6a,0x0a49,0x0a6a,0x0a49,0x0a6a,0x0a49,0x0a4a,0x0a49,
0x0a4a,0x0a49,0x0a4a,0x0a49,0x0a4a,0x0a49,0x0a4a,0x0a49,0x0a49,0x0229,0x0a49,0x0229,0x0a49,0x0229,0x0a4a,0x0229,
0x0a49,0x0229,0x0a4a,0x0229,0x0a29,0x0229,0x0a29,0x0229,0x0a29,0x0229,0x0a29,0x0229,0x0a29,0x0209,0x0a29,0x0209,
0x0a29,0x0209,0x0a09,0x01e8,0x01e8,0x01e8,0x01e8,0x01c8,0x01e8,0x01a8,0x01a8,0x0187,0x0187,0x0166,0x0146,0x0146,
0x0104,0x08e2,0x1903,0x1942,0x3a24,0x3204,0x39e6,0x29a5,0x31c6,0x29c5,0x31e5,0x29c4,0x2163,0x1923,0x1923,0x1122,
0x3a63,0x42c2,0x42c2,0x3a83,0x1921,0x1961,0x3a83,0x3a82,0x1981,0x1101,0x1122,0x08e2,0x1122,0x19a2,0x21a2,0x1161,
0x1981,0x0901,0x08a2,0x00a0,0x08e1,0x08e1,0x1122,0x1142,0x1121,0x19a1,0x3a82,0x3261,0x2a01,0x2a21,0x2a22,0x19a1,
0x0941,0x1161,0x19a1,0x1141,0x0901,0x1142,0x0920,0x1161,0x19c2,0x19c2,0x19c1,0x1121,0x0040,0x1102,0x1142,0x1982,
0x1982,0x21c2,0x2a01,0x3a83,0x3242,0x3aa2,0x3ac1,0x4283,0x4243,0x4a65,0x5266,0x5aa7,0x4224,0x4a24,0x4a46,0x5287,
0x52a8,0x5288,0x5ac8,0x5286,0x4244,0x4205,0x5ac8,0x5aa9,0x10c3,0x0081,0x0922,0x0902,0x1142,0x0902,0x08e2,0x0903,
0x08e2,0x1103,0x1123,0x1123,0x1144,0x1965,0x1123,0x1143,0x19a4,0x21e6,0x21e6,0x21e6,0x19a4,0x1984,0x1163,0x21a5,
0x19c5,0x3227,0x3247,0x2a06,0x29e6,0x3267,0x2a44,0x21c3,0x1143,0x1985,0x1984,0x21a4,0x1983,0x1984,0x08e2,0x31e8,
0x2aaa,0x01c7,0x01c7,0x01c7,0x0208,0x124a,0x0208,0x0a29,0x0229,0x0a29,0x0229,0x0a29,0x0229,0x0a29,0x0229,0x0a29,
0x0229,0x0a29,0x0229,0x0a29,0x0229,0x0a49,0x0229,0x0a49,0x0229,0x0a49,0x0229,0x0a49,0x0229,0x0a4a,0x0229,0x0a4a,
0x0249,0x0a49,0x0249,0x0a49,0x0249,0x0a49,0x0249,0x0a49,0x0249,0x0a49,0x0249,0x0a49,0x0249,0x0a49,0x0249,0x0a49,
0x0249,0x0a4a,0x0249,0x0a49,0x0249,0x0a49,0x0249,0x0a49,0x0249,0x0a49,0x0249,0x0a49,0x0249,0x0a4a,0x0249,0x0a49,
0x0229,0x0a49,0x0229,0x0a49,0x0229,0x0a49,0x0229,0x0a49,0x0229,0x0a49,0x0228,0x0a29,0x0229,0x0a29,0x0229,0x0a29,
0x0229,0x0a29,0x0229,0x0a29,0x0229,0x0a29,0x0229,0x0a29,0x0229,0x0a29,0x0208,0x0229,0x0209,0x0a29,0x0208,0x0209,
0x0208,0x0a09,0x01e8,0x01e8,0x01c8,0x01e8,0x01c8,0x01e8,0x01c8,0x01c8,0x01a7,0x0187,0x0187,0x0167,0x0125,0x0146,
0x00e4,0x0082,0x1102,0x1102,0x10e1,0x2984,0x31e6,0x31c6,0x31c5,0x3a06,0x29c4,0x29a4,0x29c5,0x29a5,0x1102,0x21a3,
0x3a62,0x3242,0x3242,0x3aa2,0x1981,0x29e1,0x42e1,0x3a62,0x1961,0x1962,0x1141,0x1122,0x0901,0x1981,0x19a1,0x1121,
0x1161,0x1142,0x00a1,0x1101,0x08c0,0x08a1,0x1121,0x1121,0x1981,0x42c2,0x3ac1,0x3261,0x2a01,0x3242,0x2a21,0x21e1,
0x1981,0x1981,0x19c1,0x0941,0x0922,0x0921,0x1161,0x19a2,0x19c2,0x19c2,0x19a2,0x08e1,0x1102,0x0921,0x1122,0x1122,
0x1944,0x1123,0x1962,0x2a03,0x29c3,0x29e3,0x3a63,0x3a82,0x4a85,0x52a6,0x5aa8,0x5aa8,0x62c9,0x62e9,0x62c9,0x5287,
0x62e9,0x5287,0x4a66,0x4a85,0x52a6,0x39e4,0x39c5,0x4a46,0x5aa9,0x08c2,0x00a2,0x0081,0x1102,0x0903,0x1123,0x08e2,
0x08e3,0x08e2,0x1964,0x1964,0x1144,0x1123,0x1964,0x1964,0x1985,0x19a5,0x21e6,0x21e5,0x2a06,0x21c5,0x21c6,0x19c6,
0x19a5,0x2a27,0x3a88,0x2a06,0x29e6,0x2a26,0x3246,0x21c3,0x1963,0x1144,0x1944,0x08e2,0x08e3,0x08e3,0x0082,0x4acb,
0x2a8a,0x01c7,0x0a08,0x01e7,0x124a,0x124a,0x0a29,0x0229,0x0a29,0x0229,0x0a29,0x0229,0x0a29,0x0229,0x0a29,0x0229,
0x0a29,0x0229,0x0a49,0x0229,0x0a4a,0x0a29,0x0a4a,0x0a29,0x0a4a,0x0a29,0x0a4a,0x0229,0x0a4a,0x0a49,0x0a4a,0x0a49,
0x0a4a,0x0a49,0x0a4a,0x0a49,0x0a6a,0x0a49,0x0a6a,0x0a49,0x0a4a,0x0a49,0x0a6a,0x0a49,0x0a6a,0x0a49,0x0a6a,0x0a49,
0x0a6a,0x0a49,0x0a6a,0x0a49,0x0a6a,0x0a49,0x0a6a,0x0a49,0x0a6a,0x0a49,0x0a6a,0x0a49,0x0a4a,0x0a49,0x0a4a,0x0a49,
0x0a4a,0x0a49,0x0a4a,0x0249,0x0a4a,0x0a29,0x0a49,0x0229,0x0a49,0x0229,0x0a49,0x0229,0x0a49,0x0229,0x0a49,0x0229,
0x0a4a,0x0229,0x0a49,0x0229,0x0a29,0x0229,0x0a29,0x0229,0x0a29,0x0229,0x0a29,0x0229,0x0a29,0x0209,0x0a29,0x0209,
0x0a29,0x0209,0x0209,0x01e8,0x01e9,0x01e8,0x01e8,0x01c8,0x01e8,0x01c8,0x09e8,0x0187,0x0187,0x0166,0x0146,0x0146,
0x0125,0x0082,0x08e1,0x1122,0x1943,0x10e2,0x29a4,0x31e6,0x4246,0x4245,0x31c4,0x29a4,0x31c5,0x31c5,0x2144,0x1962,
0x3222,0x1101,0x1941,0x42e2,0x3a82,0x21a1,0x3a63,0x1101,0x1122,0x1962,0x1962,0x1121,0x1102,0x1142,0x08e2,0x0081,
0x1142,0x1121,0x08a1,0x08c1,0x1903,0x1923,0x2164,0x1923,0x3202,0x42c2,0x4ae2,0x3aa1,0x3a42,0x21e1,0x2a21,0x21c1,
0x0940,0x1161,0x1180,0x08c1,0x0080,0x0901,0x1981,0x1981,0x19c0,0x21e1,0x19a1,0x08c1,0x1141,0x1141,0x0901,0x1923,
0x1943,0x1943,0x1122,0x1963,0x2184,0x29a5,0x2163,0x31e3,0x5286,0x62e9,0x5ac8,0x62c8,0x5aa7,0x4a47,0x5287,0x5266,
0x5286,0x5aa7,0x4a66,0x5ac9,0x5ae9,0x5ac8,0x5287,0x5ac9,0x4a67,0x2144,0x0061,0x0061,0x0081,0x0903,0x0903,0x1123,
0x0902,0x08e2,0x1144,0x1985,0x1163,0x1943,0x1963,0x21c5,0x1984,0x1984,0x19a5,0x29e6,0x19a4,0x21c5,0x21e6,0x21e6,
0x19c5,0x2a06,0x3226,0x21e5,0x21a5,0x29e5,0x29e5,0x21c4,0x1162,0x1123,0x1123,0x08c3,0x00a2,0x0082,0x11a7,0x22aa,
0x01c7,0x01c7,0x01a7,0x01c8,0x228a,0x0a49,0x0209,0x0a29,0x0228,0x0a29,0x0229,0x0a29,0x0228,0x0229,0x0229,0x0a29,
0x0229,0x0a29,0x0229,0x0a29,0x0229,0x0a49,0x0229,0x0a49,0x0229,0x0a49,0x0229,0x0a49,0x0229,0x0a49,0x0229,0x0a4a,
0x0229,0x0a49,0x0229,0x0a49,0x0249,0x0a49,0x0a49,0x0a49,0x0249,0x0a49,0x0249,0x0a4a,0x0249,0x0a49,0x0249,0x0a4a,
0x0249,0x0a49,0x0a49,0x0a49,0x0249,0x0a49,0x0249,0x0a4a,0x0249,0x0a49,0x0249,0x0a49,0x0229,0x0a49,0x0229,0x0a49,
0x0229,0x0a49,0x0229,0x0a49,0x0229,0x0a49,0x0229,0x0a49,0x0228,0x0a49,0x0229,0x0a49,0x0228,0x0a49,0x0229,0x0a49,
0x0229,0x0a49,0x0229,0x0a29,0x0229,0x0a29,0x0229,0x0a29,0x0228,0x0229,0x0209,0x0a29,0x0208,0x0a29,0x0209,0x0a09,
0x0208,0x0209,0x01e8,0x01e8,0x01e8,0x01e8,0x01c8,0x01e8,0x01c7,0x01c8,0x01c8,0x0187,0x0186,0x0187,0x0145,0x0146,
0x0105,0x0104,0x0081,0x10e2,0x1142,0x1943,0x1942,0x3a44,0x3a42,0x3a44,0x3204,0x31e5,0x29a4,0x31c5,0x29a4,0x3a63,
0x4b03,0x3a43,0x29e1,0x4b02,0x1981,0x08c2,0x0900,0x08e2,0x0080,0x1121,0x1982,0x1142,0x0901,0x1943,0x00a1,0x0062,
0x0080,0x1922,0x1922,0x2984,0x31c5,0x29a5,0x2164,0x29a4,0x42a3,0x4ae2,0x42a2,0x4282,0x1140,0x1121,0x2a01,0x1141,
0x08c1,0x08e1,0x1121,0x0080,0x08e1,0x00c0,0x1121,0x19a1,0x3241,0x3281,0x2a23,0x0920,0x21a2,0x2201,0x21c1,0x1962,
0x2164,0x1943,0x1922,0x1922,0x2164,0x2164,0x29a5,0x31a4,0x5287,0x5aa8,0x62a8,0x62c8,0x62e9,0x5267,0x62ea,0x5ac9,
0x5267,0x4224,0x4a25,0x5aa8,0x62e9,0x62e9,0x62ea,0x6b2a,0x4a67,0x2985,0x10e3,0x0061,0x00a2,0x08e3,0x1123,0x1123,
0x1144,0x0903,0x1985,0x1984,0x1984,0x1984,0x21a5,0x19a4,0x21c5,0x19a5,0x21c5,0x1984,0x19a4,0x21c5,0x2a07,0x21e6,
0x2a06,0x21e5,0x2a06,0x29e5,0x29e6,0x21c5,0x29e6,0x1984,0x21c4,0x21c3,0x1943,0x00a2,0x00c3,0x00e4,0x11e8,0x0186,
0x09c8,0x01c7,0x01a7,0x09e8,0x1a4a,0x01e8,0x0a2a,0x0209,0x0a29,0x0229,0x0a29,0x0229,0x0a29,0x0229,0x0a29,0x0229,
0x0a29,0x0229,0x0a4a,0x0a29,0x0a4a,0x0229,0x0a4a,0x0a29,0x0a4a,0x0a29,0x0a4a,0x0a29,0x0a4a,0x0229,0x0a4a,0x0a49,
0x0a4a,0x0249,0x0a4a,0x0a49,0x0a6a,0x0a49,0x0a4a,0x0a49,0x0a4a,0x0a49,0x0a4a,0x0a49,0x0a4a,0x0a49,0x0a4a,0x0a49,
0x0a4a,0x0a49,0x0a4a,0x0a49,0x0a4a,0x0a49,0x0a4a,0x0a49,0x0a4a,0x0249,0x0a4a,0x0a49,0x0a4a,0x0a49,0x0a4a,0x0a49,
0x0a4a,0x0a49,0x0a4a,0x0a49,0x0a49,0x0229,0x0a49,0x0229,0x0a49,0x0229,0x0a49,0x0229,0x0a49,0x0229,0x0a49,0x0229,
0x0a49,0x0229,0x0a49,0x0a29,0x0a49,0x0229,0x0a29,0x0229,0x0a29,0x0229,0x0a29,0x0209,0x0a29,0x0209,0x0a29,0x0209,
0x0a29,0x0209,0x0a29,0x01e8,0x01e8,0x01e8,0x01e9,0x01c8,0x01c8,0x01c8,0x01c8,0x0187,0x0187,0x0166,0x0166,0x0146,
0x0125,0x0105,0x08e4,0x0081,0x1122,0x1943,0x2163,0x29e2,0x3a23,0x31e3,0x3a25,0x31e5,0x31e5,0x31e6,0x31e5,0x4ae3,
0x4b03,0x3a82,0x2182,0x3242,0x10e2,0x08a2,0x10e3,0x08e2,0x1122,0x0901,0x1122,0x1121,0x1141,0x1142,0x08a2,0x0081,
0x2143,0x3a05,0x4a67,0x4a67,0x4a88,0x3a06,0x31a5,0x31c4,0x4245,0x29c3,0x2143,0x1922,0x1102,0x08e1,0x1102,0x08e1,
0x1141,0x08e1,0x00a0,0x19a1,0x21e1,0x21c2,0x0900,0x2a22,0x3aa1,0x3aa1,0x21e1,0x21e1,0x3aa1,0x42e2,0x42e2,0x29c3,
0x1943,0x2143,0x1923,0x2144,0x2164,0x29a5,0x31c5,0x4206,0x5288,0x5a88,0x5aa8,0x6b0a,0x6b2a,0x6b4b,0x630a,0x6b2b,
0x5ac9,0x3a04,0x39e4,0x4a25,0x4a46,0x62e9,0x6309,0x632a,0x5ae9,0x31a5,0x1903,0x0061,0x00a2,0x1124,0x08e3,0x0903,
0x1123,0x08e3,0x1123,0x1985,0x1144,0x1164,0x19a5,0x21e6,0x21c5,0x21c5,0x19a5,0x1164,0x21c5,0x2a27,0x21e6,0x2206,
0x21e5,0x21e6,0x19c4,0x21e5,0x21c5,0x21c6,0x21a5,0x21a6,0x3205,0x29e5,0x0923,0x00c3,0x00c3,0x0146,0x0145,0x0186,
0x01a7,0x01c7,0x0187,0x0a29,0x01c7,0x0a09,0x0208,0x0a09,0x0229,0x0a29,0x0229,0x0a29,0x0229,0x0a29,0x0229,0x0a29,
0x0229,0x0a29,0x0229,0x0a29,0x0229,0x0a49,0x0229,0x0a49,0x0229,0x0a49,0x0229,0x0a49,0x0229,0x0a49,0x0229,0x0a49,
0x0229,0x0a49,0x0229,0x0a49,0x0249,0x0a49,0x0249,0x0a49,0x0a49,0x0a49,0x0229,0x0a49,0x0229,0x0a49,0x0229,0x0a49,
0x0229,0x0a49,0x0229,0x0a49,0x0229,0x0a49,0x0229,0x0a49,0x0229,0x0a49,0x0229,0x0a49,0x0229,0x0a49,0x0229,0x0a49,
0x0229,0x0a49,0x0229,0x0a49,0x0229,0x0a49,0x0228,0x0a49,0x0229,0x0a49,0x0229,0x0a49,0x0229,0x0a49,0x0228,0x0a49,
0x0229,0x0a49,0x0228,0x0a29,0x0229,0x0a29,0x0229,0x0a29,0x0229,0x0a29,0x0208,0x0a29,0x0208,0x0a09,0x0208,0x0209,
0x0208,0x0a29,0x0208,0x01e8,0x01c8,0x01e8,0x01c8,0x01e8,0x01a7,0x01c8,0x01a7,0x01a7,0x0186,0x0187,0x0166,0x0146,
0x0125,0x0125,0x0104,0x00a2,0x00a1,0x1943,0x1142,0x1942,0x1102,0x10e2,0x1923,0x2165,0x21a5,0x29a5,0x3224,0x5324,
0x3202,0x1922,0x08c2,0x08c2,0x08c2,0x08c2,0x0901,0x1982,0x1981,0x1141,0x08e0,0x1121,0x1121,0x1141,0x1942,0x4246,
0x52a8,0x5a88,0x5aa8,0x5ac9,0x4226,0x4206,0x4206,0x3a06,0x29a5,0x2144,0x1103,0x1943,0x1122,0x1942,0x0921,0x1122,
0x19a1,0x1161,0x1121,0x19a1,0x2a21,0x2a21,0x2a21,0x21c1,0x3262,0x3aa1,0x19a1,0x3261,0x3aa1,0x42e2,0x3222,0x1943,
0x2164,0x2984,0x31a4,0x2143,0x2144,0x2164,0x2144,0x2964,0x5268,0x41e6,0x4a47,0x5288,0x5288,0x62e9,0x6b0a,0x62e9,
0x630a,0x5267,0x6309,0x5aa8,0x5267,0x52a8,0x5267,0x52a8,0x6b2a,0x4227,0x2964,0x08a2,0x00a2,0x08e3,0x0904,0x00e2,
0x1103,0x08c2,0x0903,0x0923,0x1945,0x1144,0x1144,0x1164,0x21a6,0x21a5,0x19a5,0x21e5,0x2a27,0x2a06,0x21e6,0x21e5,
0x21e6,0x21c6,0x21c5,0x21e4,0x21c5,0x1984,0x1985,0x1124,0x2185,0x1964,0x08e2,0x00c3,0x0966,0x0166,0x0166,0x0186,
0x01c8,0x01a7,0x01e8,0x01e8,0x01e8,0x0209,0x0a29,0x0209,0x0a29,0x0229,0x0a29,0x0229,0x0a29,0x0229,0x0a29,0x0229,
0x0a29,0x0a29,0x0a4a,0x0229,0x0a4a,0x0229,0x0a49,0x0229,0x0a4a,0x0229,0x0a4a,0x0229,0x0a4a,0x0a29,0x0a4a,0x0249,
0x0a4a,0x0a49,0x0a4a,0x0249,0x0a4a,0x0a49,0x0a4a,0x0249,0x0a4a,0x0a49,0x0a4a,0x0a49,0x0a4a,0x0a49,0x0a4a,0x0249,
0x0a4a,0x0a49,0x0a4a,0x0a49,0x0a4a,0x0a49,0x0a4a,0x0a29,0x0a4a,0x0a49,0x0a4a,0x0a49,0x0a4a,0x0a49,0x0a4a,0x0249,
0x0a4a,0x0a49,0x0a4a,0x0249,0x0a4a,0x0229,0x0a49,0x0229,0x0a49,0x0229,0x0a49,0x0229,0x0a49,0x0229,0x0a49,0x0229,
0x0a49,0x0229,0x0a29,0x0229,0x0a29,0x0229,0x0a29,0x0229,0x0a29,0x0229,0x0a29,0x0209,0x0a29,0x0209,0x0a29,0x0209,
0x0a29,0x0209,0x0a29,0x0208,0x0209,0x01e8,0x01e9,0x01e8,0x01e8,0x01c7,0x01e8,0x01c8,0x0187,0x0187,0x01a7,0x0166,
0x0146,0x0125,0x0125,0x0104,0x00a2,0x08e1,0x1963,0x1102,0x1103,0x10e2,0x1103,0x1103,0x1944,0x1923,0x29e4,0x3224,
0x1903,0x10e3,0x1103,0x08c3,0x10e3,0x08e2,0x1962,0x21c2,0x19a2,0x1982,0x1121,0x08e1,0x08c1,0x29a2,0x3a24,0x4245,
0x5a88,0x5a88,0x62c9,0x62e9,0x5268,0x4205,0x4226,0x2123,0x1923,0x2143,0x2144,0x1943,0x1943,0x1942,0x1142,0x1962,
0x11a1,0x1180,0x1181,0x08e1,0x08e0,0x29e2,0x21e1,0x2a21,0x21e1,0x3242,0x19c0,0x3aa1,0x3aa1,0x42c3,0x1942,0x2144,
0x1943,0x2984,0x31e5,0x29a3,0x29a4,0x31c5,0x2984,0x4206,0x4266,0x39e5,0x31a4,0x3a06,0x39e5,0x5aa8,0x6309,0x6b0a,
0x5ac9,0x62c9,0x62e9,0x6b2a,0x6309,0x630a,0x4a26,0x4206,0x31a4,0x39e6,0x2964,0x1923,0x0061,0x0082,0x00a2,0x00c2,
0x00c2,0x08c2,0x08e2,0x0902,0x0903,0x1144,0x0924,0x0903,0x00e2,0x0923,0x1984,0x3247,0x2206,0x2a06,0x19c5,0x19c5,
0x19c5,0x21c6,0x19c5,0x21e4,0x2a25,0x21c5,0x08e2,0x0903,0x0923,0x1103,0x0082,0x19e8,0x0186,0x0146,0x0146,0x01a7,
0x01c7,0x01c8,0x01c8,0x01c8,0x01c8,0x0229,0x0208,0x0229,0x0208,0x0229,0x0209,0x0a29,0x0228,0x0229,0x0229,0x0a29,
0x0229,0x0a29,0x0229,0x0a29,0x0229,0x0a29,0x0229,0x0a29,0x0229,0x0a49,0x0229,0x0a49,0x0229,0x0a49,0x0229,0x0a49,
0x0229,0x0a49,0x0229,0x0a49,0x0229,0x0a49,0x0229,0x0a49,0x0229,0x0a49,0x0229,0x0a4a,0x0229,0x0a49,0x0229,0x0a4a,
0x0229,0x0a49,0x0229,0x0a49,0x0229,0x0a49,0x0229,0x0a49,0x0229,0x0a49,0x0229,0x0a49,0x0229,0x0a49,0x0229,0x0a4a,
0x0229,0x0a49,0x0229,0x0a49,0x0229,0x0a49,0x0229,0x0a49,0x0229,0x0a49,0x0229,0x0a49,0x0229,0x0229,0x0229,0x0a29,
0x0228,0x0229,0x0229,0x0a29,0x0208,0x0229,0x0209,0x0a29,0x0208,0x0229,0x0209,0x0a29,0x0208,0x0209,0x0208,0x0a09,
0x0208,0x0a29,0x0208,0x0209,0x0208,0x0208,0x01c8,0x01e8,0x01c7,0x01c8,0x01a7,0x09e8,0x0187,0x0187,0x0187,0x0187,
0x0145,0x0145,0x0104,0x0104,0x1165,0x1924,0x08a1,0x10e2,0x10e2,0x1102,0x10e2,0x1123,0x1123,0x1103,0x1103,0x1923,
0x1103,0x1103,0x10e3,0x1102,0x1962,0x1983,0x1142,0x1122,0x0941,0x1982,0x0060,0x0881,0x2182,0x3a23,0x31c2,0x31c3,
0x4205,0x4a46,0x5287,0x62e9,0x5ac8,0x4224,0x4224,0x29a4,0x1123,0x1944,0x1944,0x29a4,0x1962,0x1102,0x0902,0x1982,
0x19a2,0x19a1,0x21c1,0x1141,0x1140,0x21e1,0x21e1,0x21c1,0x21c1,0x0900,0x21c1,0x3ac2,0x42c3,0x21c1,0x29a2,0x3223,
0x31e2,0x31e3,0x3a04,0x31e4,0x4a67,0x4a47,0x5267,0x4205,0x39e4,0x39e4,0x5aa8,0x5ac8,0x62e9,0x62c9,0x6b0a,0x62e9,
0x5aa8,0x5287,0x5a87,0x62e9,0x62ea,0x52a8,0x6b4c,0x4227,0x2144,0x31c5,0x4a47,0x29a5,0x08a2,0x0061,0x0082,0x0061,
0x00a2,0x08c2,0x08e3,0x0902,0x08e2,0x0903,0x1145,0x0923,0x0922,0x0922,0x1944,0x21a5,0x2a27,0x2a27,0x2a27,0x21e6,
0x1185,0x0903,0x1145,0x1985,0x19c6,0x1165,0x1165,0x1124,0x08c2,0x0061,0x1126,0x0966,0x0146,0x0146,0x0187,0x01c8,
0x01c8,0x01c8,0x01e8,0x01c8,0x01e9,0x0209,0x0a29,0x0209,0x0a29,0x0229,0x0a29,0x0229,0x0a29,0x0229,0x0a29,0x0229,
0x0a29,0x0229,0x0a4a,0x0229,0x0a49,0x0229,0x0a4a,0x0229,0x0a4a,0x0229,0x0a4a,0x0229,0x0a4a,0x0229,0x0a4a,0x0a49,
0x0a4a,0x0229,0x0a4a,0x0229,0x0a4a,0x0229,0x0a4a,0x0a49,0x0a4a,0x0a29,0x0a4a,0x0a29,0x0a4a,0x0249,0x0a4a,0x0a49,
0x0a4a,0x0249,0x0a4a,0x0229,0x0a49,0x0229,0x0a4a,0x0a29,0x0a4a,0x0a29,0x0a4a,0x0a49,0x0a4a,0x0249,0x0a4a,0x0229,
0x0a4a,0x0229,0x0a4a,0x0229,0x0a4a,0x0229,0x0a4a,0x0a29,0x0a4a,0x0229,0x0a4a,0x0229,0x0a29,0x0229,0x0a29,0x0229,
0x0a29,0x0229,0x0a29,0x0229,0x0a29,0x0229,0x0a29,0x0209,0x0a29,0x0209,0x0a29,0x0209,0x0a29,0x0209,0x0a29,0x0209,
0x0a29,0x0209,0x0a29,0x0208,0x0a29,0x0208,0x01e9,0x01c8,0x01e8,0x01c8,0x01a8,0x01c8,0x09e8,0x0167,0x0187,0x0186,
0x0186,0x0145,0x0125,0x0124,0x0945,0x2a28,0x1104,0x0081,0x08c2,0x10e3,0x1924,0x1123,0x1944,0x1123,0x1924,0x1124,
0x1924,0x1103,0x1123,0x1102,0x10e3,0x08c1,0x08a2,0x0082,0x1982,0x0901,0x08a2,0x1923,0x31e3,0x29c2,0x3a04,0x39e4,
0x4205,0x52a7,0x5287,0x5286,0x5285,0x4a63,0x4a65,0x31e4,0x2985,0x29a5,0x3a06,0x4266,0x2183,0x0902,0x1103,0x1102,
0x0100,0x1162,0x11a1,0x0920,0x21e1,0x3ac2,0x3281,0x3261,0x21c0,0x1120,0x1140,0x19a1,0x21c1,0x1981,0x2a21,0x42a2,
0x4281,0x4281,0x3a62,0x3a24,0x4a46,0x4a47,0x4a26,0x5247,0x4a66,0x5aa8,0x5ac8,0x62e9,0x62e9,0x62e9,0x5287,0x62c9,
0x5ac8,0x5aa8,0x5286,0x5aa8,0x4a47,0x4a47,0x52a8,0x31a5,0x2164,0x29a4,0x4a67,0x31e6,0x10e3,0x0062,0x0062,0x0062,
0x0061,0x08c2,0x00c2,0x0902,0x0902,0x0923,0x0923,0x1143,0x1143,0x1143,0x0903,0x0903,0x1144,0x21c6,0x2206,0x1184,
0x00c2,0x08e4,0x00c3,0x0904,0x1165,0x19a6,0x0103,0x00c3,0x08e3,0x1145,0x0124,0x0125,0x0166,0x0187,0x01a7,0x01c8,
0x01c7,0x01c8,0x01c7,0x01c8,0x01e8,0x0229,0x0208,0x0229,0x0229,0x0a29,0x0208,0x0229,0x0209,0x0a29,0x0229,0x0a29,
0x0229,0x0a29,0x0229,0x0a29,0x0229,0x0a29,0x0229,0x0a29,0x0229,0x0a49,0x0229,0x0a49,0x0229,0x0a49,0x0229,0x0a49,
0x0229,0x0a49,0x0229,0x0a49,0x0229,0x0a49,0x0229,0x0a49,0x0229,0x0a49,0x0229,0x0a49,0x0229,0x0a4a,0x0249,0x0a49,
0x0249,0x0a4a,0x0229,0x0a49,0x0229,0x0a49,0x0229,0x0a49,0x0229,0x0a49,0x0229,0x0a49,0x0229,0x0a49,0x0229,0x0a49,
0x0229,0x0a49,0x0229,0x0a49,0x0229,0x0a49,0x0229,0x0a49,0x0229,0x0a29,0x0229,0x0229,0x0229,0x0229,0x0229,0x0229,
0x0229,0x0229,0x0229,0x0229,0x0209,0x0a29,0x0208,0x0229,0x0209,0x0a29,0x0208,0x0229,0x0208,0x0a09,0x0208,0x0209,
0x0208,0x0a29,0x0208,0x0a29,0x0208,0x0a29,0x01e8,0x01e8,0x01a7,0x01c8,0x01a7,0x01a7,0x0187,0x0187,0x0166,0x0167,
0x0166,0x0166,0x0145,0x0125,0x0104,0x0125,0x0104,0x00a2,0x0082,0x0082,0x00a2,0x08c2,0x1103,0x1944,0x1123,0x1124,
0x1103,0x1123,0x1142,0x1103,0x08c3,0x08a2,0x00a2,0x08a2,0x1161,0x1962,0x2984,0x2983,0x3203,0x3a04,0x3a24,0x4a46,
0x5266,0x5ae7,0x4a65,0x4a65,0x4a84,0x52a5,0x4a65,0x4226,0x4206,0x4226,0x3a24,0x29a2,0x08e1,0x0902,0x08e2,0x1102,
0x0901,0x0900,0x1162,0x0920,0x1982,0x2a01,0x3aa1,0x3281,0x3221,0x3a81,0x3ac2,0x21a1,0x2a21,0x3261,0x3241,0x3220,
0x42a2,0x4ac1,0x4ae2,0x42a2,0x4a85,0x4a66,0x4a46,0x4245,0x5267,0x5a88,0x5ac8,0x6309,0x5ac9,0x4206,0x4a47,0x5287,
0x5aa9,0x5aa8,0x62c9,0x5ac8,0x62ea,0x62ea,0x5ac9,0x29a5,0x29a5,0x2184,0x4206,0x31e5,0x2165,0x0082,0x00a3,0x00a2,
0x00a3,0x0081,0x0082,0x00a2,0x08e3,0x1123,0x1143,0x0922,0x1143,0x0903,0x0903,0x0923,0x1144,0x0903,0x0924,0x0124,
0x0945,0x00e3,0x00a2,0x00a2,0x0904,0x1124,0x2165,0x3228,0x324a,0x0145,0x0165,0x0145,0x01a7,0x01c7,0x01e8,0x01c7,
0x01e8,0x01c8,0x01e8,0x01e8,0x0a09,0x0209,0x0a29,0x0229,0x0a29,0x0229,0x0a29,0x0229,0x0a29,0x0229,0x0a29,0x0229,
0x0a29,0x0229,0x0a49,0x0229,0x0a4a,0x0229,0x0a49,0x0229,0x0a4a,0x0229,0x0a49,0x0229,0x0a4a,0x0229,0x0a4a,0x0229,
0x0a4a,0x0229,0x0a4a,0x0229,0x0a4a,0x0229,0x0a4a,0x0249,0x0a4a,0x0249,0x0a4a,0x0249,0x0a4a,0x0a49,0x0a4a,0x0249,
0x0a4a,0x0a49,0x0a4a,0x0249,0x0a4a,0x0a29,0x0a49,0x0229,0x0a4a,0x0a29,0x0a49,0x0229,0x0a4a,0x0229,0x0a49,0x0229,
0x0a4a,0x0229,0x0a4a,0x0229,0x0a4a,0x0229,0x0a49,0x0229,0x0a49,0x0229,0x0a29,0x0229,0x0a29,0x0229,0x0a29,0x0229,
0x0a29,0x0229,0x0a29,0x0229,0x0a29,0x0229,0x0a29,0x0229,0x0a29,0x0229,0x0a29,0x0209,0x0a29,0x0209,0x0a29,0x0209,
0x0a29,0x0209,0x0a29,0x0208,0x0a29,0x0209,0x0a09,0x01c8,0x01c8,0x01a7,0x01a7,0x01a7,0x01a7,0x0187,0x01a7,0x0166,
0x0166,0x0145,0x0146,0x0125,0x0125,0x0124,0x0104,0x00e4,0x0905,0x0904,0x00c3,0x0061,0x10e3,0x08c2,0x08e3,0x1123,
0x1943,0x1143,0x1124,0x1103,0x10e3,0x08c2,0x08c3,0x0081,0x1922,0x4267,0x39e6,0x29a4,0x3a25,0x62c9,0x62e9,0x630a,
0x62c7,0x4a84,0x52a6,0x4a64,0x5285,0x5ac8,0x5aa8,0x4224,0x4244,0x4223,0x31e2,0x08c0,0x1923,0x2163,0x2144,0x2164,
0x0940,0x1141,0x0920,0x1161,0x00c0,0x1121,0x3aa1,0x3aa2,0x1960,0x2a21,0x42c1,0x42e2,0x3aa1,0x3261,0x3241,0x3a61,
0x42a1,0x4ac2,0x42c2,0x4263,0x3a25,0x4246,0x3a23,0x4244,0x4a46,0x5247,0x5267,0x5ac8,0x4246,0x3a06,0x4247,0x4206,
0x41e5,0x62c9,0x5ac8,0x62c9,0x5ae9,0x62e9,0x4a88,0x31c6,0x29a5,0x2184,0x31a5,0x31a5,0x1944,0x0082,0x0083,0x00a3,
0x00a2,0x00c3,0x00a3,0x00a3,0x0081,0x08a2,0x0081,0x08a1,0x00c2,0x0903,0x00e2,0x0902,0x00c1,0x00c2,0x0103,0x0945,
0x0124,0x00c3,0x00a2,0x08c3,0x1145,0x4a8a,0x634d,0x42eb,0x01a6,0x0165,0x0165,0x0987,0x01a7,0x01c7,0x01c7,0x01c8,
0x01c7,0x01c8,0x01e8,0x01e9,0x01e8,0x0209,0x0209,0x0a29,0x0208,0x0229,0x0209,0x0a29,0x0208,0x0229,0x0229,0x0a29,
0x0229,0x0a29,0x0229,0x0a29,0x0229,0x0a29,0x0229,0x0a29,0x0229,0x0a29,0x0229,0x0a29,0x0229,0x0a49,0x0229,0x0a49,
0x0229,0x0a49,0x0229,0x0a49,0x0229,0x0a49,0x0229,0x0a49,0x0229,0x0a49,0x0229,0x0a49,0x0229,0x0a49,0x0249,0x0a4a,
0x0249,0x0a49,0x0229,0x0a49,0x0229,0x0a49,0x0229,0x0a49,0x0229,0x0a49,0x0229,0x0a49,0x0229,0x0a29,0x0229,0x0a29,
0x0229,0x0a49,0x0229,0x0a29,0x0229,0x0229,0x0229,0x0a29,0x0229,0x0229,0x0229,0x0229,0x0228,0x0229,0x0229,0x0229,
0x0228,0x0229,0x0209,0x0229,0x0208,0x0229,0x0209,0x0229,0x0208,0x0229,0x0209,0x0a29,0x0208,0x0229,0x0208,0x0229,
0x0208,0x0a29,0x0208,0x0a29,0x0208,0x0209,0x01c8,0x01c8,0x01c7,0x01c7,0x01a7,0x01a7,0x0187,0x0187,0x01a7,0x01a7,
0x0165,0x0146,0x0125,0x0125,0x0124,0x0125,0x0104,0x0104,0x00c3,0x00e4,0x00c3,0x00a3,0x0082,0x00a3,0x0041,0x08a2,
0x00c1,0x08c2,0x08c3,0x08e3,0x00a2,0x0082,0x0041,0x0062,0x3a07,0x4a68,0x39c5,0x4246,0x31e3,0x52a7,0x5ae9,0x630a,
0x5ac7,0x5285,0x4a64,0x4a63,0x5285,0x6309,0x4a85,0x4263,0x3a43,0x3a22,0x1901,0x2964,0x3a05,0x4226,0x31c5,0x2143,
0x1161,0x1161,0x1161,0x1160,0x08e0,0x1140,0x3a62,0x29e1,0x08e0,0x0900,0x3222,0x3aa1,0x42e2,0x29e1,0x2a02,0x42c2,
0x4b02,0x4ae2,0x4283,0x3223,0x3a25,0x3203,0x3a03,0x4245,0x5267,0x4a47,0x5288,0x4a46,0x2983,0x3a06,0x5aa9,0x39c5,
0x4a67,0x62e9,0x62ea,0x5ac9,0x6b0a,0x6309,0x4206,0x29a5,0x3a06,0x31e5,0x3a06,0x31a6,0x2164,0x00a2,0x00a4,0x00a3,
0x00a3,0x00a3,0x00c4,0x00c3,0x08e4,0x00a3,0x00a3,0x00a3,0x00a3,0x00a2,0x08e3,0x00c3,0x00c3,0x00a2,0x00e3,0x00c3,
0x00e4,0x0104,0x0925,0x21e8,0x2a49,0x19c7,0x19c8,0x0166,0x0187,0x0165,0x09a6,0x1229,0x09e8,0x01c7,0x01e8,0x01c7,
0x0a09,0x0209,0x09e9,0x01e8,0x0209,0x0209,0x0a29,0x0229,0x0a29,0x0229,0x0a29,0x0209,0x0a29,0x0229,0x0a29,0x0229,
0x0a29,0x0229,0x0a29,0x0229,0x0a49,0x0229,0x0a4a,0x0229,0x0a49,0x0229,0x0a4a,0x0229,0x0a4a,0x0229,0x0a4a,0x0229,
0x0a4a,0x0229,0x0a4a,0x0229,0x0a4a,0x0229,0x0a4a,0x0229,0x0a4a,0x0229,0x0a4a,0x0a49,0x0a4a,0x0249,0x0a4a,0x0a49,
0x0a4a,0x0a49,0x0a4a,0x0a49,0x0a4a,0x0a29,0x0a4a,0x0229,0x0a49,0x0229,0x0a4a,0x0a29,0x0a49,0x0229,0x0a4a,0x0229,
0x0a49,0x0229,0x0a4a,0x0229,0x0a49,0x0229,0x0a29,0x0229,0x0a29,0x0229,0x0a29,0x0229,0x0229,0x0229,0x0a29,0x0229,
0x0229,0x0229,0x0a29,0x0229,0x0a29,0x0209,0x0a29,0x0209,0x0a29,0x0229,0x0a29,0x0209,0x0a29,0x0209,0x0a29,0x0209,
0x0a29,0x0208,0x0a29,0x0209,0x0a29,0x01e8,0x01e8,0x01c8,0x0a08,0x01c8,0x01c8,0x01a7,0x01a7,0x0187,0x0187,0x0186,
0x0187,0x0145,0x0126,0x0125,0x0145,0x0125,0x0125,0x0104,0x0104,0x00e3,0x00e4,0x00c3,0x00a3,0x0924,0x1986,0x00c3,
0x00c3,0x00c3,0x00c3,0x0903,0x08e3,0x0081,0x0021,0x2144,0x4a47,0x4a27,0x5268,0x4225,0x31e2,0x4a65,0x6b2b,0x62e9,
0x5aa7,0x52a6,0x3a03,0x31e3,0x4a46,0x4a65,0x4223,0x4264,0x4264,0x3203,0x2123,0x2964,0x39e5,0x39e5,0x31e5,0x10e1,
0x1161,0x1161,0x1140,0x0920,0x00a0,0x0900,0x0900,0x0900,0x08e0,0x21c1,0x42c2,0x4ae2,0x3261,0x21a1,0x0900,0x1960,
0x29e0,0x3222,0x21a0,0x3202,0x29c1,0x3a02,0x4244,0x5267,0x5267,0x5247,0x4205,0x39e4,0x31a4,0x4a47,0x4a67,0x5267,
0x5288,0x5aa9,0x4a47,0x4206,0x31c5,0x4207,0x39e5,0x29a5,0x4245,0x4246,0x31a4,0x29a5,0x2985,0x10e4,0x00a3,0x00c4,
0x00a3,0x00c3,0x0082,0x00a3,0x0083,0x00c3,0x00a3,0x00e4,0x00c3,0x00c3,0x00c3,0x0925,0x0125,0x0125,0x0104,0x00e4,
0x00e4,0x00e4,0x0104,0x0125,0x0105,0x0104,0x00e4,0x0125,0x0166,0x09c7,0x0a08,0x01c8,0x01a7,0x01c8,0x01a7,0x0a09,
0x126a,0x01e8,0x01c8,0x01e8,0x0208,0x0229,0x0208,0x0229,0x0209,0x0229,0x0208,0x0229,0x0209,0x0a29,0x0228,0x0229,
0x0229,0x0a29,0x0229,0x0a29,0x0229,0x0a29,0x0229,0x0a29,0x0229,0x0a49,0x0229,0x0a49,0x0229,0x0a49,0x0229,0x0a49,
0x0229,0x0a49,0x0229,0x0a49,0x0229,0x0a49,0x0229,0x0a49,0x0229,0x0a49,0x0229,0x0a49,0x0229,0x0a49,0x0229,0x0a49,
0x0249,0x0a4a,0x0249,0x0a49,0x0229,0x0a49,0x0229,0x0a49,0x0229,0x0a49,0x0229,0x0a49,0x0229,0x0a49,0x0229,0x0a29,
0x0229,0x0a29,0x0229,0x0a29,0x0229,0x0a29,0x0229,0x0229,0x0209,0x0229,0x0208,0x0229,0x0209,0x0229,0x0208,0x0229,
0x0209,0x0229,0x0208,0x0229,0x0209,0x0a29,0x0208,0x0229,0x0209,0x0229,0x0208,0x0229,0x0209,0x0a29,0x0208,0x0209,
0x0208,0x0a29,0x0208,0x0209,0x0208,0x01e8,0x01c7,0x01e8,0x01e8,0x09e8,0x01c7,0x01c8,0x0187,0x0187,0x0166,0x0166,
0x0146,0x0146,0x0125,0x0125,0x0105,0x0125,0x0104,0x0104,0x00e3,0x00e4,0x00e3,0x00c3,0x00a3,0x00e4,0x0945,0x0986,
0x0945,0x0945,0x00e3,0x00e3,0x00c3,0x0083,0x1103,0x3a27,0x4247,0x5ac9,0x5ac8,0x5287,0x3a04,0x5287,0x5288,0x5ae9,
0x5287,0x4a65,0x31c1,0x4204,0x4225,0x4a45,0x4245,0x4a64,0x4283,0x3a63,0x3202,0x31e4,0x39e5,0x3a05,0x3204,0x29a3,
0x19a2,0x1161,0x1120,0x1141,0x08e1,0x0900,0x1121,0x0941,0x0921,0x2a42,0x4b02,0x4b01,0x3222,0x08e0,0x3a82,0x3221,
0x1120,0x21c1,0x3a82,0x3a42,0x4224,0x4223,0x4a85,0x52a6,0x5287,0x4225,0x39e4,0x39e4,0x4a67,0x4a47,0x52a9,0x5288,
0x5a89,0x62c9,0x62ea,0x4227,0x1944,0x2985,0x39e6,0x2164,0x31c4,0x3a05,0x4227,0x31c5,0x31c6,0x1944,0x00c4,0x00e4,
0x0105,0x00e4,0x00e4,0x0082,0x00a3,0x00a3,0x00c4,0x00c3,0x00e4,0x00c3,0x00e4,0x00e4,0x0105,0x0104,0x0105,0x00e4,
0x00e4,0x00e4,0x0104,0x0125,0x0145,0x0104,0x0966,0x2a49,0x1a29,0x09c8,0x01a7,0x01c7,0x01e8,0x01c8,0x01e8,0x0208,
0x09e9,0x01c8,0x01e8,0x01e8,0x0a29,0x0209,0x0a29,0x0209,0x0a29,0x0209,0x0a29,0x0209,0x0a29,0x0229,0x0a29,0x0229,
0x0a29,0x0229,0x0a29,0x0229,0x0a4a,0x0229,0x0a4a,0x0229,0x0a4a,0x0229,0x0a49,0x0229,0x0a4a,0x0229,0x0a4a,0x0229,
0x0a4a,0x0229,0x0a49,0x0229,0x0a4a,0x0229,0x0a49,0x0229,0x0a4a,0x0229,0x0a4a,0x0229,0x0a4a,0x0229,0x0a4a,0x0249,
0x0a4a,0x0a49,0x0a4a,0x0249,0x0a4a,0x0a49,0x0a4a,0x0229,0x0a4a,0x0229,0x0a4a,0x0249,0x0a4a,0x0229,0x0a4a,0x0229,
0x0a4a,0x0229,0x0a49,0x0229,0x0a4a,0x0229,0x0a29,0x0229,0x0a29,0x0229,0x0a29,0x0229,0x0a29,0x0229,0x0229,0x0209,
0x0a29,0x0229,0x0a29,0x0229,0x0a29,0x0229,0x0a29,0x0209,0x0a29,0x0209,0x0a29,0x0209,0x0a29,0x0209,0x0a29,0x0209,
0x0a29,0x0209,0x0a29,0x0209,0x0209,0x01c8,0x01e8,0x01c8,0x09e8,0x01e8,0x09e8,0x01c7,0x01a8,0x01a7,0x0187,0x0166,
0x0166,0x0145,0x0146,0x0125,0x0125,0x0125,0x0145,0x0104,0x0104,0x0104,0x1186,0x0104,0x00a2,0x00a2,0x0944,0x0944,
0x0944,0x0123,0x00e3,0x0082,0x00a3,0x0083,0x29c6,0x52a8,0x62ea,0x5ae9,0x630a,0x5ac9,0x5a88,0x62e9,0x5288,0x4a68,
0x5267,0x4243,0x52a4,0x4a65,0x5a88,0x62e9,0x62c9,0x5287,0x4244,0x3a22,0x3a22,0x39e4,0x4226,0x3a23,0x3202,0x2181,
0x1180,0x1141,0x00a0,0x0080,0x0080,0x0901,0x0080,0x08e1,0x0920,0x21c1,0x42e2,0x4b02,0x2a01,0x08e0,0x19a1,0x42e2,
0x3241,0x3221,0x42e2,0x4ae3,0x4262,0x4243,0x4242,0x4a64,0x4225,0x4204,0x3a03,0x31c4,0x4246,0x4a68,0x4207,0x4247,
0x4206,0x5aa8,0x52a9,0x31c6,0x2165,0x31c6,0x31e6,0x2164,0x2163,0x31e5,0x3a26,0x3a06,0x29a4,0x1923,0x00a3,0x00e4,
0x0104,0x0125,0x0125,0x0104,0x00c3,0x00c3,0x00c3,0x00e4,0x00c3,0x00e4,0x00e4,0x0104,0x0104,0x0104,0x0104,0x0104,
0x0104,0x0104,0x0104,0x0125,0x0145,0x11a7,0x1a08,0x11e8,0x0166,0x0187,0x01a7,0x01c8,0x01c7,0x01c8,0x01c7,0x01c8,
0x01c8,0x01e8,0x01c8,0x0209,0x0208,0x0229,0x0209,0x0229,0x0208,0x0229,0x0209,0x0229,0x0208,0x0229,0x0229,0x0a29,
0x0229,0x0a29,0x0229,0x0a29,0x0229,0x0a29,0x0229,0x0a29,0x0229,0x0a49,0x0229,0x0a49,0x0229,0x0a49,0x0229,0x0a49,
0x0229,0x0a49,0x0229,0x0a49,0x0229,0x0a49,0x0229,0x0a49,0x0229,0x0a49,0x0229,0x0a49,0x0229,0x0a49,0x0229,0x0a4a,
0x0229,0x0a49,0x0229,0x0a49,0x0229,0x0a49,0x0229,0x0a49,0x0229,0x0a49,0x0229,0x0a4a,0x0229,0x0a49,0x0229,0x0a29,
0x0229,0x0a29,0x0229,0x0a29,0x0229,0x0229,0x0229,0x0229,0x0208,0x0229,0x0209,0x0229,0x0208,0x0229,0x0209,0x0229,
0x0208,0x0229,0x0209,0x0229,0x0208,0x0229,0x0209,0x0a29,0x0208,0x0229,0x0209,0x0a29,0x0208,0x0229,0x0209,0x0a09,
0x0208,0x0a29,0x0208,0x0a29,0x01e8,0x01e8,0x01c7,0x01c8,0x01c7,0x01c8,0x01e8,0x09e8,0x01a7,0x01a7,0x0166,0x0186,
0x0166,0x0166,0x0145,0x0125,0x0105,0x0125,0x0125,0x0145,0x0104,0x0104,0x0945,0x2208,0x21e7,0x19c6,0x0964,0x0123,
0x0123,0x0103,0x00a2,0x00a3,0x0082,0x1104,0x4268,0x62ea,0x52a8,0x4226,0x3a06,0x4a27,0x5288,0x5aa9,0x4a67,0x4207,
0x4226,0x4a65,0x4a64,0x5ac8,0x62e9,0x5aa8,0x5267,0x5a88,0x4a66,0x4245,0x3a24,0x4246,0x3a04,0x3a22,0x3201,0x31e2,
0x1181,0x0920,0x08e1,0x0080,0x1141,0x1181,0x1121,0x08e0,0x1141,0x0900,0x2161,0x1921,0x1941,0x1120,0x3242,0x42c2,
0x3a62,0x3261,0x42c2,0x42a1,0x42a2,0x3a41,0x4243,0x3a03,0x4205,0x4264,0x3a23,0x2122,0x31a5,0x4226,0x39c6,0x3185,
0x39e6,0x31a5,0x31a6,0x2185,0x2985,0x3a06,0x3a07,0x29a5,0x31c6,0x29a5,0x31c6,0x31c6,0x29a5,0x1103,0x00c3,0x00c3,
0x0105,0x00e4,0x00e4,0x00e4,0x0145,0x0104,0x00e4,0x00c3,0x00e4,0x00e4,0x0125,0x0124,0x0125,0x0104,0x0125,0x0124,
0x0125,0x0145,0x11a7,0x0986,0x0186,0x0186,0x0187,0x0186,0x01a7,0x01a7,0x01c8,0x01c7,0x01e8,0x01c8,0x01e8,0x01e8,
0x01e8,0x01e8,0x0a09,0x0209,0x0229,0x0209,0x0a29,0x0209,0x0a29,0x0209,0x0a29,0x0209,0x0a29,0x0229,0x0a29,0x0229,
0x0a29,0x0229,0x0a29,0x0229,0x0a49,0x0229,0x0a4a,0x0229,0x0a49,0x0229,0x0a4a,0x0229,0x0a4a,0x0229,0x0a4a,0x0a49,
0x0a4a,0x0249,0x0a4a,0x0229,0x0a49,0x0229,0x0a4a,0x0229,0x0a4a,0x0229,0x0a4a,0x0229,0x0a4a,0x0229,0x0a4a,0x0a49,
0x0a4a,0x0249,0x0a4a,0x0229,0x0a4a,0x0249,0x0a4a,0x0a49,0x0a4a,0x0249,0x0a4a,0x0a49,0x0a4a,0x0229,0x0a4a,0x0229,
0x0a49,0x0229,0x0a4a,0x0229,0x0a49,0x0229,0x0a29,0x0229,0x0a29,0x0229,0x0a29,0x0229,0x0229,0x0229,0x0a29,0x0229,
0x0229,0x0229,0x0a29,0x0229,0x0a29,0x0229,0x0a29,0x0209,0x0a29,0x0209,0x0a29,0x0209,0x0a29,0x0209,0x0a29,0x0209,
0x0a29,0x0209,0x0a29,0x0209,0x0208,0x01e8,0x09e8,0x01c8,0x01c8,0x01a7,0x09e8,0x01e8,0x09e8,0x01a7,0x01a7,0x0186,
0x0186,0x0166,0x0166,0x0145,0x0125,0x0125,0x0125,0x0105,0x0125,0x0105,0x0125,0x0104,0x11a7,0x3aab,0x3aaa,0x19a6,
0x0905,0x00e4,0x00c4,0x00c3,0x00a3,0x29a5,0x5ac9,0x4207,0x39c6,0x31c5,0x4a47,0x5aea,0x5aa9,0x5267,0x39c6,0x2964,
0x39c5,0x6b2a,0x62e9,0x5ae9,0x6309,0x5267,0x4a46,0x5287,0x5a88,0x4a65,0x4224,0x4225,0x39e4,0x31e2,0x31e2,0x29c2,
0x1160,0x1981,0x1161,0x1141,0x0940,0x1181,0x1160,0x1161,0x08e0,0x08e0,0x0080,0x00a0,0x1140,0x21a0,0x42c2,0x42e2,
0x1960,0x3a82,0x42c1,0x42a1,0x42a1,0x3a61,0x3221,0x3a22,0x2181,0x3202,0x3a43,0x4245,0x4a46,0x630a,0x5ae9,0x4a47,
0x3a06,0x3a06,0x29a5,0x2165,0x2164,0x1923,0x29a5,0x3a27,0x31e6,0x31c6,0x2185,0x31e6,0x2184,0x08e3,0x00c3,0x00e4,
0x0104,0x00e4,0x00c3,0x00c4,0x0125,0x0145,0x00e4,0x0104,0x00e4,0x0104,0x0104,0x0125,0x0104,0x0105,0x0125,0x0145,
0x0125,0x0146,0x0145,0x0145,0x0125,0x0166,0x01a7,0x01a7,0x01a7,0x01a7,0x01a7,0x01c8,0x01c7,0x01e8,0x01e7,0x01e8,
0x01c7,0x01e8,0x0208,0x0209,0x0208,0x0209,0x0208,0x0229,0x0209,0x0229,0x0208,0x0229,0x0209,0x0229,0x0228,0x0a29,
0x0229,0x0a29,0x0229,0x0a29,0x0229,0x0a29,0x0229,0x0a29,0x0229,0x0a49,0x0229,0x0a49,0x0229,0x0a49,0x0229,0x0a49,
0x0229,0x0a49,0x0229,0x0a49,0x0229,0x0a49,0x0229,0x0a49,0x0229,0x0a49,0x0229,0x0a49,0x0229,0x0a49,0x0229,0x0a49,
0x0229,0x0a49,0x0229,0x0a49,0x0229,0x0a49,0x0229,0x0a49,0x0229,0x0a4a,0x0229,0x0a49,0x0229,0x0a49,0x0229,0x0a49,
0x0229,0x0a49,0x0229,0x0a29,0x0229,0x0a29,0x0229,0x0a29,0x0229,0x0229,0x0208,0x0229,0x0209,0x0229,0x0208,0x0229,
0x0209,0x0229,0x0208,0x0229,0x0209,0x0a29,0x0208,0x0229,0x0209,0x0a29,0x0208,0x0229,0x0209,0x0a29,0x0208,0x0a29,
0x0208,0x0a09,0x0208,0x0a29,0x01e8,0x01e8,0x01c7,0x01c8,0x01c7,0x01c7,0x01a7,0x01e8,0x01c7,0x01c7,0x01a7,0x01a7,
0x0166,0x0166,0x0145,0x0146,0x0125,0x0125,0x0104,0x0125,0x0105,0x0105,0x00e4,0x0104,0x00e4,0x00e4,0x0104,0x0925,
0x00c4,0x00c4,0x00c3,0x00e4,0x00c3,0x2985,0x4226,0x4226,0x52a8,0x62e9,0x5ac9,0x62ea,0x5288,0x5ac9,0x4a67,0x39c5,
0x39c6,0x52a9,0x5288,0x5ac9,0x5ac8,0x62c9,0x5287,0x5a87,0x5287,0x5287,0x3a03,0x31e2,0x29a2,0x31e3,0x21a1,0x21a2,
0x1981,0x1161,0x1141,0x0940,0x1161,0x1161,0x1180,0x1180,0x1961,0x08e0,0x08c1,0x08a0,0x1121,0x1120,0x2a01,0x42c3,
0x1121,0x1120,0x3222,0x3201,0x4aa2,0x4ac2,0x3201,0x3222,0x3a22,0x29e1,0x31e3,0x31e4,0x4a68,0x4a47,0x39c6,0x31c5,
0x39e7,0x4247,0x4248,0x2985,0x2985,0x1923,0x29a5,0x4247,0x4a68,0x31e6,0x2985,0x29a5,0x2985,0x0082,0x00e4,0x00e4,
0x0105,0x00e4,0x00e4,0x00e4,0x00e5,0x00e4,0x0105,0x0104,0x0125,0x0105,0x0125,0x0104,0x0105,0x0104,0x0125,0x0125,
0x0146,0x0145,0x0146,0x0145,0x0187,0x01a7,0x01c8,0x01a7,0x01c8,0x01c8,0x01e8,0x01c7,0x01e8,0x01e8,0x01e8,0x01e8,
0x0209,0x0209,0x0a29,0x0208,0x0a29,0x0209,0x0a29,0x0209,0x0a29,0x0209,0x0a29,0x0209,0x0a29,0x0229,0x0a29,0x0229,
0x0a29,0x0229,0x0a29,0x0229,0x0a4a,0x0229,0x0a4a,0x0229,0x0a4a,0x0229,0x0a49,0x0229,0x0a4a,0x0229,0x0a4a,0x0249,
0x0a4a,0x0229,0x0a4a,0x0229,0x0a4a,0x0229,0x0a4a,0x0229,0x0a4a,0x0a29,0x0a4a,0x0229,0x0a4a,0x0a29,0x0a4a,0x0229,
0x0a4a,0x0229,0x0a49,0x0229,0x0a4a,0x0229,0x0a4a,0x0a49,0x0a4a,0x0a49,0x0a4a,0x0249,0x0a4a,0x0a49,0x0a4a,0x0229,
0x0a4a,0x0229,0x0a49,0x0229,0x0a4a,0x0229,0x0a49,0x0229,0x0a4a,0x0229,0x0a29,0x0229,0x0a29,0x0229,0x0229,0x0229,
0x0a29,0x0229,0x0a29,0x0209,0x0a29,0x0209,0x0a29,0x0209,0x0a29,0x0209,0x0a29,0x0209,0x0a29,0x0209,0x0a29,0x0209,
0x0a29,0x0209,0x0a29,0x0229,0x0a09,0x01e8,0x01e8,0x01c7,0x01e8,0x01c7,0x01c7,0x01c7,0x09e8,0x01c7,0x01c7,0x01a6,
0x01a7,0x0186,0x0166,0x0146,0x0166,0x0125,0x0125,0x0125,0x0125,0x0105,0x0125,0x0104,0x0125,0x00e4,0x0105,0x00e4,
0x00c4,0x00a4,0x00c4,0x00c3,0x1145,0x2165,0x2985,0x5288,0x5aca,0x52a8,0x5ac9,0x5288,0x5288,0x4227,0x4227,0x4a47,
0x4a28,0x31a5,0x52a8,0x5ac9,0x62c8,0x5287,0x5aa8,0x5267,0x4a27,0x5268,0x4a66,0x31c1,0x3a03,0x31e3,0x31e2,0x29c2,
0x08e0,0x0900,0x1140,0x21c1,0x1180,0x19a0,0x2a21,0x3261,0x21e1,0x08e0,0x00a0,0x00a0,0x00c1,0x0901,0x0921,0x21a1,
0x0901,0x08e1,0x08e0,0x1101,0x1941,0x3202,0x1961,0x2181,0x29e2,0x29c3,0x1102,0x1944,0x1944,0x1944,0x1924,0x1944,
0x2164,0x4248,0x31e6,0x29a6,0x29a5,0x2164,0x29a4,0x4a47,0x4226,0x3a06,0x1943,0x1903,0x1923,0x00a2,0x00e4,0x0105,
0x0145,0x0125,0x0124,0x0125,0x00e4,0x0105,0x00e4,0x0125,0x0104,0x0125,0x0125,0x0125,0x0104,0x0125,0x0125,0x0145,
0x0125,0x0146,0x0146,0x0187,0x01a7,0x01c7,0x01a7,0x01c8,0x01c7,0x01e8,0x01c7,0x01c8,0x01c7,0x01e8,0x01e8,0x0209,
0x0208,0x0209,0x0208,0x0a09,0x0208,0x0229,0x0209,0x0229,0x0208,0x0229,0x0209,0x0229,0x0208,0x0229,0x0229,0x0a29,
0x0229,0x0a29,0x0229,0x0a29,0x0229,0x0a29,0x0229,0x0a29,0x0229,0x0a49,0x0229,0x0a49,0x0229,0x0a49,0x0229,0x0a49,
0x0229,0x0a49,0x0229,0x0a49,0x0229,0x0a29,0x0229,0x0a49,0x0229,0x0a29,0x0229,0x0a49,0x0229,0x0a49,0x0229,0x0a49,
0x0229,0x0a49,0x0229,0x0a49,0x0229,0x0a49,0x0229,0x0a4a,0x0249,0x0a49,0x0229,0x0a4a,0x0229,0x0a49,0x0229,0x0a49,
0x0229,0x0a49,0x0229,0x0a29,0x0229,0x0a29,0x0229,0x0a29,0x0229,0x0229,0x0229,0x0229,0x0208,0x0229,0x0209,0x0229,
0x0229,0x0229,0x0209,0x0a29,0x0208,0x0229,0x0209,0x0a29,0x0208,0x0229,0x0209,0x0a29,0x0208,0x0229,0x0209,0x0a29,
0x0208,0x0a29,0x0208,0x0a29,0x0208,0x0208,0x01c8,0x01c8,0x01c7,0x01c8,0x01a7,0x01a7,0x01a7,0x01c7,0x01a7,0x01c7,
0x0186,0x0186,0x0166,0x0166,0x0145,0x0145,0x0125,0x0125,0x0125,0x0125,0x0105,0x0125,0x0105,0x0105,0x00e4,0x00e4,
0x00e4,0x0104,0x00c4,0x00e4,0x1944,0x2165,0x1923,0x4a48,0x4227,0x3a06,0x4247,0x5ac9,0x4247,0x31c5,0x3a06,0x4a27,
0x31c5,0x31c6,0x3a06,0x5aa9,0x5aa8,0x5aa8,0x5288,0x5267,0x4a47,0x5267,0x4a67,0x31e3,0x3202,0x3a23,0x29e2,0x29a2,
0x1141,0x1160,0x1981,0x2201,0x2202,0x2201,0x3281,0x3261,0x1140,0x1120,0x1121,0x00a0,0x08e1,0x0901,0x1122,0x1121,
0x1121,0x0901,0x1122,0x1122,0x1102,0x1922,0x1922,0x1141,0x1922,0x1102,0x2165,0x2164,0x1944,0x1944,0x2165,0x1944,
0x2985,0x29a5,0x29a6,0x29c6,0x3a07,0x29a5,0x39e6,0x4247,0x31e5,0x2984,0x1924,0x1923,0x1903,0x0082,0x0105,0x0125,
0x2229,0x0125,0x0146,0x0125,0x0125,0x0125,0x0126,0x0125,0x0145,0x0145,0x0146,0x0145,0x0166,0x0166,0x0166,0x0166,
0x0187,0x0186,0x01a7,0x01a7,0x01c8,0x01a7,0x01c8,0x01a7,0x01c8,0x01c7,0x01e8,0x01e8,0x0208,0x0208,0x0a29,0x0209,
0x0a29,0x0209,0x0a29,0x0209,0x0a29,0x0209,0x0a29,0x0209,0x0a29,0x0229,0x0a29,0x0229,0x0a29,0x0229,0x0a29,0x0229,
0x0a29,0x0229,0x0a29,0x0229,0x0a49,0x0229,0x0a4a,0x0229,0x0a49,0x0229,0x0a4a,0x0229,0x0a49,0x0229,0x0a4a,0x0229,
0x0a4a,0x0229,0x0a4a,0x0a29,0x0a4a,0x0229,0x0a4a,0x0229,0x0a4a,0x0229,0x0a4a,0x0229,0x0a4a,0x0229,0x0a4a,0x0229,
0x0a4a,0x0229,0x0a4a,0x0a49,0x0a4a,0x0249,0x0a4a,0x0a49,0x0a4a,0x0a49,0x0a4a,0x0a49,0x0a4a,0x0249,0x0a4a,0x0a49,
0x0a4a,0x0249,0x0a4a,0x0229,0x0a4a,0x0229,0x0a4a,0x0229,0x0a49,0x0229,0x0a29,0x0229,0x0a29,0x0229,0x0a29,0x0229,
0x0a29,0x0229,0x0a29,0x0229,0x0a29,0x0229,0x0a29,0x0209,0x0a29,0x0209,0x0a29,0x0209,0x0a29,0x0209,0x0a29,0x0209,
0x0a29,0x0209,0x0a29,0x0209,0x0a29,0x0208,0x0a09,0x01e8,0x01e8,0x01c7,0x01c8,0x01a7,0x01a8,0x01a7,0x01a7,0x01a7,
0x01c7,0x0186,0x0187,0x0186,0x0166,0x0145,0x0146,0x0125,0x0125,0x0125,0x0125,0x0125,0x0125,0x0125,0x0105,0x00e4,
0x0105,0x00e4,0x00e5,0x00e3,0x2165,0x2184,0x2964,0x5289,0x4a68,0x39e6,0x4a47,0x4226,0x4a68,0x4227,0x62ea,0x4a47,
0x39e6,0x3a06,0x4a48,0x5aa8,0x5267,0x5267,0x4205,0x4225,0x5287,0x4225,0x39e4,0x31e3,0x3a22,0x3201,0x3202,0x29c1,
0x19a0,0x21e1,0x19a0,0x21c0,0x1981,0x1160,0x2221,0x2a02,0x19a1,0x2a21,0x29e1,0x1101,0x00a1,0x08e1,0x0901,0x0901,
0x08e1,0x1122,0x1101,0x1122,0x1102,0x1922,0x1121,0x1922,0x1943,0x2164,0x2164,0x1923,0x1923,0x1944,0x1123,0x2185,
0x1944,0x2164,0x2164,0x31c6,0x31e6,0x31c6,0x4247,0x2984,0x1102,0x1923,0x1923,0x1923,0x08c2,0x00a3,0x0104,0x0945,
0x3a8a,0x0187,0x0166,0x0166,0x0146,0x0187,0x0146,0x0146,0x0145,0x0146,0x0145,0x0166,0x0186,0x01a7,0x01a6,0x01a7,
0x0187,0x01a7,0x01a6,0x01a7,0x01a7,0x01c7,0x01a7,0x01e8,0x01e8,0x01e8,0x01e8,0x0208,0x0208,0x0a09,0x0208,0x0209,
0x0208,0x0209,0x0208,0x0209,0x0208,0x0209,0x0208,0x0229,0x0209,0x0a29,0x0209,0x0229,0x0229,0x0a29,0x0228,0x0229,
0x0229,0x0a29,0x0229,0x0a29,0x0229,0x0a29,0x0229,0x0a49,0x0229,0x0a49,0x0229,0x0a49,0x0229,0x0a49,0x0229,0x0a49,
0x0229,0x0a49,0x0229,0x0a49,0x0229,0x0a49,0x0229,0x0a49,0x0229,0x0a49,0x0229,0x0a49,0x0229,0x0a49,0x0229,0x0a49,
0x0229,0x0a49,0x0229,0x0a49,0x0229,0x0a4a,0x0229,0x0a49,0x0249,0x0a4a,0x0249,0x0a4a,0x0249,0x0a4a,0x0229,0x0a49,
0x0229,0x0a49,0x0229,0x0a49,0x0229,0x0a49,0x0229,0x0a49,0x0229,0x0a29,0x0229,0x0229,0x0229,0x0a29,0x0228,0x0a29,
0x0229,0x0a29,0x0208,0x0229,0x0209,0x0a29,0x0208,0x0209,0x0208,0x0209,0x0208,0x0229,0x0208,0x0a09,0x0208,0x0209,
0x0208,0x0a09,0x0208,0x0209,0x0208,0x0209,0x0208,0x0209,0x01e8,0x01c8,0x01a7,0x01a7,0x01a7,0x01c8,0x01a7,0x01a7,
0x0187,0x01a7,0x0186,0x01a7,0x01a7,0x01a7,0x0166,0x0146,0x0125,0x0125,0x0125,0x0125,0x0105,0x0105,0x00e4,0x0104,
0x00e4,0x0125,0x00e4,0x00e3,0x1944,0x29a5,0x2163,0x4a47,0x5289,0x4227,0x39e6,0x31c6,0x3a07,0x4207,0x4a47,0x4a47,
0x4a68,0x5288,0x4a68,0x4a47,0x4206,0x4a67,0x29a3,0x31c2,0x3a43,0x3202,0x29c1,0x3201,0x3221,0x3222,0x29e1,0x29c1,
0x19e2,0x11a1,0x19c1,0x21e1,0x21e1,0x21e1,0x1981,0x1980,0x2a21,0x2a41,0x3a62,0x2a02,0x1101,0x08e1,0x08e1,0x08e1,
0x08e1,0x0901,0x1123,0x1102,0x1902,0x1922,0x1902,0x2985,0x29c5,0x1943,0x2165,0x1944,0x2165,0x2144,0x2165,0x2185,
0x2985,0x2164,0x29a5,0x2164,0x29a6,0x4248,0x4247,0x10e1,0x2183,0x1943,0x1923,0x1103,0x0083,0x00e4,0x0104,0x21c7,
0x534d,0x01a7,0x01a7,0x0186,0x0187,0x1229,0x09a7,0x0146,0x0167,0x0166,0x0187,0x0187,0x01a7,0x0187,0x01a7,0x01a7,
0x01a7,0x01a7,0x01c8,0x01a7,0x01c8,0x01c7,0x01e8,0x01e8,0x0a09,0x0208,0x0209,0x0209,0x0a29,0x0209,0x0229,0x0209,
0x0a29,0x0209,0x0a29,0x0209,0x0a29,0x0209,0x0a29,0x0209,0x0a29,0x0209,0x0a29,0x0229,0x0a29,0x0229,0x0a29,0x0229,
0x0a29,0x0229,0x0a29,0x0229,0x0a4a,0x0229,0x0a49,0x0229,0x0a4a,0x0229,0x0a49,0x0229,0x0a4a,0x0229,0x0a4a,0x0229,
0x0a4a,0x0229,0x0a49,0x0229,0x0a4a,0x0229,0x0a4a,0x0229,0x0a4a,0x0229,0x0a4a,0x0249,0x0a4a,0x0a49,0x0a4a,0x0229,
0x0a4a,0x0a49,0x0a4a,0x0249,0x0a4a,0x0a49,0x0a4a,0x0249,0x0a4a,0x0a49,0x0a4a,0x0a49,0x0a4a,0x0a49,0x0a4a,0x0249,
0x0a4a,0x0229,0x0a4a,0x0229,0x0a4a,0x0229,0x0a4a,0x0229,0x0a4a,0x0229,0x0a49,0x0229,0x0a29,0x0229,0x0a29,0x0229,
0x0a29,0x0229,0x0a29,0x0229,0x0a29,0x0229,0x0a29,0x0229,0x0a29,0x0209,0x0a29,0x0208,0x0a29,0x0209,0x0a29,0x0208,
0x0a29,0x0209,0x0a29,0x0208,0x0a29,0x0208,0x0a09,0x0208,0x0a29,0x01e8,0x0209,0x01c8,0x01c8,0x01c7,0x01c8,0x01a7,
0x01a7,0x0187,0x0187,0x0187,0x01a7,0x01a7,0x01a7,0x0146,0x0146,0x0145,0x0146,0x0125,0x0126,0x0125,0x0125,0x0105,
0x0125,0x0125,0x00e5,0x00c3,0x2144,0x29a5,0x2985,0x39e6,0x4227,0x31c5,0x31c6,0x31e5,0x4a47,0x4207,0x4207,0x4247,
0x4a47,0x31c5,0x4207,0x4207,0x4227,0x4a68,0x4a27,0x31a3,0x31e3,0x2181,0x2181,0x29e1,0x3a22,0x3201,0x29e2,0x21c1,
0x0961,0x19c2,0x2201,0x1161,0x2201,0x2a40,0x1180,0x21e1,0x2200,0x2a21,0x19a0,0x1141,0x0901,0x08e1,0x08c1,0x08e2,
0x08e1,0x1122,0x1103,0x10e2,0x1101,0x1942,0x1943,0x2985,0x2164,0x1943,0x2185,0x29a6,0x2185,0x1944,0x1944,0x29a6,
0x1943,0x1963,0x21a5,0x2164,0x2184,0x31e6,0x2143,0x1922,0x1101,0x1923,0x10e2,0x08a2,0x00a2,0x0105,0x00c3,0x3a8a,
0x430c,0x01a7,0x0186,0x01a7,0x0186,0x1a8a,0x01c7,0x0187,0x0186,0x01a7,0x0186,0x01a7,0x0186,0x01a7,0x0187,0x01a7,
0x01a7,0x01a7,0x01a7,0x01c8,0x01c7,0x01e8,0x01e8,0x0209,0x0208,0x0209,0x01e8,0x0209,0x0208,0x0209,0x0208,0x0209,
0x0208,0x0209,0x0208,0x0209,0x0208,0x0229,0x0209,0x0229,0x0208,0x0229,0x0209,0x0a29,0x0228,0x0229,0x0229,0x0a29,
0x0229,0x0a29,0x0229,0x0a29,0x0229,0x0a29,0x0229,0x0a49,0x0229,0x0a49,0x0229,0x0a49,0x0229,0x0a49,0x0229,0x0a49,
0x0229,0x0a29,0x0229,0x0a49,0x0229,0x0a49,0x0229,0x0a49,0x0229,0x0a49,0x0229,0x0a49,0x0229,0x0a49,0x0229,0x0a49,
0x0229,0x0a49,0x0229,0x0a4a,0x0229,0x0a49,0x0229,0x0a4a,0x0249,0x0a49,0x0229,0x0a4a,0x0229,0x0a49,0x0229,0x0a49,
0x0229,0x0a49,0x0229,0x0a49,0x0229,0x0a49,0x0229,0x0a49,0x0229,0x0a29,0x0229,0x0a29,0x0229,0x0a29,0x0229,0x0a29,
0x0229,0x0229,0x0229,0x0a29,0x0229,0x0a29,0x0209,0x0a29,0x0208,0x0229,0x0208,0x0a29,0x0208,0x0229,0x0208,0x0a29,
0x0208,0x0a29,0x0208,0x0a09,0x0208,0x0209,0x0208,0x0209,0x0208,0x0209,0x01e8,0x0208,0x01c7,0x01c7,0x01a7,0x01a7,
0x01a7,0x01a7,0x01a7,0x0187,0x0186,0x0187,0x0186,0x0166,0x0145,0x0146,0x0145,0x0146,0x0125,0x0125,0x0125,0x0125,
0x0125,0x0125,0x00c4,0x08c3,0x2144,0x31a6,0x29a5,0x31c6,0x2165,0x39e6,0x4a47,0x4a47,0x4a47,0x4247,0x2144,0x3a07,
0x31c5,0x29c6,0x3a06,0x3a07,0x3a27,0x4a47,0x4a67,0x4206,0x2143,0x1902,0x1101,0x29e2,0x2a01,0x29e1,0x21a1,0x1961,
0x08e0,0x1161,0x1161,0x00a0,0x1981,0x2a41,0x2a02,0x3281,0x3aa2,0x2201,0x3a82,0x2201,0x08e1,0x0081,0x10e2,0x08e1,
0x1102,0x1962,0x1923,0x08e1,0x1942,0x1963,0x2164,0x2164,0x1922,0x1963,0x29a6,0x29a6,0x29a6,0x2144,0x2165,0x2185,
0x2163,0x1942,0x1963,0x10e2,0x1904,0x1923,0x1943,0x1122,0x1102,0x10e2,0x08a2,0x0082,0x00e4,0x00e4,0x1166,0x4b4d,
0x1a49,0x0186,0x01a7,0x0187,0x01c8,0x0a29,0x01a7,0x0187,0x01a7,0x0187,0x01a7,0x01a7,0x01a7,0x01a7,0x01c8,0x01c7,
0x01c8,0x01c7,0x01c8,0x01c8,0x01e8,0x01e8,0x0a09,0x0208,0x0209,0x0208,0x0a29,0x0209,0x0a29,0x0208,0x0a29,0x0209,
0x0229,0x0209,0x0a29,0x0209,0x0a29,0x0209,0x0a29,0x0209,0x0a29,0x0229,0x0a29,0x0229,0x0a29,0x0229,0x0a29,0x0229,
0x0a29,0x0229,0x0a29,0x0229,0x0a49,0x0229,0x0a4a,0x0229,0x0a49,0x0229,0x0a4a,0x0229,0x0a49,0x0229,0x0a4a,0x0229,
0x0a4a,0x0229,0x0a4a,0x0229,0x0a4a,0x0229,0x0a4a,0x0229,0x0a4a,0x0229,0x0a4a,0x0a49,0x0a4a,0x0249,0x0a4a,0x0a49,
0x0a4a,0x0249,0x0a4a,0x0a49,0x0a4a,0x0249,0x0a4a,0x0a49,0x0a4a,0x0249,0x0a4a,0x0229,0x0a4a,0x0229,0x0a4a,0x0229,
0x0a49,0x0229,0x0a4a,0x0a29,0x0a49,0x0229,0x0a4a,0x0a29,0x0a4a,0x0229,0x0a4a,0x0229,0x0a49,0x0229,0x0a29,0x0229,
0x0a29,0x0229,0x0a29,0x0229,0x0a29,0x0229,0x0a29,0x0229,0x0a29,0x0208,0x0a29,0x0209,0x0a29,0x0209,0x0a29,0x0209,
0x0a29,0x0209,0x0a29,0x0208,0x0a09,0x0208,0x0a09,0x0208,0x0209,0x0208,0x0a09,0x01e8,0x0208,0x01c8,0x01c8,0x01a7,
0x01a7,0x01a7,0x09e8,0x01c7,0x01a7,0x0186,0x0187,0x0166,0x0166,0x0145,0x0146,0x0125,0x0146,0x0125,0x0146,0x0125,
0x0146,0x0125,0x0125,0x08e3,0x2985,0x29a4,0x29a6,0x29a5,0x1924,0x3a07,0x5268,0x4a68,0x5248,0x4227,0x29a6,0x31c6,
0x29a5,0x29a5,0x3a07,0x31e6,0x4207,0x4226,0x5aa8,0x4226,0x31c4,0x2162,0x29c2,0x21a1,0x21a1,0x29e1,0x29c1,0x1961,
0x0920,0x1161,0x0940,0x00c1,0x00a0,0x19a1,0x1160,0x2a41,0x3ac1,0x2a02,0x2a20,0x3a82,0x21c1,0x10e1,0x08c1,0x10e2,
0x08c2,0x10e1,0x08e1,0x1121,0x1101,0x1943,0x1122,0x1122,0x0900,0x1943,0x2164,0x31c6,0x29a6,0x29a6,0x2164,0x29a6,
0x2165,0x2164,0x1122,0x1102,0x1103,0x1923,0x1923,0x1943,0x1102,0x0882,0x0081,0x00c3,0x0986,0x00e4,0x32ab,0x2a8a,
0x0166,0x0187,0x0186,0x01a7,0x01a7,0x01c8,0x0186,0x01a7,0x0187,0x01a7,0x01a7,0x01c8,0x01a7,0x01c8,0x01c7,0x01c8,
0x01c8,0x01e8,0x01e8,0x01e8,0x01c8,0x0208,0x01e8,0x0209,0x0208,0x0209,0x0208,0x0209,0x0208,0x0209,0x0208,0x0209,
0x0208,0x0209,0x0208,0x0209,0x0208,0x0229,0x0208,0x0229,0x0209,0x0229,0x0208,0x0229,0x0229,0x0a29,0x0228,0x0a29,
0x0229,0x0a29,0x0229,0x0a29,0x0229,0x0a29,0x0229,0x0229,0x0229,0x0a29,0x0229,0x0a49,0x0229,0x0a49,0x0229,0x0a49,
0x0229,0x0a49,0x0229,0x0a49,0x0229,0x0a49,0x0229,0x0a49,0x0229,0x0a49,0x0229,0x0a49,0x0229,0x0a4a,0x0229,0x0a49,
0x0229,0x0a49,0x0229,0x0a49,0x0229,0x0a49,0x0229,0x0a49,0x0229,0x0a49,0x0229,0x0a49,0x0229,0x0a49,0x0229,0x0229,
0x0229,0x0a29,0x0229,0x0a29,0x0229,0x0a29,0x0229,0x0a29,0x0229,0x0a29,0x0229,0x0a49,0x0229,0x0a29,0x0229,0x0a29,
0x0229,0x0229,0x0208,0x0229,0x0229,0x0a29,0x0208,0x0229,0x0208,0x0a29,0x0208,0x0229,0x0208,0x0a29,0x0208,0x0229,
0x0208,0x0a29,0x0208,0x0209,0x0208,0x0209,0x0208,0x0209,0x01e8,0x0209,0x01e8,0x0208,0x01e8,0x01e8,0x01c7,0x01a7,
0x01a7,0x01c8,0x01a7,0x01a7,0x01a7,0x01a7,0x0186,0x0186,0x0146,0x0166,0x0145,0x0166,0x0146,0x0146,0x0125,0x0146,
0x0125,0x0145,0x0125,0x08c3,0x1943,0x2984,0x2184,0x2985,0x1103,0x1904,0x1923,0x39c6,0x4206,0x3a07,0x1964,0x2185,
0x29c5,0x29a5,0x29c5,0x31e6,0x3a06,0x4a47,0x4246,0x39e5,0x29e2,0x29c1,0x2182,0x1942,0x1942,0x29c1,0x21a1,0x1961,
0x1161,0x0961,0x1141,0x00a0,0x0080,0x0900,0x0901,0x1160,0x3a82,0x3262,0x1981,0x2201,0x2a02,0x1981,0x08e2,0x08e2,
0x08c2,0x1120,0x21a2,0x1121,0x1943,0x2164,0x1943,0x1102,0x2164,0x2185,0x29a5,0x2184,0x2985,0x31c6,0x29a5,0x2164,
0x2965,0x2185,0x10e2,0x1102,0x2144,0x1923,0x1943,0x1923,0x1903,0x0081,0x0082,0x19a6,0x1167,0x0987,0x226a,0x0145,
0x0167,0x0187,0x01a7,0x0186,0x09c8,0x01a7,0x01a7,0x01a7,0x01a8,0x01a7,0x01e8,0x01c8,0x01c8,0x01c8,0x01e8,0x01c8,
0x01e8,0x01e8,0x01e8,0x01e8,0x0209,0x0208,0x0209,0x0208,0x0a09,0x0208,0x0a09,0x0208,0x0a09,0x0209,0x0a29,0x0209,
0x0a29,0x0209,0x0a29,0x0209,0x0a29,0x0209,0x0a29,0x0209,0x0a29,0x0209,0x0a29,0x0229,0x0a29,0x0229,0x0a29,0x0229,
0x0a29,0x0229,0x0a29,0x0229,0x0a4a,0x0229,0x0a49,0x0229,0x0a4a,0x0229,0x0a49,0x0229,0x0a4a,0x0229,0x0a49,0x0229,
0x0a4a,0x0229,0x0a4a,0x0229,0x0a4a,0x0229,0x0a4a,0x0229,0x0a4a,0x0a49,0x0a4a,0x0249,0x0a4a,0x0a49,0x0a4a,0x0249,
0x0a4a,0x0a49,0x0a4a,0x0249,0x0a4a,0x0a49,0x0a4a,0x0249,0x0a4a,0x0a49,0x0a4a,0x0229,0x0a4a,0x0229,0x0a49,0x0229,
0x0a4a,0x0229,0x0a29,0x0229,0x0a2a,0x0229,0x0a49,0x0229,0x0a4a,0x0229,0x0a49,0x0229,0x0a4a,0x0229,0x0a29,0x0229,
0x0a29,0x0229,0x0a29,0x0229,0x0a29,0x0229,0x0a29,0x0229,0x0a29,0x0229,0x0a29,0x0209,0x0a29,0x0209,0x0a29,0x0208,
0x0a29,0x0209,0x0a29,0x0208,0x0a09,0x0208,0x0a09,0x0208,0x0a09,0x0208,0x0209,0x01e8,0x0209,0x01e8,0x01e8,0x01c7,
0x01c8,0x01a7,0x01a8,0x01a7,0x01a7,0x01a7,0x01a7,0x0166,0x0167,0x0166,0x0166,0x0166,0x0187,0x0146,0x0146,0x0145,
0x0146,0x0145,0x0125,0x00a2,0x1903,0x2185,0x2165,0x2144,0x2144,0x10e3,0x1103,0x08c2,0x31c6,0x31e6,0x2184,0x2164,
0x31e7,0x31c6,0x4227,0x4226,0x4a67,0x3a06,0x3a06,0x3a05,0x31e3,0x1942,0x2984,0x31e6,0x31e6,0x2162,0x29a2,0x2162,
0x0961,0x0900,0x0060,0x0060,0x0040,0x0921,0x00e0,0x08c1,0x1160,0x21c2,0x00a0,0x08e1,0x0901,0x1101,0x08e2,0x08e2,
0x00c0,0x2a02,0x2a02,0x1943,0x1943,0x2185,0x2185,0x2985,0x2185,0x2985,0x2164,0x2184,0x2184,0x2985,0x2164,0x2144,
0x1922,0x1903,0x08a1,0x1923,0x1923,0x1943,0x1942,0x1903,0x10c2,0x0082,0x0904,0x21e8,0x00c3,0x09a7,0x0125,0x0146,
0x0186,0x01a7,0x0187,0x01a7,0x01c7,0x01c7,0x01a7,0x01a7,0x01a7,0x01c8,0x01c7,0x01c8,0x01c7,0x01c8,0x01c8,0x01c8,
0x01c7,0x01e8,0x01e8,0x0209,0x01e8,0x0208,0x01e8,0x0209,0x0208,0x0209,0x0208,0x0209,0x0208,0x0209,0x0208,0x0209,
0x0208,0x0209,0x0208,0x0209,0x0208,0x0229,0x0208,0x0229,0x0208,0x0229,0x0209,0x0229,0x0208,0x0229,0x0229,0x0a29,
0x0229,0x0a29,0x0229,0x0a29,0x0229,0x0a29,0x0229,0x0a29,0x0229,0x0229,0x0229,0x0a49,0x0229,0x0a49,0x0229,0x0a49,
0x0229,0x0a49,0x0229,0x0a49,0x0229,0x0a49,0x0229,0x0a49,0x0229,0x0a49,0x0229,0x0a4a,0x0229,0x0a49,0x0249,0x0a49,
0x0229,0x0a49,0x0229,0x0a49,0x0229,0x0a49,0x0229,0x0a4a,0x0229,0x0a49,0x0229,0x0a49,0x0229,0x0a29,0x0229,0x0a29,
0x0229,0x0a29,0x0229,0x0a29,0x0229,0x0229,0x0229,0x0a29,0x0229,0x0a29,0x0229,0x0a29,0x0229,0x0229,0x0229,0x0229,
0x0228,0x0229,0x0229,0x0229,0x0228,0x0229,0x0229,0x0a29,0x0208,0x0229,0x0208,0x0229,0x0208,0x0229,0x0208,0x0a29,
0x0208,0x0209,0x0208,0x0a09,0x0208,0x0209,0x0208,0x0209,0x01e8,0x0208,0x01e8,0x0209,0x01e8,0x0208,0x01e8,0x01e8,
0x01c7,0x01a7,0x0187,0x0187,0x0186,0x01a7,0x01a7,0x01a7,0x0166,0x0166,0x0146,0x0166,0x01a7,0x0166,0x0145,0x0146,
0x0125,0x0145,0x0104,0x00a2,0x1103,0x31c6,0x2165,0x2144,0x1924,0x10c3,0x10e3,0x1903,0x1102,0x3a07,0x4247,0x4227,
0x4247,0x4a68,0x5288,0x4a67,0x31c5,0x31e6,0x31c6,0x3a06,0x29c4,0x29a4,0x31e5,0x31c6,0x31c5,0x31c5,0x1943,0x1922,
0x1181,0x0941,0x1141,0x1121,0x08a1,0x00a1,0x08a2,0x0081,0x08a1,0x0902,0x08c2,0x08c1,0x08e2,0x08c2,0x1103,0x08e2,
0x1982,0x1981,0x1962,0x1963,0x1964,0x2185,0x29a5,0x2185,0x2165,0x2165,0x29a6,0x2985,0x2164,0x1963,0x1943,0x1101,
0x1922,0x08a0,0x1903,0x1103,0x1923,0x1923,0x1923,0x1103,0x08c3,0x00c3,0x3a8b,0x0945,0x2229,0x0966,0x0146,0x0166,
0x0187,0x0166,0x0167,0x01c8,0x01e8,0x01a7,0x01e8,0x01c8,0x01e8,0x01c7,0x01e8,0x01c8,0x01c8,0x01c7,0x01e8,0x01e8,
0x01e8,0x01e8,0x0209,0x0209,0x0a09,0x0208,0x0a09,0x0209,0x0229,0x0208,0x0a29,0x0209,0x0229,0x0209,0x0a29,0x0209,
0x0a29,0x0209,0x0a29,0x0209,0x0a29,0x0209,0x0a29,0x0229,0x0229,0x0229,0x0a29,0x0229,0x0a29,0x0229,0x0a29,0x0229,
0x0a29,0x0229,0x0a4a,0x0229,0x0a49,0x0229,0x0a4a,0x0229,0x0a49,0x0229,0x0a4a,0x0229,0x0a4a,0x0229,0x0a4a,0x0229,
0x0a4a,0x0229,0x0a4a,0x0229,0x0a4a,0x0229,0x0a4a,0x0a49,0x0a4a,0x0249,0x0a4a,0x0a49,0x0a4a,0x0249,0x0a4a,0x0a49,
0x0a4a,0x0a49,0x0a4a,0x0a49,0x0a4a,0x0249,0x0a4a,0x0a49,0x0a4a,0x0249,0x0a4a,0x0a49,0x0a4a,0x0229,0x0a4a,0x0229,
0x0a49,0x0229,0x0a4a,0x0229,0x0a49,0x0229,0x0a4a,0x0229,0x0a29,0x0229,0x0a29,0x0229,0x0a49,0x0229,0x0a29,0x0229,
0x0229,0x0229,0x0a29,0x0229,0x0a29,0x0229,0x0a29,0x0229,0x0a29,0x0209,0x0a29,0x0209,0x0a29,0x0208,0x0a29,0x0209,
0x0a29,0x0208,0x0a29,0x0208,0x0a09,0x0208,0x0a09,0x0208,0x0209,0x0208,0x0a09,0x01e8,0x0209,0x01e8,0x0209,0x01e8,
0x0a09,0x01c8,0x01a8,0x01a7,0x01c8,0x0187,0x01c7,0x01c7,0x01a7,0x0166,0x0187,0x0146,0x11e8,0x0186,0x0166,0x0125,
0x0145,0x0125,0x0125,0x00a2,0x08c2,0x29a6,0x29a6,0x1924,0x2145,0x1103,0x1904,0x2165,0x1904,0x2164,0x4247,0x3a06,
0x4227,0x4227,0x4a68,0x3a06,0x31e6,0x29c5,0x2985,0x2984,0x29a4,0x2163,0x29a5,0x31e6,0x31e6,0x29a4,0x21a3,0x1121,
0x1161,0x1181,0x0940,0x0901,0x00c1,0x08a2,0x00c1,0x08c1,0x0080,0x08a1,0x08e1,0x0901,0x1141,0x1121,0x08e1,0x1102,
0x1102,0x1123,0x1142,0x1941,0x1123,0x2185,0x2185,0x2985,0x2165,0x29a5,0x2184,0x1963,0x1102,0x1102,0x1121,0x1921,
0x08e1,0x08a1,0x08c2,0x10e3,0x10e2,0x1903,0x10e2,0x0904,0x00e4,0x42ab,0x430b,0x326a,0x11c7,0x0125,0x0145,0x0166,
0x0166,0x0166,0x0186,0x09e8,0x0186,0x0187,0x01c7,0x0208,0x01e8,0x01e8,0x01e8,0x01e8,0x01c8,0x01e8,0x01e8,0x0208,
0x01e8,0x0208,0x0208,0x0209,0x01e8,0x0209,0x0208,0x0209,0x0208,0x0209,0x0208,0x0209,0x0208,0x0209,0x0208,0x0209,
0x0208,0x0209,0x0208,0x0209,0x0209,0x0229,0x0208,0x0229,0x0209,0x0229,0x0208,0x0229,0x0229,0x0a29,0x0229,0x0a29,
0x0229,0x0a29,0x0229,0x0a29,0x0229,0x0a29,0x0229,0x0229,0x0229,0x0a29,0x0229,0x0229,0x0229,0x0a49,0x0229,0x0a49,
0x0229,0x0a49,0x0229,0x0a49,0x0229,0x0a49,0x0229,0x0a49,0x0229,0x0a4a,0x0229,0x0a49,0x0229,0x0a4a,0x0249,0x0a49,
0x0229,0x0a4a,0x0249,0x0a49,0x0249,0x0a49,0x0229,0x0a49,0x0229,0x0a4a,0x0229,0x0a49,0x0229,0x0a49,0x0229,0x0a29,
0x0229,0x0a29,0x0229,0x0a29,0x0229,0x0a29,0x0229,0x0229,0x0229,0x0a29,0x0229,0x0229,0x0229,0x0a29,0x0228,0x0229,
0x0209,0x0229,0x0208,0x0229,0x0209,0x0a29,0x0228,0x0229,0x0208,0x0a09,0x0208,0x0209,0x0208,0x0209,0x0208,0x0209,
0x0208,0x0209,0x0208,0x0209,0x0208,0x0209,0x0208,0x0209,0x01e8,0x0208,0x01e8,0x0208,0x01e8,0x0209,0x01e8,0x0208,
0x01e8,0x01e8,0x01e8,0x01e8,0x01c8,0x01a7,0x0186,0x01c7,0x01a7,0x0187,0x0166,0x0166,0x0166,0x0167,0x0125,0x0146,
0x0125,0x0125,0x0104,0x00e4,0x0061,0x2144,0x2164,0x1103,0x1924,0x1944,0x1103,0x2185,0x1944,0x1962,0x21a3,0x3a26,
0x3a26,0x4227,0x3a07,0x39e6,0x31c6,0x31c6,0x29a5,0x2985,0x29a5,0x29a5,0x1943,0x31c6,0x31c6,0x29a4,0x2182,0x2182,
0x1141,0x1141,0x1121,0x0040,0x00a1,0x0901,0x1121,0x1141,0x1121,0x00c1,0x08c2,0x00c1,0x1981,0x21c2,0x1942,0x08c1,
0x10e3,0x1123,0x1943,0x1102,0x1923,0x1923,0x2164,0x1943,0x2143,0x1943,0x21a4,0x1963,0x1943,0x1963,0x2163,0x1942,
0x08c2,0x08a2,0x08c2,0x08a2,0x08a2,0x1104,0x08e4,0x00e4,0x3a8b,0x634d,0x532d,0x11a7,0x0125,0x0146,0x0166,0x01a6,
0x09a7,0x0166,0x09c8,0x01a7,0x0187,0x0186,0x01e8,0x01e8,0x0209,0x01e8,0x0209,0x01e8,0x0a09,0x01e8,0x0209,0x01e8,
0x0209,0x0208,0x0229,0x0208,0x0a09,0x0208,0x0209,0x0208,0x0a09,0x0208,0x0209,0x0208,0x0a29,0x0209,0x0a29,0x0209,
0x0a29,0x0209,0x0a29,0x0209,0x0a29,0x0209,0x0229,0x0229,0x0a29,0x0229,0x0229,0x0229,0x0a29,0x0229,0x0a49,0x0229,
0x0a4a,0x0229,0x0a49,0x0229,0x0a4a,0x0229,0x0a49,0x0229,0x0a4a,0x0229,0x0a49,0x0229,0x0a4a,0x0229,0x0a49,0x0229,
0x0a4a,0x0229,0x0a49,0x0229,0x0a4a,0x0229,0x0a4a,0x0229,0x0a4a,0x0a49,0x0a4a,0x0249,0x0a4a,0x0a49,0x0a4a,0x0249,
0x0a4a,0x0a49,0x0a4a,0x0a49,0x0a4a,0x0a49,0x0a4a,0x0249,0x0a4a,0x0a49,0x0a4a,0x0a49,0x0a4a,0x0a29,0x0a4a,0x0229,
0x0a4a,0x0229,0x0a4a,0x0229,0x0a4a,0x0229,0x0a49,0x0229,0x0a4a,0x0229,0x0a29,0x0229,0x0a29,0x0229,0x0a29,0x0229,
0x0a29,0x0229,0x0229,0x0229,0x0a29,0x0229,0x0a29,0x0229,0x0a29,0x0209,0x0a29,0x0208,0x0a09,0x0208,0x0209,0x0208,
0x0a09,0x0208,0x0209,0x0208,0x0a09,0x0208,0x0209,0x0208,0x0a09,0x01e8,0x0209,0x01e8,0x0a09,0x01e8,0x0208,0x01e8,
0x0209,0x01e8,0x01e8,0x01e8,0x0209,0x01e8,0x01c8,0x01a7,0x01c8,0x0166,0x0187,0x0166,0x0166,0x0166,0x0146,0x0125,
0x0146,0x0125,0x0125,0x00e4,0x0082,0x08c2,0x1943,0x1102,0x2165,0x2165,0x1924,0x2164,0x2145,0x2163,0x2163,0x29e5,
0x4247,0x4227,0x4248,0x31e6,0x31c6,0x29a5,0x31c6,0x29c6,0x31e7,0x31e6,0x31c6,0x2164,0x31e6,0x31e6,0x29c5,0x21a4,
0x0080,0x08e1,0x00a0,0x0020,0x0080,0x1141,0x0920,0x1161,0x1181,0x1161,0x08c1,0x08a2,0x08e1,0x08e1,0x0080,0x0081,
0x00a1,0x1102,0x1123,0x1122,0x08e1,0x1101,0x10e1,0x1102,0x1101,0x1942,0x2183,0x29c5,0x21a4,0x29a5,0x2184,0x2164,
0x00a1,0x00a2,0x0082,0x00a3,0x00c3,0x00a3,0x00c3,0x324a,0x634c,0x52eb,0x0966,0x0105,0x0165,0x0986,0x0186,0x09a7,
0x01a6,0x01a7,0x01a7,0x01a7,0x0186,0x01c7,0x01e8,0x0208,0x01e7,0x01e8,0x01e8,0x0208,0x01e8,0x0209,0x01e8,0x0209,
0x01e8,0x0208,0x0208,0x0209,0x01e8,0x0208,0x01e8,0x0209,0x01e8,0x0209,0x0208,0x0209,0x0208,0x0209,0x0208,0x0209,
0x0208,0x0209,0x0209,0x0229,0x0208,0x0229,0x0208,0x0229,0x0208,0x0229,0x0229,0x0229,0x0229,0x0229,0x0229,0x0a29,
0x0229,0x0229,0x0229,0x0a29,0x0229,0x0a29,0x0229,0x0a29,0x0229,0x0a29,0x0229,0x0a29,0x0229,0x0a29,0x0229,0x0a49,
0x0229,0x0a49,0x0229,0x0a49,0x0229,0x0a49,0x0229,0x0a49,0x0229,0x0a49,0x0229,0x0a4a,0x0229,0x0a49,0x0249,0x0a49,
0x0229,0x0a49,0x0a49,0x0a49,0x0229,0x0a49,0x0249,0x0a4a,0x0249,0x0a49,0x0249,0x0a4a,0x0249,0x0a49,0x0229,0x0a49,
0x0229,0x0a29,0x0229,0x0a49,0x0229,0x0a29,0x0229,0x0a29,0x0229,0x0a29,0x0229,0x0a29,0x0229,0x0229,0x0229,0x0229,
0x0228,0x0229,0x0209,0x0a29,0x0208,0x0229,0x0208,0x0229,0x0208,0x0a29,0x0208,0x0209,0x0208,0x0209,0x0208,0x0209,
0x0208,0x0209,0x0208,0x0209,0x01e8,0x0208,0x01e8,0x0209,0x01e8,0x0208,0x01e8,0x01e8,0x01e8,0x0208,0x01e8,0x0208,
0x01e8,0x01e8,0x01e8,0x01e8,0x01e8,0x01c8,0x01a7,0x01a7,0x0166,0x0166,0x0166,0x0166,0x0145,0x0166,0x0125,0x0125,
0x0125,0x0125,0x0104,0x00e4,0x00a2,0x0081,0x1102,0x1923,0x1943,0x2165,0x08e2,0x2144,0x2144,0x2164,0x2164,0x2164,
0x31e6,0x4247,0x3a06,0x31e6,0x29c3,0x3205,0x31e6,0x31e6,0x31e6,0x31e6,0x29a5,0x2164,0x29c5,0x29a5,0x1963,0x2163,
0x0902,0x00e1,0x08e2,0x0040,0x08c1,0x0961,0x1161,0x0900,0x19a1,0x11a0,0x1162,0x0901,0x08e3,0x08e2,0x08c2,0x0081,
0x0081,0x08e2,0x1923,0x1122,0x1122,0x1102,0x1121,0x1101,0x1102,0x1121,0x2162,0x2183,0x2184,0x10e2,0x08c2,0x08a1,
0x0061,0x0082,0x00e5,0x00c4,0x00a4,0x0925,0x42cb,0x5b4d,0x5b4d,0x19e8,0x0125,0x0165,0x09a6,0x01a6,0x09a7,0x0186,
0x09c7,0x09c7,0x09e8,0x09c7,0x09e8,0x09e7,0x09e8,0x01c7,0x01c8,0x01c7,0x01e8,0x01e8,0x0209,0x0208,0x0a09,0x01e8,
0x0209,0x0208,0x0209,0x01e8,0x0209,0x01e8,0x0a09,0x0208,0x0209,0x0208,0x0a09,0x0208,0x0a09,0x0208,0x0a29,0x0209,
0x0a29,0x0209,0x0a29,0x0209,0x0a29,0x0229,0x0a29,0x0229,0x0229,0x0229,0x0a29,0x0229,0x0a29,0x0229,0x0a4a,0x0229,
0x0a49,0x0229,0x0a4a,0x0229,0x0a49,0x0229,0x0a4a,0x0229,0x0a29,0x0229,0x0a4a,0x0229,0x0a49,0x0229,0x0a4a,0x0229,
0x0a4a,0x0229,0x0a4a,0x0229,0x0a4a,0x0229,0x0a4a,0x0a49,0x0a4a,0x0249,0x0a4a,0x0a49,0x0a4a,0x0a49,0x0a4a,0x0a49,
0x0a4a,0x0a49,0x0a4a,0x0a49,0x0a4a,0x0249,0x0a4a,0x0a49,0x0a4a,0x0a49,0x0a4a,0x0a49,0x0a4a,0x0229,0x0a4a,0x0229,
0x0a49,0x0229,0x0a4a,0x0229,0x0a49,0x0229,0x0a4a,0x0229,0x0a49,0x0229,0x0a4a,0x0229,0x0a29,0x0229,0x0a29,0x0229,
0x0a29,0x0229,0x0a29,0x0229,0x0a29,0x0229,0x0a29,0x0229,0x0a29,0x0208,0x0a29,0x0209,0x0a29,0x0208,0x0a09,0x0208,
0x0209,0x0208,0x0a29,0x0208,0x0209,0x0208,0x0a09,0x0208,0x0209,0x01e8,0x0a09,0x01e8,0x0209,0x01e8,0x0209,0x01e8,
0x01e8,0x01c7,0x01c8,0x01e8,0x01e8,0x09c7,0x11e7,0x09c6,0x0186,0x0186,0x0986,0x0186,0x0166,0x0165,0x0166,0x0145,
0x0166,0x0125,0x0125,0x00e4,0x00e4,0x08e3,0x0082,0x08c2,0x1123,0x1102,0x10e2,0x2164,0x2985,0x2164,0x29a6,0x2185,
0x1923,0x31e5,0x3a07,0x3a06,0x3a26,0x3a05,0x3a06,0x3206,0x3a07,0x31e6,0x31c6,0x29a5,0x29c5,0x2183,0x1941,0x1962,
0x0921,0x1142,0x0921,0x00a0,0x0900,0x1181,0x0921,0x0080,0x1121,0x19a1,0x1161,0x1982,0x0902,0x10e3,0x08c2,0x08c2,
0x0081,0x1102,0x1122,0x1122,0x1102,0x1922,0x1101,0x1942,0x1921,0x1922,0x1942,0x1943,0x1102,0x10e3,0x08a2,0x0061,
0x00a2,0x00a3,0x00a3,0x0104,0x19e8,0x432d,0x4b4c,0x42eb,0x09c7,0x0186,0x0165,0x01a6,0x0186,0x09a6,0x0186,0x09e7,
0x01c7,0x09c7,0x01c7,0x09e7,0x09c7,0x09e7,0x01e7,0x01c7,0x01a7,0x01c8,0x01e8,0x0208,0x01e8,0x0209,0x01e8,0x0209,
0x01e8,0x0209,0x0208,0x0209,0x01e8,0x0209,0x01e8,0x0209,0x01e8,0x0209,0x01e8,0x0209,0x0208,0x0209,0x0208,0x0209,
0x0208,0x0209,0x0208,0x0229,0x0209,0x0229,0x0208,0x0229,0x0209,0x0229,0x0228,0x0229,0x0229,0x0229,0x0229,0x0229,
0x0229,0x0a29,0x0229,0x0a29,0x0229,0x0a29,0x0228,0x0229,0x0229,0x0a29,0x0229,0x0a29,0x0229,0x0a29,0x0229,0x0a29,
0x0229,0x0a49,0x0229,0x0a49,0x0229,0x0a49,0x0229,0x0a49,0x0229,0x0a4a,0x0229,0x0a49,0x0249,0x0a4a,0x0249,0x0a49,
0x0229,0x0a49,0x0229,0x0a49,0x0229,0x0a49,0x0229,0x0a49,0x0229,0x0a4a,0x0229,0x0a49,0x0229,0x0a29,0x0229,0x0a29,
0x0229,0x0a29,0x0229,0x0a29,0x0229,0x0a29,0x0229,0x0a29,0x0229,0x0a29,0x0229,0x0229,0x0229,0x0229,0x0229,0x0229,
0x0229,0x0229,0x0228,0x0229,0x0209,0x0229,0x0208,0x0229,0x0208,0x0a29,0x0208,0x0209,0x0208,0x0209,0x0208,0x0209,
0x0208,0x0209,0x0208,0x0209,0x01e8,0x0209,0x01e8,0x0208,0x01e8,0x0208,0x01e8,0x01e8,0x01e8,0x01e8,0x01e8,0x01e8,
0x01c7,0x01c7,0x01a7,0x01a7,0x01a6,0x1207,0x09c6,0x09c6,0x0185,0x0186,0x0185,0x01a6,0x0186,0x0186,0x0165,0x0165,
0x0145,0x0166,0x0145,0x0124,0x00c3,0x0925,0x0082,0x08c3,0x00a1,0x1102,0x1102,0x2164,0x2185,0x2165,0x2164,0x2185,
0x2144,0x1944,0x1944,0x2985,0x29a6,0x3a06,0x3206,0x3a06,0x3a27,0x4268,0x29a5,0x1943,0x1942,0x21a3,0x1941,0x2183,
0x1143,0x1142,0x1963,0x1121,0x1142,0x0901,0x0061,0x0041,0x08c2,0x1962,0x0901,0x1141,0x1122,0x08c3,0x10c2,0x0881,
0x08c2,0x1102,0x1942,0x1121,0x10e1,0x10e1,0x1922,0x1102,0x1922,0x1102,0x10e2,0x08c2,0x10e3,0x08c3,0x08c3,0x08e4,
0x1105,0x00c3,0x1166,0x1209,0x330d,0x32ec,0x1a08,0x0165,0x0986,0x0186,0x09a6,0x09a6,0x09a7,0x0186,0x09e7,0x1228,
0x09c7,0x01c7,0x09e7,0x01c7,0x09e7,0x09e7,0x09e8,0x01c7,0x01a7,0x01a7,0x01e8,0x01e8,0x0209,0x01e8,0x0209,0x01e8,
0x0a09,0x0208,0x0209,0x0208,0x0a09,0x0208,0x0209,0x0208,0x0a09,0x0208,0x0209,0x0208,0x0a09,0x0209,0x0229,0x0209,
0x0a29,0x0209,0x0229,0x0209,0x0a29,0x0229,0x0a29,0x0229,0x0a29,0x0229,0x0229,0x0229,0x0a29,0x0229,0x0a29,0x0229,
0x0a29,0x0229,0x0a49,0x0229,0x0a29,0x0229,0x0a29,0x0229,0x0a29,0x0229,0x0a29,0x0229,0x0a4a,0x0229,0x0a49,0x0229,
0x0a4a,0x0229,0x0a4a,0x0229,0x0a4a,0x0229,0x0a4a,0x0249,0x0a4a,0x0a49,0x0a4a,0x0a49,0x0a4a,0x0a49,0x0a4a,0x0a49,
0x0a4a,0x0a49,0x0a4a,0x0a49,0x0a4a,0x0a49,0x0a4a,0x0229,0x0a4a,0x0229,0x0a4a,0x0229,0x0a4a,0x0229,0x0a49,0x0229,
0x0a4a,0x0229,0x0a49,0x0229,0x0a4a,0x0229,0x0a29,0x0229,0x0a29,0x0229,0x0a29,0x0229,0x0a29,0x0229,0x0a29,0x0229,
0x0a29,0x0229,0x0a29,0x0229,0x0a29,0x0209,0x0a29,0x0209,0x0a29,0x0209,0x0a29,0x0208,0x0a29,0x0208,0x0a29,0x0208,
0x0a29,0x0208,0x0a09,0x0208,0x0a09,0x0208,0x0a09,0x0208,0x0a09,0x01e8,0x0209,0x01e8,0x0a09,0x01e8,0x01c8,0x01a7,
0x01c8,0x01a7,0x09c7,0x09a6,0x09c7,0x09c6,0x09c7,0x09a6,0x09c7,0x01a6,0x09a6,0x01a6,0x09a6,0x0186,0x0186,0x0165,
0x0986,0x0165,0x0165,0x0145,0x0104,0x00e4,0x00c4,0x0062,0x0082,0x00a2,0x1923,0x2185,0x2985,0x2144,0x2165,0x2164,
0x2165,0x2164,0x2164,0x2164,0x2145,0x29c6,0x31e6,0x2164,0x29a6,0x29a5,0x1943,0x1942,0x2183,0x2183,0x2184,0x29a5,
0x1122,0x1962,0x1142,0x1982,0x1142,0x0081,0x0020,0x0062,0x0061,0x1142,0x0080,0x0901,0x0901,0x00a2,0x0081,0x0882,
0x00a1,0x1102,0x1102,0x1102,0x08c1,0x08c1,0x08c1,0x0081,0x0061,0x0882,0x0082,0x08a2,0x00c3,0x08e4,0x00e4,0x0946,
0x0146,0x1187,0x0987,0x0187,0x09a6,0x0145,0x0104,0x0986,0x0185,0x0186,0x01a6,0x01a6,0x0186,0x01a7,0x01a6,0x09c7,
0x01a6,0x09c7,0x01c7,0x09e7,0x01c6,0x09c7,0x01a6,0x01a7,0x01a6,0x01c7,0x01c7,0x0209,0x01e8,0x0208,0x01e8,0x0209,
0x01e8,0x0209,0x01e8,0x0209,0x01e8,0x0209,0x01e8,0x0209,0x01e8,0x0209,0x0208,0x0209,0x0208,0x0209,0x0208,0x0209,
0x0208,0x0229,0x0208,0x0229,0x0208,0x0229,0x0209,0x0a29,0x0208,0x0229,0x0229,0x0a29,0x0228,0x0229,0x0229,0x0229,
0x0228,0x0229,0x0229,0x0229,0x0228,0x0229,0x0229,0x0229,0x0228,0x0229,0x0229,0x0229,0x0229,0x0229,0x0229,0x0a29,
0x0229,0x0a49,0x0229,0x0a49,0x0229,0x0a49,0x0229,0x0a4a,0x0229,0x0a49,0x0249,0x0a4a,0x0249,0x0a49,0x0249,0x0a49,
0x0249,0x0a49,0x0249,0x0a4a,0x0229,0x0a49,0x0229,0x0a49,0x0229,0x0a49,0x0229,0x0a49,0x0229,0x0a49,0x0229,0x0a49,
0x0229,0x0a49,0x0229,0x0a49,0x0229,0x0a29,0x0229,0x0a29,0x0229,0x0229,0x0229,0x0229,0x0228,0x0229,0x0229,0x0229,
0x0208,0x0229,0x0209,0x0a29,0x0208,0x0229,0x0209,0x0229,0x0208,0x0229,0x0208,0x0229,0x0208,0x0209,0x0208,0x0209,
0x0208,0x0209,0x0208,0x0209,0x0208,0x0209,0x01e8,0x0209,0x01e8,0x0208,0x01e8,0x0209,0x01e8,0x01e8,0x01a7,0x01c8,
0x01a7,0x01c7,0x09c6,0x09e7,0x01a6,0x01a6,0x01a6,0x0186,0x09e6,0x09c7,0x0165,0x0986,0x0185,0x0186,0x0186,0x0986,
0x0165,0x0986,0x0145,0x0145,0x0104,0x00c3,0x0104,0x08e4,0x0062,0x00a2,0x1924,0x2165,0x1944,0x1924,0x2144,0x2164,
0x1943,0x2144,0x1923,0x2145,0x1923,0x2164,0x2164,0x1903,0x08a1,0x1103,0x1942,0x1942,0x2183,0x31c5,0x29c6,0x29c6,
0x1963,0x1961,0x1962,0x1962,0x21a4,0x1944,0x0881,0x0061,0x0061,0x0081,0x0061,0x0061,0x08a2,0x0041,0x0082,0x0082,
0x08a2,0x08c2,0x10c3,0x0061,0x0041,0x0060,0x0061,0x0061,0x0082,0x00c3,0x1146,0x0945,0x0925,0x00e4,0x0105,0x0126,
0x0146,0x0104,0x0104,0x00e4,0x0104,0x0145,0x09a7,0x0986,0x0986,0x0165,0x0986,0x09c7,0x0a08,0x01a6,0x09c7,0x01c7,
0x09c7,0x01c7,0x09e8,0x01c7,0x09c7,0x01a7,0x01a7,0x01c7,0x09e7,0x01c7,0x09e8,0x01e8,0x0209,0x01e8,0x0a09,0x0208,
0x0209,0x0208,0x0a09,0x0208,0x0209,0x0208,0x0a09,0x0208,0x0209,0x0208,0x0a09,0x0208,0x0209,0x0208,0x0229,0x0209,
0x0229,0x0209,0x0a29,0x0209,0x0229,0x0229,0x0a29,0x0229,0x0a29,0x0229,0x0a29,0x0229,0x0229,0x0229,0x0a29,0x0229,
0x0a29,0x0229,0x0a29,0x0229,0x0a29,0x0229,0x0a29,0x0229,0x0229,0x0229,0x0a29,0x0229,0x0a29,0x0229,0x0a4a,0x0229,
0x0a49,0x0229,0x0a4a,0x0a49,0x0a4a,0x0249,0x0a4a,0x0a49,0x0a4a,0x0a49,0x0a4a,0x0a49,0x0a4a,0x0a49,0x0a4a,0x0a49,
0x0a4a,0x0a49,0x0a4a,0x0a49,0x0a4a,0x0249,0x0a4a,0x0a49,0x0a4a,0x0229,0x0a4a,0x0229,0x0a49,0x0229,0x0a4a,0x0229,
0x0a49,0x0229,0x0a4a,0x0229,0x0a49,0x0229,0x0a4a,0x0229,0x0a29,0x0229,0x0a29,0x0229,0x0a29,0x0229,0x0a29,0x0229,
0x0229,0x0229,0x0a29,0x0209,0x0a29,0x0209,0x0a29,0x0209,0x0a29,0x0209,0x0a29,0x0209,0x0a29,0x0208,0x0a29,0x0208,
0x0a29,0x0208,0x0a09,0x0208,0x0a09,0x0208,0x0a09,0x0208,0x0209,0x0208,0x0a09,0x01e8,0x0209,0x01e8,0x09c8,0x01a7,
0x01c7,0x01c6,0x11e7,0x1207,0x09c7,0x09c6,0x1207,0x09e6,0x1a28,0x09e7,0x0986,0x0186,0x0986,0x0186,0x09a6,0x0986,
0x0986,0x0165,0x0966,0x0145,0x0125,0x00c3,0x0104,0x11a7,0x00e4,0x0062,0x08a3,0x1924,0x2185,0x1944,0x2165,0x2164,
0x2164,0x2164,0x1103,0x1103,0x1924,0x1923,0x2165,0x1944,0x10c3,0x08c2,0x1902,0x1921,0x1922,0x1943,0x2985,0x2164,
0x1122,0x21a3,0x21a2,0x2183,0x29a5,0x2164,0x08e1,0x0061,0x0041,0x0062,0x0061,0x0082,0x0082,0x00a3,0x0083,0x00a3,
0x0061,0x0082,0x0082,0x0082,0x0082,0x00a3,0x00c3,0x00a3,0x00a3,0x00e4,0x0104,0x00e4,0x00a3,0x00c4,0x00c3,0x00e4,
0x00e4,0x0104,0x0104,0x0104,0x0104,0x0966,0x0185,0x0986,0x0145,0x0165,0x1a28,0x2249,0x01c7,0x01a7,0x01a6,0x09c7,
0x01c7,0x01c7,0x01a7,0x01c7,0x01a7,0x01c7,0x01c7,0x09e7,0x01e7,0x01c7,0x01a7,0x01e8,0x01e8,0x0209,0x01e8,0x0209,
0x01e8,0x0209,0x01e8,0x0209,0x01e8,0x0209,0x01e8,0x0209,0x01e8,0x0209,0x0208,0x0209,0x0208,0x0209,0x0208,0x0229,
0x0208,0x0229,0x0208,0x0229,0x0208,0x0229,0x0208,0x0229,0x0209,0x0229,0x0228,0x0229,0x0229,0x0229,0x0228,0x0229,
0x0229,0x0229,0x0228,0x0229,0x0229,0x0229,0x0228,0x0229,0x0229,0x0229,0x0228,0x0229,0x0229,0x0a29,0x0229,0x0a29,
0x0229,0x0a49,0x0229,0x0a49,0x0229,0x0a4a,0x0249,0x0a49,0x0249,0x0a4a,0x0249,0x0a4a,0x0249,0x0a4a,0x0249,0x0a4a,
0x0249,0x0a4a,0x0249,0x0a49,0x0229,0x0a4a,0x0229,0x0a49,0x0229,0x0a49,0x0229,0x0a49,0x0229,0x0a49,0x0229,0x0a49,
0x0229,0x0a49,0x0229,0x0a49,0x0229,0x0a29,0x0229,0x0a29,0x0229,0x0a29,0x0229,0x0a29,0x0229,0x0229,0x0228,0x0229,
0x0229,0x0229,0x0208,0x0229,0x0209,0x0a29,0x0208,0x0229,0x0209,0x0a29,0x0208,0x0229,0x0208,0x0229,0x0208,0x0229,
0x0208,0x0209,0x0208,0x0209,0x0208,0x0209,0x01e8,0x0208,0x01e8,0x0208,0x01e8,0x0208,0x01e8,0x01c8,0x01a7,0x01c7,
0x01a6,0x09a6,0x09e6,0x1227,0x1207,0x1227,0x1206,0x1207,0x09e6,0x09c6,0x0186,0x0186,0x0185,0x01a6,0x0185,0x0986,
0x0165,0x0165,0x0165,0x0965,0x0124,0x00e4,0x00c4,0x0125,0x19a7,0x0042,0x0020,0x08a1,0x1943,0x2985,0x1943,0x2185,
0x2144,0x2144,0x08e2,0x08e2,0x1924,0x2144,0x1944,0x2164,0x1103,0x1102,0x1101,0x1903,0x1102,0x1903,0x1103,0x1923,
0x2143,0x3203,0x4ae4,0x29e3,0x1942,0x1101,0x1942,0x08e2,0x0062,0x0062,0x0082,0x0082,0x00a3,0x00a3,0x00c4,0x00a3,
0x00a3,0x00a2,0x00e4,0x00e4,0x00e4,0x00a3,0x00c4,0x00a3,0x00c4,0x00c3,0x00c4,0x00c3,0x00e4,0x00e4,0x00e4,0x00e4,
0x0104,0x0104,0x0125,0x0125,0x0966,0x0165,0x0986,0x0186,0x11e7,0x2249,0x19e8,0x0166,0x09a7,0x01c7,0x09c7,0x01a7,
0x01c7,0x01a7,0x09c7,0x01a7,0x09c7,0x01c7,0x09e8,0x09c7,0x09e8,0x01a7,0x01a7,0x01c7,0x0209,0x01e8,0x0209,0x0208,
0x0a09,0x0208,0x0209,0x0208,0x0a09,0x0208,0x0209,0x0208,0x0a09,0x0208,0x0209,0x0208,0x0a09,0x0209,0x0229,0x0209,
0x0a29,0x0209,0x0229,0x0209,0x0a29,0x0209,0x0229,0x0229,0x0a29,0x0229,0x0229,0x0229,0x0a29,0x0229,0x0229,0x0229,
0x0a29,0x0229,0x0a29,0x0229,0x0a29,0x0229,0x0a29,0x0229,0x0a29,0x0229,0x0a29,0x0229,0x0a29,0x0229,0x0a49,0x0229,
0x0a4a,0x0229,0x0a4a,0x0229,0x0a4a,0x0a49,0x0a4a,0x0a49,0x0a4a,0x0a49,0x0a4a,0x0a49,0x0a4a,0x0a49,0x0a4a,0x0a49,
0x0a4a,0x0a49,0x0a4a,0x0a49,0x0a4a,0x0a49,0x0a4a,0x0249,0x0a4a,0x0a49,0x0a4a,0x0229,0x0a4a,0x0229,0x0a4a,0x0229,
0x0a4a,0x0229,0x0a4a,0x0229,0x0a4a,0x0229,0x0a49,0x0229,0x0a4a,0x0229,0x0a49,0x0229,0x0a4a,0x0229,0x0a29,0x0229,
0x0a29,0x0229,0x0a29,0x0229,0x0a29,0x0229,0x0a29,0x0209,0x0a29,0x0209,0x0a29,0x0229,0x0a29,0x0209,0x0a29,0x0209,
0x0a29,0x0209,0x0a09,0x0208,0x0a09,0x0208,0x0209,0x0208,0x0209,0x01e8,0x0a09,0x01e8,0x01c8,0x01c7,0x01c7,0x01a6,
0x09c7,0x09a6,0x09e7,0x1207,0x1207,0x1207,0x1227,0x1207,0x11c6,0x09a6,0x09c6,0x01a5,0x09a6,0x0186,0x09a6,0x0165,
0x0986,0x0185,0x0986,0x0985,0x0965,0x0104,0x0105,0x00e4,0x0925,0x1146,0x0062,0x0081,0x10e3,0x29a5,0x2985,0x1944,
0x1923,0x10e2,0x1103,0x08c2,0x1924,0x2185,0x2165,0x1944,0x1923,0x1121,0x2162,0x1943,0x1943,0x1122,0x1923,0x1103,
0x2143,0x2163,0x3a43,0x3a43,0x2182,0x2182,0x1962,0x2184,0x08c2,0x0062,0x0062,0x0083,0x0082,0x00a3,0x0083,0x0083,
0x0062,0x0082,0x00a3,0x00c4,0x00a3,0x00c3,0x00a3,0x00c3,0x00a3,0x00c3,0x00c3,0x00c4,0x00c3,0x00c3,0x00e3,0x0104,
0x00e4,0x0104,0x0145,0x0986,0x0165,0x0186,0x0186,0x09e7,0x0a28,0x0186,0x0145,0x0186,0x0186,0x01a7,0x01a6,0x01c7,
0x01a6,0x01c7,0x01a7,0x09c7,0x01a7,0x09c7,0x01c7,0x09e7,0x01c7,0x01c7,0x0187,0x01c8,0x01e8,0x0208,0x01e8,0x0209,
0x01e8,0x0209,0x01e8,0x0209,0x01e8,0x0209,0x01e8,0x0209,0x01e8,0x0209,0x0208,0x0209,0x0208,0x0209,0x0208,0x0209,
0x0208,0x0209,0x0208,0x0209,0x0208,0x0229,0x0208,0x0229,0x0208,0x0229,0x0229,0x0229,0x0228,0x0229,0x0229,0x0229,
0x0228,0x0229,0x0229,0x0229,0x0228,0x0229,0x0229,0x0229,0x0228,0x0229,0x0229,0x0229,0x0229,0x0229,0x0229,0x0a29,
0x0229,0x0a29,0x0229,0x0a49,0x0229,0x0a49,0x0229,0x0a4a,0x0249,0x0a4a,0x0249,0x0a4a,0x0249,0x0a4a,0x0249,0x0a4a,
0x0249,0x0a49,0x0229,0x0a4a,0x0229,0x0a49,0x0229,0x0a49,0x0229,0x0a49,0x0229,0x0a49,0x0229,0x0a49,0x0229,0x0a49,
0x0229,0x0a49,0x0229,0x0a49,0x0229,0x0a49,0x0229,0x0a29,0x0229,0x0a29,0x0229,0x0a29,0x0229,0x0a29,0x0229,0x0a29,
0x0229,0x0229,0x0229,0x0a29,0x0229,0x0a29,0x0209,0x0a29,0x0208,0x0229,0x0208,0x0229,0x0208,0x0229,0x0208,0x0a29,
0x0208,0x0209,0x0208,0x0209,0x0208,0x0208,0x01e8,0x0209,0x0208,0x0209,0x01e8,0x01c8,0x01a7,0x01a7,0x01a6,0x09e7,
0x0a07,0x1207,0x09e6,0x1207,0x09e6,0x1206,0x1206,0x1207,0x0185,0x09a6,0x09c6,0x09a6,0x0185,0x0186,0x0185,0x0166,
0x0144,0x0165,0x0165,0x0986,0x0185,0x0145,0x00e4,0x0925,0x19a7,0x2249,0x0925,0x0062,0x0082,0x1103,0x2164,0x1923,
0x10e2,0x1103,0x10e2,0x10e3,0x08e2,0x2165,0x1964,0x2165,0x1923,0x1923,0x1941,0x2182,0x1962,0x1962,0x1142,0x1103,
0x31c6,0x29a5,0x2964,0x1941,0x29c3,0x21c2,0x21a2,0x29c3,0x29a5,0x0082,0x0082,0x0082,0x0083,0x00a3,0x00a3,0x00a3,
0x00a3,0x00a3,0x00e4,0x00e4,0x00e3,0x00c3,0x00c4,0x00c3,0x00e4,0x00c3,0x00c4,0x00c3,0x00e4,0x00e4,0x0104,0x00e4,
0x0105,0x0145,0x0966,0x0166,0x0186,0x0166,0x0187,0x01a7,0x09e7,0x01a6,0x0986,0x0186,0x0186,0x0186,0x01a7,0x01a7,
0x01c7,0x01c7,0x09e8,0x09c7,0x09e8,0x01c7,0x09c7,0x01c7,0x09e7,0x01e7,0x09c8,0x01e8,0x0209,0x01e8,0x0a09,0x0208,
0x0209,0x0208,0x0a09,0x0208,0x0209,0x0208,0x0a09,0x0208,0x0209,0x0208,0x0a09,0x0208,0x0209,0x0208,0x0a29,0x0209,
0x0229,0x0209,0x0a29,0x0209,0x0229,0x0209,0x0a29,0x0209,0x0a29,0x0229,0x0a29,0x0229,0x0229,0x0229,0x0a29,0x0229,
0x0229,0x0229,0x0a29,0x0229,0x0229,0x0229,0x0a29,0x0229,0x0a29,0x0229,0x0a29,0x0229,0x0a49,0x0229,0x0a4a,0x0229,
0x0a29,0x0229,0x0a4a,0x0229,0x0a4a,0x0229,0x0a4a,0x0a49,0x0a4a,0x0a49,0x0a4a,0x0a49,0x0a4a,0x0a49,0x0a4a,0x0a49,
0x0a4a,0x0249,0x0a4a,0x0229,0x0a4a,0x0229,0x0a4a,0x0229,0x0a49,0x0229,0x0a4a,0x0229,0x0a4a,0x0229,0x0a4a,0x0229,
0x0a4a,0x0229,0x0a4a,0x0229,0x0a4a,0x0229,0x0a4a,0x0229,0x0a49,0x0229,0x0a4a,0x0229,0x0a49,0x0229,0x0a49,0x0229,
0x0a49,0x0229,0x0a29,0x0229,0x0a29,0x0229,0x0a29,0x0229,0x0a29,0x0229,0x0a29,0x0209,0x0a29,0x0209,0x0a29,0x0209,
0x0a29,0x0208,0x0a09,0x0208,0x0a09,0x0208,0x0a09,0x0208,0x0209,0x0208,0x0a09,0x01c7,0x01c8,0x01a7,0x09a7,0x09c6,
0x1227,0x1206,0x1227,0x1207,0x1227,0x1207,0x1227,0x1206,0x11c6,0x09a6,0x11e7,0x1207,0x09c6,0x0165,0x0166,0x0165,
0x0186,0x0186,0x0166,0x0165,0x09a6,0x0165,0x0145,0x00a3,0x1145,0x42eb,0x532d,0x0904,0x0062,0x0082,0x08e3,0x1124,
0x1904,0x1103,0x1102,0x1102,0x1102,0x1103,0x2165,0x1923,0x2144,0x1923,0x1943,0x1942,0x1962,0x1141,0x1943,0x1123,
0x4a85,0x39e5,0x1923,0x2183,0x3224,0x3203,0x29e2,0x21a2,0x29a3,0x1944,0x0082,0x0083,0x0062,0x0083,0x0082,0x00a3,
0x0083,0x00a3,0x00c2,0x00c3,0x00a3,0x00c3,0x00c3,0x00c4,0x00c3,0x00c3,0x00c3,0x00e4,0x00e4,0x00e4,0x00e3,0x0104,
0x0104,0x0145,0x0145,0x0166,0x0166,0x0186,0x01a6,0x09c7,0x01c6,0x09c7,0x0186,0x0186,0x0186,0x01a7,0x01a6,0x01a7,
0x01a6,0x01c7,0x01c7,0x09c7,0x01c7,0x09c7,0x01c7,0x09c7,0x01c7,0x09c7,0x01a7,0x01e8,0x01e8,0x0209,0x01e8,0x0209,
0x01e8,0x0209,0x01e8,0x0209,0x01e8,0x0209,0x01e8,0x0208,0x01e8,0x0209,0x01e8,0x0209,0x0208,0x0209,0x0208,0x0209,
0x0208,0x0209,0x0208,0x0209,0x0208,0x0209,0x0208,0x0229,0x0209,0x0229,0x0208,0x0229,0x0229,0x0229,0x0228,0x0229,
0x0209,0x0229,0x0208,0x0229,0x0209,0x0229,0x0228,0x0229,0x0229,0x0a29,0x0229,0x0229,0x0229,0x0a29,0x0229,0x0229,
0x0229,0x0a29,0x0229,0x0a49,0x0229,0x0a4a,0x0229,0x0a49,0x0249,0x0a4a,0x0249,0x0a49,0x0249,0x0a4a,0x0229,0x0a49,
0x0229,0x0a49,0x0229,0x0a49,0x0229,0x0a49,0x0229,0x0249,0x0229,0x0a49,0x0229,0x0a49,0x0229,0x0a49,0x0229,0x0a49,
0x0229,0x0a49,0x0229,0x0a49,0x0229,0x0a49,0x0229,0x0a49,0x0229,0x0a49,0x0229,0x0a29,0x0229,0x0a29,0x0228,0x0229,
0x0229,0x0a29,0x0228,0x0a29,0x0229,0x0a29,0x0228,0x0a29,0x0229,0x0a29,0x0208,0x0a29,0x0208,0x0a29,0x0208,0x0209,
0x0208,0x0209,0x0208,0x0209,0x0208,0x0209,0x0208,0x0209,0x0208,0x0209,0x01c8,0x01c8,0x01a7,0x01c7,0x01a6,0x0186,
0x09e6,0x1207,0x1206,0x1207,0x0a07,0x1227,0x1206,0x1207,0x1206,0x1207,0x11e6,0x1207,0x09c6,0x0186,0x0165,0x0986,
0x0185,0x01a6,0x01a6,0x0145,0x0165,0x0985,0x0144,0x0125,0x00c3,0x1145,0x42eb,0x4b2c,0x1165,0x0062,0x0082,0x1124,
0x08e3,0x1903,0x1102,0x1102,0x10e1,0x10e2,0x08e2,0x1923,0x1922,0x1923,0x10e2,0x1123,0x1122,0x1922,0x1102,0x1102,
0x52e5,0x4266,0x31c5,0x3a45,0x4266,0x3a25,0x3a45,0x31e4,0x3a04,0x31e5,0x0903,0x0082,0x00a3,0x00a3,0x00a3,0x00c4,
0x0105,0x0986,0x19e8,0x0125,0x0125,0x00e4,0x00e4,0x00c3,0x00e4,0x00e4,0x00e4,0x0104,0x0104,0x00e4,0x0104,0x0104,
0x0145,0x0165,0x0166,0x0165,0x09a6,0x09a6,0x09c7,0x09a6,0x09c7,0x09a6,0x09c7,0x01a6,0x0187,0x0186,0x01a7,0x01a6,
0x09a7,0x01a7,0x09e7,0x01c7,0x09e8,0x01c7,0x09e8,0x01a7,0x01a7,0x0186,0x01a7,0x01c8,0x0209,0x0208,0x0209,0x0208,
0x0a09,0x0208,0x0209,0x0208,0x0a09,0x0208,0x0209,0x01e8,0x0a09,0x0208,0x0a09,0x0208,0x0a09,0x0209,0x0a29,0x0209,
0x0a29,0x0209,0x0229,0x0208,0x0a29,0x0209,0x0a29,0x0229,0x0a29,0x0229,0x0a29,0x0229,0x0a29,0x0229,0x0229,0x0229,
0x0a29,0x0229,0x0229,0x0229,0x0a29,0x0229,0x0a29,0x0229,0x0a4a,0x0229,0x0a49,0x0229,0x0a4a,0x0229,0x0a29,0x0229,
0x0a29,0x0229,0x0a49,0x0229,0x0a4a,0x0a49,0x0a4a,0x0249,0x0a4a,0x0a49,0x0a4a,0x0a49,0x0a4a,0x0a49,0x0a4a,0x0229,
0x0a4a,0x0229,0x0a49,0x0229,0x0a4a,0x0229,0x0a49,0x0229,0x0a4a,0x0229,0x0a49,0x0229,0x0a4a,0x0229,0x0a49,0x0229,
0x0a4a,0x0229,0x0a4a,0x0229,0x0a4a,0x0229,0x0a49,0x0229,0x0a49,0x0229,0x0a49,0x0229,0x0a49,0x0229,0x0a49,0x0229,
0x0a49,0x0229,0x0a49,0x0229,0x0a29,0x0229,0x0a29,0x0229,0x0a29,0x0229,0x0a29,0x0229,0x0a29,0x0209,0x0a29,0x0208,
0x0a29,0x0208,0x0a29,0x0208,0x0a29,0x0208,0x0a29,0x0208,0x0a09,0x0208,0x01e8,0x01c8,0x01c8,0x01c7,0x09c7,0x01a6,
0x1207,0x1207,0x1207,0x1207,0x1207,0x1206,0x1207,0x1206,0x1a07,0x1206,0x1207,0x11e6,0x1a07,0x0186,0x09a6,0x0165,
0x0986,0x0145,0x09c7,0x09c7,0x0166,0x0145,0x0145,0x0145,0x0125,0x00c3,0x00e4,0x3269,0x536d,0x2a28,0x0083,0x0041,
0x08a3,0x0082,0x1103,0x1102,0x1102,0x10e1,0x10c1,0x1102,0x2143,0x1923,0x1924,0x1102,0x1923,0x1923,0x1942,0x1101,
0x31e2,0x3a05,0x3a26,0x4246,0x3a25,0x4226,0x3a05,0x4226,0x3a25,0x31c5,0x1103,0x0082,0x0083,0x0083,0x0083,0x00e4,
0x0105,0x0967,0x09a7,0x0146,0x0104,0x00e4,0x00c4,0x00e4,0x00e4,0x0104,0x00e4,0x0104,0x0104,0x0104,0x0104,0x0145,
0x0145,0x0165,0x0145,0x0186,0x09c6,0x11e7,0x09c6,0x09c6,0x01a6,0x09c6,0x01a6,0x09a7,0x0186,0x0187,0x0186,0x01a7,
0x01a7,0x09c7,0x01c7,0x01c7,0x01a6,0x01a7,0x01a7,0x01a7,0x0186,0x01a7,0x0187,0x01e8,0x01e8,0x0208,0x01e8,0x0209,
0x01e8,0x0208,0x01e8,0x0209,0x01e8,0x0209,0x01e8,0x0209,0x01e8,0x0209,0x0208,0x0209,0x0208,0x0209,0x0208,0x0209,
0x0208,0x0209,0x0208,0x0229,0x0208,0x0229,0x0208,0x0229,0x0208,0x0229,0x0209,0x0229,0x0208,0x0229,0x0208,0x0229,
0x0208,0x0229,0x0209,0x0229,0x0228,0x0229,0x0229,0x0a29,0x0229,0x0a29,0x0229,0x0a29,0x0229,0x0a29,0x0229,0x0a29,
0x0229,0x0229,0x0229,0x0a49,0x0229,0x0a49,0x0229,0x0a49,0x0229,0x0a49,0x0229,0x0a4a,0x0229,0x0a49,0x0229,0x0a49,
0x0229,0x0a49,0x0229,0x0a49,0x0229,0x0a49,0x0229,0x0249,0x0229,0x0249,0x0229,0x0a49,0x0229,0x0a49,0x0229,0x0a49,
0x0229,0x0a29,0x0229,0x0a49,0x0229,0x0a49,0x0229,0x0a49,0x0229,0x0a49,0x0229,0x0a49,0x0229,0x0a29,0x0229,0x0a29,
0x0229,0x0a29,0x0229,0x0a29,0x0228,0x0a29,0x0229,0x0a29,0x0228,0x0229,0x0208,0x0a29,0x0208,0x0209,0x0208,0x0a09,
0x0208,0x0229,0x0208,0x0a29,0x0208,0x0209,0x0208,0x0209,0x0208,0x0209,0x01c8,0x01c8,0x01a7,0x01c7,0x01c6,0x09e7,
0x0a07,0x1207,0x09e7,0x1207,0x09e6,0x1207,0x11e6,0x1207,0x1206,0x1207,0x11e6,0x11e6,0x09c5,0x09c6,0x0185,0x0185,
0x0165,0x0165,0x0145,0x09c8,0x0166,0x0145,0x0145,0x0145,0x0124,0x00e4,0x00a3,0x00a3,0x19c8,0x32cb,0x226a,0x1145,
0x0042,0x0082,0x0082,0x0882,0x08a1,0x08a1,0x08c1,0x1922,0x1922,0x1943,0x1923,0x1922,0x1943,0x1943,0x08e1,0x08c1,
0x2162,0x2143,0x39e5,0x4246,0x4226,0x3a06,0x4226,0x4246,0x3a06,0x1943,0x1944,0x00a2,0x00a4,0x00a3,0x00a4,0x00a3,
0x00c4,0x00c3,0x00c4,0x00c4,0x00e4,0x00e4,0x00e4,0x00e4,0x0104,0x00e4,0x0105,0x0104,0x0104,0x0104,0x0145,0x0165,
0x0166,0x0145,0x0145,0x09a6,0x09e7,0x09c6,0x09e7,0x09c6,0x09c7,0x09c6,0x09c7,0x09c7,0x09a7,0x0186,0x01a7,0x01a7,
0x09c7,0x01c7,0x09e8,0x01c7,0x09c7,0x01a7,0x01a7,0x01a7,0x01a7,0x0187,0x01a8,0x01e8,0x0209,0x0208,0x0209,0x0208,
0x0209,0x0208,0x0a09,0x0208,0x0209,0x0208,0x0a09,0x0208,0x0209,0x0208,0x0a09,0x0208,0x0a29,0x0208,0x0a29,0x0209,
0x0229,0x0209,0x0a29,0x0209,0x0a29,0x0229,0x0a29,0x0229,0x0a29,0x0229,0x0a29,0x0209,0x0229,0x0229,0x0a29,0x0229,
0x0229,0x0229,0x0a29,0x0229,0x0229,0x0229,0x0a29,0x0229,0x0a29,0x0229,0x0a29,0x0229,0x0a29,0x0229,0x0a29,0x0229,
0x0a49,0x0229,0x0a4a,0x0229,0x0a4a,0x0229,0x0a4a,0x0229,0x0a4a,0x0249,0x0a4a,0x0a49,0x0a4a,0x0249,0x0a4a,0x0229,
0x0a49,0x0229,0x0a4a,0x0229,0x0a49,0x0229,0x0a4a,0x0229,0x0a49,0x0229,0x0a4a,0x0229,0x0a49,0x0229,0x0a4a,0x0229,
0x0a49,0x0229,0x0a4a,0x0229,0x0a49,0x0229,0x0a4a,0x0229,0x0a49,0x0229,0x0a49,0x0229,0x0a49,0x0229,0x0a49,0x0229,
0x0a49,0x0229,0x0a49,0x0a29,0x0a29,0x0229,0x0a29,0x0229,0x0a29,0x0229,0x0a29,0x0229,0x0a29,0x0208,0x0a29,0x0209,
0x0a29,0x0208,0x0a29,0x0208,0x0a29,0x0208,0x0a29,0x0208,0x0229,0x0208,0x0a09,0x01c8,0x01c7,0x01c7,0x09e7,0x0186,
0x09c7,0x09e7,0x1207,0x11e7,0x1207,0x1206,0x1207,0x11e7,0x1207,0x1206,0x1a07,0x09c6,0x09a6,0x11e6,0x11e7,0x0185,
0x0186,0x0165,0x0166,0x0166,0x01a7,0x0165,0x0145,0x0145,0x0145,0x0104,0x00e4,0x00c4,0x00c4,0x00c3,0x0946,0x1a09,
0x224a,0x0925,0x0083,0x0062,0x0041,0x0040,0x10c2,0x1922,0x2144,0x1923,0x1923,0x1122,0x1922,0x1102,0x1103,0x08c2,
0x1100,0x2143,0x31e4,0x4245,0x3a25,0x4246,0x3a25,0x4a66,0x4265,0x2183,0x1123,0x00c2,0x00a3,0x00c4,0x00c3,0x00c4,
0x00c3,0x00c4,0x00c4,0x00e4,0x00e4,0x0104,0x00e4,0x0104,0x0104,0x0125,0x0124,0x0125,0x0124,0x0145,0x0145,0x0145,
0x0145,0x0165,0x0185,0x09a6,0x01a6,0x09c6,0x09c6,0x09c6,0x01a6,0x09c7,0x01c6,0x09c6,0x0186,0x0186,0x01a6,0x01c7,
0x01a6,0x09e7,0x01c7,0x01c7,0x01a7,0x01a7,0x01a7,0x01c7,0x01a7,0x01a7,0x01e8,0x0208,0x01e8,0x0208,0x01e8,0x0208,
0x0208,0x0208,0x01e8,0x0208,0x01e8,0x0209,0x01e8,0x0209,0x01e8,0x0209,0x01e8,0x0209,0x0208,0x0209,0x0208,0x0209,
0x0208,0x0209,0x0208,0x0209,0x0208,0x0229,0x0208,0x0229,0x0208,0x0209,0x0208,0x0209,0x0208,0x0229,0x0208,0x0229,
0x0208,0x0229,0x0208,0x0229,0x0208,0x0229,0x0208,0x0229,0x0229,0x0229,0x0229,0x0229,0x0229,0x0229,0x0229,0x0229,
0x0229,0x0a29,0x0229,0x0a49,0x0229,0x0a49,0x0229,0x0a49,0x0229,0x0a49,0x0229,0x0a49,0x0229,0x0a49,0x0229,0x0a49,
0x0229,0x0a49,0x0229,0x0229,0x0229,0x0a29,0x0229,0x0a49,0x0229,0x0a49,0x0229,0x0a29,0x0229,0x0a29,0x0229,0x0a29,
0x0229,0x0a29,0x0229,0x0a29,0x0229,0x0a29,0x0229,0x0a29,0x0229,0x0a29,0x0229,0x0a29,0x0229,0x0a29,0x0229,0x0a29,
0x0229,0x0a29,0x0229,0x0229,0x0209,0x0a29,0x0208,0x0229,0x0208,0x0229,0x0208,0x0229,0x0208,0x0a09,0x0208,0x0a29,
0x0208,0x0a29,0x0208,0x0229,0x0208,0x0a29,0x0208,0x0229,0x0208,0x0a29,0x0208,0x01c8,0x01a7,0x01a7,0x01a6,0x01a7,
0x0186,0x01a7,0x01c6,0x1207,0x11e6,0x1207,0x09e6,0x11e7,0x09e6,0x1206,0x09e6,0x11e7,0x09a6,0x09a6,0x09c6,0x09c6,
0x0165,0x0186,0x0165,0x0166,0x0145,0x0166,0x0145,0x0145,0x0104,0x0125,0x00e3,0x00e4,0x00c3,0x00c3,0x00a3,0x00a4,
0x0125,0x11a7,0x0904,0x00c3,0x0082,0x0041,0x0061,0x10c2,0x1103,0x1924,0x1943,0x1102,0x08c1,0x10e2,0x1103,0x10e2,
0x10e0,0x1941,0x3a05,0x4245,0x4264,0x3a24,0x4265,0x4a86,0x3a04,0x1943,0x2144,0x1123,0x00c3,0x00c4,0x00c4,0x00c4,
0x00c4,0x00c4,0x00e4,0x00e4,0x00e5,0x00e4,0x0104,0x0104,0x0125,0x0124,0x0145,0x0124,0x0125,0x0125,0x0145,0x0145,
0x0986,0x09a6,0x11e7,0x09c6,0x11c6,0x09c6,0x09e6,0x01a6,0x09a6,0x01a6,0x09c7,0x09c7,0x01a7,0x0186,0x09c7,0x01a7,
0x09c7,0x01c7,0x01c7,0x01a6,0x01a7,0x01a7,0x01c7,0x01c7,0x01e8,0x01e8,0x0209,0x01e8,0x0209,0x01e8,0x0209,0x01e8,
0x0a09,0x0208,0x0209,0x0208,0x0a09,0x0208,0x0209,0x0208,0x0a09,0x0208,0x0209,0x0208,0x0a29,0x0209,0x0209,0x0208,
0x0a09,0x0209,0x0a09,0x0208,0x0a09,0x0209,0x0229,0x0209,0x0a29,0x0209,0x0229,0x0208,0x0229,0x0209,0x0229,0x0209,
0x0a29,0x0209,0x0229,0x0229,0x0a29,0x0229,0x0229,0x0229,0x0a29,0x0229,0x0a29,0x0229,0x0a29,0x0229,0x0a29,0x0229,
0x0a4a,0x0229,0x0a49,0x0229,0x0a4a,0x0229,0x0a4a,0x0229,0x0a4a,0x0229,0x0a4a,0x0229,0x0a4a,0x0229,0x0a49,0x0229,
0x0a4a,0x0229,0x0a49,0x0229,0x0a4a,0x0229,0x0a49,0x0229,0x0a4a,0x0229,0x0a49,0x0229,0x0a4a,0x0229,0x0a49,0x0229,
0x0a4a,0x0229,0x0a49,0x0229,0x0a4a,0x0229,0x0a49,0x0229,0x0a29,0x0229,0x0a29,0x0229,0x0a29,0x0229,0x0a29,0x0229,
0x0a29,0x0229,0x0a29,0x0209,0x0a29,0x0229,0x0a29,0x0209,0x0a29,0x0209,0x0229,0x0209,0x0a29,0x0209,0x0a29,0x0209,
0x0a29,0x0208,0x0a29,0x0208,0x0a29,0x0208,0x0a29,0x0208,0x0a29,0x0209,0x0a09,0x01c7,0x01c8,0x0187,0x01a7,0x01a6,
0x01a7,0x0186,0x0187,0x09c6,0x1a07,0x09c6,0x09a6,0x09a6,0x11e7,0x11e6,0x1207,0x09a6,0x09a6,0x09c6,0x09c6,0x09e6,
0x09c6,0x0986,0x0186,0x0145,0x0166,0x0145,0x0166,0x0986,0x0145,0x0104,0x0125,0x00e4,0x00e4,0x00c3,0x00e4,0x00c4,
0x00c4,0x00a3,0x00c4,0x00a3,0x00a3,0x00a3,0x00a3,0x0061,0x0882,0x08c2,0x1944,0x1102,0x1123,0x1103,0x1924,0x1103,
0x1961,0x1942,0x2183,0x3a05,0x3a45,0x4245,0x4264,0x31c4,0x2163,0x2163,0x1923,0x2184,0x00e3,0x00c4,0x00c3,0x00c4,
0x00c3,0x00c4,0x00c4,0x00e4,0x00e4,0x00e4,0x00e4,0x0105,0x0104,0x0125,0x0145,0x0145,0x0145,0x0986,0x09a6,0x09a6,
0x01a6,0x09c6,0x09c6,0x11c7,0x09c6,0x09e7,0x09c6,0x09c6,0x01a6,0x01a6,0x0186,0x0186,0x0166,0x01a7,0x0186,0x01a7,
0x01a6,0x0187,0x0186,0x01a7,0x01a7,0x01a7,0x01a7,0x0187,0x01c7,0x0208,0x01e8,0x0208,0x01e8,0x0208,0x01e8,0x0209,
0x01e8,0x0209,0x01e8,0x0209,0x0208,0x0209,0x0208,0x0209,0x0208,0x0209,0x0208,0x0209,0x0208,0x0209,0x0208,0x0209,
0x01e8,0x0209,0x0208,0x0209,0x01e8,0x0209,0x0208,0x0209,0x0208,0x0209,0x0208,0x0209,0x0208,0x0229,0x0208,0x0229,
0x0208,0x0229,0x0209,0x0229,0x0228,0x0229,0x0229,0x0229,0x0208,0x0229,0x0209,0x0229,0x0228,0x0229,0x0229,0x0a29,
0x0229,0x0a49,0x0229,0x0a49,0x0229,0x0a49,0x0229,0x0a49,0x0229,0x0a49,0x0229,0x0a49,0x0229,0x0a49,0x0229,0x0a29,
0x0229,0x0a49,0x0229,0x0a49,0x0229,0x0a49,0x0229,0x0a29,0x0229,0x0a49,0x0229,0x0a29,0x0229,0x0a29,0x0229,0x0a29,
0x0229,0x0a29,0x0229,0x0a29,0x0229,0x0a29,0x0229,0x0a29,0x0228,0x0229,0x0229,0x0a29,0x0208,0x0229,0x0209,0x0229,
0x0208,0x0229,0x0208,0x0229,0x0208,0x0229,0x0209,0x0229,0x0208,0x0229,0x0208,0x0229,0x0208,0x0209,0x0208,0x0209,
0x0208,0x0209,0x0208,0x0209,0x0208,0x0209,0x0208,0x0209,0x0208,0x0209,0x01e8,0x01a8,0x01a7,0x0187,0x0166,0x01a7,
0x0186,0x01a6,0x0186,0x09a6,0x09a6,0x09a6,0x0186,0x09a6,0x09c6,0x09e6,0x09c6,0x11e7,0x09c6,0x09c6,0x0185,0x09c6,
0x09c6,0x09c6,0x0186,0x0166,0x0145,0x0146,0x0125,0x0105,0x0166,0x0987,0x0105,0x00e4,0x00c3,0x00c4,0x00c3,0x00e4,
0x00c3,0x00c3,0x0083,0x00a3,0x0082,0x00a3,0x00c3,0x00c3,0x0082,0x0082,0x08a1,0x1101,0x08e1,0x10e2,0x10e3,0x10e3,
0x29e3,0x1982,0x2182,0x29a3,0x3a24,0x3a25,0x31e4,0x1922,0x2164,0x29a3,0x2984,0x29a4,0x0924,0x00c4,0x00e4,0x00c4,
0x00e4,0x00e4,0x00e4,0x00e4,0x0105,0x00e4,0x0105,0x0125,0x0145,0x0165,0x0186,0x0186,0x09a6,0x09c6,0x09c7,0x01a6,
0x09c6,0x01a6,0x09c7,0x09a6,0x09c7,0x09c6,0x09c7,0x09c6,0x09e7,0x01a6,0x0186,0x0166,0x0186,0x0186,0x0187,0x0186,
0x01a7,0x0186,0x01a7,0x0187,0x01a7,0x0187,0x0187,0x01a7,0x01e8,0x01e8,0x0209,0x01e8,0x0209,0x01e8,0x0209,0x01e8,
0x0209,0x0208,0x0a09,0x0208,0x0209,0x0208,0x0a09,0x0208,0x0209,0x0208,0x0a29,0x0209,0x0209,0x0208,0x0a09,0x0208,
0x0209,0x0208,0x0209,0x0208,0x0209,0x0208,0x0a29,0x0209,0x0229,0x0209,0x0a29,0x0209,0x0229,0x0209,0x0a29,0x0229,
0x0a29,0x0229,0x0a29,0x0229,0x0a29,0x0229,0x0a29,0x0229,0x0229,0x0229,0x0a29,0x0229,0x0229,0x0229,0x0a29,0x0229,
0x0a4a,0x0229,0x0a4a,0x0a49,0x0a4a,0x0229,0x0a4a,0x0229,0x0a49,0x0229,0x0a4a,0x0229,0x0a49,0x0229,0x0a4a,0x0229,
0x0a4a,0x0229,0x0a4a,0x0229,0x0a49,0x0229,0x0a4a,0x0229,0x0a49,0x0229,0x0a4a,0x0229,0x0a49,0x0229,0x0a4a,0x0229,
0x0a49,0x0229,0x0a29,0x0229,0x0a29,0x0229,0x0a29,0x0229,0x0a29,0x0229,0x0a29,0x0229,0x0229,0x0209,0x0a29,0x0209,
0x0229,0x0209,0x0a29,0x0209,0x0a29,0x0229,0x0a29,0x0209,0x0229,0x0209,0x0a29,0x0209,0x0209,0x0208,0x0a09,0x0208,
0x0209,0x0208,0x0a09,0x0208,0x0a09,0x0208,0x0a29,0x0208,0x0a09,0x0208,0x0a09,0x01c8,0x01a7,0x0187,0x0167,0x0186,
0x01a7,0x0186,0x01a7,0x0166,0x0166,0x0166,0x09c7,0x11e7,0x11e7,0x09e6,0x11e7,0x09e6,0x11e7,0x09a6,0x0986,0x09a6,
0x09a6,0x09a6,0x0986,0x0165,0x0166,0x0145,0x0146,0x0105,0x0105,0x0966,0x11a7,0x0125,0x00e4,0x00c4,0x00e4,0x00c4,
0x00e4,0x00c3,0x00c4,0x00c3,0x00c3,0x00c3,0x00c3,0x00a3,0x00c3,0x0904,0x1145,0x0904,0x08e3,0x0061,0x0882,0x0061,
0x3223,0x3224,0x21c2,0x2183,0x3a45,0x31e4,0x1101,0x1923,0x2163,0x31e3,0x3202,0x21a3,0x00a2,0x00c4,0x00c4,0x00e4,
0x00c4,0x00e4,0x00e4,0x0104,0x00e4,0x0105,0x0104,0x0125,0x0125,0x0145,0x0125,0x0145,0x0186,0x09a7,0x01a6,0x09a6,
0x0186,0x09a6,0x01a6,0x09a6,0x0186,0x09a6,0x01c6,0x09c7,0x09c6,0x09a7,0x0145,0x0166,0x0166,0x0187,0x0186,0x0187,
0x0186,0x01a7,0x0186,0x0187,0x0166,0x0187,0x01a7,0x01e8,0x01e8,0x01e8,0x01e8,0x01e8,0x01e8,0x01e8,0x01e8,0x0208,
0x01e8,0x0209,0x01e8,0x0209,0x01e8,0x0209,0x0208,0x0209,0x0208,0x0209,0x0208,0x0209,0x0208,0x0209,0x0208,0x0209,
0x0208,0x0209,0x0208,0x0209,0x0208,0x0209,0x0208,0x0209,0x0208,0x0229,0x0208,0x0229,0x0208,0x0229,0x0208,0x0229,
0x0209,0x0229,0x0208,0x0229,0x0209,0x0229,0x0208,0x0229,0x0209,0x0229,0x0208,0x0229,0x0209,0x0229,0x0229,0x0229,
0x0229,0x0a29,0x0229,0x0a49,0x0229,0x0a49,0x0229,0x0a49,0x0229,0x0a49,0x0229,0x0a49,0x0229,0x0a49,0x0229,0x0a49,
0x0229,0x0a49,0x0229,0x0a49,0x0229,0x0a49,0x0229,0x0a49,0x0229,0x0a49,0x0229,0x0249,0x0229,0x0a29,0x0229,0x0a29,
0x0229,0x0a29,0x0229,0x0229,0x0229,0x0229,0x0228,0x0229,0x0229,0x0229,0x0208,0x0229,0x0209,0x0229,0x0208,0x0229,
0x0208,0x0229,0x0208,0x0229,0x0209,0x0229,0x0208,0x0229,0x0208,0x0209,0x0208,0x0209,0x0208,0x0209,0x0208,0x0209,
0x0208,0x0209,0x0208,0x0209,0x0208,0x0209,0x0208,0x0209,0x0208,0x0209,0x0208,0x01e8,0x01a7,0x01a7,0x0166,0x0166,
0x0186,0x01a7,0x0186,0x0186,0x0166,0x0186,0x0186,0x09e7,0x09e6,0x09c6,0x01a5,0x09c6,0x09c6,0x09c6,0x01a6,0x09a6,
0x0186,0x09a7,0x0186,0x0166,0x0125,0x0145,0x0125,0x0125,0x0105,0x0105,0x0105,0x0125,0x00e4,0x00e4,0x00c3,0x00c4,
0x00c3,0x00c4,0x00c3,0x00c3,0x00c3,0x00e3,0x00c3,0x00a3,0x0082,0x0082,0x00e3,0x0925,0x0946,0x1145,0x00a3,0x0062,
0x3a44,0x3a45,0x3a26,0x31e5,0x3a27,0x2164,0x2164,0x2163,0x2164,0x2162,0x3203,0x29c2,0x00a2,0x00a4,0x00e4,0x00e4,
0x0105,0x0104,0x0105,0x0104,0x0105,0x0104,0x0125,0x0125,0x0125,0x0125,0x0145,0x0145,0x0166,0x0145,0x0166,0x0186,
0x09a7,0x01a6,0x09a7,0x09a6,0x09c7,0x09c7,0x09c7,0x01a6,0x09a7,0x0166,0x0166,0x0166,0x0187,0x0186,0x01a7,0x0186,
0x01a7,0x0187,0x01a7,0x0166,0x0187,0x01a7,0x0208,0x01e8,0x01e9,0x01e8,0x01e9,0x01e8,0x0209,0x01e8,0x0209,0x01e8,
0x0209,0x01e8,0x0209,0x01e8,0x0a09,0x0208,0x0209,0x0208,0x0a09,0x0208,0x0209,0x0208,0x0a29,0x0209,0x0209,0x0208,
0x0209,0x0208,0x0229,0x0208,0x0a29,0x0209,0x0229,0x0208,0x0a29,0x0209,0x0a29,0x0209,0x0a29,0x0209,0x0229,0x0209,
0x0a29,0x0229,0x0229,0x0229,0x0a29,0x0229,0x0229,0x0229,0x0a29,0x0229,0x0229,0x0229,0x0a29,0x0229,0x0a49,0x0229,
0x0a4a,0x0229,0x0a49,0x0229,0x0a4a,0x0229,0x0a4a,0x0249,0x0a4a,0x0a49,0x0a49,0x0229,0x0a4a,0x0a49,0x0a4a,0x0249,
0x0a4a,0x0229,0x0a4a,0x0249,0x0a4a,0x0229,0x0a4a,0x0229,0x0a4a,0x0229,0x0a49,0x0229,0x0a4a,0x0229,0x0a49,0x0229,
0x0a4a,0x0229,0x0a29,0x0229,0x0a29,0x0229,0x0a29,0x0229,0x0a29,0x0229,0x0229,0x0229,0x0a29,0x0209,0x0229,0x0209,
0x0a29,0x0229,0x0229,0x0209,0x0a29,0x0229,0x0229,0x0209,0x0a29,0x0209,0x0a09,0x0208,0x0a29,0x0208,0x0209,0x0208,
0x0a09,0x0208,0x0209,0x0208,0x0a09,0x0208,0x0a09,0x0208,0x0a09,0x0208,0x0a09,0x01e8,0x01c8,0x0187,0x01a7,0x0166,
0x0167,0x0186,0x0187,0x0166,0x0186,0x0166,0x0187,0x0186,0x09c7,0x0186,0x09a6,0x09a6,0x09a6,0x09a6,0x09c7,0x09a6,
0x09a6,0x0186,0x09a6,0x0186,0x0146,0x0125,0x0145,0x0125,0x0126,0x0105,0x0125,0x0105,0x0105,0x00e4,0x00e4,0x00c3,
0x00e4,0x00c4,0x00e4,0x00c3,0x00e4,0x00c3,0x00e4,0x00c3,0x00e4,0x0103,0x0124,0x00c2,0x00a3,0x00a3,0x08c4,0x00a3,
0x3242,0x3a43,0x3a05,0x39e7,0x1943,0x2144,0x2185,0x2164,0x1941,0x1943,0x1962,0x29e3,0x1962,0x00a3,0x00c4,0x0125,
0x0104,0x0125,0x0104,0x0105,0x0104,0x0105,0x0105,0x0125,0x0125,0x0125,0x0145,0x0146,0x0145,0x0145,0x0145,0x0166,
0x01a6,0x01a6,0x0186,0x0186,0x0186,0x09a6,0x0186,0x0186,0x0186,0x0186,0x0166,0x0166,0x0166,0x0186,0x0186,0x0187,
0x0166,0x0186,0x0166,0x0187,0x01a7,0x01e8,0x01c7,0x01e8,0x01e8,0x01e8,0x01e8,0x01e8,0x01e8,0x01e8,0x01e8,0x01e8,
0x01e8,0x0208,0x01e8,0x0209,0x01e8,0x0209,0x01e8,0x0209,0x0208,0x0209,0x0208,0x0209,0x0208,0x0209,0x0208,0x0209,
0x0208,0x0209,0x0208,0x0209,0x0208,0x0209,0x0208,0x0209,0x0208,0x0209,0x0208,0x0209,0x0208,0x0229,0x0209,0x0229,
0x0208,0x0229,0x0209,0x0229,0x0208,0x0229,0x0209,0x0229,0x0208,0x0229,0x0209,0x0229,0x0229,0x0229,0x0229,0x0a29,
0x0229,0x0a49,0x0229,0x0a29,0x0229,0x0a49,0x0229,0x0a49,0x0229,0x0a49,0x0229,0x0a49,0x0229,0x0a49,0x0229,0x0a49,
0x0229,0x0a49,0x0229,0x0a49,0x0229,0x0a49,0x0229,0x0a49,0x0229,0x0a49,0x0229,0x0a49,0x0229,0x0a29,0x0229,0x0a29,
0x0229,0x0a29,0x0229,0x0229,0x0228,0x0229,0x0229,0x0229,0x0228,0x0229,0x0229,0x0229,0x0208,0x0229,0x0208,0x0229,
0x0208,0x0229,0x0208,0x0229,0x0208,0x0229,0x0208,0x0229,0x0208,0x0209,0x0208,0x0209,0x0208,0x0209,0x0208,0x0209,
0x0208,0x0209,0x0208,0x0209,0x0208,0x0209,0x0208,0x0209,0x0208,0x0209,0x0208,0x0209,0x01a7,0x01a7,0x0187,0x0187,
0x0146,0x0166,0x0166,0x0186,0x0166,0x0166,0x0166,0x0186,0x0145,0x0166,0x0145,0x0165,0x0186,0x09a6,0x0186,0x0186,
0x0145,0x0165,0x0145,0x0166,0x0145,0x0145,0x0125,0x0125,0x0105,0x0125,0x0125,0x0125,0x0105,0x00e5,0x00c4,0x00c4,
0x00c3,0x00e4,0x00c3,0x00c4,0x00e4,0x00e4,0x00a3,0x00e4,0x0124,0x0985,0x0124,0x0103,0x00a2,0x00a3,0x0082,0x0083,
0x29e3,0x3242,0x4264,0x1943,0x1923,0x1944,0x2185,0x1943,0x2162,0x2183,0x2143,0x1962,0x08e1,0x00c3,0x00e5,0x0125,
0x0145,0x0125,0x0126,0x0105,0x0105,0x0105,0x0125,0x0105,0x0126,0x0145,0x0166,0x0145,0x0166,0x0145,0x0166,0x0166,
0x0186,0x0166,0x0166,0x0145,0x0166,0x0166,0x0186,0x01a6,0x0186,0x0186,0x01a7,0x0166,0x0167,0x0166,0x0167,0x0166,
0x0167,0x0166,0x01a7,0x01a7,0x01e8,0x01c8,0x01e8,0x01e8,0x01e8,0x01e8,0x0209,0x01e8,0x0209,0x01e8,0x0209,0x01e8,
0x0209,0x01e8,0x0209,0x0208,0x0209,0x0208,0x0a09,0x0208,0x0209,0x0208,0x0a29,0x0209,0x0229,0x0208,0x0a29,0x0209,
0x0229,0x0209,0x0a29,0x0209,0x0a29,0x0208,0x0a29,0x0209,0x0229,0x0209,0x0a29,0x0209,0x0229,0x0209,0x0a29,0x0209,
0x0229,0x0229,0x0a29,0x0229,0x0229,0x0229,0x0a29,0x0229,0x0229,0x0229,0x0a29,0x0229,0x0a29,0x0229,0x0a4a,0x0229,
0x0a4a,0x0229,0x0a4a,0x0229,0x0a49,0x0229,0x0a4a,0x0249,0x0a49,0x0229,0x0a4a,0x0229,0x0a4a,0x0249,0x0a4a,0x0229,
0x0a4a,0x0249,0x0a4a,0x0a49,0x0a49,0x0249,0x0a4a,0x0229,0x0a4a,0x0229,0x0a4a,0x0229,0x0a49,0x0229,0x0a29,0x0229,
0x0a29,0x0229,0x0a29,0x0229,0x0a29,0x0229,0x0a29,0x0229,0x0229,0x0229,0x0a29,0x0209,0x0229,0x0209,0x0a29,0x0209,
0x0229,0x0209,0x0a29,0x0209,0x0a29,0x0229,0x0a29,0x0229,0x0229,0x0209,0x0a29,0x0209,0x0a09,0x0208,0x0a09,0x0208,
0x0209,0x0208,0x0a09,0x0208,0x0a09,0x0208,0x0a29,0x0208,0x0a09,0x0208,0x0a09,0x0208,0x09e8,0x01a7,0x01a8,0x0187,
0x01a7,0x0166,0x0187,0x0186,0x0186,0x0166,0x0186,0x0166,0x0166,0x0166,0x0166,0x0145,0x0166,0x0165,0x0166,0x0165,
0x0166,0x0145,0x0166,0x0166,0x0166,0x0145,0x0146,0x0125,0x0126,0x0125,0x0146,0x0125,0x0146,0x0105,0x00e5,0x00e4,
0x00e4,0x00e4,0x00e4,0x00e4,0x0104,0x0925,0x1987,0x1145,0x1166,0x0124,0x00e4,0x00a3,0x00c4,0x00c3,0x00c3,0x00a2,
0x2183,0x21a3,0x29e2,0x2183,0x1922,0x1923,0x1943,0x2184,0x29a4,0x2144,0x08e1,0x10e2,0x0081,0x00e5,0x00e4,0x0125,
0x0125,0x0146,0x0125,0x0125,0x0105,0x0105,0x0105,0x0125,0x0125,0x0146,0x0145,0x0146,0x0145,0x0146,0x0145,0x0166,
0x0145,0x0166,0x0145,0x0166,0x0166,0x0186,0x01a6,0x01a7,0x0186,0x01a7,0x0166,0x0166,0x0146,0x0166,0x0166,0x0187,
0x0187,0x01a7,0x01a7,0x01c8,0x01e8,0x01e8,0x01e8,0x01e8,0x01e8,0x01e8,0x01e8,0x01e8,0x01e8,0x01e8,0x01e8,0x01e8,
0x01e8,0x0209,0x01e8,0x0209,0x01e8,0x0209,0x01e8,0x0209,0x0208,0x0209,0x0208,0x0209,0x0208,0x0209,0x0208,0x0209,
0x0208,0x0229,0x0208,0x0229,0x0208,0x0229,0x0208,0x0229,0x0208,0x0229,0x0208,0x0229,0x0209,0x0229,0x0208,0x0229,
0x0209,0x0229,0x0208,0x0229,0x0209,0x0229,0x0208,0x0229,0x0209,0x0229,0x0208,0x0229,0x0229,0x0229,0x0229,0x0229,
0x0229,0x0a49,0x0229,0x0229,0x0229,0x0a49,0x0229,0x0a49,0x0229,0x0a49,0x0229,0x0a49,0x0229,0x0a49,0x0229,0x0a49,
0x0229,0x0a49,0x0229,0x0a49,0x0229,0x0a49,0x0229,0x0a49,0x0229,0x0a49,0x0229,0x0229,0x0229,0x0a29,0x0229,0x0229,
0x0229,0x0a29,0x0229,0x0229,0x0229,0x0229,0x0228,0x0229,0x0229,0x0229,0x0208,0x0229,0x0208,0x0229,0x0208,0x0229,
0x0208,0x0229,0x0208,0x0229,0x0209,0x0229,0x0208,0x0229,0x0208,0x0a29,0x0208,0x0209,0x0208,0x0209,0x0208,0x0209,
0x0208,0x0209,0x0208,0x0209,0x0208,0x0209,0x0208,0x0209,0x0208,0x0209,0x01e8,0x0208,0x01e8,0x01e8,0x01a7,0x01a7,
0x0187,0x0187,0x0166,0x0166,0x0166,0x0186,0x0166,0x0166,0x0146,0x0166,0x0165,0x0166,0x0145,0x0166,0x0145,0x0166,
0x0145,0x0166,0x0145,0x0166,0x0145,0x0125,0x0105,0x0125,0x0145,0x0146,0x0125,0x0125,0x0125,0x0125,0x0105,0x0105,
0x00e4,0x0104,0x00e4,0x00e4,0x00c4,0x00e4,0x0945,0x2a29,0x4acb,0x3a8a,0x0924,0x00a3,0x00a3,0x00c4,0x00a3,0x0083,
0x1962,0x1121,0x1121,0x1942,0x1942,0x1122,0x2184,0x2184,0x29a5,0x1923,0x1922,0x08c1,0x08e4,0x0986,0x0125,0x0125,
0x0146,0x0145,0x0146,0x0145,0x0146,0x0125,0x0146,0x0125,0x0126,0x0125,0x0145,0x0125,0x0146,0x0145,0x0146,0x0145,
0x0146,0x0145,0x0166,0x0166,0x0187,0x0166,0x0187,0x0186,0x0187,0x0166,0x0166,0x0166,0x0187,0x0187,0x01a7,0x01a7,
0x01c8,0x01a7,0x01e8,0x01e8,0x01e8,0x01e8,0x01e8,0x01e8,0x01e9,0x01e8,0x0209,0x01e8,0x0209,0x01e8,0x0209,0x01e8,
0x0209,0x01e8,0x0209,0x01e8,0x0a09,0x0208,0x0209,0x0208,0x0a29,0x0208,0x0209,0x0208,0x0a09,0x0209,0x0209,0x0208,
0x0a29,0x0209,0x0a29,0x0209,0x0a29,0x0229,0x0a29,0x0229,0x0a29,0x0229,0x0229,0x0209,0x0a29,0x0229,0x0229,0x0209,
0x0a29,0x0209,0x0229,0x0209,0x0a29,0x0229,0x0229,0x0229,0x0a29,0x0229,0x0229,0x0229,0x0a29,0x0229,0x0229,0x0229,
0x0a4a,0x0229,0x0a49,0x0229,0x0a4a,0x0229,0x0a49,0x0229,0x0a4a,0x0229,0x0a4a,0x0249,0x0a4a,0x0229,0x0a49,0x0229,
0x0a4a,0x0a49,0x0a4a,0x0249,0x0a4a,0x0229,0x0a49,0x0229,0x0a4a,0x0229,0x0a49,0x0229,0x0a4a,0x0229,0x0a49,0x0229,
0x0a29,0x0229,0x0a29,0x0229,0x0a29,0x0229,0x0229,0x0229,0x0a29,0x0229,0x0229,0x0229,0x0a29,0x0209,0x0229,0x0209,
0x0a29,0x0209,0x0229,0x0209,0x0a29,0x0229,0x0229,0x0229,0x0a29,0x0209,0x0a29,0x0209,0x0a29,0x0209,0x0a09,0x0208,
0x0a09,0x0208,0x0209,0x0208,0x0a09,0x0208,0x0209,0x0208,0x0a09,0x0208,0x0209,0x0208,0x0a09,0x01e8,0x01e8,0x01a7,
0x01a8,0x01a7,0x01a7,0x0166,0x0187,0x0166,0x0166,0x0166,0x0166,0x0166,0x0166,0x0166,0x0166,0x0166,0x0166,0x0145,
0x0166,0x0146,0x0166,0x0145,0x0146,0x0125,0x0125,0x0125,0x0146,0x0145,0x0146,0x0125,0x0126,0x0105,0x0125,0x0125,
0x0125,0x0104,0x0104,0x00e4,0x00e4,0x00e4,0x00e4,0x00c3,0x1125,0x21c7,0x19c8,0x11a7,0x0946,0x00e4,0x00c4,0x0083,
0x1101,0x1101,0x08e0,0x1122,0x1121,0x1942,0x1943,0x2164,0x1964,0x1923,0x1922,0x0081,0x19a6,0x11c7,0x0165,0x0125,
0x0104,0x0146,0x0145,0x0146,0x0145,0x0146,0x0145,0x0146,0x0125,0x0125,0x0105,0x0125,0x0125,0x0146,0x0145,0x0146,
0x0125,0x0145,0x0145,0x0146,0x0145,0x0146,0x0125,0x0146,0x0166,0x0187,0x0186,0x01a7,0x01a7,0x01a7,0x01a7,0x01c7,
0x01a7,0x01c8,0x01e8,0x01e8,0x01c8,0x01e8,0x01e8,0x01e8,0x01e8,0x01e8,0x01e8,0x01e8,0x01e8,0x01e8,0x01e8,0x01e8,
0x01e8,0x0208,0x01e8,0x0209,0x01e8,0x0209,0x01e8,0x0209,0x01e8,0x0209,0x0208,0x0209,0x0208,0x0209,0x0208,0x0209,
0x0208,0x0209,0x0208,0x0a29,0x0208,0x0229,0x0209,0x0229,0x0228,0x0229,0x0209,0x0229,0x0208,0x0229,0x0209,0x0229,
0x0208,0x0229,0x0208,0x0229,0x0208,0x0229,0x0209,0x0229,0x0208,0x0229,0x0229,0x0229,0x0228,0x0229,0x0229,0x0a29,
0x0229,0x0229,0x0229,0x0a29,0x0229,0x0229,0x0229,0x0a29,0x0229,0x0a49,0x0229,0x0a49,0x0229,0x0a49,0x0229,0x0a49,
0x0229,0x0a49,0x0229,0x0a49,0x0229,0x0a49,0x0229,0x0a49,0x0229,0x0a49,0x0229,0x0a49,0x0229,0x0a49,0x0229,0x0a29,
0x0229,0x0229,0x0229,0x0a29,0x0228,0x0229,0x0229,0x0229,0x0228,0x0229,0x0209,0x0229,0x0208,0x0229,0x0208,0x0229,
0x0208,0x0229,0x0208,0x0229,0x0208,0x0229,0x0209,0x0229,0x0208,0x0229,0x0208,0x0a09,0x0208,0x0209,0x0208,0x0209,
0x0208,0x0209,0x0208,0x0209,0x01e8,0x0209,0x0208,0x0209,0x01e8,0x0208,0x01e8,0x0208,0x01e8,0x01e8,0x01e8,0x01c8,
0x01a7,0x01a7,0x01a7,0x01a7,0x0186,0x0187,0x0166,0x0166,0x0145,0x0146,0x0145,0x0146,0x0145,0x0166,0x0145,0x0146,
0x0145,0x0146,0x0145,0x0146,0x0125,0x0146,0x0146,0x0146,0x0125,0x0146,0x0125,0x0146,0x0125,0x0125,0x0105,0x0125,
0x0104,0x0105,0x00e4,0x0104,0x00e4,0x00e4,0x00e4,0x00e4,0x00c3,0x0083,0x00a3,0x0105,0x00e4,0x00c4,0x00a3,0x00e4,
0x1122,0x1101,0x1922,0x1122,0x1942,0x1101,0x1103,0x1943,0x1922,0x1943,0x10c2,0x2185,0x19c7,0x09a6,0x11e7,0x0145,
0x0146,0x0166,0x0166,0x0146,0x0166,0x0146,0x0166,0x0166,0x0166,0x0146,0x0146,0x0125,0x0126,0x0125,0x0146,0x0125,
0x0146,0x0145,0x0146,0x0145,0x0166,0x0166,0x0166,0x0166,0x01c7,0x01a7,0x01c8,0x01c7,0x01c8,0x01a7,0x01c8,0x01a7,
0x01c8,0x01c8,0x01e8,0x01c8,0x01e8,0x01e8,0x01e9,0x01e8,0x01e8,0x01e8,0x0209,0x01e8,0x0209,0x01e8,0x0209,0x01e8,
0x0209,0x01e8,0x0209,0x0208,0x0209,0x01e8,0x0209,0x0208,0x0209,0x0208,0x0209,0x0209,0x0229,0x0209,0x0a29,0x0209,
0x0229,0x0209,0x0a29,0x0229,0x0a29,0x0229,0x0a29,0x0229,0x0a29,0x0229,0x0a29,0x0229,0x0229,0x0209,0x0a29,0x0229,
0x0229,0x0209,0x0a29,0x0209,0x0229,0x0209,0x0a29,0x0229,0x0229,0x0229,0x0a29,0x0229,0x0a29,0x0229,0x0a4a,0x0229,
0x0a49,0x0229,0x0a49,0x0229,0x0a49,0x0229,0x0a4a,0x0229,0x0a49,0x0229,0x0a49,0x0229,0x0a4a,0x0249,0x0a4a,0x0a49,
0x0a4a,0x0249,0x0a4a,0x0a49,0x0a4a,0x0249,0x0a4a,0x0229,0x0a49,0x0229,0x0a4a,0x0229,0x0a49,0x0229,0x0a4a,0x0229,
0x0a49,0x0229,0x0a4a,0x0229,0x0a29,0x0229,0x0a29,0x0229,0x0a29,0x0229,0x0a29,0x0229,0x0229,0x0229,0x0a29,0x0229,
0x0229,0x0229,0x0a29,0x0229,0x0a29,0x0229,0x0a29,0x0229,0x0a29,0x0229,0x0a29,0x0209,0x0a29,0x0209,0x0a29,0x0209,
0x0a29,0x0208,0x0a09,0x0208,0x0a09,0x0208,0x0a09,0x0208,0x0209,0x01e8,0x0a09,0x01e8,0x01e8,0x01e8,0x09e9,0x01e8,
0x01e8,0x01a7,0x01c8,0x01a7,0x01c8,0x01a7,0x01a7,0x0166,0x0166,0x0146,0x0166,0x0146,0x0166,0x0145,0x0146,0x0146,
0x0166,0x0146,0x0166,0x0146,0x0146,0x0146,0x0187,0x0146,0x0146,0x0146,0x0146,0x0146,0x0166,0x0146,0x0146,0x0125,
0x0125,0x0104,0x0105,0x00e4,0x0105,0x00e4,0x00e5,0x00e4,0x0104,0x00e4,0x0105,0x00e4,0x00e4,0x00a3,0x00a3,0x00a3,
0x1121,0x1922,0x1102,0x1123,0x1121,0x1122,0x0901,0x1101,0x1121,0x08c2,0x1924,0x3249,0x00c3,0x2207,0x11e5,0x09a6,
0x01a7,0x0186,0x0145,0x0146,0x0145,0x0166,0x0145,0x0166,0x0146,0x0166,0x0145,0x0166,0x0146,0x0146,0x0145,0x0166,
0x0146,0x0166,0x0145,0x0166,0x0166,0x0187,0x0166,0x0187,0x01a7,0x01c7,0x01a7,0x01c7,0x01a7,0x01a8,0x01a7,0x01c7,
0x01c7,0x01c8,0x01c8,0x01e8,0x01c8,0x01e8,0x01e8,0x01e8,0x01e8,0x01e8,0x01e8,0x01e8,0x01e8,0x01e8,0x01e8,0x01e8,
0x01e8,0x0209,0x01e8,0x0208,0x01e8,0x0209,0x01e8,0x0209,0x01e8,0x0209,0x0208,0x0209,0x0208,0x0209,0x0208,0x0229,
0x0208,0x0229,0x0208,0x0229,0x0209,0x0a29,0x0208,0x0229,0x0229,0x0229,0x0228,0x0229,0x0209,0x0229,0x0208,0x0229,
0x0208,0x0229,0x0208,0x0229,0x0209,0x0229,0x0208,0x0229,0x0209,0x0229,0x0229,0x0229,0x0229,0x0a29,0x0229,0x0229,
0x0229,0x0a29,0x0229,0x0229,0x0229,0x0a29,0x0229,0x0229,0x0229,0x0a49,0x0229,0x0a49,0x0229,0x0a49,0x0229,0x0a49,
0x0229,0x0a4a,0x0229,0x0a49,0x0229,0x0a4a,0x0229,0x0a49,0x0229,0x0a49,0x0229,0x0a49,0x0229,0x0a29,0x0229,0x0229,
0x0229,0x0a29,0x0229,0x0229,0x0229,0x0229,0x0228,0x0229,0x0229,0x0229,0x0228,0x0229,0x0229,0x0229,0x0228,0x0229,
0x0209,0x0229,0x0208,0x0229,0x0209,0x0a29,0x0228,0x0229,0x0229,0x0a29,0x0208,0x0209,0x0208,0x0a09,0x0208,0x0209,
0x0208,0x0209,0x01e8,0x0208,0x01e8,0x0208,0x01e8,0x0208,0x01e8,0x0208,0x01e8,0x01e8,0x01e8,0x01e8,0x01e8,0x01e8,
0x01e8,0x01c8,0x01a7,0x01c7,0x01a7,0x01a7,0x01a7,0x0187,0x0166,0x0166,0x0145,0x0166,0x0145,0x0166,0x0145,0x0146,
0x0146,0x0166,0x0146,0x0166,0x0146,0x0166,0x0166,0x0166,0x0166,0x0166,0x0166,0x0166,0x0166,0x0166,0x0145,0x0146,
0x0125,0x0105,0x00e4,0x0105,0x00e4,0x00e5,0x00e4,0x0104,0x00e4,0x00e4,0x00e4,0x00e4,0x00c3,0x00c4,0x00a3,0x00a3,
0x1943,0x1923,0x1103,0x1123,0x2163,0x1942,0x1942,0x1122,0x1102,0x0081,0x31e8,0x00c3,0x00c4,0x19c6,0x0985,0x2a48,
0x32cc,0x0166,0x0166,0x0145,0x0166,0x0166,0x0166,0x0146,0x0166,0x0166,0x0166,0x0166,0x0167,0x0166,0x0166,0x0166,
0x0187,0x0166,0x0187,0x0166,0x0187,0x0166,0x0187,0x0186,0x01a7,0x01a7,0x01a7,0x01a7,0x01c8,0x01a7,0x01c8,0x01c8,
0x01e8,0x01c8,0x01e8,0x01e8,0x01e9,0x01e8,0x01e9,0x01e8,0x01e9,0x01e8,0x0209,0x01e8,0x0209,0x01e8,0x0209,0x01e8,
0x0209,0x01e8,0x0209,0x01e8,0x0209,0x01e8,0x0209,0x0208,0x0209,0x0209,0x0209,0x0208,0x0a29,0x0209,0x0229,0x0209,
0x0a29,0x0229,0x0229,0x0229,0x0a29,0x0229,0x0a29,0x0229,0x0a29,0x0229,0x0229,0x0208,0x0229,0x0209,0x0229,0x0209,
0x0a29,0x0209,0x0229,0x0229,0x0a29,0x0229,0x0229,0x0229,0x0a29,0x0229,0x0a29,0x0229,0x0a49,0x0229,0x0a49,0x0229,
0x0a4a,0x0229,0x0a49,0x0229,0x0a49,0x0229,0x0a49,0x0229,0x0a4a,0x0229,0x0a4a,0x0229,0x0a4a,0x0a49,0x0a49,0x0249,
0x0a4a,0x0a49,0x0a4a,0x0a49,0x0a4a,0x0a49,0x0a4a,0x0249,0x0a4a,0x0229,0x0a4a,0x0229,0x0a4a,0x0229,0x0a49,0x0229,
0x0a4a,0x0229,0x0a49,0x0229,0x0a4a,0x0229,0x0a49,0x0229,0x0a29,0x0229,0x0a29,0x0229,0x0a29,0x0229,0x0229,0x0229,
0x0a29,0x0229,0x0a29,0x0229,0x0a29,0x0229,0x0a29,0x0229,0x0a29,0x0229,0x0a29,0x0209,0x0a29,0x0209,0x0a29,0x0208,
0x0a09,0x0209,0x0209,0x01e8,0x0209,0x01e8,0x0209,0x01e8,0x0209,0x01e8,0x01e8,0x01e8,0x01e8,0x01e8,0x01e8,0x01e8,
0x01e9,0x01e8,0x01c8,0x01a7,0x01c8,0x01a7,0x01a7,0x01a7,0x01a7,0x0166,0x0186,0x0166,0x0166,0x0166,0x0167,0x0166,
0x0166,0x0166,0x0166,0x0146,0x0166,0x0166,0x0187,0x0186,0x0187,0x0186,0x0187,0x0166,0x0167,0x0146,0x0166,0x0166,
0x0166,0x0126,0x0126,0x00e5,0x0105,0x00e4,0x00e5,0x00e4,0x0105,0x00e4,0x0104,0x00e4,0x00e4,0x00c4,0x00c4,0x00c4,
0x1123,0x1924,0x1123,0x1924,0x1102,0x10e2,0x08a0,0x08c1,0x0081,0x08e4,0x00c4,0x00a3,0x00c3,0x0124,0x0124,0x42cb,
0x2228,0x0166,0x0166,0x0166,0x0166,0x0166,0x0166,0x0186,0x0166,0x0186,0x0166,0x0166,0x0146,0x0166,0x0166,0x0166,
0x0186,0x0187,0x0187,0x0187,0x0166,0x0187,0x0166,0x0187,0x0186,0x01a7,0x0187,0x01a7,0x01c7,0x01c8,0x01e8,0x01e8,
0x01e7,0x01e8,0x01e8,0x01e8,0x01e8,0x01e8,0x01e8,0x01e8,0x01e8,0x01e8,0x01e8,0x01e8,0x01e8,0x01e8,0x01e8,0x01e8,
0x01e8,0x0208,0x01e8,0x0209,0x01e8,0x0208,0x01e8,0x0209,0x01e8,0x0209,0x0208,0x0209,0x0208,0x0209,0x0208,0x0229,
0x0208,0x0229,0x0209,0x0229,0x0228,0x0229,0x0209,0x0229,0x0228,0x0229,0x0208,0x0229,0x0208,0x0229,0x0208,0x0229,
0x0208,0x0229,0x0209,0x0229,0x0208,0x0229,0x0209,0x0229,0x0208,0x0229,0x0229,0x0229,0x0229,0x0229,0x0229,0x0a29,
0x0229,0x0a49,0x0229,0x0a29,0x0229,0x0229,0x0229,0x0a49,0x0229,0x0a49,0x0229,0x0a49,0x0229,0x0a49,0x0229,0x0a4a,
0x0249,0x0a49,0x0249,0x0a4a,0x0249,0x0a49,0x0229,0x0a4a,0x0229,0x0a49,0x0229,0x0a49,0x0229,0x0a49,0x0229,0x0a49,
0x0228,0x0229,0x0229,0x0a29,0x0229,0x0a29,0x0229,0x0a29,0x0229,0x0229,0x0229,0x0229,0x0228,0x0229,0x0229,0x0229,
0x0208,0x0229,0x0209,0x0a29,0x0228,0x0229,0x0229,0x0a29,0x0208,0x0229,0x0209,0x0229,0x0208,0x0209,0x0208,0x0209,
0x01e8,0x0209,0x01e8,0x0209,0x01e8,0x0208,0x01e8,0x01e8,0x01e8,0x01e8,0x01e8,0x01e8,0x01c8,0x01e8,0x01c8,0x01e8,
0x01e8,0x01e8,0x01c8,0x01c8,0x01a7,0x01a7,0x01a7,0x01a7,0x0187,0x0187,0x0166,0x0187,0x0186,0x0187,0x0166,0x0167,
0x0146,0x0166,0x0146,0x0166,0x0166,0x0187,0x0166,0x0187,0x0186,0x01a7,0x0166,0x0187,0x0166,0x0166,0x0146,0x0166,
0x0146,0x0146,0x0126,0x0126,0x0105,0x0105,0x00e4,0x00e5,0x00e4,0x00e4,0x00e4,0x00e4,0x00c3,0x00e4,0x00c4,0x00c4,
0x1924,0x1923,0x1944,0x1943,0x10e2,0x0881,0x0061,0x0061,0x0083,0x00a3,0x00c4,0x00c3,0x0924,0x00e3,0x2208,0x2208,
0x0125,0x0166,0x0166,0x0166,0x0186,0x0186,0x01a7,0x01a7,0x01c7,0x01a7,0x0187,0x0166,0x0167,0x0166,0x0187,0x0187,
0x01a7,0x01a7,0x01a7,0x0187,0x01a7,0x01a7,0x01a8,0x01a7,0x01a7,0x01a7,0x01c8,0x01c8,0x01e8,0x01e8,0x01e8,0x01e8,
0x01e8,0x01e8,0x01e9,0x01e8,0x01e8,0x01e8,0x01e9,0x01e8,0x01e9,0x01e8,0x0209,0x01e8,0x0209,0x01e8,0x0209,0x01e8,
0x0209,0x01e8,0x0209,0x01e8,0x0209,0x01e8,0x0a09,0x0208,0x0209,0x0208,0x0209,0x0209,0x0229,0x0208,0x0a29,0x0209,
0x0229,0x0209,0x0a29,0x0229,0x0a29,0x0229,0x0a29,0x0229,0x0229,0x0229,0x0229,0x0209,0x0229,0x0209,0x0a29,0x0209,
0x0229,0x0209,0x0a29,0x0229,0x0a29,0x0229,0x0a29,0x0229,0x0a29,0x0229,0x0a4a,0x0229,0x0a49,0x0229,0x0a4a,0x0229,
0x0a49,0x0229,0x0a4a,0x0229,0x0a49,0x0229,0x0a4a,0x0229,0x0a4a,0x0229,0x0a4a,0x0229,0x0a4a,0x0249,0x0a4a,0x0a49,
0x0a4a,0x0a49,0x0a4a,0x0a49,0x0a4a,0x0249,0x0a4a,0x0a49,0x0a4a,0x0229,0x0a4a,0x0229,0x0a49,0x0229,0x0a49,0x0229,
0x0a49,0x0229,0x0a4a,0x0229,0x0a49,0x0229,0x0a4a,0x0229,0x0a29,0x0229,0x0a29,0x0229,0x0a29,0x0229,0x0a29,0x0229,
0x0229,0x0229,0x0a29,0x0229,0x0a29,0x0229,0x0a29,0x0229,0x0a29,0x0229,0x0a29,0x0209,0x0a29,0x0209,0x0a29,0x0209,
0x0209,0x01e8,0x0a09,0x01e8,0x0209,0x01e8,0x01e9,0x01e8,0x01e8,0x01e8,0x01e8,0x01e8,0x01e8,0x01e8,0x01e8,0x01e8,
0x01e8,0x01c8,0x09e8,0x01c8,0x01c8,0x01a7,0x01c8,0x01a7,0x01a7,0x0187,0x01a7,0x01a7,0x01a7,0x0187,0x01a7,0x0187,
0x0187,0x0166,0x0187,0x0187,0x01a7,0x0186,0x01a7,0x01a7,0x01a7,0x0186,0x01a7,0x0166,0x0187,0x0166,0x0166,0x0166,
0x0166,0x0146,0x0166,0x0146,0x0146,0x0125,0x0126,0x0105,0x0105,0x00e4,0x00e4,0x00c4,0x00e4,0x00c3,0x00c4,0x00a3,
0x1103,0x1923,0x1122,0x1962,0x1922,0x0881,0x0041,0x00a3,0x0083,0x00c4,0x00c3,0x0104,0x0104,0x0945,0x2228,0x0146,
0x0146,0x0166,0x0145,0x0166,0x0166,0x0187,0x0186,0x0187,0x0186,0x01a7,0x01a6,0x01a7,0x0187,0x01a7,0x0186,0x01a7,
0x0187,0x01a7,0x0186,0x01a7,0x01a7,0x01c8,0x01c7,0x01c8,0x01c7,0x01c8,0x01c7,0x01e8,0x01e8,0x01e8,0x01e8,0x01e8,
0x01c8,0x01e8,0x01e8,0x01e8,0x01e8,0x01e8,0x01e8,0x01e8,0x01e8,0x01e8,0x01e8,0x01e8,0x01e8,0x01e8,0x01e8,0x01e8,
0x01e8,0x0208,0x01e8,0x0208,0x01e8,0x0209,0x01e8,0x0209,0x01e8,0x0209,0x0208,0x0209,0x0208,0x0209,0x0208,0x0209,
0x0208,0x0229,0x0208,0x0229,0x0229,0x0229,0x0208,0x0229,0x0208,0x0229,0x0208,0x0229,0x0209,0x0229,0x0208,0x0229,
0x0209,0x0229,0x0208,0x0229,0x0209,0x0229,0x0229,0x0229,0x0229,0x0a29,0x0229,0x0a49,0x0229,0x0a29,0x0229,0x0a49,
0x0229,0x0a49,0x0229,0x0a49,0x0229,0x0a29,0x0229,0x0229,0x0229,0x0a29,0x0229,0x0a49,0x0229,0x0a4a,0x0229,0x0a49,
0x0249,0x0a4a,0x0249,0x0a49,0x0229,0x0a49,0x0229,0x0a49,0x0229,0x0a49,0x0229,0x0a49,0x0229,0x0a49,0x0229,0x0229,
0x0229,0x0a29,0x0229,0x0229,0x0229,0x0a29,0x0229,0x0229,0x0229,0x0229,0x0228,0x0229,0x0229,0x0229,0x0229,0x0229,
0x0229,0x0a29,0x0228,0x0229,0x0209,0x0a29,0x0208,0x0229,0x0209,0x0229,0x0208,0x0209,0x0208,0x0209,0x0208,0x0209,
0x01e8,0x0209,0x01e8,0x01e8,0x01e8,0x01e8,0x01e8,0x01e8,0x01e8,0x01e8,0x01e8,0x01e8,0x01e8,0x01e8,0x01c7,0x01e8,
0x01c8,0x01e8,0x01c8,0x01c8,0x01c7,0x01c8,0x01a7,0x01a7,0x0187,0x01a7,0x0187,0x01a7,0x0187,0x01a7,0x0186,0x01a7,
0x01a7,0x01a7,0x01a7,0x01c7,0x01a7,0x01c7,0x01a7,0x01a7,0x0186,0x01a7,0x01a7,0x0166,0x0146,0x0146,0x0145,0x0166,
0x0146,0x0166,0x0145,0x0146,0x0125,0x0145,0x0125,0x0125,0x0125,0x0125,0x00e4,0x00e4,0x00c3,0x00e4,0x00c3,0x00c3,
0x1923,0x1122,0x1942,0x1962,0x10e2,0x0061,0x08c4,0x00a3,0x00c3,0x00a3,0x00e4,0x0104,0x0145,0x11e8,0x0967,0x0125,
0x0166,0x0146,0x0166,0x0166,0x0187,0x0166,0x0187,0x0187,0x01a7,0x0186,0x01a7,0x01a7,0x01c8,0x01c7,0x01c8,0x01c8,
0x01e8,0x01c7,0x01c8,0x01a7,0x01c8,0x01c7,0x01e8,0x01c8,0x01e8,0x01c8,0x01e8,0x01c8,0x01e8,0x01e8,0x01e8,0x01e8,
0x01e9,0x01e8,0x01e8,0x01e8,0x0209,0x01e8,0x01e8,0x01e8,0x01e9,0x01e8,0x0209,0x01e8,0x0209,0x01e8,0x0209,0x01e8,
0x0209,0x01e8,0x0209,0x0208,0x0a09,0x0208,0x0209,0x0208,0x0209,0x0209,0x0229,0x0209,0x0a29,0x0209,0x0229,0x0208,
0x0a29,0x0209,0x0229,0x0209,0x0a29,0x0209,0x0229,0x0209,0x0a29,0x0209,0x0229,0x0229,0x0a29,0x0229,0x0229,0x0209,
0x0a29,0x0229,0x0a29,0x0229,0x0a29,0x0229,0x0a49,0x0229,0x0a2a,0x0229,0x0a49,0x0229,0x0a4a,0x0229,0x0a49,0x0229,
0x0a4a,0x0229,0x0a49,0x0229,0x0a4a,0x0229,0x0a49,0x0229,0x0a4a,0x0229,0x0a49,0x0229,0x0a4a,0x0229,0x0a49,0x0249,
0x0a4a,0x0229,0x0a4a,0x0229,0x0a4a,0x0229,0x0a4a,0x0229,0x0a4a,0x0229,0x0a4a,0x0229,0x0a4a,0x0229,0x0a49,0x0229,
0x0a4a,0x0229,0x0a49,0x0229,0x0a49,0x0229,0x0a29,0x0229,0x0a29,0x0229,0x0a29,0x0229,0x0a29,0x0229,0x0a29,0x0229,
0x0a29,0x0229,0x0a29,0x0229,0x0a29,0x0229,0x0a29,0x0229,0x0a29,0x0209,0x0a29,0x0209,0x0a29,0x0208,0x0209,0x0208,
0x0a09,0x01e8,0x0209,0x01e8,0x0a09,0x01e8,0x01e9,0x01e8,0x01e9,0x01e8,0x01e8,0x01e8,0x01e8,0x01e8,0x01e8,0x01e8,
0x01e8,0x01e8,0x01e8,0x01c8,0x01e8,0x01c8,0x01e8,0x01c8,0x01c8,0x01c7,0x01c8,0x01c7,0x01e8,0x01c8,0x01e8,0x01c7,
0x01e8,0x01c7,0x01c8,0x01c7,0x01e8,0x01c7,0x01a7,0x0187,0x0187,0x0186,0x0187,0x0166,0x0166,0x0146,0x0166,0x0166,
0x0166,0x0146,0x0146,0x0125,0x0146,0x0125,0x0125,0x0125,0x0145,0x0145,0x0145,0x0124,0x0125,0x0104,0x0104,0x00e3,
0x1102,0x08e2,0x08c1,0x08a1,0x08c2,0x1966,0x00c3,0x00c3,0x00c3,0x00e4,0x0104,0x0104,0x0145,0x09a7,0x0105,0x0146,
0x0145,0x0166,0x0146,0x0166,0x0166,0x0166,0x0166,0x01a7,0x0186,0x01a7,0x01a7,0x01a7,0x01a7,0x01c8,0x01c7,0x01c8,
0x01c7,0x01c8,0x01c7,0x01c8,0x01a7,0x01c8,0x01c7,0x01c8,0x01c7,0x01e8,0x01c8,0x01e8,0x01c8,0x01e8,0x01c8,0x01e8,
0x01c8,0x01e8,0x01e8,0x01e8,0x01e8,0x01e8,0x01e8,0x01e8,0x01e8,0x01e8,0x01e8,0x0209,0x01e8,0x01e8,0x01e8,0x0208,
0x01e8,0x0208,0x01e8,0x0209,0x01e8,0x0209,0x01e8,0x0209,0x0208,0x0209,0x0208,0x0209,0x0208,0x0209,0x0208,0x0209,
0x0208,0x0209,0x0208,0x0209,0x0208,0x0229,0x0208,0x0229,0x0208,0x0229,0x0209,0x0229,0x0208,0x0229,0x0209,0x0229,
0x0208,0x0229,0x0209,0x0229,0x0208,0x0229,0x0229,0x0229,0x0229,0x0229,0x0229,0x0a49,0x0229,0x0249,0x0229,0x0a49,
0x0229,0x0249,0x0229,0x0a49,0x0229,0x0a49,0x0229,0x0a49,0x0229,0x0249,0x0229,0x0249,0x0229,0x0229,0x0229,0x0a29,
0x0229,0x0229,0x0229,0x0229,0x0229,0x0229,0x0229,0x0a29,0x0229,0x0a49,0x0229,0x0a29,0x0229,0x0229,0x0229,0x0a29,
0x0229,0x0229,0x0229,0x0a29,0x0228,0x0229,0x0229,0x0229,0x0228,0x0229,0x0229,0x0229,0x0229,0x0229,0x0229,0x0229,
0x0228,0x0229,0x0209,0x0229,0x0208,0x0229,0x0209,0x0a29,0x0208,0x0209,0x0208,0x0209,0x0208,0x0209,0x01e8,0x0209,
0x01e8,0x0209,0x01e8,0x01e9,0x01e8,0x01e8,0x01c8,0x01e8,0x01e8,0x01e8,0x01e8,0x01e8,0x01c8,0x01e8,0x01c8,0x01e8,
0x01c7,0x01e8,0x01c8,0x01e8,0x01c7,0x01e8,0x01c8,0x01e8,0x01c7,0x01e8,0x01c8,0x01e8,0x01c8,0x01e8,0x01c8,0x01e8,
0x01c7,0x01c8,0x01c7,0x01c8,0x01c7,0x01a7,0x0186,0x0187,0x0166,0x0187,0x0166,0x0166,0x0146,0x0166,0x0146,0x0166,
0x0145,0x0146,0x0125,0x0145,0x0125,0x0145,0x0145,0x0145,0x0165,0x0986,0x0145,0x0165,0x0145,0x0145,0x0104,0x0104,
0x08c2,0x0061,0x0882,0x21a6,0x29e8,0x00c3,0x00c4,0x00c3,0x00e4,0x00e4,0x0104,0x0104,0x0166,0x0146,0x0146,0x0145,
0x0166,0x0166,0x0166,0x0166,0x0166,0x0166,0x0187,0x01a7,0x01a7,0x01a7,0x01c8,0x01a7,0x01c8,0x01c7,0x01c8,0x01c7,
0x01c8,0x01c7,0x01c8,0x01c7,0x01c8,0x01c7,0x01e8,0x01c8,0x01e8,0x01e8,0x01e8,0x01e8,0x01e8,0x01e8,0x01e8,0x01e8,
0x01e8,0x01e8,0x01e8,0x01e8,0x0208,0x01e8,0x01e9,0x01e8,0x0209,0x01e8,0x0209,0x01e8,0x0209,0x01e8,0x0209,0x01e8,
0x0209,0x01e8,0x0a09,0x0208,0x0209,0x0208,0x0209,0x0208,0x0209,0x0208,0x0229,0x0209,0x0229,0x0208,0x0229,0x0209,
0x0229,0x0209,0x0a29,0x0209,0x0229,0x0209,0x0229,0x0209,0x0229,0x0209,0x0a29,0x0209,0x0229,0x0209,0x0a29,0x0209,
0x0229,0x0229,0x0a29,0x0229,0x0229,0x0229,0x0a29,0x0229,0x0a29,0x0229,0x0a4a,0x0229,0x0a49,0x0229,0x0a4a,0x0229,
0x0a4a,0x0229,0x0a4a,0x0249,0x0a4a,0x0249,0x0a4a,0x0229,0x0a4a,0x0229,0x0a4a,0x0229,0x0249,0x0229,0x0a29,0x0229,
0x0229,0x0229,0x0a29,0x0229,0x0a29,0x0229,0x0a29,0x0229,0x0a29,0x0229,0x0a4a,0x0229,0x0a29,0x0229,0x0a29,0x0229,
0x0a29,0x0229,0x0a29,0x0229,0x0a29,0x0229,0x0a29,0x0229,0x0a29,0x0229,0x0a29,0x0229,0x0a29,0x0229,0x0a29,0x0229,
0x0a29,0x0229,0x0a29,0x0229,0x0a29,0x0229,0x0a29,0x0209,0x0a29,0x0209,0x0a09,0x0208,0x0209,0x0208,0x0a09,0x0208,
0x0209,0x01e8,0x0a09,0x01e8,0x01e9,0x01e8,0x09e9,0x01e8,0x01e8,0x01e8,0x09e9,0x01e8,0x01e8,0x01e8,0x01e9,0x01e8,
0x01e8,0x01c8,0x01e8,0x01c8,0x01e8,0x01c8,0x01e8,0x01e8,0x01e8,0x01e8,0x01e8,0x01e8,0x01e8,0x01c8,0x01e8,0x01c8,
0x01e8,0x01c7,0x01c8,0x01c7,0x01c7,0x0186,0x0187,0x0166,0x0187,0x0166,0x0187,0x0166,0x0166,0x0166,0x0166,0x0146,
0x0166,0x0145,0x0145,0x0165,0x0966,0x0165,0x09a6,0x0986,0x0986,0x0185,0x0966,0x0145,0x0965,0x0165,0x0145,0x0104,
0x0082,0x00e4,0x21e8,0x21c7,0x00a2,0x00e3,0x00c3,0x0104,0x00e3,0x00c3,0x00e4,0x0166,0x0145,0x0126,0x0145,0x0166,
0x0146,0x0166,0x0146,0x0166,0x0166,0x0166,0x0186,0x01a7,0x01a7,0x01a7,0x01a7,0x01c7,0x01a7,0x01c8,0x01a7,0x01c8,
0x01a7,0x01c8,0x01a7,0x01c8,0x01c7,0x01c8,0x01c7,0x01c8,0x01c8,0x01e8,0x01c8,0x01e8,0x01c8,0x01e8,0x01e8,0x01e8,
0x01e8,0x01e8,0x01e8,0x01e8,0x01e8,0x01e8,0x01e8,0x01e8,0x01e8,0x01e8,0x01e8,0x0208,0x01e8,0x0209,0x01e8,0x0208,
0x01e8,0x0209,0x01e8,0x0209,0x01e8,0x0209,0x01e8,0x0209,0x0208,0x0209,0x0208,0x0209,0x0208,0x0209,0x0208,0x0209,
0x0208,0x0209,0x0208,0x0209,0x0208,0x0209,0x0208,0x0209,0x0208,0x0229,0x0208,0x0229,0x0208,0x0229,0x0208,0x0229,
0x0209,0x0229,0x0208,0x0229,0x0229,0x0229,0x0229,0x0229,0x0229,0x0a29,0x0229,0x0a49,0x0229,0x0249,0x0229,0x0a49,
0x0229,0x0a49,0x0229,0x0a49,0x0229,0x0a49,0x0229,0x0a49,0x0229,0x0249,0x0229,0x0249,0x0229,0x0229,0x0229,0x0229,
0x0229,0x0229,0x0229,0x0229,0x0229,0x0229,0x0229,0x0229,0x0229,0x0229,0x0229,0x0229,0x0229,0x0229,0x0228,0x0229,
0x0229,0x0229,0x0229,0x0229,0x0229,0x0a29,0x0229,0x0229,0x0229,0x0a29,0x0229,0x0a29,0x0229,0x0a29,0x0229,0x0229,
0x0229,0x0a29,0x0208,0x0229,0x0209,0x0229,0x0208,0x0229,0x0208,0x0209,0x0208,0x0209,0x01e8,0x0209,0x01e8,0x0208,
0x01e8,0x0208,0x01e8,0x0208,0x01e8,0x01e8,0x01e8,0x01e8,0x01e8,0x01e8,0x01e8,0x01e8,0x01c8,0x01e8,0x01c8,0x01e8,
0x01c8,0x01e8,0x01c7,0x01e8,0x01c8,0x01e8,0x01c7,0x01e8,0x01c8,0x01e8,0x01c7,0x01e8,0x01c8,0x01e8,0x01c7,0x01e8,
0x01c8,0x01e8,0x01a7,0x0187,0x0166,0x0186,0x0166,0x0166,0x0166,0x0166,0x0166,0x0166,0x0146,0x0166,0x0145,0x0186,
0x01a6,0x11c7,0x09c6,0x11c7,0x0986,0x0986,0x0165,0x0986,0x0145,0x0166,0x0145,0x0165,0x0145,0x0165,0x0145,0x0165,
0x00c5,0x00e4,0x0104,0x00e3,0x0924,0x0924,0x1185,0x00e3,0x00e4,0x1186,0x0987,0x0125,0x0146,0x0146,0x0166,0x0166,
0x0166,0x0166,0x0166,0x0166,0x0187,0x0186,0x01a7,0x01c7,0x01c8,0x01a7,0x01c8,0x01c7,0x01c8,0x01a7,0x01c8,0x01c7,
0x01c8,0x01a7,0x01c8,0x01c7,0x01c8,0x01c8,0x01c8,0x01c8,0x01e8,0x01c8,0x01e8,0x01c8,0x01e8,0x01e8,0x01e8,0x01e8,
0x01e9,0x01e8,0x01e8,0x01e8,0x0209,0x01e8,0x01e8,0x01e8,0x0209,0x01e8,0x0209,0x01e8,0x0209,0x01e8,0x0209,0x01e8,
0x0a09,0x0208,0x0209,0x0208,0x0209,0x0208,0x0209,0x0208,0x0209,0x0208,0x0209,0x0208,0x0209,0x0209,0x0229,0x0208,
0x0a29,0x0209,0x0229,0x0209,0x0a29,0x0209,0x0229,0x0209,0x0a29,0x0209,0x0229,0x0209,0x0a29,0x0209,0x0229,0x0209,
0x0a29,0x0209,0x0229,0x0229,0x0a29,0x0229,0x0a49,0x0229,0x0a4a,0x0229,0x0a49,0x0229,0x0a4a,0x0229,0x0a49,0x0229,
0x0a4a,0x0229,0x0a4a,0x0229,0x0a4a,0x0229,0x0a4a,0x0229,0x0a4a,0x0229,0x0a4a,0x0229,0x0a4a,0x0229,0x0229,0x0229,
0x0a29,0x0229,0x0a29,0x0229,0x0a4a,0x0229,0x0a49,0x0229,0x0a29,0x0229,0x0a29,0x0229,0x0a29,0x0229,0x0a29,0x0229,
0x0a29,0x0229,0x0a49,0x0229,0x0a4a,0x0229,0x0a49,0x0229,0x0a4a,0x0229,0x0a49,0x0229,0x0a4a,0x0229,0x0a29,0x0229,
0x0a29,0x0229,0x0a29,0x0229,0x0a29,0x0229,0x0a29,0x0209,0x0a29,0x0209,0x0a09,0x0208,0x0a09,0x0208,0x0209,0x0208,
0x0a09,0x01e8,0x0209,0x01e8,0x0a09,0x01e8,0x01e8,0x01e8,0x09e9,0x01e8,0x01e8,0x01e8,0x01e9,0x01e8,0x01e8,0x01e8,
0x09e8,0x01e8,0x01e8,0x01c8,0x01e8,0x01c8,0x01e8,0x01e8,0x01e8,0x01e8,0x01e8,0x01c8,0x01e8,0x01c8,0x01e8,0x01c8,
0x09e8,0x01a7,0x0187,0x0166,0x0187,0x0186,0x0186,0x0166,0x0167,0x0166,0x0166,0x0146,0x0166,0x0166,0x09a6,0x09e6,
0x11e7,0x09a6,0x09a6,0x0986,0x09a6,0x0986,0x0986,0x0186,0x0986,0x0165,0x0165,0x0165,0x0966,0x0165,0x0966,0x0165,
0x0083,0x00a3,0x00c3,0x0104,0x0103,0x21e7,0x1185,0x1125,0x3a89,0x2a29,0x0105,0x0125,0x0125,0x0166,0x0166,0x0166,
0x0145,0x0166,0x0166,0x0166,0x0166,0x01a7,0x01a7,0x01c8,0x01a7,0x01c7,0x01a7,0x01c8,0x01a7,0x01c8,0x01a7,0x01c8,
0x01a7,0x01c8,0x01a7,0x01c8,0x01a7,0x01c8,0x01c7,0x01c8,0x01c7,0x01c8,0x01c8,0x01c8,0x01c8,0x01e8,0x01c8,0x01e8,
0x01e8,0x01e8,0x01e8,0x01e8,0x01e8,0x01e8,0x01e8,0x01e8,0x01e8,0x0208,0x01e8,0x0209,0x01e8,0x0208,0x01e8,0x0209,
0x01e8,0x0209,0x01e8,0x0209,0x01e8,0x0209,0x01e8,0x0209,0x01e8,0x0209,0x0208,0x0209,0x0208,0x0209,0x0208,0x0209,
0x0208,0x0209,0x0208,0x0209,0x0208,0x0209,0x0208,0x0209,0x0208,0x0209,0x0208,0x0209,0x0208,0x0229,0x0209,0x0229,
0x0208,0x0229,0x0209,0x0229,0x0208,0x0229,0x0229,0x0a29,0x0229,0x0a49,0x0229,0x0a49,0x0229,0x0249,0x0229,0x0a49,
0x0229,0x0a49,0x0229,0x0a49,0x0229,0x0a49,0x0229,0x0a49,0x0229,0x0249,0x0229,0x0249,0x0229,0x0229,0x0229,0x0a29,
0x0229,0x0229,0x0229,0x0a29,0x0229,0x0229,0x0229,0x0229,0x0229,0x0229,0x0229,0x0229,0x0229,0x0229,0x0229,0x0a29,
0x0229,0x0229,0x0229,0x0a49,0x0229,0x0a49,0x0229,0x0a29,0x0229,0x0a29,0x0229,0x0a29,0x0229,0x0a29,0x0229,0x0a29,
0x0228,0x0229,0x0209,0x0229,0x0208,0x0229,0x0208,0x0229,0x0208,0x0209,0x0208,0x0209,0x0208,0x0209,0x0208,0x0209,
0x01e8,0x0208,0x01e8,0x0208,0x01e8,0x0208,0x01e8,0x0208,0x01e8,0x01e8,0x01e8,0x01e8,0x01c8,0x01e8,0x01c8,0x01e8,
0x01c8,0x01e8,0x01c8,0x01e8,0x01c7,0x01e8,0x01c8,0x01e8,0x01c7,0x01e8,0x01c8,0x01e8,0x01c7,0x01c8,0x01c8,0x01c8,
0x01a7,0x0187,0x0166,0x0187,0x0166,0x0186,0x0166,0x0166,0x0166,0x0166,0x0146,0x0166,0x0165,0x09a6,0x09e6,0x11c6,
0x09c6,0x09c6,0x0185,0x0986,0x0185,0x09a6,0x09a6,0x0986,0x0165,0x0986,0x0165,0x0145,0x0145,0x0966,0x0165,0x0965,
0x00a3,0x00c3,0x00e4,0x00e4,0x00e4,0x0924,0x3229,0x52cb,0x2a29,0x0105,0x0126,0x0125,0x0166,0x0166,0x0186,0x0166,
0x0166,0x0166,0x0166,0x0166,0x01a7,0x01a7,0x01c8,0x01a7,0x01c8,0x01a7,0x01c8,0x01c7,0x01c8,0x01a7,0x01c8,0x01a7,
0x01c8,0x01c7,0x01c8,0x01c8,0x01c8,0x01c7,0x01c8,0x01c8,0x01c8,0x01c8,0x01e8,0x01c8,0x01e8,0x01c8,0x01e8,0x01e8,
0x01e8,0x01e8,0x01e8,0x01e8,0x01e8,0x01e8,0x0209,0x01e8,0x0209,0x01e8,0x0a09,0x01e8,0x0209,0x01e8,0x0a09,0x0208,
0x0209,0x01e8,0x0209,0x01e8,0x0209,0x01e8,0x0209,0x0208,0x0209,0x0208,0x0209,0x0209,0x0209,0x0208,0x0a29,0x0209,
0x0229,0x0208,0x0a29,0x0209,0x0229,0x0209,0x0a29,0x0209,0x0229,0x0209,0x0a29,0x0209,0x0229,0x0229,0x0a29,0x0229,
0x0229,0x0229,0x0a29,0x0229,0x0229,0x0229,0x0a29,0x0229,0x0a49,0x0229,0x0a4a,0x0229,0x0a49,0x0229,0x0a4a,0x0229,
0x0a4a,0x0249,0x0a4a,0x0229,0x0a4a,0x0229,0x0a4a,0x0229,0x0a4a,0x0229,0x0a4a,0x0229,0x0a49,0x0229,0x0a4a,0x0229,
0x0a49,0x0229,0x0a4a,0x0229,0x0a4a,0x0229,0x0a29,0x0229,0x0a49,0x0229,0x0a4a,0x0229,0x0a49,0x0229,0x0a29,0x0229,
0x0a49,0x0229,0x0a4a,0x0229,0x0a49,0x0229,0x0a4a,0x0229,0x0a49,0x0229,0x0a4a,0x0229,0x0a29,0x0229,0x0a29,0x0229,
0x0a29,0x0229,0x0a29,0x0209,0x0a29,0x0229,0x0a29,0x0209,0x0a29,0x0209,0x0a29,0x0209,0x0209,0x0208,0x0a09,0x0208,
0x0a09,0x0208,0x0a09,0x01e8,0x0209,0x01e8,0x0a09,0x01e8,0x0a09,0x01e8,0x09e9,0x01e8,0x01e9,0x01e8,0x01e9,0x01e8,
0x01e8,0x01c8,0x01e8,0x01c8,0x01e8,0x01c8,0x01e8,0x01c8,0x01e8,0x01e8,0x01e8,0x01e8,0x01e8,0x01c8,0x01e8,0x01c8,
0x01a7,0x0186,0x0187,0x0166,0x0187,0x0186,0x0187,0x0166,0x0186,0x0166,0x0166,0x0166,0x09a7,0x09a6,0x11e7,0x09c6,
0x11c6,0x09a6,0x11c7,0x09a6,0x09a6,0x09a6,0x09a6,0x0986,0x0986,0x0186,0x0986,0x0165,0x0986,0x0986,0x0966,0x0145,
0x00c3,0x00c3,0x00a3,0x00e4,0x0945,0x328a,0x2a29,0x0145,0x00e4,0x0125,0x0125,0x0146,0x0166,0x0186,0x0166,0x0166,
0x0166,0x0166,0x0166,0x0187,0x0186,0x01a7,0x01a7,0x01c7,0x01a7,0x01c8,0x01a7,0x01c7,0x01a7,0x01c8,0x01a7,0x01c8,
0x01a7,0x01c8,0x01a7,0x01c8,0x01c7,0x01c8,0x01c7,0x01c8,0x01c7,0x01c8,0x01c7,0x01c8,0x01c8,0x01e8,0x01c8,0x01e8,
0x01c8,0x01e8,0x01e8,0x01e8,0x01e8,0x01e8,0x01e8,0x01e8,0x01e8,0x0209,0x01e8,0x0209,0x01e8,0x0209,0x01e8,0x0209,
0x01e8,0x0209,0x01e8,0x0208,0x01e8,0x0209,0x01e8,0x0209,0x01e8,0x0209,0x01e8,0x0209,0x01e8,0x0209,0x0208,0x0209,
0x0208,0x0209,0x0208,0x0209,0x0208,0x0209,0x0208,0x0209,0x0208,0x0209,0x0208,0x0209,0x0209,0x0229,0x0208,0x0229,
0x0209,0x0229,0x0208,0x0229,0x0229,0x0229,0x0229,0x0229,0x0229,0x0a49,0x0229,0x0a49,0x0229,0x0a49,0x0229,0x0a49,
0x0229,0x0a49,0x0229,0x0a49,0x0229,0x0a49,0x0229,0x0249,0x0229,0x0249,0x0229,0x0249,0x0229,0x0a49,0x0229,0x0229,
0x0229,0x0a29,0x0229,0x0229,0x0229,0x0a49,0x0229,0x0249,0x0229,0x0a49,0x0229,0x0249,0x0229,0x0229,0x0229,0x0a49,
0x0229,0x0a49,0x0229,0x0229,0x0229,0x0a49,0x0229,0x0229,0x0229,0x0a29,0x0229,0x0a29,0x0229,0x0a29,0x0228,0x0229,
0x0209,0x0229,0x0208,0x0229,0x0208,0x0229,0x0208,0x0229,0x0208,0x0209,0x0208,0x0209,0x0208,0x0209,0x01e8,0x0209,
0x01e8,0x0209,0x01e8,0x0208,0x01e8,0x0208,0x01e8,0x0208,0x01e8,0x01e8,0x01e8,0x01e8,0x01e8,0x01e8,0x01c8,0x01e8,
0x01c8,0x01e8,0x01c7,0x01e8,0x01c8,0x01e8,0x01c7,0x01c8,0x01c8,0x01e8,0x01c7,0x01e8,0x01c8,0x01e8,0x01c7,0x01a7,
0x0166,0x0187,0x0166,0x0187,0x0166,0x0186,0x0166,0x0186,0x0145,0x0166,0x0166,0x09a6,0x0186,0x11e7,0x09c6,0x09c6,
0x09a5,0x09a6,0x09a5,0x09c6,0x09a6,0x09a6,0x09a6,0x0986,0x0165,0x0186,0x0165,0x0186,0x0185,0x09a6,0x0185,0x0986,
0x00e4,0x0125,0x11a7,0x11a7,0x09a7,0x0125,0x00e4,0x0125,0x0146,0x0125,0x0145,0x0166,0x0187,0x0186,0x0187,0x0166,
0x0166,0x0166,0x0186,0x0166,0x0187,0x01a7,0x01c8,0x01c7,0x01c8,0x01a7,0x01c8,0x01a7,0x01c8,0x01a7,0x01c8,0x01a7,
0x01c8,0x01c8,0x01c8,0x01c7,0x01c8,0x01c8,0x01c8,0x01c7,0x01c8,0x01c8,0x01e8,0x01c8,0x01e8,0x01c8,0x01e8,0x01c8,
0x01e8,0x01e8,0x01e8,0x01e8,0x01e9,0x01e8,0x01e9,0x01e8,0x0209,0x01e8,0x0209,0x0208,0x0209,0x0208,0x0209,0x0208,
0x0209,0x01e8,0x0209,0x01e8,0x0209,0x01e8,0x0209,0x01e8,0x0209,0x0208,0x0209,0x0208,0x0209,0x0208,0x0209,0x0208,
0x0a09,0x0209,0x0229,0x0209,0x0a29,0x0209,0x0229,0x0209,0x0a29,0x0209,0x0229,0x0209,0x0a29,0x0209,0x0a29,0x0209,
0x0a29,0x0229,0x0229,0x0229,0x0a29,0x0229,0x0a29,0x0229,0x0a4a,0x0229,0x0a49,0x0229,0x0a4a,0x0229,0x0a49,0x0229,
0x0a4a,0x0229,0x0a4a,0x0229,0x0a4a,0x0229,0x0a49,0x0229,0x0a4a,0x0229,0x0a49,0x0229,0x0a4a,0x0229,0x0a49,0x0229,
0x0a4a,0x0229,0x0a49,0x0229,0x0a4a,0x0229,0x0a49,0x0229,0x0a4a,0x0229,0x0a49,0x0229,0x0a4a,0x0229,0x0a49,0x0229,
0x0a4a,0x0229,0x0a49,0x0229,0x0a4a,0x0229,0x0a49,0x0229,0x0a4a,0x0229,0x0a49,0x0229,0x0a29,0x0229,0x0a29,0x0229,
0x0a29,0x0229,0x0229,0x0229,0x0a29,0x0229,0x0a29,0x0209,0x0a29,0x0209,0x0a29,0x0209,0x0a29,0x0209,0x0209,0x0208,
0x0a09,0x01e8,0x0209,0x01e8,0x0a09,0x01e8,0x0209,0x01e8,0x0a09,0x01e8,0x0209,0x01e8,0x09e9,0x01e8,0x01e8,0x01e8,
0x01e8,0x01e8,0x01e8,0x01c8,0x01e8,0x01c8,0x01e8,0x01c8,0x01e8,0x01c8,0x01e8,0x01c8,0x01e8,0x01c8,0x01e8,0x01a7,
0x0187,0x0166,0x0187,0x0186,0x0187,0x0166,0x0186,0x0166,0x0166,0x0145,0x0986,0x0186,0x0986,0x09c7,0x11e7,0x09c6,
0x11c6,0x09a6,0x09a6,0x09c6,0x11e6,0x09a6,0x09a6,0x0986,0x0986,0x0166,0x0986,0x0185,0x09c6,0x09a6,0x09a6,0x09a6,
0x09a6,0x11a7,0x0946,0x0105,0x00e4,0x0105,0x0104,0x0125,0x0125,0x0145,0x0145,0x0166,0x0166,0x0187,0x0166,0x0166,
0x0166,0x0166,0x0166,0x0166,0x0186,0x01a7,0x01a7,0x01c8,0x01a7,0x01c7,0x01a7,0x01c7,0x01a7,0x01c8,0x01a7,0x01c8,
0x01a7,0x01c8,0x01a7,0x01c8,0x01a7,0x01c8,0x01a7,0x01c8,0x01c7,0x01c8,0x01c8,0x01c8,0x01c7,0x01c8,0x01c8,0x01e8,
0x01c8,0x01e8,0x01e8,0x01e8,0x01e8,0x01e8,0x01e8,0x01e8,0x01e8,0x01e8,0x01e8,0x0209,0x01e8,0x0209,0x01e8,0x0209,
0x01e8,0x0209,0x01e8,0x0209,0x01e8,0x0209,0x01e8,0x0209,0x01e8,0x0209,0x01e8,0x0209,0x01e8,0x0209,0x0208,0x0209,
0x0208,0x0209,0x0208,0x0209,0x0208,0x0229,0x0208,0x0209,0x0208,0x0229,0x0209,0x0229,0x0208,0x0229,0x0208,0x0209,
0x0208,0x0229,0x0209,0x0229,0x0228,0x0229,0x0229,0x0229,0x0229,0x0229,0x0229,0x0a49,0x0229,0x0a49,0x0229,0x0a49,
0x0229,0x0a49,0x0229,0x0a49,0x0229,0x0a49,0x0229,0x0a49,0x0229,0x0a49,0x0229,0x0249,0x0229,0x0249,0x0229,0x0a49,
0x0229,0x0a49,0x0229,0x0a49,0x0229,0x0a49,0x0229,0x0a49,0x0229,0x0a49,0x0229,0x0a29,0x0229,0x0a49,0x0229,0x0a49,
0x0229,0x0a49,0x0229,0x0a29,0x0229,0x0a29,0x0229,0x0a29,0x0229,0x0a29,0x0229,0x0a29,0x0229,0x0229,0x0229,0x0229,
0x0228,0x0229,0x0209,0x0229,0x0208,0x0229,0x0209,0x0229,0x0208,0x0209,0x0208,0x0a09,0x0208,0x0209,0x01e8,0x0209,
0x0208,0x0209,0x01e8,0x0209,0x01e8,0x0208,0x01e8,0x0208,0x01e8,0x0208,0x01e8,0x01e8,0x01e8,0x01e8,0x01e8,0x01e8,
0x01c8,0x01e8,0x01c8,0x01e8,0x01c7,0x01c8,0x01c7,0x01c8,0x01c7,0x01c8,0x01c7,0x01c8,0x01c7,0x01e8,0x01c7,0x01a7,
0x0166,0x0186,0x0166,0x0187,0x0166,0x0186,0x0166,0x0186,0x0166,0x0166,0x0166,0x09a6,0x0185,0x09c6,0x09c6,0x09c6,
0x09a6,0x11c7,0x09a6,0x11c6,0x09c6,0x11e6,0x09a5,0x09a6,0x09a5,0x09a6,0x0165,0x0166,0x0986,0x09a6,0x0186,0x09c6,
0x00e4,0x00c4,0x00e4,0x00e4,0x0105,0x0105,0x0125,0x0125,0x0145,0x0145,0x0186,0x0166,0x0186,0x0166,0x0167,0x0166,
0x0166,0x0166,0x0187,0x0166,0x0187,0x01a7,0x01c8,0x01a7,0x01c8,0x01a7,0x01c8,0x01a7,0x01c8,0x01a7,0x01c8,0x01a7,
0x01c8,0x01a7,0x01c8,0x01c8,0x01c8,0x01c7,0x01c8,0x01c8,0x01e8,0x01c8,0x01e8,0x01c8,0x01e8,0x01e8,0x01e8,0x01e8,
0x01e8,0x01e8,0x01e9,0x01e8,0x01e8,0x01e8,0x01e9,0x01e8,0x0209,0x01e8,0x0209,0x01e8,0x0209,0x01e8,0x0209,0x01e8,
0x0209,0x01e8,0x0209,0x0208,0x0209,0x0208,0x0209,0x0208,0x0209,0x0208,0x0209,0x0208,0x0209,0x0208,0x0a09,0x0209,
0x0229,0x0209,0x0a29,0x0209,0x0229,0x0209,0x0229,0x0209,0x0229,0x0209,0x0a29,0x0209,0x0229,0x0209,0x0a29,0x0209,
0x0229,0x0229,0x0a29,0x0229,0x0a29,0x0229,0x0a29,0x0229,0x0a49,0x0229,0x0a4a,0x0229,0x0a4a,0x0229,0x0a4a,0x0229,
0x0a4a,0x0229,0x0a4a,0x0229,0x0a4a,0x0229,0x0a4a,0x0229,0x0a49,0x0229,0x0a4a,0x0229,0x0a49,0x0229,0x0a4a,0x0229,
0x0a4a,0x0229,0x0a4a,0x0229,0x0a4a,0x0229,0x0a4a,0x0229,0x0a49,0x0229,0x0a4a,0x0229,0x0a49,0x0229,0x0a4a,0x0229,
0x0a49,0x0229,0x0a4a,0x0229,0x0a49,0x0229,0x0a29,0x0229,0x0a49,0x0229,0x0a4a,0x0229,0x0a49,0x0229,0x0a29,0x0229,
0x0a29,0x0229,0x0a29,0x0229,0x0a29,0x0229,0x0a29,0x0209,0x0a29,0x0209,0x0a29,0x0209,0x0209,0x0208,0x0a09,0x0208,
0x0209,0x0208,0x0a09,0x01e8,0x0209,0x01e8,0x0a09,0x01e8,0x0209,0x01e8,0x0209,0x01e8,0x01e8,0x01e8,0x09e9,0x01e8,
0x01e8,0x01e8,0x01e8,0x01c8,0x01e8,0x01c8,0x01e8,0x01c8,0x01c8,0x01c8,0x01e8,0x01c8,0x01e8,0x01c8,0x01e8,0x01a7,
0x0187,0x0186,0x0187,0x0186,0x0187,0x0186,0x0187,0x0186,0x0186,0x0186,0x11e7,0x11e7,0x09c7,0x11e6,0x11e6,0x09a6,
0x09c7,0x1206,0x1a27,0x11e6,0x11e6,0x11e6,0x1a07,0x09c6,0x09c6,0x09c6,0x11c7,0x0986,0x09a6,0x0986,0x11c7,0x09c6,
0x00e4,0x0104,0x00e4,0x0104,0x0104,0x0125,0x0125,0x0125,0x0125,0x0166,0x0145,0x0166,0x0146,0x0166,0x0145,0x0166,
0x0166,0x0186,0x0166,0x0187,0x01a7,0x01c8,0x01a7,0x01c8,0x01a7,0x01c8,0x01a7,0x01c8,0x01a7,0x01c8,0x01a7,0x01c8,
0x01a7,0x01c8,0x01a7,0x01c8,0x01a7,0x01c8,0x01a7,0x01c8,0x01c7,0x01c8,0x01c7,0x01e8,0x01c8,0x01e8,0x01c8,0x01e8,
0x01c8,0x01e8,0x01e8,0x01e8,0x01e8,0x01e8,0x01e8,0x01e8,0x01e8,0x01e8,0x01e8,0x01e8,0x01e8,0x0209,0x01e8,0x0208,
0x01e8,0x0209,0x01e8,0x0209,0x0208,0x0209,0x0208,0x0209,0x0208,0x0209,0x0208,0x0209,0x0208,0x0209,0x0208,0x0209,
0x0208,0x0209,0x0208,0x0209,0x0208,0x0209,0x0208,0x0209,0x0208,0x0229,0x0208,0x0229,0x0208,0x0209,0x0208,0x0229,
0x0209,0x0229,0x0229,0x0229,0x0229,0x0229,0x0229,0x0229,0x0229,0x0a29,0x0229,0x0229,0x0229,0x0a49,0x0229,0x0a49,
0x0229,0x0a49,0x0229,0x0a49,0x0229,0x0a49,0x0229,0x0249,0x0229,0x0a49,0x0229,0x0249,0x0229,0x0249,0x0229,0x0a49,
0x0229,0x0a49,0x0229,0x0a49,0x0229,0x0a49,0x0229,0x0229,0x0229,0x0229,0x0229,0x0229,0x0229,0x0a49,0x0229,0x0229,
0x0229,0x0a29,0x0229,0x0229,0x0229,0x0a29,0x0229,0x0229,0x0229,0x0a29,0x0229,0x0229,0x0229,0x0a29,0x0229,0x0229,
0x0229,0x0229,0x0228,0x0229,0x0209,0x0a29,0x0208,0x0229,0x0209,0x0a29,0x0208,0x0209,0x0208,0x0209,0x01e8,0x0209,
0x0208,0x0209,0x01e8,0x0209,0x01e8,0x0208,0x01e8,0x0208,0x01e8,0x0208,0x01e8,0x01e8,0x01e8,0x01e8,0x01e8,0x01e8,
0x01e8,0x01e8,0x01c8,0x01e8,0x01c8,0x01e8,0x01c7,0x01c8,0x01c7,0x01c8,0x01c7,0x01c8,0x01c8,0x01c8,0x01c7,0x01a7,
0x0166,0x0187,0x0186,0x0187,0x0186,0x0187,0x0166,0x0166,0x0186,0x09c6,0x09e6,0x1207,0x09a6,0x09a6,0x11e6,0x11e6,
0x11e6,0x1a27,0x1a26,0x1a07,0x11e6,0x11e6,0x09c6,0x11c6,0x09a5,0x11c6,0x09c6,0x11e6,0x09a6,0x09a6,0x09a6,0x09c6,
0x0105,0x0104,0x0105,0x0104,0x0125,0x0125,0x0125,0x0125,0x0166,0x0166,0x0166,0x0146,0x0166,0x0146,0x0166,0x0166,
0x0187,0x0166,0x0187,0x01a7,0x01c8,0x01c7,0x01c8,0x01c7,0x01c8,0x01a7,0x01c8,0x01a7,0x01c8,0x01a7,0x01c8,0x01a7,
0x01c8,0x01c8,0x01c8,0x01a7,0x01c8,0x01c8,0x01c8,0x01c7,0x01c8,0x01c8,0x01e8,0x01c8,0x01e8,0x01c8,0x01e8,0x01e8,
0x01e8,0x01e8,0x01e8,0x01e8,0x01e9,0x01e8,0x01e9,0x01e8,0x0209,0x01e8,0x01e9,0x01e8,0x0209,0x01e8,0x0209,0x01e8,
0x0209,0x01e8,0x0209,0x0208,0x0a09,0x0209,0x0209,0x0208,0x0a29,0x0209,0x0229,0x0209,0x0a29,0x0209,0x0229,0x0208,
0x0a29,0x0209,0x0229,0x0209,0x0229,0x0209,0x0229,0x0209,0x0a29,0x0209,0x0229,0x0209,0x0a29,0x0209,0x0229,0x0209,
0x0a29,0x0229,0x0229,0x0229,0x0a29,0x0229,0x0a29,0x0229,0x0a4a,0x0229,0x0a49,0x0229,0x0a4a,0x0229,0x0a49,0x0229,
0x0a4a,0x0229,0x0a4a,0x0229,0x0a4a,0x0229,0x0a49,0x0229,0x0a4a,0x0229,0x0a4a,0x0229,0x0a4a,0x0229,0x0a4a,0x0229,
0x0a4a,0x0229,0x0a49,0x0229,0x0a4a,0x0229,0x0a49,0x0229,0x0a29,0x0229,0x0a29,0x0229,0x0a29,0x0229,0x0a49,0x0229,
0x0a49,0x0229,0x0a49,0x0229,0x0a49,0x0229,0x0a49,0x0229,0x0a4a,0x0229,0x0a29,0x0229,0x0a29,0x0229,0x0a29,0x0229,
0x0a29,0x0229,0x0a29,0x0229,0x0a29,0x0229,0x0a29,0x0209,0x0a29,0x0209,0x0a29,0x0208,0x0a29,0x0209,0x0209,0x0208,
0x0a09,0x0208,0x0209,0x0208,0x0a09,0x01e8,0x0208,0x01e8,0x0a09,0x01e8,0x0208,0x01e8,0x09e9,0x01e8,0x01e8,0x01e8,
0x01e8,0x01e8,0x01e8,0x01e8,0x01e8,0x01c8,0x01e8,0x01c8,0x01e8,0x01c8,0x01e8,0x01c8,0x01e8,0x01c8,0x01c8,0x01a7,
0x01a7,0x0187,0x0187,0x0186,0x0187,0x0186,0x0166,0x0186,0x11e7,0x09a6,0x09a6,0x09c7,0x11c7,0x09c6,0x1207,0x09e6,
0x1a27,0x1a27,0x1a07,0x11e6,0x1a07,0x11e6,0x11e6,0x11e6,0x19e7,0x11e6,0x19e7,0x11e6,0x11e7,0x11c6,0x11c6,0x09a6,
0x0104,0x0105,0x0104,0x0105,0x0104,0x0125,0x0125,0x0146,0x0145,0x0166,0x0145,0x0146,0x0145,0x0166,0x0146,0x0186,
0x0166,0x0187,0x0186,0x01a7,0x01a7,0x01c8,0x01a7,0x01c8,0x01a7,0x01c8,0x01a7,0x01c8,0x01a7,0x01c8,0x01a7,0x01c8,
0x01a7,0x01c8,0x01a7,0x01c8,0x01a7,0x01c8,0x01a7,0x01c8,0x01c7,0x01c8,0x01c7,0x01c8,0x01c8,0x01e8,0x01c8,0x01e8,
0x01c8,0x01e8,0x01e8,0x01e8,0x01e8,0x01e8,0x01e8,0x01e8,0x01e8,0x01e8,0x01e8,0x01e9,0x01e8,0x0209,0x01e8,0x0209,
0x01e8,0x0209,0x01e8,0x0209,0x01e8,0x0209,0x0208,0x0209,0x0208,0x0209,0x0208,0x0209,0x0208,0x0209,0x0208,0x0209,
0x0208,0x0209,0x0208,0x0209,0x0208,0x0209,0x0208,0x0209,0x0208,0x0229,0x0208,0x0229,0x0208,0x0229,0x0209,0x0229,
0x0208,0x0229,0x0209,0x0229,0x0228,0x0229,0x0229,0x0229,0x0229,0x0229,0x0229,0x0a29,0x0229,0x0a49,0x0229,0x0a49,
0x0229,0x0249,0x0229,0x0249,0x0229,0x0249,0x0229,0x0a49,0x0229,0x0249,0x0229,0x0a49,0x0229,0x0249,0x0229,0x0a49,
0x0229,0x0229,0x0229,0x0a49,0x0229,0x0229,0x0229,0x0a29,0x0229,0x0229,0x0229,0x0229,0x0229,0x0229,0x0229,0x0229,
0x0229,0x0229,0x0229,0x0a29,0x0229,0x0229,0x0229,0x0229,0x0229,0x0229,0x0229,0x0229,0x0228,0x0229,0x0229,0x0229,
0x0229,0x0229,0x0229,0x0a29,0x0208,0x0229,0x0209,0x0a29,0x0208,0x0209,0x0208,0x0209,0x0208,0x0209,0x0208,0x0209,
0x01e8,0x0209,0x01e8,0x0209,0x01e8,0x0208,0x01e8,0x0208,0x01e8,0x0208,0x01e8,0x01e8,0x01e8,0x01e8,0x01e8,0x01e8,
0x01c8,0x01e8,0x01c8,0x01e8,0x01c7,0x01e8,0x01c8,0x01e8,0x01c7,0x01c8,0x01c7,0x01c8,0x01c7,0x01c8,0x01c7,0x01c8,
0x01a7,0x0187,0x0166,0x0187,0x0166,0x0186,0x0146,0x0986,0x0185,0x0185,0x09a6,0x11c7,0x09c6,0x09c6,0x09a6,0x09c6,
0x09e6,0x1a07,0x11e6,0x11c6,0x11e6,0x11e6,0x11e6,0x1a06,0x11e6,0x1a07,0x1a07,0x11e6,0x09c6,0x11c6,0x09c6,0x09c6,
0x0125,0x0105,0x0125,0x0105,0x0125,0x0125,0x0146,0x0145,0x0146,0x0145,0x0166,0x0166,0x0166,0x0166,0x0167,0x0166,
0x0187,0x0186,0x01a7,0x0187,0x01a7,0x01a7,0x01c8,0x01a7,0x01c8,0x01a7,0x01c8,0x01a7,0x01c8,0x01a7,0x01c8,0x01a7,
0x01c8,0x01a7,0x01c8,0x01c8,0x01c8,0x01c7,0x01c8,0x01c8,0x01c8,0x01c7,0x01c8,0x01c8,0x01e8,0x01c8,0x01e8,0x01c8,
0x01e8,0x01e8,0x01e9,0x01e8,0x01e8,0x01e8,0x01e9,0x01e8,0x01e9,0x01e8,0x0209,0x01e8,0x0209,0x01e8,0x0209,0x01e8,
0x0209,0x01e8,0x0209,0x01e8,0x0209,0x0208,0x0209,0x0209,0x0229,0x0208,0x0a29,0x0209,0x0229,0x0208,0x0a09,0x0209,
0x0229,0x0209,0x0229,0x0209,0x0229,0x0209,0x0229,0x0209,0x0229,0x0209,0x0a29,0x0209,0x0229,0x0209,0x0a29,0x0209,
0x0229,0x0229,0x0a29,0x0229,0x0229,0x0229,0x0a29,0x0229,0x0229,0x0229,0x0a29,0x0229,0x0229,0x0229,0x0a29,0x0229,
0x0a29,0x0229,0x0a49,0x0229,0x0a49,0x0229,0x0a4a,0x0229,0x0a49,0x0229,0x0a4a,0x0229,0x0a49,0x0229,0x0a4a,0x0229,
0x0a49,0x0229,0x0a4a,0x0229,0x0a49,0x0229,0x0a49,0x0229,0x0a29,0x0229,0x0a29,0x0229,0x0a29,0x0229,0x0a29,0x0229,
0x0a29,0x0229,0x0a49,0x0229,0x0a49,0x0229,0x0a29,0x0229,0x0a29,0x0229,0x0a29,0x0229,0x0a29,0x0229,0x0a29,0x0229,
0x0a29,0x0229,0x0a29,0x0229,0x0a29,0x0229,0x0a29,0x0209,0x0a29,0x0209,0x0a29,0x0209,0x0209,0x0208,0x0a09,0x0208,
0x0209,0x0208,0x0a09,0x01e8,0x0209,0x01e8,0x0a09,0x01e8,0x0209,0x01e8,0x0a09,0x01e8,0x01e8,0x01e8,0x09e9,0x01e8,
0x01e8,0x01e8,0x01e8,0x01e8,0x01e8,0x01c8,0x01e8,0x01c8,0x01e8,0x01c8,0x01c8,0x01c8,0x01c8,0x01c8,0x01e8,0x01e8,
0x01e8,0x01a7,0x0187,0x0166,0x0187,0x0166,0x0166,0x0166,0x0166,0x0165,0x11e7,0x09e6,0x11e6,0x09c6,0x11c7,0x09c6,
0x11e7,0x1207,0x11e7,0x09c6,0x11e6,0x11c5,0x1a27,0x1a06,0x19e6,0x11e6,0x1a07,0x11c6,0x11c6,0x09c6,0x11e7,0x09c6,
0x0104,0x0125,0x0105,0x0125,0x0125,0x0146,0x0145,0x0146,0x0145,0x0166,0x0166,0x0166,0x0146,0x0166,0x0166,0x0187,
0x0166,0x0187,0x0186,0x01a7,0x0187,0x01c7,0x01a7,0x01c8,0x01a7,0x01c8,0x01a7,0x01c8,0x01a7,0x01c8,0x01a7,0x01c8,
0x01a7,0x01c8,0x01a7,0x01c8,0x01a7,0x01c8,0x01a7,0x01c8,0x01c7,0x01c8,0x01c7,0x01c8,0x01c8,0x01c8,0x01c7,0x01c8,
0x01c8,0x01e8,0x01c8,0x01e8,0x01c8,0x01e8,0x01e8,0x01e8,0x01e8,0x01e8,0x01e8,0x0208,0x01e8,0x0209,0x01e8,0x0208,
0x01e8,0x0209,0x01e8,0x0208,0x01e8,0x0209,0x0208,0x0209,0x0208,0x0209,0x0208,0x0209,0x0208,0x0209,0x0208,0x0209,
0x0208,0x0209,0x0208,0x0209,0x0208,0x0229,0x0208,0x0229,0x0209,0x0229,0x0208,0x0229,0x0209,0x0229,0x0208,0x0229,
0x0229,0x0229,0x0229,0x0229,0x0229,0x0229,0x0229,0x0229,0x0209,0x0229,0x0228,0x0229,0x0229,0x0229,0x0228,0x0229,
0x0229,0x0229,0x0229,0x0229,0x0229,0x0a29,0x0229,0x0a49,0x0229,0x0a49,0x0229,0x0229,0x0229,0x0a49,0x0229,0x0229,
0x0229,0x0a29,0x0229,0x0229,0x0229,0x0a29,0x0229,0x0229,0x0229,0x0a29,0x0229,0x0229,0x0229,0x0229,0x0229,0x0229,
0x0229,0x0229,0x0229,0x0229,0x0229,0x0a29,0x0229,0x0229,0x0229,0x0a29,0x0228,0x0229,0x0229,0x0229,0x0228,0x0229,
0x0229,0x0a29,0x0228,0x0229,0x0209,0x0229,0x0208,0x0229,0x0208,0x0209,0x0208,0x0209,0x01e8,0x0209,0x01e8,0x0209,
0x01e8,0x0209,0x01e8,0x0208,0x01e8,0x0209,0x01e8,0x0208,0x01e8,0x0208,0x01e8,0x0208,0x01e8,0x01e8,0x01e8,0x01e8,
0x01e8,0x01e8,0x01c8,0x01e8,0x01c8,0x01e8,0x01c7,0x01e8,0x01c8,0x01c8,0x01c7,0x01c8,0x01c8,0x01c8,0x01c7,0x01c8,
0x01c7,0x01c8,0x01a7,0x0187,0x0166,0x0166,0x0145,0x0166,0x0166,0x0165,0x11e6,0x11e6,0x09c6,0x11e7,0x09c6,0x09c6,
0x0185,0x09c6,0x09c6,0x09c6,0x09c6,0x11c6,0x11e6,0x1a07,0x11c6,0x11e6,0x09e6,0x09c6,0x09c6,0x11c6,0x09c6,0x09c6,
0x0126,0x0125,0x0146,0x0125,0x0146,0x0145,0x0146,0x0145,0x0166,0x0166,0x0166,0x0146,0x0187,0x0166,0x0187,0x0186,
0x01a7,0x0187,0x01a7,0x0187,0x01a7,0x01a7,0x01c8,0x01a7,0x01c8,0x01a7,0x01c8,0x01a7,0x01c8,0x01a7,0x01c8,0x01a7,
0x01c8,0x01c8,0x01c8,0x01c7,0x01c8,0x01c8,0x01c8,0x01c7,0x01c8,0x01c8,0x01e8,0x01c8,0x01e8,0x01c8,0x01e8,0x01c8,
0x01e8,0x01e8,0x01e8,0x01e8,0x01e9,0x01e8,0x01e9,0x01e8,0x01e9,0x01e8,0x0209,0x01e8,0x0209,0x01e8,0x0209,0x01e8,
0x0209,0x01e8,0x0209,0x01e8,0x0209,0x0208,0x0209,0x0208,0x0a29,0x0209,0x0209,0x0208,0x0229,0x0209,0x0209,0x0208,
0x0a09,0x0209,0x0229,0x0209,0x0a29,0x0209,0x0229,0x0209,0x0a29,0x0209,0x0229,0x0209,0x0a29,0x0229,0x0229,0x0229,
0x0a29,0x0229,0x0229,0x0229,0x0a29,0x0229,0x0229,0x0229,0x0a29,0x0229,0x0229,0x0229,0x0a29,0x0229,0x0a29,0x0229,
0x0a29,0x0229,0x0a29,0x0229,0x0a49,0x0229,0x0a49,0x0229,0x0a4a,0x0229,0x0a49,0x0229,0x0a4a,0x0229,0x0a49,0x0229,
0x0a29,0x0229,0x0a29,0x0229,0x0a4a,0x0229,0x0a49,0x0229,0x0a4a,0x0229,0x0a49,0x0229,0x0a4a,0x0229,0x0a49,0x0229,
0x0a4a,0x0229,0x0a49,0x0229,0x0a4a,0x0229,0x0a29,0x0229,0x0a29,0x0229,0x0a29,0x0229,0x0a29,0x0229,0x0229,0x0229,
0x0a29,0x0229,0x0a29,0x0229,0x0a29,0x0209,0x0a29,0x0229,0x0a29,0x0209,0x0a29,0x0208,0x0a09,0x0208,0x0209,0x01e8,
0x0209,0x01e8,0x0209,0x01e8,0x0209,0x01e8,0x0209,0x01e8,0x0209,0x01e8,0x0209,0x01e8,0x0a09,0x01e8,0x0209,0x01e8,
0x09e9,0x01e8,0x01e8,0x01e8,0x09e8,0x01e8,0x01e8,0x01c8,0x01e8,0x01c8,0x01c8,0x01c8,0x01c8,0x01c8,0x01c8,0x01c8,
0x01e8,0x01c8,0x01e8,0x01a7,0x01a7,0x0166,0x0166,0x0166,0x0166,0x0166,0x09a6,0x01a6,0x09a7,0x09c7,0x09c7,0x0186,
0x0166,0x0986,0x11e7,0x09c6,0x11e7,0x09c6,0x0986,0x09a6,0x11e7,0x11c6,0x11e6,0x09c6,0x11c6,0x11e6,0x11e6,0x09c6,
0x0125,0x0146,0x0125,0x0146,0x0125,0x0146,0x0145,0x0146,0x0145,0x0166,0x0146,0x0187,0x0166,0x0187,0x0186,0x0187,
0x0186,0x0187,0x0186,0x01a7,0x0186,0x01a7,0x01a7,0x01c8,0x01a7,0x01c8,0x01a7,0x01c8,0x01a7,0x01a7,0x01a7,0x01c8,
0x01a7,0x01c8,0x01a7,0x01c8,0x01a7,0x01c8,0x01a7,0x01c8,0x01c7,0x01c8,0x01c8,0x01c8,0x01c7,0x01c8,0x01c8,0x01c8,
0x01c8,0x01e8,0x01c8,0x01e8,0x01c8,0x01e8,0x01c8,0x01e8,0x01e8,0x01e8,0x01e8,0x0209,0x01e8,0x0208,0x01e8,0x0209,
0x01e8,0x0208,0x01e8,0x0209,0x01e8,0x0209,0x01e8,0x0209,0x0208,0x0209,0x0208,0x0209,0x0208,0x0209,0x0208,0x0209,
0x0208,0x0209,0x0208,0x0209,0x0208,0x0229,0x0208,0x0229,0x0208,0x0229,0x0209,0x0229,0x0208,0x0229,0x0229,0x0229,
0x0208,0x0229,0x0209,0x0229,0x0208,0x0229,0x0209,0x0229,0x0208,0x0229,0x0229,0x0229,0x0208,0x0229,0x0229,0x0229,
0x0229,0x0229,0x0229,0x0a29,0x0229,0x0229,0x0229,0x0a29,0x0229,0x0229,0x0229,0x0a29,0x0229,0x0229,0x0229,0x0a29,
0x0229,0x0229,0x0229,0x0a49,0x0229,0x0a49,0x0229,0x0a49,0x0229,0x0a49,0x0229,0x0a49,0x0229,0x0a49,0x0229,0x0a29,
0x0229,0x0a49,0x0229,0x0a49,0x0229,0x0229,0x0229,0x0a29,0x0229,0x0229,0x0229,0x0229,0x0228,0x0229,0x0209,0x0229,
0x0208,0x0229,0x0209,0x0229,0x0208,0x0229,0x0208,0x0a09,0x0208,0x0209,0x0208,0x0209,0x01e8,0x0209,0x01e8,0x0209,
0x01e8,0x0208,0x01e8,0x01e8,0x01e8,0x0208,0x01e8,0x0209,0x01e8,0x0208,0x01e8,0x0208,0x01e8,0x0208,0x01e8,0x01e8,
0x01e8,0x01e8,0x01e8,0x01e8,0x01c8,0x01e8,0x01c8,0x01e8,0x01c7,0x01e8,0x01c8,0x01c8,0x01c7,0x01c8,0x01c7,0x01c8,
0x01c7,0x01c8,0x01c7,0x01c8,0x01a7,0x01a7,0x0146,0x0166,0x0145,0x0166,0x0145,0x0186,0x09a6,0x09c6,0x09c6,0x09a6,
0x0185,0x09c6,0x09a6,0x11e6,0x09c5,0x09c6,0x09a6,0x09a6,0x0185,0x09a6,0x09c6,0x11c6,0x09c6,0x11e7,0x09a6,0x0185,
0x0146,0x0125,0x0146,0x0145,0x0146,0x0145,0x0166,0x0146,0x0166,0x0166,0x0187,0x0187,0x0187,0x0187,0x01a7,0x0187,
0x01a7,0x0187,0x01a7,0x0187,0x01a7,0x01a7,0x01a8,0x01a7,0x01c8,0x01a7,0x01c8,0x01a7,0x01c8,0x01a7,0x01c8,0x01a7,
0x01c8,0x01c7,0x01c8,0x01c8,0x01c8,0x01c8,0x01c8,0x01c8,0x01e8,0x01c8,0x01e8,0x01c8,0x01e8,0x01c8,0x01e8,0x01c8,
0x01e8,0x01e8,0x01e9,0x01e8,0x01e8,0x01e8,0x01e9,0x01e8,0x01e9,0x01e8,0x0209,0x01e8,0x0209,0x01e8,0x0209,0x01e8,
0x0209,0x01e8,0x0209,0x0208,0x0209,0x0208,0x0209,0x0208,0x0209,0x0208,0x0a09,0x0209,0x0209,0x0208,0x0a09,0x0209,
0x0209,0x0209,0x0a29,0x0209,0x0229,0x0209,0x0a29,0x0209,0x0229,0x0209,0x0a29,0x0209,0x0229,0x0229,0x0a29,0x0229,
0x0229,0x0229,0x0a29,0x0229,0x0a29,0x0229,0x0a29,0x0229,0x0229,0x0229,0x0a29,0x0229,0x0229,0x0229,0x0a29,0x0229,
0x0a49,0x0229,0x0a49,0x0229,0x0a49,0x0229,0x0a49,0x0229,0x0a49,0x0229,0x0a4a,0x0229,0x0a49,0x0229,0x0a49,0x0229,
0x0a29,0x0229,0x0a4a,0x0229,0x0a49,0x0229,0x0a4a,0x0229,0x0a4a,0x0249,0x0a4a,0x0229,0x0a4a,0x0229,0x0a4a,0x0229,
0x0a49,0x0229,0x0a4a,0x0229,0x0a49,0x0229,0x0a49,0x0229,0x0a49,0x0229,0x0a29,0x0229,0x0a29,0x0229,0x0a29,0x0229,
0x0a29,0x0229,0x0a29,0x0209,0x0229,0x0209,0x0a29,0x0209,0x0a09,0x0208,0x0a09,0x0208,0x0209,0x0208,0x0a09,0x01e8,
0x0209,0x01e8,0x0209,0x01e8,0x0209,0x01e8,0x0a09,0x01e8,0x0a09,0x0208,0x0a09,0x01e8,0x0209,0x01e8,0x0209,0x01e8,
0x01e8,0x01e8,0x09e8,0x01e8,0x01e8,0x01e8,0x01e8,0x01c8,0x01e8,0x01c8,0x01e8,0x01c8,0x01e8,0x01c8,0x01c8,0x01c8,
0x01c8,0x01c8,0x01e8,0x01c8,0x01e8,0x0186,0x0166,0x0166,0x0166,0x0166,0x0166,0x0186,0x09e7,0x09e7,0x11e7,0x09c6,
0x09a6,0x09a6,0x11e7,0x11e6,0x11e6,0x09c6,0x11c6,0x0185,0x0165,0x0185,0x11c6,0x09a6,0x09c6,0x09a6,0x0986,0x0165,
0x0145,0x0146,0x0145,0x0146,0x0145,0x0146,0x0145,0x0166,0x0166,0x0187,0x0186,0x01a7,0x0187,0x0187,0x0186,0x0187,
0x0186,0x0187,0x0186,0x0187,0x0187,0x01a7,0x01a7,0x01a7,0x01a7,0x01c8,0x01a7,0x01c8,0x01a7,0x01c8,0x01a7,0x01c8,
0x01a7,0x01c8,0x01a7,0x01c8,0x01c7,0x01c8,0x01c7,0x01c8,0x01c8,0x01c8,0x01c7,0x01c8,0x01c8,0x01c8,0x01c7,0x01e8,
0x01c8,0x01e8,0x01c8,0x01e8,0x01c8,0x01e8,0x01e8,0x01e8,0x01e8,0x01e8,0x01e8,0x01e8,0x01e8,0x0209,0x01e8,0x0208,
0x01e8,0x0209,0x01e8,0x0209,0x01e8,0x0209,0x01e8,0x0209,0x01e8,0x0209,0x01e8,0x0209,0x0208,0x0209,0x0208,0x0209,
0x0208,0x0209,0x0208,0x0229,0x0209,0x0209,0x0208,0x0229,0x0209,0x0229,0x0208,0x0229,0x0208,0x0229,0x0208,0x0229,
0x0209,0x0229,0x0228,0x0229,0x0229,0x0a29,0x0229,0x0229,0x0229,0x0229,0x0228,0x0229,0x0229,0x0229,0x0228,0x0229,
0x0229,0x0a29,0x0229,0x0229,0x0229,0x0a29,0x0229,0x0229,0x0229,0x0a29,0x0229,0x0a49,0x0229,0x0a29,0x0229,0x0229,
0x0229,0x0a29,0x0229,0x0a49,0x0229,0x0a49,0x0229,0x0a49,0x0229,0x0a49,0x0229,0x0a49,0x0229,0x0a49,0x0229,0x0a49,
0x0229,0x0a49,0x0229,0x0a49,0x0229,0x0a29,0x0229,0x0229,0x0229,0x0a29,0x0229,0x0229,0x0229,0x0a29,0x0229,0x0229,
0x0229,0x0a29,0x0208,0x0229,0x0208,0x0229,0x0208,0x0229,0x0208,0x0209,0x0208,0x0209,0x0208,0x0209,0x0208,0x0209,
0x01e8,0x0209,0x01e8,0x0208,0x01e8,0x0209,0x01e8,0x0208,0x01e8,0x0209,0x01e8,0x0208,0x01e8,0x01e8,0x01e8,0x01e8,
0x01e8,0x01e8,0x01c8,0x01e8,0x01c8,0x01e8,0x01c7,0x01e8,0x01c8,0x01c8,0x01c7,0x01c8,0x01c8,0x01c8,0x01c7,0x01c8,
0x01c7,0x01c8,0x01c7,0x01c8,0x01c7,0x0187,0x0165,0x0166,0x0166,0x0186,0x0145,0x0186,0x09a6,0x09c6,0x0185,0x09a6,
0x09c6,0x09c7,0x01a5,0x09c6,0x09c6,0x09c6,0x09a6,0x0165,0x0144,0x0985,0x0164,0x09a5,0x0185,0x0986,0x0165,0x0986,
0x0166,0x0146,0x0166,0x0146,0x0166,0x0166,0x0166,0x0166,0x0187,0x0186,0x01a7,0x0187,0x0187,0x0167,0x0187,0x0187,
0x0187,0x0187,0x0187,0x0186,0x0187,0x0187,0x01a8,0x01a7,0x01c8,0x01a7,0x01c8,0x01a7,0x01c8,0x01a7,0x01c8,0x01c7,
0x01c8,0x01c8,0x01c8,0x01c8,0x01c8,0x01c8,0x01c8,0x01c8,0x01e8,0x01c8,0x01e8,0x01c8,0x01e8,0x01c8,0x01e8,0x01c8,
0x01e8,0x01e8,0x01e8,0x01e8,0x01e9,0x01e8,0x01e9,0x01e8,0x01e9,0x01e8,0x0209,0x01e8,0x0209,0x01e8,0x0209,0x01e8,
0x0209,0x0208,0x0209,0x01e8,0x0209,0x0208,0x0209,0x01e8,0x0209,0x0208,0x0209,0x0208,0x0a09,0x0209,0x0209,0x0208,
0x0a29,0x0209,0x0229,0x0209,0x0a29,0x0209,0x0229,0x0209,0x0a29,0x0209,0x0229,0x0209,0x0a29,0x0229,0x0229,0x0229,
0x0a29,0x0229,0x0a29,0x0229,0x0a4a,0x0229,0x0a49,0x0229,0x0a49,0x0229,0x0229,0x0229,0x0a29,0x0229,0x0a29,0x0229,
0x0a29,0x0229,0x0a49,0x0229,0x0a4a,0x0229,0x0a49,0x0229,0x0a4a,0x0229,0x0a4a,0x0229,0x0a4a,0x0229,0x0a49,0x0229,
0x0a4a,0x0229,0x0a49,0x0229,0x0a4a,0x0229,0x0a4a,0x0229,0x0a4a,0x0229,0x0a49,0x0229,0x0a4a,0x0229,0x0a49,0x0229,
0x0a4a,0x0229,0x0a49,0x0229,0x0a49,0x0229,0x0a49,0x0229,0x0a4a,0x0229,0x0a49,0x0229,0x0a29,0x0229,0x0a29,0x0229,
0x0a29,0x0229,0x0a29,0x0229,0x0a29,0x0229,0x0a29,0x0229,0x0a29,0x0209,0x0a09,0x0208,0x0a09,0x0209,0x0209,0x0208,
0x0a09,0x0208,0x0209,0x0208,0x0a09,0x01e8,0x0209,0x01e8,0x0a09,0x01e8,0x0209,0x01e8,0x0a09,0x01e8,0x0209,0x01e8,
0x09e9,0x01e8,0x01e8,0x01e8,0x09e8,0x01e8,0x01e8,0x01c8,0x01e8,0x01c8,0x01e8,0x01c8,0x01e8,0x01c8,0x01e8,0x01c8,
0x01c8,0x01c8,0x01c8,0x01c7,0x01c8,0x0186,0x0166,0x0166,0x0186,0x0166,0x0166,0x0145,0x0166,0x0165,0x09c7,0x09c6,
0x11e7,0x09c6,0x09c7,0x09a5,0x09c6,0x09a6,0x09a6,0x09a6,0x09a6,0x0985,0x0985,0x0164,0x0986,0x0986,0x09a6,0x0185,
0x0145,0x0146,0x0146,0x0166,0x0146,0x0166,0x0166,0x0187,0x0186,0x01a7,0x01a7,0x0187,0x0166,0x0187,0x0166,0x0187,
0x0186,0x0187,0x0166,0x0187,0x0186,0x01a7,0x01a7,0x01c8,0x01a7,0x01c8,0x01a7,0x01c8,0x01a7,0x01c8,0x01a7,0x01c8,
0x01a7,0x01c8,0x01a7,0x01c8,0x01c7,0x01c8,0x01c8,0x01c8,0x01c7,0x01c8,0x01c8,0x01c8,0x01c7,0x01e8,0x01c8,0x01e8,
0x01c8,0x01e8,0x01c8,0x01e8,0x01c8,0x01e8,0x01e8,0x01e8,0x01e8,0x01e8,0x01e8,0x01e8,0x01e8,0x01e8,0x01e8,0x0209,
0x01e8,0x0209,0x01e8,0x0209,0x01e8,0x0209,0x01e8,0x0209,0x01e8,0x0209,0x01e8,0x0209,0x01e8,0x0209,0x0208,0x0209,
0x0208,0x0209,0x0208,0x0209,0x0208,0x0209,0x0208,0x0209,0x0208,0x0229,0x0209,0x0229,0x0208,0x0229,0x0229,0x0229,
0x0228,0x0229,0x0229,0x0a29,0x0229,0x0229,0x0229,0x0a29,0x0229,0x0229,0x0229,0x0229,0x0228,0x0229,0x0229,0x0229,
0x0229,0x0229,0x0229,0x0a29,0x0229,0x0229,0x0229,0x0a49,0x0229,0x0a49,0x0229,0x0a49,0x0229,0x0229,0x0229,0x0229,
0x0229,0x0229,0x0229,0x0a29,0x0229,0x0a49,0x0229,0x0a49,0x0229,0x0229,0x0229,0x0249,0x0229,0x0229,0x0229,0x0a49,
0x0229,0x0a49,0x0229,0x0a49,0x0229,0x0229,0x0229,0x0a29,0x0229,0x0229,0x0229,0x0a29,0x0229,0x0229,0x0229,0x0a29,
0x0228,0x0229,0x0209,0x0229,0x0208,0x0229,0x0209,0x0229,0x0208,0x0229,0x0208,0x0209,0x0208,0x0209,0x0208,0x0209,
0x0208,0x0209,0x01e8,0x0209,0x01e8,0x0209,0x01e8,0x0209,0x01e8,0x0208,0x01e8,0x0208,0x01e8,0x0208,0x01e8,0x01e8,
0x01e8,0x01e8,0x01c8,0x01e8,0x01c8,0x01e8,0x01c8,0x01e8,0x01c7,0x01e8,0x01c8,0x01c8,0x01c8,0x01c8,0x01c8,0x01c8,
0x01c7,0x01c8,0x01c7,0x01c8,0x01a7,0x0186,0x0145,0x0146,0x0145,0x0166,0x0145,0x0145,0x0145,0x0145,0x0186,0x11c7,
0x09c6,0x09c6,0x09c6,0x09c6,0x09a5,0x09c6,0x09a6,0x09a6,0x0185,0x0165,0x0144,0x0145,0x0165,0x0185,0x0165,0x0165,
0x0166,0x0166,0x0166,0x0166,0x0166,0x0186,0x01a7,0x0187,0x01a7,0x0187,0x01a7,0x0187,0x0187,0x0186,0x0187,0x0187,
0x0187,0x0187,0x0187,0x0187,0x01a7,0x01a7,0x01c8,0x01a8,0x01c8,0x01a7,0x01c8,0x01a7,0x01c8,0x01c7,0x01c8,0x01c8,
0x01c8,0x01c7,0x01c8,0x01c8,0x01c8,0x01c8,0x01e8,0x01c8,0x01e8,0x01c8,0x01e8,0x01c8,0x01e8,0x01e8,0x01e8,0x01e8,
0x01e8,0x01e8,0x01e9,0x01e8,0x01e9,0x01e8,0x01e9,0x01e8,0x01e9,0x01e8,0x0209,0x01e8,0x0209,0x01e8,0x0209,0x01e8,
0x0209,0x01e8,0x0209,0x01e8,0x0209,0x0208,0x0209,0x0208,0x0209,0x0208,0x0209,0x0209,0x0209,0x0208,0x0a29,0x0209,
0x0229,0x0208,0x0a29,0x0209,0x0229,0x0208,0x0229,0x0209,0x0229,0x0209,0x0a29,0x0209,0x0229,0x0229,0x0a29,0x0229,
0x0a29,0x0229,0x0a49,0x0229,0x0a49,0x0229,0x0a4a,0x0229,0x0a49,0x0229,0x0a49,0x0229,0x0a29,0x0229,0x0a49,0x0229,
0x0a49,0x0229,0x0a49,0x0229,0x0a49,0x0229,0x0a4a,0x0229,0x0a49,0x0229,0x0a4a,0x0229,0x0a49,0x0229,0x0a29,0x0229,
0x0a29,0x0229,0x0a29,0x0229,0x0a49,0x0229,0x0a4a,0x0229,0x0a49,0x0229,0x0a4a,0x0229,0x0a49,0x0229,0x0a4a,0x0229,
0x0a49,0x0229,0x0a4a,0x0229,0x0a49,0x0229,0x0a4a,0x0229,0x0a49,0x0229,0x0a4a,0x0229,0x0a49,0x0229,0x0a4a,0x0229,
0x0a29,0x0229,0x0a29,0x0229,0x0a29,0x0229,0x0a29,0x0229,0x0a29,0x0208,0x0a29,0x0209,0x0a29,0x0208,0x0a29,0x0209,
0x0209,0x0208,0x0a09,0x0208,0x0209,0x01e8,0x0a09,0x01e8,0x0209,0x01e8,0x0a09,0x01e8,0x0a09,0x01e8,0x0a09,0x01e8,
0x01e8,0x01e8,0x01e8,0x01e8,0x01e8,0x01e8,0x01e8,0x01e8,0x01e8,0x01e8,0x01e8,0x01c8,0x01e8,0x01c8,0x01e8,0x01c8,
0x01e8,0x01c8,0x01e8,0x01c8,0x01c7,0x0166,0x0166,0x0125,0x0146,0x0146,0x0166,0x0146,0x0146,0x0145,0x0166,0x09c6,
0x11e7,0x09a6,0x09c6,0x09a6,0x09a6,0x09a6,0x09a6,0x0185,0x0986,0x0165,0x0966,0x0165,0x0986,0x0165,0x0145,0x0145,
0x0166,0x0166,0x0166,0x0186,0x0186,0x01a7,0x01a6,0x01a7,0x0186,0x01a7,0x0186,0x0187,0x0186,0x0187,0x0186,0x0187,
0x0186,0x0187,0x0186,0x0187,0x01a7,0x01c8,0x01a7,0x01c8,0x01a7,0x01c8,0x01a7,0x01c8,0x01a7,0x01c8,0x01a7,0x01c8,
0x01c7,0x01c8,0x01c7,0x01c8,0x01c8,0x01c8,0x01c7,0x01c8,0x01c8,0x01c8,0x01c7,0x01e8,0x01c8,0x01e8,0x01e8,0x01e8,
0x01e8,0x01e8,0x01e8,0x01e8,0x01e8,0x01e8,0x01e8,0x01e8,0x01e8,0x01e9,0x01e8,0x0208,0x01e8,0x0209,0x01e8,0x0209,
0x01e8,0x0209,0x01e8,0x0209,0x01e8,0x0209,0x01e8,0x0209,0x01e8,0x0209,0x0208,0x0209,0x0208,0x0209,0x0208,0x0209,
0x0208,0x0209,0x0208,0x0209,0x0208,0x0209,0x0208,0x0229,0x0208,0x0209,0x0208,0x0229,0x0229,0x0229,0x0228,0x0229,
0x0229,0x0a29,0x0229,0x0229,0x0229,0x0a29,0x0229,0x0229,0x0229,0x0229,0x0229,0x0229,0x0229,0x0a29,0x0229,0x0229,
0x0229,0x0a49,0x0229,0x0a29,0x0229,0x0a29,0x0229,0x0a49,0x0229,0x0a29,0x0229,0x0229,0x0229,0x0a29,0x0229,0x0229,
0x0229,0x0a29,0x0229,0x0229,0x0229,0x0a49,0x0229,0x0a49,0x0229,0x0a49,0x0229,0x0229,0x0229,0x0a29,0x0229,0x0229,
0x0229,0x0a29,0x0229,0x0229,0x0229,0x0a29,0x0229,0x0a29,0x0229,0x0a29,0x0229,0x0a29,0x0229,0x0a29,0x0229,0x0229,
0x0229,0x0a29,0x0228,0x0229,0x0208,0x0229,0x0208,0x0229,0x0208,0x0229,0x0208,0x0209,0x0208,0x0209,0x0208,0x0209,
0x0208,0x0209,0x01e8,0x0209,0x01e8,0x01e9,0x01e8,0x0208,0x01e8,0x0208,0x01e8,0x01e8,0x01e8,0x01e8,0x01e8,0x01e8,
0x01e8,0x01e8,0x01e8,0x01e8,0x01e8,0x01e8,0x01e8,0x01e8,0x01c8,0x01e8,0x01c7,0x01e8,0x01c8,0x01c8,0x01c7,0x01c8,
0x01c8,0x01c8,0x01c7,0x01c8,0x01a7,0x0166,0x0146,0x0146,0x0125,0x0146,0x0145,0x0166,0x0145,0x0146,0x0145,0x0165,
0x0165,0x09a6,0x0185,0x09a6,0x0186,0x0186,0x0165,0x0186,0x0185,0x0165,0x0165,0x09a6,0x0186,0x0986,0x0145,0x0145,
0x0187,0x0186,0x0187,0x0186,0x01a7,0x01a7,0x01a7,0x01a7,0x01a7,0x01a7,0x01a7,0x0187,0x01a7,0x0187,0x0187,0x0186,
0x0187,0x0187,0x01a7,0x01a7,0x01c8,0x01a7,0x01c8,0x01a7,0x01c8,0x01a7,0x01c8,0x01a7,0x01c8,0x01c8,0x01c8,0x01c7,
0x01c8,0x01c8,0x01e8,0x01c8,0x01e8,0x01c8,0x01e8,0x01c8,0x01e8,0x01c8,0x01e8,0x01e8,0x01e8,0x01e8,0x01e8,0x01e8,
0x01e9,0x01e8,0x01e8,0x01e8,0x01e9,0x01e8,0x01e9,0x01e8,0x0209,0x01e8,0x0209,0x01e8,0x0209,0x01e8,0x0209,0x01e8,
0x0209,0x01e8,0x0209,0x01e8,0x0209,0x0208,0x0209,0x0208,0x0209,0x0208,0x0209,0x0208,0x0209,0x0209,0x0229,0x0209,
0x0a29,0x0209,0x0229,0x0209,0x0a29,0x0209,0x0229,0x0209,0x0a29,0x0229,0x0229,0x0229,0x0a29,0x0229,0x0a29,0x0229,
0x0a29,0x0229,0x0a29,0x0229,0x0a4a,0x0229,0x0a49,0x0229,0x0a49,0x0229,0x0a49,0x0229,0x0a4a,0x0229,0x0a49,0x0229,
0x0a49,0x0229,0x0a49,0x0229,0x0a4a,0x0229,0x0a49,0x0229,0x0a4a,0x0229,0x0a49,0x0229,0x0a4a,0x0229,0x0a49,0x0229,
0x0a4a,0x0229,0x0a49,0x0229,0x0a4a,0x0a49,0x0a4a,0x0249,0x0a4a,0x0229,0x0a4a,0x0229,0x0a4a,0x0229,0x0a49,0x0229,
0x0a4a,0x0229,0x0a49,0x0229,0x0a49,0x0229,0x0a49,0x0229,0x0a4a,0x0229,0x0a49,0x0229,0x0a4a,0x0229,0x0a29,0x0229,
0x0a29,0x0229,0x0a29,0x0229,0x0a29,0x0209,0x0a29,0x0208,0x0a29,0x0208,0x0229,0x0208,0x0a09,0x0208,0x0209,0x0208,
0x0a09,0x0208,0x0209,0x01e8,0x0209,0x01e8,0x0208,0x01e8,0x0a09,0x01e8,0x0209,0x01e8,0x0a09,0x01e8,0x0209,0x01e8,
0x0a09,0x01e8,0x01e8,0x01e8,0x01e8,0x01e8,0x01e8,0x01e8,0x01e8,0x01e8,0x01e8,0x01c8,0x01e8,0x01c8,0x01e8,0x01c8,
0x01e8,0x01c8,0x01e8,0x01c7,0x01c8,0x0166,0x0166,0x0146,0x0146,0x0125,0x0146,0x0145,0x0146,0x0125,0x0145,0x0145,
0x0145,0x0125,0x0145,0x0145,0x0986,0x0165,0x0986,0x09a6,0x11c7,0x0986,0x0986,0x0986,0x0986,0x0145,0x0145,0x0125,
0x0186,0x0187,0x0186,0x01a7,0x0186,0x01a7,0x01a7,0x01c7,0x01a7,0x01a7,0x01a7,0x01a7,0x01a7,0x01a7,0x0187,0x01a7,
0x0186,0x01a7,0x01a7,0x01a8,0x01a7,0x01c8,0x01a7,0x01c8,0x01a7,0x01c8,0x01a7,0x01c8,0x01a7,0x01c8,0x01a7,0x01c8,
0x01c7,0x01c8,0x01c7,0x01c8,0x01c7,0x01c8,0x01c8,0x01c8,0x01c7,0x01c8,0x01c8,0x01e8,0x01c8,0x01e8,0x01e8,0x01e8,
0x01e8,0x01e8,0x01e8,0x01e8,0x01e8,0x01e8,0x01e8,0x01e9,0x01e8,0x01e8,0x01e8,0x0209,0x01e8,0x0208,0x01e8,0x0209,
0x01e8,0x0209,0x01e8,0x0209,0x01e8,0x0209,0x01e8,0x0209,0x01e8,0x0209,0x0208,0x0209,0x0208,0x0209,0x0208,0x0209,
0x0208,0x0209,0x0208,0x0209,0x0208,0x0229,0x0208,0x0229,0x0208,0x0229,0x0229,0x0229,0x0228,0x0229,0x0229,0x0a29,
0x0229,0x0229,0x0229,0x0a29,0x0229,0x0229,0x0229,0x0a29,0x0229,0x0229,0x0229,0x0a29,0x0229,0x0229,0x0229,0x0a29,
0x0229,0x0229,0x0229,0x0a49,0x0229,0x0249,0x0229,0x0a49,0x0229,0x0a49,0x0229,0x0a29,0x0229,0x0229,0x0229,0x0a49,
0x0229,0x0a49,0x0229,0x0a49,0x0229,0x0a49,0x0229,0x0a4a,0x0229,0x0a49,0x0229,0x0a49,0x0229,0x0a49,0x0229,0x0a49,
0x0229,0x0a49,0x0229,0x0a49,0x0229,0x0a29,0x0229,0x0a29,0x0229,0x0a29,0x0229,0x0a29,0x0229,0x0229,0x0229,0x0a29,
0x0229,0x0229,0x0209,0x0229,0x0208,0x0229,0x0208,0x0209,0x0208,0x0209,0x0208,0x0209,0x0208,0x0209,0x0208,0x0209,
0x01e8,0x0209,0x01e8,0x01e9,0x01e8,0x01e8,0x01e8,0x01e8,0x01e8,0x01e8,0x01e8,0x01e8,0x01e8,0x01e8,0x01e8,0x01e8,
0x01e8,0x01e8,0x01e8,0x01e8,0x01c8,0x01e8,0x01e8,0x01e8,0x01e8,0x01e8,0x01c8,0x01e8,0x01c7,0x01c8,0x01c7,0x01c8,
0x01c7,0x01c8,0x01a7,0x01c8,0x01a7,0x0166,0x0146,0x0166,0x0125,0x0125,0x0125,0x0125,0x0125,0x0145,0x0125,0x0145,
0x0125,0x0145,0x0125,0x0125,0x0125,0x0986,0x0185,0x09c7,0x0186,0x0166,0x0165,0x0166,0x0145,0x0145,0x0145,0x0145,
0x0187,0x0187,0x01a7,0x01a7,0x01c7,0x01c7,0x01c8,0x01a7,0x01a7,0x01a7,0x01a7,0x01a7,0x01c8,0x01a7,0x01a8,0x01a7,
0x01c8,0x01a7,0x01c8,0x01a7,0x01c8,0x01a7,0x01c8,0x01a7,0x01c8,0x01a7,0x01c8,0x01c8,0x01c8,0x01c7,0x01c8,0x01c8,
0x01c8,0x01c8,0x01e8,0x01c8,0x01c8,0x01c8,0x01e8,0x01c8,0x01e8,0x01c8,0x01e8,0x01e8,0x01e8,0x01e8,0x01e9,0x01e8,
0x01e8,0x01e8,0x01e9,0x01e8,0x01e9,0x01e8,0x0209,0x01e8,0x0209,0x01e8,0x0209,0x01e8,0x0209,0x01e8,0x0209,0x01e8,
0x0209,0x01e8,0x0209,0x01e8,0x0209,0x0208,0x0209,0x0208,0x0209,0x0208,0x0209,0x0209,0x0209,0x0208,0x0229,0x0209,
0x0229,0x0209,0x0229,0x0209,0x0229,0x0209,0x0a29,0x0229,0x0229,0x0229,0x0a29,0x0229,0x0a49,0x0229,0x0a4a,0x0229,
0x0a49,0x0229,0x0a4a,0x0229,0x0a49,0x0229,0x0a29,0x0229,0x0a49,0x0229,0x0a4a,0x0229,0x0a49,0x0229,0x0a4a,0x0229,
0x0a49,0x0229,0x0a4a,0x0229,0x0a49,0x0229,0x0a4a,0x0229,0x0a49,0x0229,0x0a4a,0x0229,0x0a49,0x0229,0x0a4a,0x0229,
0x0a49,0x0229,0x0a4a,0x0a49,0x0a4a,0x0249,0x0a4a,0x0a49,0x0a4a,0x0249,0x0a4a,0x0a49,0x0a4a,0x0249,0x0a4a,0x0229,
0x0a4a,0x0229,0x0a4a,0x0229,0x0a49,0x0229,0x0a4a,0x0229,0x0a49,0x0229,0x0a29,0x0229,0x0a49,0x0229,0x0a29,0x0229,
0x0a29,0x0229,0x0a29,0x0229,0x0a29,0x0229,0x0a29,0x0209,0x0229,0x0208,0x0a29,0x0209,0x0209,0x0208,0x0a09,0x0208,
0x0209,0x01e8,0x0209,0x01e8,0x01e8,0x01e8,0x01e9,0x01e8,0x01e8,0x01e8,0x09e8,0x01e8,0x01e8,0x01e8,0x09e9,0x01e8,
0x01e8,0x01e8,0x01e8,0x01e8,0x01e8,0x01e8,0x01e8,0x01e8,0x01e8,0x01e8,0x09e8,0x01c8,0x01e8,0x01c8,0x01e8,0x01c8,
0x01e8,0x01c7,0x01c8,0x01a7,0x01c7,0x0166,0x0166,0x0146,0x0146,0x0125,0x0146,0x0145,0x0166,0x0145,0x0166,0x0165,
0x0145,0x0145,0x0146,0x0145,0x0125,0x0125,0x0986,0x0166,0x0145,0x0124,0x0145,0x0145,0x0145,0x0125,0x0145,0x0125,
0x0187,0x01a7,0x01a7,0x01c7,0x01a7,0x01c7,0x01a7,0x01a7,0x01a7,0x01a7,0x0186,0x01a7,0x01a7,0x01a7,0x01a7,0x01c7,
0x01a7,0x01c7,0x01a7,0x01c7,0x01a7,0x01c8,0x01a7,0x01c8,0x01a7,0x01c8,0x01a7,0x01c8,0x01a7,0x01c8,0x01a7,0x01c8,
0x01c7,0x01c8,0x01c7,0x01c8,0x01c8,0x01c8,0x01c7,0x01c8,0x01c8,0x01e8,0x01c7,0x01e8,0x01c8,0x01e8,0x01e8,0x01e8,
0x01e8,0x01e8,0x01e8,0x01e8,0x01e8,0x01e8,0x01e8,0x01e8,0x01e8,0x01e9,0x01e8,0x0208,0x01e8,0x0209,0x01e8,0x0208,
0x01e8,0x0209,0x01e8,0x0209,0x01e8,0x0209,0x01e8,0x0209,0x01e8,0x0209,0x0208,0x0209,0x0208,0x0209,0x0208,0x0209,
0x0208,0x0209,0x0208,0x0209,0x0209,0x0229,0x0208,0x0229,0x0229,0x0229,0x0228,0x0229,0x0229,0x0a29,0x0229,0x0a29,
0x0229,0x0a29,0x0229,0x0229,0x0229,0x0a29,0x0229,0x0229,0x0229,0x0249,0x0229,0x0a49,0x0229,0x0a49,0x0229,0x0a49,
0x0229,0x0a49,0x0229,0x0a49,0x0229,0x0249,0x0229,0x0229,0x0229,0x0a29,0x0229,0x0229,0x0229,0x0a29,0x0229,0x0a49,
0x0229,0x0a49,0x0229,0x0a49,0x0229,0x0a4a,0x0229,0x0a49,0x0229,0x0a4a,0x0229,0x0a49,0x0229,0x0a4a,0x0229,0x0a49,
0x0229,0x0a49,0x0229,0x0a49,0x0229,0x0a29,0x0229,0x0a29,0x0229,0x0a29,0x0229,0x0229,0x0229,0x0229,0x0229,0x0229,
0x0209,0x0229,0x0208,0x0229,0x0208,0x0229,0x0208,0x0229,0x0208,0x0209,0x0208,0x0209,0x0208,0x0209,0x01e8,0x0209,
0x01e8,0x0208,0x01e8,0x0208,0x01e8,0x01e8,0x01e8,0x01e8,0x01e8,0x01e8,0x01c8,0x01e8,0x01e8,0x01e8,0x01e8,0x01e8,
0x01c8,0x01e8,0x01e8,0x01e8,0x01c8,0x01e8,0x01e8,0x01e8,0x01c8,0x01e8,0x01c7,0x01e8,0x01c8,0x01c8,0x01c7,0x01c8,
0x01c7,0x01c8,0x01a7,0x01a7,0x01a7,0x0187,0x0166,0x0166,0x0146,0x0146,0x0125,0x0145,0x0145,0x0146,0x0125,0x0145,
0x0145,0x0145,0x0125,0x0145,0x0125,0x0125,0x0124,0x0125,0x0105,0x0145,0x0124,0x0145,0x0125,0x0145,0x0104,0x0105,
0x01a7,0x01a7,0x01a7,0x01a7,0x01c8,0x01a7,0x01c8,0x01a7,0x01a7,0x0187,0x01a7,0x01a7,0x01c8,0x01a7,0x01c8,0x01a7,
0x01c8,0x01c7,0x01c8,0x01c7,0x01c8,0x01c7,0x01c8,0x01c7,0x01c8,0x01c8,0x01c8,0x01c7,0x01c8,0x01c8,0x01c8,0x01c7,
0x01c8,0x01c8,0x01e8,0x01c8,0x01e8,0x01c8,0x01e8,0x01c8,0x01e8,0x01c8,0x01e8,0x01c8,0x01e8,0x01e8,0x01e8,0x01e8,
0x01e9,0x01e8,0x01e9,0x01e8,0x01e9,0x01e8,0x01e9,0x01e8,0x01e9,0x01e8,0x0209,0x01e8,0x0209,0x01e8,0x0209,0x01e8,
0x0209,0x01e8,0x0209,0x01e8,0x0209,0x01e8,0x0209,0x0208,0x0209,0x0208,0x0209,0x0208,0x0209,0x0209,0x0229,0x0209,
0x0a29,0x0209,0x0229,0x0209,0x0a29,0x0209,0x0229,0x0229,0x0a29,0x0229,0x0a29,0x0229,0x0a29,0x0229,0x0a29,0x0229,
0x0a29,0x0229,0x0a49,0x0229,0x0a4a,0x0229,0x0a49,0x0229,0x0a4a,0x0229,0x0a49,0x0229,0x0a4a,0x0229,0x0a49,0x0229,
0x0a4a,0x0229,0x0a49,0x0229,0x0a49,0x0229,0x0a49,0x0229,0x0a4a,0x0229,0x0a49,0x0229,0x0a4a,0x0229,0x0a49,0x0229,
0x0a49,0x0229,0x0a49,0x0229,0x0a4a,0x0a49,0x0a4a,0x0249,0x0a4a,0x0a49,0x0a4a,0x0249,0x0a4a,0x0229,0x0a4a,0x0229,
0x0a4a,0x0229,0x0a49,0x0229,0x0a4a,0x0229,0x0a49,0x0229,0x0a4a,0x0229,0x0a29,0x0229,0x0a29,0x0229,0x0a29,0x0229,
0x0a29,0x0229,0x0a29,0x0229,0x0a29,0x0209,0x0a29,0x0209,0x0a29,0x0208,0x0229,0x0208,0x0a09,0x0208,0x0a09,0x0208,
0x0a09,0x0208,0x0209,0x01e8,0x0209,0x01e8,0x0209,0x01e8,0x0a09,0x01e8,0x01e8,0x01e8,0x01e8,0x01e8,0x01e8,0x01e8,
0x01e8,0x01e8,0x01e8,0x01e8,0x09e8,0x01e8,0x01e8,0x01e8,0x01e8,0x01e8,0x01e8,0x01c8,0x01e8,0x01c8,0x01e8,0x01c8,
0x01e8,0x01c8,0x01c8,0x01a7,0x01a8,0x0187,0x0187,0x0166,0x0166,0x0146,0x0146,0x0125,0x0125,0x0125,0x0125,0x0105,
0x0146,0x0145,0x0146,0x0145,0x0145,0x0125,0x0145,0x0125,0x0146,0x0145,0x0145,0x0125,0x0145,0x0125,0x0125,0x0104,
0x0186,0x01a7,0x01a7,0x01a7,0x01a7,0x01a7,0x01a7,0x01c8,0x01a7,0x01a7,0x0187,0x01a7,0x01a7,0x01a7,0x01a7,0x01c8,
0x01a7,0x01c8,0x01a7,0x01c8,0x01a7,0x01c8,0x01a7,0x01c8,0x01a7,0x01c8,0x01a7,0x01c8,0x01a7,0x01c8,0x01a7,0x01c8,
0x01c7,0x01c8,0x01c8,0x01c8,0x01c7,0x01c8,0x01c8,0x01c8,0x01c8,0x01e8,0x01c8,0x01e8,0x01c8,0x01e8,0x01e8,0x01e8,
0x01e8,0x01e8,0x01e8,0x01e8,0x01e8,0x01e8,0x01e8,0x01e8,0x01e8,0x01e8,0x01e8,0x01e8,0x01e8,0x01e8,0x01e8,0x01e8,
0x01e8,0x0208,0x01e8,0x0209,0x01e8,0x0209,0x01e8,0x0209,0x01e8,0x0209,0x0208,0x0209,0x0208,0x0209,0x0208,0x0209,
0x0208,0x0229,0x0208,0x0229,0x0208,0x0229,0x0229,0x0229,0x0228,0x0229,0x0229,0x0229,0x0228,0x0229,0x0229,0x0a29,
0x0229,0x0229,0x0229,0x0a29,0x0229,0x0229,0x0229,0x0a29,0x0229,0x0249,0x0229,0x0a49,0x0229,0x0a49,0x0229,0x0a49,
0x0229,0x0a49,0x0229,0x0a29,0x0229,0x0a49,0x0229,0x0249,0x0229,0x0229,0x0229,0x0a29,0x0229,0x0a49,0x0229,0x0a49,
0x0229,0x0a49,0x0229,0x0a49,0x0229,0x0a49,0x0229,0x0a49,0x0229,0x0a49,0x0229,0x0a49,0x0229,0x0a49,0x0229,0x0a49,
0x0229,0x0a49,0x0229,0x0a49,0x0229,0x0a29,0x0229,0x0a29,0x0229,0x0a29,0x0229,0x0a29,0x0229,0x0229,0x0229,0x0229,
0x0229,0x0229,0x0209,0x0229,0x0208,0x0229,0x0208,0x0209,0x0208,0x0209,0x0208,0x0209,0x01e8,0x0209,0x0208,0x0209,
0x01e8,0x0209,0x01e8,0x0209,0x01e8,0x0209,0x01e8,0x01e8,0x01e8,0x01e8,0x01e8,0x01e8,0x01e8,0x01e8,0x01c8,0x01e8,
0x01c8,0x01e8,0x01c8,0x01e8,0x01c8,0x01e8,0x01c8,0x01e8,0x01c8,0x01e8,0x01c8,0x01e8,0x01c7,0x01e8,0x01c8,0x01c8,
0x01c7,0x01c7,0x0187,0x01a7,0x01a7,0x01a7,0x01a7,0x0186,0x0145,0x0166,0x0146,0x0146,0x0125,0x0125,0x0105,0x0105,
0x0104,0x0125,0x0145,0x0145,0x0125,0x0145,0x0125,0x0146,0x0125,0x0145,0x0105,0x0125,0x0104,0x0125,0x0104,0x0104,
0x01a7,0x01a7,0x01a7,0x0187,0x01a7,0x01a7,0x01c7,0x01a7,0x01c8,0x01a7,0x01a8,0x01a7,0x01c8,0x01a7,0x01c8,0x01c7,
0x01c8,0x01c7,0x01c8,0x01c7,0x01c8,0x01c7,0x01c8,0x01c8,0x01c8,0x01c7,0x01c8,0x01c8,0x01c8,0x01c8,0x01c8,0x01c8,
0x01c8,0x01c8,0x01e8,0x01c8,0x01e8,0x01c8,0x01e8,0x01c8,0x01e8,0x01e8,0x01e9,0x01e8,0x01e8,0x01e8,0x01e9,0x01e8,
0x01e8,0x01e8,0x01e9,0x01e8,0x01e9,0x01e8,0x0209,0x01e8,0x0209,0x01e8,0x0209,0x01e8,0x0209,0x01e8,0x0209,0x01e8,
0x0209,0x01e8,0x0209,0x01e8,0x0209,0x01e8,0x0209,0x0208,0x0209,0x0208,0x0209,0x0208,0x0229,0x0208,0x0229,0x0209,
0x0229,0x0209,0x0a29,0x0229,0x0a29,0x0229,0x0a49,0x0229,0x0a29,0x0229,0x0a29,0x0229,0x0a29,0x0229,0x0a29,0x0229,
0x0a29,0x0229,0x0a49,0x0229,0x0a29,0x0229,0x0a49,0x0229,0x0a49,0x0229,0x0a4a,0x0229,0x0a49,0x0229,0x0a4a,0x0229,
0x0a49,0x0229,0x0a4a,0x0229,0x0a49,0x0229,0x0a4a,0x0229,0x0249,0x0229,0x0a49,0x0229,0x0a49,0x0229,0x0a4a,0x0229,
0x0a49,0x0229,0x0a4a,0x0a49,0x0a4a,0x0249,0x0a4a,0x0a49,0x0a49,0x0229,0x0a49,0x0229,0x0a49,0x0229,0x0a4a,0x0229,
0x0a49,0x0229,0x0a4a,0x0229,0x0a49,0x0229,0x0a4a,0x0229,0x0a49,0x0229,0x0a29,0x0229,0x0a29,0x0229,0x0a29,0x0229,
0x0a29,0x0229,0x0a29,0x0229,0x0a29,0x0209,0x0a29,0x0209,0x0a29,0x0209,0x0a29,0x0209,0x0a29,0x0209,0x0a29,0x0208,
0x0209,0x0208,0x0a09,0x0208,0x0209,0x01e8,0x0209,0x01e8,0x01e8,0x01e8,0x01e9,0x01e8,0x01e8,0x01e8,0x01e8,0x01e8,
0x01e8,0x01e8,0x09e8,0x01e8,0x01e8,0x01e8,0x09e8,0x01e8,0x01e8,0x01c8,0x01e8,0x01c8,0x01e8,0x01c8,0x01e8,0x01c8,
0x01c8,0x01a7,0x01a7,0x01a7,0x01c7,0x01a7,0x09c7,0x0186,0x0186,0x0166,0x0166,0x0146,0x0166,0x0145,0x0126,0x0105,
0x0125,0x0105,0x0146,0x0125,0x0145,0x0125,0x0146,0x0125,0x0146,0x0125,0x0125,0x0105,0x0125,0x0104,0x0125,0x00e4,
0x0186,0x0187,0x0186,0x0186,0x0186,0x01a7,0x01a6,0x01c7,0x01a7,0x01c7,0x01a7,0x01c7,0x01a7,0x01c8,0x01a7,0x01c8,
0x01a7,0x01c8,0x01c7,0x01c8,0x01c7,0x01c8,0x01c7,0x01c8,0x01a7,0x01c8,0x01c7,0x01c8,0x01c7,0x01c8,0x01c7,0x01c8,
0x01c8,0x01c8,0x01c8,0x01e8,0x01c8,0x01e8,0x01c7,0x01e8,0x01c8,0x01e8,0x01c8,0x01e8,0x01e8,0x01e8,0x01e8,0x01e8,
0x01e8,0x01e8,0x01e8,0x0208,0x01e8,0x01e8,0x01e8,0x0208,0x01e8,0x0209,0x01e8,0x0208,0x01e8,0x0209,0x0208,0x0208,
0x01e8,0x0209,0x01e8,0x0208,0x01e8,0x0209,0x01e8,0x0208,0x01e8,0x0209,0x0208,0x0209,0x0208,0x0209,0x0208,0x0209,
0x0208,0x0229,0x0208,0x0229,0x0229,0x0229,0x0228,0x0229,0x0229,0x0229,0x0228,0x0229,0x0229,0x0229,0x0229,0x0229,
0x0229,0x0229,0x0229,0x0229,0x0229,0x0a29,0x0229,0x0229,0x0229,0x0249,0x0229,0x0249,0x0229,0x0a49,0x0229,0x0a49,
0x0229,0x0a29,0x0229,0x0a49,0x0229,0x0a49,0x0229,0x0249,0x0229,0x0249,0x0229,0x0229,0x0229,0x0a49,0x0229,0x0a49,
0x0229,0x0a49,0x0229,0x0a49,0x0229,0x0a49,0x0229,0x0a49,0x0229,0x0a49,0x0229,0x0a49,0x0229,0x0a49,0x0229,0x0a49,
0x0229,0x0a49,0x0229,0x0a49,0x0229,0x0a29,0x0229,0x0a29,0x0229,0x0a29,0x0229,0x0229,0x0229,0x0229,0x0228,0x0229,
0x0229,0x0a29,0x0208,0x0229,0x0209,0x0229,0x0228,0x0229,0x0229,0x0229,0x0208,0x0229,0x0208,0x0229,0x0208,0x0209,
0x0208,0x0209,0x0208,0x0209,0x01e8,0x0208,0x01e8,0x0208,0x01e8,0x01e8,0x01e8,0x01e8,0x01e8,0x01e8,0x01c8,0x01e8,
0x01c8,0x01e8,0x01c7,0x01e8,0x01c8,0x01e8,0x01c7,0x01e8,0x01c8,0x01e8,0x01c7,0x01e8,0x01c8,0x01e8,0x01c7,0x01c8,
0x01c7,0x01a7,0x0186,0x01a7,0x01a7,0x01a7,0x01a6,0x01a7,0x0166,0x0186,0x0166,0x0166,0x0146,0x0146,0x0125,0x0125,
0x0105,0x0105,0x0104,0x0105,0x0105,0x0105,0x0105,0x0125,0x0105,0x0105,0x0104,0x0105,0x0105,0x0105,0x0104,0x0105,
0x0187,0x0186,0x0187,0x0186,0x01a7,0x0186,0x01a7,0x01a7,0x01c8,0x01a7,0x01c8,0x01c7,0x01c8,0x01c7,0x01c8,0x01c7,
0x01c8,0x01c7,0x01c8,0x01c7,0x01c8,0x01c8,0x01c8,0x01c8,0x01c8,0x01c8,0x01c8,0x01c8,0x01e8,0x01c8,0x01e8,0x01c8,
0x01e8,0x01c8,0x01e8,0x01c8,0x01e8,0x01c8,0x01e8,0x01c8,0x01e8,0x01e8,0x01e8,0x01e8,0x01e9,0x01e8,0x01e9,0x01e8,
0x0209,0x01e8,0x0209,0x0208,0x0209,0x0208,0x0209,0x0208,0x0a09,0x0208,0x0209,0x0208,0x0209,0x0208,0x0209,0x0208,
0x0209,0x01e8,0x0209,0x01e8,0x0209,0x01e8,0x0209,0x0208,0x0209,0x0208,0x0209,0x0208,0x0209,0x0208,0x0229,0x0208,
0x0a29,0x0209,0x0229,0x0229,0x0a29,0x0229,0x0229,0x0229,0x0a29,0x0229,0x0229,0x0229,0x0a29,0x0229,0x0a29,0x0229,
0x0a29,0x0229,0x0a29,0x0229,0x0a29,0x0229,0x0229,0x0229,0x0a49,0x0229,0x0a49,0x0229,0x0a4a,0x0229,0x0a49,0x0229,
0x0a4a,0x0229,0x0a4a,0x0229,0x0a4a,0x0229,0x0a49,0x0229,0x0a4a,0x0229,0x0a49,0x0229,0x0a4a,0x0a49,0x0a4a,0x0249,
0x0a4a,0x0a49,0x0a4a,0x0249,0x0a4a,0x0a29,0x0a49,0x0249,0x0a4a,0x0229,0x0a49,0x0229,0x0a49,0x0229,0x0a49,0x0229,
0x0a4a,0x0229,0x0a49,0x0229,0x0a4a,0x0229,0x0a4a,0x0229,0x0a4a,0x0229,0x0a49,0x0229,0x0a4a,0x0229,0x0a29,0x0229,
0x0a29,0x0229,0x0a29,0x0229,0x0a29,0x0229,0x0a29,0x0229,0x0a29,0x0229,0x0229,0x0229,0x0a29,0x0209,0x0229,0x0208,
0x0a29,0x0208,0x0a09,0x0208,0x0a09,0x01e8,0x0208,0x01e8,0x0a09,0x01e8,0x01e8,0x01e8,0x01e8,0x01c8,0x01e8,0x01c8,
0x01e8,0x01c8,0x01e8,0x01c8,0x01e8,0x01c8,0x01e8,0x01c8,0x09e8,0x01c8,0x01e8,0x01c8,0x01e8,0x01c8,0x01e8,0x01c8,
0x01c8,0x01a7,0x01a7,0x01a7,0x01a7,0x01a7,0x01a7,0x01a6,0x0187,0x0166,0x0166,0x0166,0x0166,0x0126,0x0146,0x0125,
0x0146,0x0125,0x0125,0x0125,0x0125,0x0105,0x0125,0x0105,0x0125,0x0105,0x0105,0x0105,0x0125,0x0125,0x0146,0x0145,
0x0166,0x0187,0x0166,0x0187,0x0186,0x0187,0x0186,0x01c7,0x01a7,0x01c7,0x01a7,0x01c7,0x01c7,0x01c7,0x01a7,0x01c8,
0x01a7,0x01c8,0x01a7,0x01c8,0x01c7,0x01c8,0x01c7,0x01c8,0x01c7,0x01c8,0x01c7,0x01c8,0x01c7,0x01c8,0x01c8,0x01c8,
0x01c7,0x01c8,0x01c8,0x01c8,0x01c8,0x01c8,0x01c8,0x01e8,0x01c8,0x01e8,0x01e8,0x01e8,0x01e8,0x01e8,0x01e8,0x0209,
0x01e8,0x0208,0x01e8,0x0209,0x01e8,0x0208,0x01e8,0x0209,0x01e8,0x0209,0x01e8,0x0209,0x01e8,0x0209,0x01e8,0x0209,
0x0208,0x0209,0x0208,0x0209,0x01e8,0x0208,0x01e8,0x0209,0x01e8,0x0208,0x01e8,0x0209,0x0208,0x0209,0x0208,0x0229,
0x0208,0x0229,0x0208,0x0229,0x0208,0x0229,0x0208,0x0229,0x0208,0x0229,0x0209,0x0229,0x0208,0x0229,0x0208,0x0229,
0x0228,0x0229,0x0229,0x0229,0x0228,0x0229,0x0229,0x0229,0x0228,0x0229,0x0229,0x0a49,0x0229,0x0249,0x0229,0x0a29,
0x0229,0x0229,0x0229,0x0a29,0x0229,0x0a49,0x0229,0x0249,0x0229,0x0249,0x0229,0x0a49,0x0249,0x0a49,0x0249,0x0a49,
0x0229,0x0a49,0x0229,0x0a49,0x0229,0x0a49,0x0229,0x0a49,0x0229,0x0a49,0x0229,0x0a49,0x0228,0x0a49,0x0229,0x0a49,
0x0229,0x0a49,0x0229,0x0a49,0x0229,0x0a49,0x0229,0x0a49,0x0229,0x0a49,0x0229,0x0a49,0x0229,0x0a29,0x0229,0x0a29,
0x0229,0x0229,0x0229,0x0229,0x0228,0x0229,0x0229,0x0a29,0x0228,0x0229,0x0229,0x0229,0x0208,0x0229,0x0208,0x0209,
0x0208,0x0209,0x0208,0x0209,0x01e8,0x0208,0x01e8,0x01e8,0x01e8,0x01e8,0x01e8,0x01e8,0x01c7,0x01e8,0x01c8,0x01e8,
0x01c7,0x01e8,0x01c8,0x01c8,0x01c7,0x01c8,0x01c8,0x01c8,0x01c7,0x01c8,0x01c7,0x01c8,0x01c7,0x01c8,0x01c7,0x01c8,
0x01c7,0x01a7,0x0186,0x01a7,0x01a7,0x01a7,0x01a7,0x01a7,0x0186,0x0187,0x0166,0x0166,0x0145,0x0146,0x0125,0x0146,
0x0125,0x0125,0x0125,0x0146,0x0125,0x0125,0x0105,0x0125,0x0105,0x0125,0x0105,0x0125,0x0124,0x0166,0x0166,0x0186,
0x0187,0x0186,0x0187,0x0186,0x0187,0x0186,0x01c7,0x01a7,0x01c8,0x01c7,0x01c8,0x01c7,0x01c8,0x01a7,0x01c8,0x01c7,
0x01c8,0x01c7,0x01c8,0x01c7,0x01c8,0x01c7,0x01c8,0x01c8,0x01c8,0x01c7,0x01c8,0x01c8,0x01e8,0x01c8,0x01e8,0x01c8,
0x01e8,0x01c8,0x01e8,0x01c8,0x01e8,0x01c8,0x01e8,0x01e8,0x01e8,0x01e8,0x01e9,0x01e8,0x0209,0x01e8,0x0a09,0x01e8,
0x0209,0x01e8,0x0a09,0x0208,0x0209,0x0208,0x0a09,0x0208,0x0209,0x0208,0x0a09,0x0208,0x0209,0x0208,0x0a09,0x0208,
0x0209,0x0208,0x0209,0x0208,0x0209,0x0208,0x0209,0x0208,0x0209,0x0208,0x0209,0x0208,0x0209,0x0208,0x0a29,0x0209,
0x0229,0x0209,0x0a29,0x0209,0x0229,0x0229,0x0a29,0x0229,0x0229,0x0229,0x0a29,0x0229,0x0229,0x0229,0x0a29,0x0229,
0x0229,0x0229,0x0a29,0x0229,0x0a29,0x0229,0x0a29,0x0229,0x0229,0x0229,0x0a49,0x0229,0x0249,0x0229,0x0a49,0x0229,
0x0a29,0x0229,0x0a49,0x0229,0x0a49,0x0229,0x0a4a,0x0229,0x0a49,0x0229,0x0a4a,0x0249,0x0a4a,0x0249,0x0a4a,0x0a49,
0x0a4a,0x0249,0x0a4a,0x0a49,0x0a4a,0x0229,0x0a4a,0x0229,0x0a49,0x0229,0x0a49,0x0229,0x0a49,0x0229,0x0a4a,0x0229,
0x0a49,0x0229,0x0a4a,0x0229,0x0a4a,0x0229,0x0a4a,0x0229,0x0a49,0x0229,0x0a4a,0x0229,0x0a49,0x0229,0x0a29,0x0229,
0x0a49,0x0229,0x0a29,0x0229,0x0a29,0x0229,0x0a29,0x0229,0x0a29,0x0229,0x0a29,0x0229,0x0a29,0x0209,0x0a29,0x0209,
0x0229,0x0208,0x0a09,0x0208,0x0209,0x01e8,0x0209,0x01e8,0x01e8,0x01e8,0x01e9,0x01e8,0x01e8,0x01e8,0x01e8,0x01c8,
0x01e8,0x01c8,0x01e8,0x01c8,0x01e8,0x01c8,0x01e8,0x01c8,0x01c8,0x01c8,0x01c8,0x01c8,0x01c8,0x01c7,0x01e8,0x01c8,
0x01c8,0x01a7,0x01a7,0x01a7,0x01a7,0x01a7,0x01a7,0x01a7,0x01a7,0x01a7,0x01a7,0x0166,0x0166,0x0146,0x0166,0x0145,
0x0146,0x0125,0x0146,0x0125,0x0146,0x0125,0x0146,0x0125,0x0146,0x0125,0x0146,0x0145,0x0986,0x0186,0x09a6,0x0185,
0x0166,0x0187,0x0166,0x0187,0x0186,0x01a7,0x01a6,0x01c7,0x01a7,0x01c7,0x01a7,0x01c7,0x01a7,0x01c7,0x01a7,0x01c7,
0x01a7,0x01c8,0x01a7,0x01c8,0x01a7,0x01c8,0x01a7,0x01c8,0x01a7,0x01c8,0x01c7,0x01c8,0x01c8,0x01e8,0x01c7,0x01e8,
0x01c8,0x01e8,0x01c7,0x01e8,0x01c8,0x01e8,0x01c8,0x01e8,0x01c8,0x01e8,0x01e8,0x01e8,0x01e8,0x0209,0x01e8,0x0208,
0x01e8,0x0208,0x01e8,0x0208,0x01e8,0x0208,0x0208,0x0208,0x0208,0x0209,0x01e8,0x0209,0x01e8,0x0209,0x01e8,0x0209,
0x0208,0x0209,0x0208,0x0208,0x01e8,0x0209,0x01e8,0x0208,0x01e8,0x0209,0x01e8,0x0209,0x0208,0x0209,0x0208,0x0209,
0x0208,0x0229,0x0208,0x0229,0x0208,0x0229,0x0208,0x0229,0x0209,0x0229,0x0208,0x0229,0x0208,0x0229,0x0208,0x0229,
0x0208,0x0229,0x0208,0x0229,0x0229,0x0229,0x0208,0x0229,0x0209,0x0229,0x0229,0x0229,0x0229,0x0229,0x0229,0x0229,
0x0229,0x0a29,0x0229,0x0229,0x0229,0x0a49,0x0229,0x0249,0x0229,0x0a49,0x0229,0x0a49,0x0229,0x0a49,0x0229,0x0a49,
0x0229,0x0a49,0x0229,0x0a49,0x0229,0x0a49,0x0229,0x0a49,0x0229,0x0a49,0x0229,0x0a49,0x0229,0x0a49,0x0229,0x0a49,
0x0229,0x0a49,0x0229,0x0a49,0x0229,0x0a49,0x0229,0x0229,0x0229,0x0a29,0x0229,0x0229,0x0229,0x0a29,0x0229,0x0229,
0x0229,0x0a29,0x0228,0x0a29,0x0229,0x0a29,0x0229,0x0a29,0x0229,0x0a29,0x0208,0x0229,0x0209,0x0a29,0x0208,0x0209,
0x0208,0x0209,0x01e8,0x0208,0x01e8,0x0208,0x01e8,0x0208,0x01e8,0x01e8,0x01e8,0x01e8,0x01c8,0x01e8,0x01c7,0x01c8,
0x01c8,0x01c8,0x01c7,0x01c8,0x01c7,0x01c8,0x01c7,0x01c8,0x01c7,0x01c8,0x01c7,0x01c8,0x01c7,0x01c8,0x01c7,0x01c8,
0x01c7,0x01a7,0x0186,0x01a7,0x01a7,0x01a7,0x01a6,0x01a7,0x0186,0x01a7,0x0186,0x0187,0x0166,0x0166,0x0145,0x0146,
0x0145,0x0146,0x0145,0x0146,0x0125,0x0146,0x0125,0x0146,0x0125,0x0146,0x0145,0x0186,0x0166,0x0186,0x0165,0x0145,
0x0187,0x0186,0x01a7,0x0186,0x01a7,0x0186,0x01a7,0x01a7,0x01c8,0x01a7,0x01c7,0x01a7,0x01c8,0x01a7,0x01c8,0x01a7,
0x01c8,0x01a7,0x01c8,0x01a7,0x01c8,0x01c7,0x01c8,0x01c7,0x01c8,0x01c7,0x01c8,0x01c7,0x01e8,0x01c8,0x01e8,0x01c8,
0x01e8,0x01e8,0x01e8,0x01e8,0x01e8,0x01e8,0x01e8,0x01e8,0x01e9,0x01e8,0x0208,0x01e8,0x0209,0x01e8,0x0209,0x0208,
0x0209,0x0208,0x0209,0x0208,0x0a09,0x0208,0x0209,0x0208,0x0a09,0x0208,0x0209,0x0208,0x0209,0x0208,0x0209,0x0208,
0x0a29,0x0208,0x0209,0x0208,0x0209,0x0208,0x0209,0x0208,0x0209,0x0208,0x0209,0x0208,0x0209,0x0208,0x0229,0x0208,
0x0229,0x0209,0x0229,0x0209,0x0a29,0x0229,0x0229,0x0229,0x0a29,0x0209,0x0229,0x0229,0x0a29,0x0229,0x0229,0x0229,
0x0229,0x0229,0x0229,0x0229,0x0a29,0x0229,0x0229,0x0229,0x0a29,0x0229,0x0a29,0x0229,0x0a29,0x0229,0x0a29,0x0229,
0x0a49,0x0229,0x0a49,0x0229,0x0a4a,0x0229,0x0a49,0x0229,0x0a4a,0x0249,0x0a4a,0x0249,0x0a4a,0x0249,0x0a4a,0x0249,
0x0a4a,0x0229,0x0a4a,0x0249,0x0a4a,0x0229,0x0a49,0x0229,0x0a4a,0x0229,0x0a49,0x0229,0x0a4a,0x0229,0x0a49,0x0229,
0x0a4a,0x0229,0x0a49,0x0229,0x0a49,0x0229,0x0a49,0x0229,0x0a49,0x0229,0x0a49,0x0229,0x0a49,0x0229,0x0a49,0x0229,
0x0a49,0x0229,0x0a29,0x0229,0x0a29,0x0229,0x0a29,0x0229,0x0a29,0x0229,0x0a29,0x0209,0x0a29,0x0209,0x0a29,0x0208,
0x0a09,0x0208,0x0209,0x0208,0x0a09,0x01e8,0x0209,0x01e8,0x01e9,0x01e8,0x01e8,0x01e8,0x01e8,0x01c8,0x01e8,0x01c8,
0x01e8,0x01c8,0x01e8,0x01c7,0x01c8,0x01c8,0x01c8,0x01c8,0x01c8,0x01c8,0x01c8,0x01c7,0x01c8,0x01c8,0x01e8,0x01c8,
0x01e8,0x01a7,0x01a7,0x0186,0x0187,0x01a7,0x01a7,0x0186,0x01a7,0x0186,0x01a7,0x0186,0x0187,0x0166,0x0166,0x0146,
0x0146,0x0146,0x0166,0x0146,0x0166,0x0145,0x0146,0x0125,0x0146,0x0145,0x0186,0x0186,0x09a7,0x01a6,0x0186,0x0145,
0x0166,0x0187,0x0186,0x01a7,0x0186,0x0187,0x0186,0x01a7,0x01a7,0x01c7,0x01a7,0x01c7,0x01a7,0x01c7,0x01a7,0x01c7,
0x01a7,0x01c7,0x01a7,0x01c7,0x01a7,0x01c8,0x01a7,0x01c8,0x01a7,0x01c8,0x01c7,0x01c8,0x01c7,0x01c8,0x01c8,0x01e8,
0x01c7,0x01e8,0x01c8,0x01e8,0x01e8,0x01e8,0x01e8,0x01e8,0x01e8,0x01e8,0x01e8,0x01e8,0x01e8,0x01e8,0x01e8,0x0209,
0x01e8,0x0208,0x01e8,0x0209,0x01e8,0x0208,0x01e8,0x0209,0x01e8,0x0209,0x01e8,0x0209,0x0208,0x0209,0x0208,0x0209,
0x0208,0x0209,0x0208,0x0209,0x0208,0x0209,0x01e8,0x0209,0x0208,0x0209,0x0208,0x0209,0x0208,0x0209,0x0208,0x0209,
0x0208,0x0209,0x0208,0x0229,0x0208,0x0229,0x0209,0x0229,0x0208,0x0229,0x0208,0x0229,0x0208,0x0229,0x0229,0x0229,
0x0228,0x0229,0x0229,0x0229,0x0208,0x0229,0x0208,0x0229,0x0228,0x0229,0x0209,0x0229,0x0228,0x0229,0x0229,0x0229,
0x0229,0x0229,0x0229,0x0249,0x0229,0x0a49,0x0229,0x0a49,0x0249,0x0a49,0x0229,0x0a49,0x0229,0x0a49,0x0229,0x0a49,
0x0229,0x0a49,0x0229,0x0a49,0x0229,0x0a49,0x0229,0x0a49,0x0229,0x0a49,0x0229,0x0a49,0x0229,0x0a49,0x0229,0x0a49,
0x0229,0x0a49,0x0229,0x0a49,0x0229,0x0a49,0x0229,0x0a49,0x0228,0x0249,0x0229,0x0a49,0x0229,0x0229,0x0229,0x0a49,
0x0229,0x0229,0x0229,0x0229,0x0228,0x0229,0x0229,0x0a29,0x0208,0x0229,0x0208,0x0229,0x0208,0x0209,0x0208,0x0a09,
0x0208,0x0208,0x01e8,0x0209,0x01e8,0x0208,0x01e8,0x0208,0x01e8,0x01e8,0x01c8,0x01e8,0x01c7,0x01e8,0x01c7,0x01c8,
0x01c7,0x01c8,0x01c7,0x01c8,0x01c7,0x01c8,0x01c7,0x01c8,0x01c7,0x01c8,0x01c7,0x01c8,0x01c7,0x01c8,0x01c7,0x01e8,
0x01c7,0x01c8,0x01a7,0x0187,0x0186,0x0187,0x0186,0x0187,0x0186,0x0187,0x0186,0x0187,0x0166,0x0187,0x0166,0x0167,
0x0146,0x0187,0x0166,0x0166,0x0146,0x0166,0x0145,0x0146,0x0145,0x0186,0x0165,0x09a7,0x0186,0x09a6,0x0186,0x0166,
0x0187,0x0186,0x0187,0x0186,0x0187,0x0186,0x01a7,0x01a7,0x01c7,0x01a7,0x01c8,0x01a7,0x01c7,0x01a7,0x01c8,0x01a7,
0x01c8,0x01a7,0x01c8,0x01a7,0x01c8,0x01a7,0x01c8,0x01c7,0x01c8,0x01c7,0x01c8,0x01c8,0x01e8,0x01c8,0x01e8,0x01c8,
0x01e8,0x01e8,0x01e8,0x01e8,0x01e8,0x01e8,0x01e8,0x01e8,0x01e8,0x01e8,0x01e9,0x01e8,0x01e9,0x01e8,0x0209,0x01e8,
0x0209,0x0208,0x0a09,0x0208,0x0209,0x0208,0x0a09,0x0208,0x0209,0x0208,0x0a09,0x0208,0x0229,0x0208,0x0a29,0x0208,
0x0209,0x0208,0x0a29,0x0209,0x0209,0x0208,0x0209,0x0208,0x0209,0x0208,0x0209,0x0208,0x0209,0x0208,0x0229,0x0209,
0x0229,0x0208,0x0229,0x0209,0x0229,0x0229,0x0a29,0x0229,0x0229,0x0229,0x0a29,0x0209,0x0229,0x0229,0x0a29,0x0229,
0x0229,0x0229,0x0229,0x0229,0x0229,0x0229,0x0a29,0x0229,0x0229,0x0229,0x0a29,0x0229,0x0229,0x0229,0x0a49,0x0229,
0x0229,0x0229,0x0a4a,0x0229,0x0a49,0x0229,0x0a4a,0x0249,0x0a4a,0x0249,0x0a4a,0x0229,0x0a4a,0x0249,0x0a4a,0x0229,
0x0a49,0x0229,0x0a4a,0x0229,0x0a49,0x0229,0x0a4a,0x0229,0x0a49,0x0229,0x0a4a,0x0229,0x0a49,0x0249,0x0a4a,0x0249,
0x0a49,0x0249,0x0a4a,0x0249,0x0a49,0x0229,0x0a49,0x0249,0x0a49,0x0229,0x0a49,0x0229,0x0a49,0x0229,0x0a49,0x0229,
0x0a49,0x0229,0x0a29,0x0229,0x0229,0x0229,0x0a29,0x0229,0x0a29,0x0208,0x0a29,0x0209,0x0a29,0x0208,0x0a29,0x0209,
0x0a09,0x0208,0x0a09,0x0208,0x0209,0x01e8,0x0209,0x01e8,0x0209,0x01e8,0x01e8,0x01c8,0x01e8,0x01c8,0x01c8,0x01c8,
0x01e8,0x01c8,0x01c8,0x01c8,0x01c8,0x01c7,0x01c8,0x01c8,0x01c8,0x01c8,0x01c8,0x01c8,0x01e8,0x01c7,0x01e8,0x01c8,
0x01e8,0x01c7,0x01c8,0x01a7,0x01a7,0x0186,0x0187,0x0187,0x01a7,0x0186,0x0187,0x0187,0x0187,0x0186,0x0187,0x0166,
0x0187,0x01a7,0x01a8,0x0187,0x0187,0x0186,0x0166,0x0146,0x0166,0x0186,0x0986,0x0986,0x09a6,0x0186,0x09a7,0x0186,
0x0166,0x0187,0x0166,0x0186,0x0186,0x01a7,0x01a7,0x01c7,0x01a7,0x01c7,0x01a7,0x01c7,0x01a7,0x01c7,0x01a7,0x01c7,
0x01a7,0x01c7,0x01a7,0x01c7,0x01a7,0x01c7,0x01a7,0x01c7,0x01a7,0x01c8,0x01a7,0x01c8,0x01c7,0x01c8,0x01c7,0x01c8,
0x01c8,0x01e8,0x01c7,0x01e8,0x01c8,0x01e8,0x01e8,0x01e8,0x01e8,0x01e8,0x01e8,0x01e8,0x01e8,0x01e8,0x01e8,0x01e8,
0x01e8,0x0209,0x01e8,0x0208,0x01e8,0x0209,0x01e8,0x0208,0x01e8,0x0209,0x0208,0x0208,0x0208,0x0209,0x0208,0x0209,
0x0208,0x0209,0x0208,0x0209,0x0208,0x0209,0x0208,0x0209,0x0208,0x0209,0x01e8,0x0209,0x0208,0x0209,0x0208,0x0209,
0x0208,0x0209,0x0208,0x0209,0x0208,0x0229,0x0208,0x0229,0x0208,0x0229,0x0208,0x0229,0x0208,0x0229,0x0208,0x0229,
0x0208,0x0229,0x0208,0x0229,0x0229,0x0229,0x0228,0x0229,0x0229,0x0229,0x0229,0x0229,0x0229,0x0229,0x0229,0x0229,
0x0229,0x0229,0x0229,0x0249,0x0229,0x0a49,0x0229,0x0a49,0x0229,0x0a49,0x0229,0x0249,0x0229,0x0a49,0x0229,0x0a49,
0x0229,0x0a49,0x0229,0x0a49,0x0229,0x0a49,0x0229,0x0a49,0x0229,0x0a49,0x0229,0x0a49,0x0229,0x0a49,0x0229,0x0a49,
0x0229,0x0a49,0x0229,0x0a49,0x0229,0x0a49,0x0229,0x0a49,0x0229,0x0a49,0x0229,0x0a49,0x0229,0x0a29,0x0228,0x0229,
0x0229,0x0a29,0x0228,0x0229,0x0208,0x0229,0x0208,0x0229,0x0208,0x0229,0x0208,0x0209,0x0208,0x0a09,0x0208,0x0209,
0x01e8,0x0209,0x01e8,0x0208,0x01e8,0x0208,0x01e8,0x0208,0x01e8,0x01e8,0x01c7,0x01e8,0x01c8,0x01e8,0x01c7,0x01c8,
0x01c7,0x01c8,0x01c7,0x01c8,0x01c7,0x01c8,0x01c7,0x01c8,0x01c7,0x01c8,0x01c7,0x01c8,0x01c7,0x01c8,0x01c7,0x01c8,
0x01c7,0x01c8,0x01c7,0x01c8,0x01a7,0x01a7,0x0186,0x01a7,0x0186,0x0187,0x0186,0x0187,0x0186,0x0187,0x01a7,0x01a7,
0x01a7,0x01c7,0x01a7,0x01a7,0x0187,0x0187,0x0166,0x0146,0x0145,0x0186,0x0186,0x0186,0x0186,0x09a6,0x0165,0x0186,
0x0187,0x0186,0x0187,0x0187,0x01a7,0x01a7,0x01c8,0x01a7,0x01c8,0x01a7,0x01c8,0x01a7,0x01c8,0x01a7,0x01c8,0x01a7,
0x01c8,0x01a7,0x01c8,0x01a7,0x01c8,0x01a7,0x01c8,0x01a7,0x01c8,0x01c7,0x01c8,0x01c7,0x01c8,0x01c8,0x01c8,0x01c8,
0x01e8,0x01c8,0x01e8,0x01e8,0x01e8,0x01e8,0x01e8,0x01e8,0x01e8,0x01e8,0x01e8,0x01e8,0x01e9,0x01e8,0x01e9,0x01e8,
0x0209,0x01e8,0x0209,0x0208,0x0a09,0x0208,0x0209,0x0208,0x0a09,0x0208,0x0209,0x0208,0x0a29,0x0208,0x0229,0x0208,
0x0a29,0x0208,0x0209,0x0208,0x0209,0x0208,0x0209,0x0208,0x0209,0x0208,0x0209,0x0208,0x0209,0x0208,0x0209,0x0208,
0x0229,0x0209,0x0229,0x0209,0x0a29,0x0209,0x0229,0x0209,0x0a29,0x0209,0x0229,0x0209,0x0a29,0x0209,0x0229,0x0209,
0x0a29,0x0229,0x0229,0x0229,0x0a29,0x0229,0x0a29,0x0229,0x0a29,0x0229,0x0a29,0x0229,0x0a49,0x0229,0x0249,0x0229,
0x0a49,0x0229,0x0a4a,0x0229,0x0a4a,0x0249,0x0a4a,0x0249,0x0a4a,0x0229,0x0a4a,0x0249,0x0a4a,0x0229,0x0a4a,0x0229,
0x0a4a,0x0229,0x0a49,0x0229,0x0a4a,0x0229,0x0a49,0x0229,0x0a4a,0x0229,0x0a49,0x0229,0x0a4a,0x0229,0x0a49,0x0229,
0x0a4a,0x0229,0x0a49,0x0229,0x0a4a,0x0229,0x0a49,0x0229,0x0a4a,0x0249,0x0a49,0x0229,0x0a49,0x0229,0x0a29,0x0229,
0x0a29,0x0229,0x0a29,0x0229,0x0a29,0x0229,0x0a29,0x0229,0x0a29,0x0209,0x0229,0x0208,0x0a09,0x0209,0x0a09,0x0208,
0x0a09,0x0208,0x0209,0x0208,0x0a09,0x0208,0x0209,0x01e8,0x01e9,0x01e8,0x01e8,0x01c8,0x01e8,0x01c8,0x01e8,0x01c8,
0x01e8,0x01c8,0x01c8,0x01c8,0x01e8,0x01c8,0x01e8,0x01c8,0x09e8,0x01c8,0x01c8,0x01c8,0x01c8,0x01c8,0x01c8,0x01c8,
0x01c8,0x01c8,0x01e8,0x01c8,0x01e8,0x01a7,0x01a7,0x01a7,0x01a7,0x0187,0x0187,0x0187,0x01a7,0x01a7,0x01c8,0x01a7,
0x01c8,0x01a7,0x01a7,0x0187,0x01a7,0x01a7,0x0187,0x0146,0x0166,0x0145,0x0166,0x0186,0x0986,0x0166,0x0186,0x0186,
0x0186,0x0187,0x0186,0x01a7,0x01a7,0x01c7,0x01a7,0x01c7,0x01a7,0x01c7,0x01a7,0x01c7,0x01a7,0x01c7,0x01a7,0x01c7,
0x01a7,0x01a7,0x01a7,0x01c7,0x01a7,0x01c7,0x01a7,0x01c7,0x01a7,0x01c7,0x01a7,0x01c8,0x01a7,0x01c8,0x01c7,0x01c8,
0x01c7,0x01c8,0x01c8,0x01e8,0x01c8,0x01e8,0x01c8,0x01e8,0x01e8,0x01e8,0x01e8,0x01e8,0x01e8,0x01e8,0x01e8,0x01e8,
0x01e8,0x0208,0x01e8,0x0209,0x01e8,0x0208,0x01e8,0x0209,0x01e8,0x0208,0x01e8,0x0209,0x0208,0x0209,0x0208,0x0209,
0x0208,0x0209,0x0208,0x0209,0x0208,0x0209,0x0208,0x0209,0x0208,0x0209,0x0208,0x0209,0x0208,0x0209,0x0208,0x0209,
0x0208,0x0209,0x0208,0x0229,0x0208,0x0229,0x0208,0x0229,0x0208,0x0229,0x0208,0x0229,0x0208,0x0229,0x0208,0x0229,
0x0208,0x0229,0x0229,0x0229,0x0228,0x0229,0x0229,0x0229,0x0229,0x0229,0x0229,0x0229,0x0229,0x0229,0x0229,0x0229,
0x0229,0x0249,0x0229,0x0249,0x0229,0x0a49,0x0229,0x0a49,0x0229,0x0a49,0x0229,0x0a49,0x0229,0x0a49,0x0229,0x0a49,
0x0229,0x0a49,0x0229,0x0a49,0x0229,0x0a49,0x0229,0x0a49,0x0229,0x0a49,0x0229,0x0a49,0x0229,0x0a49,0x0229,0x0a49,
0x0229,0x0a49,0x0229,0x0a49,0x0229,0x0a49,0x0229,0x0a49,0x0229,0x0a49,0x0229,0x0a49,0x0229,0x0229,0x0229,0x0229,
0x0228,0x0229,0x0229,0x0229,0x0228,0x0229,0x0208,0x0229,0x0208,0x0229,0x0208,0x0209,0x0208,0x0209,0x0208,0x0209,
0x0208,0x0208,0x01e8,0x0209,0x01e8,0x0208,0x01e8,0x01e8,0x01e8,0x01e8,0x01c8,0x01c8,0x01c7,0x01c8,0x01c7,0x01c8,
0x01c7,0x01c8,0x01c7,0x01c8,0x01c7,0x01e8,0x01c8,0x01c8,0x01c7,0x01c8,0x01c7,0x01c8,0x01a7,0x01c8,0x01c7,0x01c8,
0x01c7,0x01c8,0x01c8,0x01c8,0x01a7,0x01c8,0x01a7,0x01a7,0x01a7,0x01a7,0x0187,0x01a7,0x01a7,0x01a7,0x01a7,0x01c8,
0x01a7,0x01c8,0x0187,0x0187,0x0186,0x01a7,0x0166,0x0146,0x0125,0x0146,0x0145,0x0166,0x0165,0x0186,0x0166,0x0186,
0x0187,0x0186,0x01a7,0x01a7,0x01c7,0x01a7,0x01c8,0x01c7,0x01c8,0x01a7,0x01c8,0x01a7,0x01c8,0x01a7,0x01c8,0x01a7,
0x01c8,0x01a7,0x01c8,0x01a7,0x01c8,0x01a7,0x01c8,0x01a7,0x01c8,0x01a7,0x01c8,0x01a7,0x01c8,0x01c7,0x01c8,0x01c8,
0x01e8,0x01c8,0x01e8,0x01c8,0x01e8,0x01e8,0x01e8,0x01e8,0x01e8,0x01e8,0x01e8,0x01e8,0x01e8,0x01e8,0x0208,0x01e8,
0x0208,0x01e8,0x0209,0x01e8,0x0209,0x01e8,0x0209,0x01e8,0x0209,0x0208,0x0209,0x0208,0x0209,0x0208,0x0a29,0x0209,
0x0229,0x0208,0x0a09,0x0208,0x0229,0x0208,0x0229,0x0208,0x0229,0x0208,0x0209,0x0208,0x0209,0x0208,0x0209,0x0208,
0x0229,0x0208,0x0229,0x0209,0x0229,0x0208,0x0229,0x0209,0x0229,0x0208,0x0a29,0x0209,0x0229,0x0209,0x0a29,0x0209,
0x0229,0x0209,0x0229,0x0229,0x0229,0x0229,0x0a29,0x0229,0x0a29,0x0229,0x0a29,0x0229,0x0a49,0x0229,0x0a49,0x0229,
0x0249,0x0229,0x0a4a,0x0229,0x0a49,0x0229,0x0a4a,0x0229,0x0a4a,0x0229,0x0a4a,0x0249,0x0a4a,0x0249,0x0a4a,0x0229,
0x0a49,0x0229,0x0a4a,0x0229,0x0a49,0x0229,0x0a4a,0x0229,0x0a49,0x0229,0x0a4a,0x0229,0x0a49,0x0229,0x0a4a,0x0229,
0x0a49,0x0229,0x0a4a,0x0229,0x0a49,0x0229,0x0a4a,0x0229,0x0a49,0x0229,0x0a49,0x0229,0x0a49,0x0229,0x0a29,0x0229,
0x0a29,0x0229,0x0a29,0x0229,0x0a29,0x0229,0x0a29,0x0229,0x0a29,0x0209,0x0a29,0x0209,0x0209,0x0208,0x0a29,0x0209,
0x0a29,0x0208,0x0a09,0x0208,0x0209,0x01e8,0x0209,0x01e8,0x01e8,0x01e8,0x01e9,0x01e8,0x01e8,0x01e8,0x01e8,0x01c8,
0x01e8,0x01c8,0x01e8,0x01c8,0x01e8,0x01c8,0x09e8,0x01c8,0x01c8,0x01c8,0x01e8,0x01c8,0x01c8,0x01c7,0x01c8,0x01c8,
0x01c8,0x01c7,0x01c8,0x01c8,0x01c8,0x01c8,0x01c8,0x01c8,0x01c8,0x01a7,0x01a8,0x01a7,0x01a8,0x01a7,0x01c8,0x01a8,
0x01c8,0x01a7,0x01a8,0x0187,0x0187,0x0187,0x0167,0x0125,0x0126,0x0145,0x0166,0x0145,0x0166,0x0166,0x0166,0x0145,
0x0186,0x0187,0x0186,0x01a7,0x01a7,0x01c7,0x01a7,0x01c7,0x01a7,0x01c7,0x01a7,0x01c7,0x01a7,0x01c7,0x01a7,0x01c7,
0x01a7,0x01c7,0x01a7,0x01c7,0x01a7,0x01c7,0x01a7,0x01c7,0x01a7,0x01c8,0x01a7,0x01c8,0x01a7,0x01c8,0x01a7,0x01c8,
0x01c7,0x01c8,0x01c7,0x01c8,0x01c8,0x01e8,0x01c8,0x01e8,0x01c8,0x01e8,0x01e8,0x01e8,0x01e8,0x01e8,0x01e8,0x01e8,
0x01e8,0x0208,0x01e8,0x0208,0x01e8,0x0209,0x01e8,0x0208,0x01e8,0x0209,0x01e8,0x0209,0x0208,0x0209,0x0208,0x0209,
0x0208,0x0209,0x0208,0x0209,0x0208,0x0209,0x0208,0x0209,0x0208,0x0209,0x0208,0x0209,0x0208,0x0209,0x0208,0x0208,
0x0208,0x0209,0x0208,0x0209,0x0208,0x0209,0x0208,0x0229,0x0208,0x0209,0x0208,0x0229,0x0208,0x0229,0x0208,0x0229,
0x0208,0x0229,0x0208,0x0229,0x0209,0x0229,0x0228,0x0229,0x0229,0x0229,0x0229,0x0229,0x0229,0x0229,0x0229,0x0229,
0x0229,0x0249,0x0228,0x0249,0x0229,0x0a49,0x0229,0x0a49,0x0229,0x0a49,0x0229,0x0a49,0x0229,0x0a49,0x0229,0x0a49,
0x0229,0x0a49,0x0229,0x0a49,0x0229,0x0a49,0x0229,0x0a49,0x0229,0x0a49,0x0229,0x0249,0x0229,0x0a49,0x0229,0x0a49,
0x0229,0x0a49,0x0229,0x0a49,0x0229,0x0a49,0x0229,0x0a49,0x0229,0x0a49,0x0229,0x0a49,0x0229,0x0a29,0x0228,0x0229,
0x0229,0x0a29,0x0228,0x0229,0x0208,0x0a29,0x0208,0x0229,0x0208,0x0229,0x0208,0x0209,0x0208,0x0209,0x0208,0x0209,
0x0208,0x0209,0x01e8,0x0208,0x01e8,0x0208,0x01e8,0x0208,0x01e8,0x0208,0x01e8,0x0208,0x01e8,0x01e8,0x01c8,0x01e8,
0x01c8,0x01e8,0x01c7,0x01e8,0x01c8,0x01e8,0x01c7,0x01e8,0x01c8,0x01e8,0x01c7,0x01c8,0x01c8,0x01c8,0x01c7,0x01c8,
0x01c7,0x01c8,0x01c7,0x01c8,0x01c7,0x01c8,0x01c7,0x01c8,0x01a7,0x01a7,0x01a7,0x01a7,0x01a7,0x01a8,0x01a7,0x01a7,
0x01a7,0x01c8,0x01a7,0x01a7,0x0187,0x0187,0x0166,0x0146,0x0125,0x0125,0x0125,0x0146,0x0145,0x0146,0x0145,0x0145,
0x0187,0x0186,0x01a7,0x01a7,0x01c8,0x01c7,0x01c7,0x01a7,0x01c8,0x01c7,0x01c7,0x01a7,0x01c8,0x01a7,0x01c8,0x01a7,
0x01c8,0x01c7,0x01c8,0x01c7,0x01c8,0x01a7,0x01c8,0x01c7,0x01c8,0x01c7,0x01c8,0x01c7,0x01c8,0x01c8,0x01c8,0x01c7,
0x01c8,0x01c8,0x01c8,0x01c8,0x01e8,0x01c8,0x01e8,0x01e8,0x01e9,0x01e8,0x01e8,0x01e8,0x0209,0x01e8,0x0208,0x01e8,
0x0209,0x01e8,0x0209,0x01e8,0x0209,0x0208,0x0209,0x0208,0x0a09,0x01e8,0x0209,0x0208,0x0209,0x0208,0x0209,0x0208,
0x0229,0x0208,0x0209,0x0208,0x0a09,0x0208,0x0229,0x0208,0x0a29,0x0208,0x0229,0x0208,0x0209,0x0208,0x0209,0x0208,
0x0209,0x0209,0x0229,0x0209,0x0a29,0x0209,0x0229,0x0209,0x0a29,0x0209,0x0229,0x0208,0x0a29,0x0209,0x0229,0x0209,
0x0a29,0x0229,0x0229,0x0229,0x0a29,0x0229,0x0a29,0x0229,0x0a29,0x0229,0x0a49,0x0229,0x0a49,0x0229,0x0249,0x0229,
0x0a4a,0x0229,0x0a49,0x0229,0x0a49,0x0229,0x0a49,0x0229,0x0a4a,0x0249,0x0a49,0x0229,0x0a49,0x0229,0x0a49,0x0229,
0x0a49,0x0229,0x0a49,0x0229,0x0a4a,0x0229,0x0a49,0x0229,0x0a49,0x0229,0x0a49,0x0249,0x0a49,0x0229,0x0a49,0x0229,
0x0a4a,0x0229,0x0a49,0x0229,0x0a49,0x0229,0x0a49,0x0229,0x0a49,0x0229,0x0a49,0x0229,0x0a49,0x0229,0x0a49,0x0229,
0x0a49,0x0229,0x0a49,0x0229,0x0a29,0x0229,0x0a29,0x0229,0x0a29,0x0209,0x0a29,0x0208,0x0a29,0x0208,0x0a09,0x0208,
0x0a09,0x0208,0x0209,0x0208,0x0a09,0x01e8,0x0209,0x01e8,0x0a09,0x01e8,0x0209,0x01e8,0x0a09,0x01e8,0x01e8,0x01e8,
0x01e8,0x01e8,0x01e8,0x01e8,0x01e8,0x01c8,0x01e8,0x01c8,0x01e8,0x01c8,0x01e8,0x01c8,0x01e8,0x01c8,0x01c8,0x01c7,
0x01c8,0x01c8,0x01c8,0x01c7,0x01c8,0x01c8,0x01c8,0x01c7,0x01c8,0x01a7,0x01c8,0x01a7,0x01c8,0x01a7,0x01c8,0x01a7,
0x01c8,0x01a7,0x01c8,0x01a7,0x01a8,0x0187,0x0167,0x0146,0x0146,0x0125,0x0146,0x0125,0x0146,0x0145,0x0146,0x0145,
0x0186,0x01a7,0x01a7,0x01a7,0x01a7,0x01c7,0x01a7,0x01c7,0x01a7,0x01c7,0x01a7,0x01c7,0x01a7,0x01c7,0x01a7,0x01c7,
0x01a7,0x01c7,0x01a7,0x01c7,0x01a7,0x01c7,0x01a7,0x01c8,0x01a7,0x01c8,0x01c7,0x01c8,0x01c7,0x01c8,0x01a7,0x01c8,
0x01c7,0x01c8,0x01c7,0x01c8,0x01c7,0x01e8,0x01c8,0x01e8,0x01c8,0x01e8,0x01e8,0x01e8,0x01e8,0x01e8,0x01e8,0x0208,
0x01e8,0x0208,0x01e8,0x0209,0x01e8,0x0208,0x01e8,0x0209,0x01e8,0x0208,0x01e8,0x0209,0x01e8,0x0208,0x01e8,0x0209,
0x0208,0x0209,0x01e8,0x0209,0x0208,0x0209,0x0208,0x0209,0x0208,0x0209,0x0208,0x0209,0x0208,0x0209,0x0208,0x0209,
0x0208,0x0209,0x0208,0x0229,0x0208,0x0229,0x0208,0x0229,0x0208,0x0209,0x0208,0x0209,0x0208,0x0229,0x0208,0x0229,
0x0208,0x0229,0x0209,0x0229,0x0228,0x0229,0x0229,0x0229,0x0229,0x0229,0x0229,0x0229,0x0229,0x0229,0x0229,0x0249,
0x0229,0x0229,0x0229,0x0a49,0x0229,0x0a49,0x0229,0x0a49,0x0229,0x0a49,0x0229,0x0a49,0x0228,0x0249,0x0229,0x0a49,
0x0229,0x0a49,0x0229,0x0a49,0x0229,0x0249,0x0229,0x0a49,0x0229,0x0249,0x0229,0x0a49,0x0229,0x0a49,0x0229,0x0a49,
0x0229,0x0a49,0x0229,0x0a49,0x0229,0x0a49,0x0229,0x0a49,0x0229,0x0a49,0x0229,0x0a49,0x0229,0x0229,0x0229,0x0a29,
0x0229,0x0a29,0x0229,0x0a29,0x0208,0x0229,0x0208,0x0229,0x0208,0x0229,0x0208,0x0209,0x0208,0x0209,0x0208,0x0209,
0x01e8,0x0209,0x0208,0x0209,0x01e8,0x0208,0x01e8,0x0209,0x01e8,0x0208,0x01e8,0x0208,0x01e8,0x01e8,0x01e8,0x01e8,
0x01e8,0x01e8,0x01c8,0x01e8,0x01c8,0x01e8,0x01c8,0x01e8,0x01c7,0x01c8,0x01c8,0x01c8,0x01c7,0x01c8,0x01a7,0x01c8,
0x01c7,0x01c8,0x01c7,0x01c8,0x01c7,0x01c8,0x01c7,0x01c8,0x01a7,0x01c8,0x01a7,0x01a8,0x01a7,0x01a7,0x01a7,0x01a8,
0x01a7,0x01a7,0x01a7,0x01c8,0x01a7,0x01a7,0x0166,0x0146,0x0145,0x0146,0x0125,0x0125,0x0125,0x0125,0x0125,0x0146,
0x01a7,0x01a7,0x01c7,0x01a7,0x01c7,0x01a7,0x01c8,0x01a7,0x01c7,0x01c7,0x01c8,0x01c7,0x01c7,0x01a7,0x01c8,0x01a7,
0x01c8,0x01a7,0x01c8,0x01a7,0x01c8,0x01a7,0x01c8,0x01c7,0x01c8,0x01c7,0x01c8,0x01c7,0x01c8,0x01c7,0x01c8,0x01c7,
0x01c8,0x01c7,0x01c8,0x01c8,0x01e8,0x01c8,0x01e8,0x01c8,0x01e8,0x01e8,0x01e8,0x01e8,0x01e8,0x01e8,0x0209,0x01e8,
0x0209,0x01e8,0x0209,0x01e8,0x0209,0x01e8,0x0209,0x01e8,0x0209,0x01e8,0x0209,0x01e8,0x0209,0x0208,0x0209,0x0208,
0x0209,0x0208,0x0a09,0x0208,0x0209,0x0208,0x0a09,0x0208,0x0209,0x0208,0x0209,0x0208,0x0209,0x0208,0x0a09,0x0209,
0x0229,0x0209,0x0a29,0x0209,0x0229,0x0209,0x0a29,0x0209,0x0229,0x0208,0x0209,0x0209,0x0229,0x0209,0x0a29,0x0229,
0x0229,0x0229,0x0a29,0x0229,0x0a29,0x0229,0x0a29,0x0229,0x0a29,0x0229,0x0a49,0x0229,0x0a49,0x0229,0x0a49,0x0229,
0x0a49,0x0229,0x0a49,0x0229,0x0a49,0x0229,0x0a49,0x0229,0x0a49,0x0229,0x0a49,0x0229,0x0a49,0x0229,0x0a49,0x0229,
0x0a49,0x0229,0x0a49,0x0229,0x0a49,0x0229,0x0a49,0x0229,0x0a49,0x0229,0x0a4a,0x0229,0x0a49,0x0229,0x0a4a,0x0229,
0x0a4a,0x0229,0x0a4a,0x0229,0x0a49,0x0229,0x0a49,0x0229,0x0a49,0x0229,0x0a49,0x0229,0x0a49,0x0229,0x0a49,0x0229,
0x0a49,0x0229,0x0a49,0x0229,0x0a29,0x0229,0x0a29,0x0229,0x0a29,0x0208,0x0a29,0x0209,0x0229,0x0208,0x0a29,0x0208,
0x0209,0x0208,0x0a09,0x0208,0x0209,0x0208,0x0a09,0x0208,0x0209,0x0208,0x0a09,0x01e8,0x0209,0x01e8,0x0a09,0x01e8,
0x01e8,0x01e8,0x01e8,0x01e8,0x01e8,0x01c8,0x01e8,0x01c8,0x01e8,0x01c8,0x01e8,0x01c8,0x01e8,0x01c8,0x01c8,0x01c8,
0x01c8,0x01c8,0x01c8,0x01c8,0x01c8,0x01c7,0x01c8,0x01c7,0x01c8,0x01a7,0x01c8,0x01a7,0x01c8,0x01a7,0x01c8,0x01a7,
0x01c8,0x01a7,0x01c8,0x01a7,0x01c8,0x01a7,0x0187,0x0166,0x0166,0x0146,0x0146,0x0125,0x0126,0x0125,0x0146,0x0125,
0x01a7,0x01a7,0x01a7,0x01c7,0x01a7,0x01c7,0x01a7,0x01c7,0x01a7,0x01c7,0x01a7,0x01c7,0x01a7,0x01c7,0x01a7,0x01c7,
0x01a7,0x01c7,0x01a7,0x01c7,0x01a7,0x01c8,0x01a7,0x01c8,0x01a7,0x01c8,0x01c7,0x01c8,0x01c7,0x01c8,0x01c7,0x01c8,
0x01a7,0x01c8,0x01c7,0x01e8,0x01c8,0x01e8,0x01c7,0x01e8,0x01c8,0x01e8,0x01e8,0x01e8,0x01e8,0x01e8,0x01e8,0x01e8,
0x01e8,0x0208,0x01e8,0x0208,0x01e8,0x0209,0x01e8,0x0208,0x01e8,0x0209,0x01e8,0x0208,0x01e8,0x0209,0x01e8,0x0208,
0x01e8,0x0209,0x0208,0x0209,0x01e8,0x0209,0x01e8,0x0209,0x01e8,0x0209,0x01e8,0x0208,0x01e8,0x0209,0x01e8,0x0209,
0x0208,0x0209,0x0208,0x0229,0x0209,0x0229,0x0208,0x0209,0x0208,0x0209,0x0208,0x0209,0x0208,0x0229,0x0208,0x0229,
0x0209,0x0229,0x0208,0x0229,0x0229,0x0229,0x0228,0x0229,0x0229,0x0229,0x0229,0x0229,0x0229,0x0229,0x0229,0x0229,
0x0229,0x0a49,0x0228,0x0a49,0x0229,0x0a49,0x0229,0x0a49,0x0229,0x0a49,0x0228,0x0249,0x0229,0x0a49,0x0228,0x0a49,
0x0229,0x0a49,0x0228,0x0249,0x0229,0x0229,0x0229,0x0a29,0x0229,0x0a49,0x0229,0x0a49,0x0229,0x0a49,0x0229,0x0a49,
0x0229,0x0a49,0x0229,0x0a49,0x0229,0x0229,0x0228,0x0249,0x0229,0x0a49,0x0229,0x0249,0x0229,0x0a49,0x0228,0x0a29,
0x0229,0x0a29,0x0228,0x0a29,0x0229,0x0a29,0x0208,0x0229,0x0208,0x0229,0x0208,0x0209,0x0208,0x0209,0x0208,0x0209,
0x0208,0x0209,0x0208,0x0209,0x0208,0x0209,0x01e8,0x0208,0x01e8,0x0209,0x01e8,0x0208,0x01e8,0x0208,0x01e8,0x01e8,
0x01e8,0x01e8,0x01e8,0x01e8,0x01c8,0x01e8,0x01c7,0x01e8,0x01c8,0x01e8,0x01c7,0x01c8,0x01c7,0x01c8,0x01c7,0x01c8,
0x01c7,0x01c8,0x01a7,0x01c8,0x01a7,0x01c8,0x01a7,0x01c8,0x01a7,0x01c8,0x01a7,0x01c8,0x01a7,0x01c8,0x01a7,0x01a7,
0x01a7,0x01a8,0x01a7,0x01a7,0x01a7,0x01a7,0x0187,0x0187,0x0146,0x0146,0x0145,0x0146,0x0125,0x0146,0x0125,0x0125,
0x01c8,0x01a7,0x01c8,0x01a7,0x01c8,0x01c7,0x01c8,0x01c7,0x01c8,0x01c7,0x01c7,0x01c7,0x01c8,0x01c7,0x01c8,0x01a7,
0x01c8,0x01a7,0x01c8,0x01c7,0x01c8,0x01c7,0x01c8,0x01c7,0x01c8,0x01c7,0x01e8,0x01c7,0x01e8,0x01c8,0x01e8,0x01c8,
0x01e8,0x01c8,0x01e8,0x01c8,0x01e8,0x01c8,0x01e8,0x01c8,0x01e8,0x01e8,0x01e8,0x01e8,0x01e8,0x01e8,0x0208,0x01e8,
0x0209,0x01e8,0x0209,0x01e8,0x0209,0x01e8,0x0209,0x01e8,0x0209,0x01e8,0x0209,0x0208,0x0209,0x01e8,0x0209,0x01e8,
0x0209,0x01e8,0x0209,0x0208,0x0209,0x0208,0x0209,0x0208,0x0a09,0x0208,0x0209,0x01e8,0x0209,0x01e8,0x0209,0x0208,
0x0209,0x0208,0x0229,0x0209,0x0a29,0x0209,0x0229,0x0208,0x0229,0x0208,0x0229,0x0208,0x0229,0x0209,0x0229,0x0209,
0x0a29,0x0229,0x0229,0x0209,0x0a29,0x0229,0x0229,0x0229,0x0a29,0x0229,0x0a29,0x0229,0x0a29,0x0229,0x0a49,0x0229,
0x0a4a,0x0229,0x0a49,0x0229,0x0a49,0x0229,0x0a49,0x0229,0x0a49,0x0229,0x0a49,0x0229,0x0a49,0x0229,0x0a49,0x0229,
0x0a49,0x0229,0x0a49,0x0229,0x0a4a,0x0229,0x0a49,0x0229,0x0a4a,0x0229,0x0a4a,0x0249,0x0a4a,0x0229,0x0a49,0x0229,
0x0a4a,0x0229,0x0a49,0x0229,0x0a49,0x0229,0x0a49,0x0229,0x0a49,0x0229,0x0a49,0x0229,0x0a29,0x0229,0x0a49,0x0229,
0x0a29,0x0229,0x0a29,0x0229,0x0a29,0x0229,0x0a29,0x0208,0x0a29,0x0209,0x0229,0x0208,0x0a29,0x0208,0x0a09,0x0208,
0x0a09,0x0208,0x0209,0x0208,0x0a09,0x0208,0x0209,0x0208,0x0a09,0x0208,0x0209,0x01e8,0x0209,0x01e8,0x0209,0x01e8,
0x0a09,0x01e8,0x0209,0x01e8,0x01e8,0x01c8,0x01e8,0x01c8,0x01e8,0x01c8,0x01e8,0x01c8,0x01e8,0x01c8,0x01c8,0x01c7,
0x01c8,0x01c8,0x01c8,0x01c7,0x01c8,0x01c8,0x01c8,0x01a7,0x01c8,0x01a7,0x01c8,0x01a7,0x01c8,0x01a7,0x01c8,0x01a7,
0x01c8,0x01a7,0x01c8,0x01a7,0x01c8,0x01a7,0x01c8,0x0187,0x0187,0x0146,0x0166,0x0146,0x0166,0x0145,0x0146,0x0125,
0x01a7,0x01c7,0x01a7,0x01c7,0x01a7,0x01c7,0x01a7,0x01c7,0x01a7,0x01c7,0x01a7,0x01c7,0x01a7,0x01c7,0x01a7,0x01c7,
0x01a7,0x01c7,0x01a7,0x01c7,0x01a7,0x01c8,0x01c7,0x01c8,0x01c7,0x01c8,0x01c7,0x01e8,0x01c7,0x01c8,0x01c8,0x01e8,
0x01c7,0x01c8,0x01c7,0x01c8,0x01c7,0x01e8,0x01c8,0x01e8,0x01c7,0x01e8,0x01e8,0x01e8,0x01e8,0x01e8,0x01e8,0x01e8,
0x01e8,0x01e8,0x01e8,0x01e8,0x01e8,0x0208,0x01e8,0x0208,0x01e8,0x0208,0x01e8,0x0209,0x01e8,0x0208,0x01e8,0x0209,
0x01e8,0x0208,0x01e8,0x0209,0x01e8,0x0208,0x01e8,0x0209,0x01e8,0x0208,0x01e8,0x0209,0x01e8,0x0209,0x0208,0x0209,
0x0208,0x0209,0x0208,0x0209,0x0208,0x0229,0x0209,0x0229,0x0208,0x0209,0x0208,0x0209,0x0208,0x0209,0x0208,0x0209,
0x0208,0x0229,0x0208,0x0229,0x0208,0x0229,0x0229,0x0229,0x0228,0x0229,0x0229,0x0229,0x0229,0x0229,0x0229,0x0a29,
0x0229,0x0249,0x0229,0x0a49,0x0229,0x0249,0x0229,0x0a49,0x0228,0x0249,0x0229,0x0a49,0x0229,0x0a49,0x0229,0x0a49,
0x0229,0x0a49,0x0229,0x0a49,0x0229,0x0a49,0x0229,0x0a49,0x0229,0x0a49,0x0229,0x0a49,0x0229,0x0a49,0x0229,0x0a49,
0x0229,0x0a49,0x0229,0x0a49,0x0228,0x0249,0x0229,0x0a49,0x0229,0x0229,0x0229,0x0229,0x0229,0x0229,0x0229,0x0a29,
0x0228,0x0229,0x0209,0x0a29,0x0208,0x0229,0x0208,0x0229,0x0208,0x0209,0x0208,0x0209,0x0208,0x0209,0x0208,0x0209,
0x0208,0x0209,0x0208,0x0209,0x0208,0x0208,0x01e8,0x0209,0x01e8,0x0208,0x01e8,0x0208,0x01e8,0x0208,0x01e8,0x0208,
0x01e8,0x01e8,0x01e8,0x01e8,0x01e8,0x01e8,0x01c8,0x01c8,0x01c7,0x01c8,0x01c7,0x01c8,0x01c7,0x01c8,0x01c7,0x01c8,
0x01a7,0x01c8,0x01a7,0x01c8,0x01a7,0x01c8,0x01a7,0x01c8,0x01a7,0x01c8,0x01a7,0x01c8,0x01a7,0x01c8,0x01a7,0x01a8,
0x01a7,0x01a7,0x01a7,0x01a7,0x01a7,0x01a7,0x01a7,0x01a7,0x0166,0x0166,0x0146,0x0166,0x0145,0x0146,0x0125,0x0146,
0x01c8,0x01a7,0x01c8,0x01c7,0x01c8,0x01c7,0x01c8,0x01a7,0x01c7,0x01a7,0x01c8,0x01a7,0x01c7,0x01a7,0x01c8,0x01c7,
0x01c8,0x01c7,0x01c8,0x01c7,0x01c8,0x01c7,0x01c8,0x01c7,0x01e8,0x01c7,0x01e8,0x01e8,0x01e8,0x01e8,0x01e8,0x01e8,
0x01e8,0x01c8,0x01e8,0x01c8,0x01c8,0x01c7,0x01e8,0x01c8,0x01e8,0x01c8,0x01e8,0x01e8,0x01e8,0x01e8,0x0209,0x01e8,
0x0208,0x01e8,0x0209,0x01e8,0x0208,0x01e8,0x0209,0x01e8,0x0209,0x01e8,0x0209,0x01e8,0x0209,0x01e8,0x0209,0x01e8,
0x0209,0x01e8,0x0209,0x01e8,0x0209,0x01e8,0x0209,0x01e8,0x0209,0x01e8,0x0209,0x0208,0x0209,0x0208,0x0209,0x0208,
0x0209,0x0209,0x0a29,0x0209,0x0229,0x0209,0x0a29,0x0209,0x0229,0x0208,0x0229,0x0209,0x0229,0x0208,0x0229,0x0209,
0x0229,0x0208,0x0229,0x0209,0x0229,0x0229,0x0a29,0x0229,0x0a29,0x0229,0x0a29,0x0229,0x0a49,0x0229,0x0a4a,0x0229,
0x0a49,0x0229,0x0a49,0x0229,0x0a49,0x0229,0x0a49,0x0a29,0x0a49,0x0229,0x0a4a,0x0229,0x0a49,0x0229,0x0a4a,0x0229,
0x0a49,0x0229,0x0a4a,0x0229,0x0a49,0x0249,0x0a4a,0x0a49,0x0a4a,0x0249,0x0a4a,0x0a49,0x0a4a,0x0249,0x0a4a,0x0a29,
0x0a49,0x0229,0x0a49,0x0229,0x0a49,0x0229,0x0a49,0x0229,0x0a49,0x0229,0x0a49,0x0229,0x0a49,0x0229,0x0a29,0x0229,
0x0a29,0x0229,0x0a29,0x0229,0x0a29,0x0209,0x0a29,0x0209,0x0229,0x0208,0x0a29,0x0209,0x0a29,0x0208,0x0a29,0x0209,
0x0a29,0x0208,0x0a29,0x0208,0x0209,0x0208,0x0a09,0x0208,0x0209,0x0208,0x0a09,0x01e8,0x0209,0x01e8,0x0209,0x01e8,
0x0209,0x01e8,0x0a09,0x01e8,0x01e8,0x01e8,0x01e8,0x01c8,0x01e8,0x01c8,0x01e8,0x01c8,0x01c8,0x01c7,0x01c8,0x01c8,
0x01c8,0x01c7,0x01c8,0x01c8,0x01c8,0x01c8,0x01c8,0x01a8,0x01c8,0x01a7,0x01c8,0x01a7,0x01c8,0x01a7,0x01c8,0x01a7,
0x01c8,0x01a7,0x01c8,0x01a7,0x01a8,0x01a7,0x01c8,0x01a7,0x01a7,0x0187,0x0187,0x0166,0x0166,0x0146,0x0146,0x0145,
0x01a7,0x01c7,0x01a7,0x01c7,0x01a7,0x01c7,0x01a7,0x01c7,0x01a7,0x01c7,0x01a7,0x01c7,0x01a7,0x01c7,0x01a7,0x01c7,
0x01a7,0x01c7,0x01a7,0x01c7,0x01a7,0x01c8,0x01c7,0x01c8,0x01c7,0x01c8,0x01c7,0x01e8,0x01c7,0x01e8,0x01c7,0x01e8,
0x01c8,0x01e8,0x01c7,0x01c8,0x01c7,0x01c8,0x01c7,0x01c8,0x01c7,0x01c8,0x01c7,0x01e8,0x01e8,0x01e8,0x01e8,0x01e8,
0x01e8,0x01e8,0x01e8,0x01e8,0x01e8,0x01e8,0x01e8,0x01e8,0x01e8,0x0209,0x01e8,0x0208,0x01e8,0x0209,0x01e8,0x0208,
0x01e8,0x0209,0x01e8,0x0208,0x01e8,0x0209,0x01e8,0x0209,0x01e8,0x0209,0x01e8,0x0209,0x0208,0x0209,0x0208,0x0209,
0x0208,0x0209,0x0208,0x0209,0x0208,0x0229,0x0208,0x0229,0x0208,0x0209,0x0208,0x0229,0x0208,0x0229,0x0208,0x0229,
0x0229,0x0229,0x0208,0x0229,0x0229,0x0229,0x0229,0x0229,0x0229,0x0229,0x0229,0x0229,0x0229,0x0a29,0x0229,0x0229,
0x0229,0x0a49,0x0228,0x0a49,0x0229,0x0a49,0x0229,0x0a49,0x0229,0x0a49,0x0229,0x0a49,0x0229,0x0a49,0x0229,0x0a49,
0x0229,0x0a49,0x0229,0x0a49,0x0229,0x0a49,0x0229,0x0a49,0x0229,0x0a49,0x0229,0x0a49,0x0229,0x0a49,0x0229,0x0a49,
0x0229,0x0a49,0x0229,0x0a49,0x0229,0x0a49,0x0229,0x0a49,0x0229,0x0a49,0x0228,0x0a49,0x0229,0x0a29,0x0228,0x0229,
0x0229,0x0229,0x0208,0x0229,0x0209,0x0229,0x0208,0x0229,0x0208,0x0229,0x0208,0x0229,0x0208,0x0229,0x0208,0x0209,
0x0208,0x0a09,0x0208,0x0209,0x0208,0x0209,0x0208,0x0209,0x01e8,0x0209,0x01e8,0x0208,0x01e8,0x0208,0x01e8,0x0208,
0x01e8,0x0208,0x01e8,0x01e8,0x01e8,0x01e8,0x01c7,0x01e8,0x01c8,0x01c8,0x01c7,0x01c8,0x01c7,0x01c8,0x01c7,0x01c8,
0x01a7,0x01c8,0x01c7,0x01c8,0x01a7,0x01c8,0x01a7,0x01c8,0x01a7,0x01c8,0x01a7,0x01c7,0x01a7,0x01a8,0x01a7,0x01c8,
0x01a7,0x01a8,0x01a7,0x01a7,0x01a7,0x01a7,0x01a7,0x01a7,0x01a7,0x01a7,0x0186,0x0187,0x0146,0x0166,0x0145,0x0146,
0x01c8,0x01a7,0x01c8,0x01c7,0x01c7,0x01a7,0x01a7,0x01a7,0x01c8,0x01c7,0x01c7,0x01c7,0x01c8,0x01c7,0x01c7,0x01a7,
0x01c8,0x01c7,0x01c8,0x01c7,0x01c8,0x01c7,0x01e8,0x01c7,0x01e8,0x01c7,0x01e8,0x01c7,0x01e8,0x01c8,0x01e8,0x01c8,
0x01e8,0x01c8,0x01e8,0x01c7,0x01c8,0x01c7,0x01e8,0x01c7,0x01e8,0x01c8,0x01e8,0x01e8,0x01e8,0x01e8,0x01e8,0x01e8,
0x01e8,0x01e8,0x01e8,0x01e8,0x0209,0x01e8,0x0208,0x01e8,0x0209,0x01e8,0x0209,0x01e8,0x0209,0x01e8,0x0209,0x01e8,
0x0209,0x01e8,0x0209,0x01e8,0x0209,0x01e8,0x0209,0x0208,0x0209,0x0208,0x0209,0x0208,0x0a29,0x0208,0x0209,0x0208,
0x0a09,0x0208,0x0229,0x0208,0x0a29,0x0229,0x0229,0x0209,0x0a29,0x0209,0x0229,0x0209,0x0a29,0x0229,0x0a29,0x0229,
0x0a49,0x0229,0x0a29,0x0229,0x0a29,0x0229,0x0a29,0x0229,0x0a29,0x0229,0x0a29,0x0229,0x0a29,0x0229,0x0a49,0x0229,
0x0a49,0x0229,0x0a49,0x0229,0x0a49,0x0229,0x0a49,0x0229,0x0a4a,0x0a49,0x0a4a,0x0249,0x0a4a,0x0a49,0x0a4a,0x0249,
0x0a4a,0x0a49,0x0a4a,0x0249,0x0a4a,0x0a49,0x0a4a,0x0249,0x0a4a,0x0a49,0x0a4a,0x0249,0x0a4a,0x0a49,0x0a4a,0x0249,
0x0a4a,0x0a49,0x0a4a,0x0229,0x0a4a,0x0a49,0x0a49,0x0229,0x0a49,0x0229,0x0a49,0x0229,0x0a49,0x0229,0x0a49,0x0229,
0x0a29,0x0229,0x0a29,0x0228,0x0a29,0x0229,0x0a29,0x0229,0x0a29,0x0209,0x0a29,0x0229,0x0a29,0x0209,0x0a29,0x0208,
0x0a29,0x0209,0x0a29,0x0208,0x0a09,0x0208,0x0209,0x0208,0x0a09,0x0208,0x0209,0x01e8,0x0a09,0x01e8,0x0209,0x01e8,
0x0a09,0x01e8,0x0209,0x01e8,0x01e9,0x01e8,0x01e8,0x01c8,0x01e8,0x01c8,0x01e8,0x01c8,0x01e8,0x01c8,0x01c8,0x01c7,
0x01c8,0x01c8,0x01c8,0x01c7,0x01c8,0x01a8,0x01c8,0x01a7,0x01c8,0x01a7,0x01c8,0x01a7,0x01c8,0x01a7,0x01c8,0x01a7,
0x01c8,0x01a7,0x01c8,0x01a7,0x01c8,0x01a7,0x01a8,0x01a7,0x01c8,0x01a7,0x01a8,0x0187,0x0187,0x0166,0x0167,0x0166,
0x01a7,0x01a7,0x01a7,0x01a7,0x01a6,0x01a7,0x01a6,0x01a7,0x01a6,0x01c7,0x01a7,0x01c8,0x01c7,0x01c7,0x01a7,0x01c7,
0x01c7,0x01c7,0x01a7,0x01c8,0x01a7,0x01c7,0x01c7,0x01c8,0x01c7,0x01e8,0x01c7,0x01e8,0x01c7,0x01e8,0x01c7,0x01c8,
0x01c7,0x01c8,0x01c7,0x01e8,0x01c7,0x01c8,0x01c7,0x01c8,0x01c7,0x01c8,0x01c7,0x01e8,0x01c7,0x01e8,0x01c8,0x01e8,
0x01e7,0x01e8,0x01e8,0x01e8,0x01e8,0x01e8,0x01e8,0x01e8,0x01e8,0x0208,0x01e8,0x0208,0x01e8,0x01e8,0x01e8,0x0208,
0x01e8,0x0208,0x01e8,0x0209,0x01e8,0x0208,0x01e8,0x0209,0x0208,0x0209,0x0208,0x0209,0x0208,0x0209,0x0208,0x0209,
0x0208,0x0209,0x0208,0x0229,0x0208,0x0229,0x0208,0x0229,0x0208,0x0229,0x0208,0x0229,0x0208,0x0229,0x0229,0x0a29,
0x0228,0x0229,0x0229,0x0229,0x0228,0x0229,0x0229,0x0229,0x0228,0x0229,0x0229,0x0229,0x0229,0x0229,0x0229,0x0a29,
0x0228,0x0249,0x0229,0x0a49,0x0229,0x0a49,0x0229,0x0a49,0x0229,0x0a49,0x0229,0x0a49,0x0249,0x0a49,0x0249,0x0a49,
0x0249,0x0a49,0x0229,0x0a49,0x0229,0x0a49,0x0229,0x0a49,0x0229,0x0a49,0x0229,0x0a49,0x0229,0x0a49,0x0229,0x0a49,
0x0229,0x0a49,0x0229,0x0a49,0x0229,0x0a49,0x0229,0x0a49,0x0229,0x0a49,0x0229,0x0a49,0x0228,0x0a49,0x0229,0x0a29,
0x0228,0x0229,0x0229,0x0a29,0x0208,0x0229,0x0208,0x0a29,0x0228,0x0229,0x0208,0x0229,0x0208,0x0229,0x0208,0x0229,
0x0208,0x0209,0x0208,0x0209,0x0208,0x0209,0x01e8,0x0209,0x01e8,0x0208,0x01e8,0x0208,0x01e8,0x0208,0x01e8,0x0208,
0x01e8,0x0208,0x01e8,0x01e8,0x01e8,0x01e8,0x01c8,0x01e8,0x01c7,0x01c8,0x01c7,0x01c8,0x01c7,0x01c8,0x01c7,0x01c8,
0x01c7,0x01c8,0x01c7,0x01c8,0x01a7,0x01c8,0x01a7,0x01c8,0x01a7,0x01c8,0x01a7,0x01c8,0x01a7,0x01c8,0x01a7,0x01c8,
0x01a7,0x01a7,0x01a7,0x01a7,0x01a7,0x01a7,0x01a7,0x01a7,0x01a7,0x01a7,0x01a7,0x01a7,0x0186,0x01a7,0x0186,0x0187,
0x01a7,0x0186,0x01a7,0x0186,0x01a7,0x01a6,0x09c7,0x01a6,0x01c7,0x01a7,0x01c8,0x01c7,0x01c8,0x01c7,0x01c8,0x01c7,
0x01e8,0x01c7,0x01e8,0x01c7,0x01c8,0x01c7,0x01e8,0x01c7,0x01e8,0x01c7,0x01e8,0x01c8,0x01e8,0x01c8,0x01e8,0x01c8,
0x01e8,0x01c7,0x01e8,0x01c8,0x01e8,0x01c7,0x01e8,0x01c8,0x01e8,0x01c7,0x01e8,0x01e8,0x01e8,0x01e8,0x01e8,0x01e8,
0x01e8,0x01e8,0x01e8,0x01e8,0x0208,0x01e8,0x0209,0x01e8,0x0208,0x01e8,0x0209,0x01e8,0x0209,0x01e8,0x0209,0x01e8,
0x0209,0x01e8,0x0209,0x01e8,0x0209,0x01e8,0x0209,0x0208,0x0209,0x0208,0x0209,0x0208,0x0209,0x0208,0x0a09,0x0209,
0x0209,0x0208,0x0229,0x0209,0x0a29,0x0209,0x0a29,0x0209,0x0229,0x0229,0x0a29,0x0229,0x0a29,0x0229,0x0a29,0x0229,
0x0a29,0x0229,0x0a29,0x0229,0x0a49,0x0229,0x0a49,0x0229,0x0a49,0x0229,0x0a49,0x0229,0x0a49,0x0229,0x0a29,0x0229,
0x0a49,0x0229,0x0a4a,0x0249,0x0a49,0x0229,0x0a4a,0x0a49,0x0a4a,0x0249,0x0a4a,0x0a49,0x0a4a,0x0249,0x0a4a,0x0249,
0x0a4a,0x0249,0x0a4a,0x0249,0x0a4a,0x0249,0x0a4a,0x0a49,0x0a4a,0x0249,0x0a4a,0x0249,0x0a49,0x0229,0x0a49,0x0249,
0x0a49,0x0249,0x0a49,0x0249,0x0a49,0x0229,0x0a4a,0x0a29,0x0a49,0x0229,0x0a4a,0x0a29,0x0a49,0x0229,0x0a49,0x0229,
0x0a49,0x0229,0x0a49,0x0229,0x0a29,0x0229,0x0a29,0x0229,0x0a29,0x0229,0x0a29,0x0209,0x0a29,0x0208,0x0a29,0x0209,
0x0a29,0x0208,0x0a29,0x0208,0x0209,0x0208,0x0a09,0x0208,0x0209,0x0208,0x0209,0x01e8,0x0209,0x01e8,0x0a09,0x01e8,
0x0209,0x01e8,0x0a09,0x01e8,0x01e8,0x01e8,0x01e8,0x01e8,0x01e8,0x01c8,0x01e8,0x01c8,0x01e8,0x01c7,0x01c8,0x01c8,
0x01c8,0x01c7,0x01c8,0x01c8,0x01c8,0x01a7,0x01c8,0x01a7,0x01c8,0x01a7,0x01c8,0x01a7,0x01c8,0x01a7,0x01c8,0x01a7,
0x01a8,0x01a7,0x01c8,0x01a7,0x01c8,0x01a7,0x01c8,0x01a7,0x01c8,0x01a7,0x01a8,0x01a7,0x01a8,0x01a7,0x01a7,0x0187,
0x0186,0x0186,0x0185,0x01a6,0x01c6,0x09c6,0x01a6,0x01a6,0x01a6,0x09c6,0x01a6,0x01c7,0x01a7,0x01c8,0x01c7,0x01c7,
0x01c7,0x01e8,0x01c7,0x01c8,0x01c7,0x01c8,0x01c7,0x01c8,0x01c7,0x01e8,0x01c7,0x01e8,0x01c7,0x01c8,0x01c7,0x01e8,
0x01c7,0x01e8,0x01c7,0x01e8,0x01c8,0x01e8,0x01c7,0x01c8,0x01c7,0x01c8,0x01c7,0x01e8,0x01c7,0x01e8,0x01c7,0x01e8,
0x01c8,0x01e8,0x01e8,0x01e8,0x01e8,0x01e8,0x01e8,0x01e8,0x01e8,0x01e8,0x01e8,0x0208,0x01e8,0x0209,0x01e8,0x0208,
0x01e8,0x0209,0x01e8,0x0208,0x01e8,0x0209,0x01e8,0x0208,0x01e8,0x0209,0x01e8,0x0209,0x01e8,0x0209,0x01e8,0x0209,
0x01e8,0x0209,0x0208,0x0209,0x0208,0x0229,0x0208,0x0229,0x0209,0x0229,0x0228,0x0229,0x0229,0x0229,0x0228,0x0229,
0x0229,0x0229,0x0228,0x0229,0x0229,0x0a29,0x0229,0x0249,0x0229,0x0a49,0x0229,0x0a49,0x0229,0x0a49,0x0229,0x0a49,
0x0229,0x0a49,0x0229,0x0a49,0x0229,0x0a49,0x0249,0x0a49,0x0249,0x0a49,0x0229,0x0a49,0x0249,0x0a49,0x0249,0x0a49,
0x0249,0x0a49,0x0249,0x0a49,0x0249,0x0a49,0x0229,0x0a49,0x0229,0x0a49,0x0229,0x0a49,0x0229,0x0a49,0x0229,0x0a49,
0x0229,0x0a49,0x0229,0x0a49,0x0229,0x0a49,0x0229,0x0a49,0x0229,0x0a49,0x0229,0x0a49,0x0229,0x0a49,0x0229,0x0a49,
0x0229,0x0a29,0x0228,0x0a29,0x0229,0x0a29,0x0228,0x0229,0x0208,0x0229,0x0208,0x0229,0x0208,0x0209,0x0208,0x0209,
0x0208,0x0209,0x0208,0x0209,0x0208,0x0209,0x01e8,0x0208,0x01e8,0x0208,0x01e8,0x0208,0x01e8,0x0208,0x01e8,0x0208,
0x01e8,0x01e8,0x01e8,0x01e8,0x01e8,0x01e8,0x01e8,0x01e8,0x01c8,0x01e8,0x01c7,0x01c8,0x01c7,0x01c8,0x01c7,0x01c8,
0x01a7,0x01c8,0x01a7,0x01c8,0x01a7,0x01c8,0x01a7,0x01a8,0x01a7,0x01c8,0x01a7,0x01c7,0x01a7,0x01c8,0x01a7,0x01a8,
0x01a7,0x01a7,0x01a7,0x01a7,0x01a7,0x01a7,0x01a7,0x01a7,0x01a7,0x01a8,0x01a7,0x01a7,0x0187,0x01a7,0x0186,0x0187,
0x0186,0x0186,0x0186,0x0186,0x09a6,0x01c6,0x09c6,0x01a6,0x09e7,0x09c6,0x09e7,0x01a6,0x01a7,0x01a7,0x01e8,0x01c7,
0x01e8,0x01c7,0x01e8,0x01c7,0x01e8,0x01c7,0x01e8,0x01c7,0x01e8,0x01c7,0x01e8,0x01c7,0x01e8,0x01c8,0x01e8,0x01e8,
0x01e8,0x01e8,0x01e8,0x01e8,0x01e8,0x01e8,0x01e8,0x01c8,0x01e8,0x01c8,0x01e8,0x01c8,0x01e8,0x01c8,0x01e8,0x01c8,
0x01e8,0x01e8,0x01e8,0x01e8,0x01e8,0x01e8,0x0208,0x01e8,0x0209,0x01e8,0x0209,0x01e8,0x0209,0x0208,0x0209,0x01e8,
0x0209,0x01e8,0x0209,0x01e8,0x0209,0x01e8,0x0209,0x01e8,0x0209,0x0208,0x0209,0x0208,0x0209,0x0208,0x0209,0x0208,
0x0209,0x0208,0x0209,0x0208,0x0229,0x0209,0x0229,0x0209,0x0a29,0x0229,0x0229,0x0229,0x0a29,0x0229,0x0a29,0x0229,
0x0a29,0x0229,0x0a49,0x0229,0x0a49,0x0229,0x0a49,0x0249,0x0a4a,0x0229,0x0a49,0x0229,0x0a4a,0x0229,0x0a4a,0x0249,
0x0a4a,0x0249,0x0a4a,0x0249,0x0a4a,0x0249,0x0a4a,0x0249,0x0a4a,0x0a49,0x0a4a,0x0a49,0x0a4a,0x0a49,0x0a4a,0x0249,
0x0a4a,0x0249,0x0a4a,0x0249,0x0a4a,0x0249,0x0a4a,0x0249,0x0a4a,0x0229,0x0a49,0x0229,0x0a49,0x0229,0x0a49,0x0229,
0x0a4a,0x0229,0x0a4a,0x0229,0x0a4a,0x0229,0x0a49,0x0229,0x0a4a,0x0a29,0x0a49,0x0229,0x0a49,0x0229,0x0a49,0x0229,
0x0a29,0x0229,0x0a29,0x0229,0x0a29,0x0229,0x0a29,0x0228,0x0a29,0x0229,0x0a29,0x0208,0x0a29,0x0209,0x0a29,0x0208,
0x0a29,0x0208,0x0a09,0x0208,0x0a09,0x01e8,0x0209,0x01e8,0x0209,0x01e8,0x0209,0x01e8,0x0209,0x01e8,0x0209,0x01e8,
0x0a09,0x01e8,0x0209,0x01e8,0x01e8,0x01e8,0x01e8,0x01e8,0x01e8,0x01c8,0x01e8,0x01c8,0x01e8,0x01c8,0x01e8,0x01c8,
0x01c8,0x01c8,0x01c8,0x01c7,0x01c8,0x01a8,0x01c8,0x01a7,0x01c8,0x01a7,0x01c8,0x01a7,0x01c8,0x01a7,0x01c8,0x01a7,
0x01c8,0x01a7,0x01c8,0x01a7,0x01c8,0x01a7,0x01c8,0x01a7,0x01c8,0x01a7,0x01a8,0x01a7,0x01a8,0x01a7,0x01a7,0x01a7,
0x0186,0x0186,0x0165,0x0186,0x0186,0x09c6,0x01c6,0x09c7,0x01c6,0x09c6,0x01a6,0x09c7,0x0186,0x01a6,0x01a7,0x01c8,
0x01c7,0x01c7,0x01c7,0x01c8,0x01c7,0x01c8,0x01c7,0x01c8,0x01c7,0x01c8,0x01c7,0x01c8,0x01c7,0x01c8,0x01c8,0x01e8,
0x01e7,0x01e8,0x01e8,0x01e8,0x01e7,0x01e8,0x01e8,0x01e8,0x01e7,0x01e8,0x01c8,0x01e8,0x01c7,0x01e8,0x01c8,0x01e8,
0x01c7,0x01e8,0x01c7,0x01e8,0x01e7,0x01e8,0x01e8,0x01e8,0x01e8,0x0208,0x01e8,0x0209,0x01e8,0x0208,0x01e8,0x0209,
0x01e8,0x0208,0x01e8,0x0209,0x01e8,0x0209,0x01e8,0x0209,0x01e8,0x0208,0x01e8,0x0209,0x01e8,0x0208,0x01e8,0x0208,
0x01e8,0x0208,0x0208,0x0209,0x0208,0x0209,0x0208,0x0229,0x0208,0x0229,0x0229,0x0a29,0x0228,0x0229,0x0229,0x0a29,
0x0228,0x0a49,0x0229,0x0a49,0x0229,0x0a49,0x0229,0x0a49,0x0229,0x0a49,0x0229,0x0a49,0x0229,0x0a49,0x0229,0x0a49,
0x0229,0x0a49,0x0249,0x0a49,0x0249,0x0249,0x0249,0x0a49,0x0229,0x0a49,0x0229,0x0a49,0x0229,0x0a49,0x0229,0x0a49,
0x0249,0x0a49,0x0229,0x0a49,0x0249,0x0a49,0x0229,0x0a49,0x0229,0x0a49,0x0229,0x0a49,0x0228,0x0a29,0x0229,0x0a29,
0x0229,0x0a49,0x0229,0x0a49,0x0229,0x0229,0x0229,0x0a49,0x0229,0x0a29,0x0229,0x0a49,0x0229,0x0a49,0x0229,0x0a29,
0x0228,0x0229,0x0229,0x0a29,0x0228,0x0229,0x0208,0x0a29,0x0208,0x0229,0x0209,0x0229,0x0208,0x0229,0x0208,0x0209,
0x0208,0x0209,0x0208,0x0209,0x01e8,0x0208,0x01e8,0x0208,0x01e8,0x0208,0x01e8,0x0208,0x01e8,0x01e8,0x01e8,0x01e8,
0x01e8,0x01e8,0x01e8,0x01e8,0x01c8,0x01e8,0x01c8,0x01e8,0x01c8,0x01e8,0x01c8,0x01e8,0x01c7,0x01c8,0x01c7,0x01c8,
0x01c7,0x01c8,0x01c7,0x01c8,0x01a7,0x01c8,0x01a7,0x01c8,0x01a7,0x01c8,0x01a7,0x01c8,0x01a7,0x01c7,0x01a7,0x01a8,
0x01a7,0x01a7,0x01a7,0x01a8,0x01a7,0x01a7,0x01a7,0x01a8,0x01a7,0x01a7,0x01a7,0x01a7,0x01a7,0x01a7,0x01a7,0x01a7,
0x09c7,0x01a6,0x01a6,0x01a6,0x01a6,0x01a6,0x09e7,0x09c6,0x01a6,0x01a6,0x09c7,0x01a6,0x01a6,0x01a6,0x01a7,0x01c7,
0x01e8,0x01c7,0x01c8,0x01c7,0x01c8,0x01c7,0x01c8,0x01c7,0x01e8,0x01c7,0x01e8,0x01c7,0x01e8,0x01c8,0x01e8,0x01e8,
0x01e8,0x01e8,0x01e8,0x01e8,0x01e8,0x01e8,0x01e8,0x01e8,0x01e8,0x01e8,0x01e8,0x01e8,0x01e8,0x01e8,0x01e8,0x01e8,
0x01e8,0x01e8,0x01e8,0x01e8,0x01e8,0x01e8,0x01e9,0x01e8,0x0209,0x01e8,0x0209,0x01e8,0x0209,0x0208,0x0209,0x0208,
0x0209,0x0208,0x0209,0x0208,0x0209,0x0208,0x0209,0x0208,0x0209,0x01e8,0x0209,0x01e8,0x0209,0x01e8,0x0209,0x01e8,
0x0209,0x0208,0x0209,0x0208,0x0209,0x0208,0x0a29,0x0229,0x0a29,0x0229,0x0a29,0x0229,0x0a29,0x0229,0x0a29,0x0229,
0x0a29,0x0229,0x0a49,0x0229,0x0a49,0x0229,0x0a49,0x0229,0x0a49,0x0229,0x0a4a,0x0229,0x0a49,0x0229,0x0a4a,0x0249,
0x0a4a,0x0249,0x0a4a,0x0249,0x0a4a,0x0249,0x0a4a,0x0249,0x0a4a,0x0249,0x0a4a,0x0a49,0x0a4a,0x0249,0x0a4a,0x0249,
0x0a4a,0x0249,0x0a4a,0x0a49,0x0a4a,0x0229,0x0a4a,0x0a29,0x0a49,0x0229,0x0a49,0x0229,0x0a49,0x0229,0x0a4a,0x0229,
0x0a49,0x0229,0x0a4a,0x0229,0x0a49,0x0229,0x0a4a,0x0229,0x0a49,0x0229,0x0a4a,0x0229,0x0a49,0x0229,0x0a49,0x0229,
0x0a49,0x0229,0x0a29,0x0229,0x0a29,0x0229,0x0a29,0x0229,0x0a29,0x0229,0x0a29,0x0229,0x0229,0x0209,0x0a29,0x0209,
0x0229,0x0208,0x0a09,0x0208,0x0209,0x01e8,0x0a09,0x01e8,0x0209,0x01e8,0x0209,0x01e8,0x0209,0x01e8,0x01e9,0x01e8,
0x01e8,0x01e8,0x01e9,0x01e8,0x01e8,0x01e8,0x01e8,0x01e8,0x01e8,0x01e8,0x01e8,0x01e8,0x01e8,0x01c8,0x01e8,0x01c8,
0x01e8,0x01c8,0x01e8,0x01c8,0x01c8,0x01c7,0x01c8,0x01c7,0x01c8,0x01a7,0x01c8,0x01a7,0x01c8,0x01a7,0x01c8,0x01a7,
0x01c8,0x01a7,0x01c8,0x01a7,0x01c8,0x01a7,0x01c8,0x01a7,0x01a8,0x01a7,0x01a8,0x01a7,0x01a8,0x01a7,0x01a8,0x01a7,
0x01a6,0x09c7,0x01a6,0x01a6,0x01a6,0x09e7,0x01c6,0x09c7,0x01a6,0x09c7,0x01a6,0x09c6,0x01a6,0x01c7,0x01a6,0x01c7,
0x01c7,0x01c8,0x01c7,0x01c7,0x01c7,0x01c8,0x01c7,0x01c8,0x01c7,0x01c8,0x01c7,0x01c8,0x01c7,0x01c8,0x01c7,0x01e8,
0x01c8,0x01e8,0x01e7,0x01e8,0x01e8,0x01e8,0x01e8,0x01e8,0x01e8,0x01e8,0x01e8,0x01e8,0x01e8,0x01e8,0x01e8,0x01e8,
0x01e8,0x01e8,0x01e8,0x01e8,0x01e8,0x0209,0x01e8,0x0208,0x01e8,0x0209,0x01e8,0x0209,0x0208,0x0209,0x0208,0x0209,
0x0208,0x0209,0x0208,0x0209,0x01e8,0x0209,0x01e8,0x0208,0x01e8,0x0209,0x01e8,0x0208,0x01e8,0x0209,0x01e8,0x0208,
0x01e8,0x0209,0x0208,0x0209,0x0208,0x0209,0x0208,0x0229,0x0208,0x0229,0x0228,0x0229,0x0229,0x0a29,0x0228,0x0229,
0x0229,0x0a29,0x0228,0x0249,0x0229,0x0a49,0x0229,0x0249,0x0229,0x0a49,0x0229,0x0a49,0x0229,0x0a49,0x0229,0x0a49,
0x0249,0x0a49,0x0249,0x0a49,0x0249,0x0a49,0x0229,0x0a49,0x0229,0x0a49,0x0229,0x0a49,0x0229,0x0a49,0x0229,0x0a49,
0x0249,0x0a49,0x0229,0x0a49,0x0229,0x0a49,0x0229,0x0a49,0x0229,0x0a49,0x0228,0x0a49,0x0229,0x0a29,0x0229,0x0a29,
0x0229,0x0a49,0x0229,0x0229,0x0229,0x0a49,0x0229,0x0a49,0x0229,0x0a29,0x0229,0x0a29,0x0229,0x0a29,0x0228,0x0229,
0x0229,0x0a29,0x0228,0x0a29,0x0229,0x0a29,0x0228,0x0229,0x0208,0x0229,0x0208,0x0229,0x0209,0x0229,0x0208,0x0229,
0x0208,0x0209,0x0208,0x0209,0x01e8,0x0208,0x01e8,0x0208,0x01e8,0x0209,0x01e8,0x0208,0x01e8,0x01e8,0x01e8,0x01e8,
0x01e8,0x01e8,0x01e8,0x01e8,0x01c8,0x01e8,0x01c8,0x01e8,0x01c8,0x01e8,0x01c7,0x01e8,0x01c8,0x01c8,0x01c7,0x01c8,
0x01c8,0x01c8,0x01c7,0x01c8,0x01c7,0x01c8,0x01a7,0x01c8,0x01a7,0x01c8,0x01a7,0x01c7,0x01a7,0x01c8,0x01a7,0x01a7,
0x01a7,0x01a8,0x01a7,0x01a7,0x01a7,0x01a8,0x01a7,0x01a7,0x01a7,0x01a8,0x01a7,0x01a7,0x01a7,0x01a7,0x01a7,0x01a7,
0x01a7,0x01a6,0x09c7,0x01c6,0x09e7,0x09c6,0x09e7,0x09e6,0x09c7,0x09c6,0x09c7,0x01a6,0x09c7,0x01a7,0x09c7,0x01a6,
0x01c7,0x01c7,0x01c8,0x01c7,0x01c8,0x01c7,0x01c8,0x01c7,0x01e8,0x01c7,0x01e8,0x01c7,0x01e8,0x01c8,0x01e8,0x01c8,
0x01e8,0x01e8,0x01e8,0x01e8,0x01e8,0x01e8,0x01e8,0x01e8,0x01e8,0x01e8,0x0208,0x01e8,0x01e8,0x01e8,0x0208,0x01e8,
0x0208,0x01e8,0x0209,0x01e8,0x0209,0x0208,0x0209,0x01e8,0x0209,0x0208,0x0209,0x0208,0x0209,0x0208,0x0209,0x0208,
0x0209,0x0208,0x0209,0x0208,0x0209,0x01e8,0x0209,0x01e8,0x0209,0x01e8,0x0209,0x01e8,0x0209,0x0208,0x0209,0x0208,
0x0a09,0x0208,0x0229,0x0208,0x0a29,0x0208,0x0229,0x0208,0x0a29,0x0229,0x0a49,0x0229,0x0a49,0x0229,0x0a29,0x0229,
0x0a29,0x0229,0x0a29,0x0229,0x0a49,0x0229,0x0a49,0x0229,0x0a49,0x0229,0x0a49,0x0229,0x0a4a,0x0229,0x0a49,0x0249,
0x0a4a,0x0249,0x0a4a,0x0249,0x0a4a,0x0a49,0x0a4a,0x0a49,0x0a4a,0x0a49,0x0a4a,0x0249,0x0a4a,0x0a49,0x0a4a,0x0249,
0x0a4a,0x0a49,0x0a4a,0x0249,0x0a4a,0x0249,0x0a49,0x0229,0x0a4a,0x0229,0x0a49,0x0229,0x0a49,0x0229,0x0a49,0x0229,
0x0a4a,0x0229,0x0a49,0x0229,0x0a4a,0x0229,0x0a49,0x0229,0x0a4a,0x0229,0x0a49,0x0229,0x0a49,0x0229,0x0a49,0x0229,
0x0a29,0x0229,0x0a29,0x0229,0x0a29,0x0229,0x0a29,0x0229,0x0a29,0x0229,0x0229,0x0209,0x0a29,0x0209,0x0229,0x0208,
0x0a29,0x0209,0x0209,0x0208,0x0a09,0x01e8,0x0209,0x0208,0x0a09,0x01e8,0x0209,0x01e8,0x0209,0x01e8,0x01e8,0x01e8,
0x01e8,0x01e8,0x01e8,0x01e8,0x01e8,0x01e8,0x01e8,0x01e8,0x01e8,0x01c8,0x01e8,0x01e8,0x01e8,0x01c8,0x01e8,0x01c8,
0x01e8,0x01c8,0x01e8,0x01c8,0x01c8,0x01c8,0x01c8,0x01c7,0x01c8,0x01a7,0x01c8,0x01a7,0x01c8,0x01a7,0x01c8,0x01a7,
0x01c8,0x01a7,0x01c8,0x01a7,0x01c8,0x01a7,0x01c8,0x01a7,0x01a8,0x01a7,0x01a8,0x01a7,0x01a8,0x01a7,0x01a8,0x01a7,
0x0185,0x01a6,0x01a6,0x09c7,0x01c6,0x09e7,0x01c6,0x09c7,0x01c6,0x09c7,0x01c6,0x09c6,0x01a6,0x01c6,0x01a6,0x01a7,
0x01a6,0x01c8,0x01c7,0x01c8,0x01c7,0x01c7,0x01c7,0x01c8,0x01c7,0x01c8,0x01c7,0x01c8,0x01c7,0x01c8,0x01c7,0x01e8,
0x01c7,0x01e8,0x01e8,0x01e8,0x01c8,0x01e8,0x01c8,0x01e8,0x01e7,0x01e8,0x01e8,0x01e8,0x01e8,0x01e8,0x01e8,0x01e8,
0x01e8,0x01e8,0x01e8,0x0208,0x01e8,0x0208,0x01e8,0x0209,0x01e8,0x0209,0x01e8,0x0209,0x01e8,0x0208,0x01e8,0x0209,
0x01e8,0x0209,0x01e8,0x0209,0x01e8,0x0208,0x01e8,0x0209,0x01e8,0x0208,0x01e8,0x0209,0x01e8,0x0208,0x0208,0x0209,
0x0208,0x0208,0x0208,0x0209,0x0208,0x0229,0x0208,0x0229,0x0228,0x0229,0x0229,0x0229,0x0228,0x0229,0x0229,0x0a29,
0x0228,0x0229,0x0229,0x0a49,0x0229,0x0249,0x0229,0x0a49,0x0229,0x0a49,0x0229,0x0a49,0x0229,0x0a49,0x0229,0x0a49,
0x0249,0x0a49,0x0249,0x0a49,0x0249,0x0a49,0x0229,0x0a49,0x0229,0x0a49,0x0229,0x0a49,0x0229,0x0a49,0x0229,0x0a49,
0x0249,0x0a49,0x0229,0x0a49,0x0229,0x0a49,0x0229,0x0a49,0x0229,0x0249,0x0229,0x0a29,0x0228,0x0229,0x0229,0x0a29,
0x0229,0x0a49,0x0229,0x0a49,0x0229,0x0229,0x0229,0x0a49,0x0229,0x0a29,0x0229,0x0a29,0x0228,0x0a29,0x0229,0x0a29,
0x0228,0x0229,0x0229,0x0a29,0x0228,0x0229,0x0208,0x0229,0x0208,0x0229,0x0209,0x0229,0x0208,0x0209,0x0208,0x0209,
0x0208,0x0209,0x0208,0x0209,0x0208,0x0209,0x01e8,0x0209,0x01e8,0x0208,0x01e8,0x01e8,0x01e8,0x01e8,0x01e8,0x01e8,
0x01e8,0x01e8,0x01c8,0x01e8,0x01c7,0x01e8,0x01c8,0x01e8,0x01c7,0x01e8,0x01c8,0x01e8,0x01c7,0x01c8,0x01c7,0x01c8,
0x01c7,0x01c8,0x01c7,0x01c8,0x01c7,0x01c8,0x01a7,0x01c8,0x01a7,0x01c8,0x01a7,0x01c8,0x01a7,0x01c7,0x01a7,0x01c8,
0x01a7,0x01c8,0x01a7,0x01a8,0x01a7,0x01a7,0x01a7,0x01a8,0x01a7,0x01a7,0x01a7,0x01a7,0x01a7,0x01a7,0x01a7,0x01a7,
0x0186,0x0165,0x01a7,0x01c6,0x09c7,0x01c6,0x09c6,0x01c6,0x09e7,0x09c6,0x09e7,0x01c6,0x09c7,0x01a6,0x01a7,0x01a6,
0x01a7,0x01c7,0x01e8,0x01c7,0x01e8,0x01c7,0x01e8,0x01c7,0x01e8,0x01c7,0x01e8,0x01c7,0x01e8,0x01c8,0x01e8,0x01c8,
0x01e8,0x01e8,0x01e8,0x01e8,0x01e8,0x01e8,0x01e8,0x01e8,0x01e8,0x01e8,0x01e8,0x01e8,0x01e8,0x01e8,0x0208,0x01e8,
0x0208,0x01e8,0x0209,0x01e8,0x0209,0x01e8,0x0209,0x01e8,0x0209,0x01e8,0x0209,0x01e8,0x0209,0x01e8,0x0209,0x01e8,
0x0209,0x01e8,0x0a09,0x0208,0x0209,0x0208,0x0209,0x01e8,0x0209,0x01e8,0x0209,0x0208,0x0209,0x0208,0x0209,0x0208,
0x0209,0x0208,0x0209,0x0208,0x0209,0x0208,0x0a29,0x0229,0x0229,0x0229,0x0a29,0x0229,0x0a29,0x0229,0x0a29,0x0229,
0x0a29,0x0229,0x0a49,0x0229,0x0a49,0x0229,0x0a49,0x0229,0x0a49,0x0249,0x0a4a,0x0229,0x0a49,0x0249,0x0a4a,0x0249,
0x0a4a,0x0249,0x0a4a,0x0a49,0x0a4a,0x0249,0x0a4a,0x0a49,0x0a4a,0x0249,0x0a4a,0x0a49,0x0a4a,0x0249,0x0a4a,0x0249,
0x0a4a,0x0249,0x0a4a,0x0229,0x0a49,0x0229,0x0a49,0x0229,0x0a49,0x0229,0x0a49,0x0229,0x0a49,0x0229,0x0a4a,0x0229,
0x0a49,0x0229,0x0a4a,0x0229,0x0a49,0x0229,0x0a4a,0x0229,0x0a49,0x0229,0x0a4a,0x0229,0x0a29,0x0229,0x0a49,0x0229,
0x0a29,0x0229,0x0a49,0x0229,0x0a29,0x0229,0x0a29,0x0229,0x0a29,0x0229,0x0a29,0x0209,0x0229,0x0209,0x0a29,0x0209,
0x0229,0x0208,0x0a09,0x0208,0x0209,0x0208,0x0a09,0x0208,0x0209,0x01e8,0x01e9,0x01e8,0x01e8,0x01e8,0x01e8,0x01e8,
0x01e8,0x01e8,0x01e8,0x01e8,0x01e8,0x01e8,0x01e8,0x01c8,0x01e8,0x01c8,0x01e8,0x01c8,0x01e8,0x01c8,0x01e8,0x01c8,
0x01e8,0x01c8,0x01e8,0x01c8,0x01c8,0x01c7,0x01c8,0x01c8,0x01c8,0x01a7,0x01c8,0x01a7,0x01c8,0x01a7,0x01c8,0x01a7,
0x01c8,0x01a7,0x01c8,0x01a7,0x01c8,0x01a7,0x01c8,0x01a7,0x01c8,0x01a7,0x01a8,0x01a7,0x01a8,0x01a7,0x01a8,0x01a7,
0x0165,0x0186,0x01a6,0x01c7,0x01c6,0x09c7,0x01c6,0x09e7,0x09c6,0x09e7,0x09c6,0x09c7,0x01c6,0x09c7,0x01a6,0x01a6,
0x0186,0x01c7,0x01c7,0x01c8,0x01c7,0x01c8,0x01c7,0x01c8,0x01c7,0x01c8,0x01c7,0x01c8,0x01c7,0x01c8,0x01c7,0x01e8,
0x01c7,0x01e8,0x01c7,0x01e8,0x01c8,0x01e8,0x01c7,0x01e8,0x01c8,0x01e8,0x01e7,0x01e8,0x01e8,0x01e8,0x01e8,0x01e8,
0x01e8,0x0208,0x01e8,0x0208,0x01e8,0x0209,0x01e8,0x0208,0x01e8,0x0208,0x01e8,0x0208,0x01e8,0x0209,0x01e8,0x0208,
0x01e8,0x0208,0x01e8,0x0208,0x01e8,0x0208,0x01e8,0x0209,0x01e8,0x0209,0x01e8,0x0209,0x0208,0x0209,0x0208,0x0208,
0x0208,0x0209,0x01e8,0x0209,0x0208,0x0229,0x0208,0x0229,0x0229,0x0229,0x0228,0x0229,0x0229,0x0229,0x0228,0x0229,
0x0229,0x0a29,0x0228,0x0229,0x0229,0x0229,0x0229,0x0249,0x0229,0x0a49,0x0229,0x0a49,0x0229,0x0a49,0x0229,0x0a49,
0x0249,0x0a49,0x0229,0x0a49,0x0229,0x0a49,0x0229,0x0a49,0x0229,0x0a49,0x0229,0x0a49,0x0229,0x0a49,0x0229,0x0a49,
0x0249,0x0a49,0x0229,0x0a49,0x0229,0x0a29,0x0229,0x0a29,0x0229,0x0229,0x0228,0x0229,0x0229,0x0a29,0x0229,0x0a29,
0x0229,0x0a49,0x0229,0x0a49,0x0229,0x0a49,0x0229,0x0a49,0x0229,0x0a29,0x0229,0x0a29,0x0229,0x0a29,0x0228,0x0229,
0x0229,0x0a29,0x0228,0x0229,0x0229,0x0a29,0x0228,0x0229,0x0229,0x0229,0x0208,0x0209,0x0208,0x0209,0x0208,0x0209,
0x0208,0x0209,0x0208,0x0209,0x0208,0x0209,0x0208,0x0208,0x01e8,0x01e8,0x01e8,0x01e8,0x01e8,0x01e8,0x01e8,0x01e8,
0x01e8,0x01e8,0x01c8,0x01e8,0x01c8,0x01e8,0x01c7,0x01e8,0x01c8,0x01c8,0x01c7,0x01c8,0x01c7,0x01c8,0x01c7,0x01c8,
0x01c8,0x01c8,0x01c7,0x01c8,0x01c7,0x01c8,0x01a7,0x01c8,0x01a7,0x01c8,0x01a7,0x01c8,0x01a7,0x01c8,0x01a7,0x01c8,
0x01a7,0x01c8,0x01a7,0x01a7,0x01a7,0x01c8,0x01a7,0x01c8,0x01a7,0x01a7,0x01a7,0x01a7,0x01a7,0x01a7,0x01a7,0x01a7,
0x01a6,0x01a6,0x01c7,0x01a6,0x09c7,0x09c6,0x09c7,0x09c7,0x09c7,0x01c6,0x09e7,0x09c7,0x09e7,0x01c6,0x09c7,0x01a6,
0x01a7,0x01a7,0x01c8,0x01c7,0x01e8,0x01c7,0x01c8,0x01c7,0x01e8,0x01c7,0x01e8,0x01c7,0x01e8,0x01c8,0x01e8,0x01c8,
0x01e8,0x01e8,0x01e8,0x01e8,0x01e8,0x01e8,0x01e8,0x01e8,0x01e8,0x01e8,0x01e8,0x01e8,0x01e8,0x01e8,0x01e8,0x01e8,
0x0208,0x01e8,0x0208,0x01e8,0x0209,0x01e8,0x0209,0x0208,0x0a09,0x01e8,0x0209,0x01e8,0x0209,0x01e8,0x0209,0x01e8,
0x0209,0x01e8,0x0209,0x01e8,0x0209,0x01e8,0x0209,0x0208,0x0a09,0x0208,0x0209,0x0208,0x0209,0x0208,0x0209,0x0208,
0x0209,0x0208,0x0229,0x0208,0x0a29,0x0229,0x0a29,0x0229,0x0a29,0x0229,0x0a29,0x0229,0x0a29,0x0229,0x0a29,0x0229,
0x0a29,0x0229,0x0a29,0x0229,0x0a49,0x0229,0x0a49,0x0229,0x0a49,0x0229,0x0a49,0x0229,0x0a4a,0x0249,0x0a4a,0x0249,
0x0a4a,0x0a49,0x0a4a,0x0249,0x0a4a,0x0a49,0x0a4a,0x0249,0x0a4a,0x0249,0x0a4a,0x0249,0x0a4a,0x0249,0x0a4a,0x0249,
0x0a4a,0x0249,0x0a4a,0x0249,0x0a4a,0x0229,0x0a49,0x0229,0x0a49,0x0229,0x0a49,0x0229,0x0a49,0x0229,0x0a4a,0x0229,
0x0a4a,0x0229,0x0a4a,0x0229,0x0a4a,0x0229,0x0a49,0x0229,0x0a4a,0x0229,0x0a49,0x0229,0x0a49,0x0229,0x0a29,0x0229,
0x0a29,0x0229,0x0a29,0x0229,0x0a29,0x0229,0x0a29,0x0229,0x0a29,0x0229,0x0229,0x0208,0x0a29,0x0208,0x0209,0x0208,
0x0209,0x0208,0x0209,0x0208,0x0a09,0x0208,0x0209,0x0208,0x0209,0x01e8,0x0208,0x01e8,0x01e9,0x01e8,0x01e8,0x01e8,
0x01e8,0x01e8,0x01e8,0x01e8,0x01e8,0x01e8,0x01e8,0x01c8,0x01e8,0x01c8,0x01e8,0x01c8,0x01e8,0x01c8,0x01e8,0x01c8,
0x01e8,0x01c8,0x01c8,0x01c8,0x01c8,0x01c8,0x01c8,0x01c7,0x01c8,0x01c8,0x01c8,0x01a7,0x01c8,0x01a7,0x01c8,0x01a7,
0x01c8,0x01a7,0x01c8,0x01a7,0x01c8,0x01a7,0x01c8,0x01a7,0x01c8,0x01a7,0x01a8,0x01a7,0x01a8,0x01a7,0x01a7,0x01a7,
0x01a6,0x01a6,0x01a6,0x01c6,0x01c6,0x09c7,0x01a6,0x01a6,0x01a6,0x09c7,0x01a6,0x09c7,0x01a6,0x09c7,0x01a6,0x01a7,
0x01a6,0x01c7,0x01c7,0x01c8,0x01c7,0x01c7,0x01a7,0x01c7,0x01c7,0x01c8,0x01c7,0x01c8,0x01c7,0x01c8,0x01c7,0x01e8,
0x01c7,0x01e8,0x01e8,0x01e8,0x01c7,0x01e8,0x01c8,0x01e8,0x01c7,0x01e8,0x01c8,0x01e8,0x01c7,0x01e8,0x01e8,0x01e8,
0x01e7,0x01e8,0x01e8,0x0208,0x01e8,0x0208,0x01e8,0x0208,0x01e8,0x0208,0x01e8,0x0208,0x01e8,0x0208,0x01e8,0x0208,
0x01e8,0x0208,0x01e8,0x0208,0x01e8,0x0208,0x01e8,0x0209,0x01e8,0x0208,0x0208,0x0209,0x0208,0x0208,0x0208,0x0209,
0x0208,0x0229,0x0208,0x0229,0x0208,0x0229,0x0229,0x0a29,0x0228,0x0229,0x0229,0x0229,0x0228,0x0229,0x0229,0x0229,
0x0228,0x0229,0x0229,0x0a29,0x0228,0x0229,0x0229,0x0a29,0x0228,0x0a49,0x0229,0x0a49,0x0229,0x0a49,0x0229,0x0a49,
0x0229,0x0a49,0x0229,0x0a49,0x0229,0x0a49,0x0229,0x0a49,0x0249,0x0a49,0x0249,0x0a49,0x0249,0x0a49,0x0249,0x0a4a,
0x0249,0x0a49,0x0229,0x0a49,0x0229,0x0249,0x0229,0x0a29,0x0229,0x0229,0x0229,0x0a29,0x0229,0x0a49,0x0229,0x0a49,
0x0229,0x0a49,0x0229,0x0a49,0x0229,0x0a49,0x0229,0x0a49,0x0229,0x0a49,0x0229,0x0a49,0x0229,0x0229,0x0229,0x0a29,
0x0229,0x0229,0x0229,0x0a29,0x0228,0x0a29,0x0229,0x0a29,0x0208,0x0229,0x0208,0x0209,0x0208,0x0209,0x0208,0x0209,
0x0208,0x0209,0x01e8,0x0209,0x01e8,0x0209,0x01e8,0x0209,0x01e8,0x01e8,0x01e8,0x01e8,0x01e8,0x01e8,0x01e8,0x01e8,
0x01e8,0x01e8,0x01c8,0x01e8,0x01c7,0x01e8,0x01c8,0x01e8,0x01c7,0x01e8,0x01c8,0x01c8,0x01c7,0x01c8,0x01c8,0x01c8,
0x01c7,0x01c8,0x01c7,0x01c8,0x01c7,0x01c8,0x01c7,0x01c8,0x01c7,0x01c8,0x01a7,0x01c8,0x01a7,0x01c8,0x01a7,0x01c8,
0x01a7,0x01c8,0x01a7,0x01c8,0x01a7,0x01c8,0x01a7,0x01a8,0x01a7,0x01a7,0x01a7,0x01a7,0x01a7,0x01a7,0x0187,0x01a7,
0x01c7,0x01a6,0x01c7,0x01c6,0x09e7,0x01a6,0x09a7,0x01a6,0x09c7,0x01c6,0x09c7,0x01c7,0x09c7,0x01a6,0x01a7,0x01a6,
0x01a7,0x01a7,0x01c8,0x01c7,0x01c8,0x01c7,0x01c8,0x01c7,0x01c8,0x01c7,0x01c8,0x01c7,0x01e8,0x01c8,0x01e8,0x01c8,
0x01e8,0x01e8,0x01e8,0x01e8,0x01e8,0x01e8,0x01e8,0x01e8,0x01e8,0x01e8,0x01e8,0x01e8,0x01e8,0x01e8,0x01e8,0x01e8,
0x01e8,0x01e8,0x0208,0x01e8,0x0208,0x01e8,0x0208,0x01e8,0x0208,0x01e8,0x0209,0x01e8,0x0209,0x01e8,0x0209,0x01e8,
0x0209,0x01e8,0x0209,0x01e8,0x0209,0x0208,0x0209,0x0208,0x0209,0x0208,0x0209,0x0208,0x0229,0x0208,0x0a29,0x0208,
0x0229,0x0208,0x0a29,0x0229,0x0a29,0x0229,0x0a29,0x0229,0x0a29,0x0229,0x0a29,0x0229,0x0a29,0x0229,0x0a29,0x0229,
0x0a29,0x0229,0x0a49,0x0229,0x0a49,0x0229,0x0a49,0x0229,0x0a49,0x0229,0x0a4a,0x0229,0x0a49,0x0249,0x0a4a,0x0a49,
0x0a4a,0x0249,0x0a4a,0x0a49,0x0a4a,0x0249,0x0a4a,0x0a49,0x0a4a,0x0249,0x0a4a,0x0a49,0x0a4a,0x0249,0x0a4a,0x0249,
0x0a49,0x0229,0x0a49,0x0229,0x0249,0x0229,0x0a49,0x0229,0x0a49,0x0229,0x0a4a,0x0229,0x0a49,0x0229,0x0a4a,0x0229,
0x0a49,0x0229,0x0a4a,0x0229,0x0a4a,0x0229,0x0a4a,0x0229,0x0a4a,0x0229,0x0a4a,0x0229,0x0a49,0x0229,0x0a49,0x0229,
0x0a49,0x0229,0x0a29,0x0229,0x0a29,0x0229,0x0a29,0x0229,0x0a29,0x0208,0x0a29,0x0209,0x0229,0x0208,0x0a29,0x0209,
0x0229,0x0208,0x0a09,0x0208,0x0209,0x0208,0x0209,0x01e8,0x0209,0x01e8,0x0209,0x01e8,0x0209,0x01e8,0x01e9,0x01e8,
0x01e8,0x01e8,0x01e8,0x01e8,0x01e8,0x01e8,0x01e8,0x01c8,0x01e8,0x01c8,0x01e8,0x01c8,0x01e8,0x01c8,0x01e8,0x01c8,
0x01c8,0x01c8,0x01c8,0x01c8,0x01c8,0x01c8,0x01c8,0x01c8,0x01c8,0x01c7,0x01c8,0x01a7,0x01c8,0x01a7,0x01c8,0x01a7,
0x01c8,0x01a7,0x01c8,0x01a7,0x01c8,0x01a7,0x01c8,0x01a7,0x01c8,0x01a7,0x01c8,0x01a7,0x01a8,0x01a7,0x01a8,0x01a7,
0x01a6,0x01c7,0x01c6,0x01c7,0x01a6,0x01a6,0x0186,0x01a6,0x01a6,0x09c7,0x01c6,0x09c7,0x01a6,0x01a7,0x0186,0x01a7,
0x0186,0x01c7,0x01c7,0x01c7,0x01c7,0x01c8,0x01c7,0x01c7,0x01a7,0x01c7,0x01c7,0x01c8,0x01c7,0x01e8,0x01c7,0x01e8,
0x01c8,0x01e8,0x01c7,0x01e8,0x01c8,0x01e8,0x01c7,0x01e8,0x01c7,0x01e8,0x01c7,0x01e8,0x01c7,0x01e8,0x01c7,0x01e8,
0x01e8,0x01e8,0x01e8,0x0208,0x01e8,0x0208,0x01e8,0x0208,0x01e8,0x0208,0x01e8,0x0208,0x01e8,0x0209,0x01e8,0x0208,
0x01e8,0x0209,0x01e8,0x0208,0x01e8,0x0209,0x01e8,0x0208,0x01e8,0x0208,0x01e8,0x0208,0x0208,0x0209,0x0208,0x0229,
0x0208,0x0229,0x0208,0x0229,0x0208,0x0229,0x0228,0x0229,0x0229,0x0229,0x0228,0x0229,0x0229,0x0229,0x0228,0x0229,
0x0229,0x0a29,0x0228,0x0229,0x0229,0x0a49,0x0229,0x0229,0x0229,0x0a49,0x0229,0x0a49,0x0229,0x0a49,0x0229,0x0a49,
0x0229,0x0a49,0x0229,0x0a49,0x0229,0x0a49,0x0229,0x0a49,0x0229,0x0a49,0x0229,0x0a49,0x0229,0x0a49,0x0229,0x0a49,
0x0229,0x0a49,0x0229,0x0249,0x0229,0x0249,0x0229,0x0a49,0x0229,0x0a29,0x0229,0x0229,0x0229,0x0a29,0x0229,0x0a49,
0x0229,0x0a49,0x0229,0x0a49,0x0229,0x0a49,0x0229,0x0a49,0x0229,0x0a49,0x0229,0x0229,0x0229,0x0a29,0x0229,0x0a29,
0x0229,0x0a29,0x0228,0x0a29,0x0229,0x0a29,0x0228,0x0229,0x0208,0x0229,0x0208,0x0209,0x0208,0x0209,0x0208,0x0209,
0x0208,0x0209,0x0208,0x0209,0x01e8,0x0209,0x01e8,0x0208,0x01e8,0x01e8,0x01e8,0x01e8,0x01e8,0x01e8,0x01e8,0x01e8,
0x01e8,0x01e8,0x01e8,0x01e8,0x01c8,0x01e8,0x01c7,0x01e8,0x01c8,0x01e8,0x01c7,0x01c8,0x01c7,0x01c8,0x01c7,0x01c8,
0x01c8,0x01c8,0x01c7,0x01c8,0x01c7,0x01c8,0x01c7,0x01c8,0x01a7,0x01c8,0x01a7,0x01c8,0x01a7,0x01c8,0x01a7,0x01c8,
0x01a7,0x01c8,0x01a7,0x01c8,0x01a7,0x01c8,0x01a7,0x01c8,0x01a7,0x01c8,0x01a7,0x01a7,0x01a7,0x01a7,0x01a7,0x01a7,
0x01a7,0x0186,0x01c7,0x01a6,0x01c7,0x01a6,0x09c7,0x01c7,0x09c7,0x09c7,0x09e7,0x01c7,0x09c7,0x01a6,0x01a7,0x0186,
0x01a7,0x01a7,0x01c8,0x01c7,0x01c8,0x01c7,0x01c8,0x01c7,0x01c8,0x01c7,0x01c8,0x01c7,0x01e8,0x01c8,0x01e8,0x01c8,
0x01e8,0x01e8,0x01e8,0x01e8,0x01e8,0x01e8,0x01e8,0x01e8,0x01e8,0x01c8,0x01e8,0x01e8,0x01e8,0x01e8,0x01e8,0x01e8,
0x01e8,0x01e8,0x0208,0x01e8,0x0209,0x0208,0x0208,0x0208,0x0209,0x01e8,0x0209,0x01e8,0x0a09,0x01e8,0x0209,0x01e8,
0x0209,0x01e8,0x0209,0x01e8,0x0a09,0x0208,0x0209,0x0208,0x0209,0x0208,0x0209,0x0208,0x0209,0x0208,0x0229,0x0208,
0x0a29,0x0229,0x0229,0x0229,0x0a29,0x0229,0x0a29,0x0229,0x0a29,0x0229,0x0a29,0x0229,0x0a49,0x0229,0x0a49,0x0229,
0x0a49,0x0229,0x0a49,0x0229,0x0a49,0x0229,0x0a49,0x0229,0x0a49,0x0229,0x0a49,0x0229,0x0a4a,0x0229,0x0a4a,0x0249,
0x0a4a,0x0a49,0x0a4a,0x0249,0x0a4a,0x0a49,0x0a4a,0x0249,0x0a4a,0x0a49,0x0a4a,0x0249,0x0a4a,0x0a49,0x0a4a,0x0249,
0x0a4a,0x0249,0x0a4a,0x0249,0x0a4a,0x0249,0x0a4a,0x0229,0x0a4a,0x0a49,0x0a49,0x0229,0x0a29,0x0229,0x0a49,0x0229,
0x0a4a,0x0229,0x0a4a,0x0229,0x0a4a,0x0229,0x0a49,0x0229,0x0a4a,0x0229,0x0a49,0x0229,0x0a49,0x0229,0x0a49,0x0229,
0x0a49,0x0229,0x0a29,0x0229,0x0a29,0x0229,0x0a29,0x0229,0x0a29,0x0209,0x0229,0x0208,0x0a29,0x0209,0x0229,0x0208,
0x0a29,0x0209,0x0209,0x0208,0x0209,0x0208,0x0209,0x0208,0x0209,0x01e8,0x0208,0x01e8,0x0209,0x01e8,0x01e8,0x01e8,
0x01e8,0x01e8,0x01e8,0x01e8,0x01e8,0x01e8,0x01e8,0x01c8,0x01e8,0x01c8,0x01e8,0x01c8,0x01c8,0x01c8,0x01c8,0x01c7,
0x01c8,0x01c8,0x01c8,0x01a7,0x01c8,0x01c8,0x01c8,0x01c7,0x01c8,0x01c7,0x01c8,0x01c7,0x01c8,0x01a7,0x01c8,0x01a7,
0x01c8,0x01a7,0x01c8,0x01a7,0x01c8,0x01a7,0x01c8,0x01a7,0x01c8,0x01a7,0x01c8,0x01a7,0x01a8,0x01a7,0x01a8,0x01a7,
0x0165,0x0186,0x01a6,0x01c7,0x01a6,0x01a7,0x01a6,0x01c7,0x01a6,0x01a7,0x01c7,0x09c7,0x01a7,0x0186,0x0186,0x01a7,
0x0186,0x01c7,0x01c7,0x01c8,0x01c7,0x01c8,0x01c7,0x01c8,0x01c7,0x01c8,0x01c7,0x01c8,0x01c7,0x01c8,0x01c7,0x01e8,
0x01c7,0x01e8,0x01c8,0x01e8,0x01c7,0x01e8,0x01c8,0x01e8,0x01c7,0x01e8,0x01c7,0x01e8,0x01c7,0x01e8,0x01e8,0x01e8,
0x01e7,0x01e8,0x01e8,0x0208,0x01e8,0x0208,0x01e8,0x0208,0x01e8,0x0208,0x01e8,0x0208,0x01e8,0x0208,0x01e8,0x0208,
0x01e8,0x0208,0x01e8,0x0208,0x01e8,0x0208,0x01e8,0x0209,0x0208,0x0208,0x0208,0x0209,0x0208,0x0209,0x0208,0x0209,
0x0208,0x0229,0x0208,0x0229,0x0208,0x0229,0x0229,0x0229,0x0228,0x0229,0x0229,0x0a29,0x0228,0x0229,0x0229,0x0a29,
0x0228,0x0229,0x0229,0x0a49,0x0228,0x0249,0x0229,0x0a49,0x0228,0x0a49,0x0229,0x0a49,0x0229,0x0a49,0x0229,0x0a49,
0x0229,0x0a49,0x0229,0x0a49,0x0229,0x0a49,0x0229,0x0a49,0x0229,0x0a49,0x0229,0x0a49,0x0229,0x0a49,0x0229,0x0a49,
0x0249,0x0a49,0x0249,0x0a49,0x0249,0x0a49,0x0229,0x0a49,0x0229,0x0a49,0x0229,0x0a49,0x0228,0x0229,0x0229,0x0a29,
0x0229,0x0a49,0x0229,0x0a49,0x0229,0x0249,0x0229,0x0a29,0x0229,0x0a49,0x0229,0x0a49,0x0228,0x0a29,0x0229,0x0a29,
0x0229,0x0229,0x0229,0x0a29,0x0228,0x0a29,0x0229,0x0229,0x0208,0x0229,0x0208,0x0229,0x0208,0x0229,0x0208,0x0229,
0x0208,0x0209,0x0208,0x0209,0x0208,0x0209,0x0208,0x0209,0x01e8,0x0208,0x01e8,0x0208,0x01e8,0x01e8,0x01e8,0x01e8,
0x01e8,0x01e8,0x01c8,0x01e8,0x01c7,0x01e8,0x01c8,0x01e8,0x01c7,0x01c8,0x01c7,0x01c8,0x01c7,0x01c8,0x01a7,0x01c8,
0x01a7,0x01c8,0x01a7,0x01c8,0x01a7,0x01c8,0x01a7,0x01c8,0x01a7,0x01c8,0x01a7,0x01c8,0x01a7,0x01c8,0x01a7,0x01c8,
0x01a7,0x01c8,0x01a7,0x01c8,0x01a7,0x01c8,0x01a7,0x01c8,0x01a7,0x01c7,0x01a7,0x01a8,0x01a7,0x01a7,0x01a7,0x01a7,
0x0166,0x0166,0x0186,0x01a6,0x01c7,0x01a6,0x01c7,0x01a7,0x01c7,0x01a6,0x09a7,0x01a7,0x01a7,0x0186,0x01a7,0x0186,
0x01a7,0x01c7,0x01e8,0x01c7,0x01e8,0x01c7,0x01e8,0x01c7,0x01e8,0x01c7,0x01e8,0x01c7,0x01e8,0x01c8,0x01e8,0x01c8,
0x01e8,0x01e8,0x01e8,0x01e8,0x01e8,0x01e8,0x01e8,0x01e8,0x01e8,0x01c8,0x01e8,0x01c8,0x01e8,0x01e8,0x01e8,0x01e8,
0x01e8,0x01e8,0x0208,0x01e8,0x0208,0x01e8,0x0209,0x0208,0x0208,0x01e8,0x0209,0x01e8,0x0209,0x01e8,0x0209,0x0208,
0x0209,0x0208,0x0a09,0x0208,0x0209,0x0208,0x0a09,0x0208,0x0209,0x0208,0x0209,0x0208,0x0229,0x0208,0x0a29,0x0209,
0x0a29,0x0228,0x0a29,0x0229,0x0229,0x0229,0x0a29,0x0229,0x0a29,0x0229,0x0a29,0x0229,0x0a29,0x0229,0x0a49,0x0229,
0x0a49,0x0229,0x0a49,0x0229,0x0a49,0x0229,0x0a49,0x0229,0x0a49,0x0229,0x0a4a,0x0229,0x0a4a,0x0249,0x0a4a,0x0a49,
0x0a4a,0x0249,0x0a4a,0x0a49,0x0a4a,0x0249,0x0a4a,0x0a29,0x0a4a,0x0229,0x0a4a,0x0229,0x0a49,0x0229,0x0a4a,0x0249,
0x0a4a,0x0249,0x0a4a,0x0249,0x0a6a,0x0249,0x0a4a,0x0a49,0x0a4a,0x0249,0x0a4a,0x0229,0x0a49,0x0229,0x0a4a,0x0229,
0x0a49,0x0229,0x0a4a,0x0229,0x0a49,0x0229,0x0a4a,0x0229,0x0a49,0x0229,0x0a4a,0x0229,0x0a49,0x0229,0x0a49,0x0229,
0x0a49,0x0229,0x0a49,0x0229,0x0a29,0x0229,0x0a29,0x0229,0x0a29,0x0208,0x0a29,0x0228,0x0a29,0x0228,0x0a29,0x0209,
0x0a29,0x0208,0x0a29,0x0209,0x0229,0x0208,0x0209,0x0208,0x0209,0x01e8,0x0209,0x01e8,0x0209,0x01e8,0x0209,0x01e8,
0x01e8,0x01e8,0x01e8,0x01e8,0x01e8,0x01e8,0x01e8,0x01c8,0x01e8,0x01c8,0x01e8,0x01c8,0x01e8,0x01c8,0x01c8,0x01c8,
0x01c8,0x01c7,0x01c8,0x01c7,0x01c8,0x01c7,0x01c8,0x01c8,0x01c8,0x01c7,0x01c8,0x01a7,0x01c8,0x01a7,0x01c8,0x01a7,
0x01c8,0x01a7,0x01c8,0x01a7,0x01c8,0x01a7,0x01c8,0x01a7,0x01c8,0x01a7,0x01c8,0x01a7,0x01a8,0x01a7,0x01a8,0x01a7,
0x0166,0x0166,0x0145,0x0166,0x01a6,0x01c7,0x0186,0x01a7,0x0186,0x0186,0x0165,0x0186,0x0186,0x0186,0x0186,0x01a7,
0x01c7,0x01e8,0x01c7,0x01e7,0x01c7,0x01e8,0x01c7,0x01e8,0x01c7,0x01c8,0x01c7,0x01e8,0x01c8,0x01e8,0x01c7,0x01e8,
0x01e8,0x01e8,0x01c7,0x01e8,0x01c8,0x01e8,0x01c7,0x01e8,0x01c7,0x01e8,0x01c7,0x01e8,0x01c7,0x01e8,0x01c7,0x01e8,
0x01e8,0x01e8,0x01e8,0x0208,0x01e8,0x0208,0x01e8,0x0208,0x01e8,0x0208,0x01e8,0x0208,0x01e8,0x0208,0x01e8,0x0208,
0x01e8,0x0209,0x01e8,0x0208,0x01e8,0x0209,0x0208,0x0208,0x0208,0x0209,0x0208,0x0209,0x0208,0x0229,0x0208,0x0229,
0x0208,0x0229,0x0208,0x0229,0x0208,0x0229,0x0208,0x0229,0x0228,0x0229,0x0228,0x0229,0x0229,0x0a29,0x0228,0x0229,
0x0229,0x0a49,0x0229,0x0249,0x0229,0x0a49,0x0229,0x0a49,0x0229,0x0a49,0x0229,0x0a49,0x0229,0x0a49,0x0229,0x0a49,
0x0249,0x0a49,0x0249,0x0a49,0x0249,0x0a49,0x0229,0x0249,0x0229,0x0a49,0x0229,0x0a49,0x0229,0x0a49,0x0229,0x0249,
0x0229,0x0a49,0x0249,0x0a49,0x0249,0x0a49,0x0249,0x0a49,0x0229,0x0a49,0x0229,0x0a49,0x0229,0x0a49,0x0229,0x0a49,
0x0229,0x0a49,0x0229,0x0249,0x0229,0x0a49,0x0229,0x0a49,0x0229,0x0a49,0x0229,0x0249,0x0229,0x0a49,0x0228,0x0229,
0x0229,0x0a29,0x0228,0x0229,0x0229,0x0a29,0x0228,0x0229,0x0208,0x0a29,0x0208,0x0229,0x0208,0x0229,0x0208,0x0229,
0x0208,0x0209,0x0208,0x0209,0x0208,0x0209,0x0208,0x0209,0x0208,0x0209,0x01e8,0x0208,0x01e8,0x0208,0x01e8,0x01e8,
0x01e8,0x01e8,0x01c8,0x01e8,0x01c8,0x01e8,0x01c7,0x01e8,0x01c8,0x01e8,0x01c7,0x01e8,0x01c8,0x01c8,0x01c7,0x01c8,
0x01a7,0x01c8,0x01a7,0x01c7,0x01a7,0x01c8,0x01a7,0x01c8,0x01a7,0x01c8,0x01a7,0x01c8,0x01a7,0x01c8,0x01a7,0x01c8,
0x01a7,0x01c8,0x01a7,0x01c7,0x01a7,0x01c8,0x01a7,0x01c8,0x01a7,0x01c8,0x01a7,0x01a7,0x01a7,0x01a7,0x01a7,0x01a7,
0x0166,0x0166,0x0166,0x0166,0x01a7,0x01a7,0x0186,0x0166,0x0166,0x0146,0x0166,0x0186,0x0187,0x0166,0x01a7,0x01c7,
0x01e8,0x01c7,0x01e8,0x01c7,0x01e8,0x01c7,0x01e8,0x01c7,0x01e8,0x01c7,0x01e8,0x01c8,0x01e8,0x01c8,0x01e8,0x01e8,
0x01e8,0x01e8,0x01e8,0x01e8,0x01e8,0x01e8,0x01e8,0x01e8,0x01e8,0x01c8,0x01e8,0x01c7,0x01e8,0x01e8,0x01e8,0x01e8,
0x01e8,0x01e8,0x0208,0x01e8,0x0209,0x01e8,0x0208,0x01e8,0x0208,0x01e8,0x0208,0x01e8,0x0208,0x01e8,0x0208,0x01e8,
0x0209,0x01e8,0x0209,0x0208,0x0209,0x0208,0x0209,0x0208,0x0209,0x0208,0x0229,0x0208,0x0a29,0x0209,0x0229,0x0208,
0x0a29,0x0229,0x0229,0x0208,0x0a29,0x0229,0x0229,0x0228,0x0a29,0x0229,0x0a29,0x0229,0x0a29,0x0229,0x0a29,0x0229,
0x0a49,0x0229,0x0a49,0x0229,0x0a49,0x0229,0x0a49,0x0229,0x0a4a,0x0249,0x0a4a,0x0249,0x0a4a,0x0249,0x0a4a,0x0249,
0x0a4a,0x0249,0x0a4a,0x0249,0x0a4a,0x0229,0x0a49,0x0229,0x0a49,0x0229,0x0a49,0x0229,0x0a49,0x0229,0x0a49,0x0249,
0x0a4a,0x0249,0x0a4a,0x0249,0x0a4a,0x0249,0x0a4a,0x0249,0x0a4a,0x0a49,0x0a4a,0x0229,0x0a4a,0x0229,0x0a49,0x0229,
0x0a49,0x0229,0x0a49,0x0229,0x0a49,0x0229,0x0a49,0x0229,0x0a49,0x0229,0x0a49,0x0229,0x0a49,0x0229,0x0a49,0x0229,
0x0a29,0x0229,0x0a29,0x0229,0x0a29,0x0229,0x0a29,0x0229,0x0a29,0x0229,0x0a29,0x0229,0x0a29,0x0229,0x0a29,0x0229,
0x0a29,0x0209,0x0229,0x0208,0x0a09,0x0208,0x0229,0x0208,0x0a09,0x0208,0x0209,0x01e8,0x0209,0x01e8,0x0209,0x01e8,
0x01e8,0x01e8,0x01e8,0x01e8,0x01e8,0x01e8,0x01e8,0x01e8,0x01e8,0x01c8,0x01e8,0x01c8,0x01e8,0x01c8,0x01c8,0x01c8,
0x01c8,0x01c7,0x01c8,0x01a7,0x01c8,0x01c7,0x01c8,0x01c7,0x01c8,0x01c8,0x01c8,0x01c7,0x01c8,0x01a7,0x01c8,0x01a7,
0x01c8,0x01a7,0x01c8,0x01a7,0x01c8,0x01a7,0x01c8,0x01a7,0x01c8,0x01a7,0x01c8,0x01a7,0x01a8,0x01a7,0x01a8,0x01a7,
0x0145,0x0166,0x0145,0x0146,0x0165,0x0166,0x0145,0x0166,0x0145,0x0146,0x0125,0x0166,0x0166,0x0186,0x01a7,0x01c8,
0x01c7,0x01c7,0x01a7,0x01c7,0x01c7,0x01e8,0x01c7,0x01e8,0x01c7,0x01e8,0x01c7,0x01e8,0x01e7,0x01e8,0x01e8,0x01e8,
0x01c7,0x01e8,0x01c7,0x01e8,0x01c7,0x01e8,0x01c8,0x01e8,0x01c7,0x01e8,0x01c7,0x01e8,0x01c7,0x01e8,0x01c8,0x01e8,
0x01e7,0x01e8,0x01e8,0x01e8,0x01e8,0x0208,0x01e8,0x0208,0x01e8,0x0208,0x01e8,0x0208,0x01e8,0x0208,0x01e8,0x0208,
0x01e8,0x0208,0x01e8,0x0209,0x0208,0x0208,0x0208,0x0209,0x0208,0x0209,0x0208,0x0229,0x0208,0x0229,0x0208,0x0229,
0x0208,0x0229,0x0208,0x0229,0x0208,0x0229,0x0208,0x0229,0x0208,0x0229,0x0229,0x0229,0x0228,0x0229,0x0229,0x0229,
0x0228,0x0249,0x0229,0x0a49,0x0229,0x0a49,0x0229,0x0a49,0x0229,0x0a49,0x0229,0x0a49,0x0249,0x0a49,0x0249,0x0a49,
0x0249,0x0a49,0x0229,0x0a49,0x0229,0x0249,0x0229,0x0a29,0x0229,0x0249,0x0229,0x0a49,0x0229,0x0a49,0x0229,0x0a49,
0x0249,0x0a49,0x0249,0x0a49,0x0249,0x0a49,0x0249,0x0a49,0x0229,0x0a49,0x0229,0x0a49,0x0229,0x0a49,0x0229,0x0a49,
0x0229,0x0a49,0x0229,0x0a49,0x0228,0x0249,0x0229,0x0a49,0x0228,0x0249,0x0229,0x0a49,0x0228,0x0229,0x0229,0x0a29,
0x0228,0x0229,0x0208,0x0229,0x0208,0x0229,0x0208,0x0229,0x0208,0x0229,0x0208,0x0229,0x0208,0x0229,0x0208,0x0229,
0x0208,0x0209,0x0208,0x0209,0x0208,0x0209,0x0208,0x0209,0x01e8,0x0208,0x01e8,0x0208,0x01e8,0x0208,0x01e8,0x01e8,
0x01e8,0x01e8,0x01e8,0x01e8,0x01c8,0x01e8,0x01c8,0x01e8,0x01c8,0x01e8,0x01c8,0x01e8,0x01c7,0x01c8,0x01c7,0x01c8,
0x01a7,0x01c8,0x01a7,0x01c8,0x01a7,0x01c8,0x01a7,0x01c8,0x01a7,0x01c8,0x01a7,0x01c8,0x01a7,0x01c8,0x01a7,0x01c8,
0x01a7,0x01c8,0x01a7,0x01c8,0x01a7,0x01c8,0x01a7,0x01c8,0x01a7,0x01a8,0x01a7,0x01a8,0x01a7,0x01a7,0x01a7,0x01a7,
0x0146,0x0125,0x0146,0x0125,0x0146,0x0145,0x0146,0x0146,0x0146,0x0125,0x0146,0x0166,0x01c7,0x01c7,0x01e8,0x01c7,
0x09e8,0x01c7,0x01a7,0x01a7,0x01c7,0x01e7,0x01e8,0x01e8,0x01e8,0x01e7,0x01e8,0x01e8,0x01e8,0x01e8,0x01e8,0x01e8,
0x01e8,0x01e8,0x01e8,0x01e8,0x01e8,0x01e8,0x01e8,0x01e8,0x01e8,0x01e8,0x01e8,0x01e8,0x01e8,0x01e8,0x01e8,0x01e8,
0x01e8,0x01e8,0x0208,0x01e8,0x0208,0x01e8,0x0208,0x01e8,0x0208,0x01e8,0x0208,0x01e8,0x0208,0x01e8,0x0208,0x01e8,
0x0209,0x01e8,0x0209,0x0208,0x0209,0x0208,0x0a29,0x0208,0x0229,0x0208,0x0a29,0x0209,0x0a29,0x0208,0x0a29,0x0209,
0x0a29,0x0208,0x0a29,0x0209,0x0229,0x0228,0x0a29,0x0229,0x0229,0x0229,0x0a29,0x0229,0x0a29,0x0229,0x0a29,0x0229,
0x0a49,0x0229,0x0a49,0x0229,0x0a49,0x0229,0x0a49,0x0229,0x0a49,0x0249,0x0a4a,0x0249,0x0a4a,0x0249,0x0a4a,0x0249,
0x0a4a,0x0249,0x0a49,0x0229,0x0a49,0x0229,0x0a49,0x0229,0x0a49,0x0229,0x0a49,0x0229,0x0a49,0x0229,0x0a49,0x0229,
0x0a49,0x0249,0x0a4a,0x0249,0x0a4a,0x0249,0x0a4a,0x0249,0x0a49,0x0229,0x0a4a,0x0229,0x0a49,0x0229,0x0a49,0x0229,
0x0a49,0x0229,0x0a49,0x0229,0x0a49,0x0229,0x0a49,0x0229,0x0a49,0x0229,0x0a49,0x0229,0x0a29,0x0229,0x0a29,0x0229,
0x0a29,0x0229,0x0a29,0x0229,0x0a29,0x0229,0x0a29,0x0229,0x0a29,0x0229,0x0a29,0x0229,0x0a29,0x0229,0x0a29,0x0209,
0x0a29,0x0208,0x0a29,0x0208,0x0229,0x0208,0x0209,0x0208,0x0209,0x0208,0x0a09,0x01e8,0x0209,0x01e8,0x0209,0x01e8,
0x01e8,0x01e8,0x01e8,0x01e8,0x01e8,0x01e8,0x01e8,0x01e8,0x01e8,0x01e8,0x01e8,0x01c8,0x01e8,0x01c8,0x01c8,0x01c8,
0x01c8,0x01c7,0x01c8,0x01c7,0x01c8,0x01c7,0x01c8,0x01c8,0x01c8,0x01c7,0x01c8,0x01a7,0x01c8,0x01a7,0x01c8,0x01a7,
0x01c8,0x01a7,0x01c8,0x01a7,0x01c8,0x01a7,0x01c8,0x01a7,0x01c8,0x01a7,0x01c8,0x01a7,0x01a8,0x01a7,0x01c8,0x01a7,
0x0145,0x0146,0x0125,0x0146,0x0125,0x0146,0x0165,0x0166,0x0166,0x0166,0x0165,0x0186,0x01a6,0x01c7,0x01c6,0x01c7,
0x01a7,0x01c7,0x01a6,0x01a7,0x01a6,0x01e8,0x01c7,0x01c8,0x01e7,0x01e8,0x01e7,0x01e8,0x01c7,0x01e8,0x01e7,0x01e8,
0x01e7,0x01e8,0x01c7,0x01e8,0x01c7,0x01e8,0x01c7,0x01e8,0x01c7,0x01e8,0x01e7,0x01e8,0x01e7,0x01e8,0x01e7,0x01e8,
0x01e8,0x01e8,0x01e8,0x01e8,0x01e8,0x01e8,0x01e8,0x01e8,0x01e8,0x0208,0x01e8,0x01e8,0x01e8,0x0208,0x01e8,0x0208,
0x01e8,0x0208,0x01e8,0x0208,0x0208,0x0229,0x0208,0x0209,0x0208,0x0229,0x0208,0x0229,0x0208,0x0229,0x0208,0x0229,
0x0208,0x0229,0x0208,0x0229,0x0208,0x0229,0x0208,0x0229,0x0208,0x0229,0x0208,0x0229,0x0229,0x0229,0x0228,0x0229,
0x0229,0x0a29,0x0229,0x0249,0x0229,0x0a49,0x0229,0x0a49,0x0229,0x0a49,0x0229,0x0a49,0x0229,0x0a49,0x0229,0x0a49,
0x0229,0x0a49,0x0229,0x0a29,0x0229,0x0a49,0x0229,0x0229,0x0229,0x0229,0x0229,0x0249,0x0229,0x0a49,0x0229,0x0249,
0x0229,0x0a49,0x0249,0x0a49,0x0229,0x0a49,0x0229,0x0a49,0x0229,0x0a49,0x0229,0x0a49,0x0229,0x0a49,0x0228,0x0249,
0x0229,0x0a49,0x0229,0x0229,0x0229,0x0249,0x0228,0x0249,0x0229,0x0a29,0x0229,0x0229,0x0229,0x0229,0x0228,0x0229,
0x0229,0x0229,0x0228,0x0229,0x0208,0x0229,0x0208,0x0229,0x0208,0x0229,0x0208,0x0229,0x0208,0x0229,0x0208,0x0229,
0x0208,0x0209,0x0208,0x0209,0x0208,0x0209,0x0208,0x0208,0x01e8,0x0209,0x01e8,0x0208,0x01e8,0x0208,0x01e8,0x0208,
0x01e8,0x01e8,0x01e8,0x01e8,0x01c8,0x01e8,0x01c8,0x01e8,0x01c8,0x01e8,0x01c7,0x01c8,0x01c7,0x01c8,0x01a7,0x01c8,
0x01a7,0x01c8,0x01a7,0x01c8,0x01c7,0x01c8,0x01c7,0x01c8,0x01a7,0x01c8,0x01a7,0x01c8,0x01a7,0x01c8,0x01a7,0x01c8,
0x01a7,0x01c8,0x01a7,0x01c8,0x01a7,0x01c8,0x01a7,0x01a8,0x01a7,0x01a8,0x01a7,0x01a7,0x01a7,0x01a8,0x01a7,0x01a7,
0x0166,0x0146,0x0146,0x0145,0x0166,0x0166,0x0186,0x0166,0x09a7,0x0186,0x0186,0x0186,0x09e7,0x09e7,0x09c7,0x01a6,
0x01a7,0x01a7,0x01c7,0x01a7,0x01c7,0x01a7,0x01c7,0x01a7,0x01e8,0x01e8,0x01e8,0x01e8,0x01e8,0x01e8,0x01e8,0x01e7,
0x01e8,0x01e8,0x01e8,0x01e7,0x01e8,0x01e8,0x01e8,0x01e7,0x01e8,0x01e8,0x01e8,0x01e8,0x0208,0x01e8,0x01e8,0x01e8,
0x01e8,0x01e8,0x0208,0x01e8,0x0208,0x01e8,0x0208,0x01e8,0x0208,0x01e8,0x0208,0x01e8,0x0208,0x01e8,0x0208,0x01e8,
0x0209,0x0208,0x0209,0x0208,0x0a29,0x0209,0x0229,0x0208,0x0a29,0x0209,0x0229,0x0208,0x0a29,0x0209,0x0a29,0x0208,
0x0a29,0x0209,0x0a29,0x0208,0x0a29,0x0228,0x0229,0x0228,0x0a29,0x0229,0x0229,0x0228,0x0a29,0x0229,0x0a29,0x0229,
0x0a49,0x0229,0x0a49,0x0229,0x0a49,0x0229,0x0a49,0x0229,0x0a4a,0x0249,0x0a4a,0x0249,0x0a4a,0x0a49,0x0a4a,0x0229,
0x0a4a,0x0a49,0x0a49,0x0229,0x0a4a,0x0229,0x0a49,0x0229,0x0a49,0x0229,0x0a49,0x0229,0x0a49,0x0229,0x0a49,0x0229,
0x0a4a,0x0249,0x0a4a,0x0249,0x0a4a,0x0249,0x0a49,0x0229,0x0a4a,0x0229,0x0a49,0x0229,0x0a49,0x0229,0x0a49,0x0229,
0x0a49,0x0229,0x0a49,0x0229,0x0a49,0x0229,0x0a49,0x0229,0x0a49,0x0229,0x0a29,0x0229,0x0a29,0x0229,0x0a29,0x0229,
0x0a29,0x0229,0x0a29,0x0229,0x0a29,0x0229,0x0a29,0x0229,0x0a29,0x0229,0x0a29,0x0229,0x0a29,0x0209,0x0a29,0x0208,
0x0a29,0x0209,0x0229,0x0208,0x0a29,0x0208,0x0209,0x0208,0x0a09,0x0208,0x0209,0x01e8,0x0209,0x01e8,0x0209,0x01e8,
0x01e9,0x01e8,0x01e8,0x01e8,0x01e8,0x01e8,0x01e8,0x01c8,0x01e8,0x01c8,0x01e8,0x01c8,0x01c8,0x01c8,0x01c8,0x01c7,
0x01c8,0x01c8,0x01c8,0x01c7,0x01c8,0x01c7,0x01c8,0x01c7,0x01c8,0x01c8,0x01c8,0x01a7,0x01c8,0x01a7,0x01c8,0x01a7,
0x01c8,0x01a7,0x01c8,0x01a7,0x01c8,0x01a7,0x01c8,0x01a7,0x01c8,0x01a7,0x01a8,0x01a7,0x01c8,0x01a7,0x01a8,0x01a7,
0x0145,0x0146,0x0125,0x0166,0x0165,0x0166,0x0165,0x0186,0x0185,0x01a6,0x01a6,0x09c6,0x09c6,0x09c6,0x01a6,0x09c7,
0x01a6,0x01c7,0x01a6,0x01c7,0x01a6,0x01a7,0x01a7,0x01a7,0x01a7,0x01e8,0x01c7,0x01e8,0x01e7,0x01e8,0x01c7,0x01e8,
0x01c7,0x01e8,0x01c7,0x01e8,0x01e7,0x01e8,0x01c7,0x01e8,0x01c7,0x01e8,0x01e7,0x01e8,0x01e7,0x01e8,0x01e8,0x01e8,
0x01e8,0x01e8,0x01e8,0x01e8,0x01e8,0x0208,0x01e8,0x0208,0x01e8,0x0208,0x01e8,0x0208,0x01e8,0x0208,0x01e8,0x0208,
0x01e8,0x0208,0x0208,0x0209,0x0208,0x0229,0x0208,0x0229,0x0208,0x0229,0x0208,0x0229,0x0208,0x0229,0x0208,0x0229,
0x0208,0x0229,0x0208,0x0229,0x0208,0x0229,0x0208,0x0229,0x0208,0x0229,0x0208,0x0229,0x0208,0x0229,0x0229,0x0a29,
0x0229,0x0229,0x0229,0x0a49,0x0229,0x0a49,0x0229,0x0a49,0x0229,0x0a49,0x0229,0x0a49,0x0229,0x0a49,0x0229,0x0a49,
0x0229,0x0a49,0x0229,0x0a49,0x0229,0x0249,0x0229,0x0a49,0x0229,0x0249,0x0229,0x0a49,0x0229,0x0249,0x0229,0x0a49,
0x0229,0x0a49,0x0229,0x0a49,0x0229,0x0249,0x0229,0x0a49,0x0229,0x0a49,0x0229,0x0a49,0x0228,0x0229,0x0229,0x0a29,
0x0229,0x0229,0x0229,0x0a29,0x0228,0x0229,0x0229,0x0a29,0x0228,0x0229,0x0229,0x0229,0x0228,0x0229,0x0208,0x0229,
0x0228,0x0229,0x0208,0x0a29,0x0208,0x0229,0x0208,0x0229,0x0208,0x0229,0x0208,0x0229,0x0208,0x0229,0x0208,0x0229,
0x0208,0x0209,0x0208,0x0209,0x0208,0x0209,0x0208,0x0209,0x0208,0x0208,0x01e8,0x0209,0x01e8,0x0208,0x01e8,0x0208,
0x01e8,0x01e8,0x01e8,0x01e8,0x01e8,0x01e8,0x01c8,0x01e8,0x01c7,0x01e8,0x01c8,0x01c8,0x01c7,0x01c8,0x01a7,0x01c8,
0x01a7,0x01c8,0x01c7,0x01c8,0x01a7,0x01c8,0x01c7,0x01c8,0x01c7,0x01c8,0x01a7,0x01c8,0x01a7,0x01c8,0x01a7,0x01a8,
0x01a7,0x01c8,0x01a7,0x01c8,0x01a7,0x01c8,0x01a7,0x01a8,0x01a7,0x01a7,0x01a7,0x01a8,0x01a7,0x01a7,0x01a7,0x01a7,
0x0146,0x0145,0x0166,0x0166,0x0186,0x0166,0x0186,0x0186,0x09a6,0x09c6,0x11e7,0x09e7,0x09e7,0x09c6,0x09e7,0x09c7,
0x09c7,0x01c6,0x01c7,0x01a7,0x01c7,0x01a6,0x01a7,0x01a7,0x01a7,0x01c7,0x01e8,0x01e8,0x01e8,0x01e8,0x01e8,0x01e7,
0x01e8,0x01e7,0x09e8,0x01e8,0x01e8,0x01e7,0x01e8,0x01e8,0x01e8,0x01e8,0x01e8,0x01e8,0x01e8,0x01e8,0x01e8,0x01e8,
0x01e8,0x01e8,0x0208,0x01e8,0x0208,0x01e8,0x0209,0x01e8,0x0209,0x01e8,0x0a09,0x01e8,0x0208,0x0208,0x0209,0x0208,
0x0229,0x0208,0x0a29,0x0208,0x0229,0x0208,0x0a29,0x0208,0x0229,0x0208,0x0a29,0x0209,0x0a29,0x0208,0x0a29,0x0229,
0x0a29,0x0229,0x0a29,0x0209,0x0a29,0x0228,0x0a29,0x0228,0x0229,0x0228,0x0a29,0x0229,0x0229,0x0228,0x0a29,0x0229,
0x0a49,0x0229,0x0a49,0x0229,0x0a49,0x0229,0x0a49,0x0229,0x0a49,0x0229,0x0a4a,0x0229,0x0a49,0x0229,0x0a4a,0x0229,
0x0a49,0x0249,0x0a4a,0x0229,0x0a49,0x0249,0x0a4a,0x0249,0x0a49,0x0229,0x0a49,0x0229,0x0a49,0x0229,0x0a4a,0x0249,
0x0a49,0x0249,0x0a4a,0x0249,0x0a49,0x0249,0x0a4a,0x0229,0x0a49,0x0229,0x0a49,0x0229,0x0a49,0x0229,0x0a49,0x0229,
0x0a49,0x0229,0x0a49,0x0229,0x0a49,0x0229,0x0a29,0x0229,0x0a29,0x0229,0x0a29,0x0229,0x0229,0x0229,0x0a29,0x0229,
0x0229,0x0229,0x0a29,0x0229,0x0a29,0x0229,0x0a29,0x0229,0x0a29,0x0228,0x0a29,0x0208,0x0229,0x0208,0x0a29,0x0208,
0x0229,0x0208,0x0a29,0x0208,0x0229,0x0208,0x0a29,0x0208,0x0a09,0x0208,0x0a09,0x0208,0x0209,0x01e8,0x0209,0x01e8,
0x0209,0x01e8,0x01e9,0x01e8,0x01e8,0x01e8,0x01e8,0x01e8,0x01e8,0x01c8,0x01e8,0x01c8,0x01c8,0x01c8,0x01c8,0x01c8,
0x01c8,0x01c8,0x01c8,0x01c8,0x01c8,0x01c7,0x01c8,0x01c8,0x01c8,0x01c7,0x01c8,0x01c8,0x01c8,0x01a7,0x01c8,0x01a7,
0x01c8,0x01a7,0x01c8,0x01a8,0x01c8,0x01a7,0x01c8,0x01a7,0x01a8,0x01a7,0x01a8,0x01a7,0x01a8,0x01a7,0x01a8,0x01a7,
0x0145,0x0166,0x0166,0x0186,0x0166,0x0186,0x0165,0x0186,0x09c6,0x09c6,0x01a6,0x09c6,0x01c6,0x09c7,0x01c6,0x09e7,
0x09c6,0x09e7,0x01a6,0x01c7,0x01a6,0x01a7,0x0186,0x01a7,0x01a7,0x01a7,0x01a7,0x01c7,0x01c7,0x01e8,0x01e7,0x01e8,
0x01c7,0x01e8,0x01c7,0x01e8,0x01e7,0x01e8,0x01e7,0x01e8,0x01e7,0x01e8,0x01e7,0x01e8,0x01e8,0x01e8,0x01e8,0x01e8,
0x01e8,0x01e8,0x01e7,0x01e8,0x01e8,0x01e8,0x01e8,0x0208,0x01e8,0x0208,0x01e8,0x0208,0x01e8,0x0208,0x01e8,0x0208,
0x0208,0x0209,0x0208,0x0229,0x0208,0x0229,0x0208,0x0209,0x0208,0x0209,0x0208,0x0229,0x0208,0x0229,0x0208,0x0229,
0x0208,0x0229,0x0208,0x0229,0x0208,0x0229,0x0208,0x0229,0x0208,0x0229,0x0208,0x0229,0x0228,0x0229,0x0228,0x0229,
0x0228,0x0a29,0x0228,0x0249,0x0229,0x0a49,0x0229,0x0a49,0x0229,0x0a49,0x0229,0x0a49,0x0229,0x0a49,0x0229,0x0a49,
0x0249,0x0a49,0x0229,0x0249,0x0229,0x0a49,0x0229,0x0249,0x0229,0x0a49,0x0229,0x0a49,0x0229,0x0a49,0x0229,0x0a49,
0x0229,0x0a49,0x0229,0x0249,0x0229,0x0a49,0x0229,0x0a49,0x0229,0x0a49,0x0229,0x0229,0x0229,0x0a29,0x0228,0x0229,
0x0229,0x0a29,0x0229,0x0229,0x0229,0x0229,0x0229,0x0229,0x0229,0x0229,0x0208,0x0229,0x0208,0x0229,0x0228,0x0229,
0x0228,0x0229,0x0228,0x0229,0x0208,0x0229,0x0208,0x0229,0x0208,0x0229,0x0208,0x0229,0x0208,0x0229,0x0208,0x0209,
0x0208,0x0229,0x0208,0x0209,0x0208,0x0209,0x0208,0x0209,0x0208,0x0209,0x0208,0x0208,0x01e8,0x0208,0x01e8,0x0208,
0x01e8,0x01e8,0x01e8,0x01e8,0x01c8,0x01e8,0x01c7,0x01e8,0x01c8,0x01c8,0x01c7,0x01c8,0x01c7,0x01c8,0x01c7,0x01c8,
0x01c7,0x01c8,0x01c7,0x01c8,0x01c7,0x01c8,0x01c7,0x01c8,0x01c7,0x01c8,0x01a7,0x01c8,0x01a7,0x01c8,0x01a7,0x01c8,
0x01a7,0x01c8,0x01a7,0x01a8,0x01a7,0x01a8,0x01a7,0x01a8,0x01a7,0x01a8,0x01a7,0x01a7,0x01a7,0x01a7,0x01a7,0x01a7,
0x0166,0x0166,0x0187,0x0186,0x0187,0x0186,0x0186,0x0186,0x01a6,0x0185,0x09c6,0x01c6,0x09c7,0x01a6,0x09c6,0x09e6,
0x1207,0x09e7,0x09e7,0x01c6,0x01a7,0x0186,0x01a7,0x01a7,0x01a8,0x01a7,0x01a7,0x01a7,0x01c8,0x01c7,0x01e8,0x01e7,
0x01e8,0x01e8,0x01e8,0x01e8,0x01e8,0x01e8,0x01e8,0x01e8,0x01e8,0x01e8,0x01e8,0x01e8,0x01e8,0x01e8,0x01e8,0x01e8,
0x0208,0x01e8,0x01e8,0x01e8,0x01e8,0x01e8,0x0208,0x01e8,0x0208,0x01e8,0x0208,0x01e8,0x0209,0x0208,0x0209,0x0208,
0x0a29,0x0208,0x0229,0x0208,0x0a29,0x0208,0x0229,0x0208,0x0a29,0x0208,0x0a29,0x0208,0x0a29,0x0209,0x0a29,0x0208,
0x0a29,0x0229,0x0a29,0x0229,0x0a29,0x0229,0x0229,0x0228,0x0a29,0x0209,0x0229,0x0229,0x0a29,0x0229,0x0229,0x0228,
0x0a29,0x0229,0x0a49,0x0229,0x0a49,0x0229,0x0a49,0x0229,0x0a4a,0x0229,0x0a49,0x0229,0x0a4a,0x0a49,0x0a4a,0x0249,
0x0a4a,0x0249,0x0a49,0x0249,0x0a4a,0x0229,0x0a49,0x0249,0x0a4a,0x0249,0x0a4a,0x0249,0x0a4a,0x0a49,0x0a4a,0x0249,
0x0a4a,0x0249,0x0a49,0x0249,0x0a4a,0x0249,0x0a49,0x0229,0x0a4a,0x0229,0x0a49,0x0229,0x0a4a,0x0229,0x0a29,0x0229,
0x0a29,0x0229,0x0a49,0x0229,0x0a29,0x0229,0x0a29,0x0229,0x0a29,0x0229,0x0a29,0x0229,0x0a29,0x0229,0x0249,0x0229,
0x0a29,0x0229,0x0a29,0x0229,0x0a29,0x0229,0x0a29,0x0229,0x0a29,0x0228,0x0229,0x0228,0x0a29,0x0208,0x0229,0x0208,
0x0a29,0x0208,0x0229,0x0208,0x0a29,0x0208,0x0229,0x0208,0x0a29,0x0208,0x0209,0x0208,0x0a09,0x0208,0x0209,0x01e8,
0x0209,0x01e8,0x01e8,0x01e8,0x01e8,0x01e8,0x01e8,0x01c8,0x01e8,0x01c8,0x01e8,0x01c8,0x01e8,0x01c8,0x01c8,0x01c8,
0x01c8,0x01c8,0x01c8,0x01c7,0x01c8,0x01c8,0x01c8,0x01c7,0x01c8,0x01c8,0x01c8,0x01c7,0x01c8,0x01c8,0x01c8,0x01a7,
0x01c8,0x01a7,0x01c8,0x01a7,0x01a8,0x01a7,0x01c8,0x01a7,0x01c8,0x01a7,0x01a8,0x01a7,0x01a8,0x01a7,0x01a8,0x01a7,
0x0165,0x0186,0x0186,0x0186,0x0165,0x0186,0x0166,0x0166,0x0165,0x0186,0x01a6,0x09c6,0x01a6,0x01a6,0x0185,0x09e7,
0x09e6,0x09e7,0x01e7,0x01a6,0x0165,0x0186,0x0186,0x01a7,0x01a7,0x01a7,0x01a7,0x01a7,0x01a7,0x01c7,0x01c7,0x01e8,
0x01e7,0x01e8,0x01e7,0x01e8,0x01e7,0x01e8,0x01e7,0x01e8,0x01e7,0x01e8,0x01e8,0x01e8,0x01e8,0x01e8,0x01e8,0x01e8,
0x01e7,0x01e8,0x01e8,0x01e8,0x01e7,0x01e8,0x01e8,0x01e8,0x01e8,0x0208,0x01e8,0x0208,0x01e8,0x0208,0x0208,0x0208,
0x0208,0x0208,0x0208,0x0209,0x0208,0x0209,0x0208,0x0209,0x0208,0x0229,0x0208,0x0229,0x0208,0x0229,0x0208,0x0229,
0x0208,0x0229,0x0208,0x0229,0x0208,0x0229,0x0208,0x0229,0x0208,0x0229,0x0228,0x0229,0x0228,0x0229,0x0229,0x0a29,
0x0228,0x0a29,0x0229,0x0a49,0x0228,0x0249,0x0229,0x0a49,0x0229,0x0a49,0x0229,0x0a49,0x0229,0x0a49,0x0229,0x0a49,
0x0229,0x0249,0x0229,0x0a49,0x0229,0x0249,0x0229,0x0a49,0x0229,0x0a49,0x0229,0x0a49,0x0229,0x0a49,0x0229,0x0a49,
0x0249,0x0a49,0x0249,0x0a49,0x0249,0x0a49,0x0229,0x0a49,0x0229,0x0a49,0x0229,0x0a49,0x0229,0x0a49,0x0229,0x0229,
0x0228,0x0229,0x0229,0x0a49,0x0229,0x0a49,0x0229,0x0a29,0x0228,0x0a29,0x0229,0x0a29,0x0228,0x0229,0x0229,0x0229,
0x0228,0x0229,0x0229,0x0a29,0x0228,0x0229,0x0229,0x0229,0x0208,0x0229,0x0208,0x0229,0x0208,0x0229,0x0208,0x0229,
0x0208,0x0229,0x0208,0x0209,0x0208,0x0209,0x0208,0x0209,0x0208,0x0209,0x0208,0x0209,0x01e8,0x0208,0x01e8,0x0208,
0x01e8,0x0208,0x01e8,0x01e8,0x01c8,0x01e8,0x01c8,0x01e8,0x01c7,0x01c8,0x01c8,0x01c8,0x01c7,0x01c8,0x01c7,0x01c8,
0x01c7,0x01c8,0x01c7,0x01c8,0x01c7,0x01c8,0x01c7,0x01c8,0x01a7,0x01c8,0x01a7,0x01c8,0x01a7,0x01c8,0x01a7,0x01c8,
0x01a7,0x01c8,0x01a7,0x01a8,0x01a7,0x01a8,0x01a7,0x01a8,0x01a7,0x01a7,0x01a7,0x01a7,0x01a7,0x01a7,0x01a7,0x01a7,
0x0186,0x0186,0x09a7,0x0186,0x01a6,0x0186,0x0186,0x0186,0x0186,0x01a6,0x09c7,0x01a6,0x0186,0x0186,0x09c7,0x09c6,
0x09e7,0x09e7,0x09e7,0x01a6,0x0186,0x0186,0x01a7,0x01a7,0x01a7,0x01a7,0x01a7,0x01a7,0x01a7,0x01a7,0x01e8,0x01e8,
0x01e8,0x01e7,0x01e8,0x01e8,0x01e8,0x01e8,0x01e8,0x01e8,0x0208,0x01e8,0x0208,0x01e8,0x0208,0x01e8,0x0208,0x01e8,
0x0208,0x01e8,0x01e8,0x01e8,0x01e8,0x01e8,0x01e8,0x01e8,0x0208,0x01e8,0x0209,0x0208,0x0209,0x0208,0x0a09,0x0208,
0x0209,0x0208,0x0a29,0x0208,0x0229,0x0208,0x0a29,0x0208,0x0229,0x0208,0x0a29,0x0209,0x0229,0x0208,0x0a29,0x0209,
0x0a29,0x0229,0x0a29,0x0229,0x0a29,0x0228,0x0a29,0x0229,0x0229,0x0228,0x0a29,0x0229,0x0a29,0x0229,0x0a49,0x0229,
0x0a49,0x0229,0x0a49,0x0229,0x0a49,0x0249,0x0a49,0x0229,0x0a49,0x0229,0x0a4a,0x0249,0x0a49,0x0249,0x0a4a,0x0249,
0x0a49,0x0249,0x0a4a,0x0249,0x0a49,0x0249,0x0a4a,0x0249,0x0a4a,0x0249,0x0a4a,0x0a49,0x0a4a,0x0249,0x0a4a,0x0a49,
0x0a4a,0x0249,0x0a4a,0x0a49,0x0a4a,0x0249,0x0a4a,0x0a49,0x0a49,0x0229,0x0a4a,0x0a49,0x0a4a,0x0249,0x0a49,0x0229,
0x0a49,0x0229,0x0a49,0x0229,0x0a49,0x0229,0x0a49,0x0229,0x0a49,0x0229,0x0a49,0x0229,0x0a29,0x0229,0x0a49,0x0229,
0x0a49,0x0229,0x0a29,0x0229,0x0a29,0x0229,0x0a29,0x0229,0x0a29,0x0228,0x0a29,0x0228,0x0229,0x0208,0x0a29,0x0209,
0x0229,0x0208,0x0a29,0x0209,0x0229,0x0208,0x0a29,0x0208,0x0209,0x0208,0x0a29,0x0208,0x0209,0x0208,0x0a09,0x01e8,
0x0209,0x01e8,0x0209,0x01e8,0x01e8,0x01e8,0x01e8,0x01c8,0x01e8,0x01c8,0x01e8,0x01c8,0x01c8,0x01c7,0x01c8,0x01c8,
0x01c8,0x01c8,0x01c8,0x01c8,0x01c8,0x01c7,0x01c8,0x01c8,0x01c8,0x01c7,0x01c8,0x01c8,0x01c8,0x01c7,0x01c8,0x01a7,
0x01c8,0x01a7,0x01c8,0x01a7,0x01c8,0x01a7,0x01a8,0x01a7,0x01a8,0x01a7,0x01a8,0x01a7,0x01a8,0x01a7,0x01a8,0x01a7,
0x0186,0x01a6,0x0186,0x0186,0x0186,0x01a6,0x0185,0x0186,0x0185,0x0186,0x01a5,0x01a6,0x0185,0x01a6,0x01a6,0x09c6,
0x09c6,0x09e7,0x09e6,0x09c6,0x0186,0x01a6,0x01a6,0x01a7,0x0186,0x01a7,0x01a6,0x01a7,0x01a7,0x01c8,0x01c7,0x01e8,
0x01c7,0x01e8,0x01c7,0x01e8,0x01e7,0x01e8,0x01e7,0x01e8,0x01e8,0x01e8,0x01e7,0x0208,0x01e8,0x0208,0x01e8,0x0208,
0x01e8,0x0208,0x01e8,0x01e8,0x01e8,0x01e8,0x01e8,0x01e8,0x01e8,0x01e8,0x01e8,0x0208,0x01e8,0x0208,0x01e8,0x0208,
0x0208,0x0209,0x0208,0x0208,0x0208,0x0229,0x0208,0x0209,0x0208,0x0209,0x0208,0x0229,0x0208,0x0229,0x0208,0x0229,
0x0208,0x0229,0x0208,0x0229,0x0208,0x0229,0x0208,0x0229,0x0228,0x0229,0x0228,0x0229,0x0228,0x0a29,0x0228,0x0a49,
0x0229,0x0a49,0x0228,0x0249,0x0229,0x0a49,0x0229,0x0a49,0x0229,0x0a49,0x0229,0x0a49,0x0229,0x0a49,0x0229,0x0249,
0x0229,0x0a49,0x0229,0x0249,0x0229,0x0a49,0x0229,0x0a49,0x0229,0x0a49,0x0229,0x0a49,0x0229,0x0a49,0x0229,0x0a49,
0x0229,0x0a49,0x0229,0x0a49,0x0229,0x0a49,0x0229,0x0a49,0x0229,0x0a49,0x0229,0x0a49,0x0229,0x0a49,0x0249,0x0a49,
0x0229,0x0a49,0x0228,0x0249,0x0229,0x0a49,0x0229,0x0a49,0x0229,0x0a29,0x0228,0x0a49,0x0229,0x0a29,0x0228,0x0229,
0x0229,0x0a29,0x0228,0x0229,0x0229,0x0a29,0x0228,0x0229,0x0228,0x0229,0x0208,0x0229,0x0208,0x0229,0x0208,0x0229,
0x0208,0x0209,0x0208,0x0229,0x0208,0x0229,0x0208,0x0209,0x0208,0x0209,0x0208,0x0208,0x01e8,0x0208,0x01e8,0x0208,
0x01e8,0x01e8,0x01e8,0x01e8,0x01c8,0x01e8,0x01c7,0x01e8,0x01c8,0x01e8,0x01c8,0x01c8,0x01c7,0x01c8,0x01a7,0x01c8,
0x01c7,0x01c8,0x01c7,0x01c8,0x01c7,0x01c8,0x01c7,0x01c8,0x01c7,0x01c8,0x01c7,0x01c8,0x01a7,0x01c8,0x01a7,0x01c8,
0x01a7,0x01c8,0x01a7,0x01a7,0x01a7,0x01a8,0x01a7,0x01a7,0x01a7,0x01a7,0x01a7,0x01a7,0x01a7,0x01a7,0x01a7,0x01a7,
0x0986,0x0186,0x0166,0x0165,0x0186,0x0186,0x0186,0x0165,0x0186,0x0186,0x01a6,0x01a6,0x09a6,0x0186,0x09a6,0x09c6,
0x09c7,0x09a6,0x09c6,0x0186,0x09a7,0x01a6,0x01a7,0x01a6,0x01a7,0x01a7,0x01a7,0x01a7,0x01c8,0x01e8,0x01e8,0x01e7,
0x01e8,0x01e8,0x01e8,0x01e8,0x01e8,0x01e8,0x0208,0x01e8,0x0208,0x01e8,0x0208,0x01e8,0x0a08,0x0208,0x0208,0x0208,
0x0a08,0x01e8,0x0208,0x01e8,0x0209,0x01e8,0x0208,0x01e8,0x0209,0x01e8,0x0208,0x01e8,0x0209,0x01e8,0x0209,0x0208,
0x0a09,0x0208,0x0209,0x0208,0x0a29,0x0208,0x0229,0x0208,0x0a29,0x0208,0x0a29,0x0208,0x0a29,0x0209,0x0a29,0x0208,
0x0a29,0x0209,0x0a29,0x0208,0x0a29,0x0229,0x0a29,0x0229,0x0a29,0x0229,0x0a29,0x0229,0x0a49,0x0229,0x0a49,0x0229,
0x0a49,0x0229,0x0a49,0x0229,0x0a49,0x0249,0x0a49,0x0249,0x0a4a,0x0a49,0x0a4a,0x0249,0x0a4a,0x0249,0x0a49,0x0249,
0x0a4a,0x0229,0x0a49,0x0249,0x0a4a,0x0249,0x0a49,0x0249,0x0a4a,0x0229,0x0a49,0x0229,0x0a4a,0x0229,0x0a49,0x0249,
0x0a4a,0x0229,0x0a49,0x0229,0x0a4a,0x0a49,0x0a4a,0x0249,0x0a4a,0x0a49,0x0a4a,0x0249,0x0a4a,0x0a49,0x0a49,0x0249,
0x0a49,0x0229,0x0a49,0x0229,0x0a49,0x0229,0x0a49,0x0229,0x0a49,0x0229,0x0a49,0x0229,0x0a49,0x0229,0x0a29,0x0229,
0x0a29,0x0229,0x0a29,0x0229,0x0a29,0x0229,0x0a29,0x0229,0x0a29,0x0229,0x0229,0x0228,0x0a29,0x0209,0x0a29,0x0208,
0x0a29,0x0209,0x0229,0x0208,0x0a29,0x0209,0x0229,0x0208,0x0a09,0x0208,0x0209,0x01e8,0x0209,0x01e8,0x0208,0x01e8,
0x01e9,0x01e8,0x01e8,0x01e8,0x01e8,0x01e8,0x01e8,0x01e8,0x01e8,0x01e8,0x01e8,0x01c8,0x01e8,0x01c8,0x01c8,0x01c8,
0x01c8,0x01c8,0x01c8,0x01c8,0x01e8,0x01c8,0x01c8,0x01c7,0x01c8,0x01c8,0x01c8,0x01c7,0x01c8,0x01c7,0x01c8,0x01a7,
0x01c8,0x01a7,0x01c8,0x01a7,0x01c8,0x01a7,0x01a8,0x01a7,0x01a8,0x01a7,0x01a8,0x01a7,0x01a8,0x01a7,0x01a8,0x01a7,
0x0165,0x0165,0x0145,0x0186,0x0165,0x01a6,0x01a6,0x09a6,0x01a6,0x01a6,0x0186,0x0186,0x0165,0x0186,0x01a6,0x01a6,
0x0185,0x0186,0x0186,0x01a6,0x0186,0x01a6,0x0186,0x01a7,0x01a6,0x01a7,0x01a7,0x01c8,0x01e7,0x01e8,0x01e7,0x01e8,
0x01e7,0x01e8,0x01e7,0x01e8,0x01e7,0x01e8,0x01e8,0x01e8,0x01e8,0x0208,0x01e8,0x0208,0x01e8,0x0208,0x01e8,0x0208,
0x01e8,0x0208,0x01e8,0x0208,0x01e8,0x0208,0x01e8,0x0208,0x01e8,0x0208,0x01e8,0x0208,0x01e8,0x0208,0x01e8,0x0208,
0x01e8,0x0208,0x0208,0x0209,0x0208,0x0208,0x0208,0x0209,0x0208,0x0229,0x0208,0x0229,0x0208,0x0229,0x0208,0x0229,
0x0208,0x0229,0x0208,0x0229,0x0208,0x0229,0x0228,0x0229,0x0228,0x0229,0x0228,0x0229,0x0228,0x0a49,0x0228,0x0a29,
0x0228,0x0a29,0x0228,0x0a49,0x0228,0x0a49,0x0229,0x0a49,0x0229,0x0a49,0x0229,0x0a49,0x0229,0x0a49,0x0229,0x0a49,
0x0229,0x0249,0x0229,0x0a49,0x0229,0x0249,0x0229,0x0a49,0x0229,0x0a49,0x0229,0x0a49,0x0229,0x0a49,0x0229,0x0a49,
0x0229,0x0a49,0x0229,0x0a49,0x0229,0x0a49,0x0229,0x0a49,0x0229,0x0a49,0x0229,0x0a49,0x0229,0x0a49,0x0229,0x0a49,
0x0229,0x0249,0x0229,0x0a49,0x0228,0x0a49,0x0229,0x0a49,0x0228,0x0a49,0x0229,0x0a29,0x0228,0x0229,0x0229,0x0a29,
0x0228,0x0229,0x0229,0x0229,0x0228,0x0229,0x0208,0x0229,0x0228,0x0229,0x0208,0x0229,0x0208,0x0229,0x0208,0x0229,
0x0208,0x0229,0x0208,0x0229,0x0208,0x0209,0x0208,0x0209,0x0208,0x0209,0x01e8,0x0208,0x01e8,0x01e8,0x01e8,0x01e8,
0x01e8,0x01e8,0x01e8,0x01e8,0x01e8,0x01e8,0x01e8,0x01e8,0x01c8,0x01e8,0x01c8,0x01e8,0x01c7,0x01c8,0x01c7,0x01c8,
0x01c7,0x01c8,0x01c7,0x01c8,0x01c7,0x01c8,0x01c7,0x01c8,0x01c7,0x01c8,0x01c7,0x01c8,0x01a7,0x01c8,0x01a7,0x01c8,
0x01a7,0x01c8,0x01a7,0x01a8,0x01a7,0x01a7,0x01a7,0x01a7,0x0187,0x01a7,0x01a7,0x01a8,0x01a7,0x01a7,0x01a7,0x01a8,
0x0166,0x0165,0x0186,0x0186,0x0186,0x01a6,0x09c7,0x09c6,0x09e7,0x01a6,0x09a6,0x0165,0x0186,0x01a6,0x09a6,0x0186,
0x01a6,0x0186,0x09a7,0x0186,0x0186,0x0166,0x0186,0x0186,0x01a7,0x01a7,0x01e8,0x01e8,0x01e8,0x01e8,0x01e8,0x01e8,
0x01e8,0x01e7,0x01e8,0x01e8,0x0208,0x01e8,0x0208,0x01e8,0x0208,0x01e8,0x0a08,0x0208,0x0208,0x0208,0x0208,0x0208,
0x0208,0x0208,0x0a09,0x0208,0x0209,0x0208,0x0a09,0x0208,0x0208,0x0208,0x0209,0x0208,0x0209,0x01e8,0x0a09,0x0208,
0x0209,0x0208,0x0a29,0x0208,0x0229,0x0208,0x0a29,0x0208,0x0229,0x0208,0x0a29,0x0208,0x0229,0x0228,0x0a29,0x0229,
0x0a29,0x0228,0x0a29,0x0228,0x0a29,0x0228,0x0a29,0x0229,0x0229,0x0228,0x0a29,0x0229,0x0a49,0x0229,0x0a49,0x0229,
0x0a49,0x0229,0x0a49,0x0229,0x0a49,0x0229,0x0a49,0x0249,0x0a49,0x0249,0x0a4a,0x0229,0x0a49,0x0249,0x0a4a,0x0229,
0x0a49,0x0229,0x0a49,0x0229,0x0a49,0x0229,0x0a49,0x0229,0x0a49,0x0229,0x0a4a,0x0249,0x0a49,0x0229,0x0a4a,0x0249,
0x0a49,0x0249,0x0a4a,0x0249,0x0a49,0x0249,0x0a4a,0x0a49,0x0a4a,0x0249,0x0a4a,0x0a49,0x0a4a,0x0249,0x0a4a,0x0229,
0x0a49,0x0229,0x0a49,0x0229,0x0a49,0x0229,0x0a49,0x0229,0x0a49,0x0229,0x0a49,0x0229,0x0a49,0x0229,0x0a49,0x0229,
0x0a49,0x0229,0x0a29,0x0229,0x0a29,0x0229,0x0a29,0x0229,0x0a29,0x0229,0x0a29,0x0229,0x0a29,0x0229,0x0a29,0x0229,
0x0a29,0x0229,0x0a29,0x0209,0x0a29,0x0208,0x0a29,0x0208,0x0a09,0x0208,0x0a09,0x01e8,0x0209,0x01e8,0x0209,0x01e8,
0x01e8,0x01e8,0x01e9,0x01e8,0x01e8,0x01e8,0x0209,0x01e8,0x01e8,0x01e8,0x01e8,0x01e8,0x01e8,0x01c8,0x01e8,0x01c8,
0x01e8,0x01c8,0x01e8,0x01c8,0x01e8,0x01c8,0x01c8,0x01c8,0x01c8,0x01c7,0x01c8,0x01c8,0x01c8,0x01a7,0x01c8,0x01a7,
0x01c8,0x01a7,0x01c8,0x01a7,0x01a8,0x01a7,0x01a8,0x01a7,0x01a8,0x01a7,0x01a8,0x01a7,0x01a8,0x01a7,0x01a8,0x01a7,
0x0165,0x0186,0x0186,0x01a6,0x0166,0x0186,0x0185,0x01a6,0x09c6,0x01a6,0x0185,0x0165,0x0185,0x01a6,0x01a5,0x01a6,
0x0186,0x01a6,0x0186,0x01a6,0x0165,0x0166,0x0165,0x0186,0x0186,0x01c7,0x01c7,0x01e8,0x01e7,0x01e8,0x01e7,0x01e8,
0x01e7,0x01e8,0x01e7,0x01e8,0x01e8,0x01e8,0x01e7,0x0208,0x01e8,0x0208,0x01e8,0x0208,0x01e8,0x0208,0x01e8,0x0208,
0x01e8,0x0208,0x0208,0x0208,0x0208,0x0208,0x0208,0x0208,0x0208,0x0208,0x01e8,0x0208,0x01e8,0x0209,0x0208,0x0208,
0x0208,0x0208,0x0208,0x0208,0x0208,0x0209,0x0208,0x0208,0x0208,0x0209,0x0208,0x0229,0x0208,0x0229,0x0208,0x0229,
0x0208,0x0229,0x0208,0x0229,0x0208,0x0229,0x0228,0x0229,0x0228,0x0229,0x0228,0x0229,0x0228,0x0a29,0x0228,0x0a29,
0x0228,0x0a29,0x0228,0x0a49,0x0228,0x0a49,0x0228,0x0a49,0x0229,0x0a49,0x0229,0x0a49,0x0229,0x0a49,0x0229,0x0249,
0x0229,0x0a49,0x0229,0x0249,0x0229,0x0a49,0x0228,0x0249,0x0229,0x0a49,0x0229,0x0a49,0x0229,0x0a49,0x0229,0x0a49,
0x0229,0x0a49,0x0229,0x0a49,0x0229,0x0a49,0x0229,0x0a49,0x0229,0x0a49,0x0229,0x0a49,0x0229,0x0a49,0x0229,0x0a49,
0x0229,0x0a49,0x0228,0x0a49,0x0229,0x0a49,0x0229,0x0a49,0x0229,0x0a49,0x0228,0x0a49,0x0229,0x0a49,0x0228,0x0a29,
0x0229,0x0a29,0x0228,0x0229,0x0229,0x0a29,0x0208,0x0229,0x0208,0x0229,0x0208,0x0229,0x0208,0x0229,0x0208,0x0229,
0x0208,0x0229,0x0208,0x0229,0x0208,0x0209,0x0208,0x0209,0x0208,0x0209,0x01e8,0x0208,0x01e8,0x01e8,0x01e8,0x01e8,
0x01e8,0x01e8,0x01e8,0x01e8,0x01e8,0x01e8,0x01e8,0x01e8,0x01e8,0x01e8,0x01c8,0x01e8,0x01c8,0x01e8,0x01c7,0x01e8,
0x01c8,0x01c8,0x01c7,0x01c8,0x01c7,0x01c8,0x01c7,0x01c8,0x01a7,0x01c8,0x01a7,0x01c8,0x01a7,0x01c8,0x01a7,0x01c8,
0x01a7,0x01c8,0x01a7,0x01a7,0x01a7,0x01a8,0x01a7,0x01a7,0x01a7,0x01a8,0x01a7,0x01a8,0x01a7,0x01a8,0x01a7,0x01a7,
0x01a6,0x0186,0x01a6,0x01a6,0x09a6,0x0165,0x0186,0x01a6,0x09c7,0x0185,0x0186,0x0165,0x01a6,0x01a6,0x09a6,0x01a6,
0x09a7,0x0186,0x01a6,0x0186,0x0186,0x0166,0x0166,0x0166,0x01a7,0x01a7,0x01c7,0x01e7,0x0208,0x01e8,0x01e8,0x01e8,
0x01e8,0x01e8,0x01e8,0x01e8,0x01e8,0x01e8,0x0208,0x01e8,0x0208,0x01e8,0x0208,0x0208,0x0a08,0x0208,0x0208,0x0208,
0x0a09,0x0208,0x0209,0x0208,0x0a09,0x0208,0x0209,0x0208,0x0a09,0x0208,0x0209,0x0208,0x0a09,0x0208,0x0a09,0x0208,
0x0209,0x0208,0x0209,0x0208,0x0209,0x0208,0x0209,0x0208,0x0a29,0x0208,0x0229,0x0208,0x0a29,0x0208,0x0a29,0x0208,
0x0a29,0x0229,0x0a29,0x0228,0x0a29,0x0229,0x0229,0x0228,0x0a29,0x0229,0x0a49,0x0229,0x0a49,0x0229,0x0a49,0x0229,
0x0a49,0x0229,0x0a49,0x0229,0x0a49,0x0229,0x0a49,0x0249,0x0a49,0x0249,0x0a4a,0x0229,0x0a4a,0x0229,0x0a49,0x0229,
0x0a49,0x0229,0x0a49,0x0229,0x0a49,0x0229,0x0a49,0x0229,0x0a49,0x0229,0x0a49,0x0229,0x0a4a,0x0229,0x0a49,0x0229,
0x0a49,0x0229,0x0a49,0x0229,0x0a49,0x0229,0x0a49,0x0229,0x0a4a,0x0a49,0x0a4a,0x0249,0x0a4a,0x0a49,0x0a4a,0x0229,
0x0a4a,0x0249,0x0a49,0x0229,0x0a49,0x0229,0x0a49,0x0229,0x0a49,0x0229,0x0a49,0x0229,0x0a49,0x0229,0x0a49,0x0229,
0x0a49,0x0229,0x0a29,0x0229,0x0a29,0x0229,0x0a29,0x0208,0x0a29,0x0229,0x0a29,0x0208,0x0a29,0x0209,0x0a29,0x0208,
0x0a29,0x0209,0x0a29,0x0208,0x0a29,0x0209,0x0a29,0x0208,0x0a09,0x0208,0x0209,0x01e8,0x0209,0x01e8,0x0208,0x01e8,
0x01e9,0x01e8,0x01e8,0x01e8,0x0209,0x01e8,0x0208,0x01e8,0x01e8,0x01e8,0x01e8,0x01e8,0x01e8,0x01e8,0x01e8,0x01c8,
0x01e8,0x01c8,0x01e8,0x01c8,0x01c8,0x01c8,0x01c8,0x01c7,0x01c8,0x01c7,0x01c8,0x01a7,0x01c8,0x01a7,0x01c8,0x01a7,
0x01c8,0x01a7,0x01c8,0x01a7,0x01c8,0x01a7,0x01a8,0x01a7,0x01a8,0x01a7,0x01a8,0x01a7,0x01a8,0x01a7,0x01a8,0x01a7,
0x0186,0x0186,0x0186,0x01a6,0x0165,0x0165,0x0185,0x09e7,0x09c6,0x09a6,0x0165,0x0186,0x0185,0x0186,0x0185,0x0986,
0x0165,0x0166,0x0165,0x0186,0x0166,0x0166,0x0146,0x0166,0x01a6,0x01c7,0x01c7,0x01e8,0x01e7,0x01e8,0x01e7,0x01e8,
0x01e7,0x01e8,0x01e7,0x01e8,0x01e7,0x01e8,0x01e8,0x0208,0x01e7,0x0208,0x01e8,0x0208,0x01e8,0x0208,0x01e8,0x0208,
0x0208,0x0208,0x01e8,0x0208,0x0208,0x0208,0x0208,0x0208,0x0208,0x0208,0x0208,0x0209,0x0208,0x0209,0x0208,0x0209,
0x0208,0x0208,0x0208,0x0209,0x0208,0x0208,0x0208,0x0209,0x0208,0x0209,0x0208,0x0229,0x0208,0x0229,0x0208,0x0229,
0x0208,0x0229,0x0208,0x0229,0x0208,0x0229,0x0228,0x0229,0x0228,0x0229,0x0228,0x0a29,0x0228,0x0229,0x0228,0x0a29,
0x0228,0x0a29,0x0229,0x0a29,0x0228,0x0229,0x0229,0x0a49,0x0229,0x0a49,0x0229,0x0a49,0x0229,0x0a49,0x0229,0x0a49,
0x0228,0x0229,0x0229,0x0a49,0x0229,0x0229,0x0229,0x0a49,0x0229,0x0249,0x0229,0x0a49,0x0229,0x0a49,0x0229,0x0a49,
0x0228,0x0a49,0x0229,0x0a49,0x0229,0x0a49,0x0229,0x0a49,0x0229,0x0a49,0x0229,0x0a49,0x0229,0x0a49,0x0229,0x0a49,
0x0229,0x0a49,0x0229,0x0a49,0x0229,0x0a49,0x0229,0x0a49,0x0228,0x0a49,0x0229,0x0a49,0x0229,0x0229,0x0229,0x0229,
0x0228,0x0229,0x0229,0x0229,0x0208,0x0229,0x0209,0x0229,0x0208,0x0229,0x0208,0x0229,0x0208,0x0229,0x0208,0x0229,
0x0208,0x0229,0x0208,0x0229,0x0208,0x0209,0x0208,0x0209,0x0208,0x0208,0x01e8,0x0208,0x01e8,0x01e8,0x01e8,0x01e8,
0x01e8,0x01e8,0x01e8,0x01e8,0x01e8,0x01e8,0x01e8,0x01e8,0x01e8,0x01e8,0x01e8,0x01e8,0x01c8,0x01e8,0x01c8,0x01e8,
0x01c7,0x01c8,0x01c7,0x01c8,0x01a7,0x01c8,0x01c7,0x01c8,0x01a7,0x01c8,0x01a7,0x01c8,0x01a7,0x01c8,0x01a7,0x01c8,
0x01a7,0x01c8,0x01a7,0x01a8,0x01a7,0x01a7,0x01a7,0x01a8,0x01a7,0x01a7,0x01a7,0x01a7,0x01a7,0x01a7,0x0187,0x01a7,
0x0186,0x0186,0x0186,0x0186,0x01a6,0x01a6,0x09e7,0x09c6,0x09c7,0x01a6,0x0186,0x0186,0x0186,0x0165,0x0166,0x0166,
0x0166,0x0145,0x0166,0x0166,0x0166,0x0166,0x0166,0x0166,0x01c7,0x01e7,0x01e8,0x01e8,0x01e8,0x01e8,0x01e8,0x01e8,
0x01e8,0x01e8,0x0208,0x01e8,0x0208,0x01e8,0x0208,0x01e8,0x0208,0x01e8,0x0208,0x01e8,0x0208,0x0208,0x0208,0x0208,
0x0208,0x0208,0x0a09,0x0208,0x0209,0x0208,0x0a09,0x0208,0x0a29,0x0208,0x0a09,0x0208,0x0229,0x0208,0x0a09,0x0208,
0x0209,0x0208,0x0209,0x0208,0x0209,0x0208,0x0229,0x0208,0x0229,0x0208,0x0a29,0x0228,0x0229,0x0228,0x0a29,0x0208,
0x0a29,0x0228,0x0a29,0x0228,0x0a29,0x0228,0x0a29,0x0229,0x0a49,0x0229,0x0a49,0x0229,0x0a49,0x0229,0x0a49,0x0229,
0x0a49,0x0229,0x0a49,0x0229,0x0a49,0x0229,0x0a49,0x0229,0x0a49,0x0229,0x0a4a,0x0249,0x0a49,0x0229,0x0a49,0x0229,
0x0a49,0x0229,0x0a4a,0x0249,0x0a49,0x0229,0x0a4a,0x0229,0x0a49,0x0229,0x0a49,0x0229,0x0a49,0x0229,0x0a49,0x0229,
0x0a49,0x0229,0x0a49,0x0249,0x0a49,0x0229,0x0a49,0x0229,0x0a49,0x0229,0x0a49,0x0229,0x0a49,0x0249,0x0a4a,0x0229,
0x0a49,0x0229,0x0a4a,0x0249,0x0a49,0x0249,0x0a49,0x0229,0x0a49,0x0229,0x0a49,0x0229,0x0a49,0x0229,0x0a29,0x0229,
0x0a29,0x0229,0x0a29,0x0229,0x0a29,0x0229,0x0a29,0x0229,0x0229,0x0209,0x0a29,0x0229,0x0a29,0x0229,0x0a29,0x0229,
0x0a29,0x0208,0x0a29,0x0209,0x0a29,0x0208,0x0a29,0x0209,0x0209,0x0208,0x0209,0x01e8,0x0209,0x01e8,0x0209,0x01e8,
0x0208,0x01e8,0x0209,0x01e8,0x0208,0x01e8,0x0209,0x01e8,0x0208,0x01e8,0x01e8,0x01e8,0x01e8,0x01e8,0x01e8,0x01e8,
0x01e8,0x01c8,0x01e8,0x01c8,0x01c8,0x01c8,0x01c8,0x01c8,0x01c8,0x01c7,0x01c8,0x01c7,0x01c8,0x01c7,0x01c8,0x01a7,
0x01c8,0x01a7,0x01c8,0x01a7,0x01c8,0x01a7,0x01c8,0x01a7,0x01a8,0x01a7,0x01a8,0x01a7,0x01a8,0x01a7,0x01a8,0x0187,
0x0186,0x0186,0x0185,0x01a6,0x01a6,0x09c6,0x01a6,0x09c6,0x01a6,0x09a6,0x0185,0x0166,0x0145,0x0166,0x0145,0x0146,
0x0145,0x0166,0x0165,0x0166,0x0145,0x0166,0x0146,0x0187,0x01c7,0x01e8,0x01c7,0x01e8,0x01e7,0x01e8,0x01e7,0x01e8,
0x01e8,0x01e8,0x01e7,0x01e8,0x01e8,0x01e8,0x01e7,0x0208,0x01e8,0x0208,0x01e8,0x0208,0x01e8,0x0208,0x01e8,0x0208,
0x01e8,0x0208,0x0208,0x0208,0x0208,0x0208,0x0208,0x0208,0x0208,0x0209,0x0208,0x0208,0x0208,0x0209,0x01e8,0x0208,
0x0208,0x0209,0x0208,0x0208,0x0208,0x0209,0x0208,0x0208,0x0208,0x0229,0x0208,0x0229,0x0208,0x0229,0x0208,0x0229,
0x0208,0x0229,0x0208,0x0229,0x0208,0x0229,0x0228,0x0229,0x0228,0x0a29,0x0228,0x0229,0x0228,0x0a29,0x0228,0x0229,
0x0228,0x0229,0x0228,0x0229,0x0228,0x0229,0x0228,0x0229,0x0228,0x0229,0x0228,0x0249,0x0229,0x0a49,0x0228,0x0249,
0x0229,0x0a49,0x0229,0x0a49,0x0229,0x0a49,0x0229,0x0a49,0x0229,0x0a49,0x0229,0x0a49,0x0229,0x0a49,0x0229,0x0a49,
0x0229,0x0a49,0x0228,0x0a49,0x0229,0x0a49,0x0229,0x0a49,0x0229,0x0a49,0x0229,0x0a49,0x0229,0x0a49,0x0229,0x0a49,
0x0229,0x0a49,0x0229,0x0a49,0x0229,0x0a49,0x0229,0x0a49,0x0229,0x0a49,0x0228,0x0a49,0x0229,0x0a29,0x0228,0x0229,
0x0229,0x0229,0x0228,0x0229,0x0229,0x0229,0x0228,0x0229,0x0209,0x0229,0x0208,0x0229,0x0208,0x0229,0x0208,0x0229,
0x0208,0x0229,0x0208,0x0209,0x0208,0x0209,0x0208,0x0209,0x01e8,0x0209,0x01e8,0x01e8,0x01e8,0x0208,0x01e8,0x01e8,
0x01e8,0x01e8,0x01e8,0x01e8,0x01e8,0x01e8,0x01e8,0x01e8,0x01e8,0x01e8,0x01e8,0x01e8,0x01e8,0x01e8,0x01c7,0x01e8,
0x01c8,0x01e8,0x01c7,0x01c8,0x01c7,0x01c8,0x01c7,0x01c8,0x01a7,0x01c8,0x01a7,0x01c8,0x01a7,0x01c8,0x01a7,0x01c8,
0x01a7,0x01c8,0x01a7,0x01c8,0x01a7,0x01c8,0x01a7,0x01a7,0x01a7,0x01a7,0x01a7,0x01a7,0x01a7,0x01a7,0x0187,0x01a7,
0x01a7,0x0186,0x0186,0x0186,0x09a6,0x0186,0x09c6,0x01a6,0x09c7,0x01a6,0x09a7,0x0186,0x0186,0x0166,0x0146,0x0145,
0x0166,0x0166,0x0186,0x0166,0x0166,0x0146,0x0166,0x01a7,0x01e8,0x01e8,0x01e8,0x01e8,0x01e8,0x01e8,0x01e8,0x01e8,
0x01e8,0x01e8,0x01e8,0x01e8,0x01e8,0x01e8,0x01e8,0x01e8,0x0208,0x01e8,0x0208,0x01e8,0x0208,0x01e8,0x0208,0x0208,
0x0209,0x0208,0x0208,0x0208,0x0a09,0x0208,0x0209,0x0208,0x0a09,0x0208,0x0209,0x0208,0x0a29,0x0208,0x0209,0x0208,
0x0209,0x0208,0x0209,0x0208,0x0209,0x0208,0x0229,0x0208,0x0a29,0x0208,0x0229,0x0208,0x0a29,0x0208,0x0229,0x0208,
0x0a29,0x0228,0x0a29,0x0228,0x0a29,0x0229,0x0a29,0x0228,0x0a29,0x0229,0x0a29,0x0229,0x0a49,0x0229,0x0a29,0x0228,
0x0a29,0x0229,0x0229,0x0229,0x0a29,0x0229,0x0a29,0x0229,0x0a29,0x0229,0x0a29,0x0229,0x0a49,0x0229,0x0a49,0x0229,
0x0a49,0x0229,0x0a49,0x0229,0x0a4a,0x0a49,0x0a49,0x0229,0x0a49,0x0229,0x0a49,0x0249,0x0a49,0x0229,0x0a49,0x0229,
0x0a49,0x0229,0x0a49,0x0229,0x0a49,0x0229,0x0a49,0x0229,0x0a4a,0x0249,0x0a49,0x0249,0x0a49,0x0229,0x0a49,0x0229,
0x0a4a,0x0229,0x0a49,0x0229,0x0a49,0x0229,0x0a49,0x0229,0x0a49,0x0229,0x0a49,0x0229,0x0a49,0x0229,0x0a49,0x0229,
0x0a29,0x0229,0x0a29,0x0229,0x0a29,0x0229,0x0229,0x0229,0x0a29,0x0229,0x0229,0x0228,0x0a29,0x0209,0x0229,0x0208,
0x0a29,0x0208,0x0229,0x0208,0x0a09,0x0208,0x0a29,0x0208,0x0a09,0x0208,0x0209,0x01e8,0x0209,0x01e8,0x0208,0x01e8,
0x0209,0x01e8,0x0209,0x01e8,0x0209,0x01e8,0x0208,0x01e8,0x0209,0x01e8,0x01e8,0x01e8,0x01e8,0x01e8,0x01e8,0x01e8,
0x01e8,0x01e8,0x01e8,0x01c8,0x01c8,0x01c8,0x01c8,0x01c7,0x01c8,0x01c8,0x01c8,0x01c7,0x01c8,0x01c7,0x01c8,0x01a7,
0x01c8,0x01a7,0x01c8,0x01c7,0x01c8,0x01a7,0x01c8,0x01a7,0x01a8,0x01a7,0x01a8,0x01a7,0x01a8,0x01a7,0x01a8,0x01a7,
0x0186,0x0186,0x0166,0x0186,0x0165,0x0186,0x01a6,0x09a6,0x01a6,0x09c6,0x01a6,0x09a6,0x0165,0x0146,0x0145,0x0146,
0x0145,0x0166,0x0145,0x0146,0x0145,0x0166,0x0166,0x01a7,0x01c7,0x01e8,0x01e7,0x01e8,0x01e7,0x01e8,0x01e8,0x01e8,
0x01e7,0x01e8,0x01e8,0x01e8,0x01e8,0x01e8,0x01e7,0x01e8,0x01e7,0x01e8,0x01e8,0x01e8,0x01e8,0x01e8,0x01e8,0x0208,
0x01e8,0x0208,0x0208,0x0208,0x0208,0x0208,0x0208,0x0208,0x0208,0x0209,0x0208,0x0209,0x0208,0x0208,0x01e8,0x0209,
0x0208,0x0208,0x01e8,0x0209,0x01e8,0x0208,0x0208,0x0209,0x0208,0x0209,0x0208,0x0229,0x0208,0x0229,0x0208,0x0229,
0x0208,0x0229,0x0208,0x0a29,0x0208,0x0229,0x0228,0x0a29,0x0228,0x0a29,0x0228,0x0a29,0x0228,0x0229,0x0229,0x0229,
0x0228,0x0229,0x0229,0x0a29,0x0228,0x0229,0x0229,0x0229,0x0228,0x0229,0x0228,0x0229,0x0228,0x0229,0x0228,0x0229,
0x0228,0x0229,0x0229,0x0a29,0x0229,0x0a49,0x0229,0x0a49,0x0228,0x0249,0x0229,0x0a49,0x0229,0x0a49,0x0229,0x0a49,
0x0229,0x0249,0x0229,0x0a29,0x0229,0x0a49,0x0229,0x0a49,0x0229,0x0a49,0x0229,0x0a49,0x0229,0x0a49,0x0229,0x0a49,
0x0229,0x0a49,0x0229,0x0a49,0x0229,0x0a49,0x0229,0x0a49,0x0229,0x0a49,0x0229,0x0229,0x0229,0x0229,0x0229,0x0229,
0x0228,0x0229,0x0229,0x0229,0x0228,0x0229,0x0228,0x0229,0x0208,0x0229,0x0208,0x0229,0x0208,0x0229,0x0208,0x0229,
0x0208,0x0209,0x0208,0x0209,0x01e8,0x0208,0x01e8,0x0209,0x01e8,0x0208,0x01e8,0x0208,0x01e8,0x0208,0x01e8,0x01e8,
0x01e8,0x01e8,0x01e8,0x0208,0x01e8,0x0208,0x01e8,0x01e8,0x01e8,0x01e8,0x01e8,0x01e8,0x01e8,0x01e8,0x01e8,0x01e8,
0x01c7,0x01e8,0x01c8,0x01e8,0x01c7,0x01c8,0x01c7,0x01c8,0x01a7,0x01c8,0x01a7,0x01c8,0x01a7,0x01c8,0x01a7,0x01c8,
0x01a7,0x01c8,0x01a7,0x01c8,0x01a7,0x01c8,0x01a7,0x01c7,0x01a7,0x01a7,0x01a7,0x01a7,0x01a7,0x01a7,0x01a7,0x01a7,
0x0166,0x0166,0x0166,0x0166,0x0986,0x0186,0x0186,0x0186,0x09c7,0x01a6,0x09c7,0x01a6,0x0186,0x0145,0x0166,0x0166,
0x0166,0x0145,0x0146,0x0146,0x0166,0x0166,0x0187,0x01c7,0x01e8,0x01e8,0x01e8,0x01e8,0x01e8,0x01e8,0x01e8,0x01e8,
0x01e8,0x01e8,0x0208,0x01e8,0x0208,0x01e8,0x01e8,0x01e8,0x01e8,0x01e7,0x01e8,0x01e8,0x01e8,0x01e8,0x01e8,0x01e8,
0x0208,0x01e8,0x0209,0x0208,0x0208,0x0208,0x0a09,0x0208,0x0209,0x0208,0x0a09,0x0208,0x0229,0x0208,0x0209,0x0208,
0x0209,0x0208,0x0209,0x0208,0x0209,0x0208,0x0a29,0x0208,0x0229,0x0208,0x0a29,0x0208,0x0229,0x0208,0x0a29,0x0229,
0x0a29,0x0228,0x0a29,0x0229,0x0a29,0x0228,0x0a29,0x0228,0x0a29,0x0229,0x0a29,0x0229,0x0a29,0x0229,0x0a29,0x0229,
0x0a29,0x0229,0x0a29,0x0229,0x0a29,0x0229,0x0a29,0x0229,0x0a29,0x0229,0x0a29,0x0229,0x0a29,0x0229,0x0a29,0x0229,
0x0a29,0x0229,0x0a49,0x0229,0x0a49,0x0229,0x0a49,0x0229,0x0a49,0x0229,0x0a49,0x0229,0x0a49,0x0229,0x0a4a,0x0249,
0x0a49,0x0229,0x0a49,0x0229,0x0a49,0x0229,0x0a49,0x0229,0x0a49,0x0229,0x0a49,0x0249,0x0a49,0x0229,0x0a4a,0x0a29,
0x0a49,0x0229,0x0a49,0x0229,0x0a49,0x0229,0x0a49,0x0229,0x0a49,0x0229,0x0a49,0x0229,0x0a49,0x0229,0x0a49,0x0229,
0x0a29,0x0229,0x0a29,0x0229,0x0a29,0x0229,0x0a29,0x0229,0x0a29,0x0229,0x0a29,0x0229,0x0229,0x0228,0x0a29,0x0208,
0x0229,0x0208,0x0209,0x0208,0x0209,0x01e8,0x0a09,0x0208,0x0209,0x01e8,0x0209,0x01e8,0x0209,0x01e8,0x0209,0x01e8,
0x0208,0x01e8,0x0209,0x01e8,0x0208,0x01e8,0x0209,0x01e8,0x01e8,0x01e8,0x01e9,0x01e8,0x01e8,0x01e8,0x01e8,0x01e8,
0x01e8,0x01e8,0x01e8,0x01c8,0x01e8,0x01c8,0x01e8,0x01c8,0x01c8,0x01c7,0x01c8,0x01c8,0x01c8,0x01c7,0x01c8,0x01c8,
0x01c8,0x01c7,0x01c8,0x01c8,0x01c8,0x01a7,0x01c8,0x01a7,0x01c8,0x01a7,0x01a8,0x01a7,0x01a7,0x01a7,0x01a8,0x01a7,
0x0125,0x0145,0x0125,0x0166,0x0165,0x0186,0x0186,0x01a6,0x01a6,0x09c7,0x0185,0x0186,0x0145,0x0146,0x0145,0x0146,
0x0145,0x0146,0x0145,0x0146,0x0146,0x0187,0x01a7,0x01c8,0x01c7,0x01e8,0x01e7,0x01e8,0x01e8,0x01e8,0x01e7,0x01e8,
0x01e8,0x01e8,0x01e7,0x01e8,0x01e8,0x01e8,0x01e7,0x01e8,0x01c7,0x01e8,0x01c7,0x01e8,0x01e8,0x01e8,0x01e8,0x01e8,
0x01e8,0x0208,0x01e8,0x0208,0x01e8,0x0208,0x01e8,0x0208,0x01e8,0x0209,0x01e8,0x0208,0x0208,0x0209,0x01e8,0x0208,
0x01e8,0x0209,0x0208,0x0208,0x01e8,0x0209,0x0208,0x0209,0x0208,0x0209,0x0208,0x0209,0x0208,0x0229,0x0208,0x0229,
0x0208,0x0a29,0x0208,0x0229,0x0228,0x0a29,0x0228,0x0229,0x0228,0x0a29,0x0228,0x0a29,0x0228,0x0229,0x0228,0x0229,
0x0229,0x0229,0x0228,0x0229,0x0229,0x0a29,0x0228,0x0229,0x0228,0x0229,0x0228,0x0229,0x0229,0x0229,0x0228,0x0229,
0x0229,0x0229,0x0228,0x0229,0x0229,0x0a29,0x0228,0x0229,0x0229,0x0a49,0x0228,0x0249,0x0229,0x0a49,0x0229,0x0a49,
0x0229,0x0a49,0x0229,0x0229,0x0229,0x0a29,0x0229,0x0a49,0x0229,0x0a49,0x0229,0x0a49,0x0229,0x0a49,0x0229,0x0a49,
0x0229,0x0a49,0x0229,0x0a49,0x0229,0x0a49,0x0229,0x0a49,0x0229,0x0a49,0x0228,0x0249,0x0229,0x0229,0x0228,0x0229,
0x0229,0x0229,0x0228,0x0229,0x0228,0x0229,0x0228,0x0229,0x0228,0x0229,0x0208,0x0229,0x0228,0x0229,0x0208,0x0229,
0x0208,0x0209,0x0208,0x0209,0x0208,0x0209,0x01e8,0x0208,0x01e8,0x0208,0x01e8,0x0208,0x01e8,0x01e8,0x01e8,0x01e8,
0x01e8,0x01e8,0x01e8,0x01e8,0x01e8,0x01e8,0x01e8,0x01e8,0x01e8,0x01e8,0x01e8,0x01e8,0x01e8,0x01e8,0x01e8,0x01e8,
0x01e8,0x01e8,0x01c8,0x01e8,0x01c8,0x01c8,0x01c7,0x01c8,0x01c7,0x01c8,0x01a7,0x01c8,0x01a7,0x01c8,0x01a7,0x01c8,
0x01a7,0x01c8,0x01a7,0x01c8,0x01a7,0x01c8,0x01a7,0x01c7,0x01a7,0x01c8,0x01a7,0x01a7,0x01a7,0x01a7,0x01a7,0x01a7,
0x0146,0x0125,0x0145,0x0125,0x0145,0x0145,0x0186,0x0165,0x0186,0x0166,0x0166,0x0145,0x0166,0x0146,0x0146,0x0125,
0x0166,0x0146,0x0166,0x0166,0x0187,0x01a7,0x01c7,0x01c7,0x01e8,0x01e8,0x01e8,0x01e7,0x01e8,0x01e8,0x01e8,0x01e8,
0x01e8,0x01e8,0x0208,0x01e8,0x01e8,0x01e8,0x01e8,0x01e7,0x01e8,0x01e8,0x01e8,0x01e8,0x01e8,0x01e8,0x01e8,0x01e8,
0x0208,0x01e8,0x0208,0x01e8,0x0209,0x0208,0x0208,0x0208,0x0a09,0x0208,0x0209,0x01e8,0x0a09,0x0208,0x0209,0x0208,
0x0209,0x0208,0x0209,0x0208,0x0209,0x0208,0x0209,0x0208,0x0a29,0x0208,0x0229,0x0228,0x0a29,0x0228,0x0a29,0x0228,
0x0a29,0x0229,0x0a29,0x0228,0x0a29,0x0229,0x0a29,0x0228,0x0a29,0x0229,0x0a29,0x0228,0x0a29,0x0229,0x0229,0x0229,
0x0a29,0x0229,0x0a29,0x0229,0x0a29,0x0229,0x0a29,0x0229,0x0a29,0x0229,0x0a29,0x0229,0x0a29,0x0229,0x0a29,0x0229,
0x0a49,0x0229,0x0a29,0x0229,0x0a49,0x0229,0x0a49,0x0229,0x0a4a,0x0229,0x0a49,0x0229,0x0a4a,0x0249,0x0a49,0x0249,
0x0a4a,0x0229,0x0a49,0x0229,0x0a49,0x0229,0x0a49,0x0229,0x0a49,0x0229,0x0a49,0x0229,0x0a49,0x0249,0x0a4a,0x0249,
0x0a4a,0x0249,0x0a49,0x0229,0x0a49,0x0229,0x0a49,0x0229,0x0a49,0x0229,0x0a49,0x0229,0x0a49,0x0229,0x0a29,0x0229,
0x0a29,0x0229,0x0229,0x0229,0x0a29,0x0229,0x0a29,0x0229,0x0a29,0x0229,0x0229,0x0228,0x0a29,0x0229,0x0229,0x0228,
0x0a29,0x0208,0x0229,0x0208,0x0a09,0x0208,0x0209,0x01e8,0x0209,0x01e8,0x0208,0x01e8,0x0209,0x01e8,0x0208,0x01e8,
0x0209,0x01e8,0x0208,0x01e8,0x0209,0x01e8,0x01e8,0x01e8,0x01e9,0x01e8,0x01e8,0x01e8,0x01e9,0x01e8,0x01e8,0x01e8,
0x01e9,0x01e8,0x01e8,0x01e8,0x01e8,0x01c8,0x01e8,0x01c8,0x01e8,0x01c8,0x01c8,0x01c7,0x01c8,0x01c8,0x01c8,0x01c7,
0x01c8,0x01c8,0x01c8,0x01c7,0x01c8,0x01a7,0x01c8,0x01a7,0x01c8,0x01a7,0x01c8,0x01a7,0x01c8,0x01a7,0x01a8,0x01a7,
0x0125,0x0145,0x0125,0x0145,0x0125,0x0145,0x0145,0x0145,0x0125,0x0145,0x0125,0x0145,0x0145,0x0145,0x0125,0x0146,
0x0145,0x0166,0x0166,0x0186,0x01a6,0x01a7,0x01a7,0x01c7,0x01c7,0x01e8,0x01e7,0x01e8,0x01c7,0x01e8,0x01e8,0x01e8,
0x01e7,0x01e8,0x01e8,0x01e8,0x01c7,0x01e8,0x01c7,0x01c8,0x01c7,0x01e8,0x01c7,0x01e8,0x01e7,0x01e8,0x01e8,0x01e8,
0x01e8,0x0208,0x01e8,0x0208,0x01e8,0x0208,0x01e8,0x0208,0x01e8,0x0208,0x01e8,0x0208,0x01e8,0x0208,0x0208,0x0209,
0x01e8,0x0208,0x0208,0x0209,0x01e8,0x0208,0x0208,0x0209,0x0208,0x0209,0x0208,0x0229,0x0208,0x0229,0x0228,0x0a29,
0x0208,0x0229,0x0228,0x0a29,0x0228,0x0a29,0x0228,0x0a29,0x0228,0x0229,0x0208,0x0229,0x0228,0x0229,0x0228,0x0229,
0x0228,0x0229,0x0228,0x0229,0x0228,0x0229,0x0229,0x0a29,0x0228,0x0229,0x0229,0x0229,0x0228,0x0229,0x0229,0x0a29,
0x0228,0x0229,0x0229,0x0a29,0x0228,0x0229,0x0229,0x0a29,0x0228,0x0229,0x0229,0x0a29,0x0229,0x0249,0x0229,0x0a49,
0x0229,0x0a49,0x0229,0x0a49,0x0229,0x0a49,0x0229,0x0a49,0x0229,0x0249,0x0229,0x0a49,0x0229,0x0a49,0x0229,0x0a49,
0x0229,0x0a49,0x0229,0x0a49,0x0229,0x0a49,0x0229,0x0a49,0x0228,0x0a49,0x0229,0x0a29,0x0228,0x0229,0x0228,0x0229,
0x0228,0x0229,0x0228,0x0229,0x0228,0x0229,0x0229,0x0229,0x0208,0x0229,0x0208,0x0229,0x0208,0x0229,0x0208,0x0229,
0x0208,0x0209,0x0208,0x0209,0x0208,0x0208,0x01e8,0x0208,0x01e8,0x01e8,0x01e8,0x01e8,0x01e8,0x01e8,0x01e8,0x01e8,
0x01e8,0x01e8,0x01e8,0x01e8,0x01e8,0x01e8,0x01e8,0x01e8,0x01e8,0x01e8,0x01e8,0x01e8,0x01e8,0x01e8,0x01e8,0x01e8,
0x01e8,0x01e8,0x01e8,0x01e8,0x01c7,0x01e8,0x01c8,0x01c8,0x01c7,0x01c8,0x01c7,0x01c8,0x01c7,0x01c8,0x01c7,0x01c8,
0x01a7,0x01c8,0x01a7,0x01c8,0x01a7,0x01c7,0x01a7,0x01c7,0x01a7,0x01c7,0x01a7,0x01c8,0x01a7,0x01a7,0x01a7,0x01a7,
0x0145,0x0125,0x0146,0x0145,0x0146,0x0145,0x0146,0x0145,0x0146,0x0125,0x0146,0x0125,0x0146,0x0125,0x0146,0x0166,
0x0187,0x0186,0x01a7,0x0186,0x01a7,0x01a7,0x01a7,0x01a7,0x01c8,0x01c7,0x01e8,0x01c7,0x01e8,0x01e8,0x01e8,0x01e8,
0x01e8,0x01e8,0x01e8,0x01e8,0x01e8,0x01c7,0x01e8,0x01c7,0x01e8,0x01e7,0x01e8,0x01e8,0x01e8,0x01e8,0x0208,0x01e8,
0x0208,0x01e8,0x0208,0x0208,0x0208,0x0208,0x0209,0x0208,0x0209,0x0208,0x0209,0x0208,0x0209,0x01e8,0x0209,0x0208,
0x0209,0x0208,0x0209,0x0208,0x0209,0x0208,0x0a29,0x0208,0x0a29,0x0228,0x0a29,0x0208,0x0a29,0x0228,0x0a29,0x0229,
0x0a29,0x0229,0x0a29,0x0229,0x0a29,0x0228,0x0a29,0x0229,0x0a29,0x0229,0x0a29,0x0229,0x0a29,0x0229,0x0a29,0x0229,
0x0229,0x0229,0x0a29,0x0229,0x0a29,0x0229,0x0a29,0x0229,0x0a49,0x0229,0x0a29,0x0229,0x0a29,0x0229,0x0a29,0x0229,
0x0a49,0x0229,0x0a29,0x0229,0x0a49,0x0229,0x0a49,0x0229,0x0a29,0x0229,0x0a49,0x0229,0x0a49,0x0229,0x0a49,0x0229,
0x0a49,0x0229,0x0a49,0x0249,0x0a49,0x0229,0x0a49,0x0229,0x0a49,0x0229,0x0a49,0x0229,0x0a49,0x0229,0x0a4a,0x0229,
0x0a49,0x0229,0x0a49,0x0229,0x0a49,0x0229,0x0a49,0x0229,0x0a49,0x0229,0x0a49,0x0229,0x0a29,0x0229,0x0a29,0x0229,
0x0229,0x0229,0x0a29,0x0229,0x0a29,0x0229,0x0a29,0x0229,0x0229,0x0228,0x0a29,0x0229,0x0229,0x0228,0x0a29,0x0208,
0x0229,0x0208,0x0209,0x0208,0x0209,0x0208,0x0a09,0x01e8,0x0209,0x01e8,0x0209,0x01e8,0x0208,0x01e8,0x0209,0x01e8,
0x0208,0x01e8,0x0209,0x01e8,0x0208,0x01e8,0x01e9,0x01e8,0x01e8,0x01e8,0x01e8,0x01e8,0x01e8,0x01e8,0x01e9,0x01e8,
0x01e8,0x01e8,0x01e8,0x01e8,0x01e8,0x01c8,0x01e8,0x01c8,0x01e8,0x01c8,0x01e8,0x01c8,0x01c8,0x01c7,0x01c8,0x01c8,
0x01c8,0x01c7,0x01c8,0x01a7,0x01c8,0x01a7,0x01c8,0x01a7,0x01c8,0x01a7,0x01c8,0x01a7,0x01c8,0x01a7,0x01c8,0x01a7,
0x0105,0x0125,0x0125,0x0145,0x0125,0x0145,0x0125,0x0145,0x0125,0x0145,0x0125,0x0145,0x0125,0x0145,0x0166,0x01a7,
0x0186,0x0187,0x0166,0x0186,0x0166,0x0187,0x0186,0x0187,0x01a7,0x01c7,0x01c7,0x01e8,0x01e7,0x01e8,0x01e7,0x01e8,
0x01e7,0x01e8,0x01e7,0x01e8,0x01c7,0x01e8,0x01c7,0x01c8,0x01c7,0x01e8,0x01c7,0x01e8,0x01e8,0x01e8,0x01e7,0x0208,
0x01e8,0x0208,0x01e8,0x0208,0x0208,0x0208,0x01e8,0x0208,0x01e8,0x0209,0x01e8,0x0208,0x01e8,0x0208,0x01e8,0x0208,
0x01e8,0x0208,0x01e8,0x0208,0x0208,0x0209,0x0208,0x0209,0x0208,0x0229,0x0208,0x0228,0x0208,0x0a29,0x0228,0x0229,
0x0228,0x0a29,0x0228,0x0a29,0x0228,0x0a29,0x0228,0x0229,0x0228,0x0229,0x0228,0x0229,0x0228,0x0229,0x0228,0x0229,
0x0228,0x0229,0x0228,0x0229,0x0229,0x0a29,0x0228,0x0a29,0x0229,0x0a29,0x0228,0x0229,0x0229,0x0229,0x0228,0x0229,
0x0229,0x0a49,0x0228,0x0229,0x0229,0x0a29,0x0229,0x0229,0x0229,0x0229,0x0228,0x0229,0x0229,0x0229,0x0228,0x0229,
0x0229,0x0a49,0x0229,0x0249,0x0229,0x0a49,0x0229,0x0249,0x0229,0x0a29,0x0228,0x0249,0x0229,0x0a49,0x0229,0x0a49,
0x0229,0x0a49,0x0229,0x0a49,0x0229,0x0a49,0x0228,0x0a49,0x0229,0x0a49,0x0228,0x0229,0x0228,0x0229,0x0228,0x0229,
0x0228,0x0229,0x0228,0x0229,0x0208,0x0229,0x0228,0x0229,0x0208,0x0229,0x0208,0x0229,0x0208,0x0229,0x0208,0x0209,
0x0208,0x0209,0x0208,0x0208,0x01e8,0x0208,0x01e8,0x0208,0x01e8,0x0208,0x01e8,0x01e8,0x01e8,0x01e8,0x01e8,0x01e8,
0x01e8,0x01e8,0x01e8,0x01e8,0x01e8,0x01e8,0x01e8,0x01e8,0x01e8,0x01e8,0x01e8,0x01e8,0x01e8,0x01e8,0x01e8,0x01e8,
0x01e8,0x01e8,0x01e8,0x01e8,0x01c8,0x01e8,0x01c7,0x01e8,0x01c8,0x01e8,0x01c7,0x01c8,0x01c7,0x01c8,0x01a7,0x01c8,
0x01a7,0x01c8,0x01a7,0x01c8,0x01a7,0x01c8,0x01a7,0x01c7,0x01a7,0x01c8,0x01a7,0x01c7,0x01a7,0x01c8,0x01a7,0x01a7,
0x0126,0x0125,0x0125,0x0125,0x0146,0x0125,0x0146,0x0125,0x0146,0x0125,0x0146,0x0145,0x0166,0x0186,0x01c7,0x0186,
0x0187,0x0166,0x0166,0x0166,0x0187,0x0166,0x0187,0x0186,0x01a7,0x01a7,0x01c7,0x01c7,0x09e8,0x01c7,0x01e8,0x01e7,
0x01e8,0x01e8,0x01e8,0x01e7,0x01e8,0x01c8,0x01e8,0x01c7,0x01e8,0x01e8,0x01e8,0x01e8,0x01e8,0x01e8,0x0208,0x0208,
0x0209,0x0208,0x0208,0x0208,0x0209,0x0208,0x0208,0x0208,0x0a09,0x0208,0x0209,0x0208,0x0a09,0x0208,0x0209,0x01e8,
0x0209,0x0208,0x0209,0x0208,0x0209,0x0208,0x0229,0x0208,0x0a29,0x0208,0x0a29,0x0208,0x0a29,0x0228,0x0a29,0x0228,
0x0a29,0x0228,0x0a29,0x0228,0x0a49,0x0229,0x0a29,0x0229,0x0a29,0x0229,0x0a29,0x0229,0x0a29,0x0229,0x0229,0x0229,
0x0a29,0x0229,0x0a29,0x0229,0x0a29,0x0229,0x0a49,0x0229,0x0a49,0x0229,0x0a29,0x0229,0x0a29,0x0229,0x0a49,0x0229,
0x0a49,0x0229,0x0a49,0x0229,0x0a49,0x0229,0x0a49,0x0229,0x0a49,0x0229,0x0a49,0x0229,0x0a49,0x0229,0x0a49,0x0229,
0x0a49,0x0229,0x0a49,0x0229,0x0a49,0x0229,0x0a49,0x0229,0x0a49,0x0229,0x0a49,0x0229,0x0a49,0x0229,0x0a49,0x0229,
0x0a49,0x0229,0x0a49,0x0229,0x0a49,0x0229,0x0a49,0x0229,0x0a49,0x0229,0x0a49,0x0229,0x0a29,0x0229,0x0a29,0x0229,
0x0a29,0x0229,0x0229,0x0229,0x0a29,0x0229,0x0229,0x0228,0x0a29,0x0229,0x0a29,0x0208,0x0a29,0x0209,0x0a29,0x0208,
0x0a29,0x0208,0x0229,0x0208,0x0a09,0x0208,0x0209,0x0208,0x0a09,0x0208,0x0209,0x01e8,0x0209,0x01e8,0x0208,0x01e8,
0x0209,0x01e8,0x0208,0x01e8,0x0209,0x01e8,0x01e8,0x01e8,0x01e8,0x01e8,0x0208,0x01e8,0x01e8,0x01e8,0x01e8,0x01e8,
0x01e9,0x01e8,0x01e8,0x01e8,0x01e8,0x01c8,0x01e8,0x01c8,0x01e8,0x01c8,0x01e8,0x01c7,0x01c8,0x01c8,0x01c8,0x01c7,
0x01c8,0x01c8,0x01c8,0x01c7,0x01c8,0x01a7,0x01c8,0x01a7,0x01c8,0x01a7,0x01c8,0x01a7,0x01c8,0x01a7,0x01c8,0x01a7,
0x0125,0x0125,0x0125,0x0145,0x0125,0x0145,0x0125,0x0146,0x0125,0x0125,0x0125,0x0166,0x01a6,0x01c7,0x0186,0x0166,
0x0145,0x0166,0x0146,0x0166,0x0166,0x0186,0x0186,0x01a7,0x0186,0x01a7,0x0186,0x01a7,0x01a7,0x01c7,0x01c7,0x01e8,
0x01e7,0x01e8,0x01e7,0x01e8,0x01c7,0x01e8,0x01c7,0x01e8,0x01c7,0x01e8,0x01e8,0x01e8,0x01e8,0x0208,0x01e8,0x0208,
0x01e8,0x0208,0x01e8,0x0208,0x01e8,0x0208,0x01e8,0x0208,0x01e8,0x0208,0x01e8,0x0209,0x01e8,0x0208,0x01e8,0x0208,
0x01e8,0x0208,0x01e8,0x0208,0x01e8,0x0208,0x0208,0x0209,0x0208,0x0209,0x0208,0x0229,0x0208,0x0229,0x0208,0x0229,
0x0228,0x0229,0x0208,0x0a29,0x0228,0x0229,0x0228,0x0a29,0x0228,0x0229,0x0228,0x0229,0x0228,0x0229,0x0228,0x0229,
0x0228,0x0229,0x0229,0x0a29,0x0228,0x0229,0x0229,0x0a49,0x0229,0x0229,0x0229,0x0a29,0x0228,0x0229,0x0229,0x0a49,
0x0228,0x0229,0x0229,0x0a49,0x0229,0x0249,0x0229,0x0a49,0x0229,0x0229,0x0229,0x0a49,0x0229,0x0249,0x0229,0x0a49,
0x0228,0x0a29,0x0229,0x0a29,0x0228,0x0229,0x0229,0x0a29,0x0228,0x0a49,0x0229,0x0a29,0x0228,0x0a29,0x0229,0x0a49,
0x0228,0x0a49,0x0229,0x0a49,0x0228,0x0a29,0x0228,0x0a49,0x0229,0x0a29,0x0229,0x0229,0x0228,0x0229,0x0229,0x0229,
0x0228,0x0229,0x0228,0x0229,0x0228,0x0229,0x0208,0x0229,0x0208,0x0229,0x0208,0x0229,0x0208,0x0209,0x0208,0x0209,
0x0208,0x0209,0x0208,0x0209,0x0208,0x0208,0x01e8,0x0209,0x01e8,0x0208,0x01e8,0x01e8,0x01e8,0x01e8,0x01e8,0x01e8,
0x01e8,0x01e8,0x01e8,0x01e8,0x01e8,0x01e8,0x01e8,0x01e8,0x01e8,0x01e8,0x01e8,0x01e8,0x01e8,0x01e8,0x01e8,0x01e8,
0x01e8,0x01e8,0x01c8,0x01e8,0x01c8,0x01e8,0x01c8,0x01c8,0x01c7,0x01c8,0x01c7,0x01c8,0x01a7,0x01c8,0x01a7,0x01c8,
0x01a7,0x01c8,0x01a7,0x01c8,0x01a7,0x01c8,0x01a7,0x01c8,0x01a7,0x01c8,0x01a7,0x01c8,0x01a7,0x01a7,0x01a7,0x01a8,
0x0146,0x0125,0x0146,0x0145,0x0146,0x0145,0x0146,0x0125,0x0146,0x0166,0x09a7,0x01a7,0x01c7,0x0186,0x0166,0x0166,
0x0166,0x0146,0x0166,0x0166,0x01a7,0x0186,0x01a7,0x0187,0x01a7,0x01a7,0x01a7,0x01a7,0x01a7,0x01a7,0x01c8,0x01e8,
0x01e8,0x01e8,0x01e8,0x01e8,0x01e8,0x01c7,0x01e8,0x01e8,0x01e8,0x01e7,0x01e8,0x01e8,0x01e8,0x01e8,0x0208,0x01e8,
0x0208,0x01e8,0x0a09,0x01e8,0x0208,0x0208,0x0209,0x0208,0x0209,0x0208,0x0a09,0x0208,0x0209,0x0208,0x0a09,0x0208,
0x0209,0x0208,0x0209,0x0208,0x0229,0x0208,0x0a29,0x0208,0x0229,0x0208,0x0a29,0x0208,0x0229,0x0208,0x0a29,0x0228,
0x0a29,0x0228,0x0a29,0x0229,0x0a29,0x0229,0x0a29,0x0229,0x0a29,0x0229,0x0a29,0x0229,0x0a49,0x0229,0x0a49,0x0229,
0x0a29,0x0229,0x0a29,0x0229,0x0a29,0x0229,0x0a49,0x0229,0x0a49,0x0229,0x0a49,0x0229,0x0a49,0x0229,0x0a49,0x0229,
0x0a49,0x0229,0x0a49,0x0229,0x0a49,0x0229,0x0a49,0x0229,0x0a49,0x0229,0x0a49,0x0229,0x0a49,0x0229,0x0a49,0x0229,
0x0a49,0x0229,0x0a49,0x0229,0x0a49,0x0229,0x0a49,0x0229,0x0a49,0x0229,0x0a49,0x0229,0x0a29,0x0229,0x0a49,0x0229,
0x0a49,0x0229,0x0a49,0x0229,0x0a49,0x0229,0x0a49,0x0229,0x0a49,0x0229,0x0a29,0x0229,0x0a29,0x0229,0x0a29,0x0229,
0x0a29,0x0229,0x0a29,0x0229,0x0a29,0x0229,0x0a29,0x0229,0x0229,0x0208,0x0a29,0x0209,0x0229,0x0208,0x0a29,0x0208,
0x0229,0x0208,0x0a29,0x0208,0x0a29,0x0208,0x0a09,0x0208,0x0209,0x0208,0x0a09,0x0208,0x0209,0x01e8,0x0209,0x01e8,
0x0208,0x01e8,0x0209,0x01e8,0x0208,0x01e8,0x01e9,0x01e8,0x01e8,0x01e8,0x0209,0x01e8,0x01e8,0x01e8,0x01e8,0x01e8,
0x01e8,0x01e8,0x09e8,0x01c8,0x01e8,0x01e8,0x01e8,0x01c8,0x01e8,0x01c8,0x01e8,0x01c8,0x01c8,0x01c7,0x01c8,0x01a7,
0x01c8,0x01a7,0x01c8,0x01c7,0x01c8,0x01a7,0x01c8,0x01a7,0x01c8,0x01a7,0x01c8,0x01a7,0x01c8,0x01a7,0x01c8,0x01a7,
0x0125,0x0146,0x0125,0x0145,0x0125,0x0145,0x0125,0x0146,0x09c7,0x1229,0x01c7,0x01a7,0x01a7,0x0166,0x0146,0x0166,
0x0166,0x0166,0x0166,0x0187,0x0186,0x0187,0x0186,0x01a7,0x0187,0x01a7,0x0186,0x01a7,0x01a7,0x01a7,0x01a7,0x01c8,
0x01c7,0x01e8,0x01e7,0x01e8,0x01e7,0x01e8,0x01e7,0x01e8,0x01e7,0x01e8,0x01e7,0x01e8,0x01e8,0x01e8,0x01e8,0x0208,
0x01e8,0x0208,0x01e8,0x0208,0x01e8,0x0208,0x01e8,0x0208,0x01e8,0x0209,0x01e8,0x0208,0x01e8,0x0209,0x01e8,0x0208,
0x01e8,0x0208,0x01e8,0x0209,0x0208,0x0209,0x0208,0x0208,0x0208,0x0209,0x0208,0x0209,0x0208,0x0229,0x0208,0x0229,
0x0208,0x0229,0x0228,0x0229,0x0228,0x0a29,0x0208,0x0229,0x0228,0x0a29,0x0228,0x0229,0x0228,0x0229,0x0228,0x0229,
0x0229,0x0229,0x0228,0x0229,0x0229,0x0a29,0x0229,0x0229,0x0229,0x0a29,0x0228,0x0229,0x0229,0x0a49,0x0229,0x0249,
0x0229,0x0a49,0x0228,0x0229,0x0229,0x0a49,0x0229,0x0249,0x0229,0x0a49,0x0229,0x0a49,0x0229,0x0a49,0x0229,0x0229,
0x0229,0x0a49,0x0228,0x0a29,0x0229,0x0a29,0x0228,0x0a29,0x0229,0x0a29,0x0229,0x0a29,0x0229,0x0a29,0x0228,0x0a29,
0x0229,0x0a29,0x0229,0x0a29,0x0229,0x0a49,0x0228,0x0a49,0x0229,0x0a49,0x0228,0x0229,0x0229,0x0a29,0x0228,0x0229,
0x0229,0x0229,0x0228,0x0229,0x0208,0x0229,0x0208,0x0229,0x0208,0x0229,0x0208,0x0209,0x0208,0x0209,0x0208,0x0209,
0x0208,0x0209,0x0208,0x0209,0x0208,0x0209,0x0208,0x0209,0x0208,0x0209,0x0208,0x0209,0x01e8,0x01e8,0x01e8,0x01e8,
0x01e8,0x01e8,0x01e8,0x01e8,0x01e8,0x01e8,0x01e8,0x01e8,0x01e8,0x01e8,0x01e8,0x01e8,0x01e8,0x01e8,0x01c7,0x01e8,
0x01c8,0x01e8,0x01c7,0x01e8,0x01c8,0x01e8,0x01c7,0x01e8,0x01c8,0x01e8,0x01c7,0x01c8,0x01c7,0x01c8,0x01a7,0x01c8,
0x01a7,0x01c8,0x01a7,0x01c8,0x01a7,0x01c8,0x01a7,0x01c7,0x01a7,0x01c8,0x01a7,0x01c7,0x01a7,0x01c8,0x01a7,0x01a7,
0x0146,0x0125,0x0146,0x0145,0x0146,0x0146,0x09c7,0x01c7,0x0a08,0x01e8,0x01e8,0x01a7,0x0187,0x0146,0x0166,0x0166,
0x0187,0x0166,0x01a7,0x0186,0x01a7,0x0187,0x01a7,0x0187,0x01a7,0x0187,0x01a7,0x01a7,0x01c7,0x01a7,0x01c7,0x01a7,
0x01c8,0x01e8,0x01e8,0x01e8,0x01e8,0x01e8,0x01e8,0x01e8,0x0208,0x01e8,0x01e8,0x01e8,0x0208,0x01e8,0x0208,0x01e8,
0x0209,0x01e8,0x0208,0x01e8,0x0208,0x0208,0x0208,0x0208,0x0a09,0x01e8,0x0209,0x0208,0x0a09,0x0208,0x0209,0x0208,
0x0a09,0x01e8,0x0209,0x0208,0x0a09,0x0208,0x0a29,0x0208,0x0a29,0x0208,0x0a29,0x0208,0x0a29,0x0208,0x0a29,0x0228,
0x0a29,0x0228,0x0a29,0x0228,0x0a29,0x0229,0x0a29,0x0229,0x0a29,0x0229,0x0a29,0x0229,0x0a29,0x0229,0x0a29,0x0229,
0x0a29,0x0229,0x0a29,0x0229,0x0a49,0x0229,0x0a49,0x0229,0x0a49,0x0229,0x0a49,0x0229,0x0a49,0x0229,0x0a49,0x0229,
0x0a49,0x0229,0x0a49,0x0229,0x0a49,0x0229,0x0a49,0x0229,0x0a49,0x0249,0x0a49,0x0229,0x0a49,0x0229,0x0a49,0x0229,
0x0a49,0x0229,0x0a49,0x0229,0x0a49,0x0229,0x0a49,0x0229,0x0a49,0x0229,0x0a49,0x0229,0x0a49,0x0229,0x0a49,0x0229,
0x0a49,0x0229,0x0a49,0x0229,0x0a49,0x0229,0x0a49,0x0229,0x0a49,0x0229,0x0a29,0x0229,0x0a49,0x0229,0x0a29,0x0229,
0x0a29,0x0229,0x0229,0x0229,0x0a29,0x0229,0x0a29,0x0208,0x0a29,0x0209,0x0a29,0x0208,0x0a29,0x0208,0x0229,0x0208,
0x0a29,0x0208,0x0229,0x0208,0x0a09,0x0208,0x0a09,0x0208,0x0a09,0x0208,0x0209,0x0208,0x0209,0x01e8,0x0208,0x01e8,
0x01e9,0x01e8,0x01e8,0x01e8,0x01e9,0x01e8,0x01e8,0x01e8,0x01e9,0x01e8,0x01e8,0x01e8,0x01e8,0x01e8,0x01e8,0x01e8,
0x01e8,0x01c8,0x01e8,0x01c8,0x01e8,0x01c8,0x01e8,0x01c8,0x01e8,0x01c8,0x01e8,0x01c8,0x01c8,0x01c8,0x01c8,0x01c7,
0x01c8,0x01c8,0x01c8,0x01c7,0x01c8,0x01c7,0x01c8,0x01a7,0x01c8,0x01a7,0x01c8,0x01a7,0x01c8,0x01a7,0x01c8,0x01a7,
0x0145,0x0146,0x0145,0x0186,0x01c7,0x01e8,0x01e8,0x0208,0x01e8,0x0208,0x0208,0x01a7,0x0166,0x0186,0x0166,0x0186,
0x0166,0x0187,0x0186,0x01a7,0x0186,0x0187,0x0186,0x0187,0x0186,0x01a7,0x0187,0x01a7,0x01a7,0x01a7,0x01a7,0x01a7,
0x01a7,0x01e8,0x01e7,0x01e8,0x01e7,0x01e8,0x01e8,0x01e8,0x01e7,0x01e8,0x01e8,0x01e8,0x01e8,0x0208,0x01e8,0x0208,
0x01e8,0x0208,0x01e8,0x0208,0x01e8,0x0208,0x01e8,0x0208,0x01e8,0x0208,0x01e8,0x0208,0x01e8,0x0208,0x01e8,0x0209,
0x01e8,0x0208,0x01e8,0x0209,0x01e8,0x0209,0x0208,0x0208,0x0208,0x0209,0x0208,0x0209,0x0208,0x0229,0x0208,0x0229,
0x0228,0x0229,0x0208,0x0229,0x0208,0x0229,0x0228,0x0a29,0x0228,0x0a29,0x0228,0x0a29,0x0228,0x0a29,0x0228,0x0229,
0x0228,0x0229,0x0229,0x0a29,0x0228,0x0229,0x0229,0x0229,0x0228,0x0229,0x0229,0x0249,0x0229,0x0229,0x0229,0x0229,
0x0229,0x0a49,0x0229,0x0a49,0x0229,0x0249,0x0229,0x0a49,0x0228,0x0a49,0x0229,0x0229,0x0228,0x0249,0x0229,0x0a49,
0x0228,0x0a29,0x0229,0x0a29,0x0228,0x0229,0x0229,0x0a29,0x0229,0x0a29,0x0229,0x0a29,0x0229,0x0a49,0x0229,0x0a49,
0x0228,0x0a29,0x0229,0x0229,0x0228,0x0a29,0x0228,0x0a29,0x0228,0x0229,0x0229,0x0a29,0x0228,0x0229,0x0228,0x0229,
0x0208,0x0229,0x0208,0x0229,0x0208,0x0229,0x0208,0x0229,0x0208,0x0209,0x0208,0x0209,0x0208,0x0209,0x0208,0x0209,
0x0208,0x0209,0x0208,0x0209,0x0208,0x0209,0x0208,0x0209,0x0208,0x0208,0x01e8,0x0209,0x01e8,0x0208,0x01e8,0x01e8,
0x01e8,0x01e8,0x01e8,0x01e8,0x01e8,0x01e8,0x01e8,0x01e8,0x01e8,0x01e8,0x01c8,0x01e8,0x01c8,0x01e8,0x01c8,0x01e8,
0x01c7,0x01e8,0x01c8,0x01e8,0x01c7,0x01e8,0x01c8,0x01e8,0x01c7,0x01e8,0x01c8,0x01c8,0x01c7,0x01c8,0x01a7,0x01c8,
0x01a7,0x01c8,0x01a7,0x01c8,0x01a7,0x01c8,0x01a7,0x01c8,0x01a7,0x01c8,0x01a7,0x01c8,0x01a7,0x01c8,0x01a7,0x01c8,
0x0187,0x0166,0x0166,0x0166,0x01c7,0x01c7,0x0208,0x0208,0x0209,0x01e8,0x01c8,0x0166,0x0187,0x0186,0x0187,0x0186,
0x0187,0x0186,0x01a7,0x0186,0x01a7,0x0186,0x01a7,0x0187,0x01a7,0x01a7,0x01c7,0x01a7,0x01c7,0x01a7,0x01a7,0x01a7,
0x01c7,0x01e8,0x0208,0x01e8,0x0208,0x01e8,0x0208,0x01e8,0x0208,0x01e8,0x0208,0x01e8,0x0208,0x01e8,0x0208,0x01e8,
0x0208,0x01e8,0x0208,0x01e8,0x0208,0x0208,0x0209,0x0208,0x0209,0x01e8,0x0209,0x01e8,0x0209,0x01e8,0x0a09,0x0208,
0x0209,0x0208,0x0a09,0x0208,0x0209,0x0208,0x0a09,0x0208,0x0209,0x0208,0x0a29,0x0208,0x0a29,0x0228,0x0a29,0x0228,
0x0a29,0x0228,0x0a29,0x0208,0x0229,0x0208,0x0a29,0x0229,0x0a29,0x0229,0x0a29,0x0229,0x0a49,0x0229,0x0a49,0x0229,
0x0a29,0x0229,0x0a49,0x0229,0x0a49,0x0229,0x0a29,0x0229,0x0a29,0x0229,0x0a49,0x0229,0x0a49,0x0229,0x0a49,0x0229,
0x0a49,0x0229,0x0a49,0x0229,0x0a49,0x0229,0x0a49,0x0229,0x0a49,0x0229,0x0a49,0x0229,0x0a49,0x0229,0x0a49,0x0229,
0x0a49,0x0229,0x0a49,0x0229,0x0a29,0x0229,0x0a49,0x0229,0x0a29,0x0229,0x0a49,0x0229,0x0a49,0x0229,0x0a49,0x0229,
0x0a49,0x0229,0x0a49,0x0229,0x0a49,0x0229,0x0a49,0x0229,0x0a49,0x0229,0x0a49,0x0229,0x0a29,0x0229,0x0a29,0x0229,
0x0229,0x0229,0x0a29,0x0209,0x0229,0x0208,0x0a29,0x0209,0x0229,0x0208,0x0a29,0x0209,0x0229,0x0208,0x0a29,0x0208,
0x0229,0x0208,0x0a09,0x0208,0x0229,0x0208,0x0a09,0x0208,0x0209,0x0208,0x0a09,0x0208,0x0209,0x01e8,0x0209,0x01e8,
0x01e8,0x01e8,0x01e8,0x01e8,0x01e8,0x01e8,0x01e8,0x01e8,0x01e8,0x01e8,0x01e8,0x01e8,0x01e8,0x01e8,0x01e8,0x01e8,
0x01e8,0x01c8,0x01e8,0x01e8,0x01e8,0x01c8,0x01e8,0x01c8,0x01e8,0x01c8,0x01e8,0x01c8,0x01c8,0x01c8,0x01c8,0x01c8,
0x01c8,0x01c7,0x01c8,0x01c8,0x01c8,0x01c7,0x01c8,0x01a7,0x01c8,0x01a7,0x01c8,0x01a7,0x01c8,0x01a7,0x01c8,0x01a7,
0x01a6,0x09e7,0x01c6,0x09c7,0x01a6,0x01c7,0x01a6,0x01e8,0x0208,0x01c8,0x0166,0x0166,0x0166,0x0166,0x0166,0x0187,
0x0186,0x0187,0x0186,0x0187,0x0186,0x01a7,0x01a6,0x01a7,0x0187,0x01a7,0x01a6,0x01c7,0x01a7,0x01a7,0x01a6,0x01a7,
0x01a7,0x01e8,0x01e7,0x0208,0x01e8,0x0208,0x01e8,0x0208,0x01e8,0x0208,0x01e8,0x0208,0x01e8,0x0208,0x01e7,0x0208,
0x01e8,0x01e8,0x01e7,0x01e8,0x01e8,0x0208,0x01e8,0x0208,0x01e8,0x0209,0x01e8,0x0208,0x01e8,0x0209,0x01e8,0x0208,
0x01e8,0x0208,0x01e8,0x0208,0x0208,0x0208,0x0208,0x0208,0x0208,0x0209,0x0208,0x0229,0x0208,0x0229,0x0208,0x0229,
0x0208,0x0209,0x0208,0x0209,0x0208,0x0229,0x0208,0x0229,0x0228,0x0a29,0x0228,0x0a29,0x0229,0x0a29,0x0228,0x0a29,
0x0229,0x0a29,0x0228,0x0a29,0x0229,0x0a29,0x0228,0x0229,0x0229,0x0229,0x0228,0x0a29,0x0229,0x0a49,0x0228,0x0a29,
0x0229,0x0a49,0x0228,0x0a49,0x0229,0x0a49,0x0229,0x0249,0x0229,0x0a49,0x0229,0x0229,0x0229,0x0a29,0x0229,0x0a29,
0x0229,0x0a29,0x0228,0x0229,0x0229,0x0a29,0x0228,0x0229,0x0228,0x0a29,0x0228,0x0a49,0x0229,0x0a49,0x0228,0x0a49,
0x0229,0x0a49,0x0228,0x0a49,0x0229,0x0a29,0x0228,0x0a29,0x0229,0x0a29,0x0228,0x0229,0x0229,0x0229,0x0208,0x0229,
0x0208,0x0229,0x0208,0x0209,0x0208,0x0209,0x0208,0x0229,0x0208,0x0229,0x0208,0x0229,0x0208,0x0209,0x0208,0x0209,
0x0208,0x0209,0x0208,0x0209,0x0208,0x0209,0x0208,0x0209,0x01e8,0x0209,0x01e8,0x0209,0x01e8,0x0209,0x01e8,0x01e8,
0x01e8,0x01e8,0x01e8,0x01e8,0x01e8,0x01e8,0x01c7,0x01e8,0x01c8,0x01e8,0x01c7,0x01e8,0x01c8,0x01e8,0x01c8,0x01e8,
0x01c8,0x01e8,0x01c8,0x01e8,0x01c8,0x01e8,0x01c7,0x01e8,0x01c8,0x01e8,0x01c7,0x01c8,0x01c7,0x01c8,0x01a7,0x01c8,
0x01a7,0x01c8,0x01a7,0x01c8,0x01a7,0x01c8,0x01a7,0x01c8,0x01a7,0x01c8,0x01a7,0x01c7,0x01a7,0x01c8,0x01a7,0x01a7,
0x1207,0x09e7,0x1207,0x09e7,0x1207,0x11e7,0x09c7,0x01a6,0x09c7,0x0186,0x0166,0x0166,0x0166,0x0166,0x0187,0x0186,
0x01a7,0x0187,0x01a7,0x0186,0x01a7,0x01a7,0x01a7,0x0187,0x01a7,0x0187,0x01a7,0x01a7,0x01a7,0x01a7,0x01a7,0x01a7,
0x01a7,0x01c7,0x0208,0x01e8,0x0208,0x0208,0x0208,0x01e8,0x0208,0x01e8,0x0208,0x0208,0x0208,0x01e8,0x0208,0x01e8,
0x0208,0x01e8,0x0208,0x01e8,0x0208,0x0208,0x0209,0x0208,0x0a09,0x0208,0x0209,0x0208,0x0a09,0x0208,0x0209,0x01e8,
0x0a09,0x0208,0x0208,0x0208,0x0209,0x0208,0x0229,0x0208,0x0a29,0x0208,0x0229,0x0208,0x0a29,0x0229,0x0a29,0x0228,
0x0a29,0x0208,0x0229,0x0208,0x0a29,0x0229,0x0a29,0x0228,0x0a29,0x0229,0x0a29,0x0229,0x0a49,0x0229,0x0a49,0x0229,
0x0a29,0x0229,0x0a49,0x0229,0x0a49,0x0229,0x0a49,0x0229,0x0a49,0x0229,0x0a49,0x0229,0x0a49,0x0229,0x0a49,0x0229,
0x0a49,0x0229,0x0a49,0x0249,0x0a49,0x0229,0x0a49,0x0229,0x0a49,0x0229,0x0a49,0x0229,0x0a4a,0x0229,0x0a49,0x0229,
0x0a49,0x0229,0x0a29,0x0229,0x0a49,0x0229,0x0a49,0x0229,0x0a49,0x0229,0x0a49,0x0229,0x0a49,0x0229,0x0a49,0x0229,
0x0a49,0x0229,0x0a49,0x0229,0x0a49,0x0229,0x0a49,0x0229,0x0a49,0x0229,0x0a29,0x0229,0x0a29,0x0229,0x0229,0x0208,
0x0a29,0x0208,0x0229,0x0208,0x0a29,0x0208,0x0229,0x0208,0x0a29,0x0209,0x0a29,0x0208,0x0a29,0x0208,0x0209,0x0208,
0x0a29,0x0208,0x0209,0x0208,0x0a29,0x0208,0x0209,0x0208,0x0a09,0x0208,0x0209,0x0208,0x0a09,0x01e8,0x0209,0x01e8,
0x01e8,0x01e8,0x01e8,0x01e8,0x01e8,0x01e8,0x01e8,0x01e8,0x01e8,0x01c8,0x01e8,0x01c8,0x01e8,0x01c8,0x01e8,0x01c8,
0x01e8,0x01c8,0x01e8,0x01e8,0x01e8,0x01c8,0x01e8,0x01c8,0x01e8,0x01c8,0x01e8,0x01c8,0x01c8,0x01c8,0x01c8,0x01c7,
0x01c8,0x01c8,0x01c8,0x01c7,0x01c8,0x01c8,0x01c8,0x01c7,0x01c8,0x01c7,0x01c8,0x01c7,0x01c8,0x01a7,0x01c8,0x01a7,
0x09e6,0x1207,0x09e6,0x09e7,0x09c6,0x11e7,0x11e7,0x11e7,0x09a6,0x0186,0x0166,0x0166,0x0146,0x0166,0x0166,0x0187,
0x0186,0x0187,0x0186,0x0187,0x0186,0x0187,0x0186,0x0187,0x0186,0x0187,0x0186,0x01a7,0x01a6,0x01a7,0x0186,0x01a7,
0x0186,0x01c7,0x01e8,0x0208,0x01e7,0x0208,0x01e8,0x0208,0x01e8,0x0208,0x01e8,0x0208,0x01e8,0x0208,0x01e8,0x0208,
0x01e7,0x0208,0x01e8,0x0208,0x01e8,0x0208,0x0208,0x0208,0x0208,0x0208,0x0208,0x0208,0x0208,0x0208,0x01e8,0x0208,
0x01e8,0x0208,0x0208,0x0208,0x0208,0x0208,0x0208,0x0209,0x0208,0x0229,0x0208,0x0229,0x0208,0x0229,0x0208,0x0a29,
0x0208,0x0209,0x0208,0x0229,0x0208,0x0229,0x0208,0x0a29,0x0228,0x0229,0x0228,0x0a29,0x0228,0x0229,0x0228,0x0a29,
0x0228,0x0229,0x0228,0x0a29,0x0228,0x0a49,0x0229,0x0a49,0x0228,0x0a29,0x0229,0x0a29,0x0228,0x0a49,0x0229,0x0a49,
0x0228,0x0249,0x0229,0x0a49,0x0228,0x0229,0x0229,0x0229,0x0229,0x0a29,0x0229,0x0a49,0x0229,0x0a49,0x0229,0x0a29,
0x0229,0x0a29,0x0229,0x0a29,0x0229,0x0a49,0x0229,0x0a49,0x0228,0x0a29,0x0229,0x0a49,0x0229,0x0a49,0x0229,0x0a49,
0x0228,0x0a49,0x0229,0x0a49,0x0228,0x0a29,0x0229,0x0a29,0x0228,0x0a29,0x0229,0x0229,0x0228,0x0229,0x0208,0x0229,
0x0208,0x0229,0x0208,0x0229,0x0208,0x0229,0x0208,0x0229,0x0208,0x0229,0x0208,0x0229,0x0208,0x0229,0x0208,0x0209,
0x0208,0x0209,0x0208,0x0209,0x0208,0x0209,0x0208,0x0209,0x0208,0x0209,0x01e8,0x0209,0x01e8,0x0208,0x01e8,0x01e8,
0x01e8,0x01e8,0x01e8,0x01e8,0x01e8,0x01e8,0x01e8,0x01e8,0x01e8,0x01e8,0x01c8,0x01e8,0x01c7,0x01e8,0x01c8,0x01e8,
0x01c7,0x01e8,0x01c8,0x01e8,0x01c7,0x01e8,0x01c8,0x01c8,0x01c7,0x01e8,0x01c8,0x01c8,0x01a7,0x01c8,0x01a7,0x01c8,
0x01a7,0x01c8,0x01a7,0x01c8,0x01a7,0x01c8,0x01a7,0x01c8,0x01a7,0x01c8,0x01a7,0x01c8,0x01a7,0x01c7,0x01a7,0x01c8,
0x09c6,0x09c6,0x11e7,0x09e7,0x09e7,0x1207,0x1a28,0x1207,0x1207,0x11e7,0x09c7,0x0145,0x0166,0x0166,0x0187,0x0186,
0x0187,0x0186,0x01a7,0x0186,0x01a7,0x0186,0x0187,0x0186,0x0187,0x0186,0x01a7,0x0187,0x01a7,0x0187,0x01a7,0x0187,
0x01a7,0x01e7,0x0208,0x01e8,0x0208,0x01e8,0x0a09,0x0208,0x0208,0x0208,0x0a09,0x0208,0x0208,0x0208,0x0a08,0x0208,
0x0208,0x0208,0x0208,0x0208,0x0208,0x0208,0x0a09,0x0208,0x0209,0x0208,0x0a09,0x0208,0x0209,0x0208,0x0209,0x0208,
0x0209,0x0208,0x0a29,0x0208,0x0229,0x0208,0x0a29,0x0208,0x0229,0x0208,0x0a29,0x0208,0x0a29,0x0228,0x0a29,0x0229,
0x0a29,0x0208,0x0a29,0x0209,0x0a29,0x0208,0x0a29,0x0229,0x0a29,0x0229,0x0a29,0x0229,0x0a29,0x0229,0x0a49,0x0229,
0x0a49,0x0229,0x0a49,0x0229,0x0a49,0x0229,0x0a49,0x0229,0x0a49,0x0229,0x0a49,0x0229,0x0a49,0x0229,0x0a49,0x0229,
0x0a49,0x0249,0x0a49,0x0229,0x0a49,0x0229,0x0a49,0x0229,0x0a49,0x0229,0x0a49,0x0229,0x0a49,0x0229,0x0a49,0x0229,
0x0a49,0x0229,0x0a49,0x0229,0x0a49,0x0229,0x0a49,0x0229,0x0a49,0x0229,0x0a49,0x0229,0x0a49,0x0229,0x0a49,0x0a29,
0x0a49,0x0229,0x0a49,0x0229,0x0a49,0x0229,0x0a49,0x0a29,0x0a29,0x0229,0x0a29,0x0229,0x0a29,0x0229,0x0a29,0x0229,
0x0229,0x0229,0x0a29,0x0229,0x0a29,0x0229,0x0a29,0x0209,0x0a29,0x0208,0x0a29,0x0209,0x0a29,0x0208,0x0a29,0x0208,
0x0209,0x0208,0x0a29,0x0208,0x0209,0x0208,0x0a29,0x0208,0x0209,0x0208,0x0a09,0x0208,0x0209,0x01e8,0x0209,0x01e8,
0x0209,0x01e8,0x0209,0x01e8,0x0208,0x01e8,0x01e8,0x01e8,0x01e8,0x01e8,0x01e8,0x01c8,0x01e8,0x01c8,0x01e8,0x01c8,
0x01e8,0x01c8,0x01e8,0x01c8,0x01e8,0x01c8,0x01e8,0x01c8,0x01e8,0x01c8,0x01e8,0x01c8,0x01c8,0x01c7,0x01c8,0x01c8,
0x01c8,0x01a7,0x01c8,0x01c7,0x01c8,0x01c7,0x01c8,0x01c7,0x01c8,0x01c7,0x01c8,0x01c7,0x01c8,0x01a7,0x01c8,0x01a7,
0x0186,0x09c7,0x09e7,0x1207,0x09e7,0x11e7,0x09e6,0x1207,0x11e6,0x11e7,0x09c6,0x0186,0x0166,0x0166,0x0166,0x0166,
0x0166,0x0187,0x0186,0x01a7,0x0186,0x01a7,0x0186,0x0187,0x0166,0x0187,0x0186,0x0187,0x0186,0x0187,0x0186,0x0187,
0x01a7,0x0208,0x01e7,0x0208,0x01e8,0x0208,0x01e7,0x0208,0x01e8,0x0208,0x0208,0x0208,0x01e8,0x0208,0x01e8,0x0208,
0x01e8,0x0208,0x01e8,0x0208,0x01e8,0x0208,0x0208,0x0208,0x0208,0x0208,0x0208,0x0208,0x0208,0x0208,0x0208,0x0208,
0x0208,0x0209,0x0208,0x0208,0x0208,0x0229,0x0208,0x0209,0x0208,0x0229,0x0208,0x0229,0x0208,0x0229,0x0208,0x0229,
0x0208,0x0229,0x0208,0x0229,0x0208,0x0229,0x0208,0x0229,0x0208,0x0a29,0x0228,0x0a29,0x0229,0x0a29,0x0228,0x0a29,
0x0229,0x0a29,0x0228,0x0a49,0x0229,0x0a49,0x0228,0x0a49,0x0229,0x0a49,0x0228,0x0a49,0x0229,0x0a49,0x0228,0x0a49,
0x0229,0x0a49,0x0228,0x0249,0x0229,0x0a29,0x0228,0x0229,0x0229,0x0a29,0x0229,0x0249,0x0229,0x0a29,0x0229,0x0229,
0x0229,0x0a29,0x0229,0x0a49,0x0229,0x0a29,0x0229,0x0a49,0x0229,0x0a29,0x0228,0x0a49,0x0229,0x0a49,0x0229,0x0a49,
0x0229,0x0a49,0x0228,0x0a49,0x0229,0x0a49,0x0228,0x0a29,0x0228,0x0a29,0x0228,0x0229,0x0229,0x0229,0x0228,0x0229,
0x0228,0x0229,0x0208,0x0229,0x0208,0x0a29,0x0208,0x0229,0x0208,0x0229,0x0208,0x0229,0x0208,0x0209,0x0208,0x0209,
0x0208,0x0209,0x0208,0x0209,0x0208,0x0209,0x0208,0x0209,0x01e8,0x0209,0x01e8,0x0208,0x01e8,0x0208,0x01e8,0x01e8,
0x01e8,0x01e8,0x01e8,0x01e8,0x01e8,0x01e8,0x01e8,0x01e8,0x01c8,0x01e8,0x01c7,0x01e8,0x01c8,0x01e8,0x01c7,0x01e8,
0x01c8,0x01e8,0x01c7,0x01c8,0x01c8,0x01e8,0x01c7,0x01e8,0x01c8,0x01e8,0x01c7,0x01c8,0x01c7,0x01c8,0x01a7,0x01c8,
0x01a7,0x01c8,0x01a7,0x01c7,0x01a7,0x01c8,0x01a7,0x01c7,0x01a7,0x01c8,0x01a7,0x01c7,0x01a7,0x01c8,0x01a7,0x01a7,
0x1207,0x1207,0x1208,0x09e7,0x09e7,0x09e7,0x1207,0x11e7,0x1207,0x09e7,0x09c7,0x09e7,0x09a7,0x0166,0x0166,0x0166,
0x0187,0x0186,0x01a7,0x0186,0x01a7,0x0187,0x01a7,0x0187,0x0187,0x0187,0x01a7,0x0187,0x01a7,0x01a7,0x01a7,0x0187,
0x01e8,0x01e8,0x0208,0x01e8,0x0208,0x01e8,0x0208,0x01e8,0x0208,0x0208,0x0208,0x0208,0x0a09,0x0208,0x0208,0x0208,
0x0a08,0x0208,0x0208,0x0208,0x0a09,0x0208,0x0208,0x0208,0x0a09,0x0208,0x0208,0x0208,0x0209,0x0208,0x0229,0x0208,
0x0a29,0x0208,0x0229,0x0228,0x0a29,0x0228,0x0a29,0x0208,0x0a29,0x0208,0x0a29,0x0228,0x0a29,0x0208,0x0229,0x0208,
0x0a29,0x0209,0x0a29,0x0208,0x0a29,0x0229,0x0a29,0x0208,0x0a29,0x0229,0x0a29,0x0229,0x0a29,0x0229,0x0a49,0x0229,
0x0a49,0x0229,0x0a49,0x0229,0x0a49,0x0229,0x0a49,0x0229,0x0a49,0x0229,0x0a49,0x0229,0x0a49,0x0229,0x0a49,0x0229,
0x0a49,0x0229,0x0a49,0x0229,0x0a49,0x0229,0x0a49,0x0229,0x0a49,0x0229,0x0a49,0x0229,0x0a49,0x0229,0x0a49,0x0229,
0x0a29,0x0229,0x0a49,0x0229,0x0a49,0x0229,0x0a49,0x0229,0x0a49,0x0229,0x0a49,0x0229,0x0a49,0x0a29,0x0a49,0x0229,
0x0a49,0x0229,0x0a49,0x0229,0x0a49,0x0a29,0x0a49,0x0229,0x0a29,0x0229,0x0a29,0x0229,0x0a29,0x0229,0x0a29,0x0229,
0x0a29,0x0229,0x0a29,0x0229,0x0a29,0x0229,0x0a29,0x0229,0x0a29,0x0229,0x0a29,0x0208,0x0229,0x0208,0x0229,0x0208,
0x0a29,0x0208,0x0229,0x0208,0x0a29,0x0208,0x0229,0x0208,0x0a09,0x0208,0x0209,0x01e8,0x0a09,0x01e8,0x0208,0x01e8,
0x0208,0x01e8,0x0208,0x01e8,0x0209,0x01e8,0x01e8,0x01e8,0x01e8,0x01e8,0x01e8,0x01e8,0x01e8,0x01e8,0x01e8,0x01e8,
0x01e8,0x01e8,0x01e8,0x01c8,0x01e8,0x01c8,0x01e8,0x01c8,0x01e8,0x01c8,0x01e8,0x01c8,0x01c8,0x01c8,0x01c8,0x01c7,
0x01c8,0x01a7,0x01c8,0x01a7,0x01c8,0x01a7,0x01c8,0x01a7,0x01c8,0x01a7,0x01c8,0x01a7,0x01c8,0x01a7,0x01c8,0x01a7,
0x09e7,0x1207,0x09e7,0x1207,0x09e6,0x09e7,0x09c7,0x11e7,0x09e6,0x09c6,0x01a6,0x09e7,0x01a6,0x0186,0x0146,0x0166,
0x0166,0x0187,0x0186,0x0187,0x0186,0x0187,0x0186,0x0187,0x0186,0x0187,0x0186,0x0187,0x0186,0x01a7,0x0187,0x01c7,
0x01e7,0x01e8,0x01e8,0x0208,0x01e8,0x0208,0x01e8,0x0208,0x01e8,0x0208,0x01e8,0x0208,0x01e8,0x0208,0x0208,0x0208,
0x0208,0x0208,0x01e8,0x0208,0x01e8,0x0208,0x01e8,0x0208,0x01e8,0x0208,0x01e8,0x0208,0x0208,0x0208,0x0208,0x0209,
0x0208,0x0228,0x0208,0x0229,0x0208,0x0228,0x0208,0x0229,0x0208,0x0229,0x0208,0x0229,0x0208,0x0229,0x0208,0x0229,
0x0208,0x0229,0x0208,0x0209,0x0208,0x0229,0x0208,0x0229,0x0208,0x0229,0x0228,0x0a29,0x0228,0x0229,0x0228,0x0a29,
0x0228,0x0229,0x0229,0x0a29,0x0228,0x0a49,0x0229,0x0a49,0x0228,0x0a49,0x0229,0x0a49,0x0228,0x0a49,0x0229,0x0a49,
0x0228,0x0249,0x0229,0x0249,0x0228,0x0229,0x0229,0x0a29,0x0228,0x0229,0x0229,0x0229,0x0228,0x0229,0x0229,0x0a29,
0x0228,0x0229,0x0229,0x0a49,0x0228,0x0a29,0x0229,0x0a49,0x0228,0x0a49,0x0229,0x0a49,0x0229,0x0a49,0x0229,0x0a49,
0x0228,0x0a49,0x0229,0x0a49,0x0228,0x0a49,0x0229,0x0a29,0x0228,0x0a29,0x0229,0x0a29,0x0228,0x0229,0x0229,0x0a29,
0x0228,0x0229,0x0208,0x0a29,0x0208,0x0229,0x0208,0x0229,0x0208,0x0229,0x0208,0x0229,0x0208,0x0209,0x0208,0x0209,
0x0208,0x0209,0x0208,0x0209,0x0208,0x0209,0x0208,0x0209,0x0208,0x0208,0x0208,0x0208,0x01e8,0x0208,0x01e8,0x0208,
0x01e8,0x0208,0x01e8,0x01e8,0x01e8,0x01e8,0x01e8,0x01e8,0x01e8,0x01e8,0x01c8,0x01e8,0x01c8,0x01e8,0x01c8,0x01e8,
0x01c7,0x01e8,0x01c8,0x01e8,0x01c7,0x01e8,0x01c8,0x01e8,0x01c7,0x01e8,0x01c8,0x01c8,0x01c7,0x01c8,0x01a7,0x01c8,
0x01a7,0x01c8,0x01a7,0x01a8,0x01a7,0x01a7,0x01a7,0x01a8,0x01a7,0x01a7,0x01a7,0x01a7,0x01a7,0x01a7,0x01a7,0x01a7,
0x1228,0x1227,0x1228,0x1207,0x1228,0x0a07,0x09e7,0x09c6,0x09e7,0x09c6,0x09c7,0x01a6,0x09a7,0x0186,0x0186,0x0166,
0x0187,0x0166,0x0187,0x0187,0x0187,0x0186,0x0187,0x0186,0x0187,0x0186,0x0187,0x0186,0x01a7,0x0187,0x01c8,0x01e8,
0x0208,0x01e8,0x01e8,0x01e8,0x0208,0x01e8,0x0a09,0x0208,0x0208,0x0208,0x0208,0x0208,0x0208,0x0208,0x0a29,0x0208,
0x0208,0x0208,0x0208,0x0208,0x0208,0x0208,0x0208,0x0208,0x0208,0x0208,0x0208,0x0208,0x0208,0x0208,0x0a09,0x0208,
0x0a29,0x0208,0x0a29,0x0228,0x0a29,0x0228,0x0a29,0x0208,0x0a29,0x0208,0x0a29,0x0208,0x0229,0x0208,0x0a29,0x0208,
0x0229,0x0208,0x0a29,0x0208,0x0229,0x0208,0x0a29,0x0229,0x0a29,0x0228,0x0a29,0x0229,0x0a29,0x0229,0x0a29,0x0229,
0x0a29,0x0229,0x0a29,0x0229,0x0a29,0x0229,0x0a49,0x0229,0x0a49,0x0229,0x0a49,0x0229,0x0a49,0x0229,0x0a49,0x0229,
0x0a49,0x0229,0x0a49,0x0229,0x0a49,0x0229,0x0a29,0x0229,0x0a29,0x0229,0x0a29,0x0229,0x0a29,0x0229,0x0a29,0x0229,
0x0a49,0x0229,0x0a49,0x0229,0x0a49,0x0229,0x0a49,0x0229,0x0a49,0x0229,0x0a49,0x0229,0x0a49,0x0229,0x0a49,0x0229,
0x0a49,0x0229,0x0a49,0x0229,0x0a49,0x0229,0x0a49,0x0229,0x0a49,0x0229,0x0a49,0x0229,0x0a49,0x0229,0x0a29,0x0229,
0x0a29,0x0229,0x0a29,0x0229,0x0a29,0x0229,0x0a29,0x0229,0x0a29,0x0208,0x0a29,0x0208,0x0229,0x0208,0x0a09,0x0208,
0x0209,0x0208,0x0a09,0x0208,0x0209,0x0208,0x0a09,0x0208,0x0209,0x0208,0x0a09,0x0208,0x0208,0x01e8,0x0208,0x01e8,
0x0208,0x01e8,0x0a08,0x01e8,0x0208,0x01e8,0x0a09,0x01e8,0x0208,0x01e8,0x01e8,0x01e8,0x01e8,0x01e8,0x01e8,0x01e8,
0x01e8,0x01e8,0x01e8,0x01e8,0x01e8,0x01e8,0x01e8,0x01c8,0x01e8,0x01e8,0x01e8,0x01c8,0x01e8,0x01c7,0x01c8,0x01c7,
0x01c8,0x01c7,0x01c8,0x01a7,0x01c8,0x01a7,0x01c8,0x01a7,0x01c8,0x01a7,0x01c8,0x01a7,0x01a8,0x01a7,0x01a8,0x01a7,
0x09e7,0x1207,0x0a07,0x1207,0x0a07,0x1207,0x09e6,0x09e7,0x01a6,0x09c7,0x09e7,0x1207,0x0a07,0x09c7,0x0186,0x0186,
0x0166,0x0187,0x0166,0x0187,0x0186,0x0187,0x0186,0x0187,0x0166,0x0187,0x0186,0x0187,0x01a7,0x01c8,0x01e7,0x01e8,
0x01e8,0x01e8,0x01e7,0x01e8,0x01e8,0x0208,0x01e8,0x0208,0x01e8,0x0208,0x01e8,0x0208,0x0208,0x0208,0x0208,0x0208,
0x01e8,0x0208,0x01e8,0x0208,0x01e8,0x0208,0x01e8,0x0208,0x01e8,0x0208,0x01e8,0x0208,0x01e8,0x0208,0x0208,0x0208,
0x0208,0x0229,0x0208,0x0229,0x0208,0x0a29,0x0208,0x0229,0x0208,0x0209,0x0208,0x0209,0x0208,0x0229,0x0208,0x0228,
0x0208,0x0229,0x0208,0x0229,0x0208,0x0229,0x0208,0x0229,0x0228,0x0229,0x0228,0x0229,0x0228,0x0229,0x0228,0x0229,
0x0228,0x0229,0x0228,0x0229,0x0229,0x0a29,0x0228,0x0a49,0x0229,0x0a49,0x0228,0x0a49,0x0229,0x0a49,0x0228,0x0249,
0x0228,0x0a29,0x0228,0x0229,0x0229,0x0a29,0x0228,0x0229,0x0229,0x0229,0x0228,0x0229,0x0229,0x0a29,0x0228,0x0a29,
0x0229,0x0a29,0x0228,0x0a49,0x0229,0x0a49,0x0228,0x0a49,0x0229,0x0a49,0x0229,0x0a49,0x0229,0x0a49,0x0228,0x0a49,
0x0229,0x0a49,0x0228,0x0a49,0x0229,0x0a29,0x0228,0x0a29,0x0229,0x0a29,0x0228,0x0a29,0x0229,0x0a29,0x0228,0x0229,
0x0229,0x0a29,0x0228,0x0229,0x0229,0x0a29,0x0208,0x0229,0x0208,0x0229,0x0208,0x0209,0x0208,0x0209,0x0208,0x0208,
0x01e8,0x0208,0x0208,0x0208,0x01e8,0x0208,0x0208,0x0208,0x01e8,0x0208,0x01e8,0x0208,0x01e8,0x0208,0x01e7,0x0208,
0x01e8,0x0208,0x01e8,0x01e8,0x01e8,0x0208,0x01e8,0x01e8,0x01e8,0x01e8,0x01e8,0x01e8,0x01e8,0x01e8,0x01e8,0x01e8,
0x01c7,0x01e8,0x01c7,0x01e8,0x01c7,0x01e8,0x01c7,0x01e8,0x01c7,0x01e8,0x01c7,0x01c8,0x01c7,0x01c8,0x01c7,0x01c8,
0x01c7,0x01c8,0x01a7,0x01c8,0x01a7,0x01c8,0x01a7,0x01c7,0x01a7,0x01c8,0x01a7,0x01a7,0x01a7,0x01a7,0x01a7,0x01a7,
0x09e7,0x09c7,0x09e7,0x09e6,0x1207,0x1207,0x1207,0x09e7,0x09c7,0x09c7,0x11e7,0x11e6,0x1a27,0x01a6,0x01a7,0x0186,
0x01a7,0x0186,0x0187,0x0186,0x0187,0x0187,0x01a7,0x0186,0x0187,0x0186,0x01a7,0x01a7,0x09e8,0x01e8,0x01e8,0x01e8,
0x01e8,0x01e8,0x0208,0x01e8,0x0208,0x01e8,0x0208,0x01e8,0x0208,0x01e8,0x0208,0x0208,0x0a08,0x0208,0x0208,0x0208,
0x0a09,0x0208,0x0208,0x0208,0x0a09,0x0208,0x0208,0x0208,0x0a09,0x0208,0x0208,0x0208,0x0a09,0x0208,0x0209,0x0208,
0x0a29,0x0208,0x0a29,0x0208,0x0a29,0x0228,0x0a29,0x0208,0x0a29,0x0208,0x0229,0x0208,0x0a29,0x0208,0x0229,0x0208,
0x0a29,0x0208,0x0229,0x0228,0x0a29,0x0229,0x0a29,0x0228,0x0a29,0x0229,0x0229,0x0228,0x0a29,0x0229,0x0a29,0x0229,
0x0a29,0x0229,0x0a49,0x0229,0x0a29,0x0229,0x0a49,0x0229,0x0a49,0x0229,0x0a49,0x0228,0x0a49,0x0229,0x0249,0x0229,
0x0a49,0x0229,0x0a49,0x0229,0x0a49,0x0229,0x0a49,0x0229,0x0a49,0x0229,0x0a29,0x0229,0x0a49,0x0229,0x0a29,0x0229,
0x0a49,0x0229,0x0a49,0x0229,0x0a49,0x0229,0x0a49,0x0229,0x0a49,0x0229,0x0a49,0x0229,0x0a49,0x0229,0x0a49,0x0229,
0x0a49,0x0229,0x0a49,0x0229,0x0a49,0x0229,0x0a29,0x0229,0x0a29,0x0229,0x0a29,0x0229,0x0a29,0x0229,0x0a29,0x0229,
0x0a29,0x0229,0x0a29,0x0229,0x0a29,0x0229,0x0a29,0x0208,0x0a29,0x0209,0x0229,0x0208,0x0a29,0x0208,0x0a09,0x0208,
0x0a09,0x0208,0x0209,0x0208,0x0a09,0x0208,0x0208,0x0208,0x0a09,0x0208,0x0208,0x01e8,0x0208,0x01e8,0x0208,0x01e8,
0x0208,0x01e8,0x0208,0x01e8,0x0a08,0x01e8,0x0208,0x01e8,0x0a08,0x01e8,0x0208,0x01e8,0x0a08,0x01e8,0x01e8,0x01e8,
0x01e8,0x01e8,0x01e8,0x01e8,0x01e8,0x01e8,0x01e8,0x01c8,0x01e8,0x01e8,0x01e8,0x01c8,0x01e8,0x01c8,0x01e8,0x01c7,
0x01c8,0x01c7,0x01c8,0x01c7,0x01c8,0x01a7,0x01c8,0x01a7,0x01c8,0x01a7,0x01c8,0x01a7,0x01c8,0x01a7,0x01c8,0x01a7,
0x09e7,0x09e7,0x01c6,0x09c7,0x01c6,0x09e7,0x09e7,0x11e7,0x09e7,0x09e7,0x09c6,0x09c7,0x09c6,0x0186,0x0186,0x0186,
0x0186,0x01a7,0x01a7,0x0187,0x0186,0x0187,0x0186,0x0187,0x0166,0x0187,0x01a7,0x01c8,0x01c7,0x01e8,0x01e7,0x01e8,
0x01e7,0x01e8,0x01e7,0x01e8,0x01e7,0x01e8,0x01e8,0x01e8,0x01e8,0x01e8,0x01e8,0x0208,0x01e8,0x0208,0x01e8,0x0208,
0x01e8,0x0208,0x01e8,0x0208,0x0208,0x0208,0x0208,0x0208,0x0208,0x0208,0x0208,0x0208,0x0208,0x0208,0x0208,0x0208,
0x0208,0x0228,0x0208,0x0229,0x0208,0x0228,0x0208,0x0209,0x0208,0x0229,0x0208,0x0229,0x0208,0x0229,0x0208,0x0229,
0x0208,0x0229,0x0208,0x0229,0x0208,0x0229,0x0208,0x0a29,0x0208,0x0229,0x0228,0x0229,0x0228,0x0229,0x0228,0x0229,
0x0228,0x0229,0x0228,0x0a29,0x0228,0x0229,0x0228,0x0a29,0x0228,0x0229,0x0228,0x0229,0x0228,0x0229,0x0228,0x0a29,
0x0228,0x0229,0x0229,0x0a29,0x0228,0x0229,0x0229,0x0a29,0x0229,0x0229,0x0229,0x0229,0x0228,0x0a29,0x0229,0x0a29,
0x0228,0x0a49,0x0229,0x0a49,0x0228,0x0a49,0x0229,0x0a49,0x0228,0x0a49,0x0229,0x0a49,0x0228,0x0a49,0x0228,0x0a49,
0x0228,0x0a29,0x0228,0x0a29,0x0228,0x0a29,0x0228,0x0a29,0x0228,0x0229,0x0228,0x0a29,0x0228,0x0a29,0x0229,0x0a29,
0x0208,0x0229,0x0229,0x0a29,0x0208,0x0229,0x0208,0x0229,0x0208,0x0209,0x0208,0x0209,0x0208,0x0208,0x0208,0x0209,
0x0208,0x0208,0x0208,0x0208,0x01e8,0x0208,0x01e8,0x0208,0x01e8,0x0208,0x01e8,0x0208,0x01e8,0x0208,0x01e8,0x01e8,
0x01e8,0x01e8,0x01e8,0x01e8,0x01e8,0x01e8,0x01e8,0x01e8,0x01e7,0x01e8,0x01e8,0x01e8,0x01e7,0x01e8,0x01e8,0x01e8,
0x01e7,0x01e8,0x01c7,0x01e8,0x01c7,0x01e8,0x01c8,0x01e8,0x01c7,0x01e8,0x01c7,0x01c8,0x01c7,0x01c8,0x01c7,0x01c8,
0x01c7,0x01c8,0x01a7,0x01c8,0x01a7,0x01c8,0x01a7,0x01c8,0x01a7,0x01c7,0x01a7,0x01c7,0x01a7,0x01c7,0x01a7,0x01a7,
0x1207,0x09e7,0x09e7,0x09c7,0x09e7,0x09e7,0x1207,0x09e7,0x11e7,0x09e7,0x11e7,0x09e7,0x09a6,0x0165,0x0986,0x0186,
0x01a7,0x01a7,0x01a7,0x01a7,0x0187,0x0186,0x0187,0x0186,0x0187,0x01a7,0x01c8,0x01c7,0x01e8,0x01e7,0x01e8,0x01e8,
0x01e8,0x01e8,0x01e8,0x01e8,0x01e8,0x01e8,0x0208,0x01e8,0x0208,0x01e8,0x0208,0x01e8,0x0208,0x0208,0x0208,0x01e8,
0x0208,0x0208,0x0a09,0x0208,0x0208,0x0208,0x0a09,0x0208,0x0a29,0x0208,0x0a29,0x0208,0x0a29,0x0208,0x0a09,0x0208,
0x0229,0x0208,0x0a29,0x0208,0x0229,0x0208,0x0a29,0x0208,0x0229,0x0208,0x0a29,0x0208,0x0229,0x0208,0x0a29,0x0208,
0x0a29,0x0208,0x0a29,0x0208,0x0a29,0x0228,0x0a29,0x0229,0x0a29,0x0228,0x0a29,0x0229,0x0a29,0x0229,0x0a49,0x0229,
0x0a29,0x0229,0x0a49,0x0229,0x0a49,0x0229,0x0a49,0x0229,0x0a49,0x0229,0x0a29,0x0229,0x0a29,0x0229,0x0a49,0x0229,
0x0a49,0x0229,0x0a49,0x0229,0x0a49,0x0229,0x0a49,0x0229,0x0a49,0x0229,0x0a49,0x0229,0x0a49,0x0229,0x0a49,0x0229,
0x0a49,0x0229,0x0a49,0x0229,0x0a49,0x0229,0x0a49,0x0229,0x0a49,0x0229,0x0a49,0x0229,0x0a49,0x0229,0x0a49,0x0229,
0x0a49,0x0229,0x0a49,0x0229,0x0a49,0x0229,0x0a49,0x0229,0x0a29,0x0229,0x0a49,0x0229,0x0a29,0x0229,0x0a29,0x0229,
0x0a29,0x0229,0x0a29,0x0229,0x0a29,0x0208,0x0a29,0x0209,0x0229,0x0208,0x0a29,0x0208,0x0209,0x0208,0x0209,0x0208,
0x0209,0x0208,0x0a09,0x0208,0x0208,0x0208,0x0209,0x0208,0x0208,0x01e8,0x0208,0x01e8,0x0208,0x01e8,0x0208,0x01e8,
0x01e8,0x01e8,0x01e8,0x01e8,0x01e8,0x01e8,0x09e8,0x01e8,0x0208,0x01e8,0x09e8,0x01e8,0x01e8,0x01e8,0x01e8,0x01e8,
0x01e8,0x01e8,0x01e8,0x01e8,0x01e8,0x01e8,0x01e8,0x01c8,0x01e8,0x01c8,0x01e8,0x01c8,0x01e8,0x01c7,0x01c8,0x01c7,
0x01c8,0x01c7,0x01c8,0x01c7,0x01c8,0x01c7,0x01c8,0x01a7,0x01c8,0x01a7,0x01c8,0x01a7,0x01c8,0x01a7,0x01c8,0x01a7,
0x01a6,0x09c7,0x01c6,0x1207,0x09e7,0x1207,0x09e7,0x11e7,0x09e7,0x1208,0x09c6,0x01a6,0x0165,0x0146,0x0145,0x0166,
0x0186,0x01c7,0x01a6,0x01c7,0x01a6,0x0187,0x0186,0x01a7,0x01a7,0x01e8,0x01c7,0x01e8,0x01e7,0x01e8,0x01c7,0x01e8,
0x01c7,0x01e8,0x01c7,0x01e8,0x01e8,0x01e8,0x01e7,0x01e8,0x01e8,0x01e8,0x01e8,0x0208,0x01e8,0x0208,0x01e8,0x0208,
0x01e8,0x0208,0x01e8,0x0208,0x0208,0x0208,0x0208,0x0208,0x0208,0x0208,0x0208,0x0208,0x0208,0x0208,0x0208,0x0208,
0x0208,0x0208,0x0208,0x0208,0x0208,0x0209,0x0208,0x0209,0x0208,0x0209,0x0208,0x0229,0x0208,0x0209,0x0208,0x0229,
0x0208,0x0229,0x0208,0x0229,0x0208,0x0229,0x0208,0x0229,0x0208,0x0229,0x0228,0x0229,0x0228,0x0229,0x0228,0x0229,
0x0229,0x0a29,0x0228,0x0a29,0x0228,0x0a29,0x0228,0x0229,0x0228,0x0a29,0x0228,0x0229,0x0229,0x0a29,0x0229,0x0229,
0x0229,0x0a29,0x0228,0x0229,0x0229,0x0a29,0x0228,0x0229,0x0229,0x0a49,0x0229,0x0249,0x0229,0x0a49,0x0229,0x0a49,
0x0229,0x0a49,0x0228,0x0a49,0x0229,0x0a49,0x0228,0x0a29,0x0229,0x0a29,0x0228,0x0229,0x0228,0x0a29,0x0228,0x0229,
0x0229,0x0a29,0x0228,0x0229,0x0229,0x0a29,0x0228,0x0229,0x0229,0x0a29,0x0228,0x0a29,0x0229,0x0a29,0x0228,0x0a29,
0x0229,0x0229,0x0208,0x0229,0x0208,0x0229,0x0208,0x0209,0x0208,0x0209,0x0208,0x0208,0x0208,0x0209,0x0208,0x0208,
0x0208,0x0208,0x01e8,0x0208,0x01e8,0x0208,0x01e8,0x0208,0x01e8,0x0208,0x01e8,0x0208,0x01e8,0x0208,0x01e8,0x01e8,
0x01e8,0x01e8,0x01e8,0x01e8,0x01e8,0x01e8,0x01e8,0x01e8,0x01e8,0x01e8,0x01e8,0x01e8,0x01e8,0x01e8,0x01e7,0x01e8,
0x01c7,0x01e8,0x01e7,0x01e8,0x01c8,0x01e8,0x01c7,0x01e8,0x01c7,0x01e8,0x01c7,0x01c8,0x01c7,0x01c8,0x01c7,0x01c8,
0x01c7,0x01c8,0x01c7,0x01c8,0x01a7,0x01c8,0x01a7,0x01c8,0x01a7,0x01c8,0x01a7,0x01c7,0x01a7,0x01c7,0x01a7,0x01c7,
0x09c7,0x01a6,0x09c7,0x09e7,0x1208,0x09e7,0x1207,0x09e7,0x11e7,0x09e7,0x0186,0x0165,0x0166,0x0145,0x0146,0x0145,
0x09a6,0x01c7,0x09e7,0x09c7,0x09c7,0x01a7,0x09c7,0x01c7,0x01e8,0x01e7,0x01e8,0x01e8,0x01e8,0x01e8,0x01e8,0x01e8,
0x01e8,0x01e8,0x01e8,0x01e8,0x01e8,0x01e8,0x01e8,0x01e8,0x01e8,0x01e8,0x0208,0x01e8,0x0a08,0x01e8,0x0208,0x01e8,
0x0208,0x0208,0x0208,0x0208,0x0a09,0x0208,0x0209,0x0208,0x0a29,0x0208,0x0a29,0x0208,0x0a29,0x0208,0x0a29,0x0208,
0x0a09,0x0208,0x0209,0x0208,0x0a29,0x0208,0x0229,0x0208,0x0a29,0x0208,0x0229,0x0208,0x0a29,0x0208,0x0229,0x0208,
0x0a29,0x0208,0x0229,0x0228,0x0a29,0x0229,0x0a29,0x0228,0x0a29,0x0229,0x0a29,0x0228,0x0a29,0x0229,0x0a49,0x0229,
0x0a49,0x0229,0x0a49,0x0229,0x0a49,0x0229,0x0a49,0x0229,0x0a29,0x0229,0x0a29,0x0229,0x0a29,0x0229,0x0a29,0x0229,
0x0a49,0x0229,0x0a49,0x0229,0x0a49,0x0229,0x0a49,0x0229,0x0a49,0x0229,0x0a49,0x0249,0x0a4a,0x0229,0x0a49,0x0229,
0x0a49,0x0229,0x0a49,0x0229,0x0a49,0x0229,0x0a49,0x0229,0x0a29,0x0229,0x0a49,0x0229,0x0a29,0x0229,0x0a29,0x0229,
0x0a29,0x0229,0x0a29,0x0229,0x0a29,0x0229,0x0a29,0x0229,0x0a49,0x0229,0x0a29,0x0229,0x0a29,0x0229,0x0a29,0x0229,
0x0a29,0x0229,0x0229,0x0208,0x0a29,0x0209,0x0229,0x0208,0x0229,0x0208,0x0209,0x0208,0x0209,0x0208,0x0209,0x0208,
0x0209,0x0208,0x0208,0x0208,0x0209,0x0208,0x0208,0x01e8,0x0208,0x01e8,0x0208,0x01e8,0x0208,0x01e8,0x0208,0x01e8,
0x01e8,0x01e8,0x0208,0x01e8,0x01e8,0x01e8,0x01e8,0x01e8,0x09e9,0x01e8,0x01e8,0x01e8,0x09e8,0x01e8,0x01e8,0x01e8,
0x01e8,0x01e8,0x01e8,0x01e8,0x01e8,0x01e8,0x01e8,0x01c8,0x01e8,0x01c8,0x01e8,0x01c7,0x01e8,0x01c8,0x01e8,0x01c7,
0x01e8,0x01c8,0x01e8,0x01c7,0x01c8,0x01c7,0x01c8,0x01c7,0x01c8,0x01a7,0x01c8,0x01a7,0x01c8,0x01a7,0x01c8,0x01a7,
0x09e6,0x09c7,0x01a6,0x09c6,0x01c6,0x09e7,0x09e7,0x11e7,0x09c6,0x09a6,0x0165,0x0166,0x0145,0x0146,0x0125,0x0145,
0x0185,0x09c6,0x01a6,0x09c7,0x01a6,0x01c6,0x01c6,0x09c7,0x01c7,0x01e8,0x01e7,0x01e8,0x01e7,0x01e8,0x01e7,0x01e8,
0x01c7,0x01e8,0x01e7,0x01e8,0x01c7,0x01e8,0x01e7,0x01e8,0x01e7,0x01e8,0x01e8,0x01e8,0x01e7,0x0208,0x01e8,0x0208,
0x01e8,0x0208,0x0208,0x0208,0x01e8,0x0208,0x0208,0x0208,0x0208,0x0208,0x0208,0x0208,0x0208,0x0208,0x0208,0x0208,
0x0208,0x0208,0x0208,0x0209,0x0208,0x0208,0x0208,0x0209,0x0208,0x0208,0x0208,0x0209,0x0208,0x0229,0x0208,0x0229,
0x0208,0x0228,0x0208,0x0229,0x0208,0x0229,0x0208,0x0a29,0x0208,0x0229,0x0228,0x0a29,0x0228,0x0229,0x0228,0x0a29,
0x0228,0x0a29,0x0229,0x0a29,0x0228,0x0a29,0x0229,0x0a29,0x0228,0x0229,0x0229,0x0229,0x0228,0x0229,0x0229,0x0229,
0x0228,0x0229,0x0229,0x0a29,0x0228,0x0229,0x0229,0x0a29,0x0228,0x0229,0x0229,0x0a49,0x0229,0x0a49,0x0229,0x0a49,
0x0229,0x0a49,0x0229,0x0a49,0x0228,0x0a49,0x0229,0x0a29,0x0228,0x0229,0x0229,0x0229,0x0228,0x0229,0x0208,0x0229,
0x0228,0x0229,0x0228,0x0229,0x0228,0x0229,0x0229,0x0a29,0x0228,0x0229,0x0229,0x0a29,0x0208,0x0229,0x0208,0x0a29,
0x0228,0x0229,0x0208,0x0209,0x0208,0x0229,0x0208,0x0229,0x0208,0x0208,0x0208,0x0208,0x01e8,0x0208,0x01e8,0x0208,
0x01e8,0x0208,0x01e8,0x0208,0x01e8,0x0208,0x01e8,0x0208,0x01e8,0x01e8,0x01e8,0x0208,0x01e8,0x01e8,0x01e8,0x01e8,
0x01e8,0x01e8,0x01e8,0x01e8,0x01e7,0x01e8,0x01e8,0x01e8,0x01e8,0x01e8,0x01e8,0x01e8,0x01e8,0x01e8,0x01e8,0x01e8,
0x01e7,0x01e8,0x01c8,0x01e8,0x01c8,0x01e8,0x01c7,0x01c8,0x01c7,0x01c8,0x01c7,0x01c8,0x01c7,0x01e8,0x01c7,0x01c8,
0x01c7,0x01c8,0x01c7,0x01c8,0x01c7,0x01c8,0x01a7,0x01c8,0x01a7,0x01c7,0x01a7,0x01c8,0x01a7,0x01c7,0x01a7,0x01c7,
0x09a7,0x09c7,0x11c7,0x09a7,0x09c7,0x01a6,0x09a7,0x0186,0x0165,0x0165,0x0986,0x0165,0x0166,0x0125,0x0125,0x0145,
0x09a7,0x01a6,0x09c7,0x01c6,0x09c7,0x01c6,0x09e7,0x01c7,0x01c7,0x01e7,0x01e8,0x01e8,0x01e8,0x01e8,0x01e8,0x01e8,
0x01e8,0x01e7,0x01e8,0x01e8,0x01e8,0x01e8,0x01e8,0x01e8,0x01e8,0x01e8,0x01e8,0x01e8,0x01e8,0x01e8,0x0a08,0x01e8,
0x0208,0x0208,0x0a09,0x0208,0x0208,0x0208,0x0a09,0x0208,0x0209,0x0208,0x0a09,0x0208,0x0209,0x0208,0x0a29,0x0208,
0x0209,0x0208,0x0a09,0x0208,0x0229,0x0208,0x0a29,0x0208,0x0229,0x0208,0x0a29,0x0208,0x0229,0x0208,0x0a29,0x0228,
0x0a29,0x0228,0x0a29,0x0228,0x0a29,0x0228,0x0a29,0x0229,0x0a29,0x0228,0x0a29,0x0229,0x0a29,0x0229,0x0a29,0x0229,
0x0a29,0x0229,0x0a29,0x0229,0x0a49,0x0229,0x0a49,0x0229,0x0a49,0x0229,0x0a29,0x0229,0x0a29,0x0229,0x0a29,0x0229,
0x0a29,0x0229,0x0a49,0x0229,0x0a49,0x0229,0x0a49,0x0229,0x0a49,0x0229,0x0a29,0x0229,0x0a49,0x0229,0x0a4a,0x0229,
0x0a49,0x0229,0x0a49,0x0229,0x0a49,0x0229,0x0a49,0x0229,0x0a49,0x0229,0x0a29,0x0229,0x0a29,0x0229,0x0a29,0x0229,
0x0a29,0x0229,0x0a29,0x0229,0x0a29,0x0229,0x0a29,0x0229,0x0a29,0x0229,0x0a29,0x0229,0x0a29,0x0228,0x0a29,0x0229,
0x0a29,0x0228,0x0a29,0x0229,0x0a29,0x0228,0x0a29,0x0208,0x0229,0x0208,0x0a29,0x0208,0x0209,0x0208,0x0209,0x0208,
0x0208,0x0208,0x0209,0x01e8,0x0208,0x01e8,0x0a08,0x01e8,0x0208,0x01e8,0x0208,0x01e8,0x0208,0x01e8,0x0208,0x01e8,
0x0208,0x01e8,0x01e8,0x01e8,0x01e8,0x01e8,0x01e8,0x01e8,0x01e8,0x01e8,0x01e8,0x01e8,0x01e8,0x01e8,0x01e8,0x01e8,
0x01e8,0x01e8,0x01e8,0x01e8,0x01e8,0x01c8,0x01e8,0x01c8,0x01e8,0x01c7,0x01e8,0x01c7,0x01e8,0x01c7,0x01e8,0x01c7,
0x01e8,0x01c7,0x01e8,0x01c7,0x01c8,0x01c7,0x01c8,0x01c7,0x01c8,0x01a7,0x01c8,0x01a7,0x01c8,0x01a7,0x01c8,0x01a7,
0x0125,0x0166,0x0165,0x09a7,0x0186,0x0166,0x0145,0x0145,0x0145,0x0166,0x0165,0x0166,0x0145,0x0125,0x0125,0x0166,
0x01a6,0x09c7,0x01c6,0x09e7,0x09e6,0x09e7,0x01c6,0x01c7,0x01a6,0x01e7,0x01e7,0x01e8,0x01e7,0x01e8,0x01c7,0x01e8,
0x01c7,0x01e8,0x01e7,0x01e8,0x01c7,0x01e8,0x01e7,0x01e8,0x01e8,0x01e8,0x01e7,0x01e8,0x01e8,0x0208,0x01e7,0x0208,
0x01e8,0x0208,0x01e8,0x0208,0x01e8,0x0208,0x01e8,0x0208,0x0208,0x0208,0x0208,0x0208,0x0208,0x0208,0x0208,0x0208,
0x0208,0x0209,0x0208,0x0208,0x0208,0x0209,0x0208,0x0208,0x0208,0x0209,0x0208,0x0209,0x0208,0x0229,0x0208,0x0228,
0x0208,0x0229,0x0208,0x0229,0x0208,0x0229,0x0208,0x0229,0x0228,0x0a29,0x0208,0x0229,0x0228,0x0a29,0x0228,0x0229,
0x0229,0x0a29,0x0228,0x0229,0x0228,0x0a29,0x0228,0x0229,0x0229,0x0a29,0x0228,0x0229,0x0229,0x0a29,0x0228,0x0229,
0x0229,0x0a29,0x0228,0x0229,0x0229,0x0a29,0x0228,0x0229,0x0229,0x0229,0x0228,0x0229,0x0229,0x0a49,0x0229,0x0a49,
0x0229,0x0a49,0x0228,0x0a49,0x0229,0x0a49,0x0228,0x0229,0x0229,0x0a29,0x0228,0x0229,0x0229,0x0229,0x0228,0x0229,
0x0228,0x0229,0x0228,0x0229,0x0228,0x0229,0x0228,0x0229,0x0229,0x0229,0x0228,0x0229,0x0208,0x0a29,0x0208,0x0229,
0x0208,0x0229,0x0208,0x0229,0x0208,0x0a29,0x0208,0x0229,0x0208,0x0229,0x0208,0x0209,0x0208,0x0208,0x0208,0x0208,
0x01e8,0x0208,0x01e8,0x0208,0x01e8,0x0208,0x01e8,0x0208,0x01e8,0x0208,0x01e8,0x0208,0x01e8,0x01e8,0x01e8,0x0208,
0x01e8,0x01e8,0x01e7,0x01e8,0x01e8,0x01e8,0x01c7,0x01e8,0x01c8,0x01e8,0x01e7,0x01e8,0x01e8,0x01e8,0x01c7,0x01e8,
0x01c7,0x01e8,0x01c7,0x01e8,0x01c8,0x01e8,0x01c7,0x01c8,0x01c7,0x01c8,0x01c7,0x01e8,0x01c7,0x01c8,0x01c7,0x01c8,
0x01c7,0x01c8,0x01c7,0x01c8,0x01a7,0x01c8,0x01a7,0x01c8,0x01a7,0x01c8,0x01a7,0x01c7,0x01a7,0x01c7,0x01a7,0x01c7,
0x0145,0x0145,0x0145,0x0145,0x0166,0x0165,0x0166,0x0165,0x0166,0x0166,0x0186,0x0145,0x0125,0x0125,0x0166,0x0186,
0x09c7,0x01c6,0x09e7,0x09e7,0x11e7,0x09e7,0x09e7,0x01c6,0x09e7,0x01e7,0x0208,0x01e7,0x01e8,0x01e8,0x01e8,0x01e7,
0x01e8,0x01e7,0x01e8,0x01e8,0x01e8,0x01e8,0x01e8,0x01e8,0x01e8,0x01e8,0x01e8,0x01e8,0x0a08,0x01e8,0x0208,0x01e8,
0x0208,0x01e8,0x0208,0x01e8,0x0208,0x01e8,0x0208,0x0208,0x0208,0x0208,0x0208,0x0208,0x0a09,0x0208,0x0209,0x0208,
0x0a09,0x0208,0x0209,0x0208,0x0a09,0x0208,0x0229,0x0208,0x0a29,0x0208,0x0229,0x0208,0x0a29,0x0228,0x0a29,0x0228,
0x0a29,0x0229,0x0a29,0x0228,0x0a29,0x0229,0x0a29,0x0229,0x0a29,0x0229,0x0a29,0x0229,0x0a29,0x0229,0x0a29,0x0229,
0x0a29,0x0229,0x0a29,0x0229,0x0a49,0x0229,0x0a29,0x0229,0x0a29,0x0229,0x0a29,0x0229,0x0a29,0x0229,0x0a29,0x0229,
0x0a49,0x0229,0x0a49,0x0229,0x0a49,0x0229,0x0a49,0x0229,0x0a49,0x0229,0x0a49,0x0229,0x0a29,0x0229,0x0a49,0x0229,
0x0a49,0x0229,0x0a49,0x0229,0x0a49,0x0229,0x0a29,0x0229,0x0a29,0x0229,0x0a29,0x0229,0x0a29,0x0229,0x0a29,0x0229,
0x0a29,0x0229,0x0a29,0x0229,0x0a29,0x0229,0x0229,0x0229,0x0a29,0x0229,0x0a29,0x0229,0x0a29,0x0229,0x0a29,0x0228,
0x0a29,0x0228,0x0a29,0x0228,0x0a29,0x0229,0x0a29,0x0228,0x0a29,0x0208,0x0229,0x0208,0x0a29,0x0208,0x0a09,0x0208,
0x0a09,0x0208,0x0208,0x0208,0x0209,0x01e8,0x0208,0x01e8,0x0208,0x01e8,0x0208,0x01e8,0x0208,0x01e8,0x0208,0x01e8,
0x01e8,0x01e8,0x01e8,0x01e8,0x01e8,0x01e8,0x01e8,0x01c8,0x01e8,0x01e8,0x01e8,0x01e8,0x01e8,0x01c8,0x01e8,0x01c8,
0x01e8,0x01c8,0x01e8,0x01c8,0x01e8,0x01c8,0x01e8,0x01c8,0x01e8,0x01c7,0x01e8,0x01c7,0x01e8,0x01c7,0x01e8,0x01c7,
0x01c8,0x01c7,0x01e8,0x01c7,0x01c8,0x01c7,0x01c8,0x01a7,0x01c8,0x01a7,0x01c8,0x01a7,0x01c8,0x01a7,0x01c8,0x01a7,
0x0124,0x0145,0x0145,0x0145,0x0145,0x0166,0x0145,0x0166,0x0165,0x0166,0x0145,0x0125,0x0104,0x0166,0x0186,0x09c6,
0x09e6,0x09c7,0x01c6,0x09e7,0x01c6,0x09e7,0x09c6,0x09c7,0x01c6,0x01c7,0x01c7,0x01e8,0x01e7,0x01e8,0x01c7,0x01e8,
0x01c7,0x01e8,0x01e7,0x01e8,0x01e7,0x01e8,0x01e7,0x01e8,0x01e7,0x01e8,0x01e8,0x01e8,0x01e7,0x01e8,0x01e8,0x01e8,
0x01e8,0x0208,0x01e8,0x0208,0x01e7,0x0208,0x01e8,0x0208,0x01e8,0x0208,0x0208,0x0208,0x0208,0x0208,0x01e8,0x0208,
0x0208,0x0208,0x0208,0x0209,0x0208,0x0208,0x0208,0x0209,0x0208,0x0209,0x0208,0x0229,0x0208,0x0229,0x0208,0x0229,
0x0208,0x0229,0x0228,0x0229,0x0228,0x0229,0x0228,0x0229,0x0228,0x0a29,0x0228,0x0a29,0x0228,0x0229,0x0228,0x0a29,
0x0228,0x0a29,0x0229,0x0a29,0x0228,0x0a29,0x0228,0x0229,0x0228,0x0229,0x0228,0x0229,0x0228,0x0229,0x0229,0x0a29,
0x0228,0x0229,0x0229,0x0a29,0x0228,0x0229,0x0229,0x0a29,0x0228,0x0229,0x0229,0x0229,0x0228,0x0229,0x0229,0x0a29,
0x0228,0x0a29,0x0229,0x0a29,0x0228,0x0a49,0x0229,0x0a29,0x0228,0x0229,0x0229,0x0229,0x0228,0x0229,0x0228,0x0229,
0x0208,0x0229,0x0228,0x0229,0x0228,0x0229,0x0228,0x0229,0x0228,0x0229,0x0229,0x0229,0x0208,0x0229,0x0208,0x0229,
0x0208,0x0229,0x0208,0x0229,0x0208,0x0229,0x0208,0x0229,0x0208,0x0209,0x0208,0x0209,0x0208,0x0208,0x0208,0x0209,
0x0208,0x0208,0x01e8,0x0208,0x01e8,0x0208,0x01e8,0x0208,0x01e8,0x0208,0x01e8,0x0208,0x01e8,0x01e8,0x01e8,0x01e8,
0x01e7,0x01e8,0x01e8,0x01e8,0x01e7,0x01e8,0x01e8,0x01e8,0x01c7,0x01e8,0x01e8,0x01e8,0x01c7,0x01c8,0x01c7,0x01c8,
0x01c7,0x01c8,0x01c7,0x01c8,0x01c7,0x01c8,0x01c7,0x01c8,0x01c7,0x01c8,0x01c7,0x01c8,0x01c7,0x01c8,0x01c7,0x01c8,
0x01c7,0x01c8,0x01c7,0x01c8,0x01a7,0x01c8,0x01a7,0x01c8,0x01a7,0x01c7,0x01a7,0x01c7,0x01a7,0x01c7,0x01a7,0x01a7,
0x0166,0x0145,0x0166,0x0145,0x0166,0x0165,0x0166,0x0165,0x0966,0x0145,0x0166,0x0145,0x0145,0x0186,0x01a7,0x01c6,
0x1207,0x09c6,0x09e7,0x09c7,0x09c7,0x09c6,0x09e7,0x09c6,0x09c7,0x01a6,0x01e8,0x01e8,0x01e8,0x01e7,0x01e8,0x01e8,
0x01e8,0x01e7,0x01e8,0x01e8,0x01e8,0x01e8,0x01e8,0x01e8,0x01e8,0x01e8,0x01e8,0x01e8,0x01e8,0x01e8,0x0208,0x01e8,
0x0208,0x01e8,0x0208,0x01e8,0x0208,0x01e8,0x0a08,0x01e8,0x0208,0x0208,0x0a09,0x0208,0x0208,0x0208,0x0a09,0x0208,
0x0209,0x0208,0x0a09,0x0208,0x0209,0x0208,0x0a29,0x0208,0x0229,0x0208,0x0a29,0x0208,0x0a29,0x0228,0x0a29,0x0229,
0x0a29,0x0228,0x0a29,0x0229,0x0a29,0x0229,0x0a29,0x0229,0x0a29,0x0229,0x0a29,0x0229,0x0a29,0x0229,0x0a29,0x0229,
0x0a29,0x0229,0x0a29,0x0229,0x0a29,0x0229,0x0a29,0x0229,0x0a29,0x0229,0x0a29,0x0229,0x0a29,0x0229,0x0a49,0x0229,
0x0a49,0x0229,0x0a29,0x0229,0x0a49,0x0229,0x0a49,0x0229,0x0a49,0x0229,0x0a29,0x0229,0x0a29,0x0229,0x0a29,0x0229,
0x0a49,0x0229,0x0a49,0x0229,0x0a49,0x0229,0x0a49,0x0229,0x0a29,0x0229,0x0a29,0x0229,0x0a29,0x0229,0x0a29,0x0229,
0x0a29,0x0229,0x0a29,0x0229,0x0a29,0x0229,0x0a29,0x0229,0x0a29,0x0229,0x0a29,0x0229,0x0a29,0x0228,0x0a29,0x0228,
0x0a29,0x0228,0x0a29,0x0229,0x0a29,0x0228,0x0a29,0x0229,0x0a29,0x0208,0x0a29,0x0208,0x0229,0x0208,0x0a09,0x0208,
0x0209,0x0208,0x0a09,0x0208,0x0208,0x0208,0x0208,0x01e8,0x0208,0x01e8,0x0208,0x01e8,0x0208,0x01e8,0x01e8,0x01e8,
0x01e8,0x01e8,0x01e8,0x01e8,0x0208,0x01e8,0x0208,0x01e8,0x0208,0x01e8,0x01e8,0x01c8,0x01e8,0x01c7,0x01c8,0x01c8,
0x01c8,0x01c7,0x01c8,0x01c8,0x01c8,0x01c8,0x01e8,0x01c8,0x01e8,0x01c7,0x01e8,0x01c7,0x01e8,0x01c7,0x01e8,0x01c7,
0x01e8,0x01c7,0x01c8,0x01a7,0x01c8,0x01c7,0x01c8,0x01a7,0x01c8,0x01a7,0x01c8,0x01a7,0x01c8,0x01a7,0x01c8,0x01a7,
0x0125,0x0166,0x0145,0x0165,0x0145,0x0166,0x0145,0x0145,0x0125,0x0145,0x0125,0x0125,0x0125,0x0166,0x0145,0x09c6,
0x09e7,0x09e7,0x01c6,0x09e7,0x09c6,0x09e7,0x01a6,0x01a6,0x0186,0x01a7,0x01c7,0x01e8,0x01e7,0x01e8,0x01c7,0x01e8,
0x01c7,0x01e8,0x01e7,0x01e8,0x01e8,0x01e8,0x01e7,0x01e8,0x01e8,0x01e8,0x01e7,0x01e8,0x01e8,0x01e8,0x01e7,0x01e8,
0x01e8,0x0208,0x01e7,0x0208,0x01e8,0x0208,0x01e8,0x0208,0x01e8,0x0208,0x01e8,0x0208,0x01e8,0x0208,0x01e8,0x0208,
0x0208,0x0208,0x0208,0x0208,0x0208,0x0209,0x0208,0x0208,0x0208,0x0209,0x0208,0x0209,0x0208,0x0229,0x0228,0x0229,
0x0228,0x0229,0x0228,0x0229,0x0228,0x0a29,0x0228,0x0229,0x0228,0x0a29,0x0228,0x0a29,0x0228,0x0a29,0x0228,0x0a29,
0x0228,0x0a29,0x0228,0x0229,0x0228,0x0229,0x0228,0x0229,0x0229,0x0a29,0x0228,0x0229,0x0229,0x0229,0x0228,0x0229,
0x0229,0x0a29,0x0229,0x0229,0x0229,0x0229,0x0228,0x0229,0x0229,0x0229,0x0228,0x0229,0x0229,0x0229,0x0228,0x0229,
0x0229,0x0a29,0x0228,0x0229,0x0229,0x0a49,0x0229,0x0229,0x0229,0x0a29,0x0228,0x0229,0x0229,0x0a29,0x0228,0x0229,
0x0229,0x0229,0x0228,0x0229,0x0228,0x0229,0x0228,0x0229,0x0229,0x0229,0x0228,0x0229,0x0208,0x0a29,0x0228,0x0229,
0x0208,0x0229,0x0208,0x0229,0x0208,0x0229,0x0208,0x0229,0x0208,0x0229,0x0208,0x0209,0x0208,0x0209,0x0208,0x0208,
0x0208,0x0208,0x01e8,0x0208,0x01e8,0x0208,0x01e8,0x0208,0x01e8,0x0208,0x01e8,0x0208,0x01e8,0x0208,0x01e8,0x01e8,
0x01e8,0x01e8,0x01e8,0x0208,0x01e8,0x0208,0x01e8,0x01e8,0x01e8,0x01e8,0x01e7,0x01e8,0x01c7,0x01c8,0x01c7,0x01c8,
0x01c7,0x01c8,0x01a7,0x01c8,0x01c7,0x01c8,0x01c7,0x01c8,0x01c7,0x01c8,0x01c7,0x01c8,0x01c7,0x01c8,0x01c7,0x01c8,
0x01c7,0x01c8,0x01a7,0x01c8,0x01a7,0x01c8,0x01a7,0x01c7,0x01a7,0x01c7,0x01a7,0x01c7,0x01a7,0x01a7,0x01a7,0x01a7,
0x0125,0x0105,0x0125,0x0125,0x0145,0x0125,0x0166,0x0125,0x0126,0x0125,0x0125,0x0125,0x0146,0x0166,0x0186,0x0186,
0x09c7,0x01a6,0x09e7,0x09c7,0x09e7,0x09c7,0x09c7,0x0166,0x0187,0x01a7,0x01e8,0x01e7,0x01e8,0x01e8,0x01e8,0x01e8,
0x01e8,0x01e8,0x01e8,0x01e8,0x0208,0x01e8,0x01e8,0x01e8,0x01e8,0x01e8,0x01e8,0x01e8,0x09e8,0x01e8,0x01e8,0x01e8,
0x0208,0x01e8,0x0208,0x01e8,0x0208,0x01e8,0x0208,0x01e8,0x0a08,0x01e8,0x0208,0x0208,0x0208,0x0208,0x0208,0x0208,
0x0209,0x0208,0x0229,0x0208,0x0209,0x0208,0x0209,0x0208,0x0a29,0x0208,0x0229,0x0208,0x0a29,0x0229,0x0229,0x0229,
0x0a29,0x0229,0x0a29,0x0229,0x0a29,0x0229,0x0a29,0x0229,0x0a29,0x0229,0x0a29,0x0229,0x0a29,0x0229,0x0a29,0x0229,
0x0a29,0x0229,0x0a29,0x0229,0x0a29,0x0229,0x0a29,0x0229,0x0a29,0x0229,0x0a29,0x0229,0x0a29,0x0229,0x0a29,0x0229,
0x0a29,0x0229,0x0a29,0x0229,0x0a29,0x0229,0x0a29,0x0229,0x0a49,0x0229,0x0a29,0x0229,0x0a29,0x0229,0x0a29,0x0229,
0x0a29,0x0229,0x0a29,0x0229,0x0a29,0x0229,0x0a29,0x0229,0x0a29,0x0229,0x0a29,0x0229,0x0a29,0x0229,0x0a29,0x0229,
0x0a29,0x0229,0x0a29,0x0229,0x0a29,0x0229,0x0a29,0x0228,0x0a29,0x0229,0x0a29,0x0229,0x0a29,0x0229,0x0a29,0x0228,
0x0a29,0x0228,0x0a29,0x0228,0x0a29,0x0208,0x0229,0x0208,0x0a29,0x0208,0x0229,0x0208,0x0a29,0x0208,0x0229,0x0208,
0x0209,0x0208,0x0209,0x0208,0x0a09,0x0208,0x0209,0x0208,0x0a09,0x0208,0x0209,0x01e8,0x0209,0x01e8,0x0208,0x01e8,
0x0208,0x01e8,0x0208,0x0208,0x0208,0x01e8,0x0208,0x01e8,0x0a09,0x01e8,0x01e8,0x01c8,0x01e8,0x01c7,0x01c8,0x01c7,
0x01c8,0x01c7,0x01e8,0x01c7,0x01e8,0x01c8,0x01c8,0x01c7,0x01e8,0x01c8,0x01e8,0x01c7,0x01e8,0x01c8,0x01e8,0x01c7,
0x01c8,0x01c7,0x01c8,0x01a7,0x01c8,0x01a7,0x01c8,0x01a7,0x01c8,0x01a7,0x01c8,0x01a7,0x01a8,0x01a7,0x01a8,0x01a7,
0x00e4,0x0105,0x0104,0x0105,0x0104,0x0105,0x0105,0x0125,0x0104,0x0125,0x0125,0x0145,0x0145,0x0186,0x0186,0x0166,
0x0165,0x0166,0x0166,0x01a6,0x01a6,0x0186,0x0165,0x0166,0x0186,0x01c7,0x01e7,0x01e8,0x01e7,0x01e8,0x01e7,0x01e8,
0x01e7,0x01e8,0x01e7,0x01e8,0x01e7,0x01e8,0x01e8,0x01e8,0x01e7,0x01e8,0x01e8,0x01e8,0x01e7,0x01e8,0x01e8,0x01e8,
0x01e7,0x01e8,0x01e8,0x01e8,0x01e7,0x0208,0x01e8,0x0208,0x01e8,0x0208,0x01e8,0x0208,0x01e8,0x0208,0x01e8,0x0208,
0x01e8,0x0208,0x01e8,0x0208,0x0208,0x0208,0x0208,0x0209,0x0208,0x0209,0x0208,0x0229,0x0208,0x0229,0x0228,0x0229,
0x0208,0x0229,0x0228,0x0229,0x0208,0x0229,0x0228,0x0a29,0x0228,0x0229,0x0228,0x0a29,0x0228,0x0229,0x0208,0x0a29,
0x0208,0x0229,0x0208,0x0229,0x0228,0x0229,0x0228,0x0229,0x0228,0x0229,0x0229,0x0229,0x0228,0x0229,0x0229,0x0a29,
0x0228,0x0229,0x0229,0x0a29,0x0228,0x0a49,0x0229,0x0a29,0x0228,0x0229,0x0229,0x0229,0x0228,0x0229,0x0229,0x0229,
0x0228,0x0229,0x0229,0x0a29,0x0228,0x0229,0x0229,0x0a29,0x0228,0x0229,0x0229,0x0a29,0x0228,0x0229,0x0228,0x0229,
0x0228,0x0229,0x0229,0x0229,0x0228,0x0a29,0x0228,0x0a29,0x0228,0x0229,0x0228,0x0a29,0x0228,0x0229,0x0208,0x0a29,
0x0208,0x0229,0x0208,0x0a29,0x0208,0x0229,0x0208,0x0209,0x0208,0x0208,0x0208,0x0209,0x0208,0x0208,0x0208,0x0209,
0x0208,0x0208,0x0208,0x0209,0x0208,0x0209,0x0208,0x0209,0x0208,0x0209,0x0208,0x0209,0x01e8,0x0208,0x01e8,0x0208,
0x01e8,0x0208,0x01e8,0x0208,0x01e7,0x01e8,0x01e8,0x0208,0x01e8,0x01e8,0x01c7,0x01c8,0x01c7,0x01c8,0x01c7,0x01c8,
0x01c7,0x01c8,0x01c7,0x01c8,0x01c7,0x01c8,0x01c7,0x01c8,0x01c7,0x01c8,0x01c7,0x01c8,0x01c7,0x01c8,0x01c7,0x01c8,
0x01c7,0x01c8,0x01a7,0x01c8,0x01a7,0x01c7,0x01a7,0x01c8,0x01a7,0x01a7,0x01a7,0x01a7,0x01a7,0x01a7,0x01a7,0x01a7,
0x0125,0x0105,0x0125,0x0105,0x0125,0x0125,0x0125,0x0125,0x0146,0x0145,0x0146,0x0145,0x0166,0x0166,0x0166,0x0166,
0x0166,0x0166,0x0166,0x0166,0x0186,0x0165,0x0186,0x0146,0x01a7,0x01a7,0x01e8,0x01e8,0x01e8,0x01e7,0x01e8,0x01e8,
0x01e8,0x01e8,0x01e8,0x01e8,0x01e8,0x01e8,0x0208,0x01e8,0x0208,0x01e8,0x01e8,0x01e8,0x01e8,0x01e8,0x0208,0x01e8,
0x0208,0x01e8,0x0208,0x01e8,0x01e8,0x01e8,0x0208,0x01e8,0x0208,0x01e8,0x0a08,0x0208,0x0208,0x0208,0x0208,0x0208,
0x0208,0x0208,0x0a09,0x0208,0x0a09,0x0208,0x0a09,0x0208,0x0229,0x0208,0x0a29,0x0228,0x0a29,0x0228,0x0a29,0x0229,
0x0a29,0x0228,0x0a29,0x0229,0x0a29,0x0228,0x0a29,0x0229,0x0a29,0x0229,0x0a29,0x0229,0x0a29,0x0229,0x0a29,0x0229,
0x0a29,0x0228,0x0a29,0x0229,0x0229,0x0228,0x0a29,0x0229,0x0a29,0x0229,0x0a29,0x0229,0x0a29,0x0229,0x0a29,0x0229,
0x0a29,0x0229,0x0a49,0x0229,0x0a49,0x0229,0x0a49,0x0229,0x0a29,0x0229,0x0a29,0x0229,0x0a29,0x0229,0x0a29,0x0229,
0x0a29,0x0229,0x0a29,0x0229,0x0a29,0x0229,0x0a29,0x0229,0x0a29,0x0229,0x0a29,0x0229,0x0a29,0x0229,0x0a29,0x0229,
0x0a29,0x0229,0x0a29,0x0229,0x0a29,0x0229,0x0a29,0x0229,0x0a29,0x0229,0x0a29,0x0229,0x0a29,0x0229,0x0a29,0x0228,
0x0a29,0x0228,0x0a29,0x0208,0x0a29,0x0208,0x0a29,0x0208,0x0229,0x0208,0x0a29,0x0208,0x0229,0x0208,0x0a29,0x0208,
0x0229,0x0208,0x0a29,0x0208,0x0a29,0x0208,0x0a29,0x0208,0x0a09,0x0208,0x0a09,0x0208,0x0a09,0x0208,0x0a09,0x01e8,
0x0208,0x01e8,0x0a08,0x01e8,0x0208,0x01e8,0x01e8,0x01e8,0x01e8,0x01c8,0x01e8,0x01c8,0x01e8,0x01c7,0x01e8,0x01c8,
0x01e8,0x01c8,0x01e8,0x01c8,0x01e8,0x01c7,0x01c8,0x01c7,0x01c8,0x01c7,0x01c8,0x01c8,0x01c8,0x01c7,0x01c8,0x01c7,
0x01c8,0x01c7,0x01c8,0x01a7,0x01c8,0x01a7,0x01c8,0x01a7,0x01c8,0x01a7,0x01a8,0x01a7,0x01a8,0x01a7,0x01a8,0x01a7,
0x0125,0x0125,0x0125,0x0125,0x0125,0x0145,0x0125,0x0145,0x0125,0x0146,0x0145,0x0145,0x0145,0x0166,0x0145,0x0166,
0x0166,0x0166,0x0165,0x0186,0x0165,0x0166,0x0145,0x0146,0x0166,0x01a7,0x01a7,0x01e8,0x01e7,0x01e8,0x01e7,0x01e8,
0x01e7,0x01e8,0x01e7,0x01e8,0x01e7,0x01e8,0x01e7,0x01e8,0x01e8,0x01e8,0x01e7,0x01e8,0x01e8,0x01e8,0x01e7,0x01e8,
0x01e8,0x01e8,0x01e7,0x01e8,0x01e8,0x01e8,0x01e7,0x01e8,0x01e8,0x0208,0x01e8,0x0208,0x01e8,0x0208,0x01e8,0x0208,
0x01e8,0x0208,0x01e8,0x0208,0x0208,0x0209,0x0208,0x0208,0x0208,0x0229,0x0208,0x0228,0x0208,0x0229,0x0208,0x0229,
0x0228,0x0a29,0x0228,0x0229,0x0228,0x0a29,0x0208,0x0229,0x0228,0x0a29,0x0228,0x0a29,0x0228,0x0a29,0x0228,0x0a29,
0x0228,0x0a29,0x0228,0x0229,0x0228,0x0229,0x0228,0x0229,0x0229,0x0a29,0x0228,0x0229,0x0228,0x0a29,0x0228,0x0229,
0x0228,0x0a29,0x0229,0x0a49,0x0229,0x0a49,0x0229,0x0a49,0x0229,0x0a29,0x0228,0x0229,0x0229,0x0229,0x0228,0x0229,
0x0229,0x0229,0x0228,0x0229,0x0228,0x0229,0x0228,0x0229,0x0228,0x0229,0x0208,0x0229,0x0229,0x0a29,0x0228,0x0229,
0x0229,0x0a29,0x0228,0x0229,0x0229,0x0a29,0x0228,0x0a29,0x0228,0x0a29,0x0228,0x0229,0x0228,0x0a29,0x0208,0x0229,
0x0208,0x0229,0x0208,0x0229,0x0208,0x0229,0x0208,0x0208,0x0208,0x0209,0x0208,0x0208,0x0208,0x0209,0x0208,0x0208,
0x0208,0x0209,0x0208,0x0208,0x0208,0x0209,0x0208,0x0208,0x0208,0x0209,0x0208,0x0208,0x01e8,0x0208,0x01e8,0x0208,
0x01e8,0x01e8,0x01e8,0x01e8,0x01e8,0x01e8,0x01c7,0x01e8,0x01e8,0x01e8,0x01c7,0x01c8,0x01c7,0x01c8,0x01c7,0x01e8,
0x01c7,0x01e8,0x01c7,0x01c8,0x01c7,0x01c8,0x01c7,0x01c8,0x01a7,0x01c8,0x01a7,0x01c8,0x01a7,0x01c8,0x01a7,0x01c8,
0x01a7,0x01c8,0x01a7,0x01a7,0x01a7,0x01c7,0x01a7,0x01c7,0x01a7,0x01a7,0x01a7,0x01a7,0x01a7,0x01a7,0x01a7,0x01a7,
0x0146,0x0125,0x0146,0x0125,0x0146,0x0145,0x0146,0x0145,0x0146,0x0146,0x0146,0x0145,0x0146,0x0145,0x0146,0x0145,
0x0166,0x0146,0x0166,0x0166,0x0166,0x0166,0x0166,0x0166,0x0187,0x01a7,0x01c8,0x01e7,0x01e8,0x01e8,0x01e8,0x01e7,
0x01e8,0x01e8,0x01e8,0x01e8,0x01e8,0x01e8,0x01e8,0x01e8,0x01e8,0x01e8,0x01e8,0x01e8,0x09e8,0x01e8,0x01e8,0x01e8,
0x01e8,0x01e8,0x01e8,0x01e8,0x0208,0x01e8,0x0208,0x01e8,0x0208,0x01e8,0x0208,0x01e8,0x0208,0x01e8,0x0208,0x0208,
0x0a08,0x01e8,0x0208,0x0208,0x0a09,0x0208,0x0a09,0x0208,0x0a29,0x0208,0x0a29,0x0228,0x0a29,0x0229,0x0a29,0x0228,
0x0a29,0x0229,0x0a29,0x0228,0x0a29,0x0229,0x0a29,0x0229,0x0a29,0x0229,0x0a29,0x0229,0x0a29,0x0229,0x0a29,0x0229,
0x0a29,0x0229,0x0a29,0x0229,0x0a29,0x0229,0x0229,0x0229,0x0a29,0x0229,0x0a49,0x0229,0x0a49,0x0229,0x0a49,0x0229,
0x0a49,0x0229,0x0a29,0x0229,0x0a49,0x0229,0x0a49,0x0229,0x0a49,0x0229,0x0a29,0x0229,0x0a29,0x0229,0x0a29,0x0229,
0x0a29,0x0229,0x0a29,0x0229,0x0a29,0x0229,0x0a29,0x0229,0x0a29,0x0229,0x0a29,0x0229,0x0a29,0x0229,0x0a29,0x0229,
0x0a29,0x0229,0x0a29,0x0229,0x0a29,0x0229,0x0a29,0x0229,0x0a29,0x0229,0x0a29,0x0229,0x0a29,0x0229,0x0a29,0x0208,
0x0a29,0x0208,0x0229,0x0208,0x0a29,0x0208,0x0229,0x0208,0x0a29,0x0208,0x0229,0x0208,0x0a29,0x0208,0x0229,0x0208,
0x0a29,0x0208,0x0a29,0x0208,0x0a29,0x0208,0x0a29,0x0208,0x0a09,0x0208,0x0209,0x0208,0x0a09,0x01e8,0x0208,0x01e8,
0x0208,0x01e8,0x01e8,0x01e8,0x01e8,0x01e8,0x01e8,0x01e8,0x01e8,0x01e8,0x01e8,0x01c8,0x01e8,0x01c8,0x01e8,0x01c8,
0x01e8,0x01c8,0x01e8,0x01c8,0x01e8,0x01c8,0x01c8,0x01c7,0x01c8,0x01c7,0x01c8,0x01c7,0x01c8,0x01c7,0x01c8,0x01a7,
0x01c8,0x01a7,0x01c8,0x01a7,0x01c8,0x01a7,0x01c7,0x01a7,0x01c8,0x01a7,0x01c7,0x01a7,0x01a8,0x01a7,0x01a7,0x01a7,
0x0125,0x0145,0x0145,0x0146,0x0145,0x0146,0x0145,0x0166,0x0145,0x0166,0x0145,0x0146,0x0145,0x0146,0x0125,0x0146,
0x0125,0x0145,0x0125,0x0146,0x0145,0x0166,0x0146,0x0186,0x01a6,0x01e7,0x01e7,0x01e8,0x01e7,0x01e8,0x01e7,0x01e8,
0x01e7,0x01e8,0x01e7,0x01e8,0x01e7,0x01e8,0x01e8,0x01e8,0x01e7,0x01e8,0x01e8,0x01e8,0x01e7,0x01e8,0x01e8,0x01e8,
0x01e7,0x01e8,0x01e8,0x01e8,0x01e7,0x01e8,0x01e8,0x01e8,0x01e7,0x01e8,0x01e8,0x0208,0x01e7,0x0208,0x01e8,0x0208,
0x01e8,0x0208,0x01e8,0x0208,0x01e8,0x0208,0x0208,0x0209,0x0208,0x0229,0x0228,0x0a29,0x0228,0x0229,0x0228,0x0a29,
0x0228,0x0229,0x0228,0x0a29,0x0228,0x0a29,0x0228,0x0a29,0x0228,0x0229,0x0208,0x0a29,0x0208,0x0229,0x0208,0x0a29,
0x0208,0x0229,0x0228,0x0229,0x0228,0x0229,0x0228,0x0229,0x0228,0x0229,0x0228,0x0a29,0x0228,0x0229,0x0228,0x0a29,
0x0228,0x0229,0x0229,0x0a29,0x0228,0x0a29,0x0229,0x0a49,0x0229,0x0229,0x0229,0x0229,0x0228,0x0229,0x0229,0x0229,
0x0228,0x0229,0x0228,0x0229,0x0228,0x0229,0x0208,0x0a29,0x0208,0x0229,0x0208,0x0a29,0x0208,0x0229,0x0208,0x0a29,
0x0228,0x0229,0x0229,0x0a29,0x0228,0x0a29,0x0228,0x0a29,0x0228,0x0a29,0x0228,0x0a29,0x0208,0x0229,0x0208,0x0209,
0x0208,0x0229,0x0208,0x0209,0x0208,0x0208,0x0208,0x0209,0x0208,0x0208,0x0208,0x0209,0x0208,0x0209,0x0208,0x0209,
0x0208,0x0209,0x0208,0x0229,0x0208,0x0208,0x0208,0x0209,0x01e8,0x0208,0x01e8,0x0208,0x01e8,0x0208,0x01e8,0x01e8,
0x01e8,0x01e8,0x01e8,0x01e8,0x01e7,0x01e8,0x01c7,0x01e8,0x01c7,0x01e8,0x01c7,0x01e8,0x01c7,0x01e8,0x01c7,0x01e8,
0x01c7,0x01e8,0x01c7,0x01c8,0x01c7,0x01c8,0x01c7,0x01c8,0x01c7,0x01c8,0x01a7,0x01c8,0x01a7,0x01c7,0x01a7,0x01c7,
0x01a7,0x01c7,0x01a7,0x01a7,0x01a7,0x01a7,0x01a7,0x01a7,0x01a7,0x01a7,0x01a7,0x01a7,0x01a7,0x01a7,0x01a7,0x01a7,
0x0166,0x0165,0x0166,0x0166,0x0186,0x0166,0x0186,0x0166,0x0186,0x0166,0x0166,0x0166,0x0166,0x0145,0x0166,0x0146,
0x0146,0x0125,0x0146,0x0146,0x0166,0x0166,0x0187,0x0187,0x01e8,0x01e8,0x01e8,0x01e7,0x01e8,0x01e7,0x01e8,0x01e8,
0x01e8,0x01e7,0x01e8,0x01e8,0x01e8,0x01e8,0x01e8,0x01e8,0x01e8,0x01e8,0x01e8,0x01e8,0x01e8,0x01e8,0x01e8,0x01e8,
0x01e8,0x01e8,0x01e8,0x01e8,0x01e8,0x01e8,0x09e8,0x01e8,0x01e8,0x01e8,0x0208,0x01e8,0x0208,0x01e8,0x0208,0x01e8,
0x0208,0x0208,0x0209,0x0208,0x0229,0x0208,0x0a09,0x0208,0x0229,0x0208,0x0a29,0x0228,0x0a29,0x0228,0x0a29,0x0229,
0x0a29,0x0228,0x0a29,0x0229,0x0a29,0x0228,0x0a29,0x0229,0x0a49,0x0228,0x0a29,0x0229,0x0a29,0x0229,0x0a29,0x0229,
0x0a29,0x0228,0x0a29,0x0229,0x0a29,0x0228,0x0a29,0x0229,0x0a29,0x0229,0x0a49,0x0229,0x0a49,0x0229,0x0a49,0x0229,
0x0a29,0x0229,0x0a49,0x0229,0x0a29,0x0229,0x0a49,0x0229,0x0a49,0x0229,0x0a29,0x0229,0x0a29,0x0229,0x0a29,0x0229,
0x0a29,0x0229,0x0a29,0x0229,0x0a29,0x0229,0x0a29,0x0209,0x0a29,0x0208,0x0a29,0x0209,0x0a29,0x0209,0x0a29,0x0229,
0x0a29,0x0229,0x0a29,0x0229,0x0a29,0x0229,0x0a29,0x0229,0x0a29,0x0228,0x0a29,0x0229,0x0a29,0x0228,0x0a29,0x0208,
0x0229,0x0208,0x0a29,0x0208,0x0229,0x0208,0x0a29,0x0208,0x0229,0x0208,0x0a29,0x0208,0x0229,0x0208,0x0a29,0x0208,
0x0229,0x0208,0x0a29,0x0208,0x0229,0x0208,0x0a09,0x0208,0x0a09,0x0208,0x0a09,0x0208,0x0a09,0x01e8,0x0a08,0x01e8,
0x0208,0x01e8,0x01e8,0x01e8,0x01e8,0x01e8,0x01e8,0x01c8,0x01e8,0x01c8,0x01e8,0x01c8,0x01e8,0x01c8,0x01e8,0x01c8,
0x01e8,0x01c8,0x01e8,0x01c8,0x01c8,0x01c7,0x01c8,0x01c7,0x01c8,0x01c7,0x01c8,0x01a7,0x01c8,0x01a7,0x01c8,0x01a7,
0x01c8,0x01a7,0x01c8,0x01a7,0x01c7,0x01a7,0x01c8,0x01a7,0x01c7,0x01a7,0x01a8,0x01a7,0x01a7,0x01a7,0x01c8,0x01a7,
0x0146,0x0166,0x0165,0x0166,0x0166,0x0166,0x0165,0x0186,0x0166,0x0186,0x0165,0x0166,0x0146,0x0146,0x0145,0x0146,
0x0145,0x0166,0x0166,0x0186,0x0166,0x0187,0x0186,0x01a7,0x01a7,0x01c7,0x01a7,0x01c7,0x01c7,0x01e8,0x01c7,0x01e8,
0x01e7,0x01e8,0x01e7,0x01e8,0x01e7,0x01e8,0x01e7,0x01e8,0x01e7,0x01e8,0x01c7,0x01e8,0x01c7,0x01e8,0x01c7,0x01e8,
0x01c7,0x01e8,0x01c7,0x01e8,0x01e8,0x01e8,0x01e7,0x01e8,0x01e8,0x01e8,0x01e7,0x01e8,0x01e8,0x0208,0x01e8,0x0208,
0x01e8,0x0208,0x01e8,0x0208,0x01e8,0x0208,0x0208,0x0228,0x0208,0x0208,0x0208,0x0228,0x0208,0x0a29,0x0208,0x0229,
0x0228,0x0a29,0x0228,0x0229,0x0228,0x0a29,0x0228,0x0229,0x0228,0x0a29,0x0228,0x0229,0x0228,0x0229,0x0228,0x0229,
0x0229,0x0a29,0x0228,0x0229,0x0228,0x0229,0x0228,0x0229,0x0229,0x0a29,0x0228,0x0229,0x0229,0x0a49,0x0228,0x0229,
0x0228,0x0a29,0x0229,0x0a29,0x0229,0x0a29,0x0229,0x0a29,0x0229,0x0229,0x0228,0x0229,0x0229,0x0229,0x0228,0x0229,
0x0228,0x0229,0x0228,0x0229,0x0228,0x0229,0x0228,0x0229,0x0208,0x0229,0x0208,0x0229,0x0208,0x0229,0x0208,0x0229,
0x0208,0x0229,0x0208,0x0229,0x0208,0x0a29,0x0208,0x0229,0x0228,0x0a29,0x0208,0x0229,0x0228,0x0229,0x0228,0x0229,
0x0208,0x0229,0x0208,0x0229,0x0208,0x0229,0x0208,0x0208,0x0208,0x0208,0x0208,0x0208,0x0208,0x0208,0x0208,0x0228,
0x0208,0x0a09,0x0208,0x0208,0x0208,0x0209,0x0208,0x0208,0x01e8,0x0209,0x01e8,0x0208,0x01e8,0x0a08,0x01e8,0x0208,
0x01e8,0x01e8,0x01e8,0x01e8,0x01e8,0x01e8,0x01c8,0x01e8,0x01c8,0x01e8,0x01c7,0x01c8,0x01c7,0x01e8,0x01c7,0x01e8,
0x01c7,0x01c8,0x01c7,0x01c8,0x01c7,0x01c8,0x01c7,0x01c8,0x01a7,0x01c8,0x01a7,0x01c7,0x01a7,0x01c7,0x01a7,0x01a7,
0x01a7,0x01a7,0x01a7,0x01c7,0x01a7,0x01a7,0x01a7,0x01a7,0x01a7,0x01a7,0x01a7,0x01a7,0x01a7,0x01a7,0x01a7,0x01a7,
0x0186,0x0166,0x0166,0x0166,0x0166,0x0166,0x0186,0x0186,0x0187,0x0186,0x01a7,0x0186,0x0186,0x0166,0x0166,0x0166,
0x0166,0x0166,0x01a7,0x01a6,0x0187,0x0186,0x01a7,0x01a6,0x01a7,0x01a7,0x01c7,0x01c7,0x01c7,0x01a7,0x01c7,0x01c7,
0x01c7,0x01c7,0x01e8,0x01e7,0x01e8,0x01e8,0x01e8,0x01e8,0x0208,0x01e8,0x01e8,0x01e7,0x01e8,0x01e8,0x01e8,0x01e8,
0x01e8,0x01e8,0x01e8,0x01e8,0x01e8,0x01e8,0x01e8,0x01e8,0x01e8,0x01e8,0x01e8,0x01e8,0x01e8,0x01e8,0x0208,0x01e8,
0x0208,0x01e8,0x0208,0x0208,0x0a09,0x0208,0x0209,0x0208,0x0a29,0x0208,0x0a29,0x0208,0x0a29,0x0208,0x0a29,0x0228,
0x0a29,0x0229,0x0a29,0x0228,0x0a49,0x0229,0x0a29,0x0228,0x0a29,0x0229,0x0a29,0x0228,0x0a49,0x0229,0x0a29,0x0229,
0x0a29,0x0229,0x0a49,0x0229,0x0a29,0x0229,0x0a29,0x0229,0x0a29,0x0229,0x0a29,0x0229,0x0a29,0x0229,0x0a49,0x0229,
0x0a49,0x0229,0x0a49,0x0229,0x0a49,0x0229,0x0a49,0x0229,0x0a29,0x0229,0x0a29,0x0229,0x0a29,0x0229,0x0a29,0x0229,
0x0a29,0x0229,0x0a29,0x0229,0x0a29,0x0229,0x0a29,0x0229,0x0a29,0x0229,0x0a29,0x0229,0x0a29,0x0229,0x0a29,0x0228,
0x0a29,0x0208,0x0229,0x0208,0x0a29,0x0208,0x0a29,0x0228,0x0a29,0x0229,0x0a29,0x0228,0x0a29,0x0229,0x0a29,0x0228,
0x0a29,0x0229,0x0a29,0x0228,0x0a29,0x0208,0x0a29,0x0208,0x0a29,0x0208,0x0a29,0x0208,0x0a29,0x0208,0x0229,0x0208,
0x0a29,0x0208,0x0a29,0x0208,0x0a09,0x0208,0x0209,0x0208,0x0a09,0x0208,0x0a09,0x01e8,0x0a09,0x01e8,0x0a08,0x01e8,
0x0a09,0x01e8,0x0208,0x01e8,0x01e8,0x01e8,0x01e8,0x01c8,0x01e8,0x01c8,0x01e8,0x01c8,0x01e8,0x01c8,0x01e8,0x01c8,
0x01e8,0x01c8,0x01e8,0x01c8,0x01e8,0x01c8,0x01c8,0x01c7,0x01c8,0x01c7,0x01c8,0x01a7,0x01c8,0x01a7,0x01c8,0x01a7,
0x01c8,0x01a7,0x01c8,0x01a7,0x01c8,0x01a7,0x01c7,0x01a7,0x01c8,0x01a7,0x01a7,0x01a7,0x01a8,0x01a7,0x01c7,0x01a7,
0x0166,0x0186,0x0166,0x0166,0x0165,0x0186,0x0166,0x0186,0x0186,0x0186,0x0186,0x01a7,0x0186,0x0186,0x0166,0x0186,
0x0165,0x0186,0x0166,0x0187,0x0166,0x01a6,0x01a6,0x01a6,0x01a6,0x01c7,0x01a6,0x09c7,0x01c6,0x01c7,0x01c6,0x01c7,
0x01c6,0x01c7,0x01c7,0x01c7,0x01c7,0x01e8,0x01e7,0x01e8,0x01e7,0x01e8,0x01e7,0x01e8,0x01e7,0x01e8,0x01e7,0x01e8,
0x01e7,0x01e8,0x01e8,0x01e8,0x01e7,0x01e8,0x01e8,0x01e8,0x01e7,0x01e8,0x01e8,0x01e8,0x01e7,0x01e8,0x01e8,0x0208,
0x01e7,0x0208,0x01e8,0x0208,0x01e8,0x0208,0x01e8,0x0208,0x0208,0x0208,0x0208,0x0229,0x0208,0x0228,0x0208,0x0a29,
0x0228,0x0229,0x0228,0x0a29,0x0228,0x0229,0x0228,0x0229,0x0228,0x0229,0x0228,0x0229,0x0228,0x0229,0x0228,0x0229,
0x0228,0x0229,0x0229,0x0229,0x0228,0x0229,0x0228,0x0229,0x0228,0x0229,0x0228,0x0229,0x0228,0x0229,0x0228,0x0a29,
0x0228,0x0229,0x0229,0x0229,0x0228,0x0229,0x0229,0x0229,0x0228,0x0229,0x0229,0x0a29,0x0228,0x0229,0x0228,0x0229,
0x0228,0x0229,0x0228,0x0229,0x0228,0x0229,0x0208,0x0229,0x0208,0x0229,0x0208,0x0229,0x0208,0x0229,0x0208,0x0229,
0x0208,0x0229,0x0208,0x0229,0x0208,0x0209,0x0208,0x0229,0x0208,0x0229,0x0208,0x0a29,0x0208,0x0229,0x0208,0x0a29,
0x0208,0x0229,0x0208,0x0a29,0x0208,0x0228,0x0208,0x0a29,0x0208,0x0228,0x0208,0x0229,0x0208,0x0228,0x0208,0x0229,
0x0208,0x0208,0x0208,0x0209,0x0208,0x0208,0x01e8,0x0208,0x01e8,0x0208,0x01e8,0x0208,0x01e8,0x0208,0x01e8,0x0208,
0x01e8,0x01e8,0x01e8,0x01e8,0x01e8,0x01e8,0x01c8,0x01e8,0x01c7,0x01e8,0x01c7,0x01c8,0x01c7,0x01c8,0x01c7,0x01c8,
0x01c7,0x01c8,0x01c7,0x01e8,0x01c7,0x01c8,0x01c7,0x01c8,0x01a7,0x01c8,0x01a7,0x01c8,0x01a7,0x01c7,0x01a7,0x01c7,
0x01a7,0x01c7,0x01a7,0x01c7,0x01a7,0x01c7,0x01a7,0x01a7,0x01a7,0x01a7,0x01a7,0x01a7,0x01a7,0x01a7,0x01a7,0x01a7,
0x0187,0x0186,0x0187,0x0166,0x0186,0x0166,0x0186,0x0166,0x0186,0x0186,0x01a7,0x01a7,0x01a7,0x01a7,0x01c7,0x01a6,
0x0186,0x0186,0x0187,0x0186,0x0187,0x01a6,0x09c7,0x01a6,0x09e7,0x01c6,0x09c7,0x09c7,0x09e7,0x01c7,0x09e7,0x01e7,
0x09e7,0x01c7,0x01c7,0x01a7,0x01c7,0x01c7,0x01e8,0x01e7,0x01e8,0x01e8,0x01e8,0x01e8,0x01e8,0x01e8,0x01e8,0x01e8,
0x01e8,0x01e8,0x01e8,0x01e8,0x01e8,0x01e8,0x01e8,0x01e8,0x01e8,0x01e8,0x0208,0x01e8,0x0208,0x01e8,0x0208,0x01e8,
0x0208,0x0208,0x0208,0x0208,0x0208,0x01e8,0x0a09,0x0208,0x0208,0x0208,0x0a29,0x0208,0x0a29,0x0228,0x0a29,0x0229,
0x0a29,0x0228,0x0a29,0x0228,0x0a29,0x0228,0x0a29,0x0228,0x0a29,0x0228,0x0a29,0x0229,0x0229,0x0229,0x0a29,0x0229,
0x0a29,0x0229,0x0a29,0x0229,0x0a29,0x0229,0x0a29,0x0228,0x0229,0x0228,0x0a29,0x0229,0x0229,0x0228,0x0a29,0x0229,
0x0a29,0x0229,0x0a29,0x0229,0x0a29,0x0229,0x0a49,0x0229,0x0a29,0x0229,0x0a49,0x0229,0x0a49,0x0229,0x0a29,0x0229,
0x0a29,0x0229,0x0a29,0x0229,0x0a29,0x0229,0x0a29,0x0229,0x0229,0x0229,0x0a29,0x0229,0x0a29,0x0228,0x0a29,0x0228,
0x0a29,0x0228,0x0a29,0x0208,0x0229,0x0208,0x0a29,0x0208,0x0229,0x0208,0x0a29,0x0229,0x0a29,0x0228,0x0a29,0x0229,
0x0a29,0x0228,0x0a29,0x0208,0x0a29,0x0208,0x0a29,0x0208,0x0a29,0x0208,0x0a29,0x0208,0x0a29,0x0208,0x0a29,0x0208,
0x0229,0x0208,0x0a09,0x0208,0x0209,0x0208,0x0a09,0x01e8,0x0208,0x01e8,0x0a09,0x01e8,0x0208,0x01e8,0x0a08,0x01e8,
0x0208,0x01e8,0x0a08,0x01e8,0x0208,0x01e8,0x09e8,0x01e8,0x01e8,0x01c8,0x01e8,0x01c8,0x01e8,0x01c7,0x01e8,0x01c8,
0x01e8,0x01c8,0x01e8,0x01c8,0x01e8,0x01c7,0x01c8,0x01c7,0x01c8,0x01c7,0x01c8,0x01c7,0x01c8,0x01a7,0x01c8,0x01a7,
0x01c8,0x01a7,0x01c8,0x01a7,0x01c8,0x01a7,0x01c8,0x01a7,0x01c7,0x01a7,0x01c8,0x01a7,0x01c8,0x01a7,0x01a8,0x01a7,
0x0166,0x0187,0x0166,0x0186,0x0166,0x0186,0x0166,0x0166,0x0166,0x0187,0x0186,0x01a7,0x01a7,0x01c7,0x01c7,0x01c7,
0x01a7,0x0186,0x0166,0x0186,0x0186,0x01a6,0x01a6,0x09c6,0x01c6,0x09c6,0x01c6,0x01a6,0x01c6,0x09e7,0x01c6,0x01e7,
0x01c7,0x01e7,0x01c6,0x01c7,0x01c7,0x09e7,0x01c6,0x01c7,0x01c7,0x01e8,0x01e7,0x01e8,0x01e8,0x01e8,0x01e7,0x01e8,
0x01e8,0x01e8,0x01c7,0x01e8,0x01e8,0x01e8,0x01e7,0x01e8,0x01e8,0x01e8,0x01e7,0x01e8,0x01e8,0x01e8,0x01e7,0x01e8,
0x01e8,0x0208,0x01e8,0x0208,0x01e8,0x0208,0x01e8,0x0208,0x01e8,0x0208,0x0208,0x0229,0x0208,0x0a29,0x0208,0x0229,
0x0208,0x0a29,0x0228,0x0229,0x0208,0x0229,0x0228,0x0229,0x0228,0x0229,0x0228,0x0229,0x0228,0x0229,0x0228,0x0229,
0x0228,0x0229,0x0228,0x0229,0x0228,0x0229,0x0228,0x0229,0x0208,0x0229,0x0228,0x0229,0x0228,0x0229,0x0228,0x0229,
0x0228,0x0229,0x0228,0x0229,0x0229,0x0229,0x0228,0x0229,0x0229,0x0a29,0x0228,0x0229,0x0229,0x0a29,0x0228,0x0229,
0x0228,0x0229,0x0208,0x0229,0x0228,0x0229,0x0228,0x0229,0x0228,0x0229,0x0228,0x0229,0x0208,0x0229,0x0208,0x0229,
0x0208,0x0229,0x0208,0x0209,0x0208,0x0229,0x0208,0x0229,0x0208,0x0209,0x0208,0x0a29,0x0228,0x0a29,0x0208,0x0229,
0x0208,0x0a29,0x0208,0x0a29,0x0208,0x0a29,0x0208,0x0228,0x0208,0x0229,0x0208,0x0228,0x0208,0x0229,0x0208,0x0208,
0x0208,0x0209,0x0208,0x0208,0x0208,0x0208,0x01e8,0x0208,0x01e8,0x0208,0x01e7,0x01e8,0x01e8,0x01e8,0x01e8,0x01e8,
0x01e8,0x01e8,0x01e8,0x01e8,0x01e8,0x01e8,0x01e7,0x01e8,0x01c7,0x01e8,0x01c7,0x01c8,0x01c8,0x01c8,0x01c7,0x01e8,
0x01c7,0x01e8,0x01c7,0x01c8,0x01c7,0x01c8,0x01c7,0x01c8,0x01c7,0x01c8,0x01c7,0x01c8,0x01a7,0x01c7,0x01a7,0x01c7,
0x01a7,0x01c7,0x01a7,0x01c7,0x01a7,0x01c7,0x01a7,0x01a7,0x01a7,0x01c7,0x01a7,0x01c7,0x01a7,0x01c7,0x01a7,0x01a7,
0x0187,0x0166,0x0186,0x0186,0x0187,0x0166,0x0186,0x0166,0x0187,0x0186,0x01a7,0x0186,0x01a7,0x01a7,0x01e8,0x01c7,
0x01a7,0x0186,0x0187,0x0186,0x01a7,0x01a6,0x09c6,0x01a6,0x09e7,0x09c6,0x09c7,0x01c6,0x09e7,0x01e7,0x09e7,0x01e7,
0x09e7,0x09e7,0x09e7,0x01c7,0x09e7,0x09e7,0x09e7,0x01c7,0x01c7,0x01c7,0x01e8,0x01e8,0x01e8,0x01e8,0x01e8,0x01e8,
0x01e8,0x01e8,0x01e8,0x01e8,0x01e8,0x01e8,0x01e8,0x01e8,0x09e8,0x01e8,0x01e8,0x01e8,0x01e8,0x01e8,0x0208,0x01e8,
0x0208,0x01e8,0x0208,0x0208,0x0a09,0x0208,0x0208,0x0208,0x0a29,0x0208,0x0a29,0x0228,0x0a29,0x0228,0x0a29,0x0228,
0x0a29,0x0228,0x0a29,0x0228,0x0a29,0x0228,0x0229,0x0228,0x0a29,0x0228,0x0229,0x0228,0x0a29,0x0229,0x0229,0x0228,
0x0a29,0x0229,0x0229,0x0228,0x0a29,0x0229,0x0229,0x0228,0x0a29,0x0228,0x0229,0x0228,0x0a29,0x0229,0x0229,0x0229,
0x0a29,0x0229,0x0a29,0x0229,0x0a29,0x0229,0x0a29,0x0229,0x0a29,0x0229,0x0a29,0x0229,0x0a29,0x0229,0x0a29,0x0229,
0x0a29,0x0229,0x0a29,0x0229,0x0a29,0x0229,0x0229,0x0229,0x0a29,0x0229,0x0a29,0x0229,0x0a29,0x0229,0x0a29,0x0228,
0x0a29,0x0208,0x0a29,0x0208,0x0a29,0x0208,0x0a29,0x0208,0x0a29,0x0208,0x0a29,0x0228,0x0a29,0x0229,0x0a29,0x0228,
0x0a29,0x0229,0x0a29,0x0228,0x0a29,0x0208,0x0a29,0x0208,0x0a29,0x0208,0x0a29,0x0208,0x0a29,0x0208,0x0229,0x0208,
0x0a29,0x0208,0x0209,0x0208,0x0a09,0x0208,0x0208,0x01e8,0x0208,0x01e8,0x0208,0x01e8,0x0208,0x01e8,0x01e8,0x01e8,
0x01e8,0x01e8,0x01e8,0x01e8,0x0a08,0x01e8,0x01e8,0x01e8,0x01e8,0x01c8,0x01e8,0x01c8,0x01e8,0x01c8,0x01e8,0x01c8,
0x01e8,0x01c8,0x01e8,0x01c7,0x01c8,0x01c7,0x01c8,0x01c7,0x01c8,0x01c7,0x01c8,0x01c7,0x01c8,0x01c7,0x01c8,0x01a7,
0x01c8,0x01a7,0x01c8,0x01a7,0x01c8,0x01a7,0x01c8,0x01a7,0x01c8,0x01a7,0x01c8,0x01c7,0x01c8,0x01a7,0x01c8,0x01a7,
0x01c7,0x09c7,0x01a7,0x0186,0x0165,0x0186,0x0166,0x0187,0x0186,0x0187,0x0186,0x0187,0x0186,0x01c7,0x01c7,0x01a7,
0x0186,0x0186,0x0186,0x01a7,0x01a6,0x01c6,0x01a6,0x01c6,0x01a6,0x01a6,0x01a6,0x09e7,0x09e6,0x09e7,0x09e6,0x09e7,
0x01e6,0x09e7,0x01c7,0x09c7,0x01c7,0x09e7,0x01c7,0x01c7,0x01a6,0x01c7,0x01c7,0x01e8,0x01e7,0x01e8,0x01e8,0x01e8,
0x01e7,0x01e8,0x01e8,0x01e8,0x01e7,0x01e8,0x01e8,0x01e8,0x01e7,0x01e8,0x01e8,0x01e8,0x01e7,0x01e8,0x01e8,0x0208,
0x01e8,0x0208,0x01e8,0x0208,0x01e8,0x0208,0x0208,0x0208,0x0208,0x0208,0x0208,0x0a29,0x0208,0x0229,0x0208,0x0a29,
0x0208,0x0229,0x0208,0x0229,0x0208,0x0228,0x0208,0x0229,0x0208,0x0229,0x0228,0x0229,0x0228,0x0229,0x0228,0x0229,
0x0228,0x0229,0x0228,0x0229,0x0228,0x0229,0x0228,0x0229,0x0208,0x0229,0x0228,0x0229,0x0228,0x0229,0x0228,0x0229,
0x0228,0x0229,0x0229,0x0a29,0x0228,0x0229,0x0229,0x0a29,0x0228,0x0229,0x0229,0x0a29,0x0228,0x0229,0x0228,0x0229,
0x0228,0x0229,0x0208,0x0229,0x0208,0x0229,0x0228,0x0229,0x0228,0x0229,0x0228,0x0229,0x0228,0x0229,0x0208,0x0229,
0x0208,0x0229,0x0208,0x0229,0x0208,0x0229,0x0208,0x0229,0x0208,0x0229,0x0208,0x0229,0x0208,0x0229,0x0208,0x0a29,
0x0208,0x0229,0x0208,0x0a29,0x0208,0x0228,0x0208,0x0229,0x0208,0x0228,0x0208,0x0229,0x0208,0x0208,0x0208,0x0208,
0x0208,0x0208,0x0208,0x0208,0x01e8,0x0208,0x01e8,0x0208,0x01e8,0x0208,0x01e8,0x01e8,0x01e8,0x01e8,0x01e8,0x01e8,
0x01e7,0x01e8,0x01e8,0x01e8,0x01e8,0x01e8,0x01e8,0x01e8,0x01e7,0x01e8,0x01c8,0x01e8,0x01c7,0x01e8,0x01c7,0x01c8,
0x01c7,0x01c8,0x01c7,0x01c8,0x01c7,0x01c8,0x01c7,0x01c8,0x01c7,0x01c8,0x01a7,0x01c8,0x01a7,0x01c7,0x01a7,0x01c8,
0x01a7,0x01c7,0x01a7,0x01c7,0x01a7,0x01c7,0x01a7,0x01c7,0x01a7,0x01c7,0x01a7,0x01a7,0x0186,0x01a7,0x0187,0x01a7,
0x01a7,0x01a7,0x1a29,0x1a49,0x11e8,0x0186,0x0187,0x0186,0x0187,0x0186,0x0187,0x0186,0x0187,0x01a6,0x01a7,0x0186,
0x01a7,0x0186,0x01a7,0x01a6,0x01c7,0x01c6,0x09c7,0x01a6,0x09a7,0x01a6,0x09e7,0x09e7,0x11e7,0x09e6,0x09e7,0x09e7,
0x09e7,0x09e7,0x09e7,0x01c7,0x09e7,0x01c7,0x09c7,0x01c7,0x01c7,0x01a7,0x01c7,0x01c7,0x09e8,0x01e8,0x01e8,0x01e8,
0x01e8,0x01e8,0x0208,0x01e8,0x0208,0x01e8,0x01e8,0x01e8,0x01e8,0x01e8,0x01e8,0x01e8,0x0208,0x01e8,0x0208,0x0208,
0x0208,0x0208,0x0208,0x0208,0x0208,0x0208,0x0a29,0x0208,0x0a29,0x0208,0x0a29,0x0228,0x0a29,0x0228,0x0a29,0x0228,
0x0a29,0x0228,0x0a29,0x0228,0x0a29,0x0228,0x0a29,0x0229,0x0229,0x0228,0x0a29,0x0229,0x0229,0x0229,0x0a29,0x0229,
0x0a29,0x0229,0x0a29,0x0229,0x0a29,0x0228,0x0a29,0x0229,0x0229,0x0228,0x0a29,0x0229,0x0a29,0x0229,0x0a29,0x0229,
0x0a29,0x0229,0x0a29,0x0229,0x0a29,0x0229,0x0a49,0x0229,0x0a29,0x0229,0x0a29,0x0229,0x0a29,0x0229,0x0a29,0x0229,
0x0a29,0x0229,0x0a29,0x0229,0x0229,0x0229,0x0a29,0x0229,0x0a29,0x0229,0x0a29,0x0229,0x0229,0x0228,0x0a29,0x0229,
0x0a29,0x0228,0x0a29,0x0228,0x0a29,0x0208,0x0a29,0x0208,0x0229,0x0208,0x0a29,0x0228,0x0a29,0x0228,0x0a29,0x0228,
0x0a29,0x0228,0x0a29,0x0228,0x0a29,0x0228,0x0a29,0x0208,0x0a29,0x0208,0x0a29,0x0208,0x0229,0x0208,0x0a09,0x0208,
0x0209,0x0208,0x0a09,0x0208,0x0208,0x01e8,0x0208,0x01e8,0x0208,0x01e8,0x0208,0x01e8,0x0208,0x01e8,0x01e8,0x01e8,
0x01e8,0x01e8,0x01e8,0x01e8,0x0208,0x01e8,0x01e8,0x01e8,0x01e8,0x01e8,0x01e8,0x01e8,0x01e8,0x01c8,0x01e8,0x01c8,
0x01e8,0x01c8,0x01e8,0x01c8,0x01c8,0x01c7,0x01c8,0x01c7,0x01c8,0x01c7,0x01c8,0x01c7,0x01c8,0x01c7,0x01c8,0x01c7,
0x01c8,0x01a7,0x01c8,0x01a7,0x01c8,0x01a7,0x01c8,0x01a7,0x01c8,0x01a7,0x01a7,0x0186,0x0187,0x0186,0x0187,0x0186,
0x01a6,0x01a7,0x0186,0x0186,0x01a7,0x09c8,0x0186,0x0186,0x0166,0x0187,0x0186,0x0187,0x0166,0x0187,0x0166,0x0186,
0x0186,0x0186,0x0186,0x01a6,0x01a6,0x09c7,0x01c6,0x09c7,0x01a6,0x09c7,0x09e6,0x09e7,0x09e7,0x09e7,0x01e6,0x0a07,
0x09e6,0x09e7,0x01c6,0x09e7,0x01c6,0x01c7,0x01a6,0x01c7,0x01c6,0x01c7,0x01a6,0x01a7,0x01a7,0x01e8,0x01e7,0x01e8,
0x01e7,0x01e8,0x01e7,0x01e8,0x01e8,0x01e8,0x01e7,0x01e8,0x01e7,0x01e8,0x01e7,0x01e8,0x01e8,0x0208,0x01e8,0x0208,
0x01e8,0x0208,0x01e8,0x0208,0x01e8,0x0208,0x0208,0x0228,0x0208,0x0a29,0x0208,0x0229,0x0208,0x0229,0x0208,0x0229,
0x0208,0x0229,0x0208,0x0229,0x0208,0x0229,0x0228,0x0229,0x0228,0x0229,0x0208,0x0229,0x0228,0x0229,0x0228,0x0229,
0x0228,0x0229,0x0228,0x0229,0x0228,0x0229,0x0228,0x0229,0x0228,0x0229,0x0228,0x0229,0x0228,0x0229,0x0228,0x0229,
0x0228,0x0a29,0x0228,0x0229,0x0229,0x0a29,0x0228,0x0a29,0x0229,0x0229,0x0208,0x0229,0x0228,0x0a29,0x0228,0x0229,
0x0229,0x0229,0x0208,0x0229,0x0208,0x0229,0x0228,0x0229,0x0228,0x0229,0x0228,0x0229,0x0228,0x0229,0x0208,0x0229,
0x0208,0x0a29,0x0208,0x0229,0x0208,0x0229,0x0208,0x0228,0x0208,0x0229,0x0208,0x0229,0x0208,0x0229,0x0208,0x0229,
0x0208,0x0a29,0x0228,0x0229,0x0208,0x0a29,0x0208,0x0228,0x0208,0x0229,0x0208,0x0208,0x0208,0x0208,0x0208,0x0208,
0x0208,0x0209,0x0208,0x0208,0x01e8,0x0208,0x01e8,0x0208,0x01e8,0x0208,0x01e8,0x0208,0x01e8,0x0208,0x01e8,0x01e8,
0x01e8,0x01e8,0x01e7,0x01e8,0x01e8,0x01e8,0x01e7,0x01e8,0x01e8,0x01e8,0x01e7,0x01e8,0x01c7,0x01c8,0x01c7,0x01e8,
0x01c7,0x01c8,0x01c7,0x01c8,0x01c7,0x01c8,0x01a7,0x01c7,0x01a7,0x01c8,0x01a7,0x01c7,0x01a7,0x01c7,0x01a7,0x01c7,
0x01a7,0x01a7,0x01a7,0x01c7,0x01a7,0x01c7,0x01a7,0x01a7,0x0187,0x0187,0x0166,0x0186,0x0166,0x0187,0x0166,0x0166,
0x09c7,0x01a7,0x09c7,0x0186,0x0186,0x0186,0x0187,0x0186,0x0187,0x0186,0x0187,0x0186,0x0187,0x0186,0x0187,0x0186,
0x0186,0x0186,0x01a6,0x01a6,0x09c7,0x01c6,0x09c7,0x01c6,0x09e7,0x09c6,0x09e7,0x09e7,0x1207,0x09e7,0x0a07,0x0a07,
0x11e7,0x09e7,0x09e7,0x09e7,0x09e7,0x01e7,0x01c7,0x01c7,0x0a07,0x09e7,0x09e7,0x01c7,0x01a7,0x01c7,0x01e8,0x01e8,
0x01e8,0x01e8,0x0208,0x01e8,0x0208,0x01e8,0x0208,0x01e8,0x01e8,0x01e8,0x0208,0x01e8,0x0208,0x01e8,0x0208,0x01e8,
0x0208,0x01e8,0x0208,0x0208,0x0a29,0x0208,0x0a29,0x0208,0x0a29,0x0208,0x0a29,0x0208,0x0a29,0x0228,0x0a29,0x0228,
0x0a29,0x0228,0x0a29,0x0228,0x0a29,0x0229,0x0a29,0x0228,0x0a29,0x0229,0x0229,0x0228,0x0a29,0x0229,0x0229,0x0228,
0x0a29,0x0229,0x0a29,0x0228,0x0a29,0x0229,0x0229,0x0229,0x0a29,0x0229,0x0a29,0x0229,0x0a29,0x0229,0x0a29,0x0229,
0x0a29,0x0229,0x0a29,0x0229,0x0a49,0x0229,0x0a49,0x0229,0x0a29,0x0229,0x0a29,0x0228,0x0a29,0x0229,0x0a29,0x0229,
0x0a29,0x0229,0x0a29,0x0229,0x0a29,0x0229,0x0a29,0x0228,0x0a29,0x0229,0x0229,0x0229,0x0a29,0x0229,0x0a29,0x0229,
0x0a29,0x0228,0x0a29,0x0228,0x0a29,0x0208,0x0a29,0x0208,0x0a29,0x0208,0x0a29,0x0228,0x0a29,0x0228,0x0a29,0x0228,
0x0a29,0x0228,0x0a29,0x0228,0x0a29,0x0228,0x0a29,0x0208,0x0a29,0x0208,0x0a29,0x0208,0x0209,0x0208,0x0209,0x0208,
0x0a09,0x0208,0x0209,0x0208,0x0a09,0x0208,0x0208,0x0208,0x0209,0x0208,0x0208,0x01e8,0x0208,0x01e8,0x0208,0x01e8,
0x0208,0x01e8,0x0208,0x01e8,0x01e8,0x01e8,0x01e8,0x01e8,0x09e8,0x01e8,0x01e8,0x01e7,0x01e8,0x01c8,0x01e8,0x01c7,
0x01e8,0x01c8,0x01e8,0x01c7,0x01c8,0x01c7,0x01c8,0x01c7,0x01c8,0x01c7,0x01c8,0x01c7,0x01c8,0x01c7,0x01c8,0x01a7,
0x01c8,0x01a7,0x01c7,0x01a7,0x01c8,0x01a7,0x01c7,0x01a7,0x0187,0x0166,0x0187,0x0166,0x0187,0x0166,0x0187,0x0166,
0x01a6,0x01c7,0x01a7,0x01a7,0x0186,0x0186,0x0186,0x0187,0x0166,0x0187,0x0186,0x0187,0x0186,0x0186,0x0166,0x0186,
0x0166,0x0186,0x01a6,0x09c7,0x01a6,0x01c7,0x01a6,0x01a6,0x01a6,0x09c7,0x09e7,0x09e7,0x09e6,0x0a07,0x0a07,0x0a07,
0x09e6,0x09e7,0x09e7,0x0a07,0x09e6,0x09e7,0x01e7,0x09e7,0x09e7,0x09e7,0x01e7,0x09c7,0x01a6,0x01c7,0x01c7,0x01e8,
0x01e7,0x01e8,0x01e8,0x0208,0x01e7,0x01e8,0x01e7,0x01e8,0x01e7,0x0208,0x01e8,0x0208,0x01e7,0x0208,0x01e8,0x0208,
0x01e8,0x0208,0x0208,0x0209,0x0208,0x0228,0x0208,0x0a29,0x0208,0x0a29,0x0208,0x0a29,0x0208,0x0229,0x0208,0x0229,
0x0208,0x0228,0x0208,0x0229,0x0208,0x0229,0x0208,0x0229,0x0208,0x0229,0x0208,0x0229,0x0228,0x0229,0x0228,0x0229,
0x0228,0x0229,0x0228,0x0a29,0x0228,0x0229,0x0228,0x0229,0x0228,0x0229,0x0228,0x0a29,0x0228,0x0229,0x0228,0x0a49,
0x0228,0x0229,0x0228,0x0a49,0x0228,0x0a29,0x0228,0x0a29,0x0228,0x0a49,0x0228,0x0a29,0x0228,0x0229,0x0228,0x0a29,
0x0228,0x0229,0x0229,0x0229,0x0228,0x0229,0x0228,0x0229,0x0228,0x0229,0x0228,0x0229,0x0228,0x0229,0x0228,0x0a29,
0x0228,0x0a29,0x0228,0x0a29,0x0208,0x0229,0x0208,0x0a29,0x0208,0x0229,0x0208,0x0229,0x0208,0x0228,0x0208,0x0229,
0x0208,0x0229,0x0208,0x0a29,0x0208,0x0229,0x0208,0x0229,0x0208,0x0228,0x0208,0x0208,0x0208,0x0208,0x0208,0x0208,
0x0208,0x0208,0x0208,0x0208,0x01e8,0x0208,0x01e8,0x0208,0x01e8,0x0208,0x01e8,0x0208,0x01e8,0x0208,0x01e8,0x0208,
0x01e8,0x0208,0x01e8,0x01e8,0x01e7,0x01e8,0x01e8,0x01e8,0x01e7,0x01e8,0x01e7,0x01e8,0x01c7,0x01e8,0x01c7,0x01c8,
0x01c7,0x01c8,0x01c7,0x01c8,0x01c7,0x01c8,0x01c7,0x01c8,0x01c7,0x01c7,0x01a7,0x01c8,0x01a7,0x01c7,0x01a7,0x01c7,
0x01a7,0x01c7,0x01a7,0x01c7,0x01a7,0x01c7,0x01a7,0x0187,0x0166,0x0166,0x0166,0x0186,0x0166,0x0186,0x0166,0x0166,
0x01c7,0x01c7,0x09c7,0x01a7,0x01a7,0x0186,0x01c7,0x01a7,0x01c7,0x01a6,0x01a7,0x0186,0x01a7,0x0166,0x0166,0x0186,
0x01a6,0x01a6,0x09c7,0x01a6,0x01c7,0x01a6,0x01a7,0x01a6,0x09e7,0x09e7,0x09e7,0x01a6,0x09c7,0x09e7,0x1208,0x0a07,
0x0a07,0x09e7,0x0a07,0x09e7,0x09e7,0x09c6,0x09e7,0x09e7,0x09e7,0x09e7,0x09e7,0x09e7,0x09e7,0x01a7,0x01e8,0x01e8,
0x01e8,0x01e8,0x0208,0x01e8,0x0208,0x01e8,0x01e8,0x01e8,0x0208,0x01e8,0x0208,0x01e8,0x0208,0x01e8,0x0208,0x01e8,
0x0208,0x0208,0x0a09,0x0208,0x0a29,0x0208,0x0a29,0x0208,0x0a29,0x0208,0x0a29,0x0228,0x0a29,0x0228,0x0a29,0x0228,
0x0a29,0x0228,0x0a29,0x0228,0x0a29,0x0228,0x0a29,0x0208,0x0229,0x0208,0x0a29,0x0229,0x0a29,0x0229,0x0a29,0x0229,
0x0229,0x0228,0x0a29,0x0229,0x0a29,0x0229,0x0a29,0x0229,0x0a29,0x0229,0x0a29,0x0229,0x0a29,0x0229,0x0a49,0x0229,
0x0a49,0x0229,0x0a49,0x0229,0x0a49,0x0229,0x0a49,0x0229,0x0a49,0x0229,0x0a49,0x0229,0x0a29,0x0229,0x0a29,0x0229,
0x0a29,0x0229,0x0a29,0x0229,0x0a29,0x0229,0x0a29,0x0229,0x0229,0x0228,0x0a29,0x0229,0x0229,0x0229,0x0a29,0x0229,
0x0a29,0x0228,0x0a29,0x0229,0x0a29,0x0229,0x0a29,0x0228,0x0a29,0x0208,0x0a29,0x0208,0x0a29,0x0208,0x0a29,0x0208,
0x0229,0x0228,0x0a29,0x0208,0x0a29,0x0228,0x0a29,0x0208,0x0a29,0x0208,0x0a29,0x0208,0x0229,0x0208,0x0a09,0x0208,
0x0209,0x0208,0x0a09,0x0208,0x0209,0x0208,0x0a09,0x0208,0x0208,0x0208,0x0209,0x01e8,0x0208,0x01e8,0x0a08,0x01e8,
0x0208,0x01e8,0x0a08,0x01e8,0x0208,0x01e8,0x0a08,0x01e8,0x01e8,0x01e8,0x09e8,0x01e8,0x01e8,0x01c7,0x01e8,0x01c7,
0x01e8,0x01c7,0x01c8,0x01c7,0x01c8,0x01c7,0x01c8,0x01c7,0x01c8,0x01c7,0x01c8,0x01c7,0x01c8,0x01c7,0x01c8,0x01a7,
0x01c8,0x01a7,0x01c8,0x01a7,0x01c7,0x01a7,0x01a7,0x0166,0x0166,0x0166,0x0186,0x0166,0x0186,0x0166,0x0166,0x0166,
0x0186,0x01a7,0x01a6,0x01a7,0x0186,0x0186,0x0186,0x01a7,0x01a7,0x01c7,0x01a7,0x01a7,0x0186,0x0166,0x0165,0x0186,
0x0186,0x01a6,0x0186,0x01a6,0x01a6,0x01a6,0x0186,0x01a6,0x01a6,0x09c7,0x01c6,0x09c7,0x01a6,0x09c7,0x01c6,0x09e7,
0x09e7,0x0a07,0x09e6,0x09e7,0x09e6,0x09e7,0x01c6,0x09e7,0x09e7,0x09e7,0x09e6,0x09e7,0x01c7,0x01c7,0x01a7,0x01e8,
0x01e8,0x0208,0x01e7,0x0208,0x01e8,0x01e8,0x01e7,0x01e8,0x01e7,0x01e8,0x01e7,0x0208,0x01e8,0x0208,0x01e7,0x0208,
0x01e8,0x0208,0x0208,0x0208,0x0208,0x0208,0x0208,0x0208,0x0208,0x0208,0x0208,0x0228,0x0208,0x0a29,0x0208,0x0229,
0x0208,0x0229,0x0208,0x0229,0x0208,0x0229,0x0208,0x0229,0x0208,0x0229,0x0208,0x0229,0x0228,0x0229,0x0228,0x0229,
0x0228,0x0229,0x0228,0x0229,0x0228,0x0229,0x0228,0x0229,0x0229,0x0a49,0x0228,0x0a29,0x0228,0x0a29,0x0228,0x0a29,
0x0228,0x0a49,0x0228,0x0a49,0x0229,0x0a49,0x0228,0x0a29,0x0228,0x0a29,0x0228,0x0229,0x0228,0x0229,0x0228,0x0229,
0x0229,0x0229,0x0228,0x0229,0x0229,0x0229,0x0228,0x0229,0x0228,0x0229,0x0228,0x0229,0x0228,0x0229,0x0228,0x0229,
0x0228,0x0a29,0x0208,0x0229,0x0228,0x0a29,0x0208,0x0229,0x0208,0x0229,0x0208,0x0228,0x0208,0x0229,0x0208,0x0228,
0x0208,0x0229,0x0208,0x0228,0x0208,0x0229,0x0208,0x0208,0x0208,0x0208,0x0208,0x0208,0x0208,0x0208,0x0208,0x0208,
0x0208,0x0208,0x01e8,0x0208,0x0208,0x0208,0x01e8,0x0208,0x01e8,0x0208,0x01e8,0x0208,0x01e8,0x0208,0x01e8,0x01e8,
0x01e8,0x01e8,0x01e7,0x01e8,0x01e8,0x01e8,0x01e8,0x01e8,0x01e8,0x01e8,0x01e7,0x01e8,0x01e8,0x01e8,0x01c7,0x01c8,
0x01c7,0x01c8,0x01c7,0x01c7,0x01a7,0x01c8,0x01a7,0x01c7,0x01a7,0x01c8,0x01a7,0x01c7,0x01a7,0x01c7,0x01a7,0x01c7,
0x01a7,0x01c7,0x01a7,0x01c7,0x01a7,0x01a7,0x0166,0x0166,0x0166,0x0166,0x0166,0x0166,0x0166,0x0166,0x0165,0x0166,
0x11e8,0x0186,0x0187,0x0166,0x0187,0x0186,0x01a7,0x01a6,0x01a7,0x01a7,0x01c7,0x01c7,0x09c7,0x0166,0x0166,0x0186,
0x01a7,0x0186,0x01a7,0x01a6,0x01a7,0x0186,0x01a7,0x01a6,0x09c7,0x01a7,0x09c7,0x01c6,0x09e7,0x01c7,0x09e7,0x09e7,
0x1207,0x0a07,0x1207,0x09e7,0x0a07,0x09e7,0x0a07,0x09e7,0x0a07,0x09c7,0x09e7,0x09e7,0x01c7,0x01a7,0x01c8,0x01e8,
0x0208,0x01e8,0x0208,0x01e8,0x0208,0x01e8,0x0208,0x01e8,0x01e8,0x01e8,0x0208,0x01e8,0x0208,0x01e8,0x0208,0x01e8,
0x0208,0x0208,0x0208,0x0208,0x0a09,0x0208,0x0a29,0x0208,0x0a29,0x0208,0x0229,0x0208,0x0a29,0x0228,0x0a29,0x0228,
0x0a29,0x0228,0x0a29,0x0228,0x0a29,0x0229,0x0a29,0x0208,0x0a29,0x0229,0x0a29,0x0228,0x0a29,0x0229,0x0229,0x0228,
0x0a29,0x0229,0x0229,0x0229,0x0a29,0x0229,0x0a49,0x0229,0x0a49,0x0229,0x0a49,0x0229,0x0a49,0x0229,0x0a49,0x0229,
0x0a49,0x0229,0x0a49,0x0229,0x0a49,0x0229,0x0a49,0x0229,0x0a49,0x0229,0x0a29,0x0229,0x0a29,0x0229,0x0a29,0x0229,
0x0a29,0x0229,0x0a29,0x0229,0x0a29,0x0229,0x0229,0x0228,0x0a29,0x0229,0x0229,0x0228,0x0a29,0x0229,0x0a29,0x0229,
0x0a29,0x0229,0x0a29,0x0228,0x0a29,0x0229,0x0a29,0x0228,0x0a29,0x0208,0x0a29,0x0228,0x0a29,0x0228,0x0a29,0x0228,
0x0a29,0x0208,0x0229,0x0208,0x0a29,0x0208,0x0229,0x0208,0x0a29,0x0208,0x0229,0x0208,0x0a29,0x0208,0x0209,0x0208,
0x0a09,0x0208,0x0209,0x0208,0x0a09,0x0208,0x0209,0x0208,0x0209,0x01e8,0x0208,0x01e8,0x0a08,0x01e8,0x0208,0x01e8,
0x0a08,0x01e8,0x0208,0x01e8,0x0a08,0x01e8,0x01e8,0x01e8,0x09e8,0x01e8,0x01e8,0x01e8,0x01e8,0x01c8,0x01e8,0x01c7,
0x01e8,0x01c7,0x01c8,0x01c7,0x01c8,0x01c7,0x01c8,0x01a7,0x01c8,0x01c7,0x01c8,0x01a7,0x01c8,0x01a7,0x01c8,0x01a7,
0x01c8,0x01a7,0x01c8,0x01a7,0x01c8,0x0186,0x0186,0x0166,0x0166,0x0166,0x0187,0x0166,0x0166,0x0166,0x0166,0x0146,
0x0145,0x0146,0x0186,0x09c7,0x01c7,0x01a7,0x0166,0x0187,0x01a6,0x01a7,0x01a6,0x01a7,0x01a6,0x01a7,0x01a7,0x0187,
0x0166,0x0186,0x0186,0x0186,0x0186,0x0186,0x0186,0x01a6,0x01a6,0x01c7,0x01a6,0x01c6,0x01c6,0x09e7,0x09e6,0x0a07,
0x0a06,0x0a07,0x09e6,0x0a07,0x09e6,0x0a07,0x09e6,0x0a07,0x09e6,0x09c7,0x01c7,0x09e7,0x01a6,0x01a7,0x01a7,0x01e8,
0x01e7,0x0208,0x01e8,0x0208,0x01e7,0x01e8,0x01e8,0x0208,0x01e8,0x01e8,0x01e8,0x01e8,0x01e8,0x01e8,0x01e8,0x0208,
0x01e8,0x0208,0x01e8,0x0208,0x0208,0x0208,0x0208,0x0a29,0x0208,0x0228,0x0208,0x0229,0x0208,0x0229,0x0208,0x0a29,
0x0208,0x0229,0x0208,0x0a29,0x0208,0x0229,0x0208,0x0a29,0x0208,0x0229,0x0208,0x0a29,0x0228,0x0229,0x0228,0x0229,
0x0228,0x0229,0x0228,0x0229,0x0228,0x0a29,0x0228,0x0a49,0x0228,0x0249,0x0229,0x0a49,0x0228,0x0a49,0x0229,0x0a49,
0x0228,0x0a49,0x0229,0x0a49,0x0228,0x0a49,0x0229,0x0a49,0x0228,0x0229,0x0228,0x0a29,0x0228,0x0229,0x0229,0x0229,
0x0228,0x0229,0x0228,0x0229,0x0228,0x0229,0x0228,0x0a29,0x0228,0x0229,0x0228,0x0229,0x0208,0x0229,0x0208,0x0229,
0x0228,0x0229,0x0228,0x0229,0x0228,0x0229,0x0208,0x0229,0x0208,0x0229,0x0208,0x0229,0x0208,0x0228,0x0208,0x0229,
0x0208,0x0228,0x0208,0x0208,0x0208,0x0208,0x0208,0x0a09,0x0208,0x0208,0x0208,0x0208,0x0208,0x0208,0x0208,0x0208,
0x0208,0x0208,0x0208,0x0208,0x0208,0x0208,0x01e8,0x0208,0x01e8,0x0208,0x01e8,0x0208,0x01e7,0x0208,0x01e8,0x0208,
0x01e8,0x0208,0x01e8,0x01e8,0x01e8,0x01e8,0x01e8,0x01e8,0x01e7,0x01e8,0x01e8,0x01e8,0x01c7,0x01e8,0x01c7,0x01c8,
0x01c7,0x01c7,0x01a7,0x01c8,0x01a7,0x01c7,0x01a7,0x01c7,0x01a7,0x01c7,0x01a7,0x01c7,0x01a7,0x01c7,0x01a7,0x01c7,
0x01a7,0x01c7,0x01a7,0x01a7,0x0186,0x0186,0x0166,0x0186,0x0166,0x0186,0x0166,0x0166,0x0145,0x0166,0x0145,0x0146,
0x0125,0x0125,0x0146,0x0146,0x11c8,0x2249,0x2229,0x0166,0x0187,0x01a7,0x01c7,0x01a7,0x0186,0x0166,0x11e8,0x1229,
0x0187,0x0166,0x0186,0x0186,0x01a7,0x01a6,0x09a7,0x01c6,0x09c7,0x01a6,0x09a7,0x01c6,0x09e7,0x09c6,0x09e7,0x01c6,
0x09e7,0x09e6,0x1207,0x09e7,0x0a07,0x09e7,0x1207,0x09e7,0x09e7,0x09c7,0x09e8,0x01c7,0x01a7,0x01a6,0x01c7,0x01e8,
0x0208,0x01e8,0x0208,0x01e8,0x0208,0x01e8,0x0208,0x01e8,0x0208,0x01e8,0x0208,0x01e8,0x0208,0x01e8,0x0208,0x01e8,
0x0208,0x0208,0x0208,0x0208,0x0209,0x0208,0x0a29,0x0208,0x0a29,0x0208,0x0a29,0x0228,0x0a29,0x0208,0x0a29,0x0228,
0x0a29,0x0228,0x0a29,0x0228,0x0a29,0x0228,0x0a29,0x0228,0x0a29,0x0228,0x0a29,0x0228,0x0a29,0x0229,0x0a29,0x0229,
0x0229,0x0229,0x0a29,0x0229,0x0a49,0x0229,0x0a49,0x0229,0x0a49,0x0249,0x0a49,0x0229,0x0a49,0x0229,0x0a49,0x0249,
0x0a49,0x0229,0x0a49,0x0229,0x0a49,0x0229,0x0a49,0x0229,0x0a49,0x0229,0x0a49,0x0229,0x0a49,0x0229,0x0a29,0x0229,
0x0a29,0x0229,0x0a49,0x0229,0x0a29,0x0229,0x0a29,0x0229,0x0a29,0x0229,0x0a29,0x0229,0x0a29,0x0228,0x0a29,0x0229,
0x0a49,0x0229,0x0a29,0x0229,0x0229,0x0228,0x0a29,0x0228,0x0229,0x0228,0x0a29,0x0228,0x0a29,0x0208,0x0a29,0x0208,
0x0a29,0x0208,0x0a29,0x0208,0x0229,0x0208,0x0a29,0x0208,0x0a29,0x0208,0x0a29,0x0208,0x0229,0x0208,0x0229,0x0208,
0x0229,0x0208,0x0a09,0x0208,0x0208,0x0208,0x0a09,0x0208,0x0208,0x0208,0x0208,0x01e8,0x0208,0x01e8,0x0208,0x01e8,
0x0208,0x01e8,0x0208,0x01e8,0x01e8,0x01e8,0x01e8,0x01e8,0x01e8,0x01e8,0x0a08,0x01e8,0x01e8,0x01e8,0x01e8,0x01c7,
0x01c8,0x01c7,0x01c8,0x01c7,0x01c8,0x01a7,0x01c8,0x01a7,0x01c8,0x01a7,0x01c8,0x01a7,0x01c8,0x01a7,0x01c8,0x01a7,
0x01c7,0x01a7,0x01a7,0x0186,0x0187,0x0186,0x09a7,0x0186,0x0187,0x0186,0x0187,0x0166,0x0166,0x0166,0x0166,0x0166,
0x1985,0x0945,0x0104,0x0145,0x0125,0x0146,0x2208,0x430c,0x2229,0x01c7,0x01a6,0x01a7,0x0186,0x0166,0x0145,0x09c7,
0x09e8,0x0186,0x0165,0x01a7,0x01a7,0x09a7,0x01c6,0x09c7,0x01a6,0x01a6,0x01a6,0x09c7,0x09c7,0x09c6,0x01a6,0x01a6,
0x01a6,0x09e7,0x09c6,0x09e7,0x09e7,0x09e7,0x09e6,0x09e7,0x01c6,0x09c7,0x01a6,0x01a7,0x01a6,0x01a7,0x01a6,0x01e8,
0x01e8,0x0208,0x01e7,0x0208,0x01e8,0x0208,0x01e8,0x0208,0x01e8,0x0208,0x01e7,0x01e8,0x01e8,0x0208,0x01e7,0x0208,
0x01e8,0x0208,0x01e8,0x0208,0x01e8,0x0208,0x0208,0x0208,0x0208,0x0229,0x0208,0x0228,0x0208,0x0229,0x0208,0x0228,
0x0208,0x0a29,0x0208,0x0229,0x0208,0x0a29,0x0208,0x0229,0x0208,0x0a29,0x0208,0x0229,0x0228,0x0229,0x0228,0x0229,
0x0208,0x0229,0x0228,0x0229,0x0228,0x0a29,0x0228,0x0a49,0x0229,0x0a49,0x0228,0x0a49,0x0229,0x0a49,0x0228,0x0a49,
0x0229,0x0a49,0x0228,0x0a49,0x0229,0x0a49,0x0228,0x0a49,0x0229,0x0a49,0x0228,0x0a49,0x0229,0x0a49,0x0228,0x0229,
0x0229,0x0a29,0x0228,0x0229,0x0228,0x0229,0x0228,0x0229,0x0228,0x0a29,0x0228,0x0229,0x0228,0x0229,0x0228,0x0229,
0x0229,0x0229,0x0228,0x0229,0x0228,0x0229,0x0208,0x0229,0x0208,0x0229,0x0208,0x0229,0x0208,0x0208,0x0208,0x0228,
0x0208,0x0208,0x0208,0x0208,0x0208,0x0208,0x0208,0x0208,0x0208,0x0208,0x0208,0x0208,0x0208,0x0208,0x0208,0x0208,
0x0208,0x0208,0x0208,0x0208,0x01e8,0x0208,0x01e8,0x0208,0x01e8,0x0208,0x01e8,0x0208,0x01e8,0x0208,0x01e7,0x0208,
0x01e8,0x01e8,0x01e7,0x01e8,0x01e8,0x01e8,0x01e7,0x01e8,0x01e8,0x01e8,0x01e7,0x01e8,0x01c7,0x01e8,0x01c7,0x01c7,
0x01a7,0x01c8,0x01a7,0x01c7,0x01a7,0x01c7,0x01a7,0x01a7,0x01a7,0x01a7,0x01a7,0x01a7,0x01a7,0x01a7,0x01a7,0x01a7,
0x01a7,0x01a7,0x0186,0x0186,0x0186,0x01a7,0x0186,0x01a6,0x0186,0x01a7,0x0186,0x0166,0x0166,0x0186,0x0166,0x0166,
0x52c7,0x4a86,0x3a06,0x0944,0x0125,0x0125,0x0125,0x2228,0x636d,0x4b0c,0x1a29,0x0186,0x0187,0x0166,0x0186,0x0166,
0x09a7,0x09c7,0x01a7,0x01c7,0x09c7,0x01a6,0x09c7,0x01a6,0x09c7,0x01c6,0x09e7,0x09e7,0x09e7,0x01a6,0x09c7,0x09c6,
0x09e7,0x09c6,0x09e7,0x09c6,0x09e7,0x01c6,0x09c7,0x09c6,0x11e7,0x09c7,0x01a7,0x01a7,0x01a7,0x01a7,0x01c8,0x01e8,
0x0208,0x01e8,0x0208,0x01e8,0x0208,0x01e8,0x0208,0x01e8,0x0208,0x01e8,0x0208,0x0208,0x0208,0x01e8,0x0208,0x01e8,
0x0208,0x01e8,0x0208,0x01e8,0x0208,0x0208,0x0a29,0x0208,0x0a29,0x0208,0x0229,0x0208,0x0a29,0x0208,0x0a29,0x0208,
0x0a29,0x0228,0x0a29,0x0228,0x0a29,0x0228,0x0a29,0x0228,0x0a29,0x0228,0x0a29,0x0228,0x0a29,0x0229,0x0229,0x0228,
0x0a29,0x0229,0x0a29,0x0228,0x0a29,0x0229,0x0a49,0x0229,0x0a49,0x0249,0x0a49,0x0249,0x0a49,0x0229,0x0a49,0x0229,
0x0a49,0x0229,0x0a49,0x0229,0x0a49,0x0229,0x0a49,0x0229,0x0a49,0x0229,0x0a49,0x0229,0x0a49,0x0229,0x0a49,0x0229,
0x0a49,0x0229,0x0a49,0x0229,0x0a49,0x0229,0x0a29,0x0229,0x0a29,0x0229,0x0a29,0x0228,0x0a29,0x0228,0x0229,0x0228,
0x0a29,0x0229,0x0a29,0x0229,0x0a29,0x0228,0x0229,0x0228,0x0a29,0x0228,0x0229,0x0228,0x0a29,0x0208,0x0229,0x0208,
0x0a29,0x0208,0x0208,0x0208,0x0a29,0x0208,0x0a29,0x0208,0x0a29,0x0208,0x0a29,0x0208,0x0a29,0x0208,0x0209,0x0208,
0x0a09,0x0208,0x0208,0x0208,0x0a09,0x0208,0x0208,0x0208,0x0a08,0x01e8,0x0208,0x01e8,0x0208,0x01e8,0x0208,0x01e8,
0x0208,0x01e8,0x0208,0x01e8,0x09e8,0x01e8,0x0208,0x01e8,0x0208,0x01e8,0x01e8,0x01e8,0x01e8,0x01c8,0x01e8,0x01c7,
0x01c8,0x01c7,0x01c8,0x01a7,0x01c8,0x01a7,0x01c8,0x01a7,0x01c8,0x01a7,0x01c7,0x01a7,0x01c8,0x01a7,0x01c7,0x01a7,
0x01a7,0x0186,0x01a7,0x01a7,0x09c7,0x01a6,0x09a7,0x01a6,0x09a7,0x0186,0x01a7,0x0186,0x0187,0x0186,0x0186,0x0166,
0x2a02,0x3a43,0x4a66,0x4227,0x21a5,0x1165,0x0144,0x0145,0x2228,0x4aec,0x5b4d,0x19e8,0x0125,0x0166,0x0165,0x0186,
0x01a6,0x01a6,0x01c6,0x09c7,0x01c6,0x09c7,0x01c6,0x01c7,0x01a6,0x09c7,0x01c6,0x09c7,0x01a6,0x09c6,0x01c6,0x09e7,
0x01c6,0x09c6,0x01a6,0x09c7,0x01c6,0x01a6,0x0186,0x09c7,0x01a6,0x01a7,0x0186,0x01a7,0x01a6,0x01a7,0x01c7,0x0208,
0x01e7,0x0208,0x01e8,0x0208,0x01e7,0x0208,0x01e8,0x0208,0x01e8,0x0208,0x01e8,0x0208,0x01e7,0x0208,0x01e8,0x0208,
0x01e8,0x0208,0x01e8,0x0208,0x0208,0x0208,0x0208,0x0208,0x0208,0x0208,0x0208,0x0208,0x0208,0x0228,0x0208,0x0229,
0x0208,0x0229,0x0208,0x0a29,0x0208,0x0229,0x0208,0x0a29,0x0208,0x0229,0x0208,0x0229,0x0208,0x0229,0x0208,0x0229,
0x0208,0x0229,0x0228,0x0a29,0x0228,0x0a29,0x0229,0x0a49,0x0228,0x0a49,0x0229,0x0a49,0x0228,0x0a49,0x0228,0x0a49,
0x0228,0x0229,0x0228,0x0a49,0x0228,0x0a49,0x0228,0x0a49,0x0228,0x0a49,0x0229,0x0a49,0x0228,0x0a49,0x0229,0x0a29,
0x0228,0x0a29,0x0228,0x0a29,0x0228,0x0229,0x0228,0x0229,0x0228,0x0229,0x0228,0x0229,0x0208,0x0229,0x0208,0x0229,
0x0228,0x0229,0x0229,0x0a29,0x0228,0x0229,0x0228,0x0229,0x0208,0x0229,0x0208,0x0229,0x0208,0x0228,0x0208,0x0208,
0x0208,0x0208,0x0208,0x0208,0x0208,0x0208,0x0208,0x0208,0x0208,0x0208,0x0208,0x0208,0x0208,0x0208,0x0208,0x0208,
0x0208,0x0208,0x01e8,0x0208,0x01e8,0x0208,0x01e8,0x0208,0x01e8,0x0208,0x01e8,0x0208,0x01e8,0x0208,0x01e8,0x0208,
0x01e7,0x01e8,0x01e8,0x01e8,0x01e7,0x01e8,0x01e8,0x01e8,0x01e7,0x01e8,0x01e8,0x01e8,0x01c7,0x01c8,0x01c7,0x01c8,
0x01a7,0x01c7,0x01a7,0x01c7,0x01a7,0x01c7,0x01a7,0x01c7,0x01a7,0x01c7,0x01a7,0x01c7,0x01a7,0x01c7,0x01a7,0x01a7,
0x0166,0x0186,0x0186,0x01c7,0x01a6,0x01c7,0x01a6,0x09a7,0x01a6,0x09a7,0x0186,0x0186,0x0186,0x0186,0x0166,0x0186,
0x4266,0x3a03,0x4245,0x4247,0x4a67,0x4a46,0x4a68,0x29e7,0x0125,0x0104,0x21a7,0x3aaa,0x09a7,0x0125,0x0166,0x0166,
0x0186,0x01a6,0x09c7,0x09c7,0x09c7,0x01c6,0x09e7,0x09e7,0x09e7,0x09e7,0x09c7,0x01a6,0x09c7,0x01a6,0x09c7,0x09c7,
0x01a7,0x01a6,0x09a7,0x01a6,0x09e7,0x01a6,0x01a6,0x01a6,0x01a7,0x0186,0x01a7,0x01a6,0x01a7,0x01a7,0x01e8,0x01e8,
0x0208,0x01e8,0x0208,0x01e8,0x0208,0x01e8,0x0208,0x01e8,0x0208,0x0208,0x0208,0x0208,0x0208,0x0208,0x0a08,0x0208,
0x0208,0x0208,0x0a09,0x0208,0x0a29,0x0208,0x0a09,0x0208,0x0209,0x0208,0x0a29,0x0208,0x0a29,0x0208,0x0a29,0x0208,
0x0a29,0x0208,0x0a29,0x0228,0x0a29,0x0208,0x0a29,0x0208,0x0a29,0x0228,0x0a29,0x0228,0x0a29,0x0228,0x0a29,0x0229,
0x0a29,0x0228,0x0a29,0x0229,0x0a29,0x0229,0x0a49,0x0229,0x0a49,0x0229,0x0a49,0x0229,0x0a49,0x0229,0x0a49,0x0229,
0x0a49,0x0229,0x0a49,0x0229,0x0a49,0x0229,0x0a49,0x0229,0x0a49,0x0229,0x0a49,0x0229,0x0a49,0x0229,0x0a29,0x0229,
0x0a49,0x0229,0x0a49,0x0229,0x0a29,0x0229,0x0a49,0x0229,0x0a49,0x0229,0x0a29,0x0229,0x0a29,0x0228,0x0a29,0x0229,
0x0a49,0x0229,0x0a49,0x0229,0x0a29,0x0228,0x0a29,0x0229,0x0229,0x0228,0x0a29,0x0228,0x0a29,0x0228,0x0a29,0x0208,
0x0229,0x0208,0x0a29,0x0208,0x0229,0x0208,0x0a29,0x0208,0x0229,0x0208,0x0a29,0x0208,0x0a29,0x0208,0x0a29,0x0208,
0x0a09,0x0208,0x0a09,0x0208,0x0208,0x0208,0x0a08,0x0208,0x0208,0x0208,0x0a08,0x01e8,0x0208,0x01e8,0x0208,0x01e8,
0x0208,0x01e8,0x0a08,0x01e8,0x0208,0x01e8,0x01e8,0x01e8,0x01e8,0x01e8,0x01e8,0x01e8,0x01c8,0x01a7,0x01c8,0x01c7,
0x01c8,0x01a7,0x01c8,0x01a7,0x01c8,0x01a7,0x01c8,0x01a7,0x01c8,0x01a7,0x01c8,0x01a7,0x01c8,0x01a7,0x01c8,0x01a7,
0x0187,0x0166,0x01a7,0x01a6,0x09c7,0x01a6,0x09a7,0x01a7,0x09c7,0x01a7,0x09a7,0x0186,0x01a7,0x0186,0x0186,0x0186,
0x4a67,0x4226,0x31e3,0x4246,0x4246,0x4246,0x4a86,0x632a,0x3a28,0x08e4,0x00a3,0x0925,0x2229,0x09a7,0x0145,0x0166,
0x0165,0x0186,0x0165,0x01a6,0x01a6,0x09c7,0x01c6,0x09e7,0x09e7,0x09e7,0x01c6,0x09c7,0x01c7,0x09c7,0x01c6,0x09c7,
0x01c6,0x01c7,0x01a6,0x01a7,0x01a6,0x01a7,0x01c7,0x01c7,0x0186,0x01a7,0x0186,0x01a7,0x0186,0x01a7,0x01c7,0x0208,
0x01e8,0x0208,0x01e7,0x0208,0x01e8,0x0208,0x01e8,0x0208,0x01e8,0x0208,0x0208,0x0208,0x0208,0x0208,0x0208,0x0208,
0x0208,0x0208,0x0208,0x0208,0x0208,0x0208,0x0208,0x0208,0x0208,0x0209,0x0208,0x0228,0x0208,0x0229,0x0208,0x0228,
0x0208,0x0229,0x0208,0x0229,0x0208,0x0a29,0x0208,0x0228,0x0208,0x0a29,0x0208,0x0229,0x0228,0x0229,0x0228,0x0229,
0x0228,0x0229,0x0208,0x0229,0x0229,0x0a29,0x0228,0x0a29,0x0228,0x0a49,0x0228,0x0a49,0x0228,0x0a49,0x0228,0x0a49,
0x0228,0x0a49,0x0228,0x0a49,0x0228,0x0a49,0x0228,0x0a49,0x0228,0x0a29,0x0228,0x0a29,0x0228,0x0a29,0x0228,0x0229,
0x0228,0x0229,0x0228,0x0229,0x0228,0x0a29,0x0228,0x0a29,0x0229,0x0a29,0x0228,0x0a29,0x0229,0x0a29,0x0228,0x0a29,
0x0228,0x0a29,0x0228,0x0229,0x0228,0x0229,0x0208,0x0229,0x0208,0x0229,0x0228,0x0229,0x0208,0x0a29,0x0208,0x0228,
0x0208,0x0229,0x0208,0x0208,0x0208,0x0208,0x0208,0x0208,0x0208,0x0208,0x0208,0x0208,0x0208,0x0208,0x0208,0x0208,
0x0208,0x0208,0x0208,0x0208,0x01e8,0x0208,0x01e8,0x0208,0x01e8,0x0208,0x01e8,0x0208,0x01e8,0x0208,0x01e8,0x0208,
0x01e8,0x01e8,0x01e8,0x01e8,0x01e8,0x01e8,0x01e7,0x01e8,0x01c7,0x01e8,0x01c7,0x01c8,0x01a7,0x01c7,0x01c7,0x01c8,
0x01a7,0x01c7,0x01a7,0x01c7,0x01a7,0x01c7,0x01a7,0x01c7,0x01a7,0x01c7,0x01a7,0x01c7,0x01a7,0x01c7,0x01a7,0x01a7,
0x0186,0x0187,0x0166,0x01a6,0x0186,0x01a7,0x0186,0x01a7,0x01a6,0x01a7,0x01a6,0x01a7,0x01a6,0x09a7,0x0186,0x0186,
0x3a25,0x4a87,0x5288,0x5287,0x5ae9,0x52a8,0x4a86,0x4246,0x4a48,0x31e6,0x08e4,0x00c4,0x0946,0x1208,0x0187,0x0165,
0x0166,0x0165,0x0166,0x0186,0x09c7,0x01a7,0x01c7,0x01c6,0x09c7,0x01c6,0x01a7,0x01a6,0x09e7,0x01a6,0x09c7,0x01c6,
0x09e7,0x09c7,0x09a7,0x0186,0x0186,0x01c7,0x09e7,0x01a6,0x01a7,0x0186,0x01a7,0x0186,0x01a7,0x01c7,0x0208,0x01e8,
0x0208,0x01e8,0x0208,0x01e8,0x0a08,0x0208,0x0208,0x01e8,0x0208,0x0208,0x0208,0x0208,0x0a09,0x0208,0x0a28,0x0208,
0x0a29,0x0208,0x0a29,0x0208,0x0a29,0x0208,0x0a29,0x0208,0x0a29,0x0208,0x0229,0x0208,0x0a29,0x0208,0x0a29,0x0208,
0x0a29,0x0208,0x0a29,0x0208,0x0a29,0x0228,0x0a29,0x0228,0x0a29,0x0228,0x0a29,0x0228,0x0a29,0x0228,0x0a29,0x0228,
0x0a29,0x0229,0x0229,0x0228,0x0a49,0x0229,0x0a29,0x0228,0x0a29,0x0229,0x0a49,0x0228,0x0a49,0x0229,0x0a49,0x0229,
0x0a49,0x0229,0x0a49,0x0229,0x0a49,0x0229,0x0a49,0x0229,0x0a29,0x0229,0x0a49,0x0229,0x0a49,0x0229,0x0a29,0x0229,
0x0a29,0x0229,0x0a29,0x0228,0x0a49,0x0229,0x0a49,0x0229,0x0a49,0x0229,0x0a49,0x0229,0x0a49,0x0229,0x0a29,0x0228,
0x0a29,0x0229,0x0a29,0x0228,0x0a29,0x0229,0x0a29,0x0228,0x0a29,0x0228,0x0a29,0x0228,0x0a29,0x0228,0x0a29,0x0228,
0x0a29,0x0208,0x0229,0x0208,0x0a29,0x0208,0x0a29,0x0208,0x0a29,0x0208,0x0a29,0x0208,0x0a29,0x0208,0x0a29,0x0208,
0x0a29,0x0208,0x0a09,0x0208,0x0a08,0x0208,0x0208,0x01e8,0x0208,0x01e8,0x0208,0x01e8,0x0208,0x01e8,0x0208,0x01e8,
0x0208,0x01e8,0x0208,0x01e8,0x01e8,0x01e8,0x01e8,0x01e8,0x01e8,0x01c8,0x01e8,0x01c7,0x01c8,0x01c7,0x01c8,0x01c7,
0x01c8,0x01c7,0x01c8,0x01c7,0x01c8,0x01a7,0x01c8,0x01a7,0x01c8,0x01a7,0x01c8,0x01c7,0x01c8,0x01c7,0x01c7,0x01a7,
0x01a7,0x0166,0x0187,0x0186,0x0187,0x0186,0x01a7,0x01a6,0x09a7,0x0186,0x0186,0x0186,0x09c7,0x01a7,0x01a7,0x01a6,
0x4287,0x4aa8,0x4aa8,0x5288,0x52c8,0x5ae9,0x5ac8,0x5287,0x39e5,0x4247,0x29a5,0x0104,0x0105,0x0166,0x09c7,0x0145,
0x0145,0x0166,0x0165,0x0186,0x0165,0x0186,0x01e7,0x01a7,0x01c6,0x01c7,0x01a6,0x0186,0x0186,0x01a6,0x0186,0x01a7,
0x01a6,0x01a6,0x0186,0x01a6,0x0186,0x01c7,0x01a6,0x01a7,0x0186,0x01a7,0x01a7,0x01a7,0x0186,0x01c7,0x01e7,0x0208,
0x01e8,0x01e8,0x01e7,0x01e8,0x01e7,0x0208,0x01e8,0x01e8,0x01e7,0x0208,0x01e8,0x0208,0x0208,0x0208,0x0208,0x0208,
0x0208,0x0228,0x0208,0x0a28,0x0208,0x0228,0x0208,0x0229,0x0208,0x0228,0x0208,0x0229,0x0208,0x0228,0x0208,0x0229,
0x0208,0x0228,0x0208,0x0229,0x0208,0x0229,0x0208,0x0a29,0x0208,0x0229,0x0208,0x0229,0x0208,0x0229,0x0208,0x0229,
0x0228,0x0229,0x0228,0x0a29,0x0228,0x0229,0x0228,0x0a29,0x0228,0x0229,0x0228,0x0a29,0x0228,0x0229,0x0228,0x0a49,
0x0228,0x0a49,0x0228,0x0a29,0x0228,0x0a49,0x0228,0x0a49,0x0228,0x0229,0x0228,0x0a29,0x0228,0x0229,0x0228,0x0229,
0x0228,0x0229,0x0228,0x0229,0x0228,0x0229,0x0229,0x0a29,0x0228,0x0229,0x0228,0x0a29,0x0228,0x0229,0x0228,0x0a29,
0x0228,0x0a29,0x0228,0x0a29,0x0228,0x0a29,0x0228,0x0a29,0x0228,0x0a29,0x0228,0x0a29,0x0228,0x0229,0x0208,0x0229,
0x0208,0x0229,0x0208,0x0229,0x0208,0x0228,0x0208,0x0208,0x0208,0x0208,0x0208,0x0208,0x0208,0x0208,0x0208,0x0208,
0x0208,0x0208,0x0208,0x0208,0x01e8,0x0208,0x01e8,0x0208,0x01e8,0x0208,0x01e8,0x0208,0x01e8,0x0208,0x01e8,0x0208,
0x01e7,0x0208,0x01e8,0x01e8,0x01e7,0x01e8,0x01e7,0x01e8,0x01c7,0x01e8,0x01c7,0x01c8,0x01c7,0x01c7,0x01a7,0x01c7,
0x01a7,0x01c7,0x01a7,0x01c7,0x01a7,0x01c7,0x01a7,0x01c7,0x01a7,0x01c7,0x01a7,0x01c8,0x01a7,0x01c7,0x01a7,0x01c7,
0x01a6,0x0186,0x0166,0x0186,0x0166,0x0186,0x0186,0x0186,0x0166,0x0186,0x0186,0x0186,0x0186,0x01a7,0x01a6,0x01a7,
0x52c9,0x52c9,0x52a9,0x4a67,0x4a68,0x52a8,0x5aa8,0x4a87,0x31c4,0x3a05,0x4207,0x31e6,0x1165,0x0104,0x0166,0x0145,
0x0145,0x0166,0x0186,0x0186,0x0186,0x0166,0x09e8,0x1228,0x01a7,0x01a6,0x09c7,0x01a6,0x01a7,0x0186,0x01a7,0x0186,
0x0186,0x0186,0x09c7,0x09c7,0x09e7,0x0186,0x01a7,0x0186,0x01a7,0x0186,0x01a7,0x0186,0x01a7,0x01a7,0x01e8,0x01e8,
0x0208,0x01e8,0x01e8,0x01e8,0x01e8,0x01e7,0x0208,0x01e8,0x0208,0x0208,0x0a08,0x0208,0x0208,0x0208,0x0a09,0x0208,
0x0a28,0x0208,0x0a29,0x0208,0x0a29,0x0208,0x0a29,0x0228,0x0a29,0x0228,0x0a29,0x0208,0x0a29,0x0208,0x0a29,0x0228,
0x0a29,0x0208,0x0a29,0x0228,0x0a29,0x0228,0x0a29,0x0229,0x0a29,0x0228,0x0a29,0x0228,0x0a29,0x0228,0x0a29,0x0229,
0x0a29,0x0229,0x0a29,0x0229,0x0a49,0x0229,0x0a49,0x0229,0x0a29,0x0228,0x0a49,0x0229,0x0a49,0x0228,0x0a49,0x0229,
0x0a49,0x0229,0x0a49,0x0229,0x0a49,0x0229,0x0a49,0x0229,0x0a49,0x0229,0x0a49,0x0229,0x0a49,0x0229,0x0a29,0x0229,
0x0a29,0x0229,0x0a49,0x0229,0x0a49,0x0229,0x0a49,0x0229,0x0a49,0x0229,0x0a49,0x0229,0x0a49,0x0229,0x0a49,0x0229,
0x0a29,0x0228,0x0a29,0x0229,0x0a29,0x0228,0x0a49,0x0229,0x0a29,0x0228,0x0a29,0x0229,0x0a29,0x0228,0x0a29,0x0228,
0x0a29,0x0228,0x0a29,0x0208,0x0a29,0x0208,0x0a29,0x0208,0x0a29,0x0208,0x0a29,0x0208,0x0a29,0x0208,0x0a29,0x0208,
0x0a29,0x0208,0x0a09,0x0208,0x0208,0x0208,0x0208,0x01e8,0x0208,0x01e8,0x0208,0x0208,0x0208,0x0208,0x0a08,0x01e8,
0x0208,0x01e8,0x0a08,0x01e8,0x01e8,0x01e8,0x09e8,0x01e8,0x01e8,0x01c7,0x01c8,0x01c7,0x01c8,0x01c7,0x01c8,0x01c7,
0x01c8,0x01c7,0x01c8,0x01c7,0x01c8,0x01a7,0x01c8,0x01a7,0x01c8,0x01a7,0x01c8,0x01c7,0x01c8,0x01c7,0x01c8,0x01a7,
0x01c7,0x0186,0x0186,0x0166,0x0186,0x0166,0x0186,0x0166,0x0186,0x0166,0x09a7,0x01a6,0x01a7,0x0186,0x09a7,0x0186,
0x4a87,0x4a88,0x4267,0x4a88,0x4a88,0x52c8,0x52a7,0x39e4,0x31e4,0x3a05,0x3a05,0x4226,0x4227,0x1125,0x00e4,0x0125,
0x0105,0x0146,0x0165,0x01a6,0x0186,0x0186,0x0145,0x224a,0x11e8,0x01a6,0x01a6,0x09e7,0x01c7,0x01a6,0x0186,0x0186,
0x0166,0x0186,0x0186,0x09c7,0x0186,0x0186,0x0186,0x0186,0x0166,0x0187,0x0166,0x0187,0x0186,0x01c7,0x01c7,0x01e8,
0x01e7,0x01e8,0x01e7,0x0208,0x01e7,0x01e8,0x01e7,0x0208,0x01e7,0x0208,0x01e8,0x0208,0x01e8,0x0208,0x0208,0x0208,
0x0208,0x0a28,0x0208,0x0228,0x0208,0x0a28,0x0208,0x0229,0x0208,0x0a29,0x0208,0x0229,0x0228,0x0a29,0x0208,0x0228,
0x0208,0x0229,0x0208,0x0229,0x0208,0x0a29,0x0228,0x0229,0x0208,0x0229,0x0208,0x0229,0x0228,0x0a29,0x0228,0x0229,
0x0228,0x0229,0x0228,0x0229,0x0228,0x0a49,0x0228,0x0a49,0x0228,0x0a29,0x0228,0x0a29,0x0228,0x0a29,0x0228,0x0a49,
0x0228,0x0a49,0x0228,0x0a49,0x0228,0x0a49,0x0228,0x0a29,0x0228,0x0a29,0x0228,0x0a29,0x0228,0x0a29,0x0228,0x0a29,
0x0229,0x0a29,0x0228,0x0a49,0x0229,0x0a49,0x0228,0x0a29,0x0228,0x0a29,0x0228,0x0a49,0x0229,0x0a49,0x0228,0x0229,
0x0228,0x0a29,0x0228,0x0229,0x0228,0x0a29,0x0228,0x0a29,0x0228,0x0a29,0x0228,0x0229,0x0228,0x0a29,0x0228,0x0229,
0x0228,0x0a29,0x0208,0x0228,0x0208,0x0229,0x0208,0x0208,0x0208,0x0208,0x0208,0x0208,0x0208,0x0208,0x0208,0x0208,
0x0208,0x0208,0x01e8,0x0208,0x01e8,0x0208,0x01e8,0x0208,0x01e8,0x0208,0x01e8,0x0208,0x0208,0x0208,0x01e8,0x0208,
0x01e8,0x0208,0x01e7,0x01e8,0x01e8,0x01e8,0x01e7,0x01e8,0x01c7,0x01c8,0x01a7,0x01c7,0x01c7,0x01c8,0x01a7,0x01c7,
0x01a7,0x01c7,0x01a7,0x01c7,0x01a7,0x01c7,0x01a7,0x01c7,0x01a7,0x01c7,0x01a7,0x01c7,0x01c7,0x01c7,0x01a7,0x01a7,
0x01a7,0x0187,0x0166,0x0166,0x0166,0x0186,0x0166,0x0166,0x0166,0x0186,0x0186,0x0186,0x0166,0x0166,0x0145,0x0166,
0x4266,0x4267,0x4a68,0x4247,0x4a88,0x52a8,0x52c8,0x4245,0x4225,0x31e3,0x4225,0x3a04,0x3a05,0x3a06,0x1944,0x0104,
0x0946,0x0125,0x0166,0x0186,0x01a7,0x0186,0x0166,0x0186,0x226a,0x0186,0x01a7,0x0186,0x09c7,0x01a6,0x01a7,0x0166,
0x0187,0x0186,0x0187,0x0186,0x01a7,0x0186,0x0186,0x0166,0x0187,0x0186,0x0187,0x0187,0x01a7,0x01a7,0x01e8,0x01e7,
0x0208,0x01e7,0x01e8,0x01e8,0x0208,0x01e8,0x0208,0x01e8,0x0208,0x01e8,0x0208,0x01e8,0x0a08,0x0208,0x0208,0x0208,
0x0a29,0x0208,0x0a29,0x0208,0x0a29,0x0208,0x0a29,0x0228,0x0a29,0x0228,0x0a29,0x0228,0x0a49,0x0228,0x0a29,0x0228,
0x0a29,0x0228,0x0a29,0x0228,0x0a29,0x0228,0x0a29,0x0228,0x0a29,0x0228,0x0a29,0x0228,0x0a29,0x0228,0x0a29,0x0228,
0x0a29,0x0229,0x0a49,0x0229,0x0a49,0x0229,0x0a49,0x0229,0x0a49,0x0229,0x0a49,0x0229,0x0a49,0x0229,0x0a49,0x0229,
0x0a49,0x0a29,0x0a49,0x0229,0x0a49,0x0a29,0x0a49,0x0228,0x0a49,0x0229,0x0a49,0x0229,0x0a49,0x0229,0x0a49,0x0229,
0x0a49,0x0229,0x0a49,0x0229,0x0a49,0x0229,0x0a49,0x0229,0x0a49,0x0229,0x0a49,0x0229,0x0a49,0x0229,0x0a49,0x0228,
0x0a29,0x0229,0x0a29,0x0228,0x0a29,0x0229,0x0a29,0x0228,0x0a29,0x0229,0x0a29,0x0208,0x0a29,0x0228,0x0a29,0x0228,
0x0a29,0x0228,0x0a29,0x0208,0x0a29,0x0208,0x0a29,0x0208,0x0a29,0x0208,0x0a29,0x0208,0x0a09,0x0208,0x0208,0x0208,
0x0a09,0x0208,0x0208,0x0208,0x0208,0x01e8,0x0208,0x0208,0x0a09,0x0208,0x0209,0x0208,0x0a09,0x0208,0x0208,0x01e8,
0x0a08,0x01e8,0x0208,0x01e8,0x0a08,0x01e8,0x01e8,0x01e7,0x01e8,0x01c7,0x01c8,0x01c7,0x01c8,0x01c7,0x01c8,0x01a7,
0x01c8,0x01c7,0x01c8,0x01c7,0x01c8,0x01a7,0x01c8,0x01a7,0x01c8,0x01c7,0x01c8,0x01c7,0x01c8,0x01c7,0x01c7,0x01a7,
0x01c7,0x0186,0x0186,0x0166,0x0186,0x0166,0x0186,0x0166,0x0186,0x0186,0x0186,0x0166,0x0166,0x0146,0x0166,0x0145,
0x4264,0x4266,0x4267,0x4a67,0x4246,0x4a67,0x4a66,0x4a86,0x4a86,0x5ac8,0x4a66,0x4205,0x31c3,0x31a3,0x31e5,0x0904,
0x0125,0x0125,0x0125,0x0166,0x0165,0x0166,0x0166,0x0166,0x09c7,0x09c8,0x0145,0x0186,0x0165,0x0186,0x0165,0x0166,
0x0166,0x0166,0x0166,0x0186,0x0166,0x0186,0x0166,0x0186,0x0166,0x0186,0x0186,0x01a7,0x0186,0x01a7,0x01c7,0x01c7,
0x01c7,0x01e7,0x01e7,0x0208,0x01e7,0x01e8,0x01e7,0x01e8,0x01e7,0x0208,0x01e7,0x0208,0x01e8,0x0208,0x0208,0x0208,
0x0208,0x0208,0x0208,0x0208,0x0208,0x0228,0x0208,0x0a29,0x0208,0x0a28,0x0228,0x0a29,0x0228,0x0a29,0x0228,0x0a29,
0x0228,0x0a29,0x0228,0x0a29,0x0228,0x0229,0x0208,0x0229,0x0208,0x0228,0x0208,0x0229,0x0208,0x0229,0x0208,0x0a29,
0x0228,0x0a49,0x0228,0x0a49,0x0228,0x0a49,0x0228,0x0a49,0x0228,0x0229,0x0228,0x0a49,0x0228,0x0a29,0x0228,0x0a49,
0x0228,0x0a49,0x0229,0x0a49,0x0228,0x0a49,0x0228,0x0a29,0x0228,0x0229,0x0228,0x0a29,0x0228,0x0229,0x0228,0x0a29,
0x0228,0x0a49,0x0229,0x0a49,0x0228,0x0a29,0x0229,0x0a49,0x0228,0x0a29,0x0229,0x0a49,0x0228,0x0a29,0x0228,0x0a29,
0x0228,0x0a29,0x0228,0x0a29,0x0228,0x0229,0x0208,0x0229,0x0208,0x0229,0x0208,0x0229,0x0208,0x0228,0x0208,0x0a29,
0x0208,0x0229,0x0208,0x0229,0x0208,0x0228,0x0208,0x0a08,0x0208,0x0208,0x0208,0x0208,0x0208,0x0208,0x01e8,0x0208,
0x01e8,0x0208,0x01e8,0x0208,0x01e7,0x0208,0x01e8,0x0208,0x01e8,0x0208,0x01e8,0x0208,0x01e8,0x0208,0x01e8,0x0208,
0x01e7,0x0208,0x01e8,0x0208,0x01e8,0x01e8,0x01e7,0x01e8,0x01c7,0x01c8,0x01c7,0x01c8,0x01a7,0x01c7,0x01a7,0x01c7,
0x01a7,0x01c7,0x01a7,0x01c8,0x01a7,0x01c7,0x01a7,0x01c7,0x01a7,0x01c7,0x01a7,0x01c7,0x01a7,0x01c7,0x01a7,0x01a7,
0x0186,0x0187,0x0166,0x0166,0x0165,0x0166,0x0166,0x0187,0x0985,0x19e5,0x0164,0x0146,0x0146,0x0186,0x0165,0x0166,
0x4263,0x4265,0x4266,0x3a24,0x4225,0x2983,0x4246,0x3a25,0x3a06,0x5288,0x5288,0x4a67,0x4a67,0x3a06,0x4226,0x1965,
0x0126,0x0125,0x0146,0x0125,0x0146,0x0125,0x0166,0x0145,0x0166,0x09c7,0x0187,0x0166,0x0166,0x0166,0x0186,0x0166,
0x0166,0x0166,0x0186,0x0166,0x0186,0x0166,0x0187,0x0186,0x0187,0x0187,0x01a7,0x01a7,0x01a7,0x01a7,0x01e8,0x01c7,
0x01e7,0x01e7,0x0208,0x01e8,0x0208,0x01e7,0x01e8,0x01e8,0x0208,0x01e8,0x0208,0x01e8,0x0208,0x01e8,0x0a08,0x0208,
0x0208,0x0208,0x0a29,0x0208,0x0a29,0x0208,0x0a29,0x0228,0x0a29,0x0228,0x0a29,0x0228,0x0a49,0x0228,0x0a49,0x0228,
0x0a29,0x0228,0x0a29,0x0228,0x0a29,0x0228,0x0a29,0x0228,0x0a29,0x0228,0x0a29,0x0228,0x0a29,0x0228,0x0a29,0x0229,
0x0a49,0x0229,0x0a49,0x0229,0x0a49,0x0229,0x0a49,0x0229,0x0a49,0x0228,0x0a29,0x0229,0x0a49,0x0229,0x0a49,0x0229,
0x0a49,0x0229,0x0a49,0x0a29,0x0a49,0x0229,0x0a49,0x0229,0x0a29,0x0228,0x0a49,0x0229,0x0a29,0x0228,0x0a29,0x0229,
0x0a49,0x0229,0x0a49,0x0229,0x0a49,0x0229,0x0a49,0x0229,0x0a49,0x0229,0x0a49,0x0229,0x0a49,0x0229,0x0a49,0x0229,
0x0a49,0x0229,0x0a29,0x0229,0x0a29,0x0228,0x0a29,0x0208,0x0a29,0x0208,0x0a29,0x0208,0x0a29,0x0208,0x0a29,0x0208,
0x0a29,0x0208,0x0a29,0x0208,0x0a29,0x0208,0x0a29,0x0208,0x0a29,0x0208,0x0a29,0x0208,0x0209,0x0208,0x0a09,0x0208,
0x0208,0x01e8,0x0208,0x01e8,0x0208,0x01e8,0x0208,0x01e8,0x0208,0x0208,0x0208,0x0208,0x0208,0x0208,0x0a08,0x01e8,
0x0208,0x01e8,0x0208,0x01e8,0x0208,0x01e8,0x01e8,0x01e8,0x01e8,0x01c7,0x01c8,0x01c7,0x01c8,0x01c7,0x01c8,0x01c7,
0x01c8,0x01c7,0x01c8,0x01c7,0x01c8,0x01a7,0x01c8,0x01a7,0x01c8,0x01a7,0x01c8,0x01c7,0x01c8,0x01c7,0x01c8,0x0186,
0x0187,0x0186,0x0187,0x0166,0x0186,0x0166,0x0187,0x0186,0x0186,0x19e4,0x3243,0x19a3,0x0985,0x0145,0x0166,0x0165,
0x3222,0x3a43,0x3a42,0x4264,0x4a87,0x4247,0x31c4,0x3a25,0x31e5,0x4206,0x5287,0x4a67,0x4246,0x5287,0x52c8,0x4247,
0x0103,0x0126,0x0125,0x0145,0x0125,0x0125,0x0125,0x0146,0x0125,0x09a7,0x0186,0x0166,0x0146,0x0166,0x0145,0x0166,
0x0166,0x0166,0x0166,0x0166,0x0166,0x0166,0x0166,0x01a7,0x0186,0x01a7,0x01a6,0x01a7,0x01a7,0x01c7,0x01c7,0x01e7,
0x01c7,0x01e8,0x01e7,0x01e8,0x01e7,0x01e8,0x01e7,0x0208,0x01e7,0x01e8,0x01e7,0x01e8,0x01e7,0x01e8,0x01e7,0x0208,
0x01e8,0x0208,0x0208,0x0208,0x0208,0x0a28,0x0208,0x0a28,0x0208,0x0a29,0x0208,0x0a29,0x0228,0x0a29,0x0228,0x0228,
0x0228,0x0a29,0x0228,0x0a29,0x0228,0x0a29,0x0228,0x0a29,0x0228,0x0a29,0x0228,0x0a29,0x0228,0x0a29,0x0228,0x0a29,
0x0228,0x0a29,0x0228,0x0a49,0x0228,0x0a49,0x0228,0x0a49,0x0228,0x0a49,0x0228,0x0a49,0x0228,0x0a49,0x0228,0x0a29,
0x0228,0x0a49,0x0228,0x0a49,0x0228,0x0a29,0x0228,0x0a29,0x0228,0x0229,0x0228,0x0229,0x0228,0x0a29,0x0228,0x0229,
0x0228,0x0a49,0x0228,0x0a49,0x0228,0x0a49,0x0228,0x0a49,0x0228,0x0a49,0x0228,0x0a49,0x0229,0x0a49,0x0228,0x0a29,
0x0228,0x0a29,0x0228,0x0a29,0x0208,0x0a29,0x0208,0x0228,0x0208,0x0209,0x0208,0x0208,0x0208,0x0209,0x0208,0x0208,
0x0208,0x0209,0x0208,0x0228,0x0208,0x0208,0x0208,0x0208,0x0208,0x0208,0x0208,0x0208,0x0208,0x0208,0x0208,0x0208,
0x01e8,0x0208,0x01e8,0x0208,0x01e8,0x0208,0x01e8,0x0208,0x01e8,0x0208,0x01e8,0x0208,0x01e8,0x0208,0x01e8,0x0208,
0x01e8,0x0208,0x01e7,0x01e8,0x01e8,0x01e8,0x01e7,0x01e8,0x01c7,0x01c8,0x01a7,0x01c7,0x01a7,0x01c8,0x01a7,0x01c7,
0x01a7,0x01c7,0x01a7,0x01c7,0x01a7,0x01c7,0x01a7,0x01c7,0x01a7,0x01c7,0x01a7,0x01c7,0x01c7,0x01c7,0x01a7,0x01a7,
0x0186,0x01a7,0x0186,0x0186,0x0166,0x0186,0x0186,0x0186,0x0186,0x0166,0x1a03,0x3a82,0x2a42,0x19e4,0x0144,0x0145,
0x4283,0x4282,0x4a83,0x4264,0x5aa9,0x52a8,0x4246,0x31e4,0x39e5,0x4a47,0x4a47,0x3a05,0x5287,0x4a88,0x4a67,0x4a68,
0x2185,0x00e4,0x0146,0x0145,0x0125,0x0125,0x0146,0x0125,0x0146,0x0146,0x0187,0x0146,0x0166,0x0146,0x0166,0x0146,
0x0166,0x0166,0x0166,0x0166,0x0166,0x0166,0x0187,0x0186,0x01a7,0x01a7,0x01a7,0x01a7,0x01a7,0x01a7,0x01e8,0x01e7,
0x01e8,0x01e8,0x0208,0x01e8,0x0a08,0x01e8,0x0208,0x01e8,0x0208,0x01e8,0x0208,0x01e8,0x0208,0x01e8,0x01e8,0x01e8,
0x0208,0x0208,0x0228,0x0208,0x0a29,0x0228,0x0a29,0x0228,0x0a29,0x0228,0x0a29,0x0228,0x0a29,0x0a28,0x0a49,0x0228,
0x0a29,0x0228,0x0a49,0x0228,0x0a49,0x0229,0x0a49,0x0229,0x0a29,0x0229,0x0a29,0x0229,0x0a49,0x0a29,0x0a29,0x0229,
0x0a29,0x0229,0x0a49,0x0229,0x0a49,0x0229,0x0a49,0x0229,0x0a49,0x0229,0x0a49,0x0229,0x0a49,0x0229,0x0a49,0x0229,
0x0a49,0x0229,0x0a49,0x0229,0x0a49,0x0229,0x0a49,0x0229,0x0a49,0x0229,0x0a49,0x0229,0x0a29,0x0229,0x0a29,0x0229,
0x0a29,0x0229,0x0a49,0x0229,0x0a49,0x0229,0x0a49,0x0229,0x0a49,0x0229,0x0a49,0x0229,0x0a49,0x0229,0x0a49,0x0229,
0x0a49,0x0229,0x0a29,0x0228,0x0a29,0x0228,0x0a29,0x0208,0x0a29,0x0208,0x0a29,0x0208,0x0a29,0x0208,0x0229,0x0208,
0x0a29,0x0208,0x0a29,0x0208,0x0a29,0x0208,0x0a29,0x0208,0x0a29,0x0208,0x0a29,0x0208,0x0a09,0x0208,0x0a09,0x0208,
0x0a08,0x0208,0x0208,0x0208,0x0a08,0x0208,0x0208,0x0208,0x0a08,0x01e8,0x0208,0x01e8,0x0a08,0x0208,0x0208,0x01e8,
0x0a08,0x01e8,0x0208,0x01e8,0x01e8,0x01e8,0x01e8,0x01c7,0x01e8,0x01c7,0x01c8,0x01c7,0x01c8,0x01c7,0x01c8,0x01c7,
0x01c8,0x01c7,0x01c8,0x01c7,0x01c8,0x01c7,0x01c8,0x01c7,0x01c8,0x01c7,0x01c8,0x01c7,0x01e8,0x01c7,0x01c7,0x01a7,
0x01a7,0x01a7,0x01a7,0x0186,0x0187,0x0186,0x0186,0x0166,0x0186,0x0186,0x09a5,0x2a42,0x3a82,0x3262,0x2a43,0x0983,
0x4262,0x4a82,0x4282,0x4a84,0x52a6,0x5ac8,0x4a66,0x4245,0x4a67,0x5ac9,0x5288,0x4225,0x4265,0x4266,0x4246,0x5288,
0x4247,0x0903,0x0124,0x0166,0x0145,0x0145,0x0125,0x0145,0x0125,0x0146,0x0146,0x0146,0x0145,0x0166,0x0145,0x0166,
0x0165,0x0166,0x0166,0x0166,0x0166,0x0186,0x0166,0x01a7,0x0186,0x01a7,0x0186,0x01a7,0x01a6,0x01a7,0x01a7,0x01c7,
0x01a6,0x01e8,0x01e8,0x0208,0x01e7,0x0208,0x01e7,0x0208,0x01e7,0x0208,0x01e8,0x0208,0x01e7,0x0208,0x01e8,0x01e8,
0x01e7,0x0208,0x0208,0x0228,0x0208,0x0228,0x0228,0x0a29,0x0228,0x0a29,0x0228,0x0a29,0x0228,0x0a29,0x0228,0x0a29,
0x0228,0x0a29,0x0228,0x0a29,0x0228,0x0a29,0x0228,0x0a29,0x0228,0x0229,0x0228,0x0a29,0x0228,0x0a29,0x0228,0x0a29,
0x0228,0x0a29,0x0228,0x0a29,0x0228,0x0a29,0x0228,0x0a49,0x0228,0x0a49,0x0228,0x0a49,0x0228,0x0a49,0x0229,0x0a49,
0x0228,0x0a49,0x0229,0x0a49,0x0228,0x0229,0x0228,0x0a29,0x0228,0x0229,0x0228,0x0a29,0x0228,0x0229,0x0228,0x0229,
0x0228,0x0229,0x0228,0x0a29,0x0228,0x0a49,0x0228,0x0a49,0x0228,0x0a49,0x0229,0x0a49,0x0228,0x0a29,0x0228,0x0a29,
0x0228,0x0a29,0x0228,0x0a29,0x0208,0x0229,0x0208,0x0229,0x0208,0x0228,0x0208,0x0208,0x0208,0x0208,0x0208,0x0208,
0x0208,0x0208,0x0208,0x0a09,0x0208,0x0208,0x0208,0x0a09,0x0208,0x0208,0x0208,0x0208,0x0208,0x0208,0x0208,0x0208,
0x01e8,0x0208,0x01e8,0x0208,0x01e8,0x0208,0x01e8,0x0208,0x01e8,0x0208,0x01e8,0x0208,0x01e8,0x0208,0x01e8,0x01e8,
0x01e7,0x01e8,0x01e8,0x01e8,0x01e7,0x01e8,0x01c7,0x01e8,0x01c7,0x01c7,0x01c7,0x01c8,0x01c7,0x01c8,0x01a7,0x01c8,
0x01a7,0x01c7,0x01a7,0x01c7,0x01a7,0x01c7,0x01a7,0x01c8,0x01c7,0x01c7,0x01c7,0x01c7,0x01c7,0x01c7,0x01c7,0x01c7,
0x01a6,0x01a7,0x0186,0x0187,0x0186,0x0166,0x0165,0x0186,0x0186,0x01a6,0x0186,0x11c4,0x3241,0x3a41,0x3241,0x3242,
0x4aa3,0x4aa2,0x4ac3,0x4a82,0x4a83,0x4a65,0x5288,0x5286,0x5aa8,0x5288,0x5268,0x4226,0x4226,0x3a05,0x3a25,0x4a47,
0x4a67,0x2164,0x0945,0x0165,0x0186,0x0165,0x0166,0x0145,0x0146,0x0145,0x0167,0x0166,0x0146,0x0145,0x0166,0x0186,
0x01a7,0x01c7,0x09e8,0x01c7,0x09c8,0x0186,0x01a7,0x01a7,0x01a7,0x01a7,0x01a7,0x01a7,0x01c7,0x01a7,0x01c7,0x01a7,
0x01c7,0x01e7,0x0208,0x01e8,0x0208,0x01e8,0x0a08,0x01e8,0x0208,0x0208,0x0208,0x01e8,0x0208,0x01e8,0x0208,0x01e8,
0x0208,0x0208,0x0a29,0x0208,0x0a29,0x0208,0x0a29,0x0228,0x0a29,0x0228,0x0a29,0x0228,0x0a29,0x0228,0x0a29,0x0228,
0x0a29,0x0228,0x0a29,0x0228,0x0a49,0x0228,0x0a49,0x0229,0x0a29,0x0228,0x0a29,0x0229,0x0a49,0x0228,0x0a29,0x0229,
0x0a29,0x0229,0x0a49,0x0229,0x0a49,0x0228,0x0a49,0x0229,0x0a49,0x0229,0x0a49,0x0229,0x0a49,0x0229,0x0a49,0x0229,
0x0a49,0x0229,0x0a49,0x0229,0x0a49,0x0229,0x0a49,0x0229,0x0a49,0x0229,0x0a29,0x0229,0x0a49,0x0229,0x0a29,0x0229,
0x0a29,0x0229,0x0a29,0x0229,0x0a49,0x0228,0x0a49,0x0229,0x0a49,0x0229,0x0a49,0x0229,0x0a49,0x0229,0x0a49,0x0229,
0x0a29,0x0228,0x0a29,0x0228,0x0a29,0x0228,0x0a29,0x0228,0x0229,0x0228,0x0a29,0x0208,0x0229,0x0208,0x0209,0x0208,
0x0208,0x0208,0x0a29,0x0208,0x0a29,0x0208,0x0a29,0x0208,0x0a29,0x0208,0x0a29,0x0208,0x0a29,0x0208,0x0a09,0x0208,
0x0208,0x0208,0x0a09,0x0208,0x0208,0x0208,0x0a08,0x0208,0x0208,0x01e8,0x0a08,0x01e8,0x0208,0x01e8,0x0208,0x01e8,
0x01e8,0x01e8,0x01e8,0x01e8,0x01e8,0x01e8,0x01e8,0x01e8,0x01e8,0x01c7,0x01e8,0x01c7,0x01c8,0x01c7,0x01c8,0x01a7,
0x01c8,0x01c7,0x01c8,0x01c7,0x01c8,0x01c7,0x01c8,0x01c7,0x01e8,0x01c7,0x01c8,0x01c7,0x01c8,0x01c7,0x01c8,0x01a7,
0x01c7,0x01a7,0x01a7,0x0186,0x0187,0x0165,0x0166,0x0166,0x0186,0x0186,0x09a6,0x0986,0x2203,0x3261,0x3a62,0x3241,
0x4282,0x4ac2,0x4aa2,0x4262,0x3a21,0x4224,0x3a04,0x4224,0x4245,0x39e5,0x39e5,0x4227,0x4226,0x4226,0x4266,0x4247,
0x2143,0x2984,0x0923,0x0145,0x0165,0x0986,0x0165,0x0165,0x0165,0x0166,0x0166,0x0186,0x0125,0x0146,0x0166,0x01a7,
0x01a6,0x01c8,0x01e8,0x09e8,0x0186,0x0187,0x01a6,0x01a7,0x01a6,0x01a7,0x01a6,0x01c7,0x01a7,0x01c7,0x01a7,0x01a7,
0x01a7,0x01e8,0x01e7,0x0208,0x01e7,0x01e8,0x01e7,0x0208,0x01e8,0x0208,0x01e7,0x0208,0x01e8,0x0208,0x01e7,0x0208,
0x0208,0x0228,0x0208,0x0228,0x0208,0x0228,0x0208,0x0a28,0x0208,0x0a29,0x0208,0x0a28,0x0208,0x0a29,0x0228,0x0a29,
0x0228,0x0a29,0x0228,0x0a29,0x0228,0x0a29,0x0228,0x0a29,0x0228,0x0a29,0x0228,0x0a29,0x0228,0x0a29,0x0228,0x0a29,
0x0228,0x0a29,0x0228,0x0a29,0x0228,0x0a29,0x0228,0x0a49,0x0228,0x0a49,0x0228,0x0a49,0x0228,0x0a49,0x0228,0x0a49,
0x0229,0x0a49,0x0229,0x0a49,0x0229,0x0a29,0x0228,0x0229,0x0229,0x0229,0x0228,0x0229,0x0228,0x0229,0x0228,0x0229,
0x0228,0x0229,0x0228,0x0229,0x0228,0x0a29,0x0228,0x0229,0x0228,0x0a29,0x0228,0x0a49,0x0228,0x0a29,0x0228,0x0a29,
0x0228,0x0a29,0x0208,0x0229,0x0208,0x0229,0x0208,0x0229,0x0208,0x0229,0x0208,0x0228,0x0208,0x0208,0x0208,0x0208,
0x0208,0x0208,0x0208,0x0208,0x0208,0x0208,0x0208,0x0208,0x0208,0x0208,0x0208,0x0208,0x0208,0x0208,0x0208,0x0208,
0x0208,0x0208,0x0208,0x0208,0x0208,0x0208,0x01e7,0x0208,0x01e8,0x0208,0x01e8,0x01e8,0x01e8,0x01e8,0x01e7,0x01e8,
0x01e8,0x01e8,0x01e7,0x01e8,0x01c7,0x01e8,0x01c7,0x01e8,0x01c7,0x01e8,0x01c7,0x01c8,0x01c7,0x01c8,0x01a7,0x01c7,
0x01a7,0x01c8,0x01a7,0x01c8,0x01c7,0x01c7,0x01c7,0x01c7,0x01c7,0x01c7,0x01c7,0x01c7,0x01a7,0x01c7,0x01a7,0x01a7,
0x0186,0x01a7,0x0166,0x0186,0x0166,0x0166,0x0145,0x0186,0x0165,0x0186,0x0186,0x0186,0x09a4,0x3242,0x3241,0x3261,
0x4aa3,0x4aa2,0x4281,0x3a41,0x3a02,0x3a22,0x3a02,0x29c1,0x31c3,0x39e4,0x4226,0x4246,0x4247,0x4226,0x5288,0x39e6,
0x2164,0x2143,0x1944,0x0144,0x0166,0x0166,0x0186,0x0165,0x0986,0x0165,0x0186,0x09e7,0x0187,0x0186,0x01a7,0x01a7,
0x01a7,0x0186,0x01a7,0x01a7,0x01c7,0x01a7,0x01a7,0x01a7,0x01a7,0x01a7,0x01c7,0x01c7,0x01c8,0x01a7,0x01c7,0x01a7,
0x01c8,0x01e8,0x0208,0x01e8,0x0208,0x01e8,0x0208,0x01e8,0x0a08,0x01e8,0x0208,0x01e8,0x0208,0x0208,0x0208,0x0208,
0x0a08,0x0208,0x0228,0x0208,0x0a29,0x0208,0x0a29,0x0228,0x0a29,0x0228,0x0a29,0x0228,0x0a29,0x0228,0x0a29,0x0228,
0x0a29,0x0228,0x0a49,0x0228,0x0a49,0x0228,0x0a49,0x0228,0x0a29,0x0229,0x0a29,0x0229,0x0a49,0x0228,0x0a49,0x0228,
0x0a29,0x0228,0x0a49,0x0229,0x0a49,0x0229,0x0a49,0x0229,0x0a49,0x0a49,0x0a49,0x0229,0x0a49,0x0229,0x0a49,0x0229,
0x0a49,0x0229,0x0a49,0x0229,0x0a29,0x0229,0x0a29,0x0229,0x0a49,0x0229,0x0a29,0x0229,0x0a49,0x0229,0x0a29,0x0229,
0x0a29,0x0229,0x0229,0x0228,0x0a29,0x0229,0x0a29,0x0229,0x0a29,0x0a29,0x0a49,0x0229,0x0a29,0x0229,0x0a29,0x0228,
0x0a29,0x0229,0x0a29,0x0228,0x0a29,0x0228,0x0a29,0x0228,0x0a29,0x0228,0x0229,0x0208,0x0a29,0x0208,0x0229,0x0208,
0x0a29,0x0208,0x0a29,0x0208,0x0a29,0x0208,0x0a29,0x0208,0x0a29,0x0208,0x0a29,0x0208,0x0a29,0x0208,0x0a29,0x0208,
0x0a29,0x0208,0x0208,0x0208,0x0a08,0x0208,0x0208,0x01e8,0x0a08,0x01e8,0x0208,0x01e8,0x0208,0x01e8,0x01e8,0x01e8,
0x01e8,0x01e8,0x01e8,0x01e7,0x01e8,0x01e8,0x01e8,0x01e7,0x01e8,0x01e8,0x01e8,0x01c7,0x01e8,0x01c7,0x01c8,0x01c7,
0x01c8,0x01c7,0x01c8,0x01c7,0x01e8,0x01c7,0x01c8,0x01c7,0x01c8,0x01c7,0x01c8,0x01c7,0x01c8,0x01a7,0x01a7,0x0186,
0x01a7,0x0186,0x0186,0x0166,0x0166,0x0166,0x0186,0x0186,0x09a7,0x0186,0x0187,0x0186,0x0986,0x19e3,0x3261,0x3261,
0x4241,0x4a82,0x4241,0x4243,0x29e1,0x3a22,0x3202,0x3202,0x29e2,0x3a25,0x4226,0x4a47,0x3a06,0x4227,0x4227,0x2964,
0x1102,0x2164,0x1902,0x0944,0x0165,0x0165,0x0165,0x09a6,0x09a5,0x09a5,0x09c6,0x1228,0x01a6,0x01a6,0x0186,0x01a7,
0x01a6,0x01a7,0x0186,0x01c7,0x01e7,0x01c7,0x01a6,0x01a7,0x01a6,0x01a7,0x01a7,0x01c7,0x01a7,0x01c7,0x01a7,0x01a7,
0x01a7,0x01e8,0x01e7,0x01e8,0x01e7,0x0208,0x01e8,0x0208,0x01e7,0x01e8,0x01e7,0x01e8,0x01e7,0x0208,0x01e8,0x0208,
0x01e8,0x0208,0x01e8,0x0208,0x0208,0x0208,0x0208,0x0a28,0x0208,0x0228,0x0208,0x0a29,0x0208,0x0a28,0x0228,0x0a29,
0x0228,0x0a29,0x0228,0x0a29,0x0228,0x0a29,0x0228,0x0a29,0x0228,0x0a29,0x0228,0x0a29,0x0228,0x0a29,0x0228,0x0a29,
0x0228,0x0a29,0x0228,0x0a49,0x0228,0x0a29,0x0228,0x0a49,0x0228,0x0a49,0x0229,0x0a49,0x0228,0x0a49,0x0229,0x0a29,
0x0228,0x0a29,0x0229,0x0a29,0x0228,0x0229,0x0228,0x0229,0x0228,0x0229,0x0228,0x0229,0x0228,0x0229,0x0228,0x0229,
0x0228,0x0229,0x0228,0x0229,0x0228,0x0229,0x0229,0x0a29,0x0228,0x0a29,0x0228,0x0a29,0x0228,0x0a29,0x0228,0x0a29,
0x0228,0x0229,0x0208,0x0a29,0x0208,0x0228,0x0208,0x0a29,0x0208,0x0228,0x0208,0x0209,0x0208,0x0208,0x0208,0x0208,
0x0208,0x0208,0x0208,0x0208,0x0208,0x0208,0x0208,0x0a09,0x0208,0x0208,0x0208,0x0208,0x0208,0x0208,0x0208,0x0208,
0x0208,0x0208,0x01e8,0x0208,0x01e8,0x0208,0x01e8,0x0208,0x01e8,0x01e8,0x01e8,0x01e8,0x01e7,0x01e8,0x01e7,0x01e8,
0x01e7,0x01e8,0x01e7,0x01e8,0x01e7,0x01e8,0x01c7,0x01e8,0x01c7,0x01e8,0x01c7,0x01c8,0x01c7,0x01e8,0x01c7,0x01c8,
0x01c7,0x01c8,0x01c7,0x01c8,0x01c7,0x01c7,0x01a7,0x01c7,0x01a7,0x01c7,0x01c7,0x01c7,0x01c7,0x01c7,0x01a7,0x01a7,
0x0186,0x0186,0x0166,0x0166,0x0166,0x0166,0x0166,0x0186,0x0166,0x0186,0x0166,0x01a6,0x0185,0x09a5,0x2a21,0x3242,
0x3201,0x3221,0x3a02,0x29c1,0x3a24,0x31e2,0x3202,0x31e2,0x3222,0x29e2,0x39e4,0x4227,0x4247,0x3a06,0x4247,0x2143,
0x1902,0x2164,0x2144,0x0923,0x0965,0x0185,0x0986,0x09a5,0x09c6,0x09a5,0x11e6,0x09c6,0x1207,0x09e6,0x09c7,0x0186,
0x01a7,0x01a6,0x01a7,0x01c7,0x0208,0x01e7,0x01c7,0x01a7,0x01a7,0x01a7,0x01a7,0x01a7,0x01c7,0x01a7,0x01c8,0x01a7,
0x01c7,0x01c7,0x0208,0x01e8,0x0208,0x01e8,0x0208,0x01e8,0x01e8,0x01e8,0x01e8,0x01e8,0x0208,0x01e8,0x0208,0x01e8,
0x0208,0x01e8,0x0208,0x01e8,0x0208,0x0208,0x0a29,0x0208,0x0a28,0x0208,0x0a29,0x0208,0x0a29,0x0228,0x0a29,0x0228,
0x0a29,0x0228,0x0a29,0x0228,0x0a49,0x0228,0x0a29,0x0228,0x0a49,0x0228,0x0a49,0x0a29,0x0a49,0x0228,0x0a49,0x0a29,
0x0a49,0x0228,0x0a49,0x0a29,0x0a49,0x0229,0x0a49,0x0229,0x0a49,0x0229,0x0a49,0x0a49,0x0a49,0x0229,0x0a49,0x0229,
0x0a49,0x0229,0x0a29,0x0229,0x0a29,0x0228,0x0a49,0x0229,0x0a49,0x0229,0x0a29,0x0229,0x0a49,0x0229,0x0a29,0x0229,
0x0229,0x0229,0x0a29,0x0229,0x0a29,0x0229,0x0a49,0x0229,0x0a49,0x0229,0x0a49,0x0229,0x0a29,0x0228,0x0a29,0x0228,
0x0a29,0x0228,0x0a29,0x0228,0x0a29,0x0208,0x0a29,0x0208,0x0a29,0x0208,0x0a29,0x0208,0x0a29,0x0208,0x0a29,0x0208,
0x0a29,0x0208,0x0a29,0x0208,0x0a29,0x0208,0x0a29,0x0208,0x0a29,0x0208,0x0a29,0x0208,0x0a29,0x0208,0x0a29,0x0208,
0x0208,0x0208,0x0a08,0x0208,0x0208,0x01e8,0x0a08,0x0208,0x0208,0x01e8,0x0a08,0x01e8,0x01e8,0x01e8,0x01e8,0x01e8,
0x01e8,0x01e8,0x01e8,0x01e8,0x01e8,0x01e7,0x01e8,0x01e8,0x01e8,0x01c7,0x01e8,0x01c7,0x01e8,0x01e8,0x01e8,0x01c7,
0x01e8,0x01c7,0x01e8,0x01c7,0x01c7,0x01c7,0x09c7,0x01c7,0x01c7,0x01a7,0x01a7,0x01a7,0x01c7,0x01c7,0x01c8,0x01a7,
0x01a7,0x0186,0x0166,0x0166,0x0186,0x0166,0x0186,0x0166,0x0166,0x0166,0x0187,0x0166,0x0186,0x0145,0x21e3,0x2a21,
0x3a24,0x3a23,0x3222,0x21a2,0x2161,0x3203,0x29c1,0x29c2,0x29e2,0x3203,0x29c3,0x31c5,0x4227,0x39e6,0x2184,0x1943,
0x1922,0x2985,0x2184,0x1923,0x0124,0x0985,0x0165,0x09a6,0x09c6,0x11e6,0x09e5,0x1248,0x1207,0x0a06,0x09e6,0x0166,
0x0145,0x01a7,0x0186,0x01c7,0x0208,0x0208,0x01c7,0x01c7,0x01a6,0x01a7,0x01a6,0x01a7,0x01a7,0x01c7,0x01a7,0x01c7,
0x01a7,0x01e8,0x01e7,0x0208,0x01e8,0x0208,0x01e7,0x01e8,0x01e7,0x01e8,0x01e7,0x01e8,0x01e8,0x0208,0x01e8,0x0208,
0x01e8,0x0208,0x01e7,0x0208,0x01e8,0x0208,0x01e8,0x0208,0x0208,0x0208,0x0208,0x0208,0x0208,0x0a28,0x0208,0x0228,
0x0228,0x0a29,0x0228,0x0a29,0x0228,0x0a29,0x0228,0x0a29,0x0228,0x0a29,0x0228,0x0a29,0x0228,0x0a29,0x0228,0x0a49,
0x0228,0x0a49,0x0228,0x0a49,0x0228,0x0a49,0x0228,0x0a49,0x0228,0x0a49,0x0228,0x0a49,0x0229,0x0a49,0x0228,0x0229,
0x0228,0x0a29,0x0228,0x0229,0x0228,0x0229,0x0228,0x0229,0x0228,0x0229,0x0228,0x0229,0x0228,0x0229,0x0228,0x0229,
0x0228,0x0229,0x0228,0x0229,0x0228,0x0a29,0x0228,0x0a29,0x0228,0x0a29,0x0228,0x0a29,0x0228,0x0a29,0x0228,0x0229,
0x0228,0x0a29,0x0208,0x0229,0x0208,0x0a29,0x0208,0x0229,0x0208,0x0229,0x0208,0x0228,0x0208,0x0229,0x0208,0x0228,
0x0208,0x0229,0x0208,0x0208,0x0208,0x0208,0x0208,0x0208,0x0208,0x0208,0x0208,0x0208,0x0208,0x0208,0x0208,0x0208,
0x01e8,0x0208,0x01e7,0x0208,0x01e8,0x0208,0x01e7,0x0208,0x01e8,0x0208,0x01e7,0x01e8,0x01e7,0x01e8,0x01e7,0x01e8,
0x01e7,0x01e8,0x01e7,0x01e8,0x01c7,0x01e8,0x01c7,0x01e8,0x01c7,0x01e8,0x01c7,0x01e8,0x01c7,0x01e8,0x01c7,0x01e8,
0x01c7,0x01e8,0x01c7,0x01c7,0x01c7,0x09c7,0x01c6,0x09c7,0x01c6,0x09c7,0x01a6,0x01a6,0x0186,0x01a7,0x01a7,0x01c7,
0x0186,0x0187,0x0166,0x0166,0x0166,0x0186,0x0166,0x0166,0x0146,0x0166,0x0165,0x0166,0x0166,0x0166,0x0983,0x2a22,
0x52a9,0x4a67,0x29a3,0x2162,0x4246,0x31e3,0x31c3,0x31e3,0x4244,0x3222,0x31e3,0x31e5,0x4227,0x4248,0x31e6,0x2143,
0x2143,0x2164,0x2984,0x10c2,0x00c3,0x0165,0x0985,0x0985,0x09c6,0x09c6,0x11e6,0x1228,0x1a48,0x09e6,0x11e6,0x09a6,
0x0986,0x0165,0x01a7,0x01a7,0x01e8,0x01c7,0x01c7,0x01a7,0x01a7,0x01a7,0x01c7,0x01a7,0x01c8,0x01a7,0x01c7,0x01c7,
0x01c8,0x01c7,0x01e8,0x01e8,0x01e8,0x01e8,0x01e8,0x01e8,0x01e8,0x01e8,0x01e8,0x01e8,0x0a08,0x01e8,0x0208,0x01e8,
0x0208,0x01e8,0x0208,0x01e8,0x0208,0x0208,0x0208,0x0208,0x0a08,0x0208,0x0a28,0x0208,0x0a29,0x0208,0x0a29,0x0228,
0x0a29,0x0228,0x0a29,0x0228,0x0a29,0x0228,0x0a29,0x0228,0x0a29,0x0228,0x0a29,0x0228,0x0a49,0x0a29,0x0a49,0x0229,
0x0a49,0x0a29,0x0a49,0x0228,0x0a49,0x0a29,0x0a49,0x0229,0x0a49,0x0a29,0x0a49,0x0229,0x0a49,0x0a29,0x0a49,0x0229,
0x0a49,0x0229,0x0a49,0x0229,0x0a29,0x0229,0x0a49,0x0229,0x0a29,0x0229,0x0229,0x0229,0x0a49,0x0229,0x0a29,0x0228,
0x0a29,0x0229,0x0229,0x0228,0x0a29,0x0229,0x0a29,0x0229,0x0a49,0x0229,0x0a29,0x0229,0x0a29,0x0229,0x0a49,0x0228,
0x0a29,0x0228,0x0a29,0x0228,0x0a29,0x0228,0x0a29,0x0228,0x0a29,0x0208,0x0a29,0x0208,0x0a29,0x0208,0x0a29,0x0208,
0x0a29,0x0208,0x0a29,0x0208,0x0a29,0x0208,0x0a29,0x0208,0x0a29,0x0208,0x0209,0x0208,0x0a09,0x0208,0x0208,0x0208,
0x0a08,0x0208,0x0208,0x0208,0x0a08,0x01e8,0x0208,0x01e8,0x0a08,0x01e8,0x01e8,0x01e8,0x09e8,0x01e8,0x01e8,0x01e8,
0x01e8,0x01e8,0x01e8,0x01e8,0x09e8,0x01e8,0x01e8,0x01e7,0x01e8,0x01e8,0x01e8,0x01e7,0x09e8,0x01c7,0x01e8,0x01c7,
0x01c7,0x01c7,0x09e7,0x09c7,0x09e7,0x01c7,0x09c7,0x01a6,0x09c7,0x01a6,0x01a7,0x0186,0x01a7,0x01a6,0x01a7,0x01a7,
0x01a7,0x0186,0x0187,0x0166,0x0166,0x0166,0x0166,0x0166,0x0166,0x0166,0x0186,0x0166,0x0166,0x0166,0x0165,0x21e3,
0x4226,0x4226,0x31e5,0x3a06,0x31e5,0x4205,0x5287,0x4a46,0x31e2,0x29a1,0x2181,0x31e4,0x31e6,0x31e6,0x2144,0x2164,
0x1943,0x2144,0x1923,0x10e1,0x0061,0x0104,0x0164,0x0985,0x0185,0x09c6,0x09e6,0x2248,0x1a49,0x11e6,0x11e6,0x11e7,
0x0185,0x0186,0x0186,0x01a7,0x01a7,0x01a7,0x01a7,0x01a7,0x01a6,0x01a7,0x01a7,0x01c7,0x01a7,0x01a7,0x01c7,0x01c7,
0x01a7,0x01c7,0x01e7,0x01e8,0x01e7,0x01e8,0x01e7,0x01e8,0x01e7,0x01e8,0x01e8,0x01e8,0x01e7,0x01e8,0x01e8,0x0208,
0x01e7,0x01e8,0x01e8,0x0208,0x01e8,0x0208,0x01e8,0x0208,0x0208,0x0208,0x0208,0x0208,0x0208,0x0228,0x0208,0x0a29,
0x0208,0x0228,0x0208,0x0a29,0x0228,0x0229,0x0228,0x0a29,0x0228,0x0a29,0x0228,0x0a29,0x0228,0x0a49,0x0228,0x0a49,
0x0228,0x0a49,0x0228,0x0a49,0x0228,0x0a49,0x0228,0x0a49,0x0228,0x0a49,0x0229,0x0a49,0x0228,0x0a49,0x0229,0x0a29,
0x0228,0x0229,0x0229,0x0a29,0x0228,0x0229,0x0228,0x0a29,0x0228,0x0229,0x0228,0x0a29,0x0228,0x0229,0x0228,0x0229,
0x0228,0x0229,0x0228,0x0229,0x0228,0x0a29,0x0228,0x0a29,0x0228,0x0229,0x0228,0x0a29,0x0228,0x0a29,0x0228,0x0a29,
0x0228,0x0a29,0x0208,0x0a29,0x0208,0x0229,0x0208,0x0229,0x0208,0x0228,0x0208,0x0229,0x0208,0x0228,0x0208,0x0229,
0x0208,0x0228,0x0208,0x0208,0x0208,0x0208,0x0208,0x0208,0x0208,0x0208,0x0208,0x0208,0x0208,0x0208,0x01e8,0x0208,
0x01e8,0x0208,0x01e8,0x0208,0x01e7,0x0208,0x01e8,0x0208,0x01e7,0x0208,0x01e7,0x01e8,0x01e7,0x01e8,0x01e7,0x01e8,
0x01e7,0x01e8,0x01c7,0x01e8,0x01e7,0x01e8,0x01c7,0x01e8,0x01c7,0x01e8,0x01e7,0x01e8,0x01c7,0x01e8,0x01c7,0x01c7,
0x0186,0x01a6,0x01a6,0x09c7,0x01c6,0x09c7,0x01a6,0x01c7,0x01a6,0x01a6,0x01a6,0x01a6,0x0186,0x01a6,0x0186,0x01a6,
0x0186,0x0186,0x0166,0x0186,0x0145,0x0146,0x0145,0x0146,0x0145,0x0166,0x0145,0x0166,0x0165,0x0166,0x0145,0x11a4,
0x31e4,0x31e4,0x3a06,0x39e6,0x4226,0x4a67,0x5268,0x4246,0x31c3,0x2181,0x2982,0x31c4,0x3a07,0x2164,0x2144,0x1923,
0x2144,0x1923,0x2164,0x10e2,0x0082,0x00e3,0x0985,0x0165,0x09a5,0x11e6,0x11e6,0x2a69,0x3acb,0x09e6,0x1207,0x11e6,
0x09c6,0x01a6,0x09a7,0x0187,0x01a7,0x01a7,0x01a7,0x01a7,0x01c7,0x01a7,0x01c7,0x01a7,0x01a7,0x01a7,0x01c8,0x01a7,
0x01c7,0x01c7,0x01e8,0x01e8,0x01e8,0x01e7,0x01e8,0x01e7,0x01e8,0x01e8,0x01e8,0x01e8,0x0208,0x01e8,0x0208,0x01e8,
0x0208,0x01e8,0x0208,0x01e8,0x0208,0x0208,0x0208,0x0208,0x0208,0x0208,0x0a29,0x0208,0x0209,0x0208,0x0a29,0x0228,
0x0a29,0x0228,0x0a29,0x0228,0x0a29,0x0228,0x0a29,0x0228,0x0a29,0x0228,0x0a49,0x0229,0x0a49,0x0228,0x0a49,0x0a29,
0x0a49,0x0228,0x0a49,0x0a29,0x0a49,0x0a29,0x0a49,0x0a29,0x0a49,0x0229,0x0a49,0x0a29,0x0a49,0x0229,0x0a49,0x0229,
0x0a49,0x0229,0x0a49,0x0229,0x0a49,0x0229,0x0a49,0x0229,0x0a49,0x0229,0x0a49,0x0229,0x0a49,0x0229,0x0a49,0x0229,
0x0a49,0x0229,0x0a29,0x0229,0x0a29,0x0228,0x0a29,0x0229,0x0a29,0x0228,0x0a29,0x0229,0x0a29,0x0228,0x0a29,0x0229,
0x0a29,0x0228,0x0a29,0x0228,0x0a29,0x0208,0x0a29,0x0208,0x0a29,0x0208,0x0a29,0x0208,0x0a29,0x0208,0x0a29,0x0208,
0x0a29,0x0208,0x0a29,0x0208,0x0a29,0x0208,0x0a29,0x0208,0x0a29,0x0208,0x0a09,0x0208,0x0209,0x0208,0x0a09,0x0208,
0x0208,0x0208,0x0a08,0x0208,0x0208,0x01e8,0x0a08,0x01e8,0x0208,0x01e8,0x0a08,0x01e8,0x01e8,0x01e7,0x01e8,0x01e8,
0x01e8,0x01e7,0x01e8,0x01e8,0x01e8,0x01e8,0x01e8,0x01e8,0x01e8,0x01e7,0x01e8,0x01e8,0x01e8,0x01c7,0x01c7,0x0186,
0x01a7,0x01a6,0x01a7,0x01c7,0x09e7,0x01c6,0x09e7,0x09c6,0x09e7,0x01a6,0x09c7,0x0186,0x01a7,0x01a6,0x09a7,0x01a6,
0x0186,0x0166,0x0166,0x0166,0x0166,0x0145,0x0166,0x0146,0x0166,0x0145,0x0166,0x0146,0x0166,0x0146,0x0166,0x0165,
0x29a1,0x31c4,0x31e5,0x3a06,0x3a26,0x4a67,0x4226,0x4a47,0x3a25,0x4245,0x3a24,0x29a2,0x29a3,0x1923,0x1923,0x1923,
0x1923,0x1944,0x1123,0x1923,0x00a1,0x0924,0x0185,0x0985,0x09a5,0x1206,0x09e5,0x2a48,0x3acb,0x11e6,0x11e6,0x11e6,
0x09e6,0x09c6,0x0185,0x0186,0x01a7,0x01a7,0x01a7,0x01a7,0x01a7,0x01c7,0x01a6,0x01a7,0x01a6,0x01a7,0x01a6,0x01a7,
0x01c7,0x01e8,0x01c7,0x01e8,0x01c7,0x01e8,0x01c7,0x01e8,0x01e7,0x01e8,0x01e7,0x01e8,0x01e8,0x01e8,0x01e7,0x01e8,
0x01e8,0x01e8,0x01e7,0x01e8,0x01e8,0x0208,0x01e8,0x0208,0x01e8,0x0208,0x0208,0x0208,0x0208,0x0208,0x0208,0x0228,
0x0208,0x0228,0x0208,0x0228,0x0228,0x0a29,0x0208,0x0a29,0x0228,0x0a29,0x0228,0x0a29,0x0228,0x0a29,0x0228,0x0a49,
0x0228,0x0a49,0x0228,0x0a29,0x0228,0x0a49,0x0228,0x0a49,0x0228,0x0a49,0x0228,0x0a29,0x0228,0x0a29,0x0228,0x0229,
0x0228,0x0229,0x0228,0x0229,0x0228,0x0229,0x0228,0x0229,0x0229,0x0a29,0x0228,0x0229,0x0228,0x0a29,0x0228,0x0a29,
0x0228,0x0a29,0x0228,0x0a29,0x0228,0x0a29,0x0208,0x0229,0x0208,0x0a29,0x0208,0x0229,0x0208,0x0229,0x0208,0x0229,
0x0228,0x0a29,0x0208,0x0229,0x0208,0x0229,0x0208,0x0228,0x0208,0x0229,0x0208,0x0228,0x0208,0x0229,0x0208,0x0228,
0x0208,0x0229,0x0208,0x0208,0x0208,0x0a09,0x0208,0x0208,0x0208,0x0208,0x0208,0x0208,0x0208,0x0208,0x01e8,0x0208,
0x01e8,0x0208,0x01e8,0x0208,0x01e8,0x0208,0x01e7,0x0208,0x01e8,0x01e8,0x01e7,0x01e8,0x01e7,0x01e8,0x01e7,0x01e8,
0x01c7,0x01e8,0x01c7,0x01e8,0x01c7,0x01e8,0x01e7,0x01e8,0x01c7,0x01e8,0x01c7,0x01e8,0x01c7,0x01c7,0x0186,0x0186,
0x0186,0x01c7,0x01a6,0x09c7,0x01c6,0x09e7,0x01e6,0x09e7,0x01c6,0x09e7,0x01c6,0x09c7,0x01a6,0x09e7,0x01a6,0x01a6,
0x0186,0x0166,0x0145,0x0166,0x0166,0x0146,0x0145,0x0166,0x0145,0x0146,0x0145,0x0146,0x0145,0x0146,0x0145,0x0166,
0x29c3,0x3204,0x3a25,0x3a05,0x4226,0x4226,0x4a47,0x4247,0x39e5,0x3a05,0x4a66,0x31c3,0x2142,0x10e2,0x1924,0x1923,
0x2144,0x1943,0x1943,0x1943,0x10e3,0x0944,0x09a6,0x0165,0x09a6,0x11c6,0x1206,0x1a07,0x2a69,0x09e6,0x1207,0x09e6,
0x1207,0x11e6,0x09a6,0x0186,0x01a7,0x01a7,0x01a7,0x01a7,0x01a7,0x01a7,0x01c7,0x01a7,0x01a7,0x01a7,0x01c7,0x01c7,
0x01e8,0x01e8,0x01e8,0x01e7,0x01e8,0x01e7,0x01e8,0x01e7,0x01e8,0x01e8,0x01e8,0x01e8,0x01e8,0x01e8,0x01e8,0x01e8,
0x0208,0x01e8,0x0208,0x01e8,0x0208,0x01e8,0x0208,0x01e8,0x0208,0x01e8,0x0208,0x0208,0x0a09,0x0208,0x0a29,0x0208,
0x0a29,0x0208,0x0a29,0x0228,0x0a29,0x0228,0x0a29,0x0228,0x0a29,0x0228,0x0a29,0x0228,0x0a29,0x0228,0x0a29,0x0228,
0x0a49,0x0229,0x0a49,0x0228,0x0a49,0x0229,0x0a49,0x0228,0x0a49,0x0a29,0x0a29,0x0228,0x0a29,0x0229,0x0a29,0x0229,
0x0a29,0x0229,0x0a29,0x0229,0x0a29,0x0229,0x0a29,0x0229,0x0a29,0x0229,0x0a29,0x0229,0x0a49,0x0229,0x0a49,0x0228,
0x0a29,0x0229,0x0a49,0x0229,0x0a29,0x0229,0x0a29,0x0228,0x0a29,0x0229,0x0a29,0x0208,0x0a29,0x0228,0x0a29,0x0228,
0x0a29,0x0228,0x0a29,0x0228,0x0a29,0x0208,0x0a29,0x0208,0x0a29,0x0208,0x0a29,0x0208,0x0a29,0x0208,0x0a29,0x0208,
0x0a29,0x0208,0x0a29,0x0208,0x0a29,0x0208,0x0a29,0x0208,0x0a29,0x0208,0x0a29,0x0208,0x0a09,0x0208,0x0208,0x0208,
0x0a09,0x0208,0x0208,0x0208,0x0a08,0x01e8,0x0208,0x01e8,0x0a08,0x01e8,0x0208,0x01e7,0x01e8,0x01e8,0x01e8,0x01e8,
0x09e8,0x01e8,0x01e8,0x01e7,0x01e8,0x01e8,0x01e8,0x01e7,0x01e8,0x01e8,0x01e8,0x01e7,0x01e8,0x01a7,0x09c7,0x01c7,
0x09c7,0x01a6,0x09e7,0x01c6,0x09c7,0x09e7,0x09e7,0x09c7,0x09e7,0x09e7,0x09e7,0x09c7,0x09e7,0x09c7,0x09c7,0x01a6,
0x0186,0x0166,0x0166,0x0166,0x0166,0x0146,0x0166,0x0146,0x0166,0x0146,0x0166,0x0145,0x0166,0x0146,0x0166,0x0146,
0x2163,0x29a3,0x29a3,0x3205,0x31e5,0x3a06,0x4226,0x3a06,0x3a06,0x4a68,0x4226,0x2144,0x08a1,0x1103,0x1903,0x1923,
0x1923,0x1923,0x1923,0x1922,0x08e2,0x1185,0x0185,0x0965,0x0165,0x09a5,0x09a5,0x11e7,0x09c6,0x09e6,0x09e6,0x11e7,
0x09c6,0x01a5,0x01a6,0x0986,0x0186,0x01a7,0x0186,0x01a7,0x01c7,0x01c7,0x01a7,0x01a7,0x01a6,0x01c7,0x01c7,0x01e8,
0x01e7,0x01e8,0x01c7,0x01e8,0x01c7,0x01e8,0x01c7,0x01e8,0x01e7,0x01e8,0x01e7,0x01e8,0x01e7,0x01e8,0x01e7,0x01e8,
0x01e7,0x01e8,0x01e8,0x0208,0x01e7,0x0208,0x01e8,0x0208,0x01e7,0x0208,0x01e8,0x0208,0x0208,0x0228,0x0208,0x0228,
0x0208,0x0228,0x0208,0x0a29,0x0208,0x0228,0x0208,0x0a29,0x0208,0x0a28,0x0228,0x0a29,0x0228,0x0229,0x0228,0x0a29,
0x0228,0x0a29,0x0228,0x0a29,0x0228,0x0229,0x0228,0x0a29,0x0228,0x0a29,0x0228,0x0a29,0x0228,0x0a29,0x0228,0x0a29,
0x0228,0x0229,0x0228,0x0229,0x0228,0x0229,0x0228,0x0229,0x0228,0x0229,0x0228,0x0229,0x0228,0x0229,0x0229,0x0a29,
0x0228,0x0a29,0x0228,0x0a49,0x0228,0x0a29,0x0228,0x0a29,0x0208,0x0229,0x0208,0x0229,0x0208,0x0229,0x0208,0x0229,
0x0208,0x0229,0x0208,0x0a29,0x0208,0x0228,0x0208,0x0229,0x0208,0x0228,0x0208,0x0229,0x0208,0x0229,0x0208,0x0229,
0x0208,0x0228,0x0208,0x0228,0x0208,0x0208,0x0208,0x0208,0x0208,0x0208,0x0208,0x0208,0x0208,0x0208,0x0208,0x0208,
0x0208,0x0208,0x01e8,0x0208,0x01e7,0x0208,0x01e8,0x0208,0x01e7,0x0208,0x01e7,0x01e8,0x01e7,0x01e8,0x01e7,0x01e8,
0x01e7,0x01e8,0x01c7,0x01e8,0x01c7,0x01e8,0x01c7,0x01e8,0x01c7,0x01e8,0x01c7,0x01e8,0x01c7,0x01c7,0x01a7,0x01c7,
0x01c6,0x09c7,0x01a6,0x09c7,0x01c6,0x09c7,0x01c6,0x09e7,0x01c6,0x09c7,0x01c6,0x09e7,0x01c6,0x09c6,0x01a6,0x01a6,
0x0165,0x0166,0x0166,0x0166,0x0145,0x0166,0x0146,0x0166,0x0145,0x0146,0x0145,0x0146,0x0145,0x0146,0x0145,0x0146,
0x29a4,0x2183,0x2984,0x3a05,0x4227,0x3a25,0x31e3,0x29c2,0x4246,0x3a07,0x2144,0x1903,0x10e2,0x1103,0x1924,0x1924,
0x1923,0x1923,0x1923,0x10e2,0x08c2,0x21c6,0x1185,0x0165,0x0985,0x0185,0x09a6,0x09c6,0x09c6,0x09a5,0x11c6,0x09e6,
0x11e6,0x09a6,0x09a6,0x0165,0x0186,0x01a7,0x01a7,0x01a7,0x01e8,0x01c7,0x01c8,0x01a7,0x01c7,0x01c7,0x01e8,0x01e7,
0x01e8,0x01e7,0x01e8,0x01e7,0x01e8,0x01e8,0x01e8,0x01e8,0x01e8,0x01e8,0x0208,0x01e8,0x0208,0x01e8,0x0208,0x01e8,
0x0208,0x01e8,0x0208,0x01e8,0x0208,0x01e8,0x0208,0x01e8,0x0208,0x0208,0x0209,0x0208,0x0229,0x0208,0x0a29,0x0208,
0x0229,0x0228,0x0a29,0x0228,0x0a29,0x0228,0x0a29,0x0228,0x0a29,0x0228,0x0a29,0x0228,0x0a29,0x0228,0x0a29,0x0228,
0x0a29,0x0228,0x0a29,0x0229,0x0a29,0x0228,0x0a29,0x0229,0x0a29,0x0228,0x0a29,0x0229,0x0a29,0x0228,0x0a29,0x0229,
0x0a49,0x0229,0x0a49,0x0229,0x0a29,0x0229,0x0a29,0x0229,0x0a29,0x0229,0x0a29,0x0229,0x0a29,0x0229,0x0a49,0x0229,
0x0a49,0x0228,0x0a49,0x0a29,0x0a49,0x0228,0x0a29,0x0229,0x0a29,0x0228,0x0a29,0x0208,0x0229,0x0208,0x0a29,0x0208,
0x0229,0x0208,0x0a29,0x0229,0x0a29,0x0208,0x0a29,0x0208,0x0a29,0x0208,0x0a29,0x0208,0x0a29,0x0208,0x0a29,0x0208,
0x0a29,0x0208,0x0a29,0x0208,0x0a29,0x0208,0x0a29,0x0208,0x0a29,0x0208,0x0a28,0x0208,0x0208,0x0208,0x0a08,0x0208,
0x0208,0x0208,0x0a08,0x0208,0x0208,0x01e8,0x0a08,0x01e8,0x0208,0x01e8,0x0a08,0x01e8,0x01e8,0x01e7,0x09e8,0x01e8,
0x01e8,0x01e7,0x01e8,0x01e7,0x01e8,0x01e7,0x01e8,0x01e7,0x01e8,0x01e7,0x01e8,0x01a7,0x01c7,0x01c7,0x09c7,0x01c7,
0x09c7,0x01a6,0x09c7,0x01a6,0x09c7,0x01c6,0x09c7,0x09c7,0x09e7,0x01c6,0x09e7,0x09c6,0x09e7,0x01a6,0x09c7,0x01a6,
0x0186,0x0166,0x0166,0x0166,0x0166,0x0146,0x0166,0x0146,0x0166,0x0146,0x0166,0x0145,0x0146,0x0145,0x0146,0x0146,
0x2a02,0x29e2,0x29c2,0x29a3,0x31c4,0x3203,0x2181,0x31c4,0x2984,0x2985,0x2143,0x1903,0x1101,0x1923,0x1923,0x2164,
0x1103,0x10c2,0x08c2,0x08a1,0x1103,0x2a07,0x0964,0x0985,0x0185,0x09a5,0x01a5,0x09c6,0x09a5,0x09c6,0x01a5,0x09c6,
0x09e6,0x11e7,0x0185,0x0165,0x0165,0x01a7,0x0186,0x01a7,0x01a7,0x01a7,0x01a6,0x01a7,0x01c7,0x01e7,0x01c7,0x01e7,
0x01e7,0x01e8,0x01c7,0x01e8,0x01e7,0x01e8,0x01e7,0x01e8,0x01e7,0x01e8,0x01e7,0x0208,0x01e8,0x0208,0x01e7,0x0208,
0x01e8,0x0208,0x01e7,0x0208,0x01e8,0x0208,0x01e7,0x0208,0x01e8,0x0208,0x0208,0x0208,0x0208,0x0208,0x0208,0x0228,
0x0208,0x0a29,0x0208,0x0228,0x0208,0x0228,0x0208,0x0228,0x0228,0x0a29,0x0228,0x0a29,0x0208,0x0a29,0x0208,0x0229,
0x0208,0x0a29,0x0228,0x0229,0x0228,0x0a29,0x0228,0x0229,0x0228,0x0a29,0x0228,0x0a29,0x0228,0x0a29,0x0228,0x0a29,
0x0228,0x0a29,0x0228,0x0229,0x0228,0x0229,0x0228,0x0a29,0x0228,0x0229,0x0228,0x0229,0x0229,0x0229,0x0228,0x0a29,
0x0228,0x0a29,0x0228,0x0a29,0x0228,0x0a29,0x0228,0x0229,0x0228,0x0a29,0x0208,0x0229,0x0208,0x0229,0x0208,0x0229,
0x0208,0x0229,0x0208,0x0229,0x0208,0x0229,0x0208,0x0228,0x0208,0x0229,0x0208,0x0228,0x0208,0x0229,0x0208,0x0228,
0x0208,0x0229,0x0208,0x0228,0x0208,0x0208,0x0208,0x0208,0x0208,0x0208,0x0208,0x0208,0x0208,0x0208,0x0208,0x0208,
0x01e8,0x0208,0x01e8,0x0208,0x01e8,0x0208,0x01e7,0x0208,0x01e7,0x01e8,0x01e7,0x01e8,0x01e7,0x01e8,0x01e7,0x01e8,
0x01e7,0x01e8,0x01e7,0x01e8,0x01e7,0x01e8,0x01c7,0x01e8,0x01e7,0x01e8,0x01a7,0x0186,0x01a7,0x01c7,0x01a6,0x01c7,
0x01a6,0x01c7,0x01a6,0x01c7,0x01c6,0x09c7,0x01a6,0x01a6,0x01a6,0x09c7,0x01c6,0x09e7,0x01c6,0x01a6,0x0186,0x01a6,
0x0186,0x0186,0x0166,0x0166,0x0146,0x0166,0x0145,0x0166,0x0145,0x0146,0x0145,0x0146,0x0145,0x0146,0x0145,0x0146,
0x3203,0x2a02,0x3202,0x21a1,0x29e2,0x29e2,0x2163,0x1903,0x18e3,0x2984,0x31e5,0x1102,0x1922,0x1923,0x2144,0x1923,
0x10e3,0x08a1,0x0881,0x0061,0x1125,0x11a6,0x11a5,0x09a5,0x11a6,0x09a5,0x11e7,0x09e6,0x11e7,0x09e6,0x09e6,0x09c5,
0x11e7,0x09c6,0x09a6,0x0165,0x0186,0x01a7,0x01a7,0x01a7,0x01a7,0x0186,0x01a7,0x01a6,0x01c7,0x01e7,0x01e8,0x01e7,
0x01e8,0x01e7,0x01e8,0x01e7,0x01e8,0x01e8,0x01e8,0x01e8,0x09e8,0x01e8,0x0208,0x01e8,0x0208,0x01e8,0x0208,0x01e8,
0x0a08,0x01e8,0x0208,0x01e8,0x0a08,0x01e8,0x0208,0x0208,0x0208,0x0208,0x0208,0x0208,0x0a08,0x0208,0x0229,0x0208,
0x0a29,0x0228,0x0a29,0x0228,0x0a29,0x0228,0x0a29,0x0228,0x0a29,0x0228,0x0a29,0x0228,0x0a29,0x0229,0x0a29,0x0228,
0x0a29,0x0229,0x0a29,0x0228,0x0a29,0x0229,0x0a29,0x0228,0x0a29,0x0229,0x0a49,0x0229,0x0a29,0x0229,0x0a49,0x0229,
0x0a49,0x0229,0x0a29,0x0229,0x0a49,0x0229,0x0a49,0x0229,0x0a29,0x0229,0x0a29,0x0229,0x0a29,0x0229,0x0a29,0x0228,
0x0a29,0x0229,0x0a29,0x0229,0x0a49,0x0229,0x0a29,0x0229,0x0a29,0x0229,0x0a29,0x0228,0x0a29,0x0229,0x0a29,0x0228,
0x0a29,0x0208,0x0229,0x0208,0x0a29,0x0208,0x0a29,0x0208,0x0a29,0x0208,0x0a29,0x0208,0x0a29,0x0208,0x0a29,0x0208,
0x0a29,0x0208,0x0a29,0x0208,0x0a29,0x0208,0x0a28,0x0208,0x0a29,0x0208,0x0208,0x0208,0x0a08,0x0208,0x0208,0x0208,
0x0208,0x01e8,0x0208,0x0208,0x0a08,0x01e8,0x0208,0x01e8,0x0a08,0x01e8,0x0208,0x01e8,0x01e8,0x01e7,0x01e8,0x01e7,
0x01e8,0x01e8,0x01e8,0x01e7,0x01e8,0x01e8,0x01e8,0x01e7,0x01e8,0x01c7,0x01a7,0x0186,0x01c7,0x01c7,0x09c7,0x01c7,
0x09c7,0x01a7,0x09c7,0x01c7,0x09c7,0x01c6,0x01c7,0x01a6,0x09c7,0x01a6,0x01c7,0x01a6,0x09c7,0x01a6,0x0186,0x0186,
0x0187,0x0166,0x0166,0x0146,0x0166,0x0146,0x0166,0x0146,0x0166,0x0146,0x0166,0x0146,0x0166,0x0146,0x0166,0x0145,
0x1102,0x1943,0x29c3,0x3a44,0x29c3,0x2162,0x10e2,0x10e3,0x10e2,0x1923,0x1102,0x1923,0x1923,0x1923,0x1103,0x1903,
0x10e2,0x0081,0x0060,0x0082,0x00c3,0x0145,0x11a5,0x0985,0x0985,0x11e6,0x0a06,0x1207,0x09e6,0x09e6,0x09c6,0x09c6,
0x09c6,0x0165,0x0165,0x0165,0x0165,0x01a7,0x01a7,0x01a7,0x0186,0x0186,0x0186,0x01c7,0x01c7,0x01e7,0x01c7,0x01e8,
0x01c7,0x01e8,0x01e7,0x01e8,0x01e7,0x01e8,0x01e7,0x01e8,0x01e7,0x01e8,0x01e7,0x0208,0x01e7,0x0208,0x01e8,0x0208,
0x01e7,0x0208,0x01e8,0x0208,0x01e7,0x0208,0x01e8,0x0208,0x01e8,0x0208,0x01e8,0x0208,0x0208,0x0208,0x0208,0x0228,
0x0208,0x0228,0x0208,0x0228,0x0208,0x0228,0x0208,0x0a29,0x0208,0x0228,0x0208,0x0a29,0x0228,0x0229,0x0208,0x0229,
0x0208,0x0229,0x0228,0x0a29,0x0228,0x0a29,0x0228,0x0a29,0x0228,0x0a29,0x0228,0x0a29,0x0228,0x0229,0x0228,0x0a29,
0x0228,0x0a29,0x0228,0x0a29,0x0228,0x0a29,0x0228,0x0a29,0x0228,0x0229,0x0228,0x0229,0x0228,0x0229,0x0228,0x0229,
0x0208,0x0229,0x0208,0x0a29,0x0228,0x0229,0x0208,0x0a29,0x0208,0x0229,0x0208,0x0a29,0x0228,0x0229,0x0208,0x0a29,
0x0208,0x0229,0x0208,0x0229,0x0208,0x0228,0x0208,0x0229,0x0208,0x0228,0x0208,0x0208,0x0208,0x0208,0x0208,0x0229,
0x0208,0x0228,0x0208,0x0228,0x0208,0x0208,0x0208,0x0208,0x0208,0x0208,0x0208,0x0208,0x0208,0x0208,0x01e8,0x0208,
0x01e7,0x0208,0x01e8,0x0208,0x01e7,0x0208,0x01e7,0x01e8,0x01e7,0x01e8,0x01e7,0x01e8,0x01e7,0x01e8,0x01e7,0x01e8,
0x01e7,0x01e8,0x01e7,0x01e8,0x01e7,0x01e8,0x01e7,0x01e8,0x01c7,0x01c7,0x01a7,0x0187,0x0186,0x01a7,0x01a6,0x01c7,
0x01a6,0x01a7,0x01a6,0x01c7,0x01a6,0x01c7,0x01a6,0x01c7,0x01a6,0x01c6,0x01a6,0x01a6,0x0186,0x01a6,0x0186,0x0186,
0x0166,0x0166,0x0146,0x0166,0x0145,0x0166,0x0145,0x0166,0x0145,0x0146,0x0145,0x0146,0x0145,0x0146,0x0145,0x0146,
0x1103,0x1103,0x29a5,0x29c5,0x2164,0x1103,0x1923,0x29a3,0x2163,0x10e2,0x10e2,0x1924,0x1944,0x1103,0x1944,0x1103,
0x1903,0x08a1,0x0881,0x0082,0x0104,0x0144,0x09a5,0x0985,0x11e6,0x1206,0x1a27,0x09e6,0x09c6,0x09e6,0x09c6,0x09c6,
0x09c6,0x0145,0x0166,0x0165,0x0186,0x01a7,0x01a7,0x01a7,0x01a7,0x01a6,0x01c7,0x01c7,0x01e8,0x01e7,0x01e8,0x01e7,
0x01e8,0x01e7,0x01e8,0x01e8,0x01e8,0x01e7,0x01e8,0x01e7,0x01e8,0x01e7,0x0a08,0x01e8,0x0208,0x01e8,0x0a08,0x01e8,
0x0208,0x01e8,0x0a08,0x0208,0x0208,0x01e8,0x0a08,0x0208,0x0228,0x0208,0x0a08,0x0208,0x0a28,0x0208,0x0a29,0x0208,
0x0a29,0x0208,0x0a29,0x0208,0x0a29,0x0228,0x0a29,0x0228,0x0a29,0x0228,0x0a29,0x0228,0x0a29,0x0228,0x0a29,0x0228,
0x0a29,0x0228,0x0a29,0x0228,0x0a29,0x0228,0x0a29,0x0229,0x0a29,0x0228,0x0a29,0x0229,0x0a29,0x0228,0x0a29,0x0229,
0x0a49,0x0228,0x0a29,0x0229,0x0a29,0x0228,0x0a29,0x0229,0x0a49,0x0229,0x0a29,0x0229,0x0229,0x0228,0x0a29,0x0229,
0x0a29,0x0228,0x0a29,0x0229,0x0a29,0x0228,0x0a29,0x0229,0x0a29,0x0229,0x0a29,0x0229,0x0a29,0x0228,0x0a29,0x0229,
0x0a29,0x0208,0x0a29,0x0208,0x0229,0x0208,0x0a29,0x0208,0x0a29,0x0208,0x0a29,0x0208,0x0229,0x0208,0x0a29,0x0208,
0x0a29,0x0208,0x0a29,0x0208,0x0228,0x0208,0x0a29,0x0208,0x0a28,0x0208,0x0a29,0x0208,0x0208,0x0208,0x0a08,0x0208,
0x0208,0x01e8,0x0a08,0x01e8,0x0208,0x01e8,0x0a08,0x01e8,0x0208,0x01e8,0x01e8,0x01e8,0x01e8,0x01e7,0x01e8,0x01e8,
0x01e8,0x01e7,0x01e8,0x01e8,0x01e8,0x01e7,0x01e8,0x01c7,0x01e8,0x01c7,0x01a7,0x0187,0x01a7,0x0186,0x01a7,0x01a6,
0x01c7,0x01c7,0x09c7,0x01a6,0x01a7,0x01a6,0x09c7,0x01a6,0x01c7,0x01a6,0x09c7,0x01a6,0x01a6,0x0186,0x09a7,0x0186,
0x0186,0x0166,0x0166,0x0166,0x0166,0x0146,0x0166,0x0146,0x0166,0x0146,0x0166,0x0146,0x0166,0x0145,0x0146,0x0145,
0x10e2,0x10e3,0x1103,0x2144,0x1943,0x21a2,0x3242,0x42a3,0x29c2,0x10e2,0x10e2,0x1944,0x1123,0x1102,0x1102,0x10e2,
0x1102,0x10e2,0x0061,0x00c3,0x0104,0x0124,0x0164,0x09c6,0x09a5,0x09c5,0x1227,0x09c6,0x09c6,0x09e6,0x01a5,0x0165,
0x0145,0x0145,0x0145,0x0165,0x0186,0x01c7,0x0186,0x01a7,0x01a7,0x01c7,0x01c7,0x01c7,0x01c7,0x01e8,0x01c7,0x01e8,
0x01c7,0x01e8,0x01c7,0x01e8,0x01e7,0x01e8,0x01e7,0x01e8,0x01e7,0x01e8,0x01e7,0x0208,0x01e8,0x0208,0x01e7,0x0208,
0x01e8,0x0208,0x01e7,0x0208,0x01e8,0x0208,0x0208,0x0208,0x0208,0x0208,0x0208,0x0208,0x0208,0x0208,0x0208,0x0228,
0x0208,0x0228,0x0208,0x0228,0x0208,0x0228,0x0208,0x0228,0x0208,0x0228,0x0208,0x0228,0x0228,0x0229,0x0208,0x0229,
0x0208,0x0229,0x0228,0x0229,0x0228,0x0a29,0x0228,0x0a29,0x0228,0x0a29,0x0228,0x0a29,0x0228,0x0a29,0x0228,0x0a29,
0x0228,0x0a29,0x0228,0x0a29,0x0228,0x0a29,0x0228,0x0a49,0x0229,0x0a49,0x0228,0x0229,0x0228,0x0229,0x0228,0x0229,
0x0208,0x0a29,0x0208,0x0229,0x0208,0x0a29,0x0228,0x0a29,0x0228,0x0a29,0x0228,0x0a29,0x0228,0x0a29,0x0228,0x0229,
0x0208,0x0229,0x0208,0x0229,0x0208,0x0229,0x0208,0x0228,0x0208,0x0229,0x0208,0x0228,0x0208,0x0229,0x0208,0x0228,
0x0208,0x0229,0x0208,0x0228,0x0208,0x0208,0x0208,0x0208,0x0208,0x0208,0x0208,0x0208,0x0208,0x0208,0x01e8,0x0208,
0x01e8,0x0208,0x01e7,0x0208,0x01e8,0x0208,0x01e7,0x0208,0x01e8,0x01e8,0x01e7,0x01e8,0x01e7,0x01e8,0x01e7,0x01e8,
0x01e7,0x01e8,0x01e7,0x01e8,0x01e7,0x01e8,0x01c7,0x01e8,0x01c7,0x01c7,0x0186,0x01a7,0x01a6,0x01a7,0x0186,0x0186,
0x01a6,0x01c7,0x01a6,0x01c7,0x01a6,0x01a7,0x0186,0x01a7,0x01a6,0x01a6,0x01a6,0x01a6,0x0186,0x0186,0x0186,0x0186,
0x0145,0x0166,0x0145,0x0166,0x0146,0x0166,0x0145,0x0166,0x0145,0x0166,0x0145,0x0146,0x0145,0x0146,0x0145,0x0146,
0x1922,0x1102,0x10e2,0x29a2,0x42c3,0x3282,0x3aa2,0x32a2,0x3222,0x10c2,0x18e3,0x1102,0x1923,0x1102,0x1122,0x1101,
0x1902,0x08a1,0x08c2,0x00c3,0x00e4,0x0104,0x0985,0x09a5,0x11c6,0x09a5,0x09c6,0x09c6,0x11e6,0x09c6,0x0985,0x0165,
0x0166,0x0145,0x0166,0x0145,0x01a7,0x01a7,0x01a7,0x01a6,0x01c7,0x01c7,0x01e8,0x01c7,0x01e8,0x01e7,0x01e8,0x01e7,
0x01e8,0x01e7,0x01e8,0x01e7,0x01e8,0x01e7,0x01e8,0x01e7,0x0a08,0x01e8,0x0208,0x01e8,0x0a08,0x01e8,0x0208,0x01e8,
0x0a08,0x01e8,0x0208,0x01e8,0x0a08,0x0208,0x0a08,0x0208,0x0a28,0x0208,0x0a28,0x0208,0x0a29,0x0208,0x0228,0x0208,
0x0a29,0x0208,0x0229,0x0208,0x0a29,0x0208,0x0a29,0x0208,0x0a29,0x0208,0x0a29,0x0228,0x0a29,0x0228,0x0a29,0x0228,
0x0a29,0x0228,0x0a29,0x0228,0x0a29,0x0229,0x0a29,0x0228,0x0a29,0x0229,0x0a49,0x0228,0x0a29,0x0229,0x0a49,0x0229,
0x0a29,0x0229,0x0a49,0x0229,0x0a49,0x0229,0x0a49,0x0229,0x0a49,0x0229,0x0a49,0x0229,0x0a49,0x0229,0x0a29,0x0228,
0x0a29,0x0229,0x0a29,0x0229,0x0a49,0x0229,0x0a29,0x0229,0x0a29,0x0229,0x0a29,0x0229,0x0a29,0x0229,0x0a29,0x0228,
0x0a29,0x0228,0x0a29,0x0228,0x0a29,0x0208,0x0a29,0x0208,0x0a29,0x0228,0x0a29,0x0208,0x0a29,0x0208,0x0a29,0x0208,
0x0a29,0x0208,0x0229,0x0208,0x0a29,0x0208,0x0228,0x0208,0x0a29,0x0208,0x0228,0x0208,0x0a08,0x0208,0x0208,0x0208,
0x0a08,0x0208,0x0208,0x01e8,0x0a08,0x01e8,0x0208,0x01e8,0x0a08,0x01e8,0x0208,0x01e7,0x01e8,0x01e8,0x01e8,0x01e7,
0x01e8,0x01e8,0x01e8,0x01e7,0x01e8,0x01e7,0x01e8,0x01e7,0x01e8,0x01c7,0x01a7,0x0186,0x01a7,0x0186,0x01a7,0x0186,
0x01a7,0x01a6,0x01a7,0x01a7,0x09c7,0x01a7,0x01a7,0x01a6,0x01a7,0x0186,0x01a7,0x0166,0x0186,0x0166,0x0166,0x0166,
0x0187,0x0166,0x0166,0x0166,0x0166,0x0146,0x0166,0x0166,0x0166,0x0146,0x0166,0x0145,0x0146,0x0145,0x0165,0x0145,
0x0900,0x08c1,0x08c1,0x3a83,0x42e2,0x42c3,0x3aa2,0x42c2,0x3aa1,0x1963,0x10c2,0x1902,0x1102,0x1102,0x10e2,0x10e1,
0x08c1,0x0082,0x00e3,0x00c3,0x00c3,0x0124,0x0985,0x09a5,0x09a5,0x09a6,0x0185,0x09a6,0x01a5,0x0185,0x0144,0x0166,
0x0144,0x0145,0x0145,0x0146,0x0186,0x01a7,0x0186,0x01c7,0x01c7,0x01e7,0x01c7,0x01e7,0x01c7,0x01e7,0x01c7,0x01e8,
0x01c7,0x01e8,0x01c7,0x01e8,0x01e7,0x01e8,0x01e7,0x01e8,0x01e7,0x01e8,0x01e7,0x01e8,0x01e7,0x01e8,0x01e7,0x0208,
0x01e7,0x0208,0x01e8,0x0208,0x0208,0x0208,0x0208,0x0208,0x0208,0x0208,0x0208,0x0208,0x0208,0x0208,0x0208,0x0208,
0x0208,0x0208,0x0208,0x0228,0x0208,0x0208,0x0208,0x0208,0x0208,0x0228,0x0208,0x0a29,0x0208,0x0228,0x0208,0x0229,
0x0208,0x0229,0x0208,0x0229,0x0228,0x0229,0x0228,0x0a29,0x0228,0x0a29,0x0228,0x0a29,0x0228,0x0a29,0x0228,0x0a29,
0x0228,0x0a29,0x0228,0x0a29,0x0228,0x0a29,0x0228,0x0a29,0x0228,0x0a29,0x0228,0x0a49,0x0228,0x0a29,0x0228,0x0a29,
0x0228,0x0229,0x0228,0x0a49,0x0228,0x0a29,0x0228,0x0a29,0x0228,0x0229,0x0228,0x0a29,0x0228,0x0229,0x0228,0x0a29,
0x0228,0x0229,0x0208,0x0a29,0x0208,0x0228,0x0208,0x0229,0x0208,0x0229,0x0208,0x0229,0x0208,0x0228,0x0208,0x0228,
0x0208,0x0208,0x0208,0x0208,0x0208,0x0208,0x0208,0x0208,0x0208,0x0208,0x0208,0x0208,0x0208,0x0208,0x0208,0x0208,
0x01e8,0x0208,0x01e8,0x0208,0x01e7,0x01e8,0x01e8,0x0208,0x01e7,0x01e8,0x01e7,0x01e8,0x01e7,0x01e8,0x01c7,0x01e8,
0x01e7,0x01e8,0x01e7,0x01e8,0x01c7,0x01e8,0x01c7,0x01e8,0x01c7,0x01c7,0x0186,0x0186,0x0186,0x0187,0x0186,0x01a7,
0x01a6,0x01a7,0x01a6,0x01a7,0x01a7,0x01a6,0x09e5,0x2224,0x1a03,0x2224,0x1a04,0x1a04,0x11e3,0x11e5,0x0985,0x0185,
0x0165,0x0146,0x0145,0x0187,0x0166,0x0166,0x0146,0x0166,0x0165,0x0166,0x0145,0x0145,0x0145,0x0165,0x0145,0x0165,
0x21e2,0x1961,0x1102,0x3aa3,0x42c2,0x42c2,0x42c3,0x4ae3,0x4b03,0x1942,0x1103,0x10e2,0x10e3,0x08c2,0x10c2,0x10c2,
0x0081,0x00e4,0x00e4,0x00a3,0x00e4,0x0944,0x11c6,0x09a5,0x09c7,0x09c6,0x09a6,0x09a5,0x0185,0x0144,0x0165,0x0165,
0x0165,0x0145,0x0146,0x0145,0x01a7,0x01a6,0x01a7,0x01a7,0x01e8,0x01e7,0x01e8,0x01e7,0x01e8,0x01e7,0x01e8,0x01e7,
0x01e8,0x01e7,0x01e8,0x01e7,0x01e8,0x01e7,0x09e8,0x01e8,0x01e8,0x01e7,0x09e8,0x01e8,0x01e8,0x01e7,0x0a08,0x01e8,
0x0a08,0x0208,0x0a08,0x0208,0x0a08,0x0208,0x0a29,0x0208,0x0a28,0x0208,0x0a29,0x0208,0x0228,0x0208,0x0a29,0x0208,
0x0a28,0x0208,0x0a29,0x0208,0x0228,0x0208,0x0a29,0x0208,0x0a29,0x0208,0x0a29,0x0228,0x0a29,0x0228,0x0a29,0x0228,
0x0a29,0x0228,0x0a29,0x0229,0x0a29,0x0228,0x0a29,0x0229,0x0a29,0x0228,0x0a29,0x0229,0x0a49,0x0229,0x0a49,0x0229,
0x0a49,0x0229,0x0a49,0x0229,0x0a29,0x0228,0x0a29,0x0229,0x0a49,0x0229,0x0a49,0x0229,0x0a49,0x0229,0x0a49,0x0229,
0x0a29,0x0229,0x0a49,0x0229,0x0a49,0x0229,0x0a29,0x0229,0x0a29,0x0228,0x0a29,0x0228,0x0a29,0x0228,0x0a29,0x0228,
0x0a29,0x0228,0x0a29,0x0228,0x0a29,0x0208,0x0a29,0x0208,0x0a29,0x0208,0x0a29,0x0208,0x0a29,0x0208,0x0a29,0x0208,
0x0229,0x0208,0x0a28,0x0208,0x0228,0x0208,0x0a29,0x0208,0x0228,0x0208,0x0a08,0x0208,0x0208,0x0208,0x0a09,0x0208,
0x0208,0x01e8,0x0a08,0x01e8,0x0208,0x01e8,0x0a08,0x01e8,0x0208,0x01e8,0x0208,0x01e8,0x01e8,0x01e7,0x01e8,0x01e7,
0x01e8,0x01e7,0x01e8,0x01e8,0x01e8,0x01e7,0x01e8,0x01c7,0x01e8,0x01c7,0x01a7,0x0186,0x01a7,0x0186,0x01a7,0x0186,
0x01a7,0x01a6,0x01a7,0x0186,0x01a7,0x01a6,0x09a7,0x09a6,0x1a05,0x2a63,0x42a3,0x3a62,0x3a82,0x3aa3,0x42a4,0x3a63,
0x2a44,0x19e4,0x11a5,0x0165,0x0186,0x0166,0x0186,0x0165,0x0166,0x0166,0x0166,0x0146,0x0166,0x0165,0x0165,0x0165,
0x2a42,0x3262,0x19a1,0x3242,0x42c2,0x3aa2,0x3241,0x4b03,0x42c4,0x08a1,0x1101,0x2182,0x21a2,0x2182,0x08e1,0x0061,
0x08e4,0x1166,0x00a3,0x00e3,0x00e3,0x0964,0x11e5,0x09a5,0x1208,0x11e7,0x0165,0x0186,0x0145,0x0165,0x0165,0x0165,
0x0145,0x0145,0x0124,0x0186,0x01a6,0x01a7,0x0186,0x01a7,0x01a7,0x01e7,0x01c7,0x01c7,0x01c7,0x01e8,0x01c7,0x01e8,
0x01e7,0x01e8,0x01c7,0x01e8,0x01e7,0x01e8,0x01e7,0x01e8,0x01e7,0x01e8,0x01e7,0x01e8,0x01e7,0x01e8,0x01e7,0x0208,
0x01e7,0x0208,0x01e7,0x0208,0x0208,0x0208,0x0208,0x0208,0x0208,0x0208,0x0208,0x0228,0x0208,0x0208,0x0208,0x0208,
0x0208,0x0208,0x01e8,0x0208,0x0208,0x0208,0x0208,0x0208,0x0208,0x0228,0x0208,0x0228,0x0208,0x0228,0x0208,0x0228,
0x0208,0x0229,0x0208,0x0229,0x0228,0x0a29,0x0228,0x0a29,0x0228,0x0a29,0x0228,0x0a29,0x0228,0x0a29,0x0228,0x0a29,
0x0228,0x0a29,0x0228,0x0a29,0x0228,0x0a29,0x0228,0x0a29,0x0228,0x0a29,0x0228,0x0a29,0x0228,0x0a29,0x0228,0x0a29,
0x0229,0x0a49,0x0228,0x0229,0x0228,0x0a29,0x0228,0x0229,0x0228,0x0a29,0x0228,0x0229,0x0228,0x0a29,0x0228,0x0229,
0x0228,0x0a29,0x0208,0x0229,0x0208,0x0229,0x0208,0x0228,0x0208,0x0229,0x0208,0x0228,0x0208,0x0208,0x0208,0x0228,
0x0208,0x0208,0x0208,0x0208,0x0208,0x0208,0x0208,0x0208,0x0208,0x0208,0x0208,0x0208,0x0208,0x0208,0x0208,0x0208,
0x01e8,0x0208,0x01e7,0x0208,0x01e8,0x01e8,0x01e7,0x01e8,0x01e7,0x01e8,0x01e7,0x01e8,0x01e7,0x01e8,0x01c7,0x01e7,
0x01c7,0x01e8,0x01c7,0x01e8,0x01c7,0x01e8,0x01c7,0x01e8,0x01c7,0x01c7,0x01a6,0x0186,0x0186,0x01a7,0x0186,0x0186,
0x0186,0x0187,0x0186,0x0186,0x0186,0x01a6,0x0186,0x0186,0x0186,0x01a6,0x19e4,0x3a83,0x3a82,0x3a83,0x3a82,0x42a3,
0x3aa2,0x42c4,0x4ae5,0x42a5,0x19e4,0x0185,0x0185,0x11c5,0x0984,0x0985,0x0164,0x0145,0x0145,0x0165,0x0145,0x0145,
0x3242,0x3221,0x21a1,0x1121,0x3a83,0x3282,0x3262,0x3aa3,0x21a2,0x1961,0x3a83,0x3aa2,0x5305,0x5304,0x3a63,0x1982,
0x21c6,0x00a3,0x00c3,0x00e3,0x0104,0x11a4,0x2226,0x0985,0x11e8,0x0165,0x0145,0x0145,0x0165,0x0145,0x0166,0x0165,
0x0146,0x0105,0x0166,0x01a6,0x01a7,0x01a7,0x01a7,0x01a6,0x01a7,0x01c7,0x01e7,0x01c7,0x01e8,0x01e7,0x01e8,0x01e7,
0x01e8,0x01e7,0x01e8,0x01e7,0x01e8,0x01e7,0x01e8,0x01e7,0x09e8,0x01e8,0x01e8,0x01e7,0x01e8,0x01e8,0x01e8,0x01e7,
0x0a08,0x0208,0x0208,0x0208,0x0a28,0x0208,0x0a28,0x0208,0x0a29,0x0208,0x0a28,0x0208,0x0a29,0x0208,0x0229,0x0208,
0x0a29,0x0208,0x0208,0x0208,0x0a08,0x0208,0x0228,0x0208,0x0a29,0x0208,0x0a29,0x0208,0x0a29,0x0228,0x0a29,0x0228,
0x0a29,0x0228,0x0a29,0x0228,0x0a29,0x0229,0x0a29,0x0228,0x0a29,0x0229,0x0a49,0x0229,0x0a49,0x0229,0x0a29,0x0228,
0x0a29,0x0229,0x0a29,0x0228,0x0a29,0x0229,0x0a29,0x0228,0x0a29,0x0229,0x0a29,0x0229,0x0a29,0x0229,0x0a29,0x0229,
0x0a29,0x0229,0x0a29,0x0229,0x0a29,0x0229,0x0a29,0x0228,0x0a29,0x0228,0x0a29,0x0228,0x0a29,0x0228,0x0a29,0x0228,
0x0a29,0x0228,0x0a29,0x0228,0x0a29,0x0208,0x0a29,0x0208,0x0a29,0x0208,0x0a29,0x0208,0x0a29,0x0208,0x0a29,0x0208,
0x0a29,0x0208,0x0208,0x0208,0x0a08,0x0208,0x0208,0x0208,0x0a29,0x0208,0x0a28,0x0208,0x0a09,0x0208,0x0208,0x0208,
0x0a08,0x01e8,0x0208,0x01e8,0x0a08,0x01e8,0x0208,0x01e7,0x01e8,0x01e7,0x01e8,0x01e7,0x01e8,0x01e7,0x01e8,0x01e7,
0x09e8,0x01c7,0x01e8,0x01e7,0x01e8,0x01e7,0x01e8,0x01c7,0x01e8,0x01c7,0x01c7,0x0186,0x01a7,0x01a6,0x01a7,0x0186,
0x0187,0x0186,0x01a7,0x0186,0x01a7,0x0186,0x01a7,0x0186,0x01a7,0x01a6,0x0186,0x09a5,0x3a84,0x42c3,0x3a83,0x3a82,
0x3a83,0x3a83,0x5306,0x5305,0x4ac4,0x3a84,0x2204,0x1184,0x2a44,0x3283,0x3284,0x2223,0x2a25,0x11a4,0x0145,0x0145,
0x42c3,0x42c3,0x3a62,0x3222,0x21e1,0x2221,0x2a42,0x21e2,0x1981,0x3263,0x3262,0x3a83,0x42a3,0x3a82,0x3282,0x3aa3,
0x19a1,0x00a2,0x00c3,0x00e4,0x0124,0x0964,0x0164,0x09a6,0x0145,0x0145,0x0145,0x0145,0x0145,0x0185,0x0165,0x0145,
0x0104,0x0125,0x0186,0x01a7,0x01a6,0x01a7,0x0186,0x01a7,0x01a6,0x01c7,0x01c7,0x01e8,0x01c7,0x01e7,0x01c7,0x01e8,
0x01c7,0x01e8,0x01e7,0x01e8,0x01e7,0x01e8,0x01e7,0x01e8,0x01e7,0x01e8,0x01e7,0x01e8,0x01e7,0x01e8,0x01e7,0x0208,
0x0207,0x0208,0x0208,0x0208,0x0208,0x0208,0x0208,0x0208,0x0208,0x0208,0x0208,0x0208,0x0208,0x0208,0x0208,0x0208,
0x0208,0x0208,0x0208,0x0208,0x0208,0x0208,0x0208,0x0a08,0x0208,0x0228,0x0208,0x0228,0x0208,0x0228,0x0208,0x0a29,
0x0208,0x0229,0x0208,0x0229,0x0228,0x0229,0x0228,0x0a29,0x0228,0x0a29,0x0228,0x0a29,0x0228,0x0229,0x0228,0x0a29,
0x0228,0x0a29,0x0228,0x0a29,0x0228,0x0229,0x0228,0x0a29,0x0228,0x0229,0x0228,0x0a29,0x0228,0x0229,0x0228,0x0a29,
0x0228,0x0229,0x0208,0x0a29,0x0208,0x0229,0x0208,0x0a29,0x0208,0x0229,0x0208,0x0229,0x0208,0x0228,0x0208,0x0229,
0x0208,0x0229,0x0208,0x0a29,0x0208,0x0228,0x0208,0x0229,0x0208,0x0228,0x0208,0x0208,0x0208,0x0208,0x0208,0x0208,
0x0208,0x0208,0x0208,0x0208,0x01e8,0x0208,0x01e8,0x0208,0x01e8,0x0208,0x01e8,0x0208,0x0208,0x0208,0x01e8,0x0208,
0x01e7,0x01e8,0x01e8,0x0208,0x01e7,0x01e8,0x01e7,0x01e8,0x01c7,0x01e8,0x01c7,0x01e8,0x01c7,0x01e8,0x01c7,0x01e8,
0x01c7,0x01e8,0x01c7,0x01e8,0x01e7,0x01e8,0x01c7,0x01e8,0x01c7,0x01c7,0x0186,0x0187,0x0186,0x01a7,0x0186,0x0187,
0x0166,0x0186,0x0166,0x0187,0x0186,0x0186,0x0186,0x0186,0x0186,0x0186,0x0186,0x0187,0x0185,0x2a45,0x42c4,0x4ac4,
0x4ac4,0x4aa4,0x42a4,0x5305,0x42c4,0x42c4,0x3aa3,0x2a44,0x19e2,0x3282,0x42c3,0x42c3,0x4ac3,0x4ae4,0x2a24,0x0964,
0x4ae4,0x42a2,0x3a82,0x3a82,0x3261,0x2201,0x21c2,0x1141,0x2a02,0x2a01,0x3a62,0x3a83,0x4ae4,0x42a3,0x42a3,0x3262,
0x3aa3,0x21e3,0x00e3,0x0104,0x0104,0x00e3,0x0125,0x0986,0x0145,0x0144,0x0966,0x0145,0x0986,0x0165,0x0145,0x0125,
0x0125,0x0166,0x01c7,0x01a6,0x01a7,0x01a6,0x01a7,0x01a7,0x01a7,0x01c7,0x01e8,0x01e7,0x01e8,0x01e7,0x09e8,0x01e7,
0x01e8,0x01e7,0x01e8,0x01e7,0x01e8,0x01e7,0x01e8,0x01e8,0x0208,0x01e7,0x09e8,0x01e8,0x01e8,0x01e8,0x0a08,0x01e8,
0x0208,0x0208,0x0a08,0x0208,0x0a28,0x0208,0x0a08,0x0208,0x0a28,0x0208,0x0a28,0x0208,0x0228,0x0208,0x0a09,0x0208,
0x0a28,0x0208,0x0a29,0x0208,0x0a28,0x0208,0x0a29,0x0208,0x0a29,0x0208,0x0a29,0x0208,0x0a29,0x0228,0x0a29,0x0228,
0x0a29,0x0228,0x0a29,0x0228,0x0a29,0x0228,0x0a29,0x0229,0x0a29,0x0228,0x0a29,0x0229,0x0a29,0x0228,0x0a29,0x0229,
0x0a49,0x0229,0x0a29,0x0229,0x0a29,0x0228,0x0a29,0x0229,0x0a29,0x0229,0x0a29,0x0229,0x0a29,0x0229,0x0a29,0x0229,
0x0a29,0x0228,0x0a29,0x0229,0x0a29,0x0228,0x0a29,0x0228,0x0a29,0x0228,0x0a29,0x0228,0x0a29,0x0228,0x0a29,0x0228,
0x0a29,0x0208,0x0a29,0x0208,0x0229,0x0208,0x0a29,0x0208,0x0a29,0x0208,0x0a29,0x0208,0x0a28,0x0208,0x0a29,0x0208,
0x0228,0x0208,0x0a08,0x0208,0x0208,0x0208,0x0a08,0x0208,0x0208,0x0208,0x0a08,0x0208,0x0208,0x0208,0x0208,0x01e8,
0x0208,0x01e8,0x0208,0x01e8,0x0208,0x01e8,0x0a08,0x01e8,0x01e8,0x01e7,0x01e8,0x01e7,0x01e8,0x01e7,0x01e8,0x01e7,
0x01e8,0x01c7,0x01e8,0x01e7,0x01e8,0x01e7,0x01e8,0x01c7,0x01e8,0x01c7,0x01a7,0x0186,0x0187,0x0186,0x0187,0x0186,
0x0187,0x0166,0x0186,0x0186,0x0187,0x0166,0x0166,0x0166,0x0166,0x0166,0x0187,0x0187,0x01a7,0x0186,0x2226,0x42e4,
0x4ae4,0x4ac4,0x4ac4,0x3a63,0x42a4,0x4ac4,0x42a4,0x3a83,0x3a83,0x3242,0x42a3,0x5304,0x4ae4,0x4ae4,0x5325,0x42a4,
0x42a2,0x4ae3,0x42e3,0x42c3,0x3aa3,0x3282,0x2a22,0x2a22,0x3262,0x3a82,0x3262,0x3aa3,0x42e3,0x4ae4,0x3a82,0x42c3,
0x2a02,0x1123,0x00e2,0x0104,0x00e3,0x0104,0x0124,0x0145,0x0124,0x0145,0x0124,0x0145,0x0145,0x0145,0x0165,0x0145,
0x0146,0x01a7,0x01c7,0x01a7,0x0186,0x01a7,0x0186,0x01a7,0x01a6,0x01c7,0x01c7,0x01e8,0x01c7,0x01e8,0x01c7,0x01c7,
0x01c7,0x01e8,0x01c7,0x01e7,0x01c7,0x01e8,0x01e7,0x01e8,0x01e7,0x01e8,0x01e7,0x01e8,0x01e7,0x0208,0x01e7,0x0208,
0x01e8,0x0208,0x0207,0x0208,0x0208,0x0208,0x0207,0x0208,0x0208,0x0a08,0x0208,0x0208,0x0208,0x0208,0x0208,0x0208,
0x0208,0x0208,0x0208,0x0208,0x0208,0x0208,0x0208,0x0208,0x0208,0x0208,0x0208,0x0228,0x0208,0x0228,0x0208,0x0228,
0x0208,0x0228,0x0208,0x0229,0x0208,0x0a29,0x0228,0x0229,0x0228,0x0a29,0x0228,0x0229,0x0228,0x0a29,0x0228,0x0a29,
0x0228,0x0a29,0x0228,0x0a29,0x0228,0x0a29,0x0228,0x0a29,0x0228,0x0a29,0x0228,0x0a29,0x0229,0x0a29,0x0228,0x0229,
0x0228,0x0229,0x0208,0x0229,0x0208,0x0229,0x0208,0x0228,0x0208,0x0229,0x0208,0x0228,0x0208,0x0229,0x0208,0x0228,
0x0208,0x0229,0x0208,0x0208,0x0208,0x0208,0x0208,0x0208,0x0208,0x0209,0x0208,0x0208,0x0208,0x0208,0x0208,0x0208,
0x0208,0x0208,0x0208,0x0208,0x0208,0x0208,0x01e8,0x0208,0x01e8,0x0208,0x01e8,0x0208,0x01e8,0x0208,0x01e8,0x0208,
0x01e8,0x0208,0x01e7,0x0208,0x01e8,0x0208,0x01e7,0x01e8,0x01c7,0x01e8,0x01c7,0x01e8,0x01c7,0x01e8,0x01c7,0x01e8,
0x01c7,0x01e8,0x01c7,0x01e8,0x01c7,0x01e8,0x01c7,0x01e7,0x01c7,0x01c7,0x01c7,0x01a7,0x0186,0x0187,0x0166,0x0186,
0x0166,0x0187,0x0166,0x0186,0x0166,0x0186,0x0166,0x0166,0x0146,0x0146,0x0145,0x0166,0x0166,0x0186,0x0145,0x19c5,
0x42a4,0x42c3,0x42a3,0x42a3,0x3a62,0x4284,0x3a63,0x3a83,0x3263,0x3283,0x21e1,0x42a4,0x5305,0x4ae4,0x3aa3,0x3aa3,
0x42a3,0x4ae4,0x4ae4,0x29e2,0x2182,0x2a42,0x2a62,0x2a41,0x3aa3,0x4ae3,0x4ac2,0x3a82,0x3243,0x42a3,0x3a43,0x1983,
0x00c3,0x00a3,0x00e3,0x00e4,0x0104,0x0104,0x0125,0x0124,0x0125,0x0124,0x0145,0x0124,0x0125,0x0145,0x0166,0x01a6,
0x01c7,0x01c7,0x01e8,0x01a6,0x01a7,0x0186,0x01a7,0x01a6,0x01a7,0x01c7,0x01e8,0x01e7,0x01e8,0x01c7,0x01e8,0x01c7,
0x01e8,0x01e7,0x01e8,0x01e7,0x09e8,0x01e7,0x01e8,0x01e7,0x0a08,0x01e8,0x01e8,0x01e7,0x0a08,0x01e8,0x0208,0x01e8,
0x0a08,0x0208,0x0208,0x0208,0x0a08,0x0208,0x0a08,0x0208,0x0a28,0x0208,0x0a28,0x0208,0x0a28,0x0208,0x0228,0x0208,
0x0a29,0x0208,0x0228,0x0208,0x0a29,0x0208,0x0228,0x0208,0x0a29,0x0208,0x0a28,0x0208,0x0a29,0x0208,0x0229,0x0208,
0x0a29,0x0208,0x0229,0x0208,0x0a29,0x0228,0x0a29,0x0228,0x0a29,0x0228,0x0a29,0x0228,0x0a29,0x0229,0x0a29,0x0228,
0x0a29,0x0229,0x0a29,0x0228,0x0a29,0x0229,0x0a29,0x0228,0x0a29,0x0229,0x0a29,0x0229,0x0a29,0x0229,0x0a29,0x0228,
0x0a29,0x0228,0x0a29,0x0228,0x0a29,0x0228,0x0a29,0x0228,0x0a29,0x0228,0x0229,0x0208,0x0a29,0x0208,0x0a29,0x0208,
0x0a29,0x0208,0x0a29,0x0208,0x0a29,0x0208,0x0a29,0x0208,0x0a29,0x0208,0x0209,0x0208,0x0a29,0x0208,0x0228,0x0208,
0x0a29,0x0208,0x0208,0x0208,0x0a08,0x0208,0x0208,0x0208,0x0a08,0x01e8,0x0208,0x01e8,0x0a08,0x0208,0x0208,0x01e8,
0x01e8,0x01e8,0x0208,0x01e8,0x0208,0x01e8,0x0208,0x01e8,0x09e8,0x01e8,0x01e8,0x01e7,0x01e8,0x01e7,0x01e8,0x01e7,
0x01e8,0x01e7,0x01e8,0x01e7,0x01e8,0x01e7,0x01e8,0x01c7,0x01e8,0x01c7,0x01c7,0x01c7,0x01c7,0x0186,0x0187,0x0166,
0x0187,0x0166,0x0187,0x0166,0x0187,0x0166,0x0166,0x0166,0x0166,0x0146,0x0166,0x0166,0x0166,0x0166,0x0186,0x0125,
0x19a6,0x4ae5,0x5305,0x4ae5,0x4ae5,0x42a4,0x3243,0x3a63,0x3a83,0x2a62,0x3263,0x21c1,0x3a64,0x4ae4,0x42a3,0x3242,
0x08c1,0x1102,0x08c1,0x0080,0x21e2,0x3262,0x2a21,0x42c4,0x3ac2,0x4ae3,0x4ae3,0x4ac3,0x1101,0x08c2,0x00a2,0x00a3,
0x00c3,0x00e4,0x00c3,0x00c3,0x00e3,0x0104,0x0104,0x0125,0x0104,0x0125,0x0104,0x0125,0x0124,0x0125,0x0125,0x01c7,
0x01e7,0x0208,0x01c7,0x01a7,0x01a6,0x01a7,0x01a6,0x01a7,0x01a6,0x01c7,0x01a7,0x01e8,0x01c7,0x01e7,0x01c7,0x01e8,
0x01c7,0x01e7,0x01e7,0x01e8,0x01e7,0x01e8,0x01e7,0x01e8,0x01e7,0x01e8,0x01e7,0x01e8,0x01e7,0x0208,0x01e7,0x01e8,
0x01e7,0x0208,0x01e8,0x0208,0x01e7,0x0208,0x0208,0x0208,0x0207,0x0208,0x0208,0x0208,0x0208,0x0208,0x0208,0x0208,
0x0208,0x0208,0x0208,0x0208,0x0208,0x0208,0x0208,0x0208,0x0208,0x0208,0x0208,0x0208,0x0208,0x0228,0x0208,0x0228,
0x0208,0x0228,0x0208,0x0229,0x0208,0x0228,0x0208,0x0229,0x0228,0x0229,0x0228,0x0a29,0x0228,0x0a29,0x0228,0x0a29,
0x0228,0x0229,0x0228,0x0a29,0x0228,0x0a29,0x0228,0x0a29,0x0228,0x0229,0x0228,0x0a29,0x0228,0x0a29,0x0228,0x0a29,
0x0228,0x0229,0x0228,0x0a29,0x0228,0x0229,0x0228,0x0229,0x0208,0x0228,0x0208,0x0229,0x0208,0x0228,0x0208,0x0229,
0x0208,0x0228,0x0208,0x0208,0x0208,0x0208,0x0208,0x0208,0x0208,0x0208,0x0208,0x0208,0x0208,0x0208,0x0208,0x0208,
0x0208,0x0208,0x0208,0x0208,0x01e8,0x0208,0x01e8,0x0208,0x0208,0x0208,0x01e8,0x0208,0x01e7,0x01e8,0x01e7,0x01e8,
0x01e7,0x01e8,0x01e7,0x01e8,0x01e7,0x01e8,0x01e7,0x01e8,0x01e7,0x01e8,0x01c7,0x01e8,0x01c7,0x01e8,0x01c7,0x01e8,
0x01c7,0x01e8,0x01c7,0x01e8,0x01c7,0x01e8,0x01c7,0x01c7,0x01c7,0x01c7,0x01c7,0x01c7,0x01a6,0x0187,0x0166,0x0186,
0x0166,0x0186,0x0166,0x0166,0x0165,0x0146,0x0145,0x0166,0x0145,0x0146,0x0146,0x0166,0x0145,0x0166,0x0145,0x0166,
0x0125,0x19a6,0x42e5,0x4ac4,0x3aa3,0x42a4,0x3a83,0x3242,0x3242,0x2a42,0x2a42,0x2202,0x19a1,0x3242,0x4ae3,0x42c3,
0x00a2,0x0082,0x0061,0x08e1,0x3a82,0x3282,0x3262,0x42c3,0x5304,0x42c2,0x5304,0x4ae2,0x3223,0x0062,0x00c4,0x00c3,
0x00e4,0x00c3,0x00c4,0x0925,0x1186,0x00e4,0x0125,0x0124,0x0125,0x0105,0x0125,0x0104,0x0125,0x0125,0x0166,0x0166,
0x01a7,0x01c7,0x01c7,0x01a6,0x01a7,0x01a6,0x01c7,0x01a7,0x01c7,0x01c7,0x01c7,0x01c7,0x01e8,0x01c7,0x01e8,0x01c7,
0x01e8,0x01e7,0x01e8,0x01e7,0x01e8,0x01e7,0x01e8,0x01e7,0x0208,0x01e7,0x09e8,0x01e8,0x0208,0x01e8,0x0a08,0x01e8,
0x0208,0x01e8,0x0a08,0x01e8,0x0a08,0x0208,0x0a08,0x0208,0x0a28,0x0208,0x0a28,0x0208,0x0a28,0x0208,0x0a29,0x0208,
0x0a28,0x0208,0x0a29,0x0208,0x0208,0x0208,0x0a08,0x0208,0x0208,0x0208,0x0a29,0x0208,0x0228,0x0208,0x0a29,0x0208,
0x0a29,0x0208,0x0a29,0x0208,0x0a29,0x0208,0x0a29,0x0228,0x0a29,0x0228,0x0a29,0x0229,0x0a29,0x0228,0x0a29,0x0229,
0x0a29,0x0228,0x0a29,0x0229,0x0a29,0x0228,0x0a29,0x0229,0x0a29,0x0229,0x0a29,0x0229,0x0a29,0x0229,0x0a29,0x0229,
0x0a29,0x0228,0x0a29,0x0229,0x0a29,0x0228,0x0a29,0x0228,0x0a29,0x0228,0x0a29,0x0228,0x0a29,0x0228,0x0a29,0x0208,
0x0a29,0x0208,0x0a29,0x0208,0x0a29,0x0208,0x0a29,0x0208,0x0a29,0x0208,0x0a29,0x0208,0x0208,0x0208,0x0a08,0x0208,
0x0208,0x0208,0x0a08,0x0208,0x0a08,0x0208,0x0a08,0x0208,0x0208,0x0208,0x0208,0x01e8,0x01e8,0x01e8,0x0208,0x01e8,
0x0208,0x01e7,0x01e8,0x01e8,0x01e8,0x01e7,0x01e8,0x01e7,0x01e8,0x01e7,0x01e8,0x01e7,0x01e8,0x01c7,0x01e8,0x01c7,
0x01e8,0x01c7,0x09e8,0x01e7,0x01e8,0x01c7,0x01e8,0x01c7,0x01e8,0x01c7,0x01e8,0x01a7,0x01a7,0x0186,0x0187,0x0166,
0x0187,0x0166,0x0166,0x0166,0x0166,0x0146,0x0166,0x0146,0x0166,0x0145,0x0166,0x0166,0x0166,0x0145,0x0166,0x0145,
0x0166,0x0125,0x19c6,0x3aa4,0x3aa3,0x3a83,0x3aa3,0x3a63,0x3242,0x21e1,0x2a23,0x2222,0x21e2,0x19a1,0x3a43,0x42c3,
0x00c2,0x0082,0x08e1,0x08c0,0x1981,0x3242,0x21c1,0x3222,0x4ae3,0x42c3,0x3a82,0x42c2,0x3aa3,0x0902,0x00e2,0x00e3,
0x00c4,0x00c3,0x00e3,0x09c7,0x0986,0x00e4,0x0104,0x0105,0x0104,0x0105,0x0104,0x0125,0x0125,0x0145,0x0125,0x0146,
0x0145,0x0166,0x0166,0x01a7,0x0186,0x01a7,0x01a6,0x01a7,0x01a6,0x01a7,0x01a7,0x01e7,0x01c7,0x01e8,0x01c7,0x01e7,
0x01c7,0x01e8,0x01e7,0x01e8,0x01e7,0x01e8,0x01e7,0x01e8,0x01e7,0x01e8,0x01e7,0x01e8,0x01e7,0x01e8,0x01e7,0x01e8,
0x01e7,0x01e8,0x01e7,0x0208,0x01e8,0x0a08,0x01e7,0x0208,0x0208,0x0a08,0x0207,0x0208,0x0208,0x0208,0x0208,0x0208,
0x0208,0x0208,0x0208,0x0208,0x0208,0x0208,0x0208,0x0208,0x0208,0x0208,0x0208,0x0208,0x0208,0x0208,0x0208,0x0228,
0x0208,0x0228,0x0208,0x0208,0x0208,0x0229,0x0208,0x0229,0x0228,0x0a29,0x0228,0x0229,0x0228,0x0a29,0x0228,0x0229,
0x0228,0x0a29,0x0228,0x0229,0x0228,0x0a29,0x0228,0x0229,0x0228,0x0a29,0x0228,0x0a29,0x0228,0x0a29,0x0228,0x0a29,
0x0228,0x0a29,0x0228,0x0229,0x0228,0x0a29,0x0208,0x0229,0x0208,0x0229,0x0208,0x0228,0x0208,0x0229,0x0208,0x0228,
0x0208,0x0229,0x0208,0x0208,0x0208,0x0208,0x0208,0x0208,0x0208,0x0208,0x0208,0x0208,0x0208,0x0208,0x0208,0x0208,
0x01e8,0x0208,0x01e7,0x0208,0x0208,0x0208,0x01e8,0x0208,0x01e8,0x0208,0x01e7,0x01e8,0x01e7,0x01e8,0x01e7,0x01e8,
0x01e7,0x01e8,0x01e7,0x01e8,0x01e7,0x01e8,0x01e7,0x01e8,0x01c7,0x01e8,0x01c7,0x01e8,0x01c7,0x01e8,0x01c7,0x01c7,
0x01c7,0x01e8,0x01c7,0x01e8,0x01c7,0x01c8,0x01c7,0x01c7,0x01c7,0x01e8,0x01c7,0x01a7,0x0186,0x0187,0x0186,0x0187,
0x0186,0x0166,0x0166,0x0166,0x0146,0x0166,0x0145,0x0146,0x0146,0x0166,0x0145,0x0146,0x0145,0x0146,0x0145,0x0146,
0x0145,0x0166,0x0125,0x11a5,0x3263,0x3a62,0x3262,0x3283,0x3262,0x2a02,0x19c1,0x2a22,0x19e1,0x21c2,0x1980,0x3202,
0x1962,0x08e1,0x1121,0x08c1,0x10e2,0x0081,0x0082,0x00a2,0x21a3,0x1962,0x0922,0x2202,0x3262,0x1181,0x0922,0x00e2,
0x00e4,0x0145,0x09a7,0x01a6,0x0105,0x00e4,0x0105,0x00e4,0x0105,0x0104,0x0125,0x0125,0x0146,0x0125,0x0146,0x0145,
0x0166,0x0145,0x0166,0x0166,0x01a7,0x01a7,0x01a7,0x01a6,0x01a7,0x01a7,0x01c7,0x01c7,0x01e8,0x01e7,0x01e8,0x01c7,
0x01e8,0x01e7,0x01e8,0x01e7,0x01e8,0x01e7,0x01e8,0x01e7,0x09e8,0x01e8,0x01e8,0x01e7,0x09e8,0x01e8,0x01e8,0x01e7,
0x0a08,0x01e8,0x0a08,0x01e8,0x0a08,0x0208,0x0a08,0x0208,0x0a08,0x0208,0x0a28,0x0208,0x0a29,0x0208,0x0a28,0x0208,
0x0a29,0x0208,0x0228,0x0208,0x0a29,0x0208,0x0228,0x0208,0x0a29,0x0208,0x0228,0x0208,0x0a29,0x0208,0x0228,0x0208,
0x0228,0x0208,0x0229,0x0208,0x0a29,0x0208,0x0a29,0x0228,0x0a29,0x0228,0x0a29,0x0228,0x0a29,0x0228,0x0a29,0x0228,
0x0a29,0x0228,0x0a29,0x0228,0x0a29,0x0228,0x0a29,0x0228,0x0a29,0x0229,0x0a29,0x0229,0x0a29,0x0229,0x0a29,0x0228,
0x0a29,0x0229,0x0a29,0x0228,0x0a29,0x0228,0x0a29,0x0228,0x0a29,0x0228,0x0a29,0x0208,0x0a29,0x0208,0x0a29,0x0208,
0x0a29,0x0208,0x0229,0x0208,0x0a29,0x0208,0x0a29,0x0208,0x0a09,0x0208,0x0209,0x0208,0x0a08,0x0208,0x0208,0x0208,
0x0a08,0x0208,0x0208,0x01e8,0x0a08,0x0208,0x0208,0x01e8,0x0208,0x01e8,0x0208,0x01e8,0x0208,0x01e8,0x0208,0x01e8,
0x0208,0x01e8,0x01e8,0x01e7,0x01e8,0x01e7,0x01e8,0x01e7,0x01e8,0x01e7,0x01e8,0x01e7,0x09e8,0x01e7,0x01e8,0x01c7,
0x01e8,0x01c7,0x01e8,0x01c7,0x01e8,0x01c7,0x01e8,0x01c7,0x01e8,0x01c7,0x01c7,0x01c7,0x01a7,0x0187,0x01c7,0x01c7,
0x01c8,0x01a7,0x0187,0x0166,0x0166,0x0166,0x0186,0x0166,0x0166,0x0166,0x0166,0x0145,0x0166,0x0146,0x0166,0x0145,
0x0166,0x0145,0x0166,0x0145,0x11a4,0x3242,0x3242,0x3243,0x3243,0x2a22,0x21e1,0x21e1,0x2a02,0x19c1,0x21c2,0x1160,
0x1160,0x1101,0x00a1,0x1122,0x0080,0x0061,0x0061,0x0082,0x0061,0x00a2,0x00c1,0x1142,0x11a1,0x19c2,0x00e1,0x0903,
0x0122,0x19e5,0x09a5,0x0186,0x0104,0x00e4,0x00e4,0x0105,0x0104,0x0125,0x0125,0x0145,0x0125,0x0145,0x0125,0x0145,
0x0125,0x0145,0x0145,0x0166,0x0186,0x0186,0x0186,0x01a7,0x01a6,0x01a7,0x01a7,0x01e8,0x01c7,0x01e7,0x01c7,0x01e7,
0x01e7,0x01e8,0x01c7,0x01e8,0x01c7,0x01c7,0x01c7,0x01c7,0x01c7,0x01e7,0x01c7,0x01e8,0x01e7,0x01e8,0x01e7,0x01e8,
0x01e7,0x01e8,0x01e7,0x0208,0x01e7,0x0208,0x01e8,0x0208,0x0207,0x0208,0x0208,0x0a08,0x0208,0x0208,0x0208,0x0208,
0x0208,0x0208,0x0208,0x0208,0x0208,0x0208,0x0208,0x0208,0x0208,0x0208,0x0208,0x0208,0x0208,0x0208,0x0208,0x0208,
0x0208,0x0208,0x0208,0x0228,0x0208,0x0228,0x0208,0x0a29,0x0228,0x0229,0x0228,0x0a29,0x0228,0x0229,0x0228,0x0a29,
0x0228,0x0a29,0x0228,0x0a29,0x0228,0x0229,0x0228,0x0a29,0x0208,0x0229,0x0208,0x0229,0x0208,0x0229,0x0208,0x0229,
0x0228,0x0229,0x0228,0x0229,0x0208,0x0229,0x0208,0x0229,0x0208,0x0229,0x0208,0x0229,0x0208,0x0228,0x0208,0x0229,
0x0208,0x0208,0x0208,0x0208,0x0208,0x0208,0x0208,0x0208,0x0208,0x0208,0x0208,0x0208,0x0208,0x0208,0x0208,0x0208,
0x01e7,0x0208,0x01e8,0x0208,0x01e7,0x0208,0x01e8,0x0208,0x01e7,0x01e8,0x01e8,0x01e8,0x01e7,0x0208,0x01e8,0x01e8,
0x01e7,0x01e8,0x01e7,0x01e8,0x01e7,0x01e8,0x01e7,0x01e8,0x01c7,0x01e8,0x01c7,0x01e8,0x01c7,0x01e8,0x01c7,0x01e8,
0x01c7,0x01e8,0x01c7,0x01e8,0x01c7,0x01e8,0x01c7,0x01e8,0x01c7,0x01c7,0x01c7,0x01c7,0x01c7,0x01c7,0x01c7,0x01c7,
0x01a7,0x01c7,0x01a7,0x01a7,0x0186,0x0186,0x01a6,0x0187,0x0165,0x0186,0x0146,0x0146,0x0145,0x0146,0x0145,0x0166,
0x0145,0x0146,0x0145,0x0166,0x0125,0x19c3,0x2a42,0x2a42,0x2a42,0x2a42,0x2202,0x21e2,0x19c1,0x19c1,0x19a1,0x1982,
0x1141,0x00a1,0x1101,0x08a2,0x0061,0x0061,0x0082,0x08c2,0x1122,0x0900,0x1142,0x1141,0x1162,0x1161,0x1162,0x0902,
0x19a3,0x1182,0x19a4,0x0144,0x0125,0x0105,0x0105,0x0104,0x0125,0x0125,0x0146,0x0125,0x0145,0x0125,0x0146,0x0125,
0x0146,0x0145,0x0166,0x0166,0x0186,0x0186,0x0186,0x0186,0x01a6,0x01a6,0x01c7,0x01c7,0x01e8,0x01c7,0x01e8,0x01e7,
0x01e8,0x01e7,0x09e8,0x01c7,0x01c7,0x01a7,0x01c8,0x01c7,0x01c8,0x01c7,0x01e8,0x01c7,0x01e8,0x01e7,0x01e8,0x01e8,
0x0208,0x01e8,0x0a08,0x0208,0x0a08,0x0208,0x0a08,0x0208,0x0a08,0x0208,0x0a28,0x0208,0x0a28,0x0208,0x0a29,0x0208,
0x0a28,0x0208,0x0a29,0x0208,0x0a29,0x0208,0x0a29,0x0208,0x0a28,0x0208,0x0a29,0x0208,0x0228,0x0208,0x0a29,0x0208,
0x0228,0x0208,0x0a29,0x0208,0x0a29,0x0208,0x0a29,0x0228,0x0a29,0x0228,0x0a29,0x0228,0x0a29,0x0228,0x0a29,0x0229,
0x0a29,0x0228,0x0a29,0x0228,0x0a29,0x0228,0x0a29,0x0228,0x0a29,0x0228,0x0a29,0x0228,0x0a29,0x0228,0x0a29,0x0228,
0x0a29,0x0228,0x0a29,0x0228,0x0a29,0x0228,0x0a29,0x0228,0x0a29,0x0228,0x0a29,0x0228,0x0229,0x0208,0x0a29,0x0208,
0x0229,0x0208,0x0a29,0x0208,0x0a29,0x0208,0x0a09,0x0208,0x0209,0x0208,0x0a09,0x0208,0x0208,0x0208,0x0a08,0x0208,
0x0208,0x0208,0x0208,0x01e8,0x0208,0x01e8,0x0208,0x01e8,0x0208,0x01e8,0x0a08,0x01e8,0x0208,0x01e8,0x0208,0x01e8,
0x01e8,0x01e7,0x01e8,0x01e7,0x01e8,0x01e7,0x01e8,0x01e7,0x01e8,0x01c7,0x01e8,0x01c7,0x01e8,0x01c7,0x01e8,0x01e7,
0x01e8,0x01e7,0x01e8,0x01e7,0x01e8,0x01e7,0x01e8,0x01e7,0x01e8,0x01c7,0x01e8,0x01c7,0x01e8,0x01c7,0x01e8,0x01c7,
0x01c7,0x01a7,0x01c7,0x01a7,0x01c7,0x01a7,0x01a7,0x0186,0x0187,0x0166,0x0166,0x0146,0x0166,0x0145,0x0146,0x0146,
0x0166,0x0146,0x0166,0x0145,0x0146,0x0124,0x21e3,0x2a42,0x2a42,0x2a22,0x2a02,0x21e2,0x19c1,0x19a1,0x21c2,0x21a1,
0x08e1,0x08c1,0x1120,0x08c1,0x1101,0x08e2,0x00a0,0x0901,0x00a1,0x08e1,0x00e1,0x00c2,0x00a1,0x00c1,0x0921,0x0903,
0x0124,0x11a6,0x0144,0x0104,0x0104,0x0105,0x00e4,0x0105,0x0125,0x0145,0x0125,0x0145,0x0145,0x0146,0x0145,0x0145,
0x0165,0x0166,0x0186,0x09a6,0x0186,0x09a6,0x01a6,0x01a6,0x01a6,0x09c6,0x01a6,0x01a6,0x01a7,0x01e8,0x01c7,0x01c7,
0x01e7,0x01e8,0x01c7,0x01c7,0x01a7,0x01c7,0x01c7,0x01c7,0x01c7,0x01c7,0x01a7,0x01c7,0x01c7,0x01e8,0x01e7,0x01e8,
0x01e7,0x01e8,0x01e7,0x0208,0x01e7,0x0208,0x01e7,0x0208,0x0208,0x0208,0x0208,0x0208,0x0208,0x0208,0x0208,0x0208,
0x0208,0x0208,0x0208,0x0208,0x0208,0x0a28,0x0208,0x0208,0x0208,0x0208,0x0208,0x0208,0x0208,0x0a08,0x0208,0x0208,
0x0208,0x0a08,0x0208,0x0229,0x0208,0x0a29,0x0208,0x0229,0x0228,0x0a29,0x0228,0x0229,0x0228,0x0a29,0x0228,0x0229,
0x0228,0x0a29,0x0228,0x0229,0x0228,0x0a29,0x0228,0x0229,0x0208,0x0229,0x0208,0x0229,0x0208,0x0229,0x0208,0x0229,
0x0228,0x0a29,0x0208,0x0229,0x0208,0x0a29,0x0228,0x0229,0x0208,0x0229,0x0208,0x0228,0x0208,0x0209,0x0208,0x0208,
0x0208,0x0208,0x0208,0x0208,0x0208,0x0208,0x0208,0x0208,0x0208,0x0208,0x0208,0x0208,0x01e8,0x0208,0x01e7,0x0208,
0x01e8,0x0208,0x01e7,0x0208,0x01e8,0x0208,0x01e7,0x0208,0x01e8,0x0208,0x01e7,0x01e8,0x01e7,0x01e8,0x01e7,0x01e8,
0x01e7,0x01e8,0x01e7,0x01e8,0x01e7,0x01e8,0x01c7,0x01e8,0x01c7,0x01e8,0x01c7,0x01e8,0x01c7,0x01e8,0x01c7,0x01e8,
0x01c7,0x01e8,0x01c7,0x01e8,0x01c7,0x01e8,0x01c7,0x01e7,0x01c7,0x01e8,0x01c7,0x01c7,0x01c7,0x01c7,0x01c7,0x01c7,
0x01a7,0x01c7,0x01a7,0x01c7,0x0186,0x0187,0x0166,0x0186,0x0166,0x0166,0x0145,0x0146,0x0145,0x0146,0x0145,0x0146,
0x0145,0x0146,0x0145,0x0145,0x0125,0x0146,0x0124,0x2203,0x2a42,0x2a22,0x21e1,0x21e2,0x21e1,0x19a1,0x19a1,0x21c1,
0x08a2,0x1101,0x1101,0x08c0,0x08c1,0x08c1,0x1941,0x08e0,0x0061,0x0040,0x0082,0x0082,0x0062,0x00a1,0x0902,0x0103,
0x09a7,0x0146,0x00e5,0x00e4,0x0105,0x0105,0x0125,0x0125,0x0146,0x0125,0x0145,0x0125,0x0986,0x01a6,0x09a6,0x0185,
0x0186,0x0185,0x09a6,0x01a5,0x0186,0x01a5,0x09c6,0x01a5,0x1207,0x09c6,0x09e7,0x01a6,0x09a7,0x01a6,0x01c7,0x01c7,
0x01e8,0x01c7,0x01c7,0x01a7,0x01a7,0x01a7,0x01c7,0x01c7,0x01c8,0x01c7,0x01c7,0x01a7,0x01c7,0x01c7,0x01e8,0x01e7,
0x0a08,0x01e8,0x0208,0x01e7,0x0a08,0x01e8,0x0a08,0x0208,0x0a08,0x0208,0x0a08,0x0208,0x0a29,0x0208,0x0a29,0x0208,
0x0a09,0x0208,0x0a29,0x0208,0x0a29,0x0208,0x0a28,0x0208,0x0a29,0x0208,0x0a29,0x0208,0x0a29,0x0208,0x0a29,0x0208,
0x0a29,0x0208,0x0a29,0x0228,0x0a29,0x0228,0x0a29,0x0228,0x0a29,0x0229,0x0a29,0x0228,0x0a29,0x0228,0x0a29,0x0228,
0x0a29,0x0229,0x0a29,0x0228,0x0a29,0x0228,0x0a29,0x0228,0x0a29,0x0228,0x0a29,0x0228,0x0a29,0x0228,0x0a29,0x0228,
0x0a29,0x0228,0x0a29,0x0228,0x0a29,0x0228,0x0a29,0x0228,0x0a29,0x0228,0x0a29,0x0228,0x0a29,0x0208,0x0a29,0x0208,
0x0a29,0x0208,0x0a29,0x0208,0x0a09,0x0208,0x0209,0x0208,0x0a09,0x0208,0x0208,0x0208,0x0a08,0x0208,0x0208,0x0208,
0x0a08,0x0208,0x0208,0x01e8,0x0208,0x01e8,0x0208,0x0208,0x0208,0x0208,0x0208,0x01e7,0x01e8,0x01e8,0x01e8,0x01e7,
0x09e8,0x01e8,0x01e8,0x01e7,0x01e8,0x01e7,0x01e8,0x01c7,0x01e8,0x01c8,0x01e8,0x01c7,0x01e8,0x01c7,0x01e8,0x01c7,
0x01e8,0x01e7,0x01e8,0x01e7,0x01e8,0x01c7,0x01e8,0x01c7,0x01e8,0x01c7,0x01e8,0x01c7,0x01c8,0x01c7,0x01c7,0x01c7,
0x01e8,0x01c7,0x01c8,0x01a7,0x0187,0x0166,0x0187,0x0166,0x0187,0x0166,0x0166,0x0145,0x0166,0x0146,0x0166,0x0145,
0x0166,0x0145,0x0146,0x0145,0x0146,0x0145,0x0166,0x0144,0x2a03,0x2a02,0x2a23,0x2202,0x2a02,0x19c1,0x19a1,0x19a1,
0x0080,0x10e1,0x0080,0x0061,0x0020,0x00a1,0x08e0,0x10e1,0x1121,0x1961,0x21a2,0x2182,0x1121,0x1921,0x2183,0x31c5,
0x1164,0x00c3,0x0082,0x00c4,0x00c4,0x0105,0x0105,0x0125,0x0125,0x0145,0x0145,0x0145,0x01a5,0x11e7,0x09e6,0x09c6,
0x0185,0x01a6,0x0185,0x0186,0x0185,0x01a6,0x01a5,0x09a6,0x01a5,0x09c6,0x09c6,0x09e6,0x09c6,0x09c6,0x0186,0x01a6,
0x01a6,0x01c7,0x01a6,0x01a7,0x01a6,0x01c7,0x01a7,0x01c7,0x01a7,0x01c7,0x01a7,0x01c7,0x01a6,0x01c7,0x01c7,0x01e7,
0x01e7,0x0208,0x01e7,0x0208,0x01e7,0x0208,0x01e7,0x0208,0x0208,0x0208,0x0208,0x0208,0x0208,0x0208,0x0208,0x0208,
0x0208,0x0208,0x0208,0x0208,0x0208,0x0208,0x0208,0x0a28,0x0208,0x0208,0x0208,0x0a28,0x0208,0x0208,0x0208,0x0a28,
0x0208,0x0228,0x0208,0x0a29,0x0208,0x0229,0x0208,0x0229,0x0228,0x0229,0x0228,0x0a29,0x0228,0x0229,0x0228,0x0a29,
0x0228,0x0229,0x0228,0x0a29,0x0228,0x0229,0x0208,0x0a29,0x0228,0x0229,0x0208,0x0229,0x0208,0x0229,0x0208,0x0229,
0x0208,0x0229,0x0208,0x0229,0x0208,0x0228,0x0208,0x0229,0x0208,0x0229,0x0208,0x0229,0x0208,0x0228,0x0208,0x0208,
0x0208,0x0208,0x0208,0x0208,0x0208,0x0208,0x0208,0x0208,0x01e8,0x0208,0x01e8,0x0208,0x01e8,0x0208,0x01e8,0x0208,
0x01e7,0x0208,0x01e8,0x0208,0x01e7,0x0208,0x01e8,0x0208,0x01e7,0x0208,0x01e7,0x01e8,0x01e7,0x01e8,0x01e7,0x01e8,
0x01e7,0x01e8,0x01e7,0x01e8,0x01e7,0x01e8,0x01c7,0x01e8,0x01c7,0x01c8,0x01c7,0x01c8,0x01c7,0x01c8,0x01c7,0x01e8,
0x01c7,0x01e8,0x01c7,0x01c7,0x01c7,0x01c7,0x01c7,0x01c7,0x01c7,0x01c7,0x01c7,0x01c7,0x01a7,0x01c7,0x01c7,0x01c7,
0x01c7,0x01c7,0x01a7,0x01c7,0x0186,0x0166,0x0166,0x0186,0x0166,0x0166,0x0146,0x0166,0x0145,0x0166,0x0145,0x0145,
0x0145,0x0145,0x0125,0x0146,0x0145,0x0145,0x0145,0x0166,0x0962,0x21e1,0x21e1,0x2a22,0x2222,0x2a02,0x1180,0x19a1,
0x08a1,0x1941,0x2182,0x1101,0x1962,0x1122,0x1942,0x1102,0x1942,0x29c1,0x3201,0x29a1,0x29c3,0x31e4,0x52a7,0x5aea,
0x5aa9,0x4247,0x39e6,0x29a6,0x29e7,0x1165,0x00e4,0x0125,0x0166,0x0145,0x0986,0x09a6,0x11e7,0x11e6,0x11e6,0x01a5,
0x09a6,0x0185,0x09a6,0x0185,0x09a6,0x01a5,0x09a6,0x01a6,0x09a6,0x01a6,0x11e6,0x11e6,0x1206,0x09e6,0x11c6,0x01a6,
0x01a7,0x01a7,0x01a7,0x01a7,0x01c7,0x01a7,0x01c7,0x01a7,0x01c7,0x01a7,0x01c7,0x01a7,0x01c7,0x01c7,0x01c7,0x01c7,
0x01c7,0x01c7,0x01e8,0x01e8,0x0208,0x0208,0x0a08,0x0208,0x0208,0x0208,0x0a08,0x0208,0x0208,0x0208,0x0a08,0x0208,
0x0a08,0x0208,0x0a28,0x0208,0x0a28,0x0208,0x0a29,0x0208,0x0a29,0x0208,0x0a29,0x0228,0x0a29,0x0208,0x0a29,0x0208,
0x0a29,0x0228,0x0a29,0x0228,0x0a29,0x0228,0x0a29,0x0228,0x0a29,0x0228,0x0a29,0x0228,0x0a29,0x0228,0x0a29,0x0228,
0x0a29,0x0228,0x0a29,0x0229,0x0a29,0x0228,0x0a29,0x0229,0x0a29,0x0228,0x0a29,0x0228,0x0a29,0x0228,0x0a29,0x0228,
0x0a29,0x0228,0x0a29,0x0228,0x0a29,0x0228,0x0a29,0x0228,0x0a29,0x0228,0x0a29,0x0228,0x0a29,0x0208,0x0a29,0x0208,
0x0a29,0x0208,0x0a29,0x0208,0x0a29,0x0208,0x0a09,0x0208,0x0208,0x0208,0x0208,0x0208,0x0208,0x01e8,0x0208,0x01e8,
0x0208,0x0208,0x0a08,0x01e8,0x0208,0x01e8,0x0208,0x01e8,0x0208,0x01e8,0x0208,0x01e8,0x0208,0x01e8,0x09e8,0x01e8,
0x01e8,0x01e7,0x01e8,0x01e7,0x01e8,0x01e7,0x01e8,0x01c7,0x01e8,0x01c7,0x01c8,0x01c7,0x01c8,0x01c7,0x01e8,0x01c7,
0x01e8,0x01c7,0x01e8,0x01c7,0x01e8,0x01c7,0x01e8,0x01c7,0x01e8,0x01c7,0x01c8,0x01c7,0x01c7,0x01c7,0x01c8,0x01c7,
0x01c8,0x01c7,0x01c8,0x01a7,0x01a7,0x0186,0x0187,0x0186,0x0187,0x0186,0x0987,0x0186,0x0186,0x0186,0x0166,0x0145,
0x0165,0x0145,0x0145,0x0125,0x0146,0x0145,0x0166,0x0146,0x0145,0x11a2,0x21e1,0x21e1,0x2201,0x21e1,0x21a1,0x1160,
0x29e2,0x42c2,0x42c1,0x3a82,0x3aa2,0x3222,0x1942,0x1922,0x2163,0x3a04,0x31e3,0x3a25,0x4246,0x4246,0x3a23,0x4a66,
0x52a8,0x5288,0x52a8,0x5ae9,0x5aea,0x630a,0x4247,0x21a6,0x0124,0x0145,0x01a6,0x09c6,0x09a6,0x09a6,0x09c6,0x11e7,
0x1207,0x09a5,0x0164,0x09a5,0x11e6,0x1207,0x09c5,0x09a6,0x01a6,0x09c6,0x09c5,0x11e6,0x09c5,0x09c6,0x09a5,0x09c6,
0x01a6,0x01a6,0x0186,0x01a7,0x01a6,0x01a7,0x01a6,0x01c7,0x01a7,0x01a7,0x01a7,0x01c7,0x01a7,0x01c7,0x01a7,0x01c7,
0x01a7,0x01c7,0x01c7,0x01e7,0x01e7,0x0208,0x01e7,0x0208,0x0208,0x0208,0x0208,0x0208,0x0208,0x0208,0x0207,0x0208,
0x0208,0x0208,0x0208,0x0208,0x0208,0x0a28,0x0208,0x0228,0x0208,0x0208,0x0208,0x0228,0x0208,0x0208,0x0208,0x0228,
0x0208,0x0228,0x0208,0x0228,0x0208,0x0229,0x0208,0x0229,0x0228,0x0a29,0x0208,0x0229,0x0208,0x0a29,0x0208,0x0229,
0x0208,0x0a29,0x0228,0x0229,0x0228,0x0a29,0x0228,0x0229,0x0228,0x0a29,0x0228,0x0229,0x0228,0x0a29,0x0228,0x0229,
0x0208,0x0229,0x0208,0x0229,0x0208,0x0229,0x0208,0x0229,0x0208,0x0229,0x0208,0x0229,0x0208,0x0a29,0x0208,0x0208,
0x0208,0x0208,0x0208,0x0208,0x0208,0x0208,0x0208,0x0208,0x01e8,0x0208,0x01e8,0x0208,0x01e8,0x0208,0x01e7,0x0208,
0x01e8,0x0208,0x01e7,0x0208,0x01e8,0x0208,0x01e7,0x0208,0x01e8,0x01e8,0x01e7,0x01e8,0x01e7,0x01e8,0x01e7,0x01e8,
0x01c7,0x01e8,0x01e7,0x01e8,0x01c7,0x01e8,0x01c7,0x01c7,0x01c7,0x01c8,0x01c7,0x01c7,0x01a7,0x01c8,0x01c7,0x01c7,
0x01c7,0x01c8,0x01c7,0x01c7,0x01c7,0x01c7,0x01c7,0x01c7,0x01c7,0x01c7,0x01c7,0x01c7,0x01c7,0x01c7,0x01c7,0x01c7,
0x01c7,0x01c7,0x01a7,0x01c7,0x01a6,0x0187,0x0166,0x0186,0x0186,0x0186,0x0165,0x0186,0x0166,0x0166,0x0166,0x0165,
0x0144,0x0145,0x0125,0x0145,0x0125,0x0146,0x0145,0x0146,0x0125,0x0144,0x19c1,0x21c1,0x19c1,0x21c1,0x19c1,0x1981,
0x4ac3,0x4ac2,0x4281,0x42a1,0x4b02,0x3a63,0x2142,0x2162,0x3a24,0x4245,0x4a46,0x4266,0x5288,0x5287,0x4a65,0x31c2,
0x4226,0x4227,0x4a68,0x52a8,0x62ea,0x5ac9,0x6b2a,0x5ae9,0x4248,0x1165,0x09c6,0x09e6,0x11c6,0x09a6,0x09c6,0x09c6,
0x11e6,0x09c6,0x11c6,0x09c5,0x11e6,0x1206,0x1206,0x09c6,0x09a6,0x01a6,0x09a6,0x09c5,0x09c6,0x09a6,0x09c6,0x09c6,
0x09c7,0x0186,0x01a6,0x0186,0x01c7,0x01a7,0x01c7,0x01a7,0x01c7,0x01a7,0x01c7,0x01a7,0x01c7,0x01c7,0x01c7,0x01c7,
0x01c8,0x01c7,0x01c7,0x01c7,0x01e7,0x01e7,0x0a08,0x0208,0x0a08,0x0208,0x0a08,0x0208,0x0a08,0x0208,0x0a28,0x0208,
0x0a28,0x0208,0x0a28,0x0208,0x0a29,0x0208,0x0a29,0x0228,0x0a29,0x0208,0x0a29,0x0208,0x0a29,0x0208,0x0a29,0x0208,
0x0a29,0x0208,0x0229,0x0208,0x0a29,0x0208,0x0a29,0x0228,0x0a29,0x0228,0x0a29,0x0208,0x0a29,0x0228,0x0a29,0x0228,
0x0a29,0x0228,0x0a29,0x0228,0x0a29,0x0229,0x0a29,0x0228,0x0a29,0x0228,0x0a29,0x0228,0x0a29,0x0228,0x0a29,0x0228,
0x0a29,0x0228,0x0a29,0x0228,0x0a29,0x0228,0x0a29,0x0228,0x0a29,0x0228,0x0a29,0x0228,0x0a29,0x0208,0x0a29,0x0208,
0x0a29,0x0208,0x0209,0x0208,0x0a09,0x0208,0x0209,0x0208,0x0a09,0x0208,0x0208,0x0208,0x0a08,0x01e8,0x0208,0x01e8,
0x0a08,0x0208,0x0208,0x01e8,0x0208,0x01e8,0x0208,0x01e7,0x01e8,0x01e8,0x01e8,0x01e7,0x09e8,0x01e7,0x01e8,0x01e7,
0x01e8,0x01c7,0x01e8,0x01e7,0x01e8,0x01e7,0x01e8,0x01c7,0x01e8,0x01c7,0x01c8,0x01c7,0x01c8,0x01c7,0x01c8,0x01c7,
0x01e8,0x01c7,0x01e8,0x01c7,0x01e8,0x01c7,0x01e8,0x01c7,0x01e8,0x01c7,0x01c7,0x01c7,0x01c8,0x01c7,0x01c8,0x01c7,
0x01c8,0x01c7,0x01c7,0x01c7,0x01a7,0x0186,0x01a7,0x01a6,0x09a7,0x01a6,0x09a6,0x0186,0x0166,0x0166,0x0187,0x0166,
0x0165,0x0144,0x0145,0x0124,0x0145,0x0125,0x0146,0x0105,0x0125,0x0104,0x0963,0x21c2,0x21c1,0x21c1,0x21e2,0x19a1,
0x3281,0x3a82,0x3241,0x3a82,0x3a82,0x29c2,0x3202,0x4282,0x4262,0x5287,0x4226,0x4246,0x4a66,0x4a67,0x3a05,0x31c3,
0x3a04,0x4a88,0x4a67,0x4a68,0x5ac9,0x62e9,0x5ac9,0x5ac9,0x4a46,0x5288,0x21c6,0x11c6,0x09a6,0x09a6,0x09a5,0x09c6,
0x09c6,0x11e6,0x09e6,0x09c6,0x09c6,0x1206,0x1206,0x11e6,0x09c5,0x09a6,0x01a5,0x09c6,0x01a5,0x01a6,0x0186,0x09a6,
0x01a5,0x09a6,0x01a6,0x0186,0x0186,0x01a7,0x01a7,0x01c7,0x01a6,0x01c7,0x01a7,0x01c7,0x01a7,0x01c7,0x01a7,0x01c7,
0x01a7,0x01c7,0x01c7,0x01c7,0x01c7,0x01c7,0x01e7,0x0208,0x01e7,0x0208,0x01e8,0x0208,0x0207,0x0208,0x0208,0x0a08,
0x0208,0x0208,0x0208,0x0a28,0x0208,0x0228,0x0208,0x0a28,0x0208,0x0a28,0x0208,0x0a28,0x0208,0x0208,0x0208,0x0208,
0x0208,0x0228,0x0208,0x0229,0x0208,0x0228,0x0208,0x0229,0x0208,0x0228,0x0208,0x0a29,0x0208,0x0229,0x0208,0x0a29,
0x0228,0x0229,0x0228,0x0a29,0x0228,0x0229,0x0228,0x0a29,0x0228,0x0229,0x0228,0x0a29,0x0228,0x0229,0x0228,0x0a29,
0x0228,0x0229,0x0228,0x0a29,0x0228,0x0229,0x0208,0x0229,0x0208,0x0229,0x0228,0x0a29,0x0208,0x0229,0x0208,0x0208,
0x0208,0x0208,0x0208,0x0208,0x0208,0x0208,0x0208,0x0208,0x01e8,0x0208,0x01e8,0x0208,0x01e7,0x0208,0x01e8,0x0208,
0x01e7,0x0208,0x01e8,0x01e8,0x01e7,0x01e8,0x01e7,0x01e8,0x01e7,0x01e8,0x01c7,0x01e8,0x01c7,0x01e8,0x01c7,0x01e8,
0x01c7,0x01e8,0x01c7,0x01e8,0x01c7,0x01e8,0x01c7,0x01e8,0x01c7,0x01c7,0x01c7,0x01c7,0x01c7,0x01c7,0x01a7,0x01c7,
0x01c7,0x01c8,0x01c7,0x01c8,0x01c7,0x01c7,0x01c7,0x01c7,0x01c7,0x01c7,0x01c7,0x01c7,0x01c7,0x01c7,0x01a7,0x01c7,
0x01a7,0x01c7,0x01a7,0x01a7,0x0186,0x0186,0x0186,0x01a7,0x01a6,0x0186,0x0186,0x0186,0x0165,0x0186,0x0166,0x0166,
0x0165,0x0984,0x1183,0x19c3,0x0982,0x0963,0x0103,0x00e4,0x00e4,0x0105,0x00e3,0x1162,0x19a0,0x19a1,0x19a1,0x21c2,
0x2a22,0x2a01,0x3242,0x2a01,0x3222,0x42a3,0x4ae3,0x3a42,0x41e4,0x4205,0x31c3,0x31e3,0x4223,0x4244,0x5287,0x4a67,
0x5268,0x5288,0x4a88,0x4226,0x5288,0x5ae9,0x5aca,0x5288,0x31e4,0x3a24,0x52a7,0x2a05,0x1184,0x0985,0x09c6,0x11c6,
0x11e7,0x11e6,0x1207,0x1227,0x1207,0x09c6,0x1207,0x11e6,0x11e6,0x09a5,0x09c6,0x09c6,0x09c6,0x0185,0x09a6,0x0185,
0x09a6,0x09a5,0x11e6,0x09c6,0x0186,0x0186,0x01c7,0x01a7,0x01c7,0x01a7,0x01c7,0x01c7,0x01c7,0x01c7,0x01c8,0x01c7,
0x01c8,0x01c7,0x01c8,0x01c7,0x01c8,0x01c7,0x01e8,0x01c7,0x01e8,0x01e8,0x0a08,0x0208,0x0208,0x0208,0x0a29,0x0208,
0x0a28,0x0208,0x0a29,0x0208,0x0a29,0x0208,0x0a29,0x0228,0x0a29,0x0228,0x0a29,0x0208,0x0a29,0x0208,0x0a29,0x0208,
0x0a29,0x0208,0x0a29,0x0228,0x0a29,0x0208,0x0a29,0x0228,0x0a29,0x0228,0x0a29,0x0208,0x0a29,0x0208,0x0a29,0x0228,
0x0a29,0x0228,0x0a29,0x0228,0x0a29,0x0228,0x0a29,0x0228,0x0a29,0x0228,0x0a29,0x0228,0x0a29,0x0228,0x0a29,0x0228,
0x0a29,0x0228,0x0a29,0x0228,0x0a29,0x0228,0x0a29,0x0228,0x0a29,0x0228,0x0a29,0x0228,0x0a29,0x0228,0x0a29,0x0208,
0x0208,0x0208,0x0a09,0x0208,0x0208,0x0208,0x0a08,0x0208,0x0208,0x0208,0x0a08,0x01e8,0x0208,0x01e8,0x0a08,0x0208,
0x0208,0x01e8,0x0208,0x01e8,0x0208,0x01e8,0x01e8,0x01e7,0x01e8,0x01e7,0x09e8,0x01e7,0x01e8,0x01e7,0x01e8,0x01c7,
0x01e8,0x01c7,0x09e8,0x01c8,0x01e8,0x01c7,0x01e8,0x01c7,0x01e8,0x01c7,0x01e8,0x01c7,0x01c8,0x01c7,0x01c8,0x01c7,
0x01c8,0x01c7,0x01e8,0x01c7,0x01e8,0x01c7,0x01e8,0x01c7,0x01e8,0x01c7,0x01c8,0x01c7,0x01c8,0x01c7,0x01c7,0x01c7,
0x01c7,0x01c7,0x01c7,0x0186,0x0186,0x01a6,0x09a7,0x0186,0x01a6,0x0186,0x09a7,0x01a6,0x09a6,0x0186,0x09a6,0x0186,
0x0986,0x0165,0x0986,0x11a2,0x19e2,0x11a1,0x1182,0x0942,0x0124,0x00e4,0x00c4,0x00c2,0x19a2,0x19a1,0x19a1,0x1981,
0x2a41,0x2a22,0x2a41,0x3a81,0x42e2,0x4ae2,0x42a2,0x3a04,0x39c5,0x3184,0x31c3,0x4a65,0x3a03,0x3a22,0x4264,0x4a67,
0x4a47,0x52a8,0x4247,0x4a68,0x5ac9,0x62c9,0x5aea,0x5aea,0x4267,0x3203,0x3a24,0x3a05,0x3203,0x19c4,0x11c6,0x11e6,
0x09e6,0x11e6,0x09e6,0x1207,0x1207,0x11e6,0x09e6,0x11e6,0x09c6,0x09c6,0x09c5,0x09c6,0x01a5,0x09a6,0x01a5,0x09a6,
0x09c6,0x09e6,0x01c5,0x09c6,0x01a6,0x0186,0x0186,0x01a7,0x01a7,0x01c7,0x01a7,0x01c7,0x01a7,0x01c7,0x01a6,0x01c7,
0x01a7,0x01c7,0x01a7,0x01c7,0x01c7,0x01c7,0x01c7,0x01e7,0x01c7,0x0208,0x0208,0x0208,0x0208,0x0208,0x0208,0x0208,
0x0208,0x0a08,0x0208,0x0a28,0x0208,0x0a28,0x0208,0x0a28,0x0208,0x0a28,0x0208,0x0a28,0x0208,0x0a29,0x0208,0x0228,
0x0208,0x0a28,0x0208,0x0228,0x0208,0x0228,0x0208,0x0228,0x0208,0x0228,0x0208,0x0228,0x0208,0x0209,0x0208,0x0228,
0x0208,0x0a29,0x0228,0x0229,0x0208,0x0a29,0x0228,0x0229,0x0228,0x0a29,0x0228,0x0229,0x0228,0x0a29,0x0228,0x0229,
0x0228,0x0a29,0x0228,0x0229,0x0208,0x0a29,0x0228,0x0229,0x0228,0x0a29,0x0208,0x0228,0x0208,0x0209,0x0208,0x0208,
0x0208,0x0208,0x0208,0x0208,0x0208,0x0208,0x0208,0x0208,0x01e8,0x0208,0x01e7,0x0208,0x01e8,0x0208,0x01e7,0x0208,
0x01e8,0x0208,0x01e7,0x01e8,0x01e7,0x01e8,0x01e7,0x01e8,0x01c7,0x01e8,0x01e7,0x01e8,0x01c7,0x01e8,0x01c7,0x01e8,
0x01c7,0x01e8,0x01c7,0x01e8,0x01c7,0x01e8,0x01c7,0x01e8,0x01c7,0x01c8,0x01c7,0x01e8,0x01c7,0x01c8,0x01c7,0x01c7,
0x01a7,0x01c7,0x01a6,0x01c7,0x01a7,0x01c7,0x01a6,0x01a7,0x01a6,0x01c7,0x01c7,0x01c7,0x01a7,0x01c7,0x01a6,0x01c7,
0x01a7,0x01c7,0x0186,0x0186,0x0186,0x01a6,0x0185,0x01a6,0x0186,0x09a7,0x01a6,0x01a6,0x0186,0x0186,0x0185,0x0186,
0x0186,0x0186,0x0165,0x0165,0x0963,0x19a1,0x11a0,0x19a1,0x1181,0x0923,0x00c3,0x00c3,0x0902,0x21c2,0x1180,0x1160,
0x2a22,0x3aa2,0x42c2,0x3aa2,0x4ac2,0x42c1,0x4b03,0x42c3,0x4245,0x4a47,0x4227,0x5288,0x5ac8,0x4244,0x3a02,0x4225,
0x4a47,0x4226,0x5267,0x630a,0x5ac9,0x4a67,0x4247,0x39e6,0x5aa9,0x4225,0x3a24,0x31e4,0x3a24,0x2a02,0x21e5,0x11e6,
0x1207,0x09e6,0x1207,0x0a06,0x1207,0x09e6,0x1227,0x09e6,0x1207,0x09e6,0x09e6,0x09c5,0x09c6,0x01a6,0x09c6,0x01a5,
0x09c6,0x09c5,0x09c6,0x09a6,0x09c6,0x09a6,0x0186,0x0186,0x01c7,0x01a7,0x01c7,0x01c7,0x01c7,0x01a7,0x01c7,0x01a7,
0x01c8,0x01c7,0x01c8,0x01c7,0x01c8,0x01c7,0x01e8,0x01c7,0x09e8,0x01e8,0x0a08,0x0208,0x0a29,0x0208,0x0a08,0x0208,
0x0a29,0x0208,0x0a28,0x0208,0x0a29,0x0228,0x0a29,0x0228,0x0a29,0x0228,0x0a29,0x0228,0x0a29,0x0228,0x0a29,0x0228,
0x0a29,0x0208,0x0a28,0x0208,0x0a29,0x0208,0x0a29,0x0208,0x0a29,0x0208,0x0a29,0x0208,0x0a29,0x0208,0x0a29,0x0208,
0x0a29,0x0228,0x0a29,0x0228,0x0a29,0x0228,0x0a29,0x0228,0x0a29,0x0229,0x0a29,0x0228,0x0a29,0x0228,0x0a29,0x0228,
0x0a29,0x0229,0x0a29,0x0228,0x0a29,0x0228,0x0a29,0x0208,0x0a29,0x0208,0x0a29,0x0208,0x0a29,0x0208,0x0a29,0x0208,
0x0a29,0x0208,0x0208,0x0208,0x0208,0x0208,0x0208,0x0208,0x0a08,0x0208,0x0208,0x0208,0x0a08,0x0208,0x0208,0x0208,
0x0a08,0x01e8,0x0208,0x01e8,0x0208,0x01e8,0x01e8,0x01e7,0x01e8,0x01e7,0x01e8,0x01e7,0x01e8,0x01c7,0x01e8,0x01e7,
0x01e8,0x01e8,0x01e8,0x01e7,0x01e8,0x01e7,0x01e8,0x01e7,0x01e8,0x01c7,0x01e8,0x01c7,0x01c7,0x01a7,0x01c7,0x01a7,
0x01a7,0x01a6,0x09c7,0x01a6,0x01a6,0x01a6,0x01a7,0x0186,0x01a6,0x01a6,0x09e7,0x01c7,0x09a7,0x01a7,0x01c7,0x01c7,
0x09c8,0x01a7,0x0186,0x0186,0x09a7,0x0186,0x01a6,0x01a6,0x09a6,0x0165,0x09c7,0x09e7,0x09c7,0x01a6,0x01a6,0x0186,
0x09a6,0x0186,0x0165,0x0125,0x0125,0x0963,0x19c2,0x11a0,0x1981,0x1161,0x0922,0x0902,0x0922,0x1181,0x19a1,0x1160,
0x08e0,0x29e2,0x4b03,0x4ae3,0x42a1,0x3a82,0x3a63,0x4283,0x3a63,0x4226,0x31e5,0x4206,0x4245,0x4244,0x4244,0x62e9,
0x5287,0x4a47,0x5288,0x5ac9,0x4246,0x4a67,0x4267,0x31e6,0x3a06,0x4a67,0x29a2,0x3a03,0x3a23,0x31e2,0x29c3,0x19a3,
0x09a5,0x11e7,0x09e6,0x1207,0x09e6,0x09c6,0x09c6,0x09e6,0x09e6,0x09e6,0x09c6,0x09e6,0x01a5,0x09a5,0x01a5,0x09c6,
0x01a5,0x09e6,0x09c6,0x09a6,0x01a5,0x09c6,0x0186,0x0186,0x01a6,0x01c7,0x01a7,0x01c7,0x01a7,0x01c7,0x01a7,0x01c7,
0x01a7,0x01c7,0x01a7,0x01c7,0x01a7,0x01c7,0x01c7,0x01c7,0x01c7,0x0208,0x0208,0x0208,0x0208,0x0208,0x0208,0x0208,
0x0208,0x0208,0x0208,0x0a08,0x0208,0x0228,0x0208,0x0a28,0x0208,0x0a28,0x0208,0x0a28,0x0208,0x0a28,0x0208,0x0a29,
0x0208,0x0228,0x0208,0x0a08,0x0208,0x0208,0x0208,0x0a08,0x0208,0x0208,0x0208,0x0a28,0x0208,0x0228,0x0208,0x0228,
0x0208,0x0228,0x0208,0x0229,0x0208,0x0229,0x0228,0x0a29,0x0228,0x0229,0x0228,0x0a29,0x0228,0x0229,0x0228,0x0a29,
0x0228,0x0a29,0x0228,0x0a29,0x0228,0x0229,0x0208,0x0a09,0x0208,0x0208,0x0208,0x0208,0x0208,0x0208,0x0208,0x0208,
0x0208,0x0208,0x0208,0x0208,0x01e7,0x0208,0x01e8,0x0208,0x01e8,0x0208,0x01e8,0x0208,0x01e8,0x0208,0x01e8,0x0208,
0x01e8,0x0208,0x01e7,0x0208,0x01e7,0x0208,0x01e7,0x01e8,0x01c7,0x01e8,0x01c7,0x01e8,0x01c7,0x01e8,0x01c7,0x01e8,
0x01c7,0x01e8,0x01c7,0x01e8,0x01e7,0x01e8,0x01c7,0x01e8,0x01c7,0x01e8,0x01c7,0x01a7,0x0186,0x01a7,0x01a6,0x01a7,
0x01a6,0x01c7,0x01a6,0x01a6,0x01a6,0x09c6,0x01c6,0x01a6,0x0185,0x09c6,0x01c6,0x09c6,0x01a6,0x01a6,0x0186,0x01a7,
0x01a6,0x0186,0x0166,0x0186,0x0186,0x01a6,0x01a6,0x0165,0x01a6,0x2249,0x2249,0x1208,0x01a6,0x01a6,0x01a6,0x09a6,
0x0186,0x0186,0x0145,0x0125,0x0104,0x0104,0x0942,0x19a1,0x0960,0x0941,0x0921,0x0902,0x00e1,0x0901,0x1981,0x1981,
0x1101,0x08e0,0x21a2,0x3a44,0x3a23,0x2162,0x2163,0x31e5,0x4aa7,0x3a05,0x4a47,0x4226,0x41e4,0x4a66,0x5ac8,0x62e9,
0x62ea,0x5aa8,0x5aa8,0x62c9,0x630a,0x6309,0x6b2b,0x5ac9,0x5288,0x5ac9,0x4a46,0x3a04,0x5ac8,0x5ac8,0x52a8,0x4226,
0x29c5,0x11c5,0x11e7,0x0a06,0x1207,0x09e6,0x09c6,0x01a5,0x09c6,0x09e6,0x09e6,0x09a5,0x09c6,0x01a5,0x09c6,0x09e6,
0x11e6,0x09e6,0x11e6,0x09c6,0x09c6,0x09a6,0x09a6,0x0186,0x01a7,0x01c7,0x01c7,0x01c7,0x01c7,0x01a7,0x01c7,0x01a7,
0x01c7,0x01c7,0x01c8,0x01c7,0x01c8,0x01c7,0x01c8,0x01c7,0x01e8,0x0208,0x0a08,0x0208,0x0a28,0x0208,0x0a08,0x0208,
0x0a28,0x0208,0x0a28,0x0208,0x0a28,0x0208,0x0a29,0x0228,0x0a29,0x0228,0x0a29,0x0228,0x0a29,0x0228,0x0a29,0x0228,
0x0a29,0x0228,0x0a29,0x0208,0x0a29,0x0208,0x0a29,0x0208,0x0a29,0x0208,0x0a29,0x0208,0x0a29,0x0208,0x0a29,0x0208,
0x0229,0x0228,0x0a29,0x0228,0x0a29,0x0228,0x0a29,0x0228,0x0a29,0x0228,0x0a29,0x0228,0x0a29,0x0228,0x0a29,0x0228,
0x0a29,0x0228,0x0a29,0x0228,0x0a29,0x0228,0x0a29,0x0208,0x0a29,0x0208,0x0a09,0x0208,0x0a29,0x0208,0x0a29,0x0208,
0x0208,0x0208,0x0208,0x01e8,0x0208,0x01e8,0x0208,0x0208,0x0208,0x0208,0x0a08,0x0208,0x0208,0x0208,0x0a08,0x0208,
0x0208,0x01e8,0x0208,0x01e8,0x0208,0x01e8,0x09e8,0x01e8,0x01e8,0x01e7,0x01e8,0x01c7,0x01e8,0x01c7,0x01e8,0x01c7,
0x01e8,0x01e7,0x01e8,0x01c7,0x01e8,0x01e7,0x01e8,0x01e7,0x01e8,0x01c7,0x01a7,0x0186,0x0187,0x01a6,0x09c7,0x01c7,
0x09c7,0x01a6,0x09c7,0x01a6,0x09c7,0x09c6,0x11e7,0x09e7,0x09c7,0x01a6,0x09a6,0x01a6,0x09c7,0x01a6,0x01a7,0x01a6,
0x0186,0x0165,0x0986,0x0186,0x0186,0x0186,0x01a7,0x09e7,0x2269,0x1a28,0x11c7,0x0986,0x09a6,0x09a6,0x09a6,0x09a6,
0x09a6,0x0165,0x0146,0x0124,0x1183,0x19e3,0x3263,0x3241,0x2a01,0x1160,0x1161,0x1122,0x0902,0x00c1,0x1141,0x19a1,
0x08c0,0x08e1,0x1121,0x2183,0x1943,0x1944,0x2164,0x2184,0x31e6,0x4a47,0x4a67,0x4a47,0x4a46,0x5aa8,0x5ac8,0x62e9,
0x62e9,0x62e9,0x5287,0x5aa8,0x5288,0x5268,0x4a67,0x6b2b,0x630a,0x6b0a,0x5aa8,0x4a67,0x4a47,0x5ac9,0x5287,0x5288,
0x52a8,0x52c9,0x21e5,0x11e6,0x1206,0x11e6,0x01a5,0x01a5,0x0185,0x09c7,0x01c6,0x09c6,0x0185,0x09a6,0x01a5,0x09c6,
0x09c6,0x09e6,0x09c5,0x11e6,0x09e6,0x11e6,0x01a5,0x0166,0x0166,0x01c7,0x01c7,0x01c7,0x01a7,0x01c7,0x01a7,0x01c7,
0x01a7,0x01c7,0x01a7,0x01c7,0x01c7,0x01c7,0x01c7,0x01c7,0x01c7,0x0a08,0x01e7,0x0208,0x0208,0x0208,0x01e7,0x0208,
0x0208,0x0a08,0x0208,0x0208,0x0208,0x0208,0x0208,0x0228,0x0208,0x0a28,0x0208,0x0a28,0x0208,0x0a28,0x0208,0x0a28,
0x0208,0x0a29,0x0208,0x0228,0x0208,0x0228,0x0208,0x0228,0x0208,0x0228,0x0208,0x0208,0x0208,0x0a28,0x0208,0x0228,
0x0208,0x0229,0x0208,0x0229,0x0208,0x0229,0x0208,0x0229,0x0228,0x0a29,0x0228,0x0229,0x0228,0x0a29,0x0228,0x0229,
0x0208,0x0229,0x0208,0x0229,0x0208,0x0a29,0x0208,0x0208,0x0208,0x0208,0x0208,0x0208,0x0208,0x0208,0x0208,0x0208,
0x01e8,0x0208,0x01e8,0x0208,0x01e8,0x0208,0x01e7,0x0208,0x01e8,0x0208,0x01e8,0x0208,0x0208,0x0208,0x0208,0x0208,
0x01e8,0x0208,0x01e7,0x0208,0x01e7,0x01e8,0x01e7,0x01e8,0x01e7,0x01e8,0x01e7,0x01e8,0x01e7,0x01e8,0x01c7,0x01e8,
0x01c7,0x01e8,0x01c7,0x01e8,0x01c7,0x01e8,0x01c7,0x01c7,0x01a7,0x01a7,0x0166,0x0187,0x0186,0x01a6,0x01c6,0x09c7,
0x09c6,0x09c6,0x01a6,0x09c6,0x01a6,0x09c6,0x09c6,0x09e7,0x09c6,0x01a6,0x0185,0x01a6,0x01a6,0x09c6,0x01a6,0x0186,
0x0145,0x0186,0x0185,0x0186,0x0145,0x01a7,0x09e8,0x09c8,0x0186,0x0186,0x09a6,0x09c6,0x09a6,0x09c6,0x01a6,0x0166,
0x0105,0x0943,0x11c2,0x2a22,0x3261,0x42a2,0x4b04,0x5304,0x42a1,0x3221,0x1160,0x1160,0x0920,0x08e1,0x00e0,0x1981,
0x1122,0x08e0,0x1941,0x1980,0x2183,0x2164,0x2984,0x29a5,0x39e6,0x4a27,0x5268,0x4226,0x4a47,0x4a46,0x5288,0x6309,
0x6b2a,0x62e9,0x62c9,0x5ac8,0x5a88,0x5267,0x4a27,0x4a68,0x5aa9,0x5287,0x62e9,0x5ae9,0x5ac9,0x5aa8,0x62e9,0x5aea,
0x5aca,0x5ac9,0x5288,0x1943,0x11e6,0x0a07,0x09c6,0x01a5,0x09c7,0x01a6,0x09a6,0x01a6,0x09c6,0x09a6,0x11e6,0x09e6,
0x1207,0x11e6,0x11e7,0x09c6,0x11e6,0x11e6,0x11e7,0x0186,0x0186,0x0186,0x01c7,0x01c7,0x01c7,0x01c7,0x01c7,0x01c7,
0x01c8,0x01c7,0x01c8,0x01c7,0x01c8,0x01c7,0x01c8,0x01c7,0x01e8,0x01e8,0x0208,0x01e8,0x0a08,0x01e8,0x0208,0x0208,
0x0a08,0x0208,0x0a28,0x0208,0x0a08,0x0208,0x0a28,0x0208,0x0a29,0x0208,0x0a29,0x0228,0x0a29,0x0228,0x0a29,0x0228,
0x0a29,0x0228,0x0a29,0x0228,0x0a29,0x0228,0x0a29,0x0228,0x0a29,0x0208,0x0a29,0x0208,0x0a29,0x0208,0x0a29,0x0228,
0x0a29,0x0228,0x0a29,0x0228,0x0a29,0x0228,0x0a29,0x0228,0x0a29,0x0228,0x0a29,0x0228,0x0a29,0x0228,0x0a29,0x0228,
0x0a29,0x0208,0x0a29,0x0208,0x0a29,0x0208,0x0a29,0x0208,0x0a29,0x0208,0x0a29,0x0208,0x0a29,0x0208,0x0208,0x0208,
0x0a08,0x0208,0x0208,0x01e8,0x0a08,0x01e8,0x0208,0x0208,0x0a08,0x0208,0x0208,0x0208,0x0a08,0x0208,0x0208,0x0208,
0x0a08,0x0208,0x0208,0x01e8,0x0208,0x01e8,0x0208,0x01e8,0x01e8,0x01e8,0x01e8,0x01e7,0x01e8,0x01c7,0x01e8,0x01c7,
0x01e8,0x01c7,0x01e8,0x01c7,0x01e8,0x01c7,0x01e8,0x01a7,0x01a7,0x0186,0x01a7,0x0186,0x01a7,0x09c7,0x09e7,0x09e7,
0x09e7,0x09c6,0x09e6,0x09c6,0x09e7,0x09c6,0x09e7,0x09e6,0x11e7,0x09c6,0x09e6,0x01a6,0x09c7,0x09c6,0x01a6,0x0165,
0x0166,0x0186,0x0186,0x0166,0x0166,0x0187,0x0167,0x0145,0x09a7,0x09c6,0x09c7,0x09a6,0x11c7,0x09e8,0x0187,0x0124,
0x19a3,0x2a01,0x3240,0x3241,0x3a82,0x3a81,0x42a3,0x42a3,0x3a82,0x3a61,0x2a21,0x1160,0x1960,0x1120,0x0900,0x0940,
0x19c2,0x21c1,0x1980,0x1961,0x19a1,0x29c3,0x31e5,0x4247,0x4a67,0x5267,0x4a46,0x4a47,0x4a46,0x4206,0x4a26,0x5ac9,
0x5287,0x630a,0x630a,0x5ac9,0x5aa8,0x5aa8,0x5aa8,0x4a47,0x39e5,0x5aa8,0x62e9,0x62ea,0x52a8,0x5267,0x5ae9,0x6b2b,
0x52a8,0x4227,0x52a8,0x31a5,0x1164,0x09c6,0x09a6,0x09a6,0x01a5,0x09a6,0x0185,0x09a6,0x09c6,0x11e6,0x11e6,0x1a27,
0x1206,0x1206,0x09a6,0x09a6,0x09c6,0x11e6,0x09c6,0x01a6,0x0165,0x0186,0x01a7,0x01c7,0x01a7,0x01c7,0x01a7,0x01c7,
0x01a7,0x01c7,0x01a7,0x01c7,0x01a7,0x01c7,0x01a7,0x01c7,0x01c7,0x0208,0x01e8,0x0208,0x01e7,0x0208,0x01e8,0x0208,
0x01e7,0x0208,0x0208,0x0208,0x0207,0x0208,0x0208,0x0208,0x0208,0x0228,0x0208,0x0a28,0x0208,0x0228,0x0208,0x0a28,
0x0208,0x0a28,0x0208,0x0a29,0x0228,0x0228,0x0228,0x0a29,0x0208,0x0228,0x0208,0x0228,0x0208,0x0228,0x0208,0x0228,
0x0208,0x0228,0x0208,0x0a29,0x0208,0x0229,0x0208,0x0a29,0x0208,0x0229,0x0208,0x0229,0x0208,0x0229,0x0208,0x0a29,
0x0208,0x0228,0x0208,0x0a28,0x0208,0x0208,0x0208,0x0208,0x0208,0x0208,0x0208,0x0208,0x0208,0x0208,0x0208,0x0208,
0x01e7,0x0208,0x01e8,0x0208,0x01e7,0x0208,0x01e8,0x0208,0x01e7,0x0208,0x0208,0x0208,0x0208,0x0208,0x0208,0x0208,
0x01e7,0x0208,0x01e8,0x0208,0x01e7,0x0208,0x01e8,0x0208,0x01e7,0x01e8,0x01c7,0x01e8,0x01c7,0x01e8,0x01c7,0x01c8,
0x01c7,0x01e7,0x01c7,0x01e8,0x01c7,0x01e8,0x01a7,0x01a7,0x01a6,0x01a7,0x01a6,0x0186,0x01a6,0x09e7,0x01c6,0x09c7,
0x01c6,0x09c6,0x09c6,0x09c6,0x01a6,0x09c6,0x01a6,0x09c7,0x09e6,0x1207,0x09e6,0x09c6,0x01a6,0x01a6,0x0165,0x0186,
0x0165,0x0165,0x0145,0x0187,0x0166,0x0125,0x0125,0x0166,0x09a6,0x09a6,0x0185,0x09a6,0x0166,0x11c6,0x11e4,0x21e2,
0x2a00,0x2a01,0x2a20,0x3241,0x3260,0x42a2,0x42a3,0x3a41,0x3220,0x2a40,0x21e0,0x1980,0x1160,0x1160,0x0900,0x1120,
0x2a01,0x3a81,0x29e1,0x1961,0x3a82,0x42c2,0x4284,0x4225,0x4a27,0x4a26,0x5267,0x5267,0x5a88,0x5268,0x4a27,0x4206,
0x5267,0x5aa8,0x62c9,0x5ac8,0x5287,0x5287,0x62c9,0x5288,0x4206,0x6309,0x630a,0x5ac9,0x5288,0x5288,0x5aa9,0x5aea,
0x630a,0x52a9,0x4a68,0x4247,0x31a5,0x09a5,0x09c6,0x09a5,0x11e6,0x09a5,0x09a6,0x0185,0x11e6,0x09e6,0x1207,0x1207,
0x1207,0x1227,0x11e7,0x09c6,0x09c7,0x09c6,0x11c7,0x0186,0x0166,0x0166,0x01c8,0x01c7,0x01c7,0x01c7,0x01c8,0x01c7,
0x01c7,0x01c7,0x01c8,0x01c7,0x01c7,0x01c7,0x01c8,0x01c7,0x01e8,0x01e8,0x0a08,0x01e8,0x0a08,0x01e8,0x0a08,0x0208,
0x0208,0x0208,0x0a08,0x0208,0x0a08,0x0208,0x0a08,0x0208,0x0a28,0x0208,0x0a29,0x0208,0x0a29,0x0208,0x0a29,0x0228,
0x0a29,0x0228,0x0a29,0x0228,0x0a29,0x0228,0x0a29,0x0228,0x0a29,0x0228,0x0a29,0x0228,0x0a29,0x0208,0x0a29,0x0208,
0x0a29,0x0208,0x0a29,0x0208,0x0a29,0x0228,0x0a29,0x0228,0x0a29,0x0228,0x0a29,0x0228,0x0a29,0x0228,0x0a29,0x0228,
0x0a29,0x0208,0x0a29,0x0208,0x0a29,0x0208,0x0a29,0x0208,0x0a29,0x0208,0x0a09,0x0208,0x0208,0x0208,0x0a08,0x0208,
0x0208,0x0208,0x0a08,0x01e8,0x0208,0x0208,0x0a08,0x0208,0x0208,0x0208,0x0a09,0x0208,0x0208,0x0208,0x0a08,0x0208,
0x0a08,0x01e8,0x0a08,0x01e8,0x0208,0x01e8,0x0a08,0x01e8,0x01e8,0x01e7,0x01e8,0x01e7,0x01e8,0x01e7,0x01e8,0x01e7,
0x01e8,0x01c7,0x01e8,0x01e7,0x01e8,0x01a7,0x01a7,0x01a6,0x01a7,0x01a6,0x01a7,0x01a6,0x01c7,0x01c6,0x09c7,0x01a6,
0x09c6,0x01a6,0x09c6,0x09c6,0x09e7,0x09c6,0x09c7,0x09c6,0x09e7,0x09e6,0x11e7,0x09a6,0x09a6,0x0186,0x09a6,0x0186,
0x0166,0x0145,0x09a7,0x0987,0x0146,0x0125,0x0146,0x0166,0x0965,0x0104,0x0125,0x0125,0x0904,0x1983,0x3a43,0x3222,
0x3221,0x3220,0x3a80,0x42a1,0x4ae3,0x52e3,0x52c4,0x42a1,0x42a2,0x3a81,0x3241,0x21c1,0x1960,0x1140,0x1141,0x0900,
0x3261,0x3a62,0x21c0,0x21c1,0x2a21,0x3a82,0x3a81,0x4264,0x4224,0x4a26,0x4a46,0x5a88,0x5267,0x5aa8,0x5287,0x5267,
0x5aa8,0x5a88,0x4a67,0x5aa8,0x5287,0x5aa8,0x5aa8,0x62c9,0x5287,0x5aa8,0x5ac9,0x630a,0x62e9,0x62ea,0x5ac9,0x5ac9,
0x4a68,0x5288,0x31c5,0x39e6,0x31a5,0x21a5,0x09a5,0x09c6,0x09c5,0x09a6,0x0185,0x09a5,0x09c6,0x1206,0x1206,0x1227,
0x09e6,0x1a27,0x11e6,0x09c6,0x09c6,0x09c6,0x01a5,0x0186,0x0166,0x0186,0x01a7,0x01c7,0x01a7,0x01c7,0x01a7,0x01c7,
0x01a7,0x01c7,0x01a7,0x01c7,0x01a7,0x01c7,0x01a7,0x01c7,0x01c7,0x01e8,0x01e7,0x0208,0x01e7,0x0208,0x01e7,0x0208,
0x01e8,0x0208,0x0207,0x0208,0x01e8,0x0208,0x01e7,0x0208,0x0208,0x0208,0x0208,0x0228,0x0208,0x0a28,0x0208,0x0a28,
0x0208,0x0a28,0x0208,0x0228,0x0228,0x0a29,0x0228,0x0228,0x0208,0x0a29,0x0228,0x0228,0x0208,0x0208,0x0208,0x0228,
0x0208,0x0208,0x0208,0x0228,0x0208,0x0229,0x0208,0x0228,0x0208,0x0229,0x0208,0x0229,0x0208,0x0229,0x0208,0x0229,
0x0208,0x0229,0x0208,0x0228,0x0208,0x0208,0x0208,0x0208,0x0208,0x0208,0x0208,0x0208,0x01e8,0x0208,0x01e7,0x0208,
0x01e8,0x0208,0x01e7,0x0208,0x01e8,0x0208,0x01e8,0x0208,0x0208,0x0208,0x0208,0x0208,0x0208,0x0208,0x0208,0x0208,
0x01e8,0x0208,0x01e7,0x0208,0x01e8,0x0208,0x01e7,0x01e8,0x01e7,0x01e8,0x01e7,0x01e8,0x01c7,0x01e8,0x01e7,0x01e8,
0x01e7,0x01e8,0x01c7,0x01e8,0x01c7,0x01a7,0x0186,0x01a6,0x01a6,0x01a7,0x01a6,0x09c7,0x01a6,0x09c7,0x01a6,0x01c6,
0x01a6,0x09c6,0x01c6,0x09e6,0x09c6,0x09c6,0x01a5,0x09c6,0x09c6,0x09e7,0x01c6,0x09c6,0x0186,0x0186,0x0186,0x0186,
0x0186,0x11e8,0x0145,0x0125,0x0125,0x0146,0x0145,0x0125,0x00e4,0x0905,0x1986,0x31c7,0x31e6,0x4268,0x4266,0x4246,
0x3a25,0x4246,0x3223,0x3a63,0x4ae4,0x4ac3,0x42a1,0x3a81,0x3280,0x3a81,0x3260,0x3261,0x2a00,0x1960,0x0900,0x0900,
0x21a1,0x19a0,0x3a62,0x3241,0x3a82,0x42c2,0x42a2,0x3a81,0x4263,0x4244,0x4a67,0x5287,0x5a88,0x5aa8,0x5287,0x4a46,
0x5a88,0x5aa8,0x5ac9,0x5a88,0x62e9,0x62e9,0x62e9,0x5aa8,0x62c8,0x5aa8,0x5267,0x5287,0x6b0a,0x5ac9,0x4a68,0x3a06,
0x4206,0x4a67,0x3a06,0x31a5,0x31c5,0x31a5,0x11a5,0x09a5,0x09a5,0x09a5,0x09c6,0x09c6,0x1a28,0x1227,0x1207,0x1206,
0x1207,0x11e6,0x11e7,0x09e6,0x11e7,0x09c6,0x0986,0x0145,0x0986,0x0166,0x01e8,0x01c7,0x01c8,0x01c7,0x01c7,0x01c7,
0x01c7,0x01a7,0x01c7,0x01c7,0x01c7,0x01a7,0x01c7,0x01c7,0x01e8,0x01e8,0x0208,0x01e7,0x0a08,0x01e8,0x0a08,0x01e8,
0x0a08,0x0208,0x0a08,0x0208,0x0a08,0x0208,0x0a08,0x0208,0x0a08,0x0208,0x0a28,0x0208,0x0a29,0x0208,0x0a29,0x0208,
0x0a29,0x0208,0x0a29,0x0228,0x0a29,0x0228,0x0a29,0x0228,0x0a29,0x0228,0x0a29,0x0208,0x0a29,0x0208,0x0a28,0x0208,
0x0a29,0x0208,0x0a29,0x0208,0x0a29,0x0208,0x0a29,0x0208,0x0a29,0x0228,0x0a29,0x0228,0x0a29,0x0228,0x0a29,0x0228,
0x0a29,0x0208,0x0a29,0x0208,0x0a29,0x0208,0x0a29,0x0208,0x0a09,0x0208,0x0208,0x0208,0x0208,0x01e8,0x0208,0x01e8,
0x0a08,0x01e8,0x0208,0x01e8,0x0a08,0x0208,0x0208,0x0208,0x0a08,0x0208,0x0208,0x0208,0x0a08,0x0208,0x0208,0x0208,
0x0a08,0x01e8,0x0a08,0x01e8,0x0a08,0x01e8,0x0208,0x01e8,0x01e8,0x01e8,0x0208,0x01e8,0x01e8,0x01e7,0x01e8,0x01e7,
0x01e8,0x01e7,0x01e8,0x01e7,0x01c7,0x0186,0x01a7,0x01a6,0x01a7,0x01c7,0x09c7,0x01c7,0x09c7,0x01a6,0x09c7,0x01c6,
0x09e7,0x09c6,0x09a6,0x0186,0x09a6,0x01a6,0x09e7,0x09c6,0x09c7,0x09c6,0x09e7,0x09c6,0x09a6,0x0186,0x0186,0x09a6,
0x1a49,0x0186,0x0145,0x0145,0x0146,0x0146,0x0146,0x0125,0x21a6,0x3207,0x3a28,0x4268,0x4a88,0x4267,0x4aa7,0x4266,
0x4247,0x31c6,0x2965,0x2144,0x2983,0x29c2,0x3222,0x3a82,0x42c2,0x3281,0x3261,0x3240,0x3241,0x19a0,0x1140,0x0900,
0x00c0,0x3222,0x42c1,0x3aa1,0x3a81,0x3a82,0x3a81,0x3a82,0x3a43,0x4a46,0x4a46,0x5287,0x5288,0x4a46,0x2961,0x39e3,
0x5aa8,0x5ac9,0x5a88,0x5287,0x5aa8,0x630a,0x6309,0x62e9,0x62e8,0x62c9,0x5267,0x5a87,0x5ac8,0x62ea,0x4a67,0x4a47,
0x4a67,0x5288,0x2985,0x31c6,0x3a06,0x4a47,0x1964,0x0145,0x0164,0x09a6,0x09c5,0x11e6,0x09e6,0x1a69,0x09c7,0x09e7,
0x09e6,0x09e7,0x09c6,0x11e7,0x09c6,0x09c6,0x0145,0x0145,0x0145,0x0186,0x01c7,0x01e8,0x01c7,0x01c7,0x01c7,0x01c7,
0x01a6,0x01a7,0x01a7,0x01c7,0x01a7,0x01c7,0x01a7,0x01c7,0x01e7,0x01e8,0x01e7,0x0208,0x01e7,0x0208,0x01e7,0x0208,
0x01e7,0x0208,0x01e8,0x0208,0x01e7,0x0208,0x01e8,0x0a08,0x0207,0x0208,0x0208,0x0208,0x0208,0x0208,0x0208,0x0a28,
0x0208,0x0a28,0x0208,0x0a29,0x0228,0x0228,0x0228,0x0a29,0x0228,0x0228,0x0208,0x0228,0x0208,0x0228,0x0208,0x0228,
0x0208,0x0228,0x0208,0x0229,0x0208,0x0228,0x0208,0x0229,0x0208,0x0229,0x0208,0x0a29,0x0208,0x0229,0x0208,0x0a29,
0x0208,0x0228,0x0208,0x0208,0x0208,0x0208,0x0208,0x0208,0x0208,0x0208,0x0208,0x0208,0x01e8,0x0208,0x01e8,0x0208,
0x01e7,0x0208,0x01e8,0x0208,0x01e8,0x0208,0x01e8,0x0208,0x0208,0x0208,0x0208,0x0208,0x0208,0x0208,0x01e8,0x0208,
0x01e7,0x0208,0x01e8,0x0208,0x01e7,0x0208,0x01e8,0x01e8,0x01e7,0x01e8,0x01e7,0x01e8,0x01c7,0x01e8,0x01c7,0x01e8,
0x01e7,0x01e8,0x01e7,0x01c7,0x0186,0x0186,0x01a6,0x09c7,0x01c6,0x09c7,0x01a6,0x09c7,0x01a6,0x01c6,0x01a6,0x09c6,
0x01a6,0x01a6,0x0186,0x0186,0x01a6,0x09e6,0x09c6,0x09e6,0x01c6,0x01a6,0x01a6,0x09a6,0x01a5,0x09a6,0x0186,0x1208,
0x0186,0x0186,0x0165,0x0146,0x0145,0x0166,0x00c3,0x2185,0x4a68,0x4227,0x3a06,0x4248,0x3a47,0x4268,0x3a26,0x2985,
0x1923,0x1944,0x1944,0x2165,0x1944,0x1923,0x1923,0x2182,0x29e1,0x3240,0x3261,0x3a81,0x21e0,0x1980,0x1160,0x1140,
0x08e0,0x2a01,0x4ae2,0x3a62,0x42c2,0x3a81,0x3221,0x3a61,0x4283,0x4243,0x4a45,0x4a46,0x4a67,0x4244,0x4223,0x4a65,
0x62c8,0x5aa8,0x5aa8,0x5aa8,0x62c9,0x62e9,0x6b0a,0x62c9,0x62e9,0x5aa8,0x5aa8,0x5aa8,0x62e9,0x630a,0x62ea,0x5aa9,
0x62e9,0x39e6,0x2985,0x31c6,0x4a68,0x4a27,0x31c6,0x0924,0x0165,0x0185,0x11c6,0x09c5,0x11e6,0x11e7,0x2269,0x09e7,
0x1207,0x09e6,0x11c7,0x09c6,0x09a6,0x0165,0x0166,0x0165,0x0166,0x0166,0x09e8,0x01c7,0x01c7,0x01a7,0x01c8,0x01c7,
0x01c7,0x01a7,0x01c7,0x01a7,0x01c7,0x01a7,0x01c7,0x01e7,0x01e8,0x01e7,0x0a08,0x01e8,0x0a08,0x01e8,0x0a08,0x01e8,
0x0208,0x01e8,0x0a08,0x01e8,0x0a08,0x01e8,0x0a08,0x0208,0x0a08,0x0208,0x0a08,0x0208,0x0a28,0x0208,0x0a29,0x0208,
0x0a29,0x0228,0x0a29,0x0228,0x0a29,0x0228,0x0a29,0x0228,0x0a29,0x0228,0x0a29,0x0228,0x0a29,0x0228,0x0a29,0x0228,
0x0a29,0x0228,0x0a29,0x0208,0x0a29,0x0208,0x0a29,0x0208,0x0a29,0x0208,0x0a29,0x0208,0x0a29,0x0208,0x0a29,0x0208,
0x0a29,0x0208,0x0a29,0x0208,0x0a29,0x0208,0x0a29,0x0208,0x0209,0x0208,0x0a29,0x0208,0x0208,0x0208,0x0a08,0x01e8,
0x0208,0x0208,0x0a08,0x0208,0x0208,0x0208,0x0a08,0x0208,0x0208,0x0208,0x0a08,0x0208,0x0208,0x0208,0x0a08,0x0208,
0x0a08,0x01e8,0x0a08,0x01e8,0x0208,0x01e8,0x0a08,0x01e8,0x0208,0x01e7,0x01e8,0x01c7,0x01e8,0x01c7,0x01e8,0x01e8,
0x01e8,0x01e7,0x01e8,0x01a7,0x01a7,0x0186,0x09c7,0x01c7,0x09e7,0x09c7,0x09e7,0x01c6,0x01a7,0x01a6,0x09c7,0x01a6,
0x09c7,0x01a6,0x09c7,0x01a6,0x09c6,0x09e6,0x11e7,0x09e6,0x09c6,0x0185,0x09a6,0x09a6,0x09c7,0x01a6,0x11e8,0x0166,
0x0186,0x0186,0x0986,0x0146,0x0166,0x00e4,0x1945,0x39e6,0x4228,0x3a06,0x3a27,0x4268,0x4a68,0x4268,0x3a06,0x3a06,
0x31e6,0x2164,0x2164,0x2164,0x2144,0x1923,0x2164,0x1944,0x1943,0x1100,0x21a1,0x2a01,0x2a21,0x1180,0x1980,0x1160,
0x0920,0x1160,0x2a21,0x1140,0x21c1,0x42a3,0x21c1,0x2162,0x29a1,0x3a03,0x3202,0x4243,0x4263,0x4a83,0x3a22,0x4a46,
0x5286,0x5ac8,0x5ac8,0x5aa8,0x62e9,0x5ac9,0x4226,0x5267,0x5aa8,0x5a88,0x5287,0x5aa8,0x62c9,0x62e9,0x5ac8,0x62c9,
0x62c9,0x4a68,0x2984,0x31c6,0x4227,0x4207,0x3a06,0x1123,0x0165,0x0985,0x01a5,0x09a5,0x09a5,0x09c6,0x2a89,0x2248,
0x09e6,0x1207,0x09c6,0x09a6,0x0165,0x0166,0x0165,0x0166,0x0165,0x0166,0x01a7,0x01c7,0x01a7,0x01a7,0x01a7,0x01e8,
0x01c7,0x01c7,0x01a6,0x01c7,0x01a7,0x01c7,0x01c7,0x01e8,0x01e7,0x01e8,0x01e7,0x0208,0x01e7,0x0208,0x01e7,0x01e8,
0x01e7,0x01e8,0x01e7,0x01e8,0x01e7,0x0208,0x01e7,0x0208,0x01e8,0x0208,0x01e7,0x0208,0x0208,0x0208,0x0208,0x0228,
0x0208,0x0a28,0x0208,0x0228,0x0208,0x0228,0x0208,0x0228,0x0208,0x0228,0x0228,0x0228,0x0208,0x0229,0x0228,0x0228,
0x0208,0x0a29,0x0208,0x0229,0x0208,0x0a29,0x0208,0x0229,0x0208,0x0a29,0x0208,0x0229,0x0208,0x0a29,0x0208,0x0228,
0x0208,0x0229,0x0208,0x0228,0x0208,0x0a28,0x0208,0x0208,0x0208,0x0208,0x0208,0x0208,0x0208,0x0208,0x0208,0x0208,
0x0208,0x0208,0x01e7,0x0208,0x0208,0x0208,0x0208,0x0208,0x0208,0x0208,0x01e8,0x0208,0x01e8,0x0208,0x01e8,0x0208,
0x01e7,0x0208,0x01e7,0x0208,0x01e8,0x0208,0x01e7,0x0208,0x01e8,0x01e8,0x01e7,0x01e8,0x01c7,0x01e8,0x01c7,0x01e8,
0x01c7,0x01e8,0x01c7,0x01a7,0x0186,0x0186,0x0186,0x09c7,0x01c6,0x09e7,0x01c6,0x09c7,0x01c6,0x09c6,0x01a6,0x01c6,
0x01c6,0x09e7,0x01c6,0x09c6,0x09c6,0x09a6,0x01a6,0x01a6,0x0165,0x0186,0x0186,0x09c7,0x01a6,0x1208,0x01a6,0x0186,
0x0186,0x0186,0x0165,0x0145,0x0124,0x3a07,0x4a48,0x4248,0x3a27,0x3a27,0x3a27,0x4268,0x4268,0x4a68,0x4a68,0x52a9,
0x4a88,0x4a89,0x3206,0x2164,0x10e2,0x1102,0x1122,0x1122,0x1943,0x1101,0x08c0,0x08c0,0x08c0,0x1141,0x1180,0x1960,
0x19a1,0x1161,0x0921,0x0921,0x1121,0x1982,0x2163,0x1942,0x31e2,0x4262,0x4263,0x4241,0x52a5,0x52c7,0x29a2,0x4224,
0x4a43,0x4203,0x5a87,0x5ac7,0x5ac8,0x5267,0x5267,0x5247,0x5247,0x5247,0x5aa8,0x62c9,0x5aa9,0x62c9,0x62e9,0x6b09,
0x6b0a,0x5aa9,0x4a68,0x3a06,0x4207,0x39e6,0x4207,0x1923,0x0945,0x09c6,0x09a5,0x0985,0x09a5,0x09a5,0x11e7,0x3aca,
0x11e7,0x11e7,0x11e7,0x0165,0x0165,0x0165,0x0186,0x0165,0x0166,0x0166,0x01c7,0x01a7,0x01c7,0x01a7,0x01c7,0x01c7,
0x09e8,0x01e7,0x01c7,0x01c7,0x01e8,0x01c7,0x01e8,0x01e7,0x09e8,0x01e8,0x0208,0x01e7,0x0a08,0x01e8,0x0208,0x01e7,
0x0a08,0x01e8,0x0208,0x01e7,0x0a08,0x01e8,0x0208,0x01e8,0x0a08,0x0208,0x0208,0x0208,0x0a28,0x0208,0x0a28,0x0208,
0x0a29,0x0208,0x0a29,0x0208,0x0a29,0x0208,0x0a29,0x0208,0x0a29,0x0208,0x0a29,0x0228,0x0a29,0x0228,0x0a29,0x0228,
0x0a29,0x0228,0x0a29,0x0228,0x0a29,0x0228,0x0a29,0x0228,0x0a29,0x0228,0x0a29,0x0228,0x0a29,0x0228,0x0a29,0x0228,
0x0a29,0x0228,0x0a29,0x0208,0x0a29,0x0208,0x0a29,0x0208,0x0a29,0x0208,0x0a29,0x0208,0x0a08,0x0208,0x0208,0x0208,
0x0a08,0x0208,0x0208,0x0208,0x0a08,0x0208,0x0208,0x0208,0x0a08,0x0208,0x0208,0x01e8,0x0a08,0x01e8,0x0208,0x0208,
0x0a08,0x01e8,0x0a08,0x01e8,0x0a08,0x01e8,0x0208,0x01e8,0x0a08,0x01e8,0x01e8,0x01e7,0x09e8,0x01e7,0x01e8,0x01c7,
0x01e8,0x01e7,0x01c7,0x0186,0x01a7,0x0186,0x01a6,0x09c7,0x09e7,0x09c7,0x09e7,0x09e6,0x09e7,0x09c6,0x09c6,0x01c6,
0x09e7,0x09e6,0x09e6,0x09c6,0x09e7,0x01a6,0x09c7,0x0186,0x0186,0x0186,0x0986,0x0186,0x09a7,0x09a7,0x01a6,0x01a6,
0x0186,0x0165,0x0165,0x00e3,0x4227,0x5ac9,0x4a68,0x4268,0x4248,0x3a07,0x3a27,0x4268,0x4a89,0x4247,0x4a88,0x4a68,
0x4a68,0x3a06,0x31e5,0x1923,0x1923,0x1102,0x1922,0x1101,0x1101,0x1101,0x1120,0x08e0,0x0060,0x0060,0x1101,0x1960,
0x1141,0x1141,0x0921,0x1142,0x0901,0x1122,0x1941,0x3a22,0x3a41,0x4aa1,0x4aa1,0x4261,0x4a63,0x4244,0x2981,0x4a65,
0x4224,0x4205,0x4a25,0x4a62,0x4a64,0x5268,0x4a47,0x5267,0x4a26,0x5247,0x5287,0x5ac9,0x39e6,0x4206,0x5267,0x62e9,
0x62e9,0x5268,0x4227,0x5268,0x39e5,0x31c5,0x31c5,0x31a5,0x0903,0x0985,0x0165,0x0165,0x09c5,0x09c5,0x0185,0x2a69,
0x1a07,0x0986,0x0185,0x0145,0x0145,0x0186,0x0166,0x0166,0x0145,0x0186,0x01a7,0x01a7,0x01a6,0x01c7,0x01a7,0x01c7,
0x01c7,0x01e7,0x01c7,0x01c7,0x01e7,0x01e7,0x01e7,0x01e8,0x01e7,0x01e8,0x01e7,0x01e8,0x01e7,0x01e8,0x01e7,0x01e8,
0x01e7,0x01e8,0x01e7,0x01e8,0x01e7,0x01e8,0x01e7,0x01e8,0x01e7,0x0208,0x01e8,0x0208,0x0207,0x0208,0x0208,0x0a28,
0x0208,0x0a28,0x0208,0x0208,0x0208,0x0228,0x0208,0x0a28,0x0208,0x0228,0x0208,0x0228,0x0208,0x0228,0x0228,0x0a29,
0x0228,0x0229,0x0208,0x0a29,0x0208,0x0229,0x0208,0x0a29,0x0208,0x0228,0x0208,0x0a29,0x0208,0x0228,0x0228,0x0a29,
0x0208,0x0a28,0x0208,0x0a29,0x0208,0x0228,0x0208,0x0a28,0x0208,0x0208,0x0208,0x0208,0x0208,0x0208,0x01e8,0x0208,
0x0208,0x0208,0x0208,0x0208,0x01e7,0x0208,0x01e8,0x0208,0x01e7,0x0208,0x01e8,0x0208,0x01e7,0x0208,0x01e8,0x0208,
0x01e7,0x0208,0x01e8,0x0208,0x01e7,0x0208,0x01e8,0x01e8,0x01e7,0x01e8,0x01c7,0x01e8,0x01c7,0x01e8,0x01c7,0x01c8,
0x01c7,0x01c7,0x0186,0x01a7,0x01a6,0x01a7,0x01a6,0x09c7,0x01c6,0x09c7,0x01c6,0x09e7,0x01c6,0x09e7,0x01c6,0x09c7,
0x01a6,0x09c6,0x01c6,0x09e6,0x09c6,0x09e6,0x09c6,0x0186,0x01a6,0x09c6,0x0185,0x0186,0x0186,0x0186,0x01a6,0x09a6,
0x0165,0x0166,0x0103,0x39c5,0x5287,0x4a88,0x4268,0x4227,0x29c5,0x29c6,0x29c6,0x4268,0x4268,0x4a88,0x4a68,0x4a89,
0x3a27,0x31c4,0x31c5,0x31c5,0x29a5,0x1922,0x10e0,0x10e1,0x08c0,0x1941,0x21a1,0x1120,0x00a0,0x0060,0x0040,0x08a1,
0x1142,0x0921,0x1162,0x1141,0x1141,0x1121,0x29c2,0x3a62,0x4aa1,0x4aa1,0x4ac2,0x4261,0x4222,0x31c1,0x39e3,0x4224,
0x5288,0x5288,0x4a65,0x4243,0x4a46,0x5267,0x5267,0x5267,0x5267,0x5267,0x5a88,0x4a47,0x4206,0x39e6,0x4a27,0x4a47,
0x4a68,0x29a5,0x39e6,0x4a47,0x4227,0x31a5,0x39e7,0x2985,0x2144,0x0924,0x0145,0x0145,0x09a6,0x0985,0x0965,0x0965,
0x19e8,0x0145,0x0186,0x0166,0x0186,0x0165,0x0166,0x0165,0x0166,0x0166,0x01c7,0x01a7,0x01c7,0x01a7,0x01c7,0x01a7,
0x01c7,0x01c7,0x01e8,0x01e7,0x01e8,0x01e7,0x01e8,0x01e7,0x01e8,0x01e7,0x09e8,0x01e8,0x01e8,0x01e7,0x09e8,0x01e8,
0x01e8,0x01e7,0x09e8,0x01e8,0x01e8,0x01e7,0x0a08,0x01e8,0x0208,0x0208,0x0a08,0x0208,0x0208,0x0208,0x0a28,0x0208,
0x0a28,0x0208,0x0a29,0x0208,0x0a28,0x0208,0x0a29,0x0208,0x0a28,0x0208,0x0a29,0x0208,0x0a29,0x0228,0x0a29,0x0228,
0x0a29,0x0228,0x0a29,0x0208,0x0a29,0x0208,0x0a29,0x0228,0x0a29,0x0228,0x0a29,0x0228,0x0a29,0x0228,0x0a29,0x0228,
0x0a29,0x0228,0x0a29,0x0228,0x0a29,0x0208,0x0a29,0x0208,0x0a29,0x0208,0x0a29,0x0208,0x0228,0x0208,0x0a29,0x0208,
0x0209,0x0208,0x0208,0x0208,0x0208,0x0208,0x0a08,0x0208,0x0208,0x01e8,0x0a08,0x01e8,0x0208,0x01e8,0x0208,0x01e8,
0x0208,0x01e8,0x0a08,0x01e8,0x0208,0x01e8,0x0a08,0x01e8,0x01e8,0x01e7,0x09e8,0x01e7,0x01e8,0x01c7,0x01e8,0x01c7,
0x01e8,0x01c7,0x0187,0x0186,0x01a7,0x0186,0x01a7,0x01a6,0x09c7,0x01c6,0x09e7,0x09c6,0x09e7,0x09e6,0x09e7,0x09e7,
0x09e7,0x01a6,0x09c7,0x09c6,0x11e7,0x09e6,0x09a6,0x0186,0x09c7,0x09c6,0x09c7,0x01a6,0x09a6,0x0186,0x09a6,0x0166,
0x0966,0x0103,0x1943,0x4a67,0x4247,0x3a06,0x4248,0x3a27,0x3a27,0x3a27,0x52aa,0x52a9,0x52a9,0x4a89,0x4a68,0x4247,
0x4227,0x3a26,0x4246,0x4266,0x3a44,0x4284,0x3a24,0x08e0,0x08c1,0x08c0,0x2182,0x1120,0x1100,0x08e0,0x08e1,0x00a0,
0x1121,0x1962,0x1141,0x1121,0x0921,0x1961,0x3221,0x4282,0x3a41,0x4aa2,0x4281,0x31e0,0x29a0,0x31a1,0x39e2,0x5ac7,
0x5ac8,0x4a85,0x31e2,0x5287,0x5a88,0x5a87,0x5287,0x5287,0x5267,0x5267,0x4a47,0x4206,0x4226,0x4a47,0x4226,0x5268,
0x4a68,0x2985,0x2185,0x3a07,0x4a47,0x4a48,0x31e6,0x2164,0x1903,0x1124,0x0104,0x0145,0x0145,0x0145,0x0104,0x0145,
0x09c7,0x0186,0x0165,0x0166,0x0145,0x0166,0x0145,0x0166,0x0145,0x0186,0x01a7,0x01c7,0x01a7,0x01c7,0x01a6,0x01c7,
0x01a6,0x01c7,0x01c7,0x01e7,0x01e7,0x01e8,0x01e7,0x01e8,0x01e7,0x01e8,0x01e7,0x01e8,0x01e7,0x01e8,0x01e7,0x01e8,
0x01e7,0x01e8,0x01e7,0x01e8,0x01e7,0x01e8,0x01e7,0x0208,0x01e8,0x0208,0x01e7,0x0208,0x0208,0x0208,0x0208,0x0208,
0x0208,0x0a08,0x0208,0x0208,0x0208,0x0208,0x0208,0x0208,0x0208,0x0208,0x0208,0x0228,0x0208,0x0a28,0x0208,0x0228,
0x0208,0x0229,0x0208,0x0208,0x0208,0x0208,0x0208,0x0228,0x0208,0x0a28,0x0208,0x0228,0x0208,0x0a29,0x0208,0x0228,
0x0208,0x0a29,0x0208,0x0a28,0x0208,0x0a28,0x0208,0x0208,0x0208,0x0208,0x0208,0x0208,0x0208,0x0208,0x01e8,0x0208,
0x01e8,0x0208,0x01e7,0x0208,0x01e8,0x0208,0x0208,0x0208,0x01e8,0x0208,0x01e7,0x0208,0x01e8,0x0208,0x01e7,0x01e8,
0x01e7,0x01e8,0x01e7,0x01e8,0x01e7,0x01e8,0x01e7,0x01e8,0x01e7,0x01e8,0x01e7,0x01e8,0x01c7,0x01e8,0x01c7,0x01e8,
0x01c7,0x01c7,0x0186,0x0187,0x0186,0x0187,0x0186,0x01a6,0x01a6,0x09c7,0x01c6,0x09c7,0x01c6,0x09e7,0x01c6,0x09e7,
0x09e7,0x09c7,0x0185,0x0186,0x01a6,0x09c6,0x0185,0x0986,0x0185,0x09c7,0x01c6,0x09e7,0x0185,0x09a6,0x0165,0x0145,
0x00c3,0x1103,0x1943,0x3a07,0x3a27,0x3a27,0x3a47,0x4268,0x3206,0x4268,0x4a89,0x4248,0x3a27,0x31e6,0x3206,0x4247,
0x3206,0x29a3,0x21a1,0x3222,0x3a61,0x4283,0x2a01,0x1941,0x08e1,0x08a0,0x1961,0x3a62,0x2a01,0x1981,0x1160,0x0920,
0x0901,0x1121,0x1962,0x1121,0x1942,0x1961,0x29e2,0x29c1,0x2161,0x2180,0x3a22,0x3200,0x4262,0x4242,0x3a02,0x4a64,
0x4a85,0x3a02,0x4224,0x5a88,0x62a8,0x5266,0x5aa8,0x5267,0x4a27,0x39c5,0x4a27,0x4a47,0x4a47,0x4227,0x4a47,0x5aea,
0x4228,0x2985,0x2164,0x2985,0x5268,0x5268,0x39e6,0x31e6,0x2144,0x08e2,0x00e3,0x0124,0x0145,0x0145,0x0145,0x0145,
0x1208,0x09c7,0x0166,0x0145,0x0166,0x0145,0x0146,0x0145,0x0166,0x01a7,0x01c7,0x01c7,0x01c7,0x01c7,0x01c7,0x01a7,
0x01c7,0x01a7,0x01c7,0x01c7,0x09e8,0x01e7,0x01e8,0x01e7,0x01e8,0x01e7,0x01e8,0x01e7,0x0a08,0x01e8,0x01e8,0x01e7,
0x01e8,0x01e7,0x01e8,0x01e7,0x0a08,0x01e8,0x0a08,0x01e8,0x0a08,0x0208,0x0208,0x0208,0x0a29,0x0208,0x0a28,0x0208,
0x0a29,0x0208,0x0a28,0x0208,0x0a29,0x0208,0x0208,0x0208,0x0a08,0x0208,0x0a28,0x0208,0x0a29,0x0208,0x0a29,0x0208,
0x0a29,0x0208,0x0a09,0x0208,0x0a09,0x0208,0x0a29,0x0208,0x0a29,0x0208,0x0a29,0x0208,0x0a29,0x0228,0x0a29,0x0208,
0x0a29,0x0208,0x0a29,0x0208,0x0a29,0x0208,0x0a28,0x0208,0x0a29,0x0208,0x0208,0x0208,0x0a08,0x0208,0x0208,0x01e8,
0x0208,0x01e8,0x0208,0x01e8,0x0208,0x01e8,0x0208,0x0208,0x0208,0x01e8,0x0208,0x01e8,0x0a08,0x01e8,0x0208,0x01e8,
0x0a08,0x01e8,0x01e8,0x01e7,0x09e8,0x01e8,0x01e8,0x01e7,0x01e8,0x01e7,0x01e8,0x01c7,0x01e8,0x01c7,0x01e8,0x01c7,
0x01e8,0x01c7,0x01a7,0x0186,0x01a7,0x0186,0x01a6,0x01a6,0x09c7,0x01c6,0x09c7,0x01c6,0x09e7,0x09c6,0x09e7,0x09e6,
0x11e7,0x01a6,0x09a6,0x0165,0x0166,0x0166,0x0186,0x0165,0x0166,0x0186,0x09c7,0x01a6,0x0986,0x09a6,0x0166,0x0104,
0x08c3,0x1942,0x2164,0x3a47,0x4228,0x3a07,0x3a26,0x29c4,0x29c5,0x31e6,0x4228,0x3207,0x31e6,0x29a4,0x31e4,0x3226,
0x31e5,0x29c2,0x3a42,0x3222,0x3a42,0x2a02,0x2161,0x1942,0x1901,0x21a1,0x3a62,0x2a20,0x3263,0x19c1,0x1161,0x0920,
0x0900,0x0901,0x1121,0x1121,0x1141,0x1961,0x1120,0x2181,0x1961,0x1940,0x3221,0x4262,0x4281,0x4281,0x4261,0x4282,
0x4261,0x4222,0x4a45,0x5287,0x5286,0x5286,0x5287,0x4226,0x3184,0x4a48,0x5288,0x5267,0x4a67,0x4227,0x39e6,0x39e6,
0x2985,0x2985,0x2164,0x2985,0x31c6,0x4247,0x3a06,0x4247,0x2163,0x1903,0x00a2,0x0124,0x0124,0x0145,0x0145,0x0166,
0x09e7,0x1a08,0x0125,0x0166,0x0124,0x0145,0x0145,0x0166,0x0186,0x01c7,0x01c7,0x01c7,0x01a6,0x01c7,0x01a6,0x01a7,
0x01a6,0x01c7,0x01a6,0x01c7,0x01c7,0x01e8,0x01e7,0x01e8,0x01e7,0x01e8,0x01e7,0x01e8,0x01e7,0x01e8,0x01e7,0x01e8,
0x01e7,0x01e8,0x01e7,0x01e8,0x01e7,0x01e8,0x01e8,0x0a08,0x0207,0x0208,0x0208,0x0a08,0x0208,0x0208,0x0208,0x0a08,
0x0208,0x0a28,0x0208,0x0a08,0x0208,0x0208,0x0208,0x0208,0x0208,0x0208,0x0208,0x0208,0x0208,0x0228,0x0208,0x0a28,
0x0208,0x0208,0x0208,0x0208,0x0208,0x0208,0x0208,0x0a09,0x0208,0x0208,0x0208,0x0a28,0x0208,0x0228,0x0208,0x0228,
0x0208,0x0208,0x0208,0x0208,0x0208,0x0208,0x0208,0x0208,0x0208,0x0208,0x0208,0x0208,0x0208,0x0208,0x01e8,0x01e8,
0x01e7,0x01e8,0x01e8,0x0208,0x01e7,0x0208,0x01e8,0x0208,0x01e7,0x0208,0x01e8,0x01e8,0x01e7,0x0208,0x01e8,0x0208,
0x01e7,0x01e8,0x01e7,0x01e8,0x01c7,0x01e8,0x01c7,0x01e8,0x01c7,0x01e8,0x01c7,0x01c7,0x01c7,0x01c7,0x01c7,0x01c8,
0x01c7,0x01c7,0x0186,0x0187,0x0186,0x0186,0x0186,0x01a6,0x01a6,0x09c7,0x01a6,0x09c7,0x01a6,0x09c6,0x01a6,0x09c6,
0x01a6,0x01a6,0x01a6,0x0186,0x0145,0x09a6,0x0165,0x0166,0x0165,0x0145,0x0166,0x0166,0x0165,0x0165,0x0166,0x1146,
0x1102,0x1942,0x1102,0x29c5,0x29c5,0x29c4,0x3204,0x29e4,0x29e5,0x3a27,0x3a26,0x3a26,0x3206,0x31e4,0x31e3,0x3205,
0x2163,0x21a2,0x3222,0x3222,0x2a01,0x2181,0x1101,0x08c1,0x1120,0x3221,0x3221,0x2a01,0x2200,0x2a42,0x1980,0x1140,
0x1962,0x1141,0x1121,0x1121,0x1942,0x1141,0x1941,0x1141,0x1121,0x1961,0x3a41,0x4261,0x4ac2,0x42a2,0x4282,0x4282,
0x4aa2,0x39e1,0x39e4,0x4204,0x4223,0x4a83,0x52a5,0x3a23,0x3a05,0x4a68,0x5268,0x4a27,0x4a48,0x2985,0x2965,0x31a6,
0x31a6,0x2164,0x2985,0x2985,0x29a6,0x29a5,0x31c6,0x39e6,0x2985,0x29a5,0x08c2,0x0124,0x0145,0x0145,0x0986,0x0144,
0x21e7,0x3aaa,0x0145,0x0145,0x0165,0x0145,0x0166,0x0165,0x09a7,0x01c7,0x01c8,0x01c7,0x01c7,0x01a7,0x01a7,0x01a7,
0x01c7,0x01a7,0x01c7,0x01c7,0x01e8,0x01e7,0x01e8,0x01e7,0x01e8,0x01e7,0x01e8,0x01e8,0x0208,0x01e7,0x0a08,0x01e8,
0x0208,0x01e8,0x0a08,0x01e8,0x0208,0x01e8,0x0a08,0x0208,0x0a08,0x0208,0x0a29,0x0208,0x0a28,0x0208,0x0a29,0x0208,
0x0a29,0x0208,0x0a29,0x0208,0x0a08,0x0208,0x0a09,0x0208,0x0228,0x0208,0x0a29,0x0208,0x0a28,0x0208,0x0a29,0x0228,
0x0a29,0x0208,0x0a29,0x0208,0x0a29,0x0208,0x0a29,0x0208,0x0a29,0x0208,0x0a29,0x0208,0x0a29,0x0208,0x0a29,0x0208,
0x0a29,0x0208,0x0a29,0x0208,0x0a29,0x0208,0x0a29,0x0208,0x0228,0x0208,0x0a29,0x0208,0x0208,0x01e8,0x0208,0x01e8,
0x0208,0x01e8,0x0a08,0x01e8,0x0208,0x01e8,0x0a08,0x01e8,0x0208,0x01e8,0x0208,0x01e8,0x0208,0x01e8,0x0a08,0x01e8,
0x0208,0x01e8,0x09e8,0x01e8,0x01e8,0x01e7,0x01e8,0x01e7,0x01e8,0x01c7,0x01e8,0x01c7,0x01e8,0x01c7,0x01e8,0x01c7,
0x01e8,0x01c7,0x01a7,0x0186,0x01a7,0x0186,0x0186,0x0186,0x01a6,0x01a6,0x09a7,0x01c6,0x09c7,0x01a6,0x01a6,0x0186,
0x01a6,0x01a6,0x09a6,0x01a6,0x09a6,0x09a6,0x0986,0x0165,0x0166,0x0145,0x0187,0x0166,0x0145,0x11c7,0x1a09,0x00c3,
0x1962,0x1942,0x1944,0x31e6,0x4aa8,0x3a25,0x3a24,0x3a46,0x3a27,0x3a26,0x3a25,0x3223,0x3a25,0x31e4,0x3204,0x29c4,
0x1942,0x1961,0x29c2,0x29c1,0x29c2,0x2162,0x1922,0x1100,0x3222,0x3262,0x42c4,0x3a82,0x3222,0x2a21,0x3262,0x19a0,
0x0921,0x1141,0x1120,0x1941,0x1141,0x2182,0x1141,0x1141,0x0901,0x10e1,0x21a1,0x29e1,0x3221,0x3a22,0x29e1,0x4aa2,
0x4261,0x3a21,0x29c0,0x3a02,0x31e0,0x4242,0x4282,0x3a23,0x4246,0x4a68,0x4206,0x52a8,0x4227,0x2965,0x2185,0x31c6,
0x29a5,0x2985,0x2185,0x29a6,0x2985,0x2986,0x2165,0x2164,0x1923,0x2964,0x08c2,0x00c3,0x0125,0x0145,0x0144,0x0124,
0x11a6,0x532d,0x0165,0x0145,0x0146,0x0146,0x0125,0x0166,0x0166,0x01c7,0x01c7,0x01c7,0x01a7,0x01c7,0x01a6,0x01a7,
0x01a6,0x01c7,0x01a6,0x01c7,0x01c7,0x01c7,0x01c7,0x01e8,0x01e7,0x01e8,0x01e7,0x01e8,0x01e7,0x01e8,0x01e7,0x01e8,
0x01e7,0x01e8,0x01e7,0x01e8,0x01e7,0x0a08,0x01e7,0x0a08,0x0208,0x0208,0x0208,0x0208,0x0208,0x0a28,0x0208,0x0228,
0x0208,0x0a28,0x0208,0x0208,0x0208,0x0208,0x0208,0x0208,0x0208,0x0208,0x0208,0x0208,0x0208,0x0a28,0x0208,0x0228,
0x0208,0x0a28,0x0208,0x0228,0x0208,0x0228,0x0208,0x0208,0x0208,0x0208,0x0208,0x0208,0x0208,0x0208,0x0208,0x0208,
0x0208,0x0208,0x0208,0x0208,0x0208,0x0208,0x0208,0x0208,0x0208,0x0208,0x0208,0x0208,0x01e8,0x0208,0x01e8,0x0208,
0x01e8,0x0208,0x01e7,0x0208,0x01e8,0x0208,0x01e7,0x0208,0x01e8,0x0208,0x01e7,0x01e8,0x01e8,0x01e8,0x01e7,0x01e8,
0x01e8,0x01e8,0x01e7,0x01e8,0x01c7,0x01e8,0x01c7,0x01e8,0x01c7,0x01e8,0x01c7,0x01c7,0x01c7,0x01e8,0x01c7,0x01e7,
0x01c7,0x01e7,0x01c7,0x0186,0x0186,0x0187,0x0186,0x01a6,0x0186,0x0186,0x01a6,0x09c7,0x01a6,0x0186,0x0185,0x0186,
0x01a6,0x09a6,0x01a6,0x09a6,0x0165,0x0166,0x0145,0x0166,0x0145,0x0146,0x0186,0x0166,0x09e7,0x32ab,0x0104,0x08c2,
0x1981,0x1963,0x1944,0x3206,0x3a06,0x2984,0x3a26,0x3a26,0x3206,0x3a06,0x29c3,0x3202,0x3a43,0x3223,0x2a02,0x29c2,
0x1941,0x1962,0x1140,0x2182,0x08e0,0x08c1,0x08a0,0x29e2,0x3222,0x1941,0x0901,0x1141,0x0060,0x0060,0x1141,0x1101,
0x1121,0x1121,0x21a2,0x1940,0x2181,0x29c1,0x1961,0x2181,0x1961,0x1941,0x2181,0x21a1,0x29c1,0x3202,0x3202,0x4262,
0x4aa2,0x4241,0x4241,0x3a41,0x4282,0x4261,0x4282,0x3a43,0x4245,0x3a04,0x39e4,0x3a06,0x39c6,0x2165,0x29a6,0x29a6,
0x31a6,0x2185,0x29a6,0x2185,0x29a6,0x29a6,0x29a6,0x1923,0x1903,0x2985,0x10e3,0x00a2,0x0105,0x0104,0x0125,0x0104,
0x0166,0x2a8a,0x09e8,0x0125,0x0146,0x0145,0x0146,0x0166,0x0186,0x01a7,0x01c7,0x01a6,0x01a7,0x01a7,0x01c7,0x01a7,
0x01c7,0x01a7,0x01c7,0x01a7,0x01c7,0x01c7,0x01c7,0x01e7,0x09e8,0x01e7,0x01e8,0x01e7,0x0a08,0x01e8,0x0208,0x01e8,
0x0a08,0x01e8,0x0a08,0x01e8,0x0a08,0x01e8,0x0a08,0x0208,0x0a08,0x0208,0x0a28,0x0208,0x0a29,0x0208,0x0a28,0x0208,
0x0a29,0x0208,0x0a28,0x0208,0x0a09,0x0208,0x0a08,0x0208,0x0a29,0x0208,0x0a29,0x0208,0x0a29,0x0208,0x0a29,0x0208,
0x0a29,0x0208,0x0a29,0x0208,0x0a29,0x0228,0x0a29,0x0208,0x0a29,0x0208,0x0a28,0x0208,0x0a08,0x0208,0x0228,0x0208,
0x0a29,0x0208,0x0a29,0x0208,0x0a29,0x0208,0x0a28,0x0208,0x0a09,0x0208,0x0a08,0x0208,0x0a08,0x0208,0x0208,0x0208,
0x0a08,0x01e8,0x0208,0x01e8,0x0a08,0x01e8,0x0208,0x01e8,0x0208,0x01e8,0x0208,0x01e8,0x09e8,0x01e8,0x01e8,0x01e7,
0x09e8,0x01e8,0x01e8,0x01e7,0x01e8,0x01e7,0x01e8,0x01c7,0x01e8,0x01c7,0x01e8,0x01e7,0x01e8,0x01c7,0x01e8,0x01c7,
0x01e8,0x01e7,0x01e8,0x0186,0x0187,0x0186,0x01a7,0x01a6,0x01a7,0x0186,0x01a6,0x01a6,0x09a7,0x0186,0x01a6,0x01a6,
0x09c7,0x0186,0x0186,0x0165,0x0166,0x0145,0x0145,0x0145,0x0166,0x0145,0x0166,0x0186,0x226a,0x0966,0x0062,0x10c1,
0x1962,0x1963,0x2185,0x1923,0x2164,0x1944,0x29a5,0x31e6,0x4247,0x3a26,0x3a06,0x29c5,0x29c3,0x21a1,0x29c2,0x2161,
0x2962,0x2963,0x31a4,0x31c4,0x39e6,0x3a06,0x3184,0x31c3,0x1902,0x08a1,0x08a2,0x0081,0x0881,0x0040,0x0040,0x0060,
0x0921,0x1121,0x1961,0x2182,0x1940,0x29e1,0x2181,0x29c1,0x3201,0x31e2,0x3201,0x4282,0x3241,0x3a42,0x31e0,0x3a21,
0x3201,0x3a22,0x3a21,0x3a21,0x3a41,0x3a42,0x3201,0x29a1,0x2180,0x29a2,0x1921,0x2144,0x2144,0x1903,0x2985,0x31c6,
0x29a5,0x29a6,0x2185,0x2986,0x1964,0x29a5,0x2164,0x1924,0x1103,0x2185,0x1103,0x08c3,0x00e3,0x00e4,0x0104,0x0125,
0x0124,0x1a29,0x0987,0x0125,0x0125,0x0125,0x0125,0x0166,0x0186,0x01a7,0x01a7,0x01a7,0x01a6,0x01a7,0x01a6,0x01a7,
0x01a6,0x01a7,0x01a6,0x01c7,0x01c7,0x01c7,0x01c7,0x01e8,0x01e7,0x01e8,0x01e7,0x01e8,0x01e7,0x01e8,0x01e7,0x0208,
0x01e7,0x0208,0x01e7,0x0208,0x01e7,0x0208,0x01e8,0x0a08,0x0208,0x0208,0x0208,0x0208,0x0208,0x0208,0x0208,0x0208,
0x0208,0x0208,0x0208,0x0208,0x0208,0x0208,0x0208,0x0208,0x0208,0x0208,0x0208,0x0208,0x0208,0x0208,0x0208,0x0208,
0x0208,0x0208,0x0208,0x0a28,0x0208,0x0228,0x0208,0x0208,0x0208,0x0208,0x0208,0x0208,0x0208,0x0208,0x0208,0x0208,
0x0208,0x0208,0x0208,0x0208,0x0208,0x0208,0x0208,0x0208,0x0208,0x0208,0x0208,0x0208,0x0208,0x0208,0x0208,0x0208,
0x0208,0x0208,0x01e7,0x0208,0x01e7,0x01e8,0x01e7,0x01e8,0x01e7,0x01e8,0x01e7,0x01e8,0x01c7,0x01e8,0x01c7,0x01e8,
0x01c7,0x01e8,0x01e7,0x01e8,0x01c7,0x01e8,0x01c7,0x01e8,0x01c7,0x01e8,0x01c7,0x01e8,0x01c7,0x01e7,0x01c7,0x01e8,
0x01e7,0x01e8,0x01c7,0x0187,0x0166,0x0166,0x0186,0x01a7,0x0186,0x0186,0x0166,0x01a7,0x0186,0x0186,0x0165,0x0186,
0x0185,0x0186,0x0186,0x0166,0x0145,0x0146,0x0145,0x0145,0x0145,0x0125,0x0186,0x0187,0x0166,0x00a4,0x0062,0x08c2,
0x1101,0x1944,0x2144,0x1923,0x1102,0x1964,0x1944,0x2164,0x29c5,0x3a06,0x3a26,0x31e5,0x1922,0x2122,0x31a4,0x5268,
0x5287,0x5ac9,0x630b,0x6b0b,0x5ae9,0x62e9,0x62ea,0x62ea,0x5288,0x2985,0x1923,0x10c2,0x0060,0x08a0,0x0900,0x1141,
0x1122,0x0901,0x1101,0x1121,0x21a2,0x29a1,0x2982,0x1961,0x31e2,0x3221,0x4282,0x3a82,0x3a62,0x3a41,0x4242,0x3a42,
0x3a21,0x31e1,0x31e2,0x3202,0x4263,0x3201,0x31e2,0x1921,0x1922,0x1101,0x1902,0x29a5,0x2165,0x1903,0x2985,0x29c6,
0x29c6,0x29a5,0x29a6,0x2185,0x2165,0x29a5,0x1923,0x1924,0x1923,0x1964,0x2144,0x0061,0x00a3,0x00e4,0x0125,0x0124,
0x00e4,0x11a7,0x0967,0x0125,0x0146,0x0145,0x0166,0x0166,0x01a7,0x0186,0x01a7,0x01c7,0x01e7,0x01a7,0x01a7,0x01a6,
0x01a7,0x01a6,0x01c7,0x01a7,0x01c7,0x01c7,0x01e8,0x01c7,0x09e8,0x01e7,0x09e8,0x01e8,0x0a08,0x01e8,0x0a08,0x01e8,
0x0a08,0x01e8,0x0a08,0x01e8,0x0a08,0x01e8,0x0a08,0x01e8,0x0a08,0x0208,0x0a08,0x0208,0x0a28,0x0208,0x0a29,0x0208,
0x0a28,0x0208,0x0a28,0x0208,0x0208,0x0208,0x0a08,0x0208,0x0208,0x0208,0x0a29,0x0208,0x0a29,0x0208,0x0a29,0x0208,
0x0a28,0x0208,0x0a29,0x0208,0x0a29,0x0208,0x0a29,0x0208,0x0a28,0x0208,0x0a29,0x0208,0x0208,0x0208,0x0a29,0x0208,
0x0a28,0x0208,0x0a29,0x0208,0x0a28,0x0208,0x0a29,0x0208,0x0a28,0x0208,0x0a09,0x0208,0x0208,0x0208,0x0a08,0x0208,
0x0208,0x01e8,0x01e8,0x01e8,0x01e8,0x01e7,0x01e8,0x01e8,0x01e8,0x01e7,0x01e8,0x01e7,0x01e8,0x01e7,0x01e8,0x01c7,
0x01e8,0x01e7,0x09e8,0x01e8,0x01e8,0x01e7,0x01e8,0x01c7,0x01e8,0x01c7,0x01e8,0x01c7,0x01e8,0x01c7,0x01e8,0x01e7,
0x01e8,0x01e7,0x01c7,0x0186,0x0187,0x0166,0x0187,0x0187,0x01a7,0x0186,0x0187,0x0186,0x0186,0x0165,0x0186,0x0165,
0x0186,0x0165,0x0186,0x0165,0x0166,0x0145,0x0146,0x0125,0x0125,0x09a6,0x0a08,0x0187,0x0166,0x00c3,0x00a3,0x08c3,
0x10e3,0x1103,0x1924,0x1923,0x1923,0x1923,0x2124,0x2164,0x39e7,0x4a66,0x4a85,0x4a85,0x5ae8,0x52a7,0x5ac8,0x5ae9,
0x632a,0x630a,0x630b,0x630a,0x630a,0x5ac9,0x5288,0x5287,0x62e9,0x4207,0x2144,0x2164,0x2184,0x1902,0x1902,0x08e1,
0x08e1,0x08e1,0x08e1,0x0901,0x1121,0x2181,0x1960,0x29c1,0x29e1,0x29c1,0x3221,0x4282,0x3a62,0x4262,0x4aa2,0x4ac2,
0x4261,0x3a42,0x29a0,0x29c2,0x29c1,0x29a1,0x3a42,0x29a1,0x10e0,0x10e1,0x1944,0x29c6,0x2144,0x1904,0x1944,0x29c6,
0x29a5,0x31c6,0x2185,0x2985,0x2985,0x2164,0x10e2,0x1944,0x1102,0x1922,0x1101,0x0060,0x0082,0x0104,0x0104,0x0105,
0x00e4,0x0966,0x0166,0x0145,0x0125,0x0146,0x0166,0x0186,0x0186,0x01a7,0x0186,0x01c7,0x01c7,0x01c7,0x01a6,0x01a7,
0x0186,0x01a7,0x01a6,0x01a7,0x01a7,0x01c7,0x01a6,0x01a7,0x01a7,0x01c7,0x01e7,0x01e8,0x01e7,0x0208,0x01e7,0x01e8,
0x01e7,0x01e8,0x01e7,0x0208,0x01e7,0x0208,0x01e7,0x0208,0x01e8,0x0208,0x0207,0x0208,0x0208,0x0208,0x0208,0x0208,
0x0208,0x0208,0x01e7,0x0208,0x01e8,0x0208,0x01e8,0x0208,0x0208,0x0208,0x0208,0x0208,0x0208,0x0208,0x0208,0x0208,
0x0208,0x0208,0x0208,0x0208,0x0208,0x0208,0x0208,0x0208,0x0208,0x0208,0x0208,0x0208,0x0208,0x0208,0x0208,0x0208,
0x0208,0x0208,0x0208,0x0208,0x0208,0x0208,0x0208,0x0208,0x0208,0x0208,0x0208,0x0208,0x0208,0x0208,0x01e8,0x0208,
0x01e8,0x0208,0x01e7,0x01e8,0x01c7,0x01e8,0x01c7,0x01e8,0x01c7,0x01e8,0x01c7,0x01e8,0x01e7,0x01e8,0x01e7,0x01e8,
0x01c7,0x01e8,0x01c7,0x01e8,0x01c7,0x01e8,0x01c7,0x01e8,0x01c7,0x01e8,0x01c7,0x01e7,0x01c7,0x01e7,0x01c7,0x01e7,
0x01c7,0x01e8,0x01c7,0x01a7,0x0186,0x0186,0x0166,0x0186,0x0186,0x01a7,0x0186,0x0166,0x0166,0x0186,0x0186,0x0186,
0x0145,0x0166,0x0145,0x0166,0x0146,0x0146,0x0104,0x0125,0x0987,0x2a8a,0x09e7,0x0105,0x00c4,0x00c4,0x0082,0x08a2,
0x10e2,0x10e2,0x08c2,0x10e2,0x1103,0x31a6,0x4246,0x4a85,0x5ae8,0x5286,0x4224,0x52c8,0x52a7,0x4a64,0x4264,0x4a86,
0x4a66,0x62e9,0x5ac9,0x62ea,0x62e9,0x62e8,0x52a7,0x4a86,0x4a85,0x5ac8,0x39e6,0x2162,0x21a3,0x29a4,0x2163,0x1903,
0x1141,0x08e1,0x1122,0x1101,0x1922,0x2181,0x21a2,0x29a1,0x3202,0x3201,0x3a42,0x3a42,0x3a42,0x3201,0x4262,0x4ac2,
0x4aa2,0x4262,0x29c1,0x1961,0x1921,0x2181,0x3222,0x3a22,0x2161,0x1922,0x29c6,0x2185,0x2985,0x2144,0x2165,0x29a6,
0x29a6,0x2985,0x29a6,0x2165,0x10e3,0x08c2,0x1923,0x1943,0x1923,0x1101,0x10e1,0x08c2,0x0904,0x00e4,0x0125,0x0104,
0x0125,0x0166,0x0186,0x0145,0x0166,0x0166,0x0187,0x0186,0x0187,0x0186,0x01a7,0x01c7,0x01c7,0x01a7,0x01a7,0x0186,
0x01a7,0x01a7,0x01a7,0x01a6,0x01c7,0x01a7,0x01c7,0x01a7,0x01c7,0x01c7,0x01c8,0x01c7,0x09e8,0x01e8,0x0a08,0x01e8,
0x0a08,0x01e8,0x0208,0x01e8,0x0a08,0x01e8,0x0a08,0x01e8,0x0a08,0x0208,0x0a08,0x0208,0x0a08,0x0208,0x0a08,0x0208,
0x0a28,0x0208,0x0208,0x0208,0x0a08,0x0208,0x0208,0x0208,0x0a08,0x0208,0x0228,0x0208,0x0a29,0x0208,0x0228,0x0208,
0x0a29,0x0208,0x0228,0x0208,0x0a09,0x0208,0x0208,0x0208,0x0a29,0x0208,0x0228,0x0208,0x0a08,0x0208,0x0208,0x0208,
0x0a29,0x0208,0x0a28,0x0208,0x0a29,0x0208,0x0a28,0x0208,0x0a09,0x0208,0x0a08,0x0208,0x0a08,0x0208,0x0208,0x0208,
0x0a08,0x01e8,0x0208,0x01e8,0x01e8,0x01c7,0x01e8,0x01c7,0x01e8,0x01e7,0x01e8,0x01e7,0x0208,0x01e8,0x01e8,0x01e7,
0x01e8,0x01c7,0x01e8,0x01e7,0x01e8,0x01c7,0x01e8,0x01c7,0x01e8,0x01c7,0x01e8,0x01e7,0x01e8,0x01c7,0x01e8,0x01e7,
0x01e8,0x01e7,0x01e8,0x01c7,0x01a7,0x0186,0x0186,0x0166,0x0186,0x0186,0x01a7,0x0186,0x0186,0x0166,0x0186,0x0166,
0x0166,0x0166,0x0166,0x0125,0x0125,0x09a7,0x09a7,0x0166,0x0987,0x0186,0x0166,0x00c3,0x00c4,0x00a3,0x00a3,0x0061,
0x10e2,0x10e1,0x2162,0x2162,0x31e3,0x4244,0x4a84,0x4283,0x3a03,0x4226,0x4205,0x4205,0x4a45,0x52a6,0x5ae8,0x5ae9,
0x5ac8,0x5ac8,0x62e9,0x62e9,0x6b0a,0x52a6,0x52a7,0x5b09,0x5ae7,0x4a45,0x5288,0x31c3,0x29c2,0x29c4,0x29a4,0x2164,
0x1981,0x1142,0x0901,0x1121,0x1121,0x1942,0x1941,0x29a2,0x29e1,0x3222,0x31e1,0x29a1,0x3201,0x3201,0x3a21,0x4aa2,
0x4aa2,0x4a82,0x3a61,0x31e2,0x1101,0x2182,0x29c2,0x29a1,0x21c1,0x2162,0x2184,0x2164,0x1943,0x2985,0x2165,0x29a5,
0x2185,0x2185,0x29a5,0x29a5,0x08a1,0x08c2,0x1102,0x2164,0x1943,0x1102,0x0060,0x1104,0x0925,0x00e4,0x0104,0x0125,
0x0145,0x0186,0x0146,0x0166,0x0145,0x0166,0x0166,0x01a7,0x0186,0x0186,0x0186,0x01c7,0x01a6,0x01c7,0x01a6,0x01a7,
0x0186,0x01a7,0x01a6,0x01a7,0x01a6,0x01c7,0x01a7,0x01c7,0x01a7,0x01c7,0x01a7,0x01c7,0x01c7,0x01e7,0x01e7,0x01e8,
0x01e7,0x0208,0x01e7,0x0208,0x01e7,0x01e8,0x01e7,0x0208,0x01e7,0x0208,0x01e8,0x0208,0x01e7,0x0208,0x0208,0x0208,
0x0207,0x0208,0x0208,0x0208,0x01e8,0x0208,0x01e8,0x0208,0x0208,0x0208,0x0208,0x0208,0x0208,0x0208,0x0208,0x0208,
0x0208,0x0208,0x0208,0x0208,0x0208,0x0208,0x0208,0x0208,0x0208,0x0208,0x0208,0x0208,0x0208,0x0208,0x0208,0x0208,
0x0208,0x0208,0x0208,0x0208,0x0208,0x0208,0x0208,0x0208,0x0208,0x0208,0x0208,0x0208,0x01e8,0x0208,0x01e8,0x0208,
0x01e7,0x0208,0x01e7,0x01e8,0x01c7,0x01e8,0x01c7,0x01e8,0x01c7,0x01e8,0x01c7,0x01e8,0x01e7,0x01e8,0x01e7,0x01e8,
0x01e7,0x01e8,0x01c7,0x01e8,0x01c7,0x01e8,0x01c7,0x01e8,0x01c7,0x01e8,0x01c7,0x01e8,0x01c7,0x01e7,0x01c7,0x01e8,
0x01c7,0x01e7,0x01c7,0x01c7,0x01a6,0x01a7,0x0166,0x0166,0x0165,0x0166,0x0166,0x0166,0x0166,0x0186,0x0166,0x0166,
0x0145,0x0146,0x0125,0x11c7,0x2a8a,0x1a29,0x0125,0x0105,0x0104,0x0166,0x0145,0x00e4,0x00a3,0x0083,0x0062,0x10e2,
0x29a2,0x31e3,0x4224,0x4a86,0x52a5,0x4263,0x3a22,0x31c2,0x4225,0x6b2a,0x62e9,0x5ac9,0x5ac8,0x6309,0x630a,0x6b0a,
0x5ac8,0x52a6,0x5286,0x62e9,0x5288,0x4226,0x4227,0x4a68,0x4226,0x31a5,0x31a6,0x4206,0x29c2,0x2182,0x2163,0x2164,
0x1981,0x08e1,0x1942,0x1961,0x1101,0x1120,0x2182,0x2181,0x29a1,0x29e1,0x3202,0x29c1,0x3a22,0x31e2,0x3a02,0x4aa3,
0x4262,0x3a61,0x4aa2,0x3a43,0x29a4,0x08c1,0x1102,0x1941,0x2182,0x1122,0x1922,0x1942,0x2164,0x2985,0x29a6,0x29a5,
0x2165,0x2165,0x29a6,0x1923,0x10e2,0x08a1,0x1943,0x2184,0x2184,0x1102,0x0041,0x08e3,0x0104,0x00e4,0x0125,0x0105,
0x0186,0x0186,0x0166,0x0145,0x0166,0x0166,0x0186,0x0186,0x0186,0x0186,0x01a7,0x01a7,0x01c7,0x01c7,0x01a7,0x01a7,
0x01c7,0x01a6,0x01a7,0x01a7,0x01c7,0x01a7,0x01c8,0x01a7,0x01c7,0x01a7,0x01c7,0x01a7,0x01c7,0x01c7,0x01c8,0x01c7,
0x01e8,0x01e7,0x01e8,0x01e8,0x0208,0x01e8,0x0a08,0x01e8,0x0a08,0x01e8,0x0a08,0x01e8,0x0208,0x0208,0x0a08,0x0208,
0x0a08,0x0208,0x0a08,0x0208,0x0208,0x0208,0x0a08,0x0208,0x0208,0x0208,0x0a29,0x0208,0x0208,0x0208,0x0a29,0x0208,
0x0228,0x0208,0x0a08,0x0208,0x0228,0x0208,0x0a29,0x0208,0x0a28,0x0208,0x0a29,0x0208,0x0228,0x0208,0x0a29,0x0208,
0x0228,0x0208,0x0a29,0x0208,0x0228,0x0208,0x0a09,0x0208,0x0a08,0x0208,0x0a09,0x0208,0x0208,0x0208,0x0a08,0x0208,
0x0208,0x01e8,0x0208,0x01e8,0x01e8,0x01e7,0x01e8,0x01e8,0x01e8,0x01e7,0x01e8,0x01e8,0x0208,0x01e8,0x0208,0x01e8,
0x0208,0x01e8,0x0a08,0x01e7,0x01e8,0x01e7,0x01e8,0x01e7,0x01e8,0x01c7,0x01e8,0x01c7,0x01e8,0x01c7,0x01e8,0x01c7,
0x01e8,0x01c7,0x01e8,0x01e7,0x01c7,0x0186,0x01a7,0x0166,0x0166,0x0166,0x0166,0x0146,0x0146,0x0146,0x0146,0x0146,
0x0146,0x0186,0x1209,0x2229,0x19c7,0x0104,0x0125,0x0105,0x0105,0x0125,0x0966,0x00e3,0x29a4,0x1942,0x29a3,0x3a43,
0x4a84,0x4265,0x4225,0x3a03,0x4222,0x3a02,0x31a3,0x3a05,0x5ae9,0x5ae9,0x62c9,0x62e9,0x6b0b,0x6b0a,0x6b2b,0x62e9,
0x5aa7,0x52a6,0x52a6,0x52a7,0x5ac9,0x5aa9,0x5269,0x4a68,0x4228,0x31c6,0x31e7,0x31a5,0x4226,0x2983,0x2163,0x2183,
0x21e1,0x0900,0x21c1,0x2a02,0x1940,0x3a42,0x3a62,0x2181,0x1941,0x29a2,0x29c1,0x2981,0x3202,0x3202,0x3201,0x3a02,
0x31e1,0x3a22,0x29e1,0x29c1,0x1122,0x10e3,0x10e2,0x1922,0x1101,0x10e1,0x1100,0x2163,0x2185,0x29a6,0x2165,0x2144,
0x2165,0x2985,0x08c2,0x10e3,0x10e2,0x08c1,0x1122,0x2164,0x1923,0x08c2,0x0041,0x08e4,0x00c3,0x00c4,0x0104,0x0125,
0x0186,0x09a7,0x0145,0x0166,0x0166,0x0186,0x0186,0x01a6,0x0186,0x0186,0x0186,0x0186,0x01a6,0x01c7,0x01a6,0x01c7,
0x01a7,0x01a7,0x0186,0x01a7,0x01a6,0x01c7,0x01a7,0x01c7,0x01a7,0x01c7,0x01a7,0x01c7,0x01a7,0x01c7,0x01c7,0x01c7,
0x01c7,0x01e8,0x01e7,0x01e8,0x01e8,0x0208,0x01e7,0x01e8,0x01e7,0x0208,0x01e7,0x0208,0x01e8,0x0208,0x0207,0x0208,
0x01e8,0x0208,0x01e7,0x0208,0x01e8,0x0208,0x01e7,0x0208,0x01e8,0x0208,0x0208,0x0208,0x0208,0x0208,0x0208,0x0208,
0x0208,0x0208,0x0208,0x0208,0x0208,0x0a28,0x0208,0x0208,0x0208,0x0208,0x0208,0x0208,0x0208,0x0208,0x0208,0x0208,
0x0208,0x0208,0x0208,0x0208,0x0208,0x0208,0x0208,0x0208,0x0208,0x0208,0x0208,0x0208,0x01e8,0x0208,0x01e8,0x0208,
0x01e8,0x0208,0x01e7,0x0208,0x01e7,0x01e8,0x01e7,0x01e8,0x01e7,0x01e8,0x01e7,0x01e8,0x01e8,0x01e8,0x01e7,0x01e8,
0x01e7,0x01e8,0x01e7,0x01e8,0x01e7,0x01e8,0x01e7,0x01e8,0x01c7,0x01e8,0x01c7,0x01c7,0x01c7,0x01e8,0x01c7,0x01c7,
0x01c7,0x01c7,0x01c7,0x01e7,0x01a7,0x0186,0x0186,0x0186,0x0166,0x0166,0x0145,0x0146,0x0145,0x0146,0x0125,0x0125,
0x01a7,0x1209,0x0186,0x0105,0x00e4,0x0145,0x0125,0x0125,0x0105,0x00e4,0x2a24,0x4284,0x4262,0x4a83,0x4ac4,0x4a84,
0x4a63,0x5284,0x4243,0x4243,0x3a22,0x31a3,0x4206,0x630a,0x630a,0x5ac9,0x5ac9,0x630a,0x630a,0x6b0a,0x62e9,0x62c9,
0x5ae8,0x5ae8,0x52a7,0x4a87,0x5288,0x630a,0x5aa8,0x5ac9,0x41e6,0x4227,0x31c6,0x31a6,0x31e5,0x3a05,0x1121,0x2182,
0x2a41,0x21e1,0x3221,0x3240,0x3a62,0x3aa1,0x3221,0x21a0,0x29a1,0x1961,0x2142,0x2182,0x3a22,0x3201,0x3a22,0x3222,
0x3203,0x21a1,0x2181,0x2181,0x1962,0x1102,0x1102,0x1101,0x1923,0x1102,0x1101,0x1962,0x2184,0x2184,0x2965,0x2144,
0x2144,0x10c2,0x08a2,0x1103,0x10e2,0x1102,0x1922,0x1122,0x1923,0x0061,0x0062,0x00c3,0x00c3,0x00e4,0x0125,0x00e4,
0x2229,0x11e8,0x0145,0x0166,0x0166,0x0186,0x01a7,0x0186,0x0187,0x0186,0x01a7,0x0186,0x01a7,0x01a7,0x01e8,0x01a6,
0x09c7,0x01c7,0x09c7,0x01c6,0x01c7,0x01a6,0x01a7,0x01a7,0x01c7,0x01a7,0x01c7,0x01c7,0x01c8,0x01c7,0x01c7,0x01c7,
0x01c8,0x01c7,0x01e8,0x01e8,0x09e8,0x01e8,0x0208,0x01e8,0x0a08,0x01e8,0x0a08,0x01e8,0x0a08,0x0208,0x0a28,0x0208,
0x0a08,0x0208,0x0208,0x0208,0x0a08,0x0208,0x0208,0x0208,0x0a08,0x0208,0x0208,0x0208,0x0a08,0x0208,0x0208,0x0208,
0x0a08,0x0208,0x0208,0x0208,0x0a29,0x0208,0x0a28,0x0208,0x0a29,0x0208,0x0228,0x0208,0x0a29,0x0208,0x0228,0x0208,
0x0a29,0x0208,0x0a28,0x0208,0x0a29,0x0208,0x0208,0x0208,0x0a08,0x0208,0x0208,0x0208,0x0a08,0x0208,0x0208,0x01e8,
0x0a08,0x01e8,0x0208,0x01e8,0x0a08,0x01e8,0x0208,0x01e8,0x0208,0x01e8,0x0208,0x01e8,0x0208,0x01e8,0x0208,0x01e8,
0x0a08,0x01e8,0x01e8,0x01e7,0x09e8,0x01e7,0x01e8,0x01e7,0x01e8,0x01c7,0x01e8,0x01c7,0x01e8,0x01e7,0x01e8,0x01c7,
0x01e8,0x01c7,0x01e8,0x01c7,0x01c7,0x0186,0x0186,0x0186,0x0187,0x0166,0x0166,0x0145,0x0166,0x0145,0x0146,0x0187,
0x11c8,0x0125,0x0125,0x0125,0x0146,0x0125,0x0146,0x0124,0x0924,0x1142,0x3222,0x4262,0x4263,0x4aa3,0x4242,0x3a22,
0x4a63,0x4263,0x4a85,0x4a65,0x39e4,0x5288,0x6b2b,0x62e9,0x630a,0x5ac9,0x62ca,0x5ac9,0x62ea,0x5aa9,0x62c9,0x5ac9,
0x62ea,0x5288,0x5ae9,0x4a88,0x4a68,0x5288,0x52a8,0x5288,0x5268,0x5ac9,0x5288,0x4227,0x4207,0x31e6,0x2184,0x1121,
0x19c1,0x19a1,0x21c0,0x3221,0x21e0,0x3a81,0x3a81,0x4282,0x3221,0x3a62,0x1961,0x2181,0x2a02,0x21a1,0x21a1,0x3203,
0x3223,0x1100,0x1121,0x2182,0x1141,0x1122,0x1102,0x1122,0x1122,0x1903,0x08e1,0x1941,0x1941,0x2162,0x1922,0x1923,
0x1944,0x10c2,0x10e2,0x1903,0x10e2,0x1922,0x10e2,0x10e1,0x08a1,0x0062,0x0082,0x00c3,0x00a2,0x00e4,0x00e4,0x0924,
0x3aaa,0x1186,0x0104,0x0146,0x0166,0x0186,0x0165,0x0186,0x0186,0x01a7,0x01a6,0x01a7,0x0186,0x01a6,0x01c7,0x01c7,
0x01c6,0x01c7,0x01c6,0x09e7,0x01a6,0x01a6,0x01a6,0x01c7,0x01a6,0x01c7,0x01a7,0x01c7,0x01a7,0x01c7,0x01c7,0x01c7,
0x01c7,0x01c7,0x01c7,0x01e8,0x01e7,0x01e8,0x01e7,0x01e8,0x01e7,0x0208,0x01e8,0x0208,0x01e7,0x0208,0x0208,0x0208,
0x01e7,0x0208,0x01e8,0x0208,0x01e8,0x0208,0x01e8,0x0208,0x01e8,0x0208,0x0208,0x0208,0x0208,0x0208,0x0208,0x0208,
0x0208,0x0208,0x0208,0x0208,0x0208,0x0228,0x0208,0x0208,0x0208,0x0208,0x0208,0x0208,0x0208,0x0208,0x0208,0x0208,
0x0208,0x0208,0x0208,0x0208,0x0208,0x0208,0x0208,0x0208,0x0208,0x0208,0x0208,0x0208,0x01e8,0x0208,0x01e8,0x0208,
0x01e7,0x0208,0x01e8,0x0208,0x01e7,0x0208,0x01e8,0x0208,0x01e7,0x0208,0x01e7,0x01e8,0x01e7,0x0208,0x01e7,0x01e8,
0x01e7,0x01e8,0x01c7,0x01e8,0x01e7,0x01e8,0x01e7,0x01e8,0x01c7,0x01e7,0x01c7,0x01e8,0x01c7,0x01e7,0x01c7,0x01c7,
0x01c7,0x01c7,0x01c7,0x01c7,0x01a6,0x0186,0x0166,0x0186,0x0166,0x0186,0x0146,0x0166,0x0145,0x0166,0x0186,0x0187,
0x0104,0x0125,0x0125,0x0145,0x0125,0x0125,0x0123,0x3224,0x3202,0x3202,0x31e1,0x4263,0x42a2,0x4a83,0x3a02,0x3a02,
0x4263,0x4a84,0x52a5,0x52a7,0x4a67,0x630a,0x62e9,0x6b0b,0x5aea,0x5ac9,0x5ac9,0x62ea,0x5ac9,0x62e9,0x5aa9,0x62ea,
0x5267,0x5aa9,0x630a,0x5aa9,0x4a68,0x4226,0x4226,0x5288,0x5288,0x4a47,0x4206,0x3a07,0x31e6,0x31e6,0x29e6,0x1943,
0x21c2,0x1140,0x1961,0x1980,0x3241,0x3a61,0x3222,0x1101,0x08c1,0x1921,0x10c1,0x1121,0x21a2,0x1941,0x21a2,0x1961,
0x2182,0x1921,0x1902,0x1942,0x2182,0x1982,0x1121,0x1962,0x1962,0x1122,0x1922,0x2182,0x1962,0x1942,0x1923,0x1943,
0x2164,0x10e2,0x1103,0x10e2,0x1923,0x1923,0x10e2,0x08a1,0x0881,0x0081,0x08c2,0x00c2,0x1103,0x2185,0x3a07,0x3a06,
0x3a26,0x31e4,0x29e6,0x11a5,0x0165,0x0145,0x0166,0x0186,0x01a6,0x01a6,0x01a7,0x01a6,0x01a6,0x01a6,0x01a7,0x09e7,
0x09e7,0x01c6,0x09e7,0x09c7,0x09e7,0x01c7,0x09e7,0x01c7,0x09e7,0x01a7,0x01c8,0x01a7,0x01c8,0x01c7,0x01c7,0x01c7,
0x01c7,0x01c7,0x09e8,0x01e7,0x0208,0x01e8,0x0a08,0x01e8,0x0208,0x01e8,0x0a08,0x01e8,0x0a08,0x0208,0x0a08,0x0208,
0x0208,0x0208,0x0a08,0x01e8,0x0208,0x0208,0x0a08,0x0208,0x0208,0x0208,0x0208,0x0208,0x0208,0x0208,0x0a08,0x0208,
0x0208,0x0208,0x0a08,0x0208,0x0228,0x0208,0x0a29,0x0208,0x0a08,0x0208,0x0a09,0x0208,0x0208,0x0208,0x0a09,0x0208,
0x0228,0x0208,0x0a08,0x0208,0x0208,0x0208,0x0a08,0x0208,0x0208,0x0208,0x0a08,0x0208,0x0208,0x0208,0x0a08,0x0208,
0x0208,0x01e8,0x0a08,0x01e8,0x0208,0x01e8,0x0208,0x01e8,0x0208,0x01e8,0x0208,0x01e8,0x01e8,0x01e8,0x01e8,0x01e8,
0x01e8,0x01e7,0x09e8,0x01e7,0x01e8,0x01e7,0x09e8,0x01e7,0x01e8,0x01e7,0x01e8,0x01c7,0x01e8,0x01c7,0x01e8,0x01e7,
0x01e8,0x01c7,0x01c7,0x01a7,0x01c7,0x01a6,0x01a7,0x0186,0x0186,0x0166,0x0166,0x0166,0x0166,0x0166,0x0166,0x0125,
0x0125,0x0125,0x0146,0x0145,0x0104,0x0922,0x21c3,0x3222,0x39e2,0x2982,0x2983,0x31e3,0x31c3,0x3a04,0x4245,0x4a83,
0x4ac2,0x52e2,0x52c3,0x4a64,0x5285,0x4a84,0x5265,0x5ae7,0x5aa7,0x6309,0x6b0a,0x62ea,0x6b0a,0x52a6,0x5aa8,0x52a7,
0x5287,0x5aea,0x62ea,0x62ea,0x4a67,0x3a25,0x4a46,0x4226,0x4206,0x39e6,0x3a07,0x31e6,0x31e6,0x31c6,0x31e7,0x29a5,
0x19a0,0x21c1,0x19a0,0x21c1,0x3a81,0x3260,0x3241,0x1941,0x00a1,0x08c1,0x08a1,0x1102,0x1962,0x1942,0x1141,0x1141,
0x1121,0x1102,0x1942,0x21c2,0x21c2,0x1121,0x08e0,0x1121,0x1121,0x1922,0x08e1,0x1101,0x1102,0x1944,0x1923,0x1102,
0x1101,0x1102,0x08e1,0x10e2,0x10e2,0x10e2,0x08a1,0x1941,0x29e2,0x29a2,0x1942,0x2163,0x31e5,0x4247,0x4267,0x4a68,
0x31e4,0x31e2,0x4a66,0x5288,0x31e5,0x1985,0x0944,0x0165,0x0186,0x01a6,0x0186,0x01c6,0x01a6,0x09c7,0x01a6,0x01c6,
0x0a07,0x0a07,0x01c6,0x09e7,0x01c7,0x09e7,0x01c6,0x09c7,0x09c7,0x01a7,0x01a6,0x01c7,0x01a7,0x01c7,0x01a6,0x01c7,
0x01c7,0x01c7,0x01c7,0x01e8,0x01e7,0x01e8,0x01e7,0x01e8,0x01e7,0x0208,0x01e7,0x01e8,0x01e7,0x0208,0x01e7,0x0208,
0x01e8,0x0208,0x01e7,0x0208,0x01e8,0x0208,0x01e8,0x0208,0x0208,0x0208,0x0208,0x0208,0x0208,0x0208,0x01e7,0x0208,
0x01e8,0x0208,0x0208,0x0208,0x0208,0x0208,0x0208,0x0208,0x0208,0x0208,0x0208,0x0208,0x0208,0x0208,0x0208,0x0208,
0x0208,0x0208,0x0208,0x0208,0x01e8,0x0208,0x01e8,0x0208,0x01e8,0x0208,0x01e7,0x0208,0x01e8,0x0208,0x01e7,0x0208,
0x01e8,0x0208,0x01e7,0x0208,0x01e8,0x0208,0x01e7,0x0208,0x01e8,0x0208,0x01e7,0x01e8,0x01e7,0x01e8,0x01e7,0x01e8,
0x01c7,0x01e8,0x01c7,0x01e8,0x01e7,0x01e8,0x01e7,0x01e8,0x01e7,0x01e8,0x01c7,0x01e7,0x01c7,0x01e8,0x01c7,0x01e7,
0x01c7,0x01c7,0x01a6,0x01a7,0x01a6,0x01a7,0x0186,0x0186,0x0166,0x0166,0x0166,0x0186,0x0166,0x0146,0x0145,0x0145,
0x0125,0x0125,0x0125,0x0944,0x21a3,0x39e4,0x39c3,0x4225,0x4226,0x5267,0x4a87,0x5287,0x39c4,0x39e4,0x4243,0x52c4,
0x52c4,0x52c3,0x4aa2,0x4aa4,0x4a64,0x4a83,0x52e3,0x52a3,0x39e1,0x5287,0x62e9,0x5ac8,0x52a6,0x3a02,0x31e1,0x4243,
0x4245,0x630a,0x5ac9,0x4a47,0x2983,0x4245,0x39e4,0x2984,0x31a5,0x31e6,0x31e6,0x39e7,0x31a6,0x29a5,0x29c5,0x31e6,
0x1941,0x1981,0x3261,0x2a40,0x3222,0x3a81,0x42a1,0x3a82,0x1102,0x08e2,0x1103,0x08e1,0x1102,0x08e2,0x1102,0x08e1,
0x1922,0x1121,0x1942,0x21a2,0x2182,0x08c1,0x08c1,0x08c1,0x1101,0x1941,0x08e1,0x10e2,0x1924,0x1923,0x1923,0x1101,
0x1943,0x1962,0x1941,0x08c1,0x10c2,0x08c1,0x1923,0x3204,0x3a25,0x3a05,0x3a06,0x31e5,0x3a06,0x3a06,0x4227,0x3a47,
0x4246,0x31c2,0x4a67,0x52a8,0x5ae9,0x4a67,0x4a47,0x3a67,0x21e6,0x0165,0x01c7,0x01c6,0x09e7,0x09c6,0x09c7,0x01a6,
0x09c7,0x09e7,0x09e7,0x01c7,0x09e7,0x09e7,0x09e7,0x09c6,0x09e7,0x09c7,0x01c7,0x01a7,0x01c7,0x01c7,0x01c7,0x01a7,
0x01c7,0x01c7,0x01e8,0x01e7,0x0208,0x01e7,0x01e8,0x01e7,0x0a08,0x01e8,0x0208,0x01e7,0x0a08,0x01e8,0x0208,0x0208,
0x0a08,0x0208,0x0a08,0x01e8,0x0a08,0x0208,0x0208,0x0208,0x0a08,0x0208,0x0208,0x0208,0x0208,0x0208,0x0208,0x0208,
0x0208,0x0208,0x0208,0x0208,0x0208,0x0208,0x0208,0x0208,0x0a08,0x0208,0x0208,0x0208,0x0a08,0x0208,0x0208,0x0208,
0x0a08,0x0208,0x0208,0x0208,0x0a08,0x01e8,0x0208,0x01e8,0x0208,0x01e8,0x0208,0x01e8,0x0208,0x01e8,0x0208,0x01e8,
0x0a08,0x01e8,0x0208,0x01e8,0x0a08,0x01e8,0x0208,0x01e8,0x0a08,0x01e8,0x0a08,0x01e8,0x09e8,0x01e7,0x01e8,0x01e7,
0x09e8,0x01e8,0x01e8,0x01e7,0x09e8,0x01e7,0x01e8,0x01e7,0x09e8,0x01e7,0x01e8,0x01e7,0x01e8,0x01c7,0x01e8,0x01c7,
0x01e8,0x01c7,0x01c7,0x01a7,0x01c7,0x01a7,0x01a7,0x0186,0x0166,0x0166,0x01a7,0x0186,0x0187,0x0166,0x0166,0x0146,
0x0146,0x0125,0x0924,0x3225,0x5ac8,0x5288,0x5aa8,0x4a67,0x5aa8,0x5ac9,0x5ac9,0x5ae9,0x52a6,0x4243,0x4a83,0x5ae4,
0x6306,0x5ae5,0x52c3,0x4263,0x39e2,0x3a22,0x4a83,0x4a64,0x41e4,0x5287,0x6b0a,0x5aa8,0x4224,0x3a02,0x4263,0x4a83,
0x3a03,0x4a47,0x4a67,0x4a67,0x4a47,0x4a46,0x39e5,0x31a4,0x39e6,0x39e6,0x39e7,0x39e6,0x31c6,0x1923,0x29a4,0x31e6,
0x0080,0x0040,0x21c1,0x3242,0x08c0,0x1941,0x21c1,0x3241,0x1961,0x10e2,0x08e2,0x1102,0x08c1,0x08c2,0x08c2,0x1122,
0x0901,0x1122,0x1101,0x2182,0x1122,0x10e2,0x08c0,0x08e1,0x1122,0x1962,0x1102,0x1923,0x1102,0x1102,0x10e1,0x1922,
0x1123,0x1942,0x1141,0x08a1,0x0080,0x2164,0x3a06,0x31e5,0x31c5,0x3a26,0x3a26,0x31c5,0x31c5,0x3a07,0x31e6,0x31e6,
0x3a26,0x4246,0x3a44,0x4266,0x4a66,0x52a8,0x52a8,0x52a8,0x52e8,0x4a68,0x0985,0x01c6,0x01c6,0x09c7,0x01c6,0x09c7,
0x01a6,0x09c7,0x09c6,0x09e7,0x01c6,0x09e7,0x09c6,0x09e7,0x01c6,0x09e7,0x01c6,0x01a7,0x01a6,0x01c7,0x01a7,0x01c7,
0x01a6,0x01c7,0x01c7,0x01e8,0x01e7,0x01e8,0x01e7,0x01e8,0x01e7,0x01e8,0x01e8,0x01e8,0x01e7,0x0208,0x01e8,0x0208,
0x01e7,0x0208,0x01e8,0x0208,0x01e7,0x0208,0x01e8,0x0208,0x0208,0x0208,0x0208,0x0208,0x0208,0x0208,0x01e8,0x0208,
0x01e7,0x0208,0x01e8,0x0208,0x01e7,0x0208,0x0208,0x0208,0x0208,0x0208,0x0208,0x0208,0x0208,0x0208,0x0208,0x0208,
0x01e8,0x0208,0x01e8,0x0208,0x01e7,0x0208,0x01e8,0x01e8,0x01e7,0x01e8,0x01e7,0x01e8,0x01e7,0x01e8,0x01e7,0x01e8,
0x01e7,0x01e8,0x01e8,0x0208,0x01e7,0x01e8,0x01e7,0x01e8,0x01e7,0x01e8,0x01e7,0x01e8,0x01e7,0x01e8,0x01c7,0x01e8,
0x01c7,0x01e8,0x01c7,0x01e7,0x01c7,0x01e7,0x01c7,0x01e8,0x01e7,0x01e8,0x01c7,0x01e8,0x01c7,0x01c7,0x01c7,0x01c7,
0x01c7,0x01c7,0x01a6,0x01c7,0x01a6,0x01a7,0x01a6,0x01a7,0x01a6,0x09c7,0x0166,0x0166,0x0165,0x0166,0x0166,0x0166,
0x0125,0x0943,0x3a05,0x5ac9,0x52a8,0x5aa9,0x4227,0x39c5,0x4226,0x4247,0x4a88,0x4245,0x3a02,0x3a22,0x4262,0x4a63,
0x4a82,0x52a3,0x4aa2,0x4263,0x3a24,0x4224,0x4a45,0x6309,0x62e9,0x6309,0x62c9,0x5aa8,0x5aa8,0x5286,0x3a03,0x3a03,
0x4a66,0x4a67,0x3a24,0x4245,0x3a06,0x4206,0x4206,0x4206,0x4226,0x4207,0x39e6,0x39e6,0x2984,0x2164,0x2163,0x29a4,
0x0881,0x0060,0x08c1,0x1100,0x00a0,0x08e0,0x1121,0x1121,0x1962,0x08e1,0x08c2,0x0902,0x1102,0x08a1,0x08c2,0x1122,
0x1942,0x1121,0x1962,0x21a2,0x1943,0x1102,0x1102,0x10e1,0x1943,0x1122,0x1923,0x1102,0x1102,0x10e2,0x1903,0x1103,
0x1103,0x08e1,0x1101,0x10e1,0x1923,0x29a4,0x3a06,0x31a4,0x31a4,0x31e5,0x4227,0x3a26,0x3a06,0x3a06,0x3a06,0x3206,
0x4227,0x3a27,0x4264,0x4264,0x52a9,0x52a9,0x5ac9,0x52c7,0x52a7,0x52a6,0x4246,0x11a6,0x09e7,0x01c6,0x09c7,0x01c6,
0x09c7,0x09e7,0x09e7,0x09e7,0x09e7,0x09e7,0x09e7,0x09e7,0x0a07,0x09e7,0x09e7,0x01a6,0x01a7,0x01a7,0x01c7,0x01a7,
0x01c7,0x01c7,0x01e8,0x01e8,0x01e8,0x01e7,0x01e8,0x01e8,0x01e8,0x01e8,0x01e8,0x01e8,0x0208,0x01e8,0x0208,0x01e8,
0x0208,0x01e8,0x0208,0x01e8,0x0208,0x0208,0x0a08,0x0208,0x0208,0x0208,0x0a08,0x0208,0x0208,0x0208,0x0a08,0x01e8,
0x0208,0x01e8,0x0a08,0x01e8,0x0208,0x0208,0x0a08,0x0208,0x0208,0x0208,0x0a08,0x0208,0x0208,0x0208,0x0a08,0x0208,
0x0208,0x01e8,0x0a08,0x01e8,0x0208,0x01e8,0x0208,0x01e8,0x01e8,0x01e8,0x0a08,0x01e8,0x0208,0x01e8,0x09e8,0x01e8,
0x0208,0x01e8,0x0a08,0x01e8,0x0208,0x01e8,0x0a08,0x01e8,0x09e8,0x01e7,0x09e8,0x01e7,0x01e8,0x01e7,0x01e8,0x01e7,
0x01e8,0x01c7,0x01e8,0x01c7,0x01e8,0x01c7,0x01e8,0x01e7,0x01e8,0x01e7,0x09e8,0x01e7,0x01e8,0x01c7,0x01e8,0x01c7,
0x01e8,0x01a7,0x01c7,0x01a7,0x01c7,0x01a6,0x01a7,0x01a7,0x0a08,0x01a7,0x0187,0x0166,0x0166,0x0166,0x0187,0x0166,
0x1163,0x1962,0x4a27,0x52a8,0x52a8,0x4227,0x4207,0x4a67,0x52a8,0x4a67,0x4226,0x31e3,0x4262,0x4241,0x39e2,0x31c2,
0x4a83,0x4aa3,0x4222,0x4a86,0x6b4b,0x632b,0x6b2b,0x6309,0x5ac9,0x5aa8,0x62c9,0x5a88,0x5a88,0x5ac8,0x62ea,0x4a66,
0x4a45,0x4225,0x4225,0x4245,0x4227,0x4206,0x4227,0x39e4,0x4205,0x39e4,0x39e4,0x31e4,0x31a5,0x2144,0x2984,0x2163,
0x00a0,0x08c1,0x00a1,0x0080,0x00c0,0x1121,0x0941,0x1161,0x2a01,0x3242,0x1121,0x08e2,0x08c2,0x08c2,0x08c1,0x1122,
0x1122,0x1102,0x1121,0x1963,0x1102,0x1102,0x1101,0x1122,0x1103,0x1123,0x1101,0x1102,0x1102,0x1903,0x08e1,0x1102,
0x08c2,0x0041,0x08a1,0x1943,0x1103,0x2985,0x3a05,0x3a04,0x31e3,0x31a5,0x29a4,0x3a06,0x31e5,0x31c5,0x3226,0x3a47,
0x3a27,0x3a06,0x3204,0x4284,0x52c8,0x5aca,0x4247,0x4a47,0x4225,0x3a23,0x4264,0x39e5,0x0944,0x09c7,0x01e6,0x09e7,
0x01c6,0x09e7,0x01e6,0x0a07,0x1228,0x09e7,0x01c6,0x09e7,0x09e7,0x09e7,0x09e6,0x09e7,0x0186,0x01a7,0x01a6,0x01a7,
0x01c7,0x01c7,0x01c7,0x01e8,0x01e7,0x01e8,0x01e7,0x01e8,0x01e7,0x01e8,0x01e7,0x01e8,0x01e7,0x01e8,0x01e7,0x0208,
0x01e7,0x01e8,0x01e7,0x0208,0x01e8,0x0208,0x01e8,0x0208,0x0208,0x0208,0x0208,0x0208,0x0208,0x0208,0x01e8,0x0208,
0x01e8,0x0208,0x01e7,0x0208,0x01e8,0x0208,0x0208,0x0208,0x0208,0x0208,0x01e7,0x0208,0x01e8,0x0208,0x01e7,0x0208,
0x01e8,0x0208,0x01e7,0x0208,0x01e8,0x0208,0x01e7,0x01e8,0x01e7,0x01e8,0x01e7,0x01e8,0x01e7,0x01e8,0x01e7,0x01e8,
0x01e7,0x01e8,0x01e7,0x01e8,0x01e7,0x01e8,0x01e7,0x0208,0x01e7,0x01e8,0x01e7,0x01e8,0x01e7,0x01e8,0x01c7,0x01e7,
0x01c7,0x01e7,0x01c7,0x01c7,0x01c7,0x01c7,0x01c7,0x01e7,0x01c7,0x01e8,0x01e7,0x01e8,0x01c7,0x01e7,0x01c7,0x01e7,
0x01c7,0x01c7,0x01a7,0x01c7,0x01a7,0x01a7,0x01a6,0x01c7,0x0186,0x0186,0x0166,0x0166,0x0146,0x0186,0x0166,0x0165,
0x1962,0x1923,0x31c4,0x4224,0x4225,0x39e6,0x39e5,0x4a67,0x4206,0x4225,0x2162,0x2162,0x29c1,0x31c2,0x2981,0x31c2,
0x3a01,0x3a02,0x3a04,0x4a47,0x62e9,0x62ea,0x5aa8,0x62c9,0x5aa8,0x62c9,0x5aa8,0x5ac8,0x5aa8,0x62e9,0x5aa8,0x5287,
0x31c3,0x3a05,0x4226,0x4226,0x4226,0x4a27,0x4226,0x4226,0x31c3,0x31c3,0x29a1,0x29c2,0x29c2,0x2182,0x1942,0x1943,
0x08e1,0x08e1,0x08e1,0x0901,0x1121,0x1121,0x1141,0x1161,0x21e2,0x3282,0x3243,0x08e1,0x08c2,0x08a1,0x1102,0x1121,
0x1122,0x08e2,0x1942,0x1122,0x1103,0x1102,0x1943,0x1123,0x1923,0x1103,0x1102,0x1122,0x1923,0x10e2,0x10e1,0x10e1,
0x0881,0x0081,0x1903,0x2163,0x2183,0x31e4,0x4a67,0x4245,0x3a24,0x31c4,0x31c5,0x29a4,0x29a4,0x29c5,0x3a26,0x4247,
0x4268,0x4247,0x4266,0x3a03,0x4a65,0x4a87,0x4a68,0x4267,0x4a87,0x3a23,0x3a22,0x3203,0x2143,0x0965,0x0a07,0x09e7,
0x11e7,0x09e7,0x09e7,0x09e6,0x1208,0x1228,0x09e7,0x09e7,0x09e7,0x09e7,0x09e7,0x09c6,0x09c7,0x01a7,0x01a7,0x01a7,
0x01e8,0x01e7,0x01e8,0x01e7,0x01e8,0x01e8,0x01e8,0x01e7,0x09e8,0x01e8,0x01e8,0x01e8,0x01e8,0x01e8,0x0208,0x01e8,
0x0208,0x01e8,0x0208,0x01e8,0x0a08,0x0208,0x0a08,0x0208,0x0a09,0x0208,0x0208,0x0208,0x0a08,0x0208,0x0208,0x0208,
0x0a08,0x01e8,0x0208,0x0208,0x0208,0x0208,0x0208,0x0208,0x0a08,0x0208,0x0208,0x0208,0x0208,0x01e8,0x0208,0x0208,
0x0a08,0x01e8,0x0208,0x01e8,0x0a08,0x01e8,0x0208,0x01e8,0x01e8,0x01e8,0x01e8,0x01e8,0x01e8,0x01e8,0x01e8,0x01e7,
0x01e8,0x01e8,0x01e8,0x01e7,0x0208,0x01e8,0x0208,0x01e8,0x0a08,0x01e8,0x01e8,0x01e7,0x09e8,0x01e7,0x01e8,0x01e7,
0x09e8,0x01e7,0x01e8,0x01c7,0x01e8,0x01c7,0x01e8,0x01c7,0x01e8,0x01c7,0x01e8,0x01e7,0x01e8,0x01c7,0x01e8,0x01c7,
0x01e8,0x01c7,0x01c7,0x01c7,0x01c7,0x01a7,0x09c8,0x0186,0x0187,0x0186,0x0187,0x0166,0x01c7,0x0187,0x0965,0x1963,
0x2163,0x2143,0x4206,0x4224,0x39e6,0x3a06,0x4225,0x31c4,0x31a3,0x3a02,0x31c2,0x29a3,0x31e3,0x3a23,0x4243,0x4a86,
0x5ac8,0x2982,0x3a04,0x5aa8,0x62ea,0x62c9,0x62c9,0x5aa8,0x62c9,0x62c8,0x62c9,0x5aa8,0x62e9,0x5aa8,0x5ac9,0x5a88,
0x4a46,0x3a05,0x4a27,0x4206,0x4a27,0x4a47,0x4a47,0x31a4,0x4206,0x31e5,0x2983,0x2181,0x31e2,0x21c1,0x2163,0x1923,
0x1140,0x1982,0x0920,0x1121,0x0941,0x1162,0x0941,0x1161,0x1161,0x1981,0x21e1,0x1962,0x08c1,0x08c1,0x08e1,0x1102,
0x1102,0x1923,0x1102,0x10e2,0x08e1,0x1122,0x1122,0x1923,0x1103,0x1103,0x10e2,0x1103,0x1102,0x10e1,0x08c1,0x0081,
0x0060,0x10e3,0x1103,0x2144,0x29c2,0x31e4,0x4227,0x4247,0x31e4,0x29c2,0x29a4,0x3a06,0x3206,0x31e6,0x31e6,0x4aa9,
0x4267,0x4247,0x4247,0x4a67,0x4a87,0x4246,0x3a23,0x4a66,0x4a87,0x3a44,0x29e1,0x31e2,0x2182,0x2164,0x09a5,0x09e7,
0x01c6,0x09e7,0x01e6,0x09e7,0x01c6,0x1228,0x0a07,0x09c7,0x09c6,0x09e7,0x09c6,0x09c7,0x01c6,0x01a7,0x01a6,0x01c7,
0x01c7,0x01e8,0x01e7,0x01e8,0x01e7,0x01e8,0x01c7,0x01e8,0x01e7,0x01e8,0x01e7,0x01e8,0x01e7,0x01e8,0x01e8,0x0208,
0x01e7,0x01e8,0x01e8,0x0208,0x01e8,0x0208,0x0208,0x0208,0x0208,0x0208,0x0208,0x0208,0x01e8,0x0208,0x01e8,0x0208,
0x01e7,0x0208,0x01e8,0x0208,0x0208,0x0208,0x0208,0x0208,0x0208,0x0208,0x01e8,0x0208,0x01e7,0x0208,0x01e8,0x0208,
0x01e7,0x0208,0x01e8,0x0208,0x01e7,0x01e8,0x01e7,0x01e8,0x01e7,0x01e8,0x01e7,0x01e8,0x01e7,0x01e8,0x01e7,0x01e8,
0x01e7,0x01e8,0x01e7,0x01e8,0x01e7,0x0208,0x01e7,0x01e8,0x01e7,0x0208,0x01e7,0x01e8,0x01e7,0x01e8,0x01e7,0x01e8,
0x01c7,0x01e7,0x01c7,0x01e7,0x01c7,0x01e7,0x01c7,0x01e7,0x01c7,0x01e7,0x01c7,0x01e8,0x01a7,0x01c7,0x01a6,0x01c7,
0x01a6,0x01a7,0x01a7,0x01a7,0x01e7,0x01e8,0x0186,0x0186,0x0166,0x0186,0x0186,0x01a7,0x01a7,0x0185,0x1983,0x2163,
0x1903,0x3185,0x52a8,0x4227,0x39e6,0x31c5,0x31e3,0x2983,0x29c2,0x4a65,0x4a46,0x5aa9,0x3a44,0x3202,0x4265,0x630a,
0x5ac8,0x39e3,0x29a1,0x4225,0x6309,0x5ac9,0x5a88,0x62c8,0x5aa8,0x62c8,0x5aa8,0x5aa8,0x4a67,0x5288,0x5288,0x5a88,
0x4226,0x39e5,0x4206,0x4207,0x4227,0x4246,0x4225,0x29a4,0x31c5,0x31e5,0x2142,0x1921,0x1961,0x2162,0x1102,0x10e2,
0x19a1,0x11a1,0x19a1,0x1181,0x1981,0x0921,0x1142,0x1161,0x1122,0x08e2,0x1102,0x1102,0x1102,0x08e1,0x1103,0x1104,
0x1924,0x1103,0x1102,0x1102,0x1103,0x1122,0x1923,0x1103,0x1923,0x1102,0x2163,0x29c2,0x1962,0x08c1,0x08a1,0x0060,
0x10e3,0x1103,0x2185,0x2183,0x31e4,0x3a25,0x4226,0x3a06,0x3a06,0x31e4,0x4227,0x3a07,0x3a07,0x3206,0x4248,0x52c9,
0x52c9,0x4247,0x4247,0x3a26,0x4a68,0x4a87,0x4244,0x3a23,0x3a25,0x3204,0x3203,0x3202,0x3a45,0x31c4,0x2185,0x0986,
0x0a07,0x09c7,0x09e7,0x09e6,0x09e7,0x09c6,0x1a49,0x09e7,0x09e7,0x09c6,0x09e7,0x09c6,0x09c7,0x01a7,0x01a7,0x01c7,
0x01e8,0x01e7,0x01e8,0x01e8,0x01e8,0x01e7,0x09e8,0x01e8,0x01e8,0x01e8,0x0a08,0x01e8,0x0208,0x01e8,0x0208,0x01e8,
0x0208,0x01e8,0x0a08,0x01e8,0x0208,0x0208,0x0a08,0x0208,0x0208,0x0208,0x0a08,0x0208,0x0208,0x01e8,0x0a08,0x01e8,
0x0208,0x01e8,0x0a08,0x0208,0x0208,0x0208,0x0208,0x0208,0x0208,0x0208,0x0a08,0x0208,0x0208,0x0208,0x0208,0x01e8,
0x0208,0x01e8,0x0a08,0x01e8,0x0208,0x01e8,0x0208,0x01e8,0x0208,0x01e8,0x09e8,0x01e8,0x0208,0x01e8,0x09e8,0x01e8,
0x01e8,0x01e8,0x0a08,0x01e8,0x0208,0x01e8,0x0a08,0x01e8,0x0208,0x01e8,0x01e8,0x01e7,0x01e8,0x01e7,0x01e8,0x01e7,
0x01e8,0x01c7,0x01e8,0x01e7,0x01e8,0x01c7,0x01e8,0x01e7,0x01e8,0x01c7,0x01c7,0x01a6,0x01a7,0x01a6,0x01a7,0x01a6,
0x01a7,0x0186,0x0186,0x01a7,0x1229,0x0186,0x0187,0x0186,0x0187,0x0186,0x01a7,0x01a7,0x0166,0x0922,0x2984,0x2164,
0x1923,0x31c5,0x5288,0x39c5,0x3a05,0x29e3,0x29a3,0x29a3,0x3a05,0x4a67,0x4a47,0x4206,0x29a3,0x4245,0x6b0b,0x5ac9,
0x52a7,0x3a05,0x39e5,0x5287,0x62e9,0x5ac8,0x5aa8,0x62c9,0x6b09,0x62c8,0x62e9,0x5aa8,0x5a88,0x5267,0x5268,0x4a47,
0x4a47,0x4206,0x4a26,0x4206,0x4225,0x3a24,0x4225,0x31c2,0x31e3,0x29c2,0x2982,0x1941,0x1942,0x1102,0x1102,0x10e2,
0x1981,0x19a1,0x1980,0x21e1,0x21e2,0x00c0,0x0080,0x1102,0x0080,0x08a1,0x00a1,0x08c2,0x08c1,0x08c2,0x1102,0x1924,
0x1103,0x10e2,0x1102,0x1123,0x1102,0x1122,0x1102,0x1102,0x1102,0x10e2,0x1961,0x3aa2,0x3261,0x21c2,0x0080,0x08a1,
0x08e1,0x2183,0x2163,0x29c4,0x3a24,0x39e4,0x29a3,0x31c4,0x3a04,0x4226,0x3a27,0x3a07,0x31e6,0x3a07,0x4267,0x52a9,
0x4a88,0x52a9,0x4a88,0x4a87,0x4a67,0x52a8,0x3a25,0x31c2,0x29c2,0x39e5,0x29a2,0x3223,0x3a44,0x31e5,0x2143,0x1965,
0x01a5,0x09e7,0x01c6,0x09e6,0x09e6,0x09e7,0x1207,0x2289,0x01c6,0x09e7,0x09c6,0x09c6,0x01a6,0x09c7,0x01a6,0x01c7,
0x01e7,0x01e8,0x01e7,0x01e8,0x01e7,0x01e8,0x01e7,0x01e8,0x01e7,0x01e8,0x01e7,0x01e8,0x01e7,0x01e8,0x01e7,0x0208,
0x01e8,0x0208,0x01e7,0x0208,0x01e8,0x0208,0x01e8,0x0208,0x0208,0x0208,0x01e8,0x0208,0x01e8,0x0208,0x01e7,0x0208,
0x01e8,0x0208,0x01e7,0x0208,0x0208,0x0208,0x01e7,0x0208,0x01e8,0x0208,0x01e7,0x0208,0x01e8,0x0208,0x01e7,0x0208,
0x01e8,0x0208,0x01e7,0x0208,0x01e7,0x0208,0x01e7,0x0208,0x01e7,0x01e8,0x01e7,0x01e8,0x01e7,0x01e8,0x01e7,0x01e8,
0x01e7,0x01e8,0x01e7,0x01e8,0x01e7,0x01e8,0x01e7,0x0208,0x01e7,0x01e8,0x01e7,0x01e8,0x01e7,0x01e8,0x01c7,0x01e7,
0x01c7,0x01e8,0x01c7,0x01e7,0x01e7,0x01e7,0x01c7,0x01c7,0x01a6,0x01a7,0x01a6,0x01a6,0x0186,0x01a6,0x01a6,0x01a6,
0x01a6,0x01a6,0x0186,0x1228,0x0186,0x0166,0x0166,0x0186,0x0186,0x0186,0x0166,0x0146,0x00e3,0x1903,0x1922,0x2143,
0x1923,0x4246,0x3a25,0x29a2,0x29c2,0x31e4,0x31e4,0x4a67,0x4a47,0x4a26,0x4226,0x31c5,0x29a3,0x630a,0x62e9,0x62c9,
0x4a47,0x5247,0x5267,0x5287,0x5aa7,0x5aa8,0x4a67,0x5ac9,0x62e9,0x62e9,0x5aa8,0x5aa8,0x5aa8,0x5288,0x4a26,0x4206,
0x4a47,0x4a27,0x4226,0x4226,0x29a1,0x3a04,0x3a03,0x31e2,0x29e1,0x29c2,0x2180,0x29a2,0x2181,0x1962,0x1101,0x1102,
0x21a2,0x19a1,0x21e1,0x21e1,0x2a02,0x08e1,0x0081,0x0061,0x0881,0x0081,0x08a1,0x00a1,0x08c1,0x08c1,0x10c2,0x08c1,
0x08a1,0x08c2,0x1103,0x10e2,0x1102,0x1102,0x1102,0x1102,0x1102,0x10e1,0x1941,0x3261,0x3a82,0x42c2,0x29e2,0x21c1,
0x3263,0x3262,0x2162,0x2184,0x31e4,0x2963,0x2143,0x29c2,0x3a23,0x4246,0x4227,0x3206,0x31e6,0x29a5,0x3a07,0x4a68,
0x4a47,0x4a47,0x52a9,0x4a88,0x5287,0x4a66,0x4a87,0x29a2,0x31e4,0x4247,0x4247,0x3a24,0x3a24,0x4265,0x31c5,0x31a5,
0x1985,0x01a6,0x09e7,0x09c6,0x09e7,0x09e7,0x09c7,0x1a69,0x1a49,0x01c6,0x09e7,0x01c6,0x09c7,0x09c7,0x09c7,0x01e7,
0x01e8,0x01e7,0x0208,0x01e7,0x01e8,0x01e7,0x01e8,0x01e7,0x09e8,0x01e8,0x01e8,0x01e7,0x09e8,0x01e8,0x0208,0x01e8,
0x0a08,0x01e8,0x0208,0x01e8,0x0208,0x01e8,0x0208,0x01e8,0x0208,0x01e8,0x0208,0x01e8,0x0208,0x01e8,0x0208,0x01e8,
0x0208,0x01e8,0x0208,0x0208,0x0a08,0x0208,0x0208,0x01e8,0x0208,0x01e8,0x0208,0x01e8,0x0208,0x01e8,0x0208,0x01e8,
0x0a08,0x01e8,0x0208,0x01e8,0x0a08,0x01e8,0x0208,0x01e8,0x0a08,0x01e8,0x0208,0x01e8,0x01e8,0x01e8,0x01e8,0x01e7,
0x09e8,0x01e8,0x01e8,0x01e8,0x0a08,0x01e8,0x0208,0x01e8,0x0a08,0x01e8,0x0208,0x01e7,0x09e8,0x01e7,0x01e8,0x01c7,
0x09e8,0x01e7,0x01e8,0x01e7,0x01e8,0x01c7,0x01c7,0x01a6,0x09c7,0x01a6,0x09e7,0x01a6,0x09a7,0x09c6,0x09c7,0x01a6,
0x09c7,0x01a6,0x1228,0x01a7,0x0166,0x0186,0x0186,0x0186,0x01a7,0x01c7,0x0167,0x00e4,0x1944,0x1943,0x1922,0x1923,
0x2144,0x31c4,0x31e3,0x29c3,0x31a4,0x39e6,0x4a47,0x4a47,0x4a47,0x4a47,0x5268,0x4226,0x4a27,0x5288,0x5a88,0x5267,
0x5a88,0x5268,0x5aa8,0x5a88,0x5aa8,0x5a87,0x5aa8,0x5aa8,0x62c9,0x5287,0x5267,0x5288,0x5247,0x4206,0x5268,0x4a67,
0x4a67,0x39e4,0x4227,0x3a05,0x31c3,0x29c3,0x3a04,0x29e1,0x3202,0x29e2,0x21a1,0x21a1,0x2182,0x1962,0x1962,0x1142,
0x0920,0x19a1,0x21e1,0x21e1,0x1140,0x00a1,0x0081,0x0081,0x0081,0x0081,0x00a1,0x08c2,0x08c1,0x08c1,0x08c1,0x08a1,
0x08c1,0x10e2,0x08c1,0x10e2,0x08e1,0x1102,0x08c1,0x08e2,0x08c1,0x0081,0x00a0,0x3242,0x3261,0x3281,0x3281,0x3aa1,
0x3281,0x3aa2,0x1941,0x1923,0x2143,0x2143,0x2182,0x3202,0x3203,0x3a06,0x31e4,0x31e5,0x31c5,0x31c6,0x31e6,0x4227,
0x4247,0x4a67,0x4a67,0x4a47,0x4246,0x3a04,0x3a25,0x31c3,0x31e4,0x4226,0x4226,0x4247,0x3a25,0x3a24,0x31c4,0x2144,
0x1923,0x0944,0x09c6,0x09c7,0x01c6,0x09e7,0x01c6,0x0a07,0x1a69,0x09c7,0x01c6,0x09c7,0x01a6,0x09c7,0x01c7,0x09e8,
0x01e7,0x01e7,0x01e7,0x01e8,0x01e7,0x01e8,0x01e7,0x01e8,0x01e7,0x01e8,0x01e7,0x01e8,0x01e7,0x01e8,0x01e7,0x01e8,
0x01e7,0x01e8,0x01e7,0x01e8,0x01e7,0x01e8,0x01e7,0x01e8,0x01e7,0x01e8,0x01e8,0x0208,0x01e7,0x0208,0x01e8,0x0208,
0x01e7,0x0208,0x01e8,0x0208,0x01e7,0x0208,0x0208,0x0208,0x01e7,0x0208,0x01e8,0x0208,0x01e7,0x0208,0x01e8,0x0208,
0x01e7,0x01e8,0x01e8,0x01e8,0x01e7,0x0208,0x01e8,0x0208,0x01e7,0x01e8,0x01e7,0x01e8,0x01e7,0x01e8,0x01c7,0x01e8,
0x01c7,0x01e8,0x01e7,0x01e8,0x01e7,0x01e8,0x01e7,0x0208,0x01e7,0x0208,0x01e7,0x01e8,0x01e7,0x01e8,0x01c7,0x01e8,
0x01c7,0x01e7,0x01c7,0x01c7,0x0186,0x01a6,0x01a6,0x09c7,0x01a6,0x01a6,0x01a6,0x09c6,0x01c6,0x09e7,0x09c6,0x09c7,
0x01c6,0x09e7,0x01c6,0x01a6,0x0185,0x0186,0x0166,0x0146,0x01c6,0x09e7,0x0145,0x1123,0x2163,0x1943,0x1102,0x1923,
0x1902,0x2182,0x29a1,0x31c4,0x31e6,0x31e6,0x3a06,0x4a47,0x4206,0x4a47,0x4247,0x39c5,0x4226,0x4226,0x5268,0x5aa9,
0x5288,0x5267,0x5aa8,0x5aa8,0x5a87,0x5a88,0x5a87,0x62c9,0x4a46,0x5247,0x5267,0x5267,0x41e5,0x39c5,0x4226,0x4a47,
0x31c3,0x29c2,0x29c2,0x29a2,0x21a1,0x29a2,0x29c2,0x3202,0x29e1,0x29c1,0x21a1,0x21a1,0x1941,0x1941,0x1962,0x1962,
0x1141,0x1161,0x21e2,0x1141,0x0060,0x0061,0x0882,0x0081,0x08a1,0x00a1,0x10e2,0x08e1,0x1102,0x08e1,0x08e2,0x08a1,
0x08c1,0x08c1,0x10e2,0x08e1,0x1102,0x08e1,0x1121,0x1101,0x1962,0x1101,0x08a1,0x1981,0x3282,0x2a41,0x3282,0x2a41,
0x3aa1,0x3262,0x1101,0x1923,0x2163,0x2182,0x3202,0x29e1,0x29a4,0x31c4,0x39e4,0x3a05,0x39e6,0x31e6,0x3a27,0x31e6,
0x3a06,0x4247,0x4a67,0x4247,0x4a67,0x4246,0x4246,0x39e5,0x39e5,0x3a06,0x4247,0x4226,0x4227,0x3a45,0x4246,0x2184,
0x2123,0x1144,0x09c7,0x01a6,0x09e7,0x09c6,0x09c6,0x09c6,0x1249,0x09c7,0x09c7,0x09c6,0x09c7,0x01c7,0x09c7,0x01c7,
0x01e8,0x01e7,0x09e8,0x01e7,0x01e8,0x01e7,0x09e8,0x01e8,0x01e8,0x01e7,0x01e8,0x01e7,0x01e8,0x01e7,0x01e8,0x01e8,
0x01e8,0x01e7,0x01e8,0x01e8,0x01e8,0x01e7,0x01e8,0x01e8,0x0208,0x01e8,0x0208,0x01e8,0x0208,0x01e8,0x0208,0x01e8,
0x0208,0x01e8,0x0208,0x0208,0x0208,0x0208,0x0a08,0x01e8,0x0208,0x01e8,0x0208,0x01e8,0x0208,0x01e8,0x0208,0x01e8,
0x0208,0x01e8,0x01e8,0x01e8,0x0208,0x01e8,0x0208,0x01e8,0x0208,0x01e8,0x0a08,0x01e8,0x01e8,0x01e7,0x01e8,0x01e8,
0x01e8,0x01e7,0x09e8,0x01e8,0x0208,0x01e7,0x0208,0x01e8,0x0208,0x01e8,0x0a08,0x01e8,0x01e8,0x01e7,0x01e8,0x01c7,
0x01e8,0x01c7,0x01a7,0x0186,0x01a7,0x09c6,0x11e7,0x09c6,0x09c6,0x01a6,0x09c7,0x01a6,0x09c7,0x01a6,0x09a6,0x01a6,
0x09c7,0x09e7,0x09a6,0x01a6,0x09a6,0x0165,0x0165,0x0186,0x09c6,0x0185,0x1165,0x1962,0x2162,0x1943,0x2124,0x2143,
0x31c3,0x21a1,0x3204,0x39e6,0x31e6,0x31c6,0x39c6,0x4247,0x52a9,0x39e6,0x2964,0x2144,0x4a48,0x4a27,0x5268,0x5aa9,
0x5aa9,0x5288,0x5a88,0x5267,0x5a88,0x5aa8,0x5aa8,0x5a87,0x5267,0x5246,0x5aa8,0x5267,0x5267,0x4206,0x39e6,0x4206,
0x2983,0x2181,0x29c2,0x2181,0x21a2,0x21a1,0x29a2,0x29c1,0x29e2,0x2181,0x29c2,0x29e2,0x1961,0x1961,0x1962,0x1942,
0x1140,0x1160,0x19a1,0x08c0,0x0040,0x08c1,0x08a1,0x08a1,0x0081,0x08a2,0x0902,0x1102,0x08e1,0x08e2,0x08e1,0x08e2,
0x08c1,0x08e1,0x08c0,0x10e1,0x08c1,0x08a1,0x2181,0x3262,0x3261,0x3262,0x2a41,0x1981,0x21e1,0x3262,0x2a41,0x2201,
0x3262,0x2a21,0x2a01,0x3a82,0x3241,0x3a82,0x3aa2,0x31e2,0x1943,0x2964,0x2162,0x31e5,0x29a5,0x31c5,0x31e5,0x31a5,
0x29a4,0x4227,0x4226,0x4247,0x4267,0x4207,0x3a26,0x3a05,0x31c5,0x3a06,0x3a26,0x4226,0x3a26,0x3a06,0x29c5,0x31e6,
0x2143,0x1923,0x0124,0x09c6,0x01a6,0x09c7,0x01a6,0x01c6,0x0a08,0x1228,0x01a6,0x09c7,0x01c6,0x09c7,0x01a6,0x01c7,
0x01e7,0x01e7,0x01e7,0x01e8,0x01e7,0x01e8,0x01c7,0x01e8,0x01c7,0x01e8,0x01c7,0x01e8,0x01c7,0x01e8,0x01c7,0x01e8,
0x01e7,0x01e8,0x01c7,0x01e8,0x01e7,0x01e8,0x01e7,0x01e8,0x01e8,0x01e8,0x01e7,0x0208,0x01e8,0x0208,0x01e7,0x0208,
0x01e8,0x0208,0x01e7,0x0208,0x01e8,0x0208,0x01e8,0x0208,0x01e8,0x0208,0x01e7,0x0208,0x01e8,0x0208,0x01e7,0x01e8,
0x01e8,0x01e8,0x01e7,0x01e8,0x01e8,0x01e8,0x01e7,0x01e8,0x01e7,0x01e8,0x01e7,0x01e8,0x01c7,0x01e8,0x01e7,0x01e8,
0x01e7,0x01e8,0x01e7,0x01e8,0x01e7,0x01e8,0x01e7,0x0208,0x01e7,0x0208,0x01e7,0x01e8,0x01e7,0x01e8,0x01e7,0x01e8,
0x01c7,0x01a7,0x0186,0x01c7,0x0186,0x01a6,0x09c6,0x09e7,0x09c6,0x09c7,0x01a6,0x09c6,0x0186,0x0186,0x01a6,0x09c6,
0x01c6,0x09c7,0x0185,0x0186,0x0165,0x0165,0x0185,0x11e7,0x09c6,0x0985,0x1143,0x29a3,0x2162,0x2163,0x1923,0x2163,
0x1941,0x1921,0x31e5,0x39e6,0x31c5,0x31c6,0x31c5,0x39e6,0x29a5,0x2985,0x31e6,0x2184,0x4226,0x4227,0x4226,0x4a27,
0x4a67,0x5a88,0x4226,0x4a27,0x4a26,0x5a88,0x4a26,0x5247,0x4a26,0x5247,0x5267,0x5268,0x4a27,0x4206,0x31c5,0x41e6,
0x31a5,0x2983,0x1921,0x1921,0x1962,0x1961,0x1961,0x29c2,0x2181,0x2182,0x1961,0x1961,0x1141,0x1962,0x1141,0x1942,
0x1141,0x1181,0x1981,0x0921,0x1981,0x21c1,0x21e1,0x1141,0x0882,0x08a1,0x1142,0x1121,0x08c1,0x08e2,0x1103,0x08e2,
0x1102,0x08c1,0x08c1,0x08c1,0x08a1,0x0061,0x0061,0x21c1,0x3241,0x2a21,0x3262,0x2a21,0x19a1,0x2a22,0x2a22,0x19e1,
0x21c1,0x2201,0x3aa2,0x3281,0x3a82,0x3aa1,0x3242,0x1121,0x2965,0x2144,0x2143,0x31c5,0x31c6,0x29c5,0x31e5,0x2164,
0x31a5,0x4227,0x4207,0x31e5,0x3a06,0x31c5,0x3205,0x31c3,0x3a26,0x3a06,0x39e6,0x3a06,0x3a06,0x29c5,0x3a06,0x29c5,
0x29a5,0x1942,0x08a2,0x0165,0x09e7,0x01a6,0x09c7,0x01a6,0x09e7,0x1229,0x09c7,0x09c7,0x09e7,0x09c7,0x01c7,0x01a6,
0x01e8,0x01c7,0x01e8,0x01e7,0x01e8,0x01c7,0x01e8,0x01c7,0x01e8,0x01c7,0x01e8,0x01c7,0x01e8,0x01e7,0x01e8,0x01e7,
0x01e8,0x01e7,0x01e8,0x01e8,0x01e8,0x01e8,0x01e8,0x01e8,0x0208,0x01e8,0x0208,0x01e8,0x0208,0x01e8,0x0208,0x01e8,
0x0a08,0x01e8,0x0208,0x01e8,0x0208,0x01e8,0x0208,0x01e8,0x0208,0x01e8,0x0208,0x01e8,0x0208,0x01e8,0x0208,0x01e8,
0x0208,0x01e8,0x0208,0x01e8,0x0208,0x01e8,0x01e8,0x01e7,0x09e8,0x01e8,0x01e8,0x01e7,0x01e8,0x01e7,0x01e8,0x01e7,
0x01e8,0x01e8,0x01e8,0x01e8,0x0a08,0x01e7,0x01e8,0x01e7,0x0208,0x01e8,0x01e8,0x01e7,0x0a08,0x01e7,0x01e8,0x01e7,
0x01c7,0x0186,0x01a7,0x01c6,0x09c7,0x01c6,0x09e7,0x09c6,0x09e7,0x09c6,0x09c6,0x01a6,0x09c7,0x09a6,0x09e7,0x09c7,
0x09e7,0x01a6,0x0186,0x0145,0x09a6,0x09c6,0x11c7,0x09e6,0x09a6,0x0903,0x2163,0x29a4,0x2163,0x1923,0x2164,0x1962,
0x1941,0x1102,0x39e6,0x3a06,0x4227,0x31e6,0x31a5,0x2164,0x2165,0x31c6,0x4228,0x39e6,0x4a48,0x4227,0x4a27,0x4206,
0x4227,0x4206,0x4a47,0x4226,0x4a26,0x5287,0x5267,0x5247,0x5247,0x4a27,0x5268,0x4a47,0x4206,0x39c6,0x41e6,0x39e6,
0x39e6,0x2984,0x2142,0x1942,0x1962,0x1961,0x2182,0x21a2,0x2182,0x1941,0x1942,0x1141,0x1921,0x1141,0x1942,0x1141,
0x00e0,0x0920,0x1160,0x19a1,0x19c0,0x19c0,0x19e1,0x21c1,0x1121,0x08e1,0x1122,0x08e2,0x0081,0x08c2,0x08c1,0x08c2,
0x00a1,0x08a1,0x00a0,0x08a1,0x0060,0x0041,0x0000,0x1941,0x2a20,0x3241,0x2a21,0x2a21,0x19e0,0x1181,0x1161,0x1140,
0x1160,0x19c1,0x2201,0x3262,0x3261,0x3a81,0x21a1,0x1902,0x2163,0x2163,0x2163,0x31c4,0x31e4,0x31e5,0x29a4,0x29a3,
0x29a4,0x31c6,0x29a5,0x2985,0x29a4,0x3204,0x21a2,0x2162,0x31e5,0x31e6,0x29c5,0x31e6,0x29c5,0x3206,0x31e5,0x2144,
0x1943,0x2183,0x1101,0x0104,0x01a6,0x01c6,0x01a6,0x01a6,0x0186,0x09e7,0x01a7,0x01a7,0x01a6,0x01a7,0x01a6,0x01a6,
0x01c7,0x01e7,0x01c7,0x01c7,0x01c7,0x01e8,0x01c7,0x01e8,0x01c7,0x01e8,0x01c7,0x01e8,0x01e7,0x01e8,0x01c7,0x01e8,
0x01e7,0x01e8,0x01e7,0x01e8,0x01e7,0x01e8,0x01e8,0x01e8,0x01e7,0x01e8,0x01e7,0x01e8,0x01e7,0x0208,0x01e8,0x0208,
0x01e7,0x0208,0x01e8,0x0208,0x01e7,0x0208,0x01e8,0x0208,0x01e7,0x0208,0x01e7,0x0208,0x01e7,0x0208,0x01e7,0x01e8,
0x01e7,0x01e8,0x01e8,0x01e8,0x01e7,0x01e8,0x01e7,0x01e8,0x01c7,0x01e8,0x01e7,0x01e8,0x01c7,0x01e8,0x01e7,0x01e8,
0x01e7,0x01e8,0x01e7,0x01e8,0x01e7,0x01e8,0x01e7,0x01e8,0x01e7,0x01e8,0x01e7,0x01e8,0x01e7,0x01e8,0x01e7,0x01e8,
0x0186,0x01a6,0x01a6,0x09e7,0x01c6,0x09e7,0x09c6,0x09c7,0x01c6,0x09c6,0x01a6,0x09c6,0x01a6,0x09c6,0x01a6,0x09c7,
0x01a6,0x01a6,0x0165,0x0166,0x09c6,0x09a6,0x0165,0x09a6,0x00e3,0x08c1,0x2163,0x2163,0x1121,0x1923,0x1943,0x1942,
0x1101,0x1903,0x2164,0x4207,0x4a68,0x39e6,0x2165,0x2985,0x2185,0x2144,0x31e6,0x4a48,0x4247,0x4a68,0x4a47,0x4227,
0x3a06,0x4206,0x4206,0x39e6,0x4247,0x5267,0x4a47,0x4a47,0x4a26,0x4206,0x41e6,0x4206,0x3a06,0x3a06,0x39e5,0x31c5,
0x31c5,0x2984,0x2983,0x29a4,0x1962,0x2182,0x21a1,0x2182,0x1961,0x1941,0x1941,0x1961,0x1121,0x1121,0x1121,0x1121,
0x0901,0x00c0,0x1161,0x1160,0x19a1,0x19c1,0x2202,0x19e1,0x21e1,0x19a1,0x08e2,0x0061,0x0081,0x08e1,0x08a1,0x08a1,
0x08a2,0x0081,0x10e1,0x0080,0x0041,0x0061,0x0881,0x0080,0x1961,0x21e1,0x2a22,0x2a21,0x2a21,0x21e1,0x1961,0x1160,
0x21e1,0x19e0,0x2a21,0x2a61,0x3262,0x2a22,0x1141,0x1101,0x29c2,0x3202,0x3203,0x3203,0x3a43,0x31e4,0x29c5,0x2183,
0x31c6,0x29a5,0x29a6,0x29a5,0x31e5,0x29c4,0x2183,0x2163,0x29a6,0x31e6,0x31e6,0x31e6,0x31e6,0x3205,0x3225,0x1944,
0x1944,0x1963,0x2163,0x0082,0x0165,0x01a6,0x09c7,0x01a6,0x0186,0x01a7,0x01c8,0x0187,0x01a7,0x0186,0x01a7,0x01a6,
0x01c7,0x01e7,0x01e8,0x01c7,0x01e8,0x01c7,0x01e8,0x01c7,0x01e8,0x01c7,0x01e8,0x01e7,0x01e8,0x01e7,0x01e8,0x01e8,
0x01e8,0x01e7,0x01e8,0x01e8,0x01e8,0x01e8,0x0208,0x01e8,0x0208,0x01e8,0x01e8,0x01e8,0x0208,0x01e8,0x0a08,0x01e8,
0x0208,0x01e8,0x0208,0x01e8,0x0208,0x01e8,0x0208,0x01e8,0x0208,0x01e8,0x0208,0x01e8,0x0208,0x01e8,0x0208,0x01e8,
0x01e8,0x01e8,0x0208,0x01e8,0x01e8,0x01e8,0x01e8,0x01e7,0x01e8,0x01e7,0x01e8,0x01e7,0x01e8,0x01e7,0x01e8,0x01e8,
0x0208,0x01e8,0x0208,0x01e8,0x0208,0x01e7,0x0208,0x01e7,0x0208,0x01e7,0x01e8,0x01e7,0x01e8,0x01e7,0x01e8,0x01a7,
0x01a7,0x01c6,0x09c7,0x09c6,0x09e7,0x01c6,0x09e7,0x09c6,0x09c7,0x01c6,0x09c7,0x09a6,0x09c6,0x01a6,0x09a7,0x01a6,
0x01a6,0x0185,0x0166,0x09c6,0x09e6,0x0165,0x0186,0x0124,0x0082,0x1102,0x2143,0x1922,0x1922,0x1902,0x2143,0x1121,
0x1102,0x1924,0x1923,0x2144,0x3a07,0x29a5,0x31a6,0x29a5,0x29a6,0x2164,0x2986,0x31a6,0x39e7,0x3a06,0x4207,0x31c6,
0x39c6,0x31c6,0x31a6,0x31a5,0x4207,0x4227,0x4a27,0x41e6,0x4206,0x4206,0x41e6,0x4206,0x4206,0x3a05,0x31e4,0x21a2,
0x29a3,0x2162,0x29c3,0x29c2,0x2182,0x21a1,0x29e2,0x1961,0x1961,0x1941,0x1942,0x1941,0x1942,0x1101,0x1102,0x10e1,
0x0900,0x08e1,0x1161,0x1981,0x11a1,0x1161,0x0900,0x1161,0x19c1,0x21e2,0x0901,0x0060,0x08c0,0x1141,0x00c1,0x0061,
0x0061,0x0080,0x1141,0x1141,0x0060,0x08c1,0x08c0,0x1120,0x0940,0x0920,0x2201,0x3261,0x21e1,0x2a41,0x2a41,0x2a21,
0x3282,0x3281,0x2a41,0x3aa2,0x2a22,0x08e0,0x0920,0x1141,0x1981,0x29e2,0x2a01,0x3222,0x3221,0x3203,0x29c3,0x29c5,
0x29a4,0x31a5,0x29a5,0x29a5,0x29a4,0x2984,0x21a3,0x29a4,0x1944,0x2985,0x31e6,0x31e6,0x29c5,0x29a5,0x1963,0x1944,
0x1123,0x2184,0x2183,0x00a2,0x00e3,0x01a6,0x01a6,0x01a6,0x0165,0x01c7,0x01c7,0x0187,0x0186,0x0186,0x0186,0x01a6,
0x01c7,0x01e8,0x01c7,0x01e7,0x01c7,0x01e8,0x01c7,0x01e7,0x01c7,0x01e8,0x01c7,0x01e8,0x01e7,0x01e8,0x01e7,0x01e8,
0x01e7,0x01e8,0x01e7,0x01e8,0x01e7,0x01e8,0x01e7,0x01e8,0x01e7,0x01e8,0x01e7,0x01e8,0x01e8,0x01e8,0x01e7,0x0208,
0x01e8,0x0208,0x01e7,0x0208,0x01e8,0x0208,0x01e7,0x0208,0x01e8,0x0208,0x01e7,0x0208,0x01e7,0x01e8,0x01e7,0x01e8,
0x01e8,0x01e8,0x01e7,0x01e8,0x01e7,0x01e8,0x01c7,0x01e8,0x01c7,0x01e8,0x01e7,0x01e8,0x01c7,0x01e8,0x01e7,0x01e8,
0x01e7,0x01e8,0x01e7,0x01e8,0x01e7,0x01e8,0x01e7,0x01e8,0x01e7,0x01e8,0x01e7,0x01e8,0x01e7,0x01e8,0x01a6,0x01a7,
0x01a6,0x09c7,0x01a6,0x09c7,0x01c6,0x09c7,0x01c6,0x09c6,0x01a6,0x09c6,0x01a6,0x09c6,0x01a6,0x09a6,0x01a6,0x01a6,
0x0166,0x0186,0x01a6,0x09e6,0x09c6,0x0186,0x0165,0x00a3,0x0081,0x1942,0x1942,0x1922,0x1902,0x2143,0x1941,0x1101,
0x10e2,0x2144,0x10e2,0x1923,0x1923,0x2984,0x29c5,0x29c6,0x2164,0x1924,0x2185,0x31a6,0x2985,0x31c6,0x29a5,0x29a5,
0x2165,0x29a5,0x2985,0x2985,0x31c5,0x4207,0x3a06,0x4206,0x4206,0x39e6,0x39c6,0x39e5,0x3a05,0x31e4,0x29c2,0x29c2,
0x21a2,0x1981,0x21a1,0x29e2,0x21a1,0x29c2,0x21c1,0x1981,0x1121,0x1962,0x0900,0x1121,0x1141,0x1122,0x08e1,0x08e2,
0x1121,0x00c0,0x1141,0x19a1,0x19a1,0x1181,0x08c2,0x00c1,0x1122,0x1122,0x08e2,0x00c1,0x1142,0x1141,0x08c1,0x0061,
0x0061,0x0901,0x19c1,0x11a0,0x08e1,0x08e0,0x1121,0x19a1,0x19c1,0x19a1,0x3262,0x2a21,0x1121,0x2a01,0x3261,0x2201,
0x2202,0x32a2,0x3aa2,0x3281,0x42e2,0x21e1,0x1160,0x1141,0x1981,0x21a1,0x21a2,0x21c2,0x3202,0x3242,0x3223,0x29e3,
0x31c4,0x29a5,0x31c5,0x29a5,0x29a5,0x2184,0x29c4,0x29a5,0x2986,0x2164,0x29c6,0x29c6,0x2185,0x2184,0x1924,0x1103,
0x1924,0x1123,0x1943,0x08c2,0x00c3,0x0166,0x01a6,0x0186,0x0166,0x09e8,0x0a09,0x0186,0x01a7,0x0186,0x0187,0x0186,
0x01c7,0x01e7,0x01e8,0x01a7,0x01a7,0x01c7,0x01e8,0x01c7,0x01e8,0x01c7,0x01e8,0x01e7,0x01e8,0x01e8,0x01e8,0x01e8,
0x01e8,0x01e8,0x01e8,0x01e8,0x01e8,0x01e8,0x01e8,0x01e7,0x01e8,0x01e7,0x01e8,0x01e8,0x01e8,0x01e8,0x0208,0x01e8,
0x0208,0x01e8,0x0208,0x01e8,0x0208,0x01e8,0x0208,0x01e8,0x0208,0x01e8,0x0208,0x01e8,0x0208,0x01e8,0x01e8,0x01e8,
0x01e8,0x01e8,0x01e8,0x01e8,0x01e8,0x01e8,0x01e8,0x01e7,0x01e8,0x01e8,0x01e8,0x01e7,0x01e8,0x01e8,0x01e8,0x01e8,
0x0208,0x01e8,0x01e8,0x01e7,0x01e8,0x01e7,0x01e8,0x01e7,0x01e8,0x01e7,0x01e8,0x01e7,0x0208,0x01c7,0x01a7,0x01a6,
0x09c7,0x01c7,0x01a7,0x01c6,0x09e7,0x01c7,0x09e7,0x01c6,0x09c7,0x01c6,0x09c7,0x01a6,0x09c6,0x01a6,0x09c7,0x01a6,
0x0186,0x01a6,0x09c7,0x09e6,0x09a6,0x0186,0x0125,0x0062,0x08c2,0x1942,0x1942,0x1121,0x2143,0x1943,0x1942,0x1101,
0x1903,0x1924,0x1924,0x1923,0x29a5,0x29c4,0x2984,0x29a6,0x2985,0x1944,0x31e7,0x31e7,0x31c7,0x29a6,0x39e6,0x31c6,
0x2965,0x31e6,0x31c6,0x29a5,0x4207,0x39e6,0x31a5,0x2984,0x39a5,0x3a06,0x39e6,0x31c5,0x31c4,0x1942,0x2182,0x21c2,
0x21a2,0x2182,0x21a2,0x21a1,0x29c2,0x21c2,0x21a1,0x1961,0x1122,0x1121,0x1101,0x1121,0x1962,0x1121,0x1102,0x08c1,
};

#endif /* KOI_BG_HDR_KOI_BG_NIGHT */
