/*******************************************************************************
 * Size: 16 px
 * Bpp: 4
 * Opts: --font C:/Windows/Fonts/simhei.ttf --size 16 --bpp 4 --format lvgl --lv-font-name cn_16 --lv-include lvgl.h -r 0x20-0x7E --symbols  #%'()+,-./0123458:;=>ABCDEFGHIJKLMNOPRSTUVWXYZ[\]_abcdefghijklmnopqrstuvwxyz|§°±¶·×æð÷ŋɑɒɔəɚɛɜɡɪʃʊʌʒˈˌːθ…※℃℉←↑→↓≈≠≤≥⋯①②③④⑤⑥⑦⑧⑨⑩■□▲▼○●★☆♠♣♥♦、。一七万三上下不丑世业丢两严个中串为主丽么之乌乐乒乓乘九习乡书买事二云互五亚些交享亮亲人什今仍仔他付令以们件价任份企休会伞伤伦但低住体何余作你使供便俊保信修俱倒候倦倾假做停健偶傍像儿元兄充先光克免兔入全八公六兰共关兴其具典内冒写农冬冰冲决冷净准凉减出击刀分切划创初利别到制刷券刺前剪割力劝办功加务动助努励劳勇包化匙区医十千升午半单南博卜卡卧印危卷厂厅历厉厌原厨去叉友发叔取受变叠口另叫叭可台史右叶号司吃吉吊同后吐向含听启吵吸吻呀告员周味呼和咸品哪哭唇唤售唱商喇喜喝嘴器噪嚷囊四回因团园围国图圆圣在地场坐坡坪城培基堆堡堪墙壁士壮声处备复夏夕外多大天太夫失头夹奇奋奔奖套女奶她好如妈始姐姨娃婴子孔字存季孤学孩它安完宜实客室害家容寂寄寞察对寻导寿封射将小少就尺尼尾局居屋展山岛州巢工左巧已巴巾市布帅师希帕帘带帮常帽干年幸庄庆床序库应店度康建开式引弟张弱弹强当录形彩影征待得微德心必忍志忙忠快念态怎怕急怯总恐恤恩息恶悉悬情惊惧惰想意感愿慕慢懒戏成我戒或戴户房扇手扎打扔扛扣扫找把投抖折抛护报抱抵抹担拇拉拍拜拥择拾拿持挂指按挑挖挥捆损排接推掷提搁搬摇摔摘操擦攀支收攻放故教敢散敦数敲文斑料斯新方旁旅旗无日早时明易星春昨是显晚景智暖暴曲更最月有朋服望期未末本术朵机杂李村束条来杯松板极枕林果架柔柠查柿栅栏树校样根格桃桌桥梦梨梯梳检棋棒棕森椅植椒椭椰楼榄樱橄橇橙橡檬欢歌正步武殊段母每比毛毯民气水永汁求汉汤汽沙没河油治法泣泥注泳洋洗洞洲活测浴海消液淇淋深清渔渡温渴游湖溜溪滑滚滩演漠漫澳瀑火灯灰灼炎点烛热烹然煎照熊燕爆爬爱父爸片牌牙牛物特状狐狗狮狸狼猎猪猫猬猴玉玩环现班球理琴琵琶瓜瓶甜生用田甲电男画界畏番疑疲病瘦登白百皂的皮盐盒盔盖盘目直相看真眠眼着睛睡知短矮石码破础碗示礼祖票离秋科秘租移程稍稽穴空穿窗窝站章童竹笆笑笔笛第等筑答筝筷算箭箱篮篱米粉粒粗粥糕糖系紧紫红约级纪纸纽线练组细结绕绘给继绪续维绵绿缓编缩网羊美羔羞羽翅翼老考者耐耳聊联聚聪肉肘肠肤肥肩肮育胃背胖胜胡胳胶能脏脖脚脸腊腕腰腿膀膊膝自舌舔舞航船色艺节芒花芹苏英苹茄茉茶草荒莉莓莫获菇菜菠萄萝营萨落葡葱蒜蓝蔬蕉薄薯蘑虎虚虫虹虾蚁蚂蛇蛋蛙蛛蜂蜇蜓蜗蜘蜜蜡蜻蝴蝶螃蟹蠢血行街衣补表衫衬袋袜装裙裤西要见观视览觉角警计让训议记讲讶论设访诉词试诗诚话诞该语误说请课谁谜谷豆豚象豪豹貌败购贴贵费赐赛走赶起超趣足趾跃跑距跟路跳踝踢蹈身车转轮轻载较辈辛辣边达迅过运近返还这进远连迪追选递通速造道遗邀那邪邮邻部都配酪酱酸醒里重野量金钓钟钢钥钱铁铃铅银链销锁错镇镜长门闪闭问间闹阅队阳阴阶阿际陋院除陷难雀集雏雕雨雪零雷雾需青静非靠面靴鞋韦音顶项顺须顿领颈颊题风飞食餐饥饪饭饺饼饿馆首香马驴驼骆验骑骡骨高鱼鲁鲜鲨鲸鳄鸟鸡鸭鹅鹉鹦鹰鹿麦麻黄黎黑鼓鼠鼻齿龄龙龟＃，；？＠ -o D:\workbuddy2\2026-09-09-10-46-35\ai-passport-workspace\main\lv_font_cn_16.c
 ******************************************************************************/

#ifdef LV_LVGL_H_INCLUDE_SIMPLE
#include "lvgl.h"
#else
#include "lvgl.h"
#endif

#ifndef CN_16
#define CN_16 1
#endif

#if CN_16

/*-----------------
 *    BITMAPS
 *----------------*/

/*Store the image of the glyphs*/
static LV_ATTRIBUTE_LARGE_CONST const uint8_t glyph_bitmap[] = {
    /* U+0020 " " */

    /* U+0021 "!" */
    0xfb, 0x11, 0x0, 0xc, 0xc2, 0x27, 0xf1, 0x10,
    0x0, 0x8e, 0x17, 0xec, 0x1c,

    /* U+0022 "\"" */
    0xf6, 0x7e, 0x12, 0x12, 0x37, 0x37, 0xb2, 0x7e,

    /* U+0023 "#" */
    0x0, 0x3c, 0x3, 0x48, 0x5, 0xdc, 0xe, 0xe0,
    0x4, 0x66, 0x1, 0x10, 0x4, 0xc2, 0x4, 0x61,
    0x7e, 0x77, 0xe9, 0x51, 0x38, 0x19, 0x80, 0xb9,
    0x22, 0x9, 0x98, 0x10, 0x41, 0x48, 0xc, 0x80,
    0x17, 0x63, 0xfc, 0x2f, 0x89, 0x66, 0x63, 0xae,
    0x49, 0x7, 0x98, 0x69, 0x88, 0x11, 0x0, 0x88,
    0x0,

    /* U+0024 "$" */
    0x0, 0xa5, 0x40, 0x35, 0x35, 0x40, 0x2, 0x5d,
    0x15, 0xd0, 0x12, 0xcb, 0xcf, 0x40, 0x1c, 0x0,
    0xeb, 0x5, 0x74, 0x2, 0x20, 0x43, 0x17, 0x8,
    0x5, 0x2c, 0x9e, 0x20, 0x1a, 0x2, 0xb, 0x8c,
    0x9, 0xd4, 0x85, 0x40, 0x6, 0xe0, 0x96, 0x58,
    0xba, 0x14, 0xc8, 0xce, 0xc0, 0x36, 0xd5, 0x0,
    0x1b, 0x5c, 0x0,

    /* U+0025 "%" */
    0x1d, 0xc0, 0x0, 0xa0, 0x32, 0xb2, 0x83, 0x30,
    0x3b, 0x84, 0x40, 0xe2, 0x0, 0xe4, 0xd0, 0x7,
    0x70, 0x89, 0xa8, 0x0, 0x65, 0x66, 0x70, 0x4,
    0x3b, 0x96, 0x9b, 0x60, 0x1d, 0x74, 0x8, 0x0,
    0x6b, 0x22, 0xc0, 0xf, 0x30, 0xe, 0x3c, 0x2,
    0x2c, 0x8, 0xa1, 0x54, 0x4,

    /* U+0026 "&" */
    0x0, 0x47, 0x60, 0x80, 0x48, 0xf6, 0x12, 0x1,
    0x1a, 0x2a, 0x10, 0x4, 0x2e, 0x9, 0xa0, 0x12,
    0x1d, 0x3, 0x80, 0x44, 0x2d, 0x80, 0x1a, 0xcc,
    0xc2, 0xa, 0xc, 0xba, 0x76, 0x54, 0x1e, 0xa1,
    0xeb, 0x22, 0x1c, 0xc0, 0x72, 0x88, 0x5, 0x29,
    0x4c, 0x5, 0x62, 0xb4, 0xb6, 0xd8, 0x50,

    /* U+0027 "'" */
    0x3f, 0x21, 0x2, 0x30, 0x0, 0xc0, 0x0,

    /* U+0028 "(" */
    0x0, 0x88, 0x2, 0x1c, 0x30, 0x5, 0x41, 0x82,
    0xbb, 0x0, 0x26, 0x0, 0x2, 0x48, 0x0, 0x25,
    0x0, 0x98, 0x80, 0x3f, 0x31, 0x0, 0x46, 0xa0,
    0x19, 0x50, 0x2, 0xf9, 0x0, 0x91, 0xe0, 0x2,
    0xa5, 0x30, 0xb, 0xc,

    /* U+0029 ")" */
    0x11, 0x0, 0x4f, 0xa0, 0x13, 0x2c, 0x80, 0x52,
    0xe4, 0x1, 0x4d, 0x80, 0x4c, 0x80, 0x10, 0x98,
    0x6, 0x22, 0x0, 0x7e, 0x22, 0x0, 0x8, 0xc0,
    0x25, 0x50, 0x0, 0x66, 0x40, 0xa, 0x91, 0x6,
    0x7, 0x0, 0x35, 0x80, 0x40,

    /* U+002A "*" */
    0x0, 0xa6, 0x40, 0x10, 0x90, 0x6, 0x21, 0x6d,
    0x71, 0x13, 0xeb, 0x3d, 0x51, 0xdd, 0x54, 0x70,
    0x44, 0x0, 0x11, 0x0, 0xbe, 0xab, 0xbd, 0x5a,
    0x70, 0x89, 0x92, 0xc6, 0xe0, 0x22, 0x7, 0x30,
    0xb, 0x30, 0x1, 0x0,

    /* U+002B "+" */
    0x0, 0x99, 0x0, 0x3d, 0x86, 0x1, 0xff, 0xc7,
    0xaf, 0xf2, 0xc7, 0xf9, 0xef, 0x74, 0xaf, 0xba,
    0x61, 0x22, 0x7, 0x91, 0x4, 0x3, 0xf0,

    /* U+002C "," */
    0x55, 0x74, 0xc2, 0x5d, 0x0,

    /* U+002D "-" */
    0xaf, 0xff, 0x35, 0xee, 0xf9, 0x80,

    /* U+002E "." */
    0x55, 0x4f, 0x0,

    /* U+002F "/" */
    0x0, 0xf1, 0x10, 0x3, 0xd2, 0x1, 0xe3, 0x22,
    0x0, 0x74, 0x40, 0x3, 0x90, 0xc4, 0x3, 0xa2,
    0x40, 0x39, 0x50, 0x40, 0x3a, 0x60, 0x3, 0x96,
    0xc0, 0x3d, 0x2e, 0x1, 0xcd, 0x40, 0x1e, 0xa6,
    0x0, 0xe7, 0xa0, 0xf, 0x23, 0x0, 0x78,

    /* U+0030 "0" */
    0x0, 0x47, 0x71, 0x80, 0x27, 0x74, 0xcc, 0x80,
    0x8, 0x83, 0xb9, 0xbc, 0xc, 0x18, 0x1, 0xa8,
    0xa, 0x22, 0x0, 0x30, 0x8, 0x18, 0x4, 0x60,
    0x60, 0x1f, 0x8c, 0xc0, 0x11, 0x81, 0xb8, 0x90,
    0x1, 0xc0, 0x48, 0x94, 0x0, 0xe5, 0x0, 0x43,
    0xd5, 0xa4, 0x80, 0x16, 0xd8, 0x30, 0xc0, 0x24,
    0xcb, 0x30, 0x0,

    /* U+0031 "1" */
    0x0, 0x36, 0x1, 0xc8, 0x26, 0x18, 0x1d, 0xa0,
    0x3a, 0x0, 0x7f, 0xf4, 0x80,

    /* U+0032 "2" */
    0x0, 0xfe, 0x1b, 0xff, 0x50, 0x5, 0xab, 0x10,
    0x58, 0x4, 0x3c, 0x77, 0x94, 0x13, 0x48, 0x1,
    0xe0, 0x11, 0x0, 0x58, 0xe0, 0x1c, 0x69, 0x20,
    0x1d, 0xca, 0x60, 0x1a, 0xe, 0xc0, 0x32, 0x3d,
    0x8, 0x4, 0x54, 0xe8, 0x1, 0xbc, 0x2c, 0xce,
    0x2, 0x20, 0xe6, 0x61,

    /* U+0033 "3" */
    0x0, 0x2d, 0xd9, 0x80, 0x26, 0xbc, 0x39, 0x70,
    0x4, 0x53, 0xc3, 0xd0, 0x2, 0x90, 0x1, 0xc0,
    0x12, 0x0, 0x6, 0xd4, 0x3, 0x4f, 0x34, 0x0,
    0x6d, 0x64, 0x50, 0xc, 0x92, 0xf6, 0x0, 0x30,
    0xb, 0x4, 0xf, 0x8, 0x0, 0x62, 0x6, 0x6f,
    0x66, 0x44, 0x80, 0x35, 0xe6, 0x20, 0xe0,

    /* U+0034 "4" */
    0x0, 0xc3, 0xe6, 0x1, 0xd4, 0x1, 0xe5, 0x40,
    0xf, 0x5c, 0x80, 0x74, 0x93, 0x0, 0x63, 0x6e,
    0x0, 0xee, 0x82, 0x0, 0xce, 0xe, 0x1, 0xd6,
    0x5f, 0xf0, 0x65, 0x76, 0xee, 0xa, 0xb2, 0x2e,
    0x6, 0x10, 0xf, 0xc0,

    /* U+0035 "5" */
    0x5, 0xff, 0xd6, 0x0, 0xd4, 0xcc, 0xa4, 0x0,
    0x78, 0x67, 0x10, 0x1, 0x4c, 0x3, 0x84, 0x51,
    0xfd, 0x0, 0x5, 0x4, 0xb9, 0x77, 0x2, 0xec,
    0x23, 0xba, 0x40, 0x48, 0x2, 0xc1, 0x2, 0x20,
    0x7, 0xae, 0x40, 0x2e, 0x30, 0xa4, 0x95, 0xa5,
    0x90, 0x3a, 0x4a, 0x6b, 0x50,

    /* U+0036 "6" */
    0x0, 0xdd, 0x0, 0x1d, 0x1, 0x0, 0x18, 0x5e,
    0xc0, 0x3a, 0xcd, 0x40, 0x32, 0x2b, 0xd3, 0x80,
    0x50, 0xe, 0xd1, 0x80, 0x46, 0xf9, 0x8b, 0x35,
    0x70, 0x90, 0x2, 0x16, 0x80, 0x4, 0x2, 0x10,
    0x70, 0x30, 0x0, 0x9e, 0x92, 0x72, 0xa6, 0x92,
    0x85, 0xa5, 0xd8, 0x3c, 0x0,

    /* U+0037 "7" */
    0x5f, 0xff, 0x32, 0x66, 0x6a, 0x5, 0x13, 0x3d,
    0x88, 0x60, 0x18, 0x5a, 0x0, 0x39, 0x8c, 0xc0,
    0x1d, 0x32, 0x0, 0xe4, 0x15, 0x0, 0xee, 0x50,
    0xf, 0x27, 0x80, 0x72, 0xa, 0x80, 0x76, 0x10,
    0x7, 0x91, 0x0, 0x18,

    /* U+0038 "8" */
    0x1, 0xbf, 0xe8, 0x0, 0xb4, 0x6e, 0x1d, 0xc0,
    0x27, 0x48, 0xcf, 0x60, 0x60, 0x1b, 0xc0, 0x4,
    0x30, 0x3, 0x56, 0x0, 0xa7, 0xfe, 0x77, 0x0,
    0x25, 0x2a, 0x11, 0xc1, 0x8e, 0xd5, 0xea, 0x3,
    0x94, 0x2, 0x50, 0x2f, 0x50, 0x9, 0xc0, 0xd4,
    0x72, 0x2a, 0x54, 0x4a, 0xc1, 0xd5, 0x56, 0x0,

    /* U+0039 "9" */
    0x2, 0xbf, 0xe7, 0x0, 0xe, 0x3c, 0xb4, 0x38,
    0x30, 0x6b, 0x43, 0x48, 0x6a, 0x88, 0x3, 0x4,
    0x3, 0xc4, 0x21, 0x88, 0x60, 0x32, 0x80, 0xc7,
    0x98, 0xe1, 0x90, 0x6, 0x5d, 0x85, 0xc, 0x2,
    0x43, 0x18, 0x0, 0xef, 0x43, 0x0, 0xc6, 0x92,
    0x1, 0xd0, 0xa4, 0x1, 0x0,

    /* U+003A ":" */
    0xe9, 0x8d, 0x64, 0x0, 0xf3, 0x24, 0x68,

    /* U+003B ";" */
    0xe9, 0x8d, 0x64, 0x0, 0xf3, 0x24, 0x6c, 0x66,
    0x14,

    /* U+003C "<" */
    0x0, 0xff, 0xe0, 0x8e, 0x90, 0x6, 0x2c, 0x82,
    0x0, 0x8b, 0xe5, 0x40, 0x22, 0xf9, 0x40, 0x8,
    0xbe, 0x50, 0x2, 0x2f, 0x94, 0x0, 0xc6, 0x2,
    0x1, 0xc3, 0x92, 0xc0, 0x1c, 0x3b, 0x4c, 0x1,
    0xc3, 0x94, 0xe0, 0x1e, 0xcb, 0x80, 0xf, 0x61,
    0x90, 0x7, 0xac, 0x80,

    /* U+003D "=" */
    0xaf, 0xff, 0x35, 0xee, 0xf9, 0x84, 0x8b, 0xc0,
    0x1f, 0xd5, 0xff, 0xe6, 0xbd, 0xdf, 0x30,

    /* U+003E ">" */
    0x0, 0xfc, 0x98, 0x20, 0x1c, 0x95, 0xa2, 0x1,
    0xcd, 0x5a, 0x20, 0x1c, 0xd5, 0xa2, 0x1, 0xcd,
    0x3a, 0x20, 0x1c, 0xb3, 0x82, 0x1, 0xc4, 0x22,
    0x0, 0xcf, 0x98, 0x0, 0xd1, 0x96, 0x1, 0xa4,
    0xac, 0x3, 0x49, 0xd0, 0x6, 0x43, 0xa0, 0xe,
    0x4a, 0x0, 0xf0,

    /* U+003F "?" */
    0x0, 0x4f, 0x72, 0x0, 0x12, 0xf1, 0x2e, 0xc0,
    0xd2, 0xce, 0x7a, 0x24, 0x80, 0x13, 0x8e, 0x98,
    0x11, 0xd8, 0x6, 0xf3, 0x70, 0xa, 0xf, 0x40,
    0x32, 0x40, 0x80, 0x68, 0x70, 0xe, 0x41, 0x0,
    0xe9, 0x40, 0xe, 0x63, 0x0, 0x0,

    /* U+0040 "@" */
    0x0, 0x34, 0xc4, 0x88, 0x1, 0x8e, 0x62, 0x20,
    0x7, 0xab, 0xdd, 0x9, 0x2e, 0xae, 0xcb, 0x63,
    0xea, 0xcc, 0x33, 0xb1, 0x8, 0x11, 0x5a, 0x1,
    0x11, 0x3, 0xc9, 0x88, 0x4, 0x85, 0x7, 0x53,
    0x81, 0xf2, 0xa9, 0xe2, 0x8b, 0x3a, 0xfc, 0xc0,
    0x7c, 0x40, 0x4, 0x30, 0x4, 0xd4, 0x40, 0x8c,
    0x0,

    /* U+0041 "A" */
    0x0, 0xb6, 0xc0, 0x38, 0x49, 0x0, 0x39, 0x0,
    0x6, 0x1, 0xb1, 0x49, 0x0, 0x32, 0x6a, 0x60,
    0x4, 0x24, 0x98, 0x80, 0x13, 0x81, 0xb8, 0x20,
    0x3, 0x3, 0xf4, 0x30, 0x0, 0x8d, 0x98, 0x54,
    0x2, 0x1d, 0x33, 0x61, 0x82, 0x2, 0x0, 0x10,
    0x13, 0xc, 0x2, 0x21, 0xc0,

    /* U+0042 "B" */
    0x5f, 0xfb, 0xa4, 0x3, 0x55, 0xc3, 0xd0, 0x4,
    0xe8, 0xd2, 0xa0, 0x1f, 0xfc, 0x12, 0xa4, 0x0,
    0xb7, 0xf4, 0x28, 0x2, 0xac, 0x93, 0xa0, 0x9,
    0xcd, 0xa9, 0xc, 0x3, 0x98, 0x18, 0x3, 0x9c,
    0x4, 0x0, 0xe8, 0xd6, 0x28, 0x0, 0xab, 0x84,
    0xc0,

    /* U+0043 "C" */
    0x0, 0x36, 0xfd, 0x8, 0x1, 0x65, 0x69, 0xe8,
    0x1, 0xb, 0xb, 0x28, 0x45, 0x70, 0x1, 0x41,
    0x9c, 0x18, 0x0, 0x34, 0xa6, 0x6, 0x1, 0x28,
    0x80, 0x7f, 0xf0, 0xb1, 0x54, 0xa, 0x0, 0x13,
    0x3, 0xd, 0x0, 0x20, 0x20, 0x43, 0x43, 0x5a,
    0x88, 0x3c, 0x34, 0xa5, 0x0,

    /* U+0044 "D" */
    0x5f, 0xfa, 0xcc, 0x3, 0x55, 0x1f, 0x10, 0x2,
    0x75, 0xc2, 0x80, 0xf, 0x51, 0x88, 0x7, 0x18,
    0x10, 0x7, 0x38, 0x38, 0x7, 0xff, 0x5, 0xc1,
    0xc0, 0x38, 0xc0, 0x80, 0x3a, 0x90, 0x40, 0xe,
    0xb8, 0x50, 0x1, 0x55, 0x1f, 0x4c, 0x0,

    /* U+0045 "E" */
    0x2f, 0xff, 0x0, 0x4f, 0x77, 0x80, 0x2d, 0x44,
    0xc0, 0x1f, 0xfc, 0x7a, 0xff, 0xa4, 0x2, 0x8c,
    0xca, 0x0, 0x22, 0x33, 0x84, 0x3, 0xff, 0x8e,
    0x48, 0x98, 0x40, 0x11, 0x77, 0x94,

    /* U+0046 "F" */
    0x4f, 0xff, 0x28, 0x2, 0x6e, 0xf2, 0x0, 0x15,
    0x13, 0x8, 0x7, 0xff, 0x3b, 0x3f, 0xe1, 0x0,
    0xa7, 0x32, 0x10, 0x9, 0x4c, 0xe0, 0xf, 0xfe,
    0x70,

    /* U+0047 "G" */
    0x0, 0x3f, 0x7c, 0x80, 0x4d, 0x13, 0x26, 0x70,
    0x4, 0x3b, 0x99, 0xe4, 0x8, 0x70, 0x1, 0x82,
    0xe, 0xc, 0x0, 0x4d, 0x3, 0x3, 0x0, 0x88,
    0x3, 0xf, 0xfc, 0x40, 0x10, 0xe5, 0x0, 0x8,
    0x14, 0xd, 0xc0, 0x8, 0x1a, 0x0, 0x70, 0xa,
    0x1a, 0x1a, 0xc0, 0x27, 0x73, 0x44, 0x80, 0x0,

    /* U+0048 "H" */
    0x5f, 0x20, 0x2, 0xf9, 0x0, 0x7f, 0xf5, 0xb7,
    0xfd, 0x40, 0x1a, 0xb3, 0x10, 0x1, 0x9c, 0xcc,
    0x40, 0x1f, 0xfd, 0x60,

    /* U+0049 "I" */
    0xda, 0x0, 0xff, 0xe5, 0x0,

    /* U+004A "J" */
    0x0, 0xe7, 0xf0, 0xf, 0xfe, 0xf1, 0x51, 0x0,
    0x72, 0xb0, 0x6, 0x20, 0x30, 0x6, 0x90, 0x2c,
    0x3c, 0xad, 0x5, 0x34, 0xbb, 0xc0,

    /* U+004B "K" */
    0x5f, 0x20, 0x5, 0x70, 0x80, 0x65, 0x55, 0x88,
    0x4, 0x36, 0xca, 0x1, 0xa8, 0xe4, 0x3, 0x52,
    0x48, 0x7, 0x38, 0x18, 0x7, 0x1a, 0xc8, 0x7,
    0x7c, 0xb, 0x0, 0x61, 0x24, 0x80, 0xf, 0x40,
    0xb0, 0x7, 0x1a, 0x58, 0x7, 0xa0, 0x98,

    /* U+004C "L" */
    0x4f, 0x30, 0xf, 0xff, 0xf8, 0x6, 0x54, 0x4c,
    0x20, 0x9, 0xbb, 0xca,

    /* U+004D "M" */
    0x7f, 0x90, 0x5, 0xfa, 0x80, 0x14, 0x0, 0xa0,
    0x18, 0x80, 0x2, 0x1, 0x8, 0xc6, 0x20, 0x11,
    0x92, 0xac, 0x1, 0x9c, 0xb8, 0xc0, 0x31, 0x79,
    0xf0, 0x6, 0xd5, 0x58, 0x3, 0x39, 0x89, 0x80,
    0x62, 0x2, 0x0, 0xf1, 0x30, 0x7, 0x9c, 0xc0,
    0x20,

    /* U+004E "N" */
    0x6f, 0x60, 0x2, 0xf9, 0x0, 0x28, 0x3, 0xe3,
    0x20, 0xf, 0x15, 0x80, 0x7a, 0x9c, 0x3, 0xcc,
    0x2a, 0x1, 0xe6, 0x90, 0xf, 0x51, 0x90, 0x7,
    0x19, 0x50, 0x7, 0xac, 0x80, 0x3c, 0xe0, 0x1f,
    0xa, 0x80, 0x0,

    /* U+004F "O" */
    0x0, 0x4f, 0xf4, 0x0, 0x54, 0xd3, 0x27, 0x80,
    0x25, 0x96, 0x76, 0x60, 0x38, 0x38, 0x3, 0x44,
    0x88, 0x2, 0x0, 0x60, 0x6f, 0x0, 0xf0, 0x80,
    0x7e, 0xf0, 0xf, 0x9, 0x0, 0x80, 0x18, 0x19,
    0x1, 0xc0, 0x1a, 0x24, 0x2b, 0x2c, 0xed, 0x20,
    0xa, 0x69, 0x93, 0xb8, 0x0,

    /* U+0050 "P" */
    0x3f, 0xfb, 0xa8, 0x40, 0x28, 0xb8, 0x7d, 0x0,
    0x8d, 0x1a, 0x4c, 0xc0, 0x1c, 0xa0, 0xc0, 0x1c,
    0x40, 0xc0, 0x18, 0xa0, 0x4c, 0x1, 0x7f, 0xab,
    0xa0, 0x14, 0xe6, 0xf1, 0x80, 0x44, 0x64, 0x1,
    0xff, 0xcf,

    /* U+0051 "Q" */
    0x0, 0x4f, 0xf4, 0x0, 0x54, 0xd3, 0x27, 0x80,
    0x25, 0x96, 0x76, 0x60, 0x38, 0x38, 0x3, 0x44,
    0x88, 0x2, 0x0, 0x60, 0x6f, 0x0, 0xf0, 0x80,
    0x7e, 0xf0, 0x9, 0xc4, 0x4, 0x80, 0x42, 0x20,
    0xc, 0x80, 0xe0, 0xe8, 0x24, 0x2b, 0x2c, 0x0,
    0x70, 0x5, 0x34, 0xb1, 0x28, 0x5, 0x3f, 0xdf,
    0xe0,

    /* U+0052 "R" */
    0x5f, 0xfb, 0xa4, 0x3, 0x55, 0xcb, 0x58, 0x4,
    0xe8, 0xf0, 0x82, 0x1, 0xc6, 0x6, 0x1, 0xc4,
    0x6, 0x1, 0x8e, 0xcc, 0x40, 0x1b, 0xf8, 0x1c,
    0x1, 0x55, 0x84, 0x10, 0x4, 0xe8, 0xb0, 0x1,
    0xe8, 0x24, 0x0, 0xe2, 0x48, 0x0, 0xf4, 0x1a,
    0x0,

    /* U+0053 "S" */
    0x0, 0x4f, 0x72, 0x40, 0x2a, 0x78, 0x66, 0x80,
    0xb, 0x6d, 0xb, 0x40, 0x40, 0x1a, 0x24, 0x8,
    0x96, 0x80, 0x4a, 0x0, 0xf2, 0xbc, 0x30, 0x8,
    0xb2, 0x87, 0x14, 0x3, 0x2e, 0xa5, 0x2, 0xe8,
    0x5, 0xe0, 0x62, 0x46, 0x0, 0x10, 0x24, 0x2e,
    0x56, 0xb4, 0x10, 0xf6, 0xb8, 0x7a, 0x0,

    /* U+0054 "T" */
    0x5f, 0xff, 0x12, 0x5d, 0x89, 0x2e, 0xc4, 0x28,
    0x80, 0x14, 0x40, 0x7, 0xff, 0xf4,

    /* U+0055 "U" */
    0x5f, 0x20, 0x2, 0x79, 0x80, 0x7f, 0xfb, 0x4,
    0x3, 0xc2, 0xc0, 0xc0, 0x3, 0x2, 0x21, 0xd2,
    0xb4, 0xa8, 0x3, 0x56, 0xe1, 0x2c, 0x0,

    /* U+0056 "V" */
    0xbb, 0x0, 0x6f, 0x7c, 0x40, 0x8, 0xc1, 0x10,
    0x6, 0x0, 0x40, 0x33, 0x2, 0x0, 0x31, 0x0,
    0x9, 0x80, 0x4, 0xc0, 0x6, 0x28, 0x18, 0x20,
    0x1, 0x44, 0x94, 0x4c, 0x0, 0x42, 0x98, 0x80,
    0x19, 0x31, 0x30, 0x3, 0x62, 0x8a, 0x0, 0x64,
    0x1, 0x20, 0xc, 0x42, 0x80, 0x10,

    /* U+0057 "W" */
    0xe7, 0xe, 0x90, 0xba, 0x2e, 0x1, 0x20, 0x62,
    0x63, 0x10, 0x60, 0x3e, 0x21, 0x23, 0x20, 0x12,
    0xe6, 0x68, 0x4c, 0x18, 0x8c, 0x8a, 0x50, 0x27,
    0x1d, 0xe6, 0xf0, 0x1, 0x3, 0x91, 0x10, 0x80,
    0x40, 0x9b, 0x89, 0x80, 0x4, 0x4, 0x40, 0x20,
    0x3, 0x8, 0x30, 0x70, 0x0, 0x88, 0x4, 0x4,
    0x0,

    /* U+0058 "X" */
    0x3f, 0x40, 0x4, 0x70, 0x1a, 0x70, 0x1, 0xa4,
    0x1, 0xea, 0x2a, 0x2c, 0x0, 0x42, 0x99, 0x30,
    0x80, 0x50, 0xe7, 0x60, 0x19, 0x45, 0x8, 0x3,
    0x18, 0xa8, 0x7, 0x4a, 0x3, 0x0, 0x44, 0xbe,
    0xd6, 0x1, 0x59, 0x24, 0x92, 0x80, 0xb5, 0x80,
    0xac, 0x84, 0x8b, 0x0, 0x24, 0xd0,

    /* U+0059 "Y" */
    0x8e, 0x0, 0x87, 0xd6, 0x45, 0x40, 0x12, 0x2a,
    0x2b, 0x20, 0x6, 0x90, 0x4, 0x99, 0x28, 0xb8,
    0x0, 0xd2, 0xe5, 0xc0, 0x37, 0xb1, 0xd0, 0x6,
    0x41, 0x42, 0x0, 0xe3, 0x10, 0xf, 0xfe, 0xb8,

    /* U+005A "Z" */
    0x1f, 0xff, 0x8, 0xae, 0xf2, 0x8, 0x81, 0x12,
    0x54, 0x80, 0xe, 0x82, 0x60, 0xc, 0x4d, 0x0,
    0x1d, 0x6, 0xa0, 0x18, 0x96, 0x0, 0x3a, 0x51,
    0x0, 0x18, 0xd2, 0x0, 0x3b, 0xd4, 0xc0, 0x32,
    0x1e, 0x22, 0x61, 0x30, 0x9b, 0xbc, 0xa0,

    /* U+005B "[" */
    0xdf, 0xf8, 0xe, 0xf7, 0x40, 0x7, 0x22, 0x0,
    0x7f, 0xfb, 0x73, 0xfc, 0x1f, 0xbb, 0x0,

    /* U+005C "\\" */
    0xe, 0x0, 0xf9, 0x14, 0x3, 0xdd, 0xc0, 0xf,
    0x23, 0x10, 0x7, 0x95, 0x40, 0x1e, 0xaa, 0x0,
    0x78, 0x84, 0xc0, 0x3d, 0x54, 0x0, 0xf3, 0x38,
    0x7, 0xc8, 0xa0, 0x1e, 0xee, 0x0, 0x79, 0x18,
    0x80, 0x3c, 0xaa, 0x0, 0xf5, 0x50, 0x0,

    /* U+005D "]" */
    0x3f, 0xfa, 0x8f, 0x75, 0x2, 0x4, 0x41, 0x0,
    0xff, 0xf6, 0x1f, 0xfa, 0x40, 0xf7, 0x6a,

    /* U+005E "^" */
    0x0, 0x27, 0xf0, 0x80, 0x6, 0x9d, 0x68, 0x1,
    0x4d, 0x16, 0xe,

    /* U+005F "_" */
    0xcc, 0xfa, 0xc0,

    /* U+0060 "`" */
    0x9f, 0x30, 0x95, 0xf0, 0x5, 0x3, 0x0,

    /* U+0061 "a" */
    0x1, 0xae, 0xe4, 0x80, 0x56, 0xf5, 0x47, 0x70,
    0x3, 0x39, 0x10, 0xba, 0x0, 0x65, 0xbe, 0x41,
    0x0, 0x6d, 0x9d, 0xb0, 0x1, 0xb, 0xe1, 0x4c,
    0x0, 0xc0, 0xe3, 0xa, 0x0, 0x28, 0xbf, 0x26,
    0x50,

    /* U+0062 "b" */
    0x4f, 0x0, 0xff, 0xea, 0x2f, 0x7c, 0x0, 0x68,
    0xa9, 0x76, 0x0, 0xa5, 0x19, 0x96, 0x1, 0x20,
    0x3, 0x8, 0x3, 0xfe, 0x40, 0x6, 0x90, 0x5,
    0x28, 0xcf, 0x40, 0x15, 0xd4, 0x3b, 0x80,

    /* U+0063 "c" */
    0x0, 0x57, 0xf4, 0x80, 0x56, 0xf5, 0x6f, 0x20,
    0x69, 0xca, 0xab, 0x0, 0x30, 0x18, 0x1, 0x64,
    0x3, 0xc2, 0x60, 0xc0, 0x60, 0x7, 0xc0, 0x34,
    0xe5, 0x55, 0xb0, 0x2, 0xde, 0xad, 0x24, 0x0,

    /* U+0064 "d" */
    0x0, 0xe6, 0xe0, 0xf, 0xfe, 0x51, 0x5f, 0xe7,
    0x0, 0x39, 0xae, 0xce, 0x6, 0x6e, 0x47, 0x50,
    0x60, 0x30, 0x6, 0x81, 0x80, 0x61, 0x5, 0x2,
    0x0, 0x78, 0x19, 0x49, 0x2b, 0x0, 0x3c, 0x36,
    0x58, 0x0,

    /* U+0065 "e" */
    0x0, 0x4f, 0x72, 0x0, 0x2a, 0x4d, 0xa6, 0x80,
    0x25, 0x93, 0x46, 0x60, 0x30, 0x5f, 0xf9, 0xc4,
    0x2, 0xdd, 0xe0, 0x60, 0x12, 0x20, 0xc0, 0x12,
    0xf2, 0xa7, 0x8, 0x2, 0x92, 0xe9, 0x28, 0x0,

    /* U+0066 "f" */
    0x0, 0x93, 0x7f, 0x44, 0x2, 0xb5, 0xbb, 0x0,
    0x44, 0x12, 0x8c, 0x20, 0x1, 0x0, 0xe5, 0xfc,
    0xe, 0xfa, 0x5, 0xec, 0xe, 0xe5, 0x0, 0x4,
    0x2, 0x10, 0xf, 0xfe, 0xf0,

    /* U+0067 "g" */
    0x0, 0xff, 0x57, 0xeb, 0xeb, 0x4, 0x36, 0x2c,
    0x7b, 0x82, 0x59, 0xc8, 0x0, 0x41, 0x70, 0x1c,
    0x8, 0x1, 0x89, 0xf3, 0x40, 0x15, 0x76, 0xfa,
    0x80, 0x43, 0x2, 0x62, 0x1, 0x33, 0x33, 0x1d,
    0x60, 0x8d, 0xdf, 0xeb, 0x41, 0x47, 0xff, 0x74,
    0x48, 0x80,

    /* U+0068 "h" */
    0x2f, 0x20, 0xf, 0xfe, 0x78, 0xdf, 0xe9, 0x80,
    0x3b, 0x35, 0xbc, 0x0, 0x8e, 0x5e, 0x60, 0xd,
    0x0, 0xf3, 0x0, 0x7f, 0xf3, 0x40,

    /* U+0069 "i" */
    0xc8, 0x5e, 0x96, 0x0, 0x64, 0x0, 0x7f, 0xf0,
    0x80,

    /* U+006A "j" */
    0x0, 0xa3, 0x0, 0x2e, 0x50, 0x9, 0xa4, 0x3,
    0xf4, 0x60, 0x7, 0xff, 0x59, 0xd5, 0x48, 0xa6,
    0x6a, 0xb7, 0x80,

    /* U+006B "k" */
    0x1f, 0x30, 0xf, 0xfe, 0xa9, 0x7b, 0x0, 0x61,
    0xc7, 0x60, 0xd, 0x89, 0x0, 0x1b, 0x8d, 0xc0,
    0x38, 0x7c, 0xd8, 0x3, 0x78, 0xc4, 0x0, 0x3c,
    0xc0, 0xe0, 0x1e, 0x88, 0x8,

    /* U+006C "l" */
    0xb9, 0x0, 0xff, 0xe5, 0x0,

    /* U+006D "m" */
    0xc9, 0xde, 0x5d, 0xe3, 0x7, 0x93, 0xa9, 0x2a,
    0x7, 0x46, 0x54, 0x63, 0x1, 0x0, 0x18, 0x7,
    0xff, 0x5c,

    /* U+006E "n" */
    0x2f, 0x3b, 0xfd, 0x30, 0x6, 0xf7, 0xbf, 0x80,
    0x19, 0x43, 0x8c, 0x1, 0x60, 0x1e, 0x10, 0xf,
    0xfe, 0x68,

    /* U+006F "o" */
    0x0, 0x4f, 0xf4, 0x0, 0x54, 0xf5, 0x6d, 0x0,
    0x4b, 0x4a, 0xa8, 0x71, 0x70, 0x40, 0x2, 0x1,
    0x0, 0x7e, 0x70, 0x30, 0x3, 0x81, 0x11, 0x79,
    0x55, 0x6e, 0x21, 0x49, 0x56, 0xd0, 0x0,

    /* U+0070 "p" */
    0x4f, 0x7e, 0xe4, 0x0, 0x6b, 0xca, 0x67, 0x0,
    0xbc, 0x91, 0xa8, 0x2, 0x30, 0x6, 0x90, 0x4,
    0x20, 0x1f, 0x28, 0x3, 0x8, 0x2, 0x94, 0x66,
    0x58, 0x5, 0x15, 0x2e, 0xc0, 0x12, 0xf7, 0xc0,
    0x7, 0xf8,

    /* U+0071 "q" */
    0x1, 0xbf, 0xc8, 0xe0, 0xc7, 0xbb, 0x38, 0x19,
    0x72, 0x3a, 0x82, 0x81, 0x0, 0x30, 0xc, 0x3,
    0xcc, 0x6, 0x0, 0xc0, 0x33, 0x7a, 0x3a, 0x80,
    0x38, 0x2e, 0xce, 0x0, 0x2c, 0xfc, 0xe0, 0xf,
    0xc0,

    /* U+0072 "r" */
    0x6e, 0x8, 0xe3, 0x0, 0x59, 0xc1, 0x0, 0x8a,
    0xd8, 0x40, 0x16, 0x1, 0x84, 0x40, 0x1f, 0xfc,
    0x90,

    /* U+0073 "s" */
    0x1a, 0xee, 0x50, 0x5b, 0x6d, 0x3c, 0x32, 0x9a,
    0x7d, 0x51, 0xb2, 0x18, 0x9b, 0x6c, 0xed, 0xe0,
    0x1e, 0xde, 0x8e, 0x4c, 0xc8, 0xd4, 0x3b, 0x8f,
    0x40,

    /* U+0074 "t" */
    0x0, 0x1b, 0x0, 0x72, 0x58, 0x7, 0xfa, 0x7e,
    0xb, 0xfc, 0xd3, 0xd0, 0x5d, 0xc6, 0x1, 0x0,
    0x8, 0x80, 0x3f, 0xf8, 0xa2, 0x1, 0xe5, 0x25,
    0x46, 0x0, 0x1c, 0xdd, 0xb4,

    /* U+0075 "u" */
    0x2f, 0x20, 0x2, 0x78, 0x7, 0xff, 0x38, 0x40,
    0xc0, 0x37, 0x80, 0x8a, 0x81, 0x90, 0x1, 0x4d,
    0xf9, 0x60,

    /* U+0076 "v" */
    0x4f, 0x0, 0x93, 0xc1, 0x5, 0x40, 0x1a, 0x80,
    0x7, 0xf0, 0x3, 0xf0, 0x3, 0x54, 0xc, 0x54,
    0x0, 0x80, 0x96, 0x80, 0x19, 0x75, 0x74, 0x3,
    0x73, 0x13, 0x80, 0x64, 0x4, 0x10, 0x0,

    /* U+0077 "w" */
    0xd7, 0xe, 0xa0, 0xb9, 0x7e, 0x1, 0x60, 0x6f,
    0xd5, 0x34, 0x20, 0x25, 0x32, 0x53, 0x24, 0x3,
    0x51, 0xfe, 0x6d, 0x30, 0x12, 0x75, 0xd7, 0x50,
    0x3, 0x89, 0x98, 0x7c, 0x1, 0xa2, 0xc, 0xa,
    0x0,

    /* U+0078 "x" */
    0xe, 0x80, 0x6, 0x58, 0x2, 0xdc, 0x54, 0xe4,
    0x0, 0xa9, 0x11, 0x10, 0x5, 0x2c, 0xe, 0x1,
    0x84, 0xc, 0x40, 0x37, 0x39, 0x40, 0x4, 0xe7,
    0x1e, 0xc6, 0x5, 0x16, 0x6, 0xdc, 0x0,

    /* U+0079 "y" */
    0x5f, 0x10, 0x2, 0x78, 0xa8, 0x38, 0x3, 0x50,
    0x41, 0xb4, 0x0, 0xfc, 0x0, 0xd4, 0x14, 0x15,
    0x0, 0x20, 0xbe, 0xa8, 0x6, 0x6a, 0x7e, 0x0,
    0xd6, 0x60, 0x80, 0x18, 0xc9, 0xc0, 0x32, 0x29,
    0x50, 0x6, 0xea, 0x73, 0x0, 0x80,

    /* U+007A "z" */
    0xe, 0xff, 0xd4, 0x1d, 0xd5, 0x87, 0x0, 0x4,
    0x52, 0xc8, 0x1, 0x50, 0x48, 0x4, 0xaa, 0xf0,
    0x8, 0xaa, 0x48, 0x2, 0xe4, 0x71, 0x10, 0x11,
    0xa7, 0x75, 0xe0,

    /* U+007B "{" */
    0x2, 0xdb, 0xb, 0x6b, 0x3, 0x10, 0xf, 0xf8,
    0xc0, 0x2, 0x20, 0x64, 0xb0, 0x63, 0xb0, 0x3,
    0x8, 0x4, 0x60, 0x1f, 0xe3, 0x10, 0x5, 0x35,
    0x80,

    /* U+007C "|" */
    0xb9, 0x0, 0xff, 0xea, 0x0,

    /* U+007D "}" */
    0xd, 0xc1, 0x0, 0x69, 0x38, 0x4, 0x62, 0x1,
    0xff, 0xc1, 0x10, 0xc, 0xfc, 0x1, 0x6b, 0x18,
    0x3, 0x58, 0xc0, 0xf, 0xc0, 0x10, 0x80, 0x7f,
    0xf0, 0x8c, 0x40, 0x1a, 0x4e, 0x0,

    /* U+007E "~" */
    0x0, 0xfe, 0x3f, 0xb0, 0x3, 0x88, 0x7c, 0x86,
    0x24, 0x88, 0x2b, 0x5b, 0xdc, 0x80, 0x24, 0x1,
    0x78, 0xe0,

    /* U+00A7 "§" */
    0x1, 0x9e, 0xc6, 0x0, 0xa8, 0x32, 0x2a, 0x80,
    0x4, 0x92, 0x4d, 0x40, 0x0, 0xa0, 0x0, 0x78,
    0x1, 0xb5, 0x6c, 0x1, 0x98, 0x16, 0x79, 0x0,
    0xab, 0x7b, 0xda, 0x81, 0x84, 0xc0, 0x16, 0x20,
    0x87, 0x8c, 0xbc, 0xc0, 0xd, 0x48, 0xa1, 0x90,
    0xa, 0x3a, 0xc6, 0x40, 0x60, 0x0, 0x9c, 0xe0,
    0x7, 0x80, 0x5, 0x90, 0xe, 0x37, 0xf9, 0x7c,
    0x0, 0x7d, 0xbd, 0xa6, 0x0,

    /* U+00B0 "°" */
    0x7, 0x70, 0x51, 0x94, 0x2, 0x29, 0x11, 0xe7,
    0x21, 0x29, 0x80,

    /* U+00B1 "±" */
    0x0, 0xe3, 0x20, 0xf, 0xf5, 0x50, 0x3, 0xff,
    0xbb, 0x1f, 0xf9, 0x9f, 0xff, 0x24, 0xee, 0xe5,
    0x6d, 0xdc, 0x82, 0x45, 0x8c, 0x48, 0xb0, 0x7,
    0xff, 0x4a, 0x60, 0x3, 0xff, 0x8b, 0x3f, 0xff,
    0xe5, 0x8c, 0xcf, 0xf2, 0x80,

    /* U+00B7 "·" */
    0x4f, 0xf1, 0x80, 0x66, 0x55, 0x10,

    /* U+00D7 "×" */
    0x60, 0xf, 0x89, 0x7e, 0xc0, 0x38, 0x7c, 0xa4,
    0x68, 0x2, 0x1c, 0x57, 0xa, 0x19, 0x0, 0x6b,
    0xc0, 0x5, 0x6a, 0xf6, 0xf4, 0x1, 0xdb, 0x2d,
    0x60, 0x1e, 0x63, 0x32, 0x0, 0x73, 0x56, 0x6d,
    0x18, 0x4, 0x91, 0xe2, 0x75, 0xa4, 0x7, 0x5a,
    0x40, 0x4, 0xbc, 0x1f, 0xa3, 0x0, 0xcb, 0x31,
    0x88, 0x1, 0xe7, 0x90,

    /* U+00F7 "÷" */
    0x0, 0xc3, 0xfe, 0x0, 0xff, 0xe4, 0x8e, 0x60,
    0x3, 0xfc, 0x66, 0x0, 0xff, 0xe8, 0xc7, 0xff,
    0xf9, 0x27, 0x77, 0xfc, 0x82, 0x45, 0xfe, 0x0,
    0xf1, 0x98, 0x3, 0xf8, 0x73, 0x0, 0x1f, 0xfc,
    0x50,

    /* U+0251 "ɑ" */
    0x0, 0xff, 0x57, 0xf6, 0x68, 0x2, 0x9a, 0xac,
    0x40, 0x2, 0xbc, 0xaa, 0xa0, 0x1, 0x1, 0x0,
    0x8, 0x0, 0xe0, 0x18, 0xc0, 0xc, 0x6, 0x0,
    0xc0, 0x1, 0x13, 0x62, 0xd4, 0xc4, 0x3c, 0x9d,
    0xd2, 0x28, 0x5, 0x9f, 0x8d, 0xea,

    /* U+0261 "ɡ" */
    0x0, 0xfc, 0x5b, 0xfd, 0xb2, 0x1e, 0xf9, 0x4,
    0x6, 0x54, 0x6c, 0x80, 0xe2, 0x1, 0xcc, 0x26,
    0x0, 0x60, 0x23, 0xcb, 0xe2, 0x0, 0x63, 0x94,
    0x20, 0xa6, 0xc4, 0xb3, 0xfb, 0x93, 0x2, 0x19,
    0xc9, 0x3f, 0x6c, 0x81, 0x79, 0x8e, 0x90,

    /* U+03B8 "θ" */
    0x0, 0x25, 0xc9, 0x80, 0x4b, 0x59, 0xda, 0x60,
    0xb, 0xa7, 0x74, 0x78, 0x19, 0x90, 0x0, 0xc4,
    0xc, 0xe0, 0x18, 0x8c, 0x17, 0xff, 0x1b, 0x82,
    0xff, 0xe3, 0x76, 0x60, 0x6, 0x22, 0x19, 0x8,
    0x0, 0xcc, 0x20, 0xda, 0x47, 0xd4, 0x0, 0x84,
    0xcc, 0x53, 0x80,

    /* U+2026 "…" */
    0x8f, 0xf0, 0x1, 0x3f, 0xc6, 0x5, 0xfe, 0x50,
    0xf, 0xfe, 0x16, 0xab, 0x0, 0x19, 0x54, 0x40,
    0x6a, 0xa6,

    /* U+203B "※" */
    0x1, 0x0, 0xff, 0x8, 0x16, 0x10, 0x0, 0xfb,
    0x44, 0x0, 0x38, 0x65, 0x1e, 0x21, 0x22, 0x52,
    0x3, 0x96, 0x60, 0xb7, 0xa1, 0xa0, 0xc, 0xd,
    0xa6, 0x0, 0x9a, 0xf1, 0xe6, 0xd2, 0xd5, 0xc0,
    0x39, 0xd2, 0xd9, 0x2c, 0x64, 0x3, 0x57, 0xc4,
    0xa, 0xa8, 0x15, 0x3f, 0x60, 0x6a, 0xe, 0x12,
    0xe9, 0x62, 0xc0, 0x82, 0x42, 0xa, 0xe, 0x24,
    0xe2, 0x40, 0x62, 0x2f, 0xaa, 0x35, 0x6e, 0xa9,
    0xb2, 0xb0, 0x0, 0x2a, 0x97, 0x82, 0x2c, 0xb5,
    0x50, 0x6, 0x3a, 0xf2, 0xee, 0x1f, 0xd1, 0x80,
    0x45, 0xba, 0x29, 0x11, 0x51, 0x6e, 0x88, 0x7,
    0xe8, 0xc3, 0x0, 0x18, 0x7, 0x5e, 0x22, 0x94,
    0x0, 0x35, 0xe2, 0x0, 0x12, 0x40,

    /* U+2103 "℃" */
    0x0, 0xff, 0xe1, 0x43, 0xc0, 0x7, 0xfc, 0x2d,
    0xe0, 0x12, 0xe7, 0xfb, 0x18, 0x1, 0xe, 0xa0,
    0x8, 0xbb, 0x66, 0x2e, 0x64, 0x2, 0xc4, 0x8,
    0xf8, 0xe6, 0x67, 0xb6, 0x20, 0xd, 0xee, 0x40,
    0x19, 0x30, 0x80, 0x32, 0x58, 0x7, 0x8c, 0x3,
    0x8, 0x10, 0x7, 0xff, 0x4, 0xc0, 0x3f, 0xe1,
    0x12, 0x0, 0x79, 0xd4, 0x3, 0x3d, 0x80, 0x71,
    0xc3, 0x0, 0x68, 0x3c, 0x30, 0x2, 0xeb, 0x98,
    0x6, 0x1c, 0x7c, 0xff, 0x54, 0xc0, 0x7, 0x8a,
    0xfa, 0xf3, 0xdc, 0x0,

    /* U+2109 "℉" */
    0x0, 0xff, 0xe1, 0x2a, 0x98, 0x40, 0x3f, 0xc6,
    0xa8, 0xa1, 0x9d, 0xbb, 0xe7, 0x46, 0x62, 0x0,
    0xde, 0xef, 0x9c, 0x99, 0x0, 0x3f, 0xfa, 0x64,
    0x5e, 0x0, 0xfd, 0x1b, 0xbb, 0x80, 0x3f, 0x57,
    0xfe, 0xc0, 0xf, 0xff, 0x2c, 0x38, 0x7, 0xc0,

    /* U+2190 "←" */
    0x0, 0x88, 0x40, 0x3f, 0xc3, 0x86, 0x1, 0xfe,
    0xd1, 0x0, 0xff, 0x49, 0x80, 0x7f, 0x99, 0x80,
    0xd, 0xff, 0xfb, 0x44, 0x3, 0xfe, 0x37, 0x50,
    0x6, 0x77, 0x7d, 0xe1, 0x46, 0x2, 0x3f, 0xc0,
    0xd, 0x10, 0xf, 0xf8, 0x74, 0xc0, 0x3f, 0x0,

    /* U+2191 "↑" */
    0x0, 0xcc, 0x80, 0x1f, 0x4c, 0xad, 0xc0, 0x30,
    0xdb, 0x0, 0x22, 0x40, 0x5, 0x88, 0x1, 0x9b,
    0x4, 0x53, 0x76, 0x0, 0x5d, 0xa0, 0xcc, 0x88,
    0x50, 0x2, 0x24, 0x40, 0x1f, 0xff, 0xa0,

    /* U+2192 "→" */
    0x0, 0xfc, 0x42, 0x1, 0xff, 0x36, 0x80, 0x7f,
    0xf0, 0xe, 0x40, 0x3f, 0xf8, 0xc, 0xc0, 0xff,
    0xfd, 0x60, 0x9, 0x30, 0xf, 0xfe, 0x3, 0x77,
    0x7e, 0xa0, 0x3, 0xa8, 0x8f, 0xf0, 0x24, 0x0,
    0x7f, 0x8a, 0xc0, 0x3f, 0xcd, 0xe0, 0x10,

    /* U+2193 "↓" */
    0x0, 0x87, 0xfc, 0x1, 0xff, 0xfe, 0x34, 0x42,
    0x80, 0x11, 0x22, 0x19, 0xbb, 0x0, 0x2e, 0xd0,
    0x65, 0xa8, 0x1, 0x9b, 0x4, 0x1, 0x6e, 0x0,
    0x99, 0x0, 0x74, 0x56, 0x30, 0x4,

    /* U+2248 "≈" */
    0x0, 0x88, 0x80, 0x1f, 0xe3, 0xdc, 0xc6, 0xa8,
    0x7, 0x10, 0x97, 0x4f, 0x72, 0x65, 0xaa, 0x0,
    0x6c, 0x3, 0xc4, 0x0, 0x26, 0x44, 0xff, 0xab,
    0x44, 0x66, 0xbb, 0x30, 0x2e, 0x77, 0x30, 0xc0,
    0x19, 0xbd, 0xcd, 0xe6, 0x1, 0x10, 0x51, 0x95,
    0x5a, 0xaa, 0xf6, 0xba, 0x21, 0xc6, 0x62, 0x60,
    0xc, 0x79, 0xa0, 0xd, 0x90,

    /* U+2260 "≠" */
    0x0, 0xf3, 0x38, 0x7, 0xfb, 0x48, 0x3, 0x84,
    0x79, 0x10, 0x23, 0x6, 0x77, 0x70, 0x77, 0x61,
    0xce, 0xec, 0x91, 0xdd, 0x84, 0x4, 0x72, 0x30,
    0x8e, 0xb, 0xff, 0xc1, 0xdf, 0xf8, 0x67, 0x76,
    0x47, 0xdd, 0xe1, 0x22, 0xcb, 0x44, 0x5c, 0x1,
    0x8c, 0x88, 0x1, 0xfc, 0x78, 0x1, 0xf0,

    /* U+2264 "≤" */
    0x0, 0xff, 0x92, 0x40, 0x3f, 0x8e, 0x77, 0xb4,
    0x3, 0xc7, 0x3b, 0x3b, 0xaa, 0x40, 0x8, 0xe3,
    0x67, 0x36, 0x90, 0x3, 0xe, 0x60, 0x36, 0x94,
    0x3, 0xe1, 0xcb, 0x2d, 0x83, 0x0, 0xfe, 0x4a,
    0xdd, 0x4e, 0xca, 0x0, 0x61, 0x83, 0x0, 0x2d,
    0x6e, 0x77, 0x25, 0x0, 0x76, 0x76, 0x4c, 0x0,
    0xb5, 0xd9, 0xe2, 0xb, 0x5b, 0x93, 0xb2, 0x60,
    0x5, 0xb1, 0x0, 0xcb, 0x5b, 0x93, 0xb2, 0x60,
    0x1f, 0xcb, 0x5b, 0x93, 0xa2, 0x1, 0xfe, 0x5a,
    0xd1,

    /* U+2265 "≥" */
    0x67, 0x20, 0xf, 0xf3, 0x8f, 0x63, 0x8, 0x7,
    0xc2, 0xd9, 0xdc, 0xcb, 0x50, 0xf, 0xc5, 0x1b,
    0xf9, 0xd4, 0x80, 0x1f, 0x92, 0x7c, 0x6f, 0x4,
    0x3, 0x85, 0xaf, 0xf, 0x70, 0x40, 0x2, 0xd9,
    0x8e, 0x9d, 0x82, 0x0, 0x36, 0x60, 0x7b, 0x60,
    0x80, 0x7, 0x2, 0x5d, 0xae, 0x40, 0x3, 0x8d,
    0x9d, 0x14, 0x20, 0x1, 0x46, 0xc6, 0xea, 0x94,
    0x0, 0x51, 0xb3, 0xd9, 0x6a, 0x1, 0x9b, 0xb9,
    0x96, 0xc2, 0x1, 0xe6, 0xc6, 0x10, 0xf, 0xe0,

    /* U+2460 "①" */
    0x0, 0xff, 0xe4, 0xa2, 0xa2, 0x62, 0x0, 0xf8,
    0x9d, 0x54, 0x89, 0x85, 0x80, 0x38, 0x95, 0xc4,
    0xf, 0x80, 0x6, 0xf0, 0x1, 0xad, 0xc0, 0x3,
    0xc0, 0x18, 0x69, 0xc0, 0xf, 0x60, 0x2, 0xf0,
    0xf, 0x17, 0x88, 0x69, 0x0, 0x16, 0x60, 0x3,
    0xd6, 0xc0, 0x1c, 0xee, 0x0, 0xf8, 0xf4, 0x4c,
    0x3, 0xff, 0x82, 0x22, 0x20, 0xf, 0xfe, 0x0,
    0x88, 0x18, 0x3, 0xff, 0x80, 0x84, 0x8, 0xc0,
    0x1f, 0xf4, 0xd8, 0x44, 0x8, 0x3, 0xf9, 0xdc,
    0x60, 0x35, 0x88, 0x0, 0x4a, 0x0, 0xa2, 0x68,
    0x2, 0x4a, 0xa9, 0xd, 0x4d, 0xf5, 0x3c, 0x40,
    0x32, 0x79, 0x46, 0xf6, 0xea, 0x30, 0x40, 0x3c,
    0x31, 0x9f, 0xee, 0xa5, 0x0, 0xc0,

    /* U+2461 "②" */
    0x0, 0xff, 0xe4, 0x99, 0xf8, 0x80, 0x3e, 0x26,
    0x23, 0x3e, 0x5, 0x0, 0xe2, 0x46, 0x18, 0xff,
    0x6a, 0x12, 0xb8, 0x6, 0xa6, 0x8, 0x6c, 0xe4,
    0xb1, 0x6, 0x70, 0x3, 0xd0, 0xb, 0xd1, 0x8d,
    0x1, 0x0, 0xf8, 0x87, 0x10, 0xf, 0x20, 0x1,
    0xc0, 0x80, 0x16, 0xc0, 0x60, 0x10, 0x80, 0x5e,
    0xa2, 0x0, 0x3d, 0x13, 0x0, 0xf3, 0x25, 0x80,
    0x61, 0x11, 0x0, 0x71, 0x4d, 0x8, 0x4, 0x42,
    0xc, 0x1, 0x87, 0xdd, 0x40, 0x32, 0x10, 0x23,
    0x80, 0x5a, 0xf0, 0x1, 0xd7, 0x60, 0x89, 0x30,
    0x83, 0x5f, 0xf9, 0x82, 0x18, 0xc0, 0x6b, 0x16,
    0xf3, 0x39, 0x25, 0xa8, 0x2, 0x4b, 0xb4, 0x30,
    0xb, 0xde, 0x2f, 0x88, 0x6, 0x4f, 0x39, 0xcd,
    0xa2, 0xbc, 0x10, 0xf, 0xc, 0x67, 0xfb, 0xa9,
    0x40, 0x30,

    /* U+2462 "③" */
    0x0, 0xff, 0xe4, 0x90, 0x88, 0x0, 0x22, 0x0,
    0xf8, 0x8c, 0x84, 0xc, 0x44, 0x8, 0x1, 0xc4,
    0xc6, 0x37, 0xfe, 0xea, 0x14, 0x60, 0xc, 0x88,
    0xa, 0x7e, 0xce, 0x45, 0x6, 0x70, 0x3, 0xb8,
    0x0, 0x5c, 0x0, 0x15, 0xd0, 0x8, 0x43, 0x84,
    0x1, 0x24, 0x0, 0x44, 0x68, 0x1, 0x58, 0x3,
    0xe4, 0xeb, 0x75, 0x0, 0x16, 0x89, 0x80, 0x72,
    0xd2, 0xb1, 0x0, 0x42, 0x26, 0x0, 0xe1, 0x4a,
    0x5b, 0x0, 0x10, 0x81, 0x8, 0x2, 0x8c, 0x2,
    0x23, 0x0, 0x21, 0x3, 0xc8, 0x1, 0xa0, 0x40,
    0xdb, 0x0, 0x11, 0x61, 0xe, 0xa1, 0xcb, 0xdc,
    0xc6, 0x60, 0x52, 0x98, 0xd, 0xd3, 0x97, 0x65,
    0x74, 0x8d, 0xa5, 0x0, 0x49, 0x73, 0xb0, 0xc0,
    0xd5, 0xcf, 0xe2, 0x1, 0x93, 0xd5, 0x2a, 0xe4,
    0x2b, 0x4, 0x3, 0xc3, 0x19, 0xfe, 0xea, 0x50,
    0xc,

    /* U+2463 "④" */
    0x0, 0xff, 0xe4, 0xa2, 0xa2, 0x62, 0x0, 0xf8,
    0x9d, 0x54, 0x89, 0x85, 0x80, 0x38, 0x95, 0xc4,
    0x0, 0x7e, 0x26, 0xf0, 0x1, 0xad, 0xc0, 0x21,
    0xd0, 0x8, 0x69, 0xc0, 0xf, 0x60, 0x1a, 0x94,
    0x3, 0x17, 0x88, 0x69, 0x0, 0x50, 0xf2, 0x1,
    0xd6, 0xc0, 0x1c, 0x8d, 0xa0, 0x1e, 0x3d, 0x13,
    0x0, 0x15, 0x68, 0x80, 0x7c, 0x22, 0x20, 0x7,
    0x49, 0x8, 0x80, 0xc4, 0x0, 0x22, 0x6, 0x2,
    0x38, 0xee, 0x60, 0x6f, 0x0, 0x10, 0x81, 0x18,
    0xbf, 0xf6, 0x87, 0x78, 0x2, 0x6c, 0x22, 0x4,
    0x1, 0xfc, 0xee, 0x30, 0x1a, 0xc4, 0x0, 0x8a,
    0x84, 0x22, 0x68, 0x2, 0x4a, 0xa9, 0x8, 0x59,
    0xf5, 0x3c, 0x40, 0x32, 0x79, 0x46, 0xf6, 0xea,
    0x30, 0x40, 0x3c, 0x31, 0x9f, 0xee, 0xa5, 0x0,
    0xc0,

    /* U+2464 "⑤" */
    0x0, 0xff, 0xe4, 0x99, 0x17, 0x8, 0x7, 0xc4,
    0xa6, 0x45, 0xc0, 0xa0, 0x1c, 0x4e, 0xa1, 0xdf,
    0xf9, 0x54, 0xe0, 0x19, 0x54, 0x6, 0x3d, 0xff,
    0x20, 0x33, 0x80, 0x1d, 0x80, 0xa, 0x62, 0x1,
    0xc2, 0x2, 0x1c, 0x20, 0xf, 0x8, 0xb8, 0x0,
    0xca, 0xc0, 0x60, 0x12, 0x90, 0x9b, 0x68, 0x4,
    0x5a, 0x20, 0x1a, 0x3e, 0x63, 0xcd, 0x80, 0x21,
    0x13, 0x0, 0x48, 0x20, 0x1, 0x4f, 0x0, 0x10,
    0x80, 0x80, 0xa, 0x0, 0x30, 0xf0, 0x1, 0x8,
    0x12, 0x0, 0xdd, 0xc0, 0x5, 0x45, 0x0, 0x5d,
    0x82, 0x19, 0x6, 0xa3, 0xb6, 0xa8, 0x41, 0x2c,
    0x60, 0x35, 0x6c, 0xbd, 0x71, 0xca, 0x34, 0xf4,
    0x1, 0x25, 0xc6, 0x38, 0xb2, 0x4f, 0xb7, 0x88,
    0x6, 0x4f, 0x4a, 0xbc, 0xb3, 0xbc, 0x10, 0xf,
    0xc, 0x67, 0xfb, 0xa9, 0x40, 0x30,

    /* U+2465 "⑥" */
    0x0, 0xff, 0xe4, 0x90, 0x88, 0x0, 0x22, 0x0,
    0xf8, 0x8c, 0x84, 0x44, 0x22, 0x4, 0x0, 0xe2,
    0x63, 0x0, 0x1e, 0x0, 0x5, 0x18, 0x3, 0x22,
    0x0, 0x2f, 0x91, 0x0, 0x99, 0xc0, 0xe, 0xe0,
    0x9, 0x85, 0xc0, 0x3c, 0x21, 0xc2, 0x0, 0x19,
    0xa4, 0x10, 0xc, 0xac, 0x1, 0xd0, 0x17, 0x1c,
    0xe0, 0x11, 0x68, 0x98, 0x0, 0x5a, 0xf3, 0x17,
    0x6, 0x1, 0x8, 0x98, 0x0, 0x86, 0x80, 0x4,
    0x24, 0x0, 0x10, 0x81, 0x8, 0x18, 0x7, 0x18,
    0x4, 0x84, 0xf, 0x20, 0xe6, 0xa0, 0x6, 0x15,
    0x0, 0x45, 0x84, 0x3a, 0x8c, 0xd6, 0xf4, 0xc8,
    0x82, 0x94, 0xc0, 0x6e, 0x9d, 0xbb, 0x9b, 0xec,
    0x36, 0x94, 0x1, 0x25, 0xce, 0xcb, 0x3b, 0xab,
    0x9f, 0xc4, 0x3, 0x27, 0xaa, 0x55, 0xc8, 0x56,
    0x8, 0x7, 0x86, 0x33, 0xfd, 0xd4, 0xa0, 0x18,

    /* U+2466 "⑦" */
    0x0, 0xff, 0xe4, 0x99, 0x17, 0x8, 0x7, 0xc4,
    0xa6, 0x45, 0xc0, 0xa0, 0x1c, 0x4e, 0xbd, 0xff,
    0xd0, 0xae, 0x1, 0x95, 0x41, 0x9b, 0xb6, 0x6,
    0x3, 0x38, 0x1, 0xd8, 0x0, 0x45, 0xac, 0x94,
    0x4, 0x4, 0x38, 0x40, 0x38, 0x5e, 0x0, 0x25,
    0x60, 0x30, 0xf, 0x30, 0xa8, 0x4, 0x5a, 0x20,
    0x1f, 0x53, 0x0, 0x70, 0x89, 0x80, 0x38, 0xca,
    0x80, 0x31, 0x8, 0x8, 0x7, 0x51, 0x10, 0x3,
    0x21, 0x2, 0x40, 0x6, 0x75, 0x0, 0xeb, 0xb0,
    0x43, 0x20, 0x0, 0x87, 0x40, 0x34, 0xb1, 0x80,
    0xd5, 0xb0, 0x16, 0xa8, 0x0, 0x69, 0xe8, 0x2,
    0x4b, 0x8c, 0x66, 0x1a, 0xcf, 0xb7, 0x88, 0x6,
    0x4f, 0x4a, 0xbc, 0xb3, 0xbc, 0x10, 0xf, 0xc,
    0x67, 0xfb, 0xa9, 0x40, 0x30,

    /* U+2467 "⑧" */
    0x0, 0xff, 0xe4, 0xa2, 0xa2, 0x62, 0x0, 0xf8,
    0x9d, 0x54, 0x89, 0x85, 0x80, 0x38, 0x95, 0xc6,
    0x7b, 0xf1, 0x4d, 0xe0, 0x3, 0x5b, 0x84, 0xa5,
    0x6d, 0x50, 0xc6, 0x9c, 0x0, 0xf6, 0x0, 0x5b,
    0x42, 0x64, 0x40, 0x17, 0x88, 0x69, 0x0, 0x16,
    0x80, 0x6, 0x88, 0x0, 0x5b, 0x0, 0x74, 0x8f,
    0xf6, 0x41, 0x80, 0xf, 0x44, 0xc0, 0x27, 0x25,
    0x40, 0xa1, 0x0, 0x84, 0x44, 0x1, 0x46, 0x55,
    0x34, 0xa0, 0x0, 0x22, 0x6, 0x0, 0x11, 0xc,
    0x0, 0x45, 0x0, 0x10, 0x81, 0x18, 0x8, 0xcc,
    0x0, 0x22, 0x60, 0x2, 0x6c, 0x22, 0x4, 0x15,
    0xb7, 0x6d, 0x57, 0x7, 0x71, 0x80, 0xd6, 0x22,
    0x3b, 0xfd, 0xb4, 0x11, 0x34, 0x1, 0x25, 0x54,
    0x8c, 0xa2, 0xfa, 0x9e, 0x20, 0x19, 0x3c, 0xa3,
    0x7b, 0x75, 0x18, 0x20, 0x1e, 0x18, 0xcf, 0xf7,
    0x52, 0x80, 0x60,

    /* U+2468 "⑨" */
    0x0, 0xff, 0xe4, 0xa2, 0xa2, 0x62, 0x0, 0xf8,
    0x9d, 0x54, 0x89, 0x85, 0x80, 0x38, 0x95, 0xc5,
    0x77, 0xf5, 0xcd, 0xe0, 0x3, 0x5b, 0x82, 0xd4,
    0xf4, 0x44, 0x34, 0xe0, 0x7, 0xb0, 0x4, 0xba,
    0xa, 0xc3, 0x1, 0x78, 0x86, 0x90, 0x0, 0xb4,
    0x2, 0x20, 0xa, 0xd8, 0x3, 0x97, 0x40, 0x2f,
    0x40, 0x1, 0xe8, 0x98, 0x5, 0xee, 0xe5, 0x95,
    0x90, 0x8, 0x44, 0x40, 0x12, 0x5e, 0xf3, 0x29,
    0x80, 0x4, 0x40, 0xc0, 0x19, 0x2b, 0x6, 0xc0,
    0x24, 0x20, 0x46, 0x0, 0xc3, 0x10, 0x10, 0xa,
    0x6c, 0x22, 0x4, 0x1, 0x51, 0xb0, 0x4, 0xee,
    0x30, 0x1a, 0xc4, 0x2, 0xe, 0x0, 0xa2, 0x68,
    0x2, 0x4a, 0xa9, 0xa4, 0xcc, 0xfa, 0x9e, 0x20,
    0x19, 0x3c, 0xa3, 0x7b, 0x75, 0x18, 0x20, 0x1e,
    0x18, 0xcf, 0xf7, 0x52, 0x80, 0x60,

    /* U+2469 "⑩" */
    0x0, 0xff, 0xe4, 0xa2, 0xa2, 0x62, 0x0, 0xf8,
    0x9d, 0x54, 0x89, 0x85, 0x80, 0x38, 0x95, 0xe8,
    0xc1, 0xff, 0x55, 0xe0, 0x3, 0x5b, 0xca, 0x1,
    0xc5, 0xef, 0x9d, 0x38, 0x1, 0xee, 0x90, 0x1,
    0x44, 0x81, 0x4a, 0x5e, 0x21, 0xa5, 0x9a, 0x20,
    0xac, 0x0, 0x2d, 0xb, 0x60, 0x9, 0x80, 0x21,
    0x10, 0x4, 0x20, 0x7a, 0x26, 0x1, 0xff, 0xc1,
    0x11, 0x10, 0x7, 0x8, 0x80, 0x21, 0x1, 0x10,
    0x30, 0x7, 0x2a, 0x80, 0x4, 0x40, 0x42, 0x4,
    0x60, 0xd, 0x82, 0x81, 0x56, 0x13, 0x61, 0x10,
    0x20, 0x9, 0x4e, 0xa8, 0x66, 0x77, 0x18, 0xd,
    0x62, 0x51, 0x6, 0x47, 0xd4, 0x4d, 0x0, 0x49,
    0x54, 0xe5, 0x21, 0x52, 0xd4, 0xf1, 0x0, 0xc9,
    0xe5, 0x1b, 0xdb, 0xa8, 0xc1, 0x0, 0xf0, 0xc6,
    0x7f, 0xba, 0x94, 0x3, 0x0,

    /* U+25A0 "■" */
    0xdf, 0xff, 0xfe, 0x1, 0x0, 0x7f, 0xff, 0xc0,
    0x3f, 0xff, 0xe0, 0x1f, 0xfc, 0x6d, 0xee, 0xff,
    0xe0, 0x10,

    /* U+25A1 "□" */
    0xde, 0xef, 0xfb, 0xc3, 0xbb, 0xfe, 0x10, 0xf,
    0xff, 0xf8, 0x7, 0xff, 0xad, 0xbb, 0xbf, 0xe0,

    /* U+25B2 "▲" */
    0x0, 0xff, 0xe4, 0x3a, 0x80, 0x7f, 0xc3, 0x30,
    0x1, 0xff, 0x48, 0x93, 0x0, 0x7f, 0xb, 0x80,
    0x20, 0x40, 0x3f, 0x58, 0x4, 0x32, 0x1, 0xf1,
    0xa8, 0x6, 0x72, 0x0, 0xf4, 0x0, 0x7a, 0x0,
    0x39, 0x10, 0x1, 0xe5, 0x30, 0xd, 0x20, 0x1f,
    0xbc, 0x2, 0x62, 0x0, 0xfc, 0x6a, 0x0, 0x80,
    0xf, 0xf4, 0x4, 0x8, 0x7, 0xf8, 0x9a, 0x3b,
    0xbf, 0xf8, 0xc,

    /* U+25BC "▼" */
    0x9, 0xbb, 0xff, 0x48, 0x3, 0xd1, 0x3f, 0xd8,
    0x0, 0x63, 0x0, 0xfc, 0x8a, 0x1, 0x78, 0x7,
    0xea, 0x0, 0xc6, 0xa0, 0x1e, 0x81, 0x0, 0xeb,
    0x0, 0xe2, 0x70, 0xf, 0xb, 0x80, 0x6e, 0x0,
    0xfd, 0x2, 0x0, 0x63, 0x0, 0xfe, 0xb0, 0x19,
    0x0, 0xff, 0x29, 0xd8, 0x7, 0xff, 0x3, 0x54,
    0x3, 0xc0,

    /* U+25CB "○" */
    0x0, 0xc3, 0x19, 0xdc, 0xb7, 0x10, 0xf, 0x9b,
    0x3f, 0xba, 0x9f, 0xf3, 0x0, 0x74, 0x6e, 0x39,
    0x0, 0xa, 0x3e, 0x9c, 0x2, 0x44, 0x58, 0x80,
    0x78, 0x76, 0x48, 0x1, 0x10, 0x0, 0xfe, 0x18,
    0xb0, 0x12, 0x40, 0xf, 0xf3, 0xb8, 0x8, 0x80,
    0x1f, 0xf0, 0x80, 0x4e, 0x1, 0xff, 0xc2, 0x25,
    0x0, 0xff, 0x84, 0xc0, 0x49, 0x0, 0x3f, 0xcc,
    0xa0, 0xf, 0x91, 0x0, 0xfc, 0x55, 0x20, 0x3,
    0xac, 0x20, 0xf, 0x17, 0xc8, 0x80, 0x4f, 0x79,
    0x6, 0x20, 0x51, 0xf2, 0x80, 0x1c, 0xdf, 0xfb,
    0x67, 0xb1, 0x0, 0x3e, 0x17, 0xce, 0xdb, 0x61,
    0x0, 0xc0,

    /* U+25CF "●" */
    0x0, 0xff, 0xe4, 0x14, 0xf7, 0xfb, 0x60, 0x80,
    0x3e, 0x6d, 0x61, 0x0, 0x13, 0xeb, 0x80, 0x73,
    0xc8, 0x7, 0xe8, 0x70, 0x9, 0x20, 0x3, 0xfd,
    0x6, 0x0, 0x80, 0xf, 0xfe, 0x4, 0x80, 0x98,
    0x7, 0xff, 0x1, 0x0, 0x80, 0x3f, 0xf8, 0x22,
    0x1, 0xff, 0xc5, 0x20, 0xf, 0xfe, 0x9, 0x0,
    0x98, 0x7, 0xff, 0x1, 0x40, 0x1e, 0x1, 0xff,
    0xc0, 0x90, 0x1, 0xc0, 0x7, 0xfa, 0x44, 0x2,
    0x79, 0x0, 0xfd, 0x2c, 0x1, 0xcd, 0xaa, 0x20,
    0x2, 0x7d, 0x60, 0xf, 0x8a, 0xbb, 0xfd, 0xb0,
    0x40, 0x18,

    /* U+2605 "★" */
    0x0, 0xf8, 0x44, 0x1, 0xff, 0xc2, 0x74, 0x0,
    0xff, 0xe1, 0x6f, 0x0, 0x7f, 0xf0, 0x45, 0x10,
    0x20, 0x1f, 0xfc, 0x7, 0x0, 0x20, 0x7, 0xca,
    0xcd, 0xac, 0x1, 0x2c, 0xd9, 0x0, 0xf, 0x53,
    0x31, 0x0, 0xe, 0x66, 0xa5, 0x0, 0x16, 0x30,
    0x7, 0xe7, 0xc1, 0x0, 0xd3, 0x40, 0x1e, 0xb8,
    0x0, 0xf9, 0xc0, 0x3c, 0xc0, 0x1f, 0xa8, 0x0,
    0x22, 0x0, 0x28, 0x7, 0xe5, 0x5, 0xff, 0x20,
    0x58, 0x7, 0xc4, 0x49, 0xa1, 0x15, 0xc1, 0x90,
    0x7, 0x9b, 0x58, 0x3, 0x3e, 0x38, 0x4,

    /* U+2606 "☆" */
    0x0, 0xf8, 0x44, 0x1, 0xff, 0xc2, 0x66, 0x0,
    0x7f, 0xf0, 0xae, 0xc0, 0x1f, 0xfc, 0x12, 0x77,
    0x8, 0x7, 0xff, 0x2, 0xbb, 0x58, 0x3, 0xe6,
    0x99, 0xca, 0xa6, 0xa9, 0x9c, 0xc0, 0x6, 0x4,
    0xb8, 0xc0, 0x6, 0x45, 0x20, 0x30, 0x5, 0x31,
    0xe4, 0x20, 0x1, 0x5e, 0x89, 0x0, 0xe5, 0xfe,
    0x0, 0xd5, 0xea, 0x1, 0xf3, 0x20, 0x2a, 0x2,
    0x88, 0x7, 0xed, 0xd4, 0xf4, 0x43, 0x6c, 0x3,
    0xf3, 0xc7, 0x5e, 0x5, 0xa8, 0x7, 0xc6, 0x6f,
    0x70, 0x4, 0x49, 0x98, 0x3, 0xed, 0x30, 0xc,
    0x9e, 0x1, 0x80,

    /* U+3001 "、" */
    0x0, 0xcf, 0x60, 0x5, 0x46, 0x2, 0x58, 0x10,
    0x91, 0x90, 0x38, 0x90,

    /* U+3002 "。" */
    0x7, 0x60, 0xa2, 0x9, 0x65, 0x65, 0xba, 0xba,
    0x78, 0x96,

    /* U+4E00 "一" */
    0x1a, 0xa4, 0xcf, 0xfd, 0x42, 0xa, 0x8e, 0xff,
    0xf2, 0x80,

    /* U+4E03 "七" */
    0x0, 0xf7, 0xc0, 0x7, 0xff, 0xf, 0xc0, 0x3f,
    0xfb, 0x9, 0x16, 0x1, 0xfb, 0xd6, 0x73, 0xe8,
    0xcc, 0x1, 0x12, 0x3d, 0x3, 0xd9, 0xd6, 0xf5,
    0xc0, 0x27, 0xed, 0xe1, 0x4, 0x75, 0x31, 0x0,
    0x64, 0x9d, 0xfb, 0x80, 0xf, 0xf9, 0x88, 0x3,
    0xff, 0xbd, 0x12, 0x1, 0xf0, 0xe1, 0x16, 0x36,
    0x50, 0xf, 0xa5, 0x77, 0x76, 0x1c, 0x0,

    /* U+4E07 "万" */
    0x9e, 0xef, 0xfe, 0x6, 0xde, 0x65, 0x3, 0x99,
    0xed, 0xf2, 0x2c, 0x62, 0x45, 0xe3, 0x20, 0xc,
    0x66, 0x0, 0xff, 0xe0, 0x71, 0x77, 0x76, 0x80,
    0x78, 0x97, 0x77, 0x38, 0x7, 0xc9, 0x86, 0x7b,
    0x84, 0x3, 0x8c, 0x50, 0x3, 0x7b, 0x80, 0x74,
    0xa1, 0x0, 0x61, 0x10, 0x6, 0x45, 0xf0, 0xe,
    0x33, 0x0, 0x43, 0x48, 0x80, 0xe, 0x61, 0x0,
    0xe, 0x85, 0x0, 0x42, 0x8c, 0x7a, 0x0, 0x92,
    0xc1, 0x0, 0xd7, 0xe, 0xa0, 0x8, 0xf2, 0x0,
    0xc3, 0xdc, 0x80, 0x8,

    /* U+4E09 "三" */
    0x0, 0x22, 0xa2, 0x7e, 0x53, 0x0, 0xbe, 0xea,
    0xbf, 0x5c, 0x80, 0x57, 0xdd, 0xfe, 0xa0, 0xf,
    0xfe, 0xb2, 0xb2, 0xaf, 0x99, 0x0, 0x3a, 0x62,
    0xef, 0xd1, 0xa0, 0x1d, 0x9d, 0xdf, 0xa4, 0x3,
    0xff, 0xc6, 0x3f, 0xff, 0xfc, 0x21, 0xab, 0xbf,
    0xfa, 0xa8,

    /* U+4E0A "上" */
    0x0, 0xf1, 0xd8, 0x80, 0x7f, 0xf0, 0x5d, 0x0,
    0x3f, 0xfc, 0xa2, 0x3c, 0x1, 0xfe, 0xee, 0xf0,
    0x7, 0xfb, 0x33, 0xc0, 0x1f, 0xe2, 0x33, 0xe0,
    0xf, 0xff, 0xba, 0xa2, 0x63, 0x4, 0x4f, 0x28,
    0x8a, 0xab, 0xa4, 0x6e, 0xab, 0xac, 0xc0,

    /* U+4E0B "下" */
    0x0, 0xff, 0xe1, 0x7f, 0xff, 0xf0, 0x7a, 0xed,
    0x99, 0x50, 0x4e, 0x66, 0xba, 0x44, 0x19, 0xce,
    0xa, 0x67, 0x91, 0x0, 0x1f, 0xfc, 0xa1, 0x30,
    0xf, 0xfe, 0x4, 0x62, 0x0, 0x7f, 0xd2, 0xb6,
    0xa0, 0x1f, 0xf5, 0x2d, 0x28, 0x7, 0xfd, 0x49,
    0x20, 0x1f, 0xfc, 0xb, 0xd0, 0xf, 0xfe, 0x8,
    0x80, 0x7f, 0xf4, 0x40,

    /* U+4E0D "不" */
    0x0, 0xff, 0xe2, 0x5f, 0xff, 0xff, 0x4, 0x2b,
    0x77, 0xa4, 0x33, 0x77, 0x80, 0x48, 0xba, 0xdc,
    0xc8, 0xb8, 0x3, 0xd2, 0x58, 0x1, 0xff, 0x33,
    0x80, 0x17, 0x44, 0x3, 0xe6, 0x9d, 0x0, 0x2b,
    0x79, 0x0, 0x74, 0x4d, 0x98, 0x5, 0x6b, 0x86,
    0x0, 0x2c, 0x6c, 0x40, 0xe, 0xb2, 0xc3, 0xe,
    0x7f, 0x30, 0xf, 0xb0, 0xdc, 0x32, 0xc4, 0x3,
    0xfb, 0x10, 0x3, 0xff, 0xc2,

    /* U+4E11 "丑" */
    0x4, 0xfe, 0xef, 0xe3, 0x0, 0x26, 0xff, 0x98,
    0xbf, 0xed, 0x11, 0x0, 0x44, 0x23, 0x30, 0x8c,
    0x0, 0x30, 0xf, 0x19, 0x80, 0x27, 0x1, 0x0,
    0xf3, 0x8, 0x4, 0x20, 0x1c, 0x42, 0x37, 0x88,
    0xc4, 0x20, 0x11, 0xe7, 0xf8, 0xa7, 0xfe, 0x82,
    0x0, 0x8f, 0xb9, 0xe1, 0xbd, 0xd3, 0xb8, 0x3,
    0xc6, 0x4, 0x1, 0x10, 0x80, 0x79, 0x80, 0x40,
    0x21, 0x30, 0xf, 0x8, 0x80, 0x33, 0x88, 0x0,
    0x8b, 0x69, 0x91, 0x61, 0x2, 0x3f, 0xcc, 0x98,
    0xf3, 0x31, 0xb6, 0x68,

    /* U+4E16 "世" */
    0x0, 0xf5, 0x60, 0x1, 0xbc, 0x3, 0xcf, 0xe0,
    0x3, 0x0, 0xff, 0x84, 0x3, 0xf0, 0x80, 0x7f,
    0x84, 0x3, 0xf8, 0x53, 0x80, 0xcc, 0x42, 0x66,
    0xe1, 0x33, 0x20, 0xad, 0x38, 0x6e, 0x94, 0xb7,
    0x4c, 0x1b, 0xaa, 0x54, 0xe9, 0xe, 0xe3, 0x9f,
    0x72, 0x7, 0xba, 0x40, 0xf, 0xfe, 0x50, 0x80,
    0x61, 0x0, 0xff, 0x85, 0x11, 0xc0, 0x1f, 0xf0,
    0x84, 0xc9, 0x48, 0x3, 0xfd, 0x1b, 0xbc, 0x1,
    0xf8, 0xcf, 0xfc, 0x1, 0x84, 0x33, 0x3f, 0xc4,
    0x0,

    /* U+4E1A "业" */
    0x0, 0xe9, 0xf0, 0x1f, 0x60, 0xf, 0xf7, 0x0,
    0x4, 0xc, 0x3, 0xff, 0x94, 0xd4, 0x1, 0xfc,
    0x3c, 0xa0, 0x12, 0x90, 0x7, 0xe4, 0x16, 0x0,
    0x38, 0x50, 0x7, 0xef, 0x33, 0x0, 0x5, 0x54,
    0x1, 0xf9, 0x68, 0x3, 0x79, 0x18, 0x7, 0x9c,
    0x18, 0x3, 0x29, 0x30, 0x7, 0xb5, 0x40, 0x3d,
    0xaa, 0x1, 0xea, 0xa0, 0x7, 0xff, 0x20, 0xcc,
    0x44, 0xf0, 0x22, 0x1, 0x91, 0xc, 0xc0, 0x79,
    0x8d, 0xd3, 0x86, 0xe8, 0x27, 0x75, 0x98, 0x33,
    0x7f, 0xff, 0xf0, 0x8c,

    /* U+4E22 "丢" */
    0x0, 0xff, 0xe2, 0x9, 0x99, 0x15, 0x4f, 0x15,
    0xbf, 0x20, 0x12, 0xf7, 0xc7, 0x4c, 0xbf, 0x27,
    0x20, 0x2, 0x4d, 0xcc, 0x5c, 0x9b, 0xb2, 0x18,
    0x80, 0x4f, 0xdd, 0xa8, 0xbb, 0xb5, 0x0, 0x4d,
    0x9f, 0xf4, 0x97, 0xfe, 0xb0, 0x8, 0x48, 0x46,
    0x30, 0x11, 0xe0, 0x6, 0x6e, 0xf5, 0x96, 0xef,
    0x93, 0xfb, 0xb2, 0xa6, 0x77, 0x79, 0x4c, 0xf9,
    0x40, 0xcc, 0x26, 0x78, 0x40, 0x34, 0x8d, 0x0,
    0x32, 0x0, 0x3e, 0x57, 0xd0, 0xa, 0xdd, 0x40,
    0x39, 0xaa, 0xc, 0xe4, 0x13, 0xa4, 0x0, 0xd8,
    0x13, 0x9d, 0xff, 0x31, 0xd0, 0x80, 0x57, 0xdf,
    0xdb, 0x97, 0x6a, 0xc8, 0x10,

    /* U+4E24 "两" */
    0x0, 0xff, 0xe1, 0xdf, 0xff, 0xff, 0x4, 0x6f,
    0xfe, 0xd0, 0xff, 0x50, 0xff, 0xe1, 0x0, 0xc2,
    0x1, 0x8c, 0x3, 0x93, 0xfe, 0xc0, 0xff, 0x51,
    0x7f, 0xc8, 0x1, 0x77, 0x1d, 0x3b, 0x8a, 0xae,
    0xe0, 0x80, 0x61, 0x11, 0x98, 0x44, 0xd8, 0x22,
    0x0, 0xf0, 0xa3, 0xa8, 0x9e, 0x80, 0x7e, 0xb4,
    0xab, 0x91, 0xd, 0x10, 0xe, 0x55, 0x4a, 0xe3,
    0x4d, 0xb4, 0x80, 0x72, 0x51, 0x4, 0x9b, 0x85,
    0xc0, 0x7, 0xa, 0x80, 0x23, 0x80, 0x30, 0x80,
    0x7e, 0x33, 0x0, 0xb4, 0x3, 0x80, 0x7f, 0x86,
    0x95, 0xcc, 0x0,

    /* U+4E25 "严" */
    0x0, 0xff, 0xe2, 0x27, 0xff, 0xff, 0x0, 0xc1,
    0x3f, 0xf0, 0x77, 0x8e, 0x7f, 0x79, 0x80, 0xf,
    0x40, 0x3e, 0x1e, 0x30, 0x8, 0xcc, 0xc0, 0x1e,
    0x93, 0x30, 0x6, 0xb5, 0x0, 0xf5, 0xf8, 0x6,
    0xca, 0xcf, 0xe, 0xf1, 0xcc, 0xbe, 0x0, 0x28,
    0xff, 0xff, 0x40, 0x0, 0x44, 0x1, 0xff, 0xc1,
    0x33, 0x0, 0x7f, 0xf0, 0x4, 0x4c, 0x1, 0xff,
    0xc0, 0x40, 0x30, 0xf, 0xfe, 0x4, 0xa8, 0x7,
    0xff, 0x1, 0xe, 0x40, 0x3f, 0xf8, 0x9, 0x66,
    0x1, 0xff, 0xc0,

    /* U+4E2A "个" */
    0x0, 0xfa, 0x10, 0x3, 0xff, 0x82, 0x8f, 0xa0,
    0x1f, 0xfc, 0x19, 0x46, 0x40, 0xf, 0xfa, 0xc2,
    0xe2, 0xd0, 0x3, 0xfa, 0x97, 0xc1, 0xda, 0xd4,
    0x3, 0xc5, 0x89, 0xa5, 0xed, 0x2f, 0x56, 0x40,
    0x1, 0x8d, 0x1c, 0x30, 0x10, 0x4, 0x52, 0xee,
    0x0, 0x15, 0xf4, 0x80, 0x6, 0x1, 0x2f, 0xbd,
    0x80, 0xec, 0x0, 0x7f, 0xc, 0x38, 0x7, 0xff,
    0xf0, 0xc0, 0x3f, 0xf8, 0x82, 0x1, 0xf0,

    /* U+4E2D "中" */
    0x0, 0xf7, 0xb8, 0x7, 0xff, 0x0, 0x40, 0x3f,
    0xe1, 0x0, 0xf0, 0xf7, 0x70, 0xcf, 0x76, 0x90,
    0x1b, 0xff, 0x86, 0x3f, 0xe5, 0x30, 0x0, 0x8e,
    0x1, 0x1c, 0x1, 0xff, 0xd2, 0xbf, 0xf8, 0x67,
    0xfe, 0x40, 0x2, 0x6f, 0xfc, 0x33, 0xff, 0x46,
    0x8d, 0x90, 0x7, 0xe7, 0x70, 0x7, 0xff, 0x84,
    0x44, 0x1, 0xc0,

    /* U+4E32 "串" */
    0x0, 0xef, 0x50, 0xf, 0xfe, 0x2a, 0xff, 0xe0,
    0xaf, 0xfc, 0x62, 0x1f, 0xf0, 0xd7, 0xfc, 0x0,
    0x10, 0xf, 0xfe, 0xf, 0xfc, 0x35, 0xff, 0x0,
    0x17, 0xff, 0xd, 0x7f, 0xe3, 0xcc, 0xe1, 0x8c,
    0xcd, 0x25, 0x5d, 0xd0, 0xdf, 0x74, 0xa4, 0x6,
    0x45, 0x1, 0x91, 0x42, 0x0, 0x23, 0x38, 0x48,
    0xce, 0x20, 0x3b, 0xff, 0x82, 0xbf, 0xe7, 0x1d,
    0xcc, 0xc3, 0x19, 0x96, 0xd0, 0x7, 0x8, 0x7,
    0x80,

    /* U+4E3A "为" */
    0x0, 0xf5, 0x38, 0x7, 0xeb, 0x50, 0x3, 0xf8,
    0x7, 0xe3, 0xa4, 0x3, 0xe0, 0xf, 0xd0, 0xd2,
    0x2, 0x60, 0x1f, 0x19, 0x5f, 0x10, 0x0, 0x8b,
    0x84, 0x33, 0x2d, 0xc0, 0xbc, 0xcd, 0xb2, 0x1f,
    0xdd, 0x40, 0xf7, 0x71, 0x78, 0x7, 0x63, 0x80,
    0x71, 0x10, 0x3, 0xa, 0xec, 0xd0, 0x0, 0x41,
    0x80, 0x34, 0x1a, 0x6a, 0x72, 0x18, 0x8, 0x4,
    0x6d, 0x0, 0x9e, 0x78, 0xc0, 0x40, 0x1, 0xd6,
    0x40, 0x0, 0xec, 0x8, 0x80, 0x5, 0x85, 0x20,
    0x1e, 0xd3, 0x6, 0xd1, 0xd0, 0xc, 0x6f, 0xe,
    0x80, 0x6b, 0x82, 0x1, 0x86, 0x15, 0xa0, 0x0,

    /* U+4E3B "主" */
    0x0, 0xff, 0xe4, 0xeb, 0x0, 0x7f, 0xf0, 0x6e,
    0x50, 0x3, 0xff, 0x80, 0xcc, 0x30, 0xf, 0xa3,
    0xb7, 0x72, 0x56, 0xee, 0xe2, 0xa, 0xa7, 0x76,
    0x25, 0xee, 0xd4, 0x40, 0x48, 0x67, 0x87, 0x8c,
    0xf2, 0x0, 0x7f, 0xf1, 0x8c, 0xf8, 0x78, 0xce,
    0x41, 0x0, 0xa7, 0xbb, 0x3, 0x77, 0x54, 0x40,
    0x15, 0x6e, 0xe1, 0x8d, 0xdb, 0x8c, 0x3, 0xff,
    0xa6, 0x26, 0x62, 0x2c, 0x2, 0x45, 0x8c, 0xcb,
    0xba, 0xcc, 0xc1, 0x39, 0x9b, 0x74,

    /* U+4E3D "丽" */
    0x0, 0xff, 0xe2, 0xf, 0xff, 0xff, 0xa, 0x7,
    0x75, 0xdd, 0xff, 0x6c, 0x81, 0x10, 0x47, 0xfe,
    0x21, 0x0, 0x7f, 0xf3, 0x17, 0xff, 0x18, 0x6,
    0xbf, 0xf1, 0x18, 0x3, 0xbf, 0xc0, 0x20, 0x19,
    0xc0, 0x3c, 0x20, 0x1f, 0xae, 0x80, 0x3a, 0x20,
    0x1, 0xf6, 0x21, 0x80, 0x6b, 0x71, 0x0, 0xf3,
    0xcc, 0x0, 0x63, 0x58, 0x0, 0xf9, 0xfc, 0x3,
    0xa2, 0x80, 0x3f, 0x20, 0x7, 0x11, 0x80, 0x7c,
    0x30, 0x40, 0x18, 0x94, 0x3, 0xe1, 0x55, 0x20,
    0x6, 0xa3, 0x20, 0xb, 0xcc, 0x36, 0x84, 0xbc,
    0xb, 0xf0, 0x0,

    /* U+4E48 "么" */
    0x0, 0xf9, 0x80, 0x3f, 0xf8, 0x4d, 0x2a, 0x1,
    0xff, 0xc0, 0x18, 0x45, 0x0, 0xff, 0xe0, 0x50,
    0xc8, 0x10, 0x80, 0x7f, 0x3a, 0x51, 0x7, 0xe0,
    0x7, 0xe5, 0x87, 0x50, 0x62, 0x80, 0xf, 0x96,
    0x9a, 0x0, 0xa5, 0x94, 0x3, 0xd1, 0x4d, 0x20,
    0xe, 0x39, 0x0, 0xf8, 0xa2, 0x40, 0x12, 0x3a,
    0x0, 0x70, 0xe, 0xa7, 0x0, 0x3b, 0xbc, 0x40,
    0xa1, 0xc0, 0x3e, 0x69, 0xc2, 0x0, 0x14, 0x40,
    0xc0, 0x3a, 0x21, 0x84, 0x0, 0x12, 0x40, 0xe0,
    0xd, 0x8e, 0x1f, 0xdf, 0xee, 0xdc, 0x12, 0x70,
    0xa, 0xd5, 0xae, 0xb3, 0x7b, 0xfd, 0xc9, 0x20,
    0x13, 0xd4, 0x32, 0x19, 0x8, 0x5, 0x3e, 0x0,

    /* U+4E4B "之" */
    0x0, 0xe8, 0x70, 0xf, 0xfe, 0xf, 0x42, 0x0,
    0x7f, 0xf0, 0x19, 0x78, 0x3, 0xf2, 0x19, 0xee,
    0x93, 0x3c, 0x1, 0x15, 0x6e, 0xea, 0xdd, 0x66,
    0x34, 0x2, 0x2e, 0xef, 0xa8, 0x13, 0xc0, 0x3f,
    0xcb, 0x6f, 0x62, 0x1, 0xfc, 0xd5, 0x30, 0x1,
    0xfe, 0x89, 0xb6, 0x0, 0xff, 0x53, 0x62, 0x0,
    0x7f, 0x1e, 0x26, 0x18, 0x7, 0xf3, 0xe0, 0x9b,
    0x80, 0x7f, 0x3c, 0x56, 0xc5, 0xf5, 0x3a, 0xac,
    0xce, 0x4f, 0x4a, 0xb, 0xd0, 0x77, 0x75, 0x4c,
    0x88,

    /* U+4E4C "乌" */
    0x0, 0xff, 0xe4, 0x27, 0x10, 0x7, 0xff, 0x0,
    0xcc, 0x40, 0x1f, 0xe9, 0xf8, 0x2f, 0xfe, 0x30,
    0xf, 0x27, 0x77, 0x60, 0x8, 0x7, 0x84, 0x7c,
    0x0, 0x20, 0xf, 0xf1, 0xa4, 0x90, 0x7, 0xfd,
    0x36, 0xdc, 0x1, 0xf0, 0x8e, 0x8e, 0xd2, 0x11,
    0x80, 0x32, 0x77, 0x5b, 0xdd, 0xd0, 0x1, 0x4f,
    0xff, 0xf1, 0x70, 0x21, 0x9f, 0xf1, 0x1, 0x10,
    0x67, 0xff, 0xf9, 0x4, 0x18, 0x77, 0x33, 0xf9,
    0x9c, 0xc, 0x3, 0xfd, 0x37, 0x2c, 0x1, 0xff,
    0x79, 0x5c, 0x80,

    /* U+4E50 "乐" */
    0x0, 0xf8, 0x91, 0xeb, 0x40, 0x21, 0xcd, 0xd7,
    0xfb, 0x67, 0x1, 0x48, 0x0, 0x66, 0x8e, 0xe6,
    0xd6, 0xdd, 0x41, 0x0, 0x18, 0x14, 0xc5, 0xa8,
    0x40, 0x3c, 0x42, 0x1, 0xff, 0xc0, 0xc2, 0x0,
    0xff, 0x85, 0x4f, 0xfe, 0xb0, 0xef, 0xfd, 0x43,
    0x57, 0xbb, 0x48, 0x66, 0xed, 0x90, 0xa, 0x8a,
    0x84, 0x40, 0x22, 0x31, 0x19, 0x0, 0xe, 0x3c,
    0x3, 0x25, 0xb8, 0x4, 0x5a, 0xd2, 0x1, 0x92,
    0x62, 0x0, 0x78, 0x92, 0x1, 0xe6, 0x87, 0x87,
    0x4a, 0x0, 0x88, 0x4, 0x0, 0xf1, 0x69, 0x40,
    0x5, 0xf9, 0x30, 0xc, 0xe6, 0x1, 0x96, 0xb3,
    0x0, 0x1e,

    /* U+4E52 "乒" */
    0x0, 0xff, 0x24, 0x0, 0x7c, 0x4a, 0xf1, 0x7b,
    0xf2, 0x46, 0x1, 0xe4, 0xaf, 0xef, 0xef, 0xda,
    0x30, 0xf, 0xd0, 0xc8, 0x60, 0x1f, 0xfc, 0x2,
    0x2f, 0xe0, 0xf, 0xb7, 0x7f, 0x84, 0x3, 0xdf,
    0xfa, 0xc3, 0xbf, 0xc2, 0x1, 0xff, 0xd5, 0x5f,
    0xf4, 0x87, 0xfe, 0xb0, 0xef, 0xf9, 0x11, 0x9b,
    0xb2, 0xe6, 0xef, 0xd8, 0x82, 0x64, 0x48, 0x57,
    0x22, 0xf8, 0xc0, 0x22, 0xc4, 0xd4, 0x0, 0xff,
    0x1e, 0xbf, 0x90, 0x7, 0xfc, 0x73, 0x62, 0x1,
    0xff, 0x0,

    /* U+4E53 "乓" */
    0x0, 0xfc, 0x26, 0xd2, 0xa0, 0x1e, 0x3d, 0xef,
    0xf7, 0x73, 0x4c, 0xc0, 0x1f, 0x16, 0xf7, 0xfb,
    0x6e, 0x98, 0x3, 0xf1, 0x8, 0x7, 0xff, 0x28,
    0x40, 0x3e, 0xfe, 0xed, 0xfd, 0xcf, 0x40, 0xf,
    0x7f, 0x75, 0x63, 0xdd, 0x20, 0x7, 0xff, 0x55,
    0x3f, 0xd8, 0x1d, 0xff, 0x50, 0xff, 0xe7, 0x4d,
    0xee, 0xfb, 0x5b, 0x7b, 0x9a, 0xc0, 0x42, 0x3f,
    0x3, 0xf9, 0x89, 0x8, 0x7, 0xf1, 0x7b, 0x6a,
    0x80, 0x7f, 0xf0, 0x6, 0xde, 0x94, 0x3, 0xff,
    0x83, 0x14, 0xa0,

    /* U+4E58 "乘" */
    0x0, 0xf0, 0x9a, 0xbc, 0xe5, 0x80, 0x76, 0x7f,
    0xec, 0x9e, 0xe5, 0x78, 0x7, 0x6f, 0x7f, 0xb8,
    0xbe, 0x5d, 0x90, 0x2, 0x2f, 0xee, 0x7f, 0xc5,
    0x9f, 0xfd, 0x60, 0x5d, 0xfe, 0xce, 0xf2, 0xce,
    0xbe, 0xfe, 0xa0, 0x0, 0x80, 0x3d, 0x40, 0x35,
    0x83, 0x40, 0x80, 0x37, 0xfc, 0x60, 0x18, 0x43,
    0x6f, 0x0, 0x2c, 0xef, 0x20, 0x1, 0xb8, 0x2,
    0x75, 0xc4, 0x0, 0x53, 0xc4, 0x10, 0x32, 0x0,
    0x61, 0x9b, 0x0, 0x71, 0xd2, 0x63, 0x80, 0x29,
    0x77, 0xda, 0x0, 0x1b, 0x69, 0xf, 0x25, 0x2e,
    0x3d, 0xcd, 0x20, 0xc, 0xd9, 0xc, 0xf, 0x8d,
    0xca, 0x1, 0x8e, 0xe6, 0x9c, 0x2, 0x1c, 0x4a,
    0xd6, 0x2, 0xd0, 0xd5, 0x0, 0x18, 0x0, 0x6a,
    0xd8, 0x40, 0xbe, 0xc8, 0x3, 0x38, 0x4, 0x96,
    0xe0,

    /* U+4E5D "九" */
    0x0, 0xff, 0xe3, 0xaf, 0x98, 0x7, 0xff, 0x8,
    0x40, 0x3f, 0xf8, 0x46, 0x1, 0xff, 0xc0, 0x30,
    0x33, 0x90, 0xc0, 0x31, 0x6f, 0x7c, 0x86, 0xeb,
    0xae, 0x80, 0x31, 0x46, 0xe9, 0x8b, 0xfb, 0x48,
    0x40, 0x39, 0x4c, 0x8d, 0xc0, 0x23, 0xf0, 0xf,
    0xc9, 0xa0, 0x10, 0x88, 0x3, 0xe3, 0x15, 0x0,
    0xc6, 0x1, 0xf4, 0x91, 0x0, 0x2, 0x2, 0x1,
    0xe3, 0x5b, 0x0, 0x8c, 0x1c, 0x9, 0x40, 0x3,
    0xc6, 0xc0, 0x10, 0x80, 0x83, 0x51, 0x8e, 0x9f,
    0x0, 0x79, 0x11, 0xc0, 0x76, 0x7a, 0x40, 0x18,
    0xcd, 0x36, 0xae, 0x15, 0xa6, 0x1, 0xec, 0xff,
    0xa0, 0x0,

    /* U+4E60 "习" */
    0x0, 0xff, 0xe0, 0x27, 0xff, 0xfa, 0x57, 0x31,
    0xbb, 0xf1, 0x8, 0x8d, 0x4c, 0x8b, 0xc1, 0xe0,
    0x37, 0xec, 0x1, 0xe1, 0x1, 0xd6, 0x9c, 0x10,
    0x8, 0xc0, 0x34, 0x63, 0x88, 0x6, 0x30, 0xc,
    0x76, 0x2, 0x40, 0x20, 0x1e, 0x39, 0xe5, 0x0,
    0x8, 0x0, 0x9f, 0x70, 0xf1, 0xc0, 0x25, 0xcd,
    0xab, 0xfa, 0x30, 0x9, 0xd8, 0x2b, 0x58, 0x3,
    0x8, 0x0, 0xf1, 0x40, 0x21, 0x66, 0x50, 0x10,
    0x7, 0x86, 0xe5, 0xe4, 0x40, 0x3e, 0xdf, 0xc6,
    0x0,

    /* U+4E61 "乡" */
    0x0, 0xff, 0xe3, 0x46, 0x8, 0x7, 0xf1, 0x3d,
    0x88, 0x7, 0xf7, 0xb3, 0x80, 0xf, 0x90, 0x3,
    0x53, 0xc8, 0x0, 0xb4, 0x94, 0x2, 0xb7, 0xe4,
    0x56, 0xc4, 0xc1, 0x0, 0x98, 0xe3, 0xa6, 0x4d,
    0x40, 0x1d, 0xbd, 0x9c, 0x51, 0x0, 0x2, 0x90,
    0x6, 0x6a, 0xb7, 0x0, 0xae, 0x80, 0x3, 0x51,
    0x1, 0x67, 0x9c, 0x38, 0x0, 0x52, 0x8c, 0x43,
    0x3c, 0x8f, 0x80, 0x29, 0xcf, 0xec, 0xaf, 0x4b,
    0x30, 0x8, 0x8c, 0x0, 0x79, 0x38, 0x80, 0x1c,
    0x71, 0xb8, 0x9c, 0x60, 0x13, 0xef, 0xe1, 0xdf,
    0xc0, 0x7, 0x22, 0xdf, 0xdb, 0x0, 0x7c,

    /* U+4E66 "书" */
    0x0, 0xe6, 0xf0, 0xa, 0xd8, 0x3, 0xe3, 0x10,
    0xb, 0xa6, 0x0, 0x3f, 0xe5, 0xc7, 0x50, 0x7f,
    0xfa, 0x87, 0xff, 0x56, 0xa8, 0x36, 0xf7, 0x24,
    0x7b, 0xa2, 0xe2, 0x0, 0x9, 0x8, 0x8c, 0x4,
    0x63, 0x10, 0xf, 0xfe, 0x0, 0x98, 0x0, 0xd5,
    0x12, 0xd0, 0x44, 0x80, 0x90, 0xa6, 0xea, 0xa7,
    0x1a, 0xa8, 0x66, 0xea, 0x9d, 0xda, 0x87, 0xbb,
    0x8b, 0x80, 0x3f, 0xf8, 0x6, 0x60, 0xf, 0xf2,
    0x30, 0xb8, 0x7, 0x18, 0x6, 0x8a, 0x82, 0x0,
    0xe1, 0x10, 0x5, 0x98, 0x70,

    /* U+4E70 "买" */
    0xf, 0xff, 0xfe, 0x4, 0x7, 0xff, 0xd9, 0xfe,
    0xd0, 0xb0, 0xa, 0xa8, 0x20, 0x78, 0x61, 0x42,
    0x60, 0x15, 0x8f, 0x98, 0x0, 0xc3, 0xa0, 0x2,
    0x61, 0xb6, 0x27, 0x10, 0x3, 0x30, 0x0, 0x37,
    0xa7, 0x2, 0x22, 0x0, 0xf0, 0xea, 0x60, 0x81,
    0x30, 0x7, 0x11, 0x57, 0x63, 0x2c, 0x32, 0x2c,
    0x73, 0xff, 0x4f, 0xe2, 0x3f, 0xfe, 0xdb, 0xdd,
    0xe4, 0x2e, 0xdd, 0xdc, 0x1, 0xd2, 0xbd, 0x38,
    0x60, 0x1e, 0x4c, 0x7c, 0x39, 0x4c, 0xa1, 0x2,
    0x8d, 0xb4, 0xe3, 0x0, 0x46, 0xb7, 0x29, 0x12,
    0xba, 0x0, 0x38, 0xb2, 0x10,

    /* U+4E8B "事" */
    0x0, 0xfb, 0x54, 0x3, 0xe2, 0xed, 0xde, 0x2b,
    0xdd, 0xdd, 0x40, 0x5b, 0xff, 0xc5, 0x1f, 0xfb,
    0x20, 0x0, 0x65, 0x9b, 0xb1, 0x4e, 0xed, 0x84,
    0x40, 0xc, 0x39, 0xfe, 0x2a, 0xff, 0x58, 0x80,
    0x7d, 0xf7, 0x62, 0x9b, 0xb4, 0x0, 0x7d, 0x91,
    0xfe, 0x1b, 0xff, 0x46, 0x0, 0x77, 0xe5, 0xdc,
    0x31, 0x77, 0x60, 0x80, 0x43, 0xbd, 0xd8, 0xab,
    0xb9, 0x80, 0x1, 0x1, 0xed, 0xee, 0xc5, 0x5d,
    0xcc, 0xe, 0xe1, 0xf, 0xf7, 0xfe, 0x2a, 0xff,
    0x68, 0x77, 0x90, 0x3, 0xbf, 0xf1, 0x57, 0xfb,
    0x40, 0x3d, 0xff, 0xc5, 0x7f, 0xee, 0x60, 0xf,
    0xc9, 0xa4, 0xc0, 0x1, 0x91, 0x0, 0xf9, 0x2b,
    0x8, 0x3, 0xe0,

    /* U+4E8C "二" */
    0x0, 0x1b, 0x37, 0xf3, 0x98, 0x6, 0xb9, 0x9f,
    0xe8, 0x50, 0xd, 0x1f, 0xff, 0xe6, 0x0, 0xff,
    0xff, 0x80, 0x7f, 0xf2, 0xc6, 0x1d, 0xff, 0xe8,
    0x80, 0x1, 0xa6, 0x7f, 0xe6, 0x60, 0x0,

    /* U+4E91 "云" */
    0x0, 0xff, 0xe2, 0x77, 0xff, 0xf2, 0x0, 0x5b,
    0xbf, 0xd8, 0x80, 0x11, 0x91, 0x7e, 0x30, 0xf,
    0xfe, 0x22, 0xaf, 0xff, 0xb, 0xbb, 0xaf, 0xbb,
    0xf5, 0xdf, 0x0, 0xdd, 0xfc, 0x1, 0x98, 0x60,
    0x3, 0xfc, 0x31, 0x2, 0x2, 0xd2, 0x0, 0xf5,
    0xab, 0x80, 0x9, 0xbc, 0x3, 0x99, 0x28, 0x3,
    0x58, 0x58, 0x4, 0xd2, 0xce, 0xe8, 0xab, 0xc3,
    0x48, 0x0, 0xcb, 0xbc, 0x19, 0xdf, 0x92, 0xc2,
    0xd, 0xfb, 0x73, 0xc, 0xa6, 0x4d, 0xe2,

    /* U+4E92 "互" */
    0x1, 0x54, 0x4f, 0xf8, 0x80, 0x5, 0x11, 0x55,
    0x22, 0x3e, 0x50, 0x1, 0xee, 0x60, 0xa7, 0x33,
    0xe7, 0x0, 0xf1, 0xa0, 0x7, 0xff, 0x4, 0xc3,
    0x3f, 0xf8, 0x80, 0x3e, 0x52, 0xee, 0xd6, 0x4,
    0x1, 0xf6, 0x38, 0x8e, 0x22, 0x0, 0x7e, 0x4c,
    0x0, 0xdc, 0xc0, 0x1f, 0x8, 0xa7, 0xff, 0x39,
    0x80, 0x7c, 0x3d, 0xde, 0x1d, 0x0, 0xfc, 0x23,
    0xf3, 0x0, 0x71, 0x91, 0x7c, 0xa0, 0x2, 0x21,
    0x81, 0xe6, 0xef, 0xd4, 0x19, 0xba, 0xc1, 0x3f,
    0xff, 0xfe, 0x10, 0x80,

    /* U+4E94 "五" */
    0x5, 0x44, 0xff, 0x28, 0x2, 0x7f, 0xe8, 0xbf,
    0xfe, 0x91, 0xc, 0xbb, 0xa8, 0xee, 0xfb, 0x4,
    0x3, 0xb9, 0x80, 0x3f, 0x84, 0x0, 0x46, 0x1,
    0xf8, 0xfb, 0xfc, 0xad, 0xff, 0x90, 0x2, 0x3f,
    0xf8, 0x2f, 0xfe, 0x0, 0xfc, 0x20, 0xc0, 0x19,
    0xc0, 0x3c, 0xa0, 0x40, 0x1f, 0xf1, 0x10, 0x2,
    0x10, 0x10, 0xf, 0x73, 0x0, 0x7e, 0xef, 0xf9,
    0xd3, 0xfe, 0xe0, 0xdf, 0xf5, 0x5e, 0x67, 0xfd,
    0x60,

    /* U+4E9A "亚" */
    0x0, 0xff, 0xe1, 0xa7, 0xff, 0xff, 0x0, 0x41,
    0x37, 0x5d, 0x23, 0xda, 0x17, 0xdc, 0xd1, 0x0,
    0x11, 0x4, 0xc0, 0x4c, 0x18, 0x44, 0x40, 0x12,
    0x10, 0x7, 0xe1, 0x50, 0xa, 0x60, 0x3, 0xf3,
    0x58, 0x80, 0x21, 0x44, 0x3, 0xe9, 0x90, 0x80,
    0x14, 0x64, 0x3, 0xcc, 0xe, 0x1, 0xa5, 0x80,
    0x38, 0x62, 0x40, 0x39, 0x94, 0xc0, 0x32, 0x9b,
    0x0, 0x70, 0xd9, 0x80, 0x64, 0xd1, 0x0, 0xff,
    0xe3, 0x2a, 0x91, 0x1a, 0x28, 0x80, 0x44, 0x95,
    0x41, 0x76, 0xaa, 0x30, 0xd5, 0x8c, 0x55, 0x2e,
    0x80,

    /* U+4E9B "些" */
    0x0, 0xec, 0x20, 0x1d, 0x10, 0xf, 0xe3, 0x0,
    0x88, 0x3, 0xe6, 0x40, 0xf, 0xcb, 0x82, 0x0,
    0xd3, 0x0, 0x6f, 0x90, 0x15, 0xdc, 0x20, 0x1e,
    0xdf, 0x20, 0xdc, 0xe7, 0x0, 0xff, 0xbd, 0xc0,
    0x3f, 0xc6, 0x60, 0xc, 0x84, 0x1, 0x6c, 0x86,
    0xe3, 0x82, 0x8, 0xbe, 0xc3, 0x91, 0x86, 0xb7,
    0xd5, 0xaf, 0xfc, 0xf6, 0x1f, 0xee, 0x94, 0x31,
    0x14, 0x7f, 0xb3, 0x4, 0x2, 0x2d, 0xff, 0xfd,
    0x80, 0x18, 0x7f, 0xbb, 0xf8, 0x2, 0x33, 0x11,
    0x7f, 0x8c, 0xc1, 0xdb, 0x99, 0xfe, 0xdd, 0x0,

    /* U+4EA4 "交" */
    0x0, 0xff, 0xe5, 0x16, 0xb0, 0x7, 0xff, 0x4,
    0x82, 0xc0, 0x3f, 0x11, 0x91, 0x65, 0x43, 0x22,
    0x8c, 0xc0, 0xb, 0xdc, 0xcc, 0xcf, 0xb9, 0x96,
    0xe8, 0x1, 0x3d, 0xcb, 0x4e, 0xec, 0x93, 0xdd,
    0x0, 0x65, 0xa1, 0x0, 0xdb, 0x16, 0x20, 0x19,
    0xe9, 0xa8, 0x3, 0x1d, 0x2f, 0x90, 0x0, 0xe6,
    0x2f, 0x8c, 0x2, 0xac, 0xf9, 0x20, 0x1, 0xf3,
    0x92, 0x78, 0x2, 0x2, 0x5, 0xc0, 0x3e, 0x93,
    0x64, 0x7a, 0x10, 0xf, 0xe2, 0x89, 0xb8, 0x40,
    0xf, 0xfb, 0x80, 0x3f, 0xf8, 0x7, 0x1c, 0xb9,
    0x73, 0xd2, 0x82, 0x1, 0x4f, 0x62, 0x5e, 0x1a,
    0x74, 0x25, 0xf5, 0x80, 0x36, 0x77, 0x14, 0x3,
    0x36, 0xea, 0x60, 0x0,

    /* U+4EAB "享" */
    0x0, 0xf8, 0x50, 0x3, 0xff, 0x84, 0xf6, 0x20,
    0x1f, 0x1e, 0xe6, 0x6a, 0xc, 0xce, 0xb0, 0x1,
    0x4f, 0xff, 0x67, 0x7f, 0xe8, 0x0, 0xa, 0x7,
    0xff, 0xea, 0x33, 0x0, 0x71, 0x6e, 0xfa, 0xc8,
    0x3, 0xce, 0x35, 0x5f, 0x38, 0x7, 0x93, 0x66,
    0x7d, 0xfa, 0x1, 0xc7, 0xbf, 0xff, 0xb2, 0x40,
    0x31, 0xf7, 0xff, 0x51, 0x99, 0x34, 0x3, 0x8c,
    0x8a, 0x3e, 0xa8, 0xe9, 0x40, 0x1, 0x7f, 0xfb,
    0x8c, 0xa7, 0xff, 0x39, 0x77, 0xff, 0x68, 0x6f,
    0xfe, 0xe7, 0x1, 0x0, 0xf8, 0xc0, 0x30, 0x80,
    0x7c, 0xf8, 0x22, 0x0, 0xff, 0xe0, 0x2d, 0xf8,
    0x7, 0xc0,

    /* U+4EAE "亮" */
    0x0, 0xf2, 0x80, 0x7f, 0xf0, 0x4a, 0x94, 0x3,
    0xe8, 0xfe, 0xeb, 0x2, 0xbb, 0xb7, 0xc0, 0x4e,
    0xff, 0xee, 0xe7, 0xfe, 0xd9, 0x1, 0x25, 0xaa,
    0xfc, 0x44, 0x10, 0x8, 0x52, 0x67, 0xbd, 0x1c,
    0x3, 0x8c, 0x26, 0x7a, 0x0, 0x3e, 0x7d, 0x99,
    0xee, 0xd4, 0x0, 0x91, 0xa, 0xcd, 0xf9, 0x12,
    0xb, 0x9f, 0xff, 0xf4, 0xd0, 0x2, 0xee, 0x99,
    0xeb, 0xbc, 0x0, 0xe6, 0x0, 0x67, 0xcc, 0xb5,
    0x80, 0xd, 0xc0, 0x20, 0x1, 0x14, 0x5d, 0x84,
    0x2, 0x10, 0xc, 0x9a, 0x4a, 0x1, 0x70, 0x1,
    0xb8, 0xb, 0xed, 0xfc, 0x2, 0x47, 0xff, 0x44,
    0x81, 0x5f, 0x59, 0x0, 0x55, 0xff, 0x9c, 0x0,

    /* U+4EB2 "亲" */
    0x0, 0xe1, 0xd5, 0x0, 0xfc, 0x86, 0x71, 0x1f,
    0x19, 0xe4, 0x0, 0xc, 0xff, 0xe2, 0x7f, 0xfd,
    0x24, 0x3, 0xb9, 0xc1, 0xb9, 0x93, 0xa6, 0x69,
    0x0, 0x62, 0x7, 0x0, 0x1a, 0x58, 0x6, 0xbc,
    0xc8, 0x2b, 0x31, 0xa1, 0xf9, 0x8d, 0x8, 0xff,
    0xe4, 0x1d, 0xcf, 0xfa, 0x40, 0xcf, 0xde, 0x6,
    0x7c, 0x80, 0x2a, 0x89, 0xb8, 0x11, 0x38, 0x80,
    0xe7, 0xff, 0x21, 0x7f, 0xe8, 0x60, 0x2c, 0xa3,
    0xab, 0xa2, 0xbb, 0x7d, 0xe2, 0x0, 0x5a, 0xa0,
    0x1c, 0xb7, 0x0, 0x1a, 0xc7, 0x4, 0x3, 0x2d,
    0x3d, 0x0, 0x15, 0xb0, 0x45, 0x14, 0x20, 0x5,
    0xb4, 0x30, 0x5d, 0x10, 0x11, 0x3f, 0x80, 0x49,
    0xc6, 0x0,

    /* U+4EBA "人" */
    0x0, 0xfb, 0x20, 0x3, 0xff, 0x84, 0x22, 0x0,
    0xff, 0xe1, 0x88, 0x7, 0xff, 0x48, 0xc4, 0x3,
    0xff, 0x82, 0x22, 0x50, 0xf, 0xfe, 0xa, 0x1,
    0x90, 0x7, 0xff, 0x3, 0xd5, 0xa0, 0x3, 0xfe,
    0x15, 0xeb, 0x53, 0x0, 0xff, 0x51, 0xa1, 0x2f,
    0x0, 0x7f, 0x32, 0x70, 0x2, 0xce, 0x80, 0x3e,
    0x59, 0x91, 0x0, 0x6, 0x96, 0xc4, 0x3, 0x4d,
    0x43, 0x0, 0x64, 0xb4, 0xf6, 0x0, 0x63, 0xdb,
    0x80, 0x79, 0x34, 0xa8, 0x1, 0xbe, 0x80, 0x1f,
    0x8b, 0x34, 0x0,

    /* U+4EC0 "什" */
    0x0, 0xff, 0xe3, 0xd4, 0x0, 0x5c, 0xe0, 0x1f,
    0xa, 0xe8, 0x4, 0x62, 0x1, 0xf3, 0x12, 0x80,
    0x7f, 0xf0, 0x26, 0x80, 0x3f, 0xf8, 0x10, 0x20,
    0x1f, 0xfc, 0x2, 0x70, 0x7, 0xfe, 0x29, 0xff,
    0xb8, 0x39, 0x88, 0x33, 0x76, 0x18, 0xdd, 0x66,
    0x90, 0x48, 0x0, 0xc8, 0xa3, 0x12, 0x21, 0x98,
    0xb0, 0x3, 0xff, 0xfe, 0x7, 0xe0, 0x18, 0xc0,
    0x3f, 0x7c, 0x80, 0x6e, 0x60, 0xc,

    /* U+4ECA "今" */
    0x0, 0xf8, 0x80, 0x3f, 0xf8, 0x79, 0x60, 0x1f,
    0xfc, 0x17, 0x5, 0x30, 0xf, 0xf8, 0xa3, 0x6f,
    0x44, 0x3, 0xf8, 0x72, 0xd, 0x5f, 0x4, 0x3,
    0xe2, 0xf6, 0x62, 0x84, 0xb6, 0x10, 0x7, 0x2e,
    0xb4, 0x25, 0x28, 0x5b, 0xeb, 0x80, 0x6, 0xea,
    0x60, 0x15, 0xe8, 0x42, 0x9e, 0x34, 0x4, 0xf1,
    0x80, 0x28, 0xb1, 0x0, 0x46, 0x58, 0x2, 0xe,
    0x7f, 0xf5, 0xff, 0xe2, 0x60, 0xd, 0x7b, 0xbe,
    0xa0, 0x51, 0x0, 0xe2, 0x2f, 0xa1, 0x28, 0x3,
    0xff, 0x81, 0x7, 0x40, 0x1f, 0xfc, 0x4, 0x7a,
    0x10, 0xf, 0xf8, 0x69, 0x90, 0x3, 0xff, 0x80,
    0x31, 0x20, 0x1e,

    /* U+4ECD "仍" */
    0x0, 0xd0, 0xc0, 0x1f, 0xfc, 0x26, 0xc, 0xff,
    0xf5, 0x0, 0x73, 0x3, 0x6f, 0x5, 0x77, 0x8,
    0x80, 0x1d, 0x70, 0x2, 0x20, 0x61, 0x11, 0x68,
    0x6, 0x62, 0x30, 0xf, 0x10, 0x38, 0x4, 0x30,
    0x1, 0x84, 0x4, 0x1c, 0x4, 0x80, 0x16, 0xa2,
    0x1, 0x18, 0x10, 0x68, 0x66, 0x88, 0x9e, 0x40,
    0x33, 0x88, 0x2, 0x3e, 0xc0, 0x45, 0xa4, 0x1,
    0xb4, 0x80, 0x31, 0x10, 0x3, 0xf2, 0x20, 0x3,
    0xb, 0x0, 0x7c, 0x47, 0x60, 0x1b, 0x88, 0x3,
    0xe8, 0x33, 0x0, 0x62, 0xe0, 0xf, 0x1a, 0xc0,
    0x7, 0x28, 0x80, 0x71, 0xea, 0xa0, 0x5, 0x7c,
    0x28, 0x1, 0xc7, 0x76, 0x0, 0xdb, 0x3a, 0x40,

    /* U+4ED4 "仔" */
    0x0, 0xff, 0xe3, 0xe2, 0x80, 0x7f, 0xf0, 0x8,
    0xc7, 0x7f, 0xfe, 0x10, 0xa, 0xcd, 0x3f, 0xbb,
    0x38, 0x38, 0x80, 0x5, 0xa4, 0x8, 0x46, 0x77,
    0x44, 0x0, 0x29, 0x1, 0x0, 0xcb, 0x30, 0xe0,
    0x11, 0x38, 0x7, 0xb4, 0x9c, 0x3, 0x72, 0x8,
    0x2a, 0xe2, 0x35, 0x59, 0x8c, 0xa4, 0x1, 0xf3,
    0x32, 0xc, 0xcd, 0x67, 0x84, 0x0, 0xac, 0xca,
    0x4b, 0x32, 0xd0, 0x20, 0xf, 0xff, 0x88, 0x80,
    0x45, 0x52, 0xc0, 0x1f, 0xf1, 0xb, 0xc8, 0x6,

    /* U+4ED6 "他" */
    0x0, 0xff, 0xe3, 0x8e, 0x98, 0x5, 0xac, 0x1,
    0xf9, 0x8, 0x80, 0x10, 0x98, 0x7, 0xe9, 0x61,
    0x72, 0x0, 0xff, 0x11, 0xd0, 0x4b, 0x80, 0x63,
    0x80, 0xd, 0x0, 0x20, 0x60, 0x14, 0xf6, 0x38,
    0x4, 0x6a, 0x1, 0xbb, 0x4d, 0xea, 0xc0, 0x37,
    0xb0, 0x57, 0x10, 0xf1, 0xf2, 0x0, 0x80, 0x4d,
    0x1, 0xb4, 0x5e, 0x60, 0x10, 0x80, 0x6a, 0x10,
    0x74, 0x0, 0xc6, 0x9e, 0x40, 0x1f, 0xfc, 0x3,
    0xf0, 0xe0, 0xf, 0xfe, 0xd, 0xd1, 0x8, 0x7,
    0xfb, 0xd0, 0x0, 0x5c, 0x60, 0x1e, 0x1c, 0x21,
    0x32, 0x25, 0x89, 0x80, 0x61, 0x8, 0x4c, 0xce,
    0x4b, 0x0,

    /* U+4ED8 "付" */
    0x0, 0xc8, 0x1, 0xff, 0xc1, 0x1b, 0x40, 0xe,
    0xf6, 0x0, 0xe7, 0x34, 0x0, 0xe1, 0x30, 0xe,
    0x8a, 0x11, 0xf0, 0x0, 0x44, 0x0, 0x61, 0x3d,
    0xee, 0xe1, 0xae, 0xd0, 0x19, 0x0, 0x67, 0xff,
    0xd, 0x7e, 0x6, 0xb1, 0x0, 0x4a, 0x1, 0xf1,
    0x4, 0x80, 0x47, 0x46, 0x1, 0xe2, 0xc0, 0xc,
    0x66, 0x90, 0xf, 0xfe, 0xd, 0x38, 0x7, 0xff,
    0x5, 0xb4, 0x3, 0xff, 0xb6, 0x60, 0x1c, 0xd0,
    0x2c, 0x1, 0xc6, 0x1, 0xd8, 0xb0, 0x60, 0x0,

    /* U+4EE4 "令" */
    0x0, 0xf8, 0x40, 0x3f, 0xf8, 0x4b, 0xca, 0x1,
    0xff, 0xc0, 0x1b, 0x9, 0x0, 0xff, 0xe0, 0x51,
    0xe8, 0x58, 0x80, 0x7f, 0x5a, 0xf9, 0x6b, 0x61,
    0x80, 0x78, 0x71, 0x71, 0x24, 0x75, 0xb2, 0x44,
    0x2, 0x5f, 0x1c, 0x23, 0x68, 0xb, 0x86, 0xe9,
    0x16, 0xa4, 0xd2, 0x5, 0x83, 0x0, 0x3e, 0xa1,
    0xb, 0x64, 0x99, 0xe4, 0x83, 0x38, 0x6e, 0xc0,
    0x3, 0xfc, 0xcf, 0xf1, 0x80, 0x6c, 0xff, 0xf9,
    0x41, 0xcc, 0x3, 0xfe, 0xb4, 0xc8, 0x0, 0xf9,
    0x3d, 0xc6, 0xdb, 0xc, 0x3, 0xf2, 0x44, 0xf2,
    0xe1, 0x0, 0x7f, 0x9f, 0x9c, 0x74, 0x40, 0x3f,
    0xf8, 0x11, 0x8c, 0x20, 0x1c,

    /* U+4EE5 "以" */
    0x0, 0xc4, 0x60, 0x18, 0x48, 0x3, 0xeb, 0xd2,
    0x0, 0x97, 0x54, 0x2, 0xc6, 0x9, 0x2f, 0x0,
    0xe7, 0x0, 0x88, 0x40, 0x1a, 0x74, 0x0, 0x10,
    0x20, 0xf, 0x86, 0xdc, 0x40, 0x84, 0x3, 0xf9,
    0x74, 0x43, 0x8c, 0x3, 0xff, 0x82, 0x4e, 0x1,
    0xf8, 0x40, 0x32, 0x68, 0x7, 0xc7, 0xc8, 0x0,
    0x50, 0x50, 0xf, 0x1e, 0x2a, 0x0, 0x20, 0x88,
    0x1, 0xd9, 0x87, 0xa0, 0x4, 0x91, 0x24, 0x3,
    0xa, 0x3c, 0x0, 0xdb, 0x65, 0x34, 0x0, 0x8,
    0x22, 0x0, 0xbe, 0xb8, 0x6b, 0x4e, 0xe0, 0x2d,
    0x72, 0xea, 0x4f, 0x30, 0x2, 0xbd, 0x0, 0x8,
    0x9, 0xb2, 0x84, 0x3, 0x46, 0x80,

    /* U+4EEC "们" */
    0x0, 0xff, 0xe3, 0x17, 0x19, 0x38, 0x7, 0xf9,
    0x4c, 0xc3, 0xa, 0x2, 0x38, 0x3, 0x55, 0x81,
    0xb5, 0x87, 0xf7, 0x4a, 0x0, 0x42, 0x70, 0x28,
    0xa0, 0xde, 0xe0, 0x88, 0x1, 0x0, 0x16, 0xaa,
    0x1, 0x88, 0x80, 0x25, 0x30, 0xf, 0xfe, 0x0,
    0xda, 0x80, 0x7f, 0xf0, 0x52, 0x40, 0x3f, 0xf8,
    0x3, 0x40, 0x1f, 0xff, 0xf0, 0xf, 0xe6, 0x91,
    0x70, 0xf, 0x9c, 0x2, 0x15, 0x73,

    /* U+4EF6 "件" */
    0x0, 0xc2, 0x1, 0xff, 0xc2, 0x2e, 0x20, 0x9,
    0x3c, 0x3, 0xf5, 0x19, 0x23, 0x0, 0x7f, 0x85,
    0xe4, 0x36, 0x80, 0x3f, 0xd2, 0x8, 0x8, 0xa6,
    0x40, 0x67, 0x8, 0x0, 0x9c, 0x0, 0x64, 0x9d,
    0x1, 0xdc, 0xd5, 0x0, 0x7a, 0x0, 0x21, 0x77,
    0x54, 0x1b, 0xae, 0x40, 0x31, 0x90, 0x37, 0x80,
    0xf, 0xe3, 0xc0, 0x1, 0xe1, 0x0, 0x7f, 0xf0,
    0x57, 0xff, 0x58, 0x7f, 0xe4, 0x0, 0xcb, 0xdd,
    0xac, 0x3b, 0xb2, 0x0, 0x70, 0x8e, 0x0, 0x8,
    0xe0, 0xf, 0xff, 0x39, 0x70, 0x80, 0x64, 0xf0,
    0xe,

    /* U+4EF7 "价" */
    0x0, 0xcc, 0x1, 0x90, 0x3, 0xf8, 0xe4, 0x80,
    0x7, 0x6c, 0x1, 0xfa, 0x90, 0x80, 0x12, 0x34,
    0x1, 0xf0, 0xb7, 0x80, 0xd, 0x3d, 0xe8, 0x3,
    0xd2, 0xc, 0x3, 0xd0, 0x34, 0xf4, 0x1, 0x89,
    0xc0, 0x3, 0x88, 0xc0, 0x38, 0xfa, 0xa0, 0xf,
    0x50, 0x1f, 0x4d, 0x10, 0x2, 0x73, 0xf0, 0x10,
    0x58, 0xe, 0xcc, 0x9c, 0x1, 0x2b, 0x56, 0x5,
    0xa2, 0x0, 0x30, 0x1, 0x0, 0x7f, 0xf0, 0x8d,
    0x80, 0x3f, 0xf8, 0x42, 0x60, 0x1f, 0xfc, 0x13,
    0x1, 0x0, 0xff, 0xe0, 0xc3, 0x0, 0x7f, 0xf0,
    0x61, 0x20, 0x3, 0xff, 0x80, 0x29, 0x62, 0x1,
    0x8, 0x80, 0x3d, 0xe7, 0x88, 0x1, 0xb5, 0xc0,
    0x20,

    /* U+4EFB "任" */
    0x0, 0xd4, 0xc0, 0x1f, 0xfc, 0x12, 0x53, 0x0,
    0xc6, 0xd3, 0x80, 0x1d, 0x8, 0xb3, 0x9d, 0xf9,
    0x41, 0x42, 0x1, 0x1a, 0xc0, 0x6c, 0xec, 0x8e,
    0x4b, 0x8, 0x5, 0xe0, 0x20, 0x8a, 0x66, 0x0,
    0xf9, 0xc8, 0x3, 0xff, 0x82, 0x71, 0x60, 0x2,
    0x2c, 0x60, 0x45, 0x18, 0x9e, 0x38, 0x3, 0xf3,
    0x28, 0x1c, 0xcc, 0xa0, 0x60, 0x16, 0xf7, 0x56,
    0x3d, 0xd7, 0xa0, 0x7, 0xff, 0xa4, 0xbf, 0xb9,
    0x63, 0xdd, 0x58, 0x7, 0x8b, 0x33, 0x6e, 0x65,
    0x20, 0x1f, 0x19, 0x17, 0xe0,

    /* U+4EFD "份" */
    0x0, 0xc2, 0x1, 0xff, 0xc2, 0x2e, 0x40, 0x1,
    0x81, 0x68, 0x7, 0xca, 0x48, 0x7, 0x84, 0x52,
    0x0, 0x7a, 0x6c, 0x1, 0x66, 0x40, 0xbc, 0x1,
    0xcc, 0x2c, 0x0, 0x69, 0x0, 0x72, 0x88, 0x4,
    0x30, 0x1, 0x41, 0xa8, 0x1, 0xe, 0xc0, 0x2b,
    0x0, 0x8d, 0xe4, 0x3, 0x72, 0xb0, 0x1a, 0xd8,
    0x16, 0x95, 0xf7, 0x6c, 0x39, 0x33, 0x73, 0x0,
    0xbe, 0x68, 0xde, 0x60, 0x62, 0xcc, 0x4, 0x0,
    0x72, 0x24, 0x8, 0x44, 0x7, 0x40, 0xf, 0xc6,
    0x2, 0x1, 0x8, 0x7, 0xf2, 0x20, 0x3, 0xff,
    0x82, 0x33, 0xc0, 0x1, 0x3, 0x0, 0xf8, 0xf1,
    0x14, 0x5a, 0x4, 0x40, 0x1f, 0x53, 0xd0, 0xd,
    0x95, 0x0, 0x71, 0xf8, 0x4d, 0x0, 0x5b, 0x68,
    0x1, 0x0,

    /* U+4F01 "企" */
    0x0, 0xff, 0xe5, 0xdc, 0x0, 0x7f, 0xf0, 0x59,
    0x18, 0x40, 0x3f, 0xe3, 0x99, 0x3e, 0x88, 0x7,
    0xf1, 0xe3, 0x32, 0x43, 0x8, 0x3, 0xe7, 0xc7,
    0x91, 0x4d, 0x6d, 0x91, 0x0, 0x97, 0x62, 0xa0,
    0x16, 0xc6, 0xe5, 0xba, 0xc4, 0xa9, 0xb5, 0x0,
    0x3c, 0xdc, 0xe4, 0x25, 0xd6, 0x5c, 0xc0, 0x11,
    0x16, 0x89, 0x0, 0x8, 0x4, 0x60, 0x16, 0x66,
    0x10, 0xf, 0xfb, 0xba, 0xf1, 0x0, 0xff, 0xec,
    0x19, 0x1, 0x91, 0x0, 0x8b, 0x18, 0x4, 0x7b,
    0x83, 0x19, 0x3, 0x99, 0xb4, 0x80,

    /* U+4F11 "休" */
    0x0, 0xa6, 0x40, 0x1b, 0xd0, 0x3, 0xf3, 0x98,
    0x7, 0xff, 0x5, 0x6, 0x40, 0x3f, 0xf8, 0x3c,
    0x4, 0x41, 0x18, 0x4, 0x78, 0x0, 0x4a, 0x0,
    0xce, 0xe8, 0x2b, 0xba, 0x80, 0x4, 0x10, 0x3,
    0xbf, 0xc8, 0x3, 0xff, 0x48, 0x1a, 0xc0, 0x6,
    0x14, 0x1, 0x70, 0xc, 0x72, 0xe0, 0x1a, 0xc,
    0x16, 0x8, 0x3, 0x30, 0x6, 0x26, 0x80, 0xe2,
    0xe0, 0xf, 0xee, 0x34, 0x0, 0x71, 0xc8, 0x7,
    0xd2, 0x7c, 0x1, 0x1c, 0x35, 0x0, 0x71, 0x3c,
    0x90, 0x6, 0x77, 0x8, 0x80, 0x31, 0x73, 0x0,
    0x7a, 0x2c, 0x40, 0x2, 0x20, 0xf, 0xfe, 0x0,

    /* U+4F1A "会" */
    0x0, 0xf8, 0x40, 0x3f, 0xf8, 0x75, 0x80, 0x1f,
    0xfc, 0x17, 0x52, 0x40, 0xf, 0xf9, 0xa7, 0x6a,
    0x88, 0x1, 0xfd, 0x10, 0xd3, 0x4b, 0xb3, 0x80,
    0x78, 0xad, 0x70, 0xc0, 0xb, 0x95, 0xa8, 0x0,
    0x19, 0xd1, 0x5e, 0xcc, 0xdf, 0x9, 0x7a, 0x22,
    0x3a, 0xab, 0xff, 0xc9, 0x3b, 0x2, 0x14, 0xa0,
    0x46, 0x7e, 0x10, 0x25, 0x0, 0x1f, 0xf7, 0x7f,
    0xbc, 0x40, 0x7, 0xdd, 0x91, 0xfb, 0xbc, 0x20,
    0x10, 0x80, 0x1d, 0x70, 0x12, 0x0, 0x2, 0x1,
    0xe6, 0x8b, 0x50, 0x3, 0xb8, 0x3, 0xe8, 0x86,
    0x20, 0x1, 0x62, 0xe, 0x1, 0xce, 0xe1, 0xcf,
    0xed, 0xcb, 0x38, 0x50, 0xc, 0xd7, 0xbf, 0xee,
    0xdd, 0x66, 0x1d, 0xc0, 0x0,

    /* U+4F1E "伞" */
    0x0, 0xf0, 0xeb, 0x0, 0x7f, 0xf0, 0x60, 0xac,
    0x40, 0x3f, 0xe6, 0x65, 0xa6, 0x10, 0x7, 0xf3,
    0x4c, 0x92, 0x53, 0x5c, 0x3, 0xea, 0x99, 0x33,
    0xe, 0x66, 0xe8, 0x30, 0x3, 0x72, 0x63, 0x4,
    0x28, 0x37, 0xb3, 0x2c, 0x1, 0xef, 0x3e, 0x0,
    0x30, 0x1, 0x7d, 0x74, 0x0, 0x26, 0x4c, 0x6e,
    0x1, 0xac, 0x88, 0x1, 0xe1, 0x7a, 0x0, 0x89,
    0xa0, 0x3, 0x95, 0x11, 0xb2, 0x87, 0xef, 0x2,
    0xaa, 0x30, 0x4, 0x45, 0x31, 0x1, 0x4e, 0xce,
    0xe4, 0xa8, 0x3, 0x73, 0x38, 0xae, 0xfb, 0x18,
    0x3, 0xff, 0x98, 0x60, 0x1f, 0xfc, 0xc0,

    /* U+4F24 "伤" */
    0x0, 0x8e, 0x44, 0x16, 0x84, 0x3, 0xf5, 0x38,
    0x87, 0x30, 0x80, 0x7e, 0x79, 0x2, 0x49, 0x22,
    0xf0, 0x1, 0x45, 0x2, 0x42, 0xb7, 0x7c, 0x0,
    0x80, 0x2, 0xa6, 0xfd, 0x5f, 0xfe, 0x6, 0x20,
    0x5a, 0xa1, 0x4, 0xe0, 0x6, 0x29, 0x90, 0x2e,
    0x39, 0x15, 0xe4, 0x50, 0x1, 0x58, 0x2, 0xdd,
    0x86, 0x37, 0x66, 0x2a, 0x0, 0x8f, 0xfd, 0x81,
    0xdf, 0xe2, 0x30, 0xf, 0xca, 0x42, 0x0, 0x31,
    0x0, 0xfd, 0x6a, 0x1, 0xb, 0x0, 0x7c, 0xa5,
    0x20, 0x1, 0x3, 0x0, 0xf1, 0x54, 0x8, 0x0,
    0xc0, 0x40, 0x38, 0xf1, 0x1c, 0x1, 0x12, 0x20,
    0x1e, 0x55, 0x58, 0x4, 0x41, 0x40, 0x1b, 0xcd,
    0xac, 0x3, 0x55, 0xa0, 0x0,

    /* U+4F26 "伦" */
    0x0, 0xc2, 0x1, 0x90, 0x3, 0xf8, 0x79, 0x40,
    0x7, 0x6e, 0x1, 0xf9, 0xc1, 0x0, 0x14, 0x1a,
    0x1, 0xfa, 0xdc, 0x40, 0xda, 0x5e, 0x80, 0x3c,
    0x85, 0x60, 0xe, 0x56, 0xf4, 0xc2, 0x0, 0xd2,
    0x1, 0x59, 0xd8, 0x16, 0xe, 0xc0, 0x83, 0x98,
    0x3d, 0xad, 0xd8, 0x0, 0x58, 0xac, 0x27, 0x10,
    0x0, 0xb0, 0x54, 0x0, 0x33, 0x5e, 0x6, 0xec,
    0xf, 0x64, 0x2, 0xb, 0xea, 0x42, 0x0, 0x80,
    0xf, 0xe, 0x5d, 0xb4, 0x80, 0x3f, 0xeb, 0xe5,
    0x0, 0xff, 0xe0, 0xb, 0x80, 0x7f, 0xf1, 0xdd,
    0x40, 0x3f, 0x38, 0x98, 0x8d, 0x58, 0x1, 0xf8,
    0xcd, 0x9d, 0xd0, 0x58, 0x7, 0xf6, 0x7f, 0xed,
    0x20,

    /* U+4F46 "但" */
    0x0, 0x88, 0x40, 0x3f, 0xf8, 0x51, 0xe2, 0x1,
    0xff, 0xc1, 0x56, 0x15, 0xdd, 0xf8, 0x3, 0x30,
    0x50, 0x0, 0xff, 0xf5, 0x90, 0x6, 0xb0, 0x20,
    0x8, 0x8b, 0x18, 0x6, 0x62, 0x0, 0xff, 0xe0,
    0x94, 0xa0, 0x6, 0x1e, 0xed, 0x60, 0x18, 0xfc,
    0x3, 0xf, 0xfe, 0x80, 0x8, 0xb0, 0x3, 0xc2,
    0x38, 0xc0, 0x3f, 0xf9, 0xa6, 0x3b, 0xba, 0xc0,
    0x3f, 0x9f, 0x7f, 0xf6, 0x68, 0x7, 0xe1, 0x22,
    0xf8, 0x3, 0xe4, 0x33, 0xfc, 0x82, 0x1, 0xd5,
    0xbb, 0xfa, 0x94, 0x3, 0xbb, 0xbf, 0xc8,

    /* U+4F4E "低" */
    0x0, 0xff, 0xe3, 0xbe, 0x0, 0x7c, 0x64, 0x1,
    0xd8, 0xa2, 0xac, 0xf3, 0x7d, 0x92, 0x1, 0x85,
    0x28, 0xab, 0xfc, 0xb, 0x9f, 0x60, 0x19, 0x80,
    0xc0, 0x13, 0x14, 0x4, 0x1, 0xe9, 0x0, 0xff,
    0xe1, 0x38, 0x7, 0x8, 0x80, 0x46, 0x21, 0x2,
    0x89, 0x0, 0xdf, 0xed, 0xf, 0xf6, 0x40, 0x14,
    0x20, 0x6, 0xee, 0x87, 0x7b, 0x92, 0x0, 0x70,
    0xf, 0xc4, 0xc0, 0x1f, 0xfc, 0x25, 0xd0, 0xf,
    0xfe, 0x4, 0x16, 0x28, 0x7, 0xfd, 0xc, 0xa,
    0x48, 0xa, 0x1, 0xe7, 0x6, 0x91, 0x6, 0x90,
    0xa3, 0x0, 0xe1, 0x16, 0x7e, 0x8c, 0x87, 0x9,
    0x80, 0x72, 0xf9, 0x42, 0x10, 0x63, 0x68, 0x0,

    /* U+4F4F "住" */
    0x0, 0xff, 0xe3, 0xa6, 0x98, 0x1, 0x74, 0x3,
    0xfb, 0x4c, 0xc0, 0x7, 0x25, 0x0, 0xf8, 0x59,
    0x86, 0x86, 0x32, 0xc6, 0x64, 0x20, 0xa, 0x2,
    0xe2, 0xb7, 0x53, 0xbb, 0x55, 0x0, 0x4, 0xc0,
    0xb, 0xee, 0x86, 0x3b, 0xa8, 0x0, 0x79, 0x80,
    0x7f, 0xf0, 0x50, 0xf8, 0x3, 0xff, 0x82, 0x9e,
    0x60, 0x1, 0xff, 0x86, 0x7f, 0xd6, 0x1, 0x8,
    0x4, 0x39, 0x8d, 0x18, 0xdc, 0x90, 0xf, 0xc6,
    0x62, 0x1, 0x23, 0x20, 0xf, 0xfe, 0xd9, 0x9e,
    0xe, 0x33, 0xc0, 0x1e, 0xec, 0xc8, 0x5f, 0x33,
    0x8, 0x7, 0x6f, 0xff, 0xf0, 0x80,

    /* U+4F53 "体" */
    0x0, 0x9a, 0x40, 0x37, 0x20, 0x7, 0xed, 0x10,
    0xc, 0x60, 0x1f, 0x85, 0x2c, 0x3, 0xff, 0x82,
    0xc0, 0x7d, 0xbb, 0x15, 0x6e, 0xd6, 0x1, 0x48,
    0x86, 0xfc, 0x90, 0x82, 0xff, 0xa4, 0x0, 0xe2,
    0x0, 0x32, 0x21, 0x99, 0x10, 0x45, 0x0, 0xc4,
    0x0, 0x35, 0x58, 0x79, 0x20, 0x4, 0x34, 0x80,
    0x12, 0x93, 0x80, 0xcc, 0x80, 0x32, 0x80, 0x45,
    0x50, 0x1, 0x38, 0xd8, 0x7, 0x8f, 0x15, 0x80,
    0x36, 0xae, 0x90, 0x6, 0xa4, 0x9d, 0xc2, 0x9c,
    0x9f, 0x52, 0x0, 0xd3, 0x45, 0x3e, 0x37, 0xf4,
    0x30, 0x1, 0xf0, 0xa1, 0x81, 0x19, 0x0, 0x7f,
    0xf0, 0x44, 0x3, 0x80,

    /* U+4F55 "何" */
    0x0, 0x84, 0x40, 0x1f, 0xfc, 0x29, 0xe1, 0x0,
    0xff, 0xe0, 0xab, 0x27, 0xff, 0xf5, 0x0, 0x10,
    0xa1, 0x37, 0x5d, 0xda, 0x87, 0x60, 0x1, 0x2,
    0x31, 0x10, 0x47, 0x80, 0x88, 0x8, 0x60, 0x1,
    0xcc, 0xc6, 0x1, 0xc3, 0x4c, 0x0, 0x13, 0x98,
    0x30, 0xf, 0x92, 0x80, 0x32, 0x20, 0x40, 0x3c,
    0x34, 0x1, 0xff, 0xd9, 0xef, 0x10, 0xf, 0xf8,
    0x43, 0x39, 0xc4, 0x3, 0xfc, 0x3e, 0x63, 0x4,
    0x1, 0xf3, 0x80, 0x7c, 0x4b, 0xc6, 0x1, 0x84,
    0x40, 0x1f, 0x52, 0x58, 0x6, 0x5f, 0x0, 0xf1,
    0x77, 0x18, 0x0,

    /* U+4F59 "余" */
    0x0, 0xf8, 0xc0, 0x3f, 0xf8, 0x4f, 0x8e, 0x1,
    0xff, 0xc0, 0x28, 0x49, 0x20, 0xf, 0xf0, 0xf9,
    0xdc, 0xe2, 0x80, 0x7e, 0x1d, 0xd, 0x7, 0x8a,
    0xb4, 0x0, 0xe4, 0xf1, 0xc1, 0x0, 0x36, 0x3d,
    0xf4, 0x80, 0xd5, 0xab, 0xe6, 0xef, 0xa8, 0xbc,
    0x4, 0xe6, 0xe3, 0xb8, 0x6b, 0xd4, 0x2b, 0x8c,
    0x0, 0x96, 0x2, 0x33, 0xb8, 0xd0, 0x3, 0xe6,
    0x55, 0xc7, 0xea, 0xb3, 0x8, 0x6, 0xa9, 0x9c,
    0x29, 0x33, 0x51, 0x80, 0x6c, 0xc7, 0xe6, 0xa,
    0xf2, 0xb7, 0x8, 0x3, 0x9f, 0x10, 0x3, 0x66,
    0x4, 0x3, 0xaa, 0x25, 0x0, 0x35, 0x37, 0x90,
    0x5, 0x29, 0x8c, 0x54, 0x46, 0x0, 0xb3, 0x40,
    0xa, 0x7c, 0xc0, 0x85, 0x90, 0x2, 0xd6, 0x0,
    0x0,

    /* U+4F5C "作" */
    0x0, 0xff, 0xe4, 0x62, 0x0, 0x2a, 0x80, 0x1f,
    0xca, 0x62, 0x2, 0xa4, 0x1, 0xfd, 0x26, 0xa1,
    0x21, 0x20, 0x18, 0x40, 0x24, 0x3a, 0x2, 0x70,
    0xef, 0xfd, 0xc2, 0x0, 0x90, 0xa, 0x4b, 0x43,
    0xbf, 0xf0, 0x84, 0x18, 0x1, 0xd3, 0x80, 0x3f,
    0x1b, 0xd8, 0x1, 0xf4, 0xc0, 0x1d, 0xff, 0x28,
    0x1c, 0x28, 0x4, 0x40, 0x16, 0xf7, 0x35, 0x40,
    0xe, 0x1, 0xf8, 0xc4, 0x44, 0x1, 0xff, 0xd0,
    0xef, 0xfb, 0x0, 0x3f, 0xed, 0xee, 0xc0, 0x1f,
    0xf1, 0x88, 0xc4, 0x1, 0xff, 0xd5,

    /* U+4F60 "你" */
    0x0, 0x86, 0x88, 0x6, 0x8, 0x3, 0xf9, 0xd4,
    0xc1, 0x1c, 0x3, 0xfd, 0x70, 0x21, 0x26, 0xc8,
    0x9c, 0x1, 0x31, 0x38, 0x29, 0x84, 0x46, 0xa8,
    0x0, 0xc, 0x0, 0x50, 0xd9, 0x9c, 0x14, 0x0,
    0xd3, 0x0, 0x51, 0xc8, 0x2e, 0x81, 0x99, 0x80,
    0x5a, 0x40, 0x1f, 0xa0, 0x1c, 0x7a, 0x0, 0x1a,
    0x70, 0x2, 0x9b, 0x18, 0x5, 0x24, 0x1, 0xf8,
    0xe5, 0x40, 0x23, 0xe0, 0xf, 0x87, 0x95, 0x80,
    0x2b, 0x28, 0x0, 0xf6, 0x8d, 0x0, 0x61, 0xb7,
    0x30, 0xe, 0x9d, 0x0, 0xf2, 0xd1, 0x80, 0x72,
    0x88, 0x93, 0xc0, 0x32, 0x80, 0x7f, 0x5b, 0xc0,
    0x7, 0xc7, 0xe0, 0x10, 0xfe, 0xa8, 0x7, 0x0,

    /* U+4F7F "使" */
    0x0, 0xfe, 0x10, 0xf, 0xe9, 0x70, 0xd, 0xb0,
    0x1, 0xf9, 0xc4, 0x3, 0xbc, 0x3, 0xe5, 0x14,
    0xff, 0xc7, 0x1f, 0xf7, 0x0, 0x52, 0x25, 0xdf,
    0xf1, 0xc7, 0xfb, 0xbc, 0x0, 0x86, 0x0, 0x2c,
    0xc8, 0xeb, 0x31, 0xa4, 0x0, 0x95, 0x0, 0x39,
    0x77, 0xd, 0x7b, 0x84, 0xe0, 0x22, 0x90, 0xc,
    0x44, 0xe, 0x22, 0x0, 0x43, 0x80, 0x10, 0x8b,
    0xfc, 0x73, 0xfe, 0x10, 0xf, 0x96, 0xb7, 0xc6,
    0xbf, 0xe4, 0x0, 0xfb, 0xe4, 0x5, 0xc0, 0x3f,
    0xea, 0x7d, 0x12, 0x0, 0xff, 0xe0, 0x71, 0x1,
    0x80, 0x7e, 0x10, 0x2, 0x7b, 0xb6, 0x5b, 0xa1,
    0x0, 0x4e, 0x3, 0x73, 0x28, 0x87, 0x1d, 0xdb,
    0xc0, 0x24, 0xf1, 0xad, 0x40, 0x0, 0xc6, 0x7e,
    0x80,

    /* U+4F9B "供" */
    0x0, 0x85, 0x0, 0x3f, 0xf8, 0x2d, 0x68, 0x9,
    0xa0, 0x3e, 0x80, 0x1d, 0x6a, 0x80, 0x1e, 0x70,
    0xc, 0x66, 0x80, 0x21, 0x2, 0x30, 0x72, 0x10,
    0x4, 0x1, 0xae, 0xd1, 0x6e, 0x82, 0xf6, 0x41,
    0x90, 0x0, 0xbf, 0x65, 0xfc, 0x19, 0xf0, 0x52,
    0xe0, 0x1f, 0xfc, 0x2, 0xab, 0x0, 0xff, 0xe0,
    0xa8, 0x4, 0x88, 0x33, 0x22, 0x1, 0x51, 0x40,
    0x3b, 0xea, 0x42, 0xac, 0x62, 0xa8, 0x1, 0xd7,
    0xdb, 0xae, 0xe6, 0xd7, 0x78, 0x7, 0x8b, 0x64,
    0x1, 0x76, 0x50, 0xf, 0x26, 0x25, 0x0, 0x21,
    0xe9, 0x0, 0x31, 0xc2, 0x50, 0x6, 0x86, 0x30,
    0x1, 0xf9, 0x65, 0x0, 0x7a, 0x5c,

    /* U+4FBF "便" */
    0x0, 0xda, 0x80, 0x1f, 0xfc, 0x15, 0x23, 0xff,
    0xfe, 0x20, 0xb, 0xa1, 0xff, 0xec, 0x1f, 0xfc,
    0x40, 0x2, 0x47, 0xd, 0xee, 0x68, 0xf7, 0x48,
    0x1, 0x40, 0x80, 0xe, 0xf2, 0xc7, 0x30, 0x1,
    0x91, 0x40, 0x30, 0x98, 0x81, 0x98, 0x2, 0x1a,
    0x60, 0xd, 0x59, 0x43, 0x98, 0x10, 0x0, 0xdd,
    0x0, 0x6a, 0xdd, 0xe, 0xe8, 0x40, 0x25, 0x0,
    0xeb, 0xfc, 0x1f, 0xf0, 0x80, 0x7e, 0x8a, 0xfa,
    0x4f, 0xf9, 0x0, 0x3f, 0x52, 0x79, 0x80, 0x7f,
    0xcc, 0xf6, 0xb4, 0x1, 0xff, 0xc0, 0xc0, 0x4,
    0xa0, 0x7, 0xc2, 0x7, 0x57, 0x3a, 0x37, 0xf9,
    0x46, 0x0, 0x70, 0x1d, 0x1d, 0x62, 0xae, 0x96,
    0x13, 0x0, 0x27, 0x8f, 0xd9, 0x0, 0x42, 0xd5,
    0x60,

    /* U+4FCA "俊" */
    0x0, 0xd0, 0x40, 0x5, 0x80, 0xf, 0xe3, 0x76,
    0x1, 0xb1, 0x0, 0x30, 0x7, 0xa5, 0x10, 0x14,
    0xf2, 0x7, 0x32, 0x0, 0xc4, 0xbe, 0x3a, 0xbd,
    0x15, 0xe0, 0xd4, 0x1, 0x48, 0x30, 0x89, 0x7b,
    0xa9, 0xdb, 0xd0, 0x3, 0x20, 0x5, 0x84, 0xac,
    0x9d, 0x80, 0xe0, 0x73, 0x40, 0x1, 0xb7, 0x92,
    0xb, 0x6b, 0x70, 0x3a, 0x50, 0x6, 0xbf, 0xfb,
    0xc, 0xaa, 0x70, 0x0, 0xa0, 0x17, 0x62, 0xa8,
    0xff, 0xb4, 0x2c, 0x3, 0xc4, 0x34, 0x17, 0x9e,
    0xe, 0x1, 0xf1, 0x7a, 0x4d, 0x4, 0xa8, 0x80,
    0x7c, 0x53, 0x4c, 0x36, 0xb0, 0x1, 0xfc, 0xe0,
    0x2e, 0x84, 0x20, 0x1f, 0x8d, 0xab, 0x9a, 0x9b,
    0x36, 0x80, 0x21, 0x0, 0x2d, 0x96, 0x61, 0x6f,
    0x17, 0x40,

    /* U+4FDD "保" */
    0x0, 0x89, 0x80, 0x3f, 0xf8, 0x4b, 0x40, 0x9f,
    0xfe, 0x50, 0xe, 0xa9, 0x7, 0x1f, 0xfc, 0x42,
    0x1, 0x94, 0x94, 0x3, 0xff, 0x83, 0x0, 0x13,
    0x8e, 0xee, 0x20, 0xd, 0x0, 0x19, 0x37, 0xc2,
    0xbf, 0x50, 0x0, 0x8f, 0x20, 0x18, 0x88, 0x4,
    0x50, 0x4, 0x96, 0xc0, 0x7b, 0xb8, 0xaf, 0x76,
    0xb0, 0x2, 0x0, 0xe, 0x7a, 0x4c, 0x44, 0x9d,
    0xc8, 0x0, 0xf2, 0x1f, 0x49, 0xbb, 0x84, 0xcc,
    0x1, 0xf3, 0xb3, 0x86, 0xce, 0x10, 0x7, 0xd1,
    0x3a, 0x1, 0x3b, 0xb6, 0x40, 0x38, 0xd3, 0x4,
    0x3, 0x4c, 0x84, 0x3, 0x8f, 0x8, 0x2, 0x30,
    0x3, 0x40, 0x0,

    /* U+4FE1 "信" */
    0x0, 0xff, 0xe3, 0xae, 0x0, 0x6e, 0x30, 0xf,
    0xde, 0xc0, 0x19, 0x94, 0x3, 0xf2, 0xf6, 0xff,
    0xcf, 0x3f, 0xf8, 0x40, 0xc, 0xd, 0x9d, 0xff,
    0xee, 0xe0, 0x80, 0x2c, 0x0, 0x2a, 0x89, 0xf0,
    0x80, 0x18, 0xc0, 0x2e, 0xef, 0xc2, 0x3, 0x12,
    0x1, 0x45, 0xdf, 0xa4, 0x40, 0x8, 0xe0, 0x17,
    0xe6, 0x7c, 0x40, 0x34, 0x1, 0xb7, 0x7e, 0xe2,
    0x0, 0xfa, 0xfb, 0xbe, 0x0, 0xfe, 0x9e, 0xed,
    0x82, 0x1, 0xff, 0xcd, 0x8f, 0xfd, 0xa0, 0x1f,
    0xcf, 0x1f, 0xfb, 0x0, 0x38, 0x80, 0x2c, 0x70,
    0xc, 0x7e, 0x0,

    /* U+4FEE "修" */
    0x0, 0xfe, 0x20, 0xf, 0xe6, 0xc0, 0x8, 0xb5,
    0x0, 0x3f, 0x6a, 0x80, 0x56, 0x19, 0x11, 0x0,
    0x62, 0x4a, 0x0, 0xb, 0x17, 0x71, 0x48, 0x3,
    0x50, 0x8b, 0xc2, 0x94, 0x4, 0x8e, 0xc0, 0x21,
    0x70, 0x30, 0x36, 0xaf, 0x9b, 0xb0, 0x80, 0x56,
    0x60, 0x11, 0xea, 0x70, 0x25, 0xb9, 0x88, 0x3c,
    0x0, 0x4d, 0xf6, 0x9f, 0x15, 0x98, 0x40, 0xd6,
    0x0, 0x9a, 0x7f, 0x31, 0xe9, 0x7e, 0xa0, 0x1f,
    0x2e, 0x55, 0xe4, 0x90, 0x7, 0xf1, 0xd7, 0x2e,
    0xa3, 0x0, 0x7f, 0x96, 0xb6, 0xb4, 0x68, 0x3,
    0x86, 0x81, 0x30, 0xbc, 0xb2, 0x8c, 0x40, 0x39,
    0x41, 0x68, 0x7e, 0xd3, 0xa4, 0x40, 0x2, 0x20,
    0x2, 0x75, 0x1d, 0xf4, 0x8, 0x6, 0x3f, 0x0,
    0x26, 0x7d, 0x28, 0x7, 0x0,

    /* U+4FF1 "俱" */
    0x0, 0x91, 0x0, 0x1f, 0xfc, 0x2f, 0xe0, 0xdf,
    0xff, 0x70, 0x6, 0x24, 0x90, 0x4, 0x77, 0x6a,
    0x0, 0xeb, 0x3, 0x1, 0x8e, 0xed, 0x40, 0x18,
    0xd8, 0x40, 0x29, 0xff, 0xd6, 0x1, 0xf, 0x18,
    0x6, 0x9e, 0xed, 0x40, 0x11, 0xb4, 0x0, 0x69,
    0xff, 0xd6, 0x1, 0x15, 0xb8, 0x6, 0x8c, 0xcd,
    0x60, 0x1f, 0xe9, 0xff, 0xd0, 0x1, 0xf0, 0xa0,
    0xf8, 0x8f, 0x2, 0x8, 0x6, 0x59, 0x14, 0xff,
    0xd6, 0x52, 0x40, 0x19, 0x37, 0x17, 0xf3, 0x14,
    0xb9, 0xa6, 0x1, 0xe7, 0x6b, 0x0, 0x7b, 0x50,
    0x7, 0x8, 0x3c, 0x3c, 0x0, 0x26, 0x16, 0xc0,
    0x3d, 0x8f, 0x0, 0x19, 0xe0, 0x80, 0x23, 0xf0,
    0xb8, 0x0, 0xf3, 0xc8, 0x0,

    /* U+5012 "倒" */
    0x0, 0x84, 0x3, 0xff, 0x87, 0x18, 0x1, 0xfd,
    0xe6, 0x1, 0x22, 0x37, 0xff, 0x18, 0x4, 0x20,
    0x11, 0x95, 0xe4, 0x8e, 0x69, 0xb6, 0x80, 0x75,
    0x1, 0x8f, 0xc8, 0x8, 0x18, 0x7, 0xb, 0x8,
    0x1b, 0xb9, 0x78, 0x3, 0xeb, 0x10, 0x1d, 0x3a,
    0xa1, 0x30, 0x7, 0x12, 0xc8, 0xa, 0x2a, 0xa9,
    0x80, 0x3c, 0x5a, 0x80, 0xa, 0x80, 0x49, 0x60,
    0xf, 0x10, 0x5, 0x56, 0x13, 0x60, 0x1f, 0xf6,
    0x68, 0x66, 0x81, 0x80, 0x7f, 0x33, 0x1, 0x58,
    0x16, 0x80, 0x3f, 0xe5, 0x96, 0x37, 0x0, 0xf8,
    0xb3, 0x82, 0x14, 0xc0, 0x2, 0x20, 0xc, 0x24,
    0x13, 0x9f, 0x8a, 0x19, 0xc0, 0x40, 0x7, 0x0,
    0x63, 0x98, 0x6, 0xa6, 0xc1,

    /* U+5019 "候" */
    0x0, 0x95, 0x0, 0x21, 0x0, 0xff, 0x46, 0x80,
    0x13, 0xbf, 0xf0, 0x7, 0x11, 0x21, 0x89, 0x3f,
    0xe8, 0x40, 0xe, 0xa2, 0x18, 0x4d, 0xdd, 0x2b,
    0xba, 0x80, 0x17, 0x0, 0x8f, 0xaa, 0x9f, 0x98,
    0xfe, 0xa0, 0x81, 0x0, 0xc7, 0x9a, 0x23, 0x8c,
    0x85, 0xa0, 0x3, 0x1a, 0x36, 0xeb, 0xf8, 0x0,
    0x3c, 0x40, 0x19, 0x23, 0x1e, 0x73, 0x40, 0x21,
    0x0, 0xe3, 0x32, 0x2f, 0xa2, 0x42, 0x1, 0xf4,
    0x7f, 0x8d, 0xbf, 0xd0, 0x40, 0x1f, 0x65, 0xf8,
    0x8a, 0x6f, 0xc, 0x3, 0xb9, 0x40, 0xea, 0xdf,
    0xc, 0x3, 0xf0, 0xc6, 0x4a, 0xc2, 0x64, 0x98,
    0x0, 0x4c, 0x1, 0x6b, 0x6e, 0x0, 0xaa, 0x20,
    0x80, 0x17, 0x80, 0x15, 0xa8, 0x1, 0x97, 0x48,

    /* U+5026 "倦" */
    0x0, 0x84, 0x3, 0x88, 0x3, 0xfa, 0x70, 0x19,
    0x43, 0xa4, 0x1d, 0x80, 0x39, 0x2c, 0x1, 0x42,
    0x1e, 0x50, 0x60, 0x18, 0x4d, 0x41, 0x98, 0x62,
    0x6c, 0xea, 0x1, 0xa4, 0x48, 0x9a, 0x9e, 0x57,
    0x2b, 0xb0, 0x1, 0x30, 0x0, 0xbb, 0xe4, 0x33,
    0xfe, 0x90, 0x4, 0x8, 0x0, 0x84, 0xc, 0x80,
    0x31, 0x0, 0xbc, 0x0, 0x3f, 0xe8, 0xf, 0xdc,
    0xfe, 0x31, 0xd4, 0x0, 0x6e, 0x9d, 0x77, 0x58,
    0x7f, 0xa6, 0x4, 0x1, 0x16, 0x22, 0xff, 0xb0,
    0x36, 0x88, 0x3, 0x2e, 0xa4, 0xaf, 0xf9, 0x92,
    0xd8, 0xc0, 0x32, 0xec, 0x0, 0x52, 0xfc, 0x98,
    0x20, 0x1c, 0x40, 0x18, 0x65, 0xd4, 0xc0, 0x3f,
    0x98, 0x21, 0xc2, 0x60, 0x2, 0x71, 0x0, 0x90,
    0xbf, 0xf1, 0x40, 0x0,

    /* U+503E "倾" */
    0x0, 0x9d, 0xc0, 0x1f, 0xfc, 0x2a, 0x10, 0xb,
    0xff, 0xe2, 0x0, 0x19, 0x3f, 0xa0, 0x7f, 0xb0,
    0x3f, 0xe2, 0x0, 0x40, 0x8c, 0xe0, 0x2, 0xb3,
    0x22, 0x8, 0x1, 0x10, 0x1, 0xcd, 0xac, 0x59,
    0x8d, 0x0, 0x53, 0x0, 0x5b, 0xc6, 0x6e, 0xfe,
    0x97, 0x0, 0x4d, 0x0, 0x57, 0x80, 0x17, 0x30,
    0x6, 0x70, 0xc, 0xc4, 0x1, 0x88, 0x3, 0xff,
    0x82, 0x20, 0xe0, 0x1f, 0xcf, 0x46, 0x6, 0x4,
    0x1, 0xf8, 0x6c, 0xc0, 0xe, 0x22, 0x7, 0x0,
    0xe2, 0x9, 0x92, 0x4f, 0xa2, 0x9e, 0x0, 0x71,
    0x6b, 0x1, 0x2, 0xc9, 0x59, 0x80, 0x78, 0x80,
    0x11, 0x50, 0x6e, 0xda, 0x40, 0x7, 0x10, 0x8,
    0xda, 0x9c, 0x1, 0x28, 0x60, 0x4, 0xf0, 0x8,
    0xf9, 0x40, 0x35, 0x8,

    /* U+5047 "假" */
    0x0, 0x8c, 0xc0, 0x1f, 0xfc, 0x29, 0xad, 0xff,
    0xb6, 0xbf, 0xe5, 0x0, 0xc9, 0x43, 0x9f, 0x81,
    0x5f, 0xe3, 0x0, 0xca, 0x26, 0x1, 0xfc, 0x20,
    0x17, 0x8, 0x3, 0x7b, 0x42, 0xf7, 0x46, 0x20,
    0x3, 0x40, 0xa, 0xbf, 0xd9, 0x59, 0x8e, 0x50,
    0x7, 0x38, 0x4, 0xe2, 0x33, 0xa2, 0x44, 0x0,
    0xba, 0x0, 0xb3, 0xfc, 0x13, 0xdc, 0xa6, 0x0,
    0x30, 0x6, 0xcf, 0xf0, 0x2f, 0xd8, 0x28, 0x7,
    0xf0, 0x86, 0x60, 0xc8, 0x40, 0x3e, 0xcf, 0xe1,
    0x76, 0x9b, 0x0, 0xfd, 0x9f, 0xe1, 0x12, 0x2b,
    0x0, 0x7c, 0x20, 0x19, 0xd0, 0xe8, 0x40, 0x30,
    0x80, 0x76, 0xeb, 0xf0, 0xfc, 0x40, 0x5, 0xe1,
    0xa6, 0x0, 0xca, 0x10, 0x9f, 0x10,

    /* U+505A "做" */
    0x0, 0xca, 0x1, 0xe3, 0x0, 0xf9, 0x2c, 0x17,
    0x0, 0x5, 0x8c, 0x1, 0xee, 0x90, 0xe, 0x41,
    0x60, 0xe, 0x25, 0x50, 0x98, 0x8, 0x69, 0x3b,
    0xc0, 0x14, 0x81, 0xf4, 0x9f, 0x3a, 0x5f, 0xc0,
    0x80, 0x15, 0x0, 0x1f, 0x47, 0xfc, 0x6f, 0x62,
    0xc0, 0xb, 0x80, 0xf, 0x21, 0x8b, 0x98, 0x5,
    0xac, 0x0, 0xda, 0x3f, 0x82, 0x52, 0x10, 0x8,
    0xc0, 0x23, 0xcf, 0x21, 0x7c, 0xf5, 0x0, 0xff,
    0xe0, 0x62, 0x2f, 0x80, 0x7e, 0x53, 0x30, 0x39,
    0x99, 0xc0, 0x3f, 0x54, 0x8, 0x0, 0x40, 0x3f,
    0x93, 0xaf, 0x47, 0xdd, 0xbd, 0x40, 0x3d, 0x44,
    0x15, 0x76, 0x99, 0xbc, 0x2, 0x1f, 0x10, 0xa,
    0x39, 0x40, 0xf, 0x40,

    /* U+505C "停" */
    0x0, 0x88, 0x3, 0x88, 0x80, 0x1f, 0xa6, 0x80,
    0x34, 0xc8, 0x3, 0xf2, 0x4c, 0xbb, 0xa5, 0x4e,
    0xec, 0x20, 0x6, 0x3, 0x8f, 0xfd, 0xdf, 0xf8,
    0x40, 0x16, 0x20, 0x31, 0xdd, 0xe6, 0x10, 0x2,
    0x90, 0x6, 0x7f, 0xfc, 0xc0, 0x1a, 0xd8, 0x3,
    0x36, 0x66, 0x70, 0x8, 0x8e, 0x80, 0x2b, 0xdf,
    0xfd, 0xac, 0x0, 0x2d, 0x10, 0x2f, 0xdc, 0xcf,
    0x77, 0xa0, 0x7, 0xf, 0xff, 0xe3, 0x0, 0xe2,
    0xf7, 0xee, 0xf4, 0xea, 0x0, 0x70, 0xbf, 0x72,
    0xcb, 0xb9, 0x22, 0x1, 0xff, 0xc8, 0x10, 0xc,
    0x44, 0x0, 0xfc, 0x20, 0x1d, 0xd0, 0x80, 0x1f,
    0x1f, 0x80, 0x6e, 0xe4, 0x0, 0x70,

    /* U+5065 "健" */
    0x0, 0x2b, 0x0, 0x7b, 0xc8, 0x3, 0xdf, 0xe3,
    0x38, 0x15, 0x1, 0x12, 0x0, 0xc9, 0x95, 0xfa,
    0x1d, 0xc0, 0xde, 0xa0, 0x9, 0x5, 0xa6, 0xdc,
    0x66, 0x7, 0xe4, 0xc, 0x1, 0xe0, 0x15, 0xeb,
    0xff, 0xc, 0xf0, 0xf0, 0x9a, 0x8, 0x21, 0xb3,
    0x3b, 0xc6, 0x78, 0x34, 0x59, 0xc8, 0x3c, 0x35,
    0x7b, 0xc6, 0x3d, 0x0, 0xb, 0x0, 0xb, 0xf3,
    0x6d, 0xc1, 0xec, 0xb0, 0xe, 0x79, 0x2, 0xf,
    0xf0, 0xef, 0xf8, 0x40, 0x33, 0xa2, 0x81, 0xf7,
    0x8e, 0xff, 0x84, 0x3, 0xaa, 0x88, 0x8e, 0xf1,
    0xdf, 0xf2, 0x80, 0x73, 0x0, 0x13, 0xfc, 0x3b,
    0xfe, 0x50, 0xe, 0x93, 0x7c, 0x52, 0x1, 0x1,
    0x30, 0x8, 0x51, 0x77, 0x53, 0xd8, 0x39, 0xfd,
    0x0, 0x16, 0xbe, 0x88, 0x2d, 0xf7, 0xfb, 0xb9,
    0x60,

    /* U+5076 "偶" */
    0x0, 0x8d, 0xc0, 0x3f, 0xf8, 0x53, 0xa1, 0xdf,
    0xff, 0x8, 0x6, 0x59, 0x3, 0x9f, 0xd1, 0xfd,
    0x1, 0x0, 0x9c, 0x4c, 0x1, 0x3f, 0xa3, 0xfa,
    0x1, 0xd2, 0x1, 0xa3, 0xb0, 0x7b, 0x0, 0x34,
    0x8, 0x6, 0xe5, 0x50, 0x2a, 0x80, 0x22, 0x79,
    0x0, 0x99, 0x62, 0xc6, 0x28, 0xc4, 0xb, 0x54,
    0x0, 0x35, 0xba, 0x91, 0xdd, 0x80, 0x22, 0x0,
    0xbf, 0xba, 0xb1, 0xee, 0xc2, 0x1, 0xc7, 0x7f,
    0xed, 0x1e, 0xbe, 0x1, 0x0, 0xf8, 0x8d, 0x2,
    0x2c, 0xc0, 0x3f, 0xbb, 0x74, 0xfe, 0x88, 0x0,
    0xf8, 0xc3, 0x3a, 0xe5, 0xa8, 0x80, 0x3f, 0xf8,
    0x45, 0x60, 0x1c, 0x21, 0xc8, 0x1, 0xc6, 0x50,
    0x0,

    /* U+508D "傍" */
    0x0, 0x8a, 0xc8, 0x2, 0x95, 0x0, 0xfc, 0xa8,
    0x68, 0x66, 0x2e, 0x33, 0x88, 0x3, 0x53, 0xc,
    0x43, 0xc0, 0x11, 0x12, 0x80, 0x48, 0x54, 0x19,
    0xc1, 0x76, 0x7d, 0xb7, 0x0, 0xa0, 0x4, 0x5,
    0x1c, 0x90, 0xd0, 0x44, 0x0, 0x53, 0x0, 0x17,
    0x6b, 0xf4, 0x1f, 0x65, 0x0, 0xdd, 0x0, 0x43,
    0x98, 0x79, 0xcc, 0x49, 0x0, 0xd2, 0x80, 0x24,
    0xae, 0xcb, 0x77, 0x79, 0x28, 0x20, 0x5, 0x1d,
    0x29, 0x79, 0x33, 0x42, 0x0, 0x71, 0x91, 0x83,
    0x19, 0xf0, 0x80, 0x7c, 0x81, 0xd9, 0x8f, 0xb0,
    0xf, 0xee, 0x5d, 0xd9, 0xcc, 0x3, 0xf2, 0xa4,
    0x80, 0x45, 0xc0, 0x1f, 0x25, 0x39, 0x81, 0x2a,
    0x10, 0x7, 0xdc, 0xd0, 0x0, 0x7a, 0x65, 0x0,
    0xef, 0x2a, 0x90, 0x9, 0x7e, 0x40, 0x20,

    /* U+50CF "像" */
    0x0, 0x84, 0x3, 0x10, 0x7, 0xfa, 0x74, 0x0,
    0xfa, 0x40, 0x1f, 0xc8, 0xa0, 0x50, 0x51, 0x54,
    0x20, 0xe, 0x23, 0xa1, 0xc5, 0xe9, 0x27, 0x20,
    0xe, 0xa1, 0xc, 0x11, 0x44, 0x18, 0x2e, 0xc4,
    0x1, 0x30, 0x12, 0x8f, 0x48, 0x37, 0xca, 0x88,
    0x2, 0x0, 0x28, 0x6, 0x26, 0xc2, 0x20, 0x4,
    0x2f, 0x0, 0x11, 0x77, 0x94, 0xee, 0x8c, 0x0,
    0x38, 0x80, 0x17, 0x38, 0x36, 0xe9, 0x78, 0xc0,
    0x6, 0x1, 0x5e, 0x6c, 0x34, 0x6a, 0x0, 0x7e,
    0x8c, 0xec, 0xa7, 0x56, 0x30, 0xf, 0xab, 0x3f,
    0xd6, 0x38, 0xea, 0x1, 0xf6, 0xe7, 0xce, 0xa8,
    0xf5, 0xb8, 0x7, 0xb3, 0x3, 0xa6, 0xa2, 0x7a,
    0x60, 0x10, 0x88, 0x27, 0xe1, 0xbd, 0x50, 0xd,
    0x0, 0x23, 0xf0, 0x11, 0x3, 0xe5, 0x80, 0x70,

    /* U+513F "儿" */
    0x0, 0xff, 0xe4, 0xf, 0xb8, 0x3, 0x9c, 0x3,
    0xf8, 0x40, 0x40, 0x6, 0x20, 0x1f, 0xf1, 0x80,
    0x7f, 0xf4, 0xc4, 0x3, 0xff, 0x82, 0x40, 0xc0,
    0x1f, 0xfc, 0x16, 0x3, 0x0, 0xff, 0xe0, 0xe1,
    0x8, 0x7, 0xff, 0x5, 0x50, 0x3, 0xff, 0x82,
    0xc5, 0x40, 0x1f, 0x8, 0x6, 0x39, 0x53, 0x0,
    0xf9, 0x34, 0x81, 0x30, 0xa8, 0x3, 0xa9, 0x55,
    0x26, 0x44, 0xb2, 0xc0, 0xe, 0x81, 0xbb, 0xd,
    0x1, 0x66, 0x4, 0x3, 0x97, 0x7b, 0x9a, 0x80,

    /* U+5143 "元" */
    0x0, 0xff, 0xe2, 0xff, 0xff, 0x68, 0x7, 0x6f,
    0x77, 0xef, 0x0, 0xe2, 0x11, 0xfc, 0x40, 0x1f,
    0xfc, 0x66, 0xff, 0xff, 0xe0, 0x10, 0x3d, 0xe6,
    0x10, 0xf2, 0xc2, 0x73, 0x16, 0x40, 0x28, 0x66,
    0x16, 0x35, 0x5, 0x33, 0x20, 0x7, 0x98, 0x80,
    0x3f, 0xf8, 0x27, 0xa0, 0x1f, 0xfc, 0x7, 0x5,
    0x0, 0xff, 0x8a, 0x20, 0x1, 0xf2, 0x48, 0x1,
    0x30, 0xdc, 0x0, 0x21, 0x64, 0x4e, 0x70, 0x8b,
    0x5c, 0x0, 0xca, 0xfb, 0xa4, 0xb0, 0x8b, 0xb0,
    0x7, 0x57, 0xfd, 0xca, 0x0,

    /* U+5144 "兄" */
    0x0, 0xbb, 0xff, 0xf2, 0x0, 0x71, 0xd7, 0xff,
    0x84, 0x3, 0xff, 0xd1, 0x5f, 0xfe, 0x10, 0xf,
    0x6f, 0x9c, 0x7d, 0xf, 0xf9, 0x0, 0x3e, 0x22,
    0x0, 0x7f, 0xf0, 0xc, 0x50, 0x3, 0xff, 0x81,
    0xe8, 0x20, 0x1f, 0xf5, 0x1c, 0x80, 0x7d, 0x38,
    0x2f, 0xcb, 0x64, 0x1, 0xa, 0x9, 0x23, 0xd,
    0x2e, 0xa0, 0x4, 0x87, 0x7d, 0xa7, 0xc1, 0xb6,
    0x40, 0x18, 0x73, 0xfe, 0xe4,

    /* U+5145 "充" */
    0x0, 0xff, 0xe4, 0x97, 0xa0, 0x7, 0xff, 0x0,
    0x87, 0x40, 0x3e, 0xcf, 0xfe, 0x16, 0xff, 0xe3,
    0xe, 0xcd, 0xd4, 0xd, 0xee, 0xb3, 0x75, 0x86,
    0x4, 0x64, 0x30, 0x88, 0x20, 0xd6, 0x23, 0x0,
    0xcd, 0xb3, 0x40, 0x2, 0x7b, 0x50, 0xd, 0x12,
    0x15, 0x9b, 0xae, 0x71, 0xa5, 0x0, 0xb1, 0x58,
    0x97, 0xb8, 0x3d, 0xc5, 0x0, 0xc9, 0x50, 0x78,
    0x64, 0x1, 0x52, 0x80, 0x78, 0x98, 0x3, 0xff,
    0x80, 0xa2, 0x60, 0x1f, 0xf0, 0xdb, 0x0, 0x7d,
    0x34, 0x0, 0x4f, 0x38, 0x0, 0xca, 0x44, 0x40,
    0x5, 0xd9, 0x70, 0x2, 0x13, 0xad, 0xd1, 0xc8,
    0x46, 0x58, 0x80, 0x6c, 0xff, 0xb8, 0xc0,

    /* U+5148 "先" */
    0x0, 0xc2, 0x0, 0x77, 0x0, 0x7f, 0x9b, 0x88,
    0x37, 0x80, 0x3f, 0xda, 0xa4, 0x1, 0xff, 0xc0,
    0x24, 0x5f, 0xf2, 0xb7, 0xfe, 0x40, 0xd, 0x5,
    0xbb, 0x22, 0xee, 0xb3, 0x8, 0x1, 0xa, 0x41,
    0x14, 0x26, 0x44, 0x33, 0x0, 0x65, 0xa6, 0x33,
    0x84, 0x8c, 0xf2, 0x20, 0x6, 0xa9, 0xba, 0xcc,
    0x2a, 0xb3, 0x76, 0xab, 0x1, 0xee, 0xc8, 0xbd,
    0xc1, 0xbe, 0xeb, 0xc0, 0x3c, 0xba, 0x1, 0xff,
    0xc1, 0x61, 0x50, 0xf, 0xfe, 0x1, 0x43, 0x10,
    0x7, 0x9d, 0xc0, 0x13, 0x6a, 0xc8, 0x6, 0xc2,
    0x25, 0x60, 0x2, 0x64, 0xf6, 0x1, 0x99, 0x9b,
    0xa0, 0x80, 0x4, 0xec, 0x0, 0x74, 0x7f, 0xda,
    0x60,

    /* U+5149 "光" */
    0x0, 0xfa, 0xb0, 0x3, 0xfc, 0x20, 0x19, 0xc0,
    0x25, 0x0, 0xe2, 0xe5, 0x0, 0xf2, 0x53, 0x0,
    0x62, 0x4a, 0x10, 0xe, 0x95, 0x60, 0xe, 0x90,
    0x90, 0xc, 0xe7, 0x60, 0x1e, 0x2c, 0x80, 0xc,
    0xfe, 0x20, 0x10, 0xff, 0xd9, 0xfe, 0x54, 0xff,
    0x77, 0xfc, 0x43, 0xbd, 0xd4, 0x8f, 0x60, 0x67,
    0x75, 0xa4, 0x4, 0x23, 0x8c, 0x44, 0x2, 0x38,
    0x80, 0x3d, 0x8e, 0x1, 0xff, 0xc1, 0x24, 0xf0,
    0xf, 0xfe, 0x0, 0xf9, 0xa8, 0x7, 0x96, 0x84,
    0x5, 0xf8, 0x34, 0x0, 0x60, 0x82, 0x5e, 0x82,
    0x5d, 0xf, 0xa2, 0x0, 0x14, 0x9e, 0xd4, 0xb0,
    0x2b, 0xe8, 0x0, 0xeb, 0xff, 0xb9, 0x40,

    /* U+514B "克" */
    0x0, 0xf6, 0x30, 0x7, 0x84, 0x7c, 0x0, 0x11,
    0xe0, 0xbe, 0xee, 0x39, 0xee, 0xe2, 0xaf, 0xfe,
    0x3a, 0xff, 0xe2, 0x0, 0xf8, 0xc0, 0x3f, 0x7f,
    0xe3, 0x9f, 0xfc, 0x1, 0xd5, 0xff, 0xeb, 0x10,
    0xf, 0xfe, 0x8, 0x80, 0x75, 0x7f, 0xfa, 0xc0,
    0x3b, 0xb9, 0x25, 0xce, 0x3d, 0xd0, 0x6, 0x11,
    0x62, 0x8, 0x0, 0x46, 0x0, 0xe8, 0x5b, 0x0,
    0xf2, 0x91, 0x1f, 0x5e, 0x88, 0x3c, 0x4c, 0x89,
    0x34, 0xf0, 0xda, 0xa0, 0x4, 0x2c, 0xdc, 0x9,
    0x5d, 0xb2, 0x0, 0x8f, 0x7f, 0xdd, 0x82,

    /* U+514D "免" */
    0x0, 0xe7, 0x80, 0xf, 0xfe, 0x9, 0xc7, 0x80,
    0x7f, 0xf0, 0xf, 0x46, 0x7b, 0x9f, 0xe2, 0x0,
    0xf3, 0x63, 0x77, 0x58, 0x36, 0x40, 0x1d, 0x72,
    0x9, 0x99, 0x86, 0x33, 0x6, 0x1, 0x76, 0x4,
    0xff, 0x81, 0xf3, 0xfc, 0x6e, 0x1, 0x29, 0x83,
    0x19, 0x87, 0xc, 0xe1, 0x0, 0xff, 0x13, 0x80,
    0x7f, 0xd9, 0xfe, 0xd, 0xff, 0x84, 0x3, 0xd3,
    0xde, 0xae, 0x55, 0xff, 0x20, 0x7, 0x30, 0xb2,
    0x48, 0x7, 0xff, 0x2, 0x27, 0x44, 0x3, 0x8d,
    0x80, 0x2, 0xfc, 0xba, 0x60, 0xd, 0x11, 0xae,
    0x40, 0x9, 0x13, 0xa4, 0x0, 0xa7, 0xee, 0x9a,
    0x40, 0xb, 0xee, 0x1, 0x9f, 0xff, 0x73, 0x0,

    /* U+5154 "兔" */
    0x0, 0xc7, 0x44, 0x1, 0xff, 0xc1, 0xf7, 0x1,
    0x1c, 0x1, 0xf9, 0xcc, 0xb7, 0xbb, 0x18, 0x7,
    0x92, 0x21, 0xff, 0x85, 0xcc, 0x3, 0x92, 0xcc,
    0xc8, 0x94, 0x8e, 0xa2, 0x4, 0x0, 0x56, 0x66,
    0x88, 0xad, 0xce, 0x62, 0xd4, 0x0, 0x59, 0xc1,
    0xd9, 0x83, 0x6c, 0xc8, 0x40, 0x31, 0x80, 0x1c,
    0xcc, 0x40, 0x67, 0x0, 0x7e, 0xbd, 0xd0, 0xbe,
    0x6e, 0x80, 0x3c, 0x6b, 0xfc, 0xe4, 0x49, 0xef,
    0xe4, 0x0, 0xc3, 0x42, 0x8d, 0x20, 0x6, 0xf3,
    0x0, 0xf9, 0x6e, 0x10, 0x0, 0xd1, 0xe2, 0x40,
    0x11, 0x55, 0x21, 0xc0, 0x1a, 0x6b, 0xf1, 0xa2,
    0x17, 0xad, 0x8e, 0x0, 0xa4, 0xcc, 0x9a, 0x4,
    0x22, 0xf0, 0xc0, 0x27, 0xff, 0xe7, 0x0,

    /* U+5165 "入" */
    0x0, 0xe8, 0x10, 0xf, 0xfe, 0x9, 0xb6, 0x8,
    0x7, 0xff, 0x0, 0xfc, 0x30, 0x40, 0x3f, 0xf8,
    0x3, 0x87, 0x60, 0x1f, 0xfc, 0x11, 0x55, 0x10,
    0x7, 0xff, 0x0, 0x90, 0xa0, 0x3, 0xff, 0x81,
    0x9, 0xa, 0x20, 0x1f, 0xe3, 0x5f, 0x51, 0x90,
    0xf, 0xf7, 0xa2, 0x2, 0x5c, 0x40, 0x3f, 0x41,
    0xc8, 0x1, 0xc6, 0x80, 0x3e, 0x57, 0x92, 0x0,
    0xa1, 0x28, 0x3, 0x9a, 0x9d, 0x80, 0x33, 0x31,
    0x70, 0x80, 0x6a, 0x5a, 0x0, 0x3d, 0x2c, 0x78,
    0x22, 0x68, 0x90, 0xf, 0xd3, 0x16, 0x21, 0x8e,
    0x1, 0xfe, 0x75, 0x0,

    /* U+5168 "全" */
    0x0, 0xf9, 0xdc, 0x1, 0xff, 0xc1, 0x38, 0x81,
    0x0, 0x7f, 0xc3, 0xcb, 0x3e, 0x20, 0x1f, 0xc3,
    0x81, 0x6c, 0xcc, 0x20, 0xf, 0x8f, 0x3, 0x4,
    0x2d, 0xb6, 0x0, 0x31, 0x56, 0xf, 0x80, 0x8d,
    0x4e, 0xef, 0xa2, 0x9, 0x7a, 0x3d, 0xee, 0xe7,
    0x58, 0x72, 0xa, 0xd5, 0xff, 0xa8, 0x7f, 0xea,
    0x7d, 0x0, 0x8, 0x7, 0xff, 0x17, 0x7f, 0xea,
    0x1f, 0xfc, 0xc0, 0x1d, 0x9f, 0xf5, 0xf, 0xfd,
    0xcc, 0x1, 0xc2, 0x1, 0xf8, 0x40, 0x38, 0x47,
    0x80, 0x2, 0x3e, 0x0, 0x1f, 0x77, 0x50, 0xf7,
    0x73, 0x80, 0xf, 0xff, 0xff, 0x80, 0xc0,

    /* U+516B "八" */
    0x0, 0xfe, 0x54, 0x0, 0xff, 0x41, 0x80, 0x3e,
    0x0, 0x3f, 0xce, 0x80, 0xd, 0x10, 0xf, 0xe1,
    0x3, 0x0, 0x11, 0x80, 0x7f, 0x18, 0x28, 0x1,
    0x84, 0x40, 0x1f, 0x90, 0x44, 0x0, 0x30, 0x50,
    0xf, 0xde, 0x80, 0x18, 0x8c, 0x3, 0xf2, 0x60,
    0x6, 0x4c, 0x0, 0xf8, 0xc9, 0x0, 0x36, 0xa0,
    0x7, 0xd4, 0x64, 0x1, 0x90, 0x5c, 0x3, 0x89,
    0xa4, 0x3, 0xcd, 0x22, 0x1, 0xb9, 0x14, 0x3,
    0xd2, 0x16, 0x1, 0x59, 0x48, 0x7, 0xc3, 0x6b,
    0x0, 0x22, 0xa2, 0x0, 0xfc, 0xaa, 0x10, 0x1a,
    0x40, 0xf, 0xf5, 0x48, 0x0,

    /* U+516C "公" */
    0x0, 0xe3, 0x10, 0x6, 0x20, 0x7, 0xfb, 0xa0,
    0x0, 0xfc, 0x1, 0xfc, 0x85, 0x0, 0xf, 0x52,
    0x0, 0xfd, 0x2e, 0x20, 0x4, 0x44, 0x80, 0x7d,
    0x7, 0x0, 0x1a, 0x51, 0x40, 0x39, 0x1e, 0xc0,
    0x2, 0x0, 0x29, 0xa4, 0x0, 0x8a, 0x99, 0x41,
    0xb8, 0x80, 0xc, 0xb6, 0xc0, 0xc, 0x29, 0x0,
    0x52, 0x90, 0x5, 0x4b, 0x42, 0x1b, 0x80, 0x4,
    0x3b, 0x0, 0xea, 0xc1, 0x3, 0x0, 0xa1, 0xc4,
    0x7, 0x4c, 0x3, 0xf3, 0x14, 0x0, 0x5, 0x38,
    0x3, 0xe2, 0x88, 0x0, 0x4, 0xf0, 0x9c, 0x3,
    0x8b, 0x6, 0xbb, 0xfb, 0x64, 0xe0, 0x80, 0x31,
    0x1a, 0xdd, 0xb3, 0xfb, 0x30, 0x56, 0x1, 0xdb,
    0x4e, 0xa6, 0x1, 0xbe, 0x40, 0x0,

    /* U+516D "六" */
    0x0, 0xe1, 0x20, 0xf, 0xfe, 0x5, 0xe0, 0x80,
    0x7f, 0xd6, 0x14, 0x1, 0xff, 0xc, 0x29, 0x0,
    0x73, 0x31, 0x57, 0x1c, 0x3a, 0xac, 0xcc, 0xa8,
    0xbb, 0xe8, 0xbb, 0xd1, 0x79, 0xdd, 0xff, 0xc0,
    0xd0, 0xc, 0xa0, 0x19, 0x80, 0x3e, 0x1a, 0xc0,
    0x3, 0x4b, 0x0, 0x7a, 0xc3, 0xc0, 0xc, 0x92,
    0x40, 0x19, 0x55, 0x6, 0x1, 0x50, 0xf8, 0x4,
    0x54, 0x6e, 0x1, 0x86, 0x8a, 0x0, 0xb0, 0x74,
    0x3, 0xc8, 0xae, 0x74, 0x34, 0x20, 0x1f, 0x59,
    0x84, 0x6a, 0x0, 0x7e, 0x1c, 0x30,

    /* U+5170 "兰" */
    0x0, 0xa4, 0x3, 0x92, 0x84, 0x3, 0xa, 0x60,
    0x6, 0xf7, 0x10, 0xc, 0x38, 0x56, 0x0, 0x44,
    0x78, 0x7, 0x87, 0x64, 0x1, 0x2e, 0x40, 0x11,
    0x7f, 0xd9, 0xbf, 0xe2, 0x7f, 0xf8, 0xcb, 0x77,
    0xff, 0x80, 0x60, 0x45, 0xff, 0xc0, 0x0, 0xff,
    0xe2, 0x2f, 0xff, 0xf9, 0x40, 0x9, 0x98, 0xdd,
    0xfb, 0x10, 0x0, 0x26, 0x62, 0x2f, 0x8c, 0x40,
    0x3f, 0xf8, 0x68, 0x9f, 0xfc, 0x15, 0x89, 0x9f,
    0xfe, 0x5, 0x80,

    /* U+5171 "共" */
    0x0, 0xff, 0x8, 0x7, 0xfb, 0xdc, 0x0, 0x7c,
    0x60, 0x1f, 0xe1, 0x0, 0xc2, 0x1, 0xe1, 0x0,
    0xff, 0x8, 0x4, 0x9d, 0xfe, 0x9, 0xff, 0x60,
    0x6f, 0xf2, 0x80, 0x13, 0xfe, 0x9, 0xff, 0x60,
    0x6f, 0xf9, 0x40, 0x3f, 0xfa, 0xa5, 0xbb, 0x82,
    0x37, 0x5c, 0x1f, 0xbb, 0x9, 0x7f, 0xed, 0xcf,
    0xfb, 0x7f, 0xf0, 0x81, 0x16, 0x9a, 0x22, 0x3f,
    0x9, 0x14, 0x1, 0x8f, 0x57, 0x40, 0xc, 0x19,
    0x20, 0x18, 0xab, 0x1b, 0xd4, 0x0, 0x79, 0x2d,
    0xc6, 0x0, 0x47, 0xab, 0x10, 0xe, 0x6d, 0x26,
    0x0, 0x36, 0xa8, 0x7, 0xe2, 0xc5, 0x0,

    /* U+5173 "关" */
    0x0, 0xff, 0xe2, 0xc3, 0x80, 0x47, 0xa4, 0x1,
    0xed, 0x83, 0x0, 0x50, 0x10, 0x7, 0x95, 0x14,
    0x0, 0xd0, 0x1, 0xd9, 0x93, 0xd6, 0x68, 0x4e,
    0x62, 0x0, 0x13, 0x11, 0x8a, 0xae, 0x22, 0xb0,
    0x2, 0xa2, 0x60, 0x34, 0x4c, 0x60, 0x1f, 0xfc,
    0x31, 0x1f, 0x1, 0x17, 0x18, 0xdf, 0xff, 0xc,
    0xe6, 0x6d, 0x6a, 0xee, 0xd6, 0x3, 0xfd, 0xd9,
    0xc0, 0x30, 0xc3, 0xae, 0x88, 0x7, 0xc3, 0xa3,
    0x14, 0x38, 0x60, 0x1c, 0xde, 0xfa, 0x3, 0x83,
    0x96, 0xa2, 0xfd, 0x10, 0xb1, 0x0, 0xe, 0x42,
    0xd3, 0x2c, 0xf3, 0x0, 0x79, 0xfa, 0x9c,

    /* U+5174 "兴" */
    0x0, 0xf2, 0x40, 0x7, 0xf2, 0x0, 0x44, 0xe0,
    0x11, 0x7b, 0x0, 0xa, 0xd8, 0x0, 0x80, 0x40,
    0x5, 0x7, 0x0, 0x14, 0x49, 0x1, 0x2, 0x0,
    0x2d, 0xc4, 0x2, 0x74, 0xf0, 0x1, 0xe0, 0x19,
    0xa4, 0x3, 0xa5, 0x84, 0x3e, 0x2, 0x18, 0x40,
    0x21, 0x11, 0xd0, 0x9, 0x1a, 0x22, 0x84, 0x60,
    0xee, 0xfd, 0x61, 0x9d, 0xcd, 0xe, 0xef, 0xfe,
    0xe, 0x80, 0x8c, 0x16, 0x2, 0x29, 0x31, 0x1c,
    0x1, 0xb5, 0x8, 0x0, 0x9a, 0xc0, 0x1e, 0xb2,
    0xc3, 0x0, 0x63, 0x4c, 0x80, 0x21, 0xb5, 0xc2,
    0x0, 0xd3, 0x26, 0xc1, 0xc, 0x5d, 0x20, 0xf,
    0x35, 0x92, 0x87, 0xe1, 0x80, 0x7e, 0x4e, 0x40,

    /* U+5176 "其" */
    0x0, 0xde, 0xe0, 0x19, 0xb8, 0x3, 0xf0, 0x88,
    0x3, 0xfe, 0x5f, 0xf0, 0xcf, 0xfe, 0x91, 0xff,
    0x20, 0x1, 0x7f, 0xc3, 0x3f, 0xfa, 0x47, 0xfc,
    0x80, 0x1e, 0x12, 0x2c, 0x20, 0x1f, 0xea, 0x99,
    0xd4, 0x1, 0xfe, 0xbb, 0xf0, 0x7, 0xfa, 0x7f,
    0xf4, 0x80, 0x7f, 0xa7, 0xff, 0x48, 0x7, 0xa,
    0x19, 0x87, 0x8c, 0xf7, 0x9, 0x99, 0x0, 0xfa,
    0x64, 0xa5, 0x33, 0x89, 0x66, 0x5e, 0x25, 0x55,
    0x61, 0xd5, 0x56, 0x3f, 0x54, 0xb1, 0x0, 0xa6,
    0x5c, 0x1, 0x9, 0xd5, 0x4, 0x2, 0x3d, 0x4c,
    0x70, 0xd, 0x18, 0xfe, 0x40, 0x12, 0x69, 0x80,
    0x78, 0xf1, 0x88, 0x0,

    /* U+5177 "具" */
    0x0, 0x2f, 0xff, 0xe5, 0x0, 0xf0, 0xf7, 0x78,
    0x40, 0x3e, 0x1e, 0xef, 0x8, 0x7, 0xc3, 0xff,
    0xe1, 0x0, 0xf8, 0x7f, 0xfc, 0x20, 0x1f, 0xf,
    0xff, 0x84, 0x3, 0xe1, 0xcc, 0xf0, 0x80, 0x7c,
    0x3d, 0xde, 0x10, 0xc, 0x67, 0x0, 0x7e, 0x32,
    0x40, 0xff, 0x51, 0x77, 0x78, 0xab, 0xa4, 0x33,
    0x2e, 0x9, 0xcc, 0x23, 0xfe, 0x63, 0x40, 0x26,
    0xd1, 0x10, 0x3, 0x1f, 0x28, 0x40, 0x7, 0xd2,
    0xfa, 0x80, 0x4, 0xcb, 0x7f, 0x10, 0x36, 0xd8,
    0x0, 0xf2, 0x6e, 0x84, 0x0,

    /* U+5178 "典" */
    0x0, 0xfe, 0x10, 0xf, 0xf8, 0xbc, 0x83, 0x90,
    0x3, 0xff, 0x80, 0x60, 0x7, 0x0, 0xf9, 0x37,
    0x5e, 0x19, 0xa1, 0xdb, 0xa4, 0x0, 0xc2, 0x5d,
    0x1, 0x3c, 0x11, 0xc4, 0x20, 0x1e, 0x37, 0x5,
    0x30, 0x63, 0x0, 0xfc, 0x6e, 0xa, 0x60, 0xc6,
    0x1, 0xfb, 0xa0, 0x27, 0x82, 0x38, 0x3, 0xf6,
    0xf8, 0x66, 0x87, 0x68, 0x7, 0xff, 0x27, 0xe8,
    0x3f, 0x43, 0xbc, 0x33, 0xc2, 0xbc, 0xc3, 0x7b,
    0xad, 0xee, 0xd7, 0xdd, 0x69, 0x81, 0x8, 0x8b,
    0x20, 0x44, 0xf7, 0x44, 0x24, 0x1, 0xc, 0x62,
    0x40, 0x1, 0xb0, 0x32, 0x88, 0x0, 0x9c, 0x99,
    0x42, 0x1, 0x1d, 0xd9, 0x1c, 0x0, 0x99, 0x83,
    0x0, 0xf9, 0x39, 0x40,

    /* U+5185 "内" */
    0x0, 0xff, 0xe4, 0x56, 0x0, 0x7f, 0xf0, 0x54,
    0x3, 0xc2, 0x67, 0xc2, 0x67, 0xe1, 0x5c, 0xee,
    0xc8, 0x8e, 0xed, 0x8e, 0x0, 0xcd, 0xd8, 0xe3,
    0x77, 0x1, 0x80, 0x78, 0xcc, 0x1, 0xff, 0x30,
    0x41, 0x80, 0x7f, 0xc, 0x35, 0x63, 0x80, 0x7c,
    0x38, 0x72, 0xf7, 0x14, 0x1, 0xc7, 0xe1, 0x80,
    0x4, 0xc1, 0x10, 0x6, 0x3c, 0xc0, 0x80, 0x47,
    0x62, 0x1, 0xc4, 0x20, 0x1f, 0xfc, 0x73, 0x50,
    0x11, 0x0, 0x7f, 0x75, 0x22, 0xab, 0xc4, 0x3,
    0xed, 0xfb, 0x10,

    /* U+5192 "冒" */
    0x2f, 0xff, 0xfe, 0x3, 0x0, 0x37, 0x7f, 0x67,
    0x9, 0x80, 0x55, 0xbb, 0xec, 0x10, 0xe, 0x8f,
    0xff, 0x80, 0x3c, 0xff, 0xfe, 0xe0, 0x8, 0xbc,
    0x9b, 0x77, 0xd8, 0x1c, 0xa0, 0x9, 0xde, 0xef,
    0xa4, 0x3, 0x12, 0x7f, 0xfa, 0xc8, 0x3, 0xbc,
    0x8b, 0xc2, 0x1, 0xe8, 0xff, 0xf4, 0x0, 0x7a,
    0x3f, 0xfd, 0x0, 0x1e, 0x9c, 0xcf, 0x40, 0x7,
    0xa7, 0x77, 0xd6, 0xe0, 0x1d, 0x1f, 0xfe, 0xa0,
    0xe, 0xaf, 0xff, 0xd8, 0x0,

    /* U+5199 "写" */
    0x6f, 0xff, 0xfe, 0x7, 0x19, 0x76, 0xeb, 0xbb,
    0xe9, 0x33, 0x0, 0xc4, 0x88, 0xfc, 0x4c, 0xcc,
    0x1, 0x21, 0x1f, 0x12, 0x58, 0x8, 0x3b, 0x7f,
    0xfc, 0x1, 0xc3, 0x3d, 0xde, 0xd0, 0xe, 0x23,
    0x11, 0xfc, 0x1, 0x86, 0xff, 0xfd, 0xdc, 0x0,
    0xdd, 0xdf, 0xa4, 0x40, 0x8, 0x67, 0xf8, 0x0,
    0x60, 0x75, 0xdd, 0xf4, 0x87, 0x8, 0x1f, 0x6e,
    0xfd, 0x40, 0x6a, 0x1, 0xfc, 0x75, 0xa9, 0xa0,
    0x1f, 0xc6, 0x6a, 0xd4, 0x0,

    /* U+519C "农" */
    0x0, 0xf8, 0x9c, 0x40, 0x3f, 0xf8, 0xf, 0x2,
    0x1, 0xf1, 0x17, 0x69, 0x17, 0x80, 0x2d, 0xcc,
    0xce, 0x59, 0x9b, 0x40, 0x35, 0xf7, 0x30, 0x33,
    0xba, 0xa1, 0x0, 0x9d, 0xc0, 0xe, 0x6, 0x0,
    0x96, 0x40, 0x28, 0x20, 0x82, 0x5e, 0x0, 0x9d,
    0xc0, 0x1d, 0xf, 0x76, 0x43, 0xb, 0x81, 0x0,
    0xd2, 0xe4, 0xa2, 0xdf, 0x6d, 0x82, 0x0, 0x4d,
    0x64, 0x0, 0xa0, 0x97, 0x8, 0x0, 0x56, 0xdb,
    0xa0, 0x8, 0x68, 0x50, 0x2, 0x2e, 0xb2, 0x0,
    0x95, 0x11, 0x35, 0x0, 0x10, 0x80, 0x47, 0x34,
    0x40, 0xd2, 0xfc, 0xc0, 0x1b, 0x45, 0x31, 0x80,
    0xd, 0xa4, 0xa0, 0x1b, 0x63, 0x4c, 0x3, 0x16,
    0x18,

    /* U+51AC "冬" */
    0x0, 0xea, 0x60, 0xf, 0xfe, 0x9, 0xa8, 0x11,
    0x78, 0x3, 0xee, 0x1b, 0xff, 0xdb, 0x20, 0x1e,
    0xa3, 0xf, 0xdd, 0x90, 0x68, 0x3, 0xa5, 0x31,
    0xb0, 0x81, 0xdb, 0x44, 0x3, 0x1b, 0xe9, 0x42,
    0x65, 0x45, 0x98, 0x7, 0x1f, 0x18, 0x3, 0xc5,
    0x56, 0x0, 0xfc, 0x71, 0xd7, 0x16, 0xfd, 0x6c,
    0x60, 0x15, 0xfe, 0x1d, 0xd9, 0x93, 0x6c, 0x67,
    0x3c, 0x43, 0x67, 0xad, 0x2b, 0xb6, 0x5e, 0xbe,
    0xa8, 0x20, 0xcc, 0x10, 0x1f, 0xc5, 0x4f, 0x0,
    0x2a, 0x80, 0x39, 0x1c, 0xcd, 0x1b, 0x80, 0x1f,
    0xc7, 0x19, 0xd4, 0xa2, 0x1, 0xfc, 0xff, 0x92,
    0x35, 0xca, 0x1, 0xfe, 0x37, 0xbf, 0xa5, 0x0,
    0xc0,

    /* U+51B0 "冰" */
    0x0, 0xfe, 0xf5, 0x0, 0xf2, 0x18, 0x7, 0xc2,
    0x1, 0xef, 0xe1, 0x0, 0xff, 0xe0, 0xd1, 0xd0,
    0x7, 0x84, 0xb, 0x48, 0x0, 0x3a, 0x2d, 0xff,
    0x18, 0x10, 0x70, 0x80, 0x63, 0xa7, 0xcc, 0x1,
    0x5, 0x58, 0xe9, 0x0, 0x65, 0x13, 0x0, 0x8,
    0x13, 0x60, 0x80, 0x75, 0xa8, 0x2a, 0x0, 0x11,
    0x84, 0x3, 0xa0, 0xd4, 0x2b, 0x0, 0x1e, 0x8a,
    0x1, 0x89, 0xe4, 0xc, 0xca, 0x0, 0x77, 0x58,
    0x80, 0x5c, 0x88, 0xe, 0x52, 0x0, 0xa0, 0xf0,
    0x40, 0x8e, 0x2, 0xce, 0xc0, 0x3b, 0x8b, 0x4,
    0xb4, 0xc9, 0xac, 0x44, 0x40, 0x20, 0x77, 0xc2,
    0x4, 0x5, 0xaa, 0xd, 0xa0, 0x40, 0x4, 0x30,
    0xf, 0xcb, 0x3c, 0x1, 0xe0,

    /* U+51B2 "冲" */
    0x0, 0xfe, 0x6f, 0x0, 0xe1, 0x10, 0x7, 0x8c,
    0x40, 0x3b, 0x70, 0x40, 0x3f, 0xf8, 0x1c, 0x78,
    0x2b, 0xff, 0x50, 0xff, 0xda, 0x5, 0x86, 0xe0,
    0x3d, 0xca, 0x1e, 0xe4, 0x8, 0x0, 0xbd, 0x80,
    0x2, 0x20, 0x0, 0x88, 0x3, 0x84, 0x3, 0xff,
    0x84, 0xd2, 0x1, 0xff, 0xc1, 0xb3, 0x1, 0xff,
    0x50, 0xff, 0xa0, 0x2, 0x62, 0xb0, 0x1e, 0xe4,
    0x8f, 0x71, 0xc4, 0x6, 0x1c, 0x5e, 0x44, 0x46,
    0x2, 0x2a, 0x80, 0xa0, 0x90, 0x27, 0x0, 0xf1,
    0x28, 0xbc, 0x8, 0x7, 0x84, 0x3, 0xe, 0x30,
    0x7, 0xff, 0x0,

    /* U+51B3 "决" */
    0x0, 0xfc, 0xb8, 0x1, 0xf1, 0x98, 0x3, 0xc6,
    0x1, 0xf4, 0xe9, 0x0, 0xc, 0x88, 0x4, 0x50,
    0x80, 0x54, 0x5e, 0x29, 0xb9, 0x21, 0x98, 0xd4,
    0x0, 0xda, 0x8, 0x8e, 0xe5, 0x8f, 0x70, 0x40,
    0x38, 0x75, 0x40, 0x31, 0x80, 0x7f, 0x10, 0x6,
    0x30, 0xf, 0xf7, 0x46, 0xff, 0xa4, 0xbf, 0xc3,
    0x5e, 0x20, 0x4, 0x3a, 0xfd, 0xe3, 0x7, 0xee,
    0xb4, 0x40, 0x10, 0xc4, 0x58, 0xdd, 0x80, 0x44,
    0x40, 0x7, 0x38, 0x0, 0xb9, 0x60, 0xe8, 0x3,
    0xa5, 0x84, 0x1, 0x67, 0x61, 0xc9, 0x64, 0x1,
    0x7c, 0x1, 0x62, 0xe8, 0x81, 0xda, 0xed, 0x10,
    0x8, 0xd8, 0x38, 0x60, 0x12, 0x62, 0xb1, 0x0,
    0x43, 0x9a, 0x40, 0x1c, 0x55, 0x80,

    /* U+51B7 "冷" */
    0x0, 0xff, 0xe6, 0xe, 0x98, 0x7, 0x8d, 0x0,
    0x39, 0xc9, 0x40, 0x3d, 0x76, 0x30, 0xd, 0xd,
    0x24, 0x1, 0xd0, 0xba, 0x40, 0x9, 0x29, 0x7f,
    0x10, 0xe, 0xa5, 0x60, 0x66, 0x72, 0xc3, 0xf9,
    0x80, 0x75, 0xa3, 0x4d, 0x85, 0x2d, 0x26, 0x40,
    0x80, 0x48, 0xb3, 0x68, 0x53, 0x43, 0x50, 0xa0,
    0x1a, 0x8f, 0x1c, 0x88, 0x92, 0x64, 0xba, 0x20,
    0x6, 0x6, 0x4d, 0xcc, 0xa3, 0x36, 0x0, 0x35,
    0xc0, 0x3f, 0x77, 0x39, 0x50, 0x5, 0x6, 0xc0,
    0x13, 0x10, 0x2b, 0x78, 0x4, 0x4f, 0x20, 0x1b,
    0x35, 0xaa, 0x48, 0x2, 0x36, 0x70, 0xd, 0x51,
    0x26, 0xc0, 0x18, 0x64, 0x3, 0xcf, 0x67, 0x40,
    0x1f, 0xfc, 0x14, 0xcf, 0x0, 0xc0,

    /* U+51C0 "净" */
    0x0, 0xf9, 0x0, 0x3f, 0xf8, 0x45, 0x6e, 0x1,
    0xfa, 0xa0, 0x2, 0x90, 0xbc, 0xc9, 0x0, 0x37,
    0xbb, 0x3, 0x25, 0xff, 0x80, 0x8, 0x1, 0x96,
    0x20, 0x93, 0x24, 0x30, 0x3f, 0x0, 0xf3, 0xfc,
    0x1c, 0xf7, 0x30, 0x37, 0xb8, 0x1, 0xc3, 0xb9,
    0xbf, 0x3, 0xdf, 0x62, 0x1, 0xe1, 0x11, 0x9,
    0x80, 0x88, 0x0, 0x22, 0x0, 0x9e, 0x3b, 0xfd,
    0x43, 0xfe, 0xa0, 0xe8, 0x0, 0x2c, 0x4f, 0xfd,
    0x43, 0xfe, 0xb0, 0xf9, 0x0, 0x4b, 0xa, 0xa2,
    0x34, 0x11, 0x6, 0x1, 0x90, 0xe0, 0x27, 0xfc,
    0xa3, 0xfe, 0xc4, 0x0, 0xa5, 0x84, 0x32, 0xed,
    0x3, 0x77, 0x80, 0x27, 0xb0, 0xf, 0xfe, 0x15,
    0x10, 0x4, 0x53, 0x6, 0x1, 0xff, 0xc0, 0x25,
    0x4e, 0x0, 0xf0,

    /* U+51C6 "准" */
    0x0, 0xf0, 0xc9, 0x1d, 0x0, 0x79, 0xc8, 0x2,
    0x76, 0x32, 0x7a, 0x0, 0xed, 0xc2, 0x0, 0x52,
    0x0, 0x27, 0x4, 0x84, 0x1, 0x49, 0x82, 0x86,
    0xbf, 0xeb, 0x8f, 0xcb, 0x0, 0xa9, 0x86, 0x2,
    0x3b, 0x81, 0x7d, 0xca, 0x0, 0xd0, 0xe6, 0x2,
    0x30, 0x18, 0x90, 0x7, 0x86, 0x6, 0x7f, 0xc1,
    0x1f, 0x86, 0x1, 0x9d, 0x9c, 0x23, 0xb8, 0x17,
    0xdc, 0x30, 0x9, 0x64, 0x3, 0xff, 0x85, 0x2c,
    0x1, 0x4f, 0xf8, 0x2b, 0xfc, 0x60, 0x3, 0x35,
    0x0, 0x53, 0xfe, 0xa, 0xff, 0x18, 0x3, 0xd0,
    0x80, 0x3f, 0xf8, 0x2, 0x5c, 0x1, 0xa7, 0xfc,
    0x15, 0xff, 0x10, 0xfa, 0x80, 0x68, 0xdd, 0xf6,
    0x10, 0x8, 0x7, 0x9, 0x17, 0x8c, 0x0,

    /* U+51C9 "凉" */
    0x0, 0xfe, 0x20, 0xf, 0xfe, 0x11, 0xe9, 0x80,
    0x79, 0x4, 0x3, 0x8d, 0x94, 0x3, 0xd1, 0xa0,
    0x3f, 0xf9, 0xa7, 0xff, 0x0, 0x34, 0xa8, 0x77,
    0x5d, 0xde, 0xdd, 0x0, 0x6, 0x9c, 0x8, 0x82,
    0x3e, 0x22, 0x0, 0x49, 0xa0, 0xd, 0xff, 0xf6,
    0x80, 0x7f, 0x4f, 0xfe, 0x80, 0xf, 0x3b, 0x0,
    0x4, 0x78, 0x3, 0xc3, 0x20, 0x14, 0x77, 0x68,
    0x0, 0xe8, 0x26, 0xd, 0xff, 0x2b, 0x7f, 0xb4,
    0x2, 0x46, 0xe0, 0x6, 0x40, 0x4, 0x5a, 0x60,
    0x1, 0xa7, 0x20, 0x72, 0xa0, 0x8, 0x9b, 0x48,
    0x6, 0x60, 0x12, 0x28, 0x80, 0x2, 0x16, 0x5e,
    0x0, 0x70, 0x1, 0x3a, 0x2f, 0xaf, 0x80, 0x37,
    0xc0, 0x39, 0xa0, 0x15, 0xe9, 0xc0, 0x2, 0x40,

    /* U+51CF "减" */
    0x0, 0xff, 0xe6, 0xa7, 0x8e, 0x90, 0x7, 0xff,
    0x4, 0x5f, 0xc0, 0x2c, 0x40, 0x11, 0xe0, 0x11,
    0x45, 0x8, 0x1, 0xe4, 0x3f, 0xfa, 0x87, 0xf2,
    0x60, 0x1, 0x24, 0xe7, 0xbd, 0xd7, 0x87, 0x75,
    0x20, 0x2, 0xb6, 0x7, 0xff, 0x9c, 0x4, 0x30,
    0xc0, 0x24, 0x10, 0x7f, 0xf9, 0x80, 0xd0, 0xc8,
    0x2, 0x58, 0x30, 0xef, 0xf3, 0x13, 0x6a, 0x88,
    0x5, 0x22, 0x3b, 0x94, 0x1f, 0x5a, 0x40, 0x22,
    0x3a, 0x0, 0xf6, 0x31, 0x98, 0x2, 0x85, 0x0,
    0x10, 0x10, 0x82, 0x84, 0x80, 0x46, 0xb0, 0x84,
    0x9, 0x0, 0x7e, 0x18, 0x4, 0x2, 0xe5, 0x68,
    0x17, 0x77, 0xe, 0x31, 0xcc, 0x14, 0x29, 0xd0,
    0x0, 0xb5, 0xb0, 0xe7, 0x12, 0x40, 0xe, 0xe3,
    0x0, 0x15, 0x60, 0x83, 0x55, 0x4,

    /* U+51FA "出" */
    0x0, 0xf7, 0xa8, 0x7, 0x84, 0x40, 0x10, 0x88,
    0x2, 0x10, 0x4, 0x58, 0x7, 0xee, 0x40, 0x1,
    0x80, 0x7e, 0x10, 0xf, 0xfe, 0x21, 0x91, 0x40,
    0x45, 0x80, 0x21, 0x4c, 0xc8, 0x63, 0x32, 0x0,
    0xa7, 0xbb, 0xd, 0x77, 0x64, 0x47, 0x0, 0x7f,
    0x36, 0x80, 0x7f, 0xc6, 0x1, 0xff, 0xd1, 0xcc,
    0xc3, 0x39, 0x94, 0x2, 0xdc, 0x46, 0xb9, 0x88,
    0x94, 0x5, 0x13, 0xfd, 0xa0,

    /* U+51FB "击" */
    0x0, 0xfb, 0x98, 0x3, 0xff, 0x84, 0x66, 0x0,
    0xfe, 0x32, 0x11, 0x80, 0xc4, 0x62, 0x10, 0xd,
    0x9b, 0xdd, 0x14, 0xf7, 0x5b, 0x0, 0x1b, 0xff,
    0x8a, 0xbf, 0xf4, 0x80, 0x7f, 0xf1, 0x8d, 0x13,
    0xc7, 0xa8, 0x9e, 0x4, 0xff, 0xf0, 0xaf, 0xff,
    0x85, 0xee, 0xfc, 0x51, 0x77, 0xe1, 0x0, 0x2f,
    0x0, 0x7e, 0xf5, 0x0, 0xe1, 0x0, 0xff, 0xea,
    0x22, 0x47, 0xa8, 0x90, 0x7, 0x85, 0x3f, 0xe5,
    0x3f, 0xf8, 0x3, 0x0,

    /* U+5200 "刀" */
    0x0, 0x21, 0x9f, 0xfc, 0x20, 0x35, 0xdd, 0x6e,
    0x77, 0x76, 0x10, 0xf, 0x6e, 0xcc, 0x5b, 0xbb,
    0xc0, 0x40, 0x3c, 0x2c, 0x1, 0x84, 0xc, 0x3,
    0xc4, 0x20, 0x1f, 0xfc, 0x16, 0x20, 0xc, 0xe0,
    0x20, 0x1c, 0x25, 0xa0, 0x18, 0x40, 0x3e, 0x40,
    0x40, 0xf, 0xfe, 0x4, 0xa0, 0x80, 0x63, 0x10,
    0xe, 0x63, 0x80, 0xe, 0x13, 0x0, 0xc9, 0x2e,
    0x60, 0x1d, 0xe0, 0x1a, 0x2d, 0x60, 0x3, 0xc6,
    0xc0, 0x3a, 0xee, 0xa0, 0xc, 0x5d, 0xe9, 0xa0,
    0x33, 0x90, 0x1, 0xc4, 0xee, 0xc6, 0x0,

    /* U+5206 "分" */
    0x0, 0xff, 0xe3, 0xb9, 0x80, 0xe9, 0x0, 0x7e,
    0x28, 0x50, 0x11, 0x40, 0x7, 0xeb, 0x26, 0x0,
    0x7a, 0xa8, 0x3, 0xc6, 0xd0, 0x1, 0x1b, 0x51,
    0x0, 0x77, 0x2a, 0x80, 0x34, 0x9e, 0xa0, 0x5,
    0x67, 0x60, 0x1e, 0xc4, 0xb9, 0x1a, 0x49, 0xef,
    0xff, 0xb1, 0xd0, 0x23, 0x1a, 0xec, 0x11, 0x99,
    0x8, 0xa3, 0x44, 0x8c, 0x51, 0x81, 0x4c, 0xe1,
    0x20, 0xf, 0x90, 0x48, 0x0, 0x20, 0xc0, 0x1f,
    0x5b, 0x80, 0x44, 0x4, 0x1, 0xeb, 0x38, 0x0,
    0x98, 0x3, 0xc9, 0x8b, 0x82, 0x6, 0xf0, 0x80,
    0x18, 0xed, 0xfc, 0x80, 0x29, 0x69, 0x0, 0xc7,
    0xd6, 0x20, 0x11, 0xf5, 0x90, 0x6,

    /* U+5207 "切" */
    0x0, 0xf, 0x88, 0xa, 0x19, 0xf8, 0x40, 0x3c,
    0x93, 0xf9, 0xbf, 0xed, 0x90, 0xf, 0x2e, 0xe1,
    0xce, 0x61, 0x7c, 0x3, 0x88, 0xc0, 0x3c, 0xe2,
    0x57, 0x81, 0xd9, 0x40, 0x1, 0x10, 0x6, 0x3c,
    0x80, 0xee, 0x48, 0x0, 0xcc, 0x0, 0x13, 0x17,
    0x40, 0xf, 0xb, 0x80, 0xc, 0x40, 0x3f, 0x20,
    0x10, 0x0, 0x40, 0x3c, 0xd8, 0x1c, 0xa0, 0x19,
    0xc0, 0x35, 0x44, 0x92, 0xf0, 0x6, 0x10, 0x3,
    0x0, 0xfa, 0xc9, 0xa0, 0x0, 0x40, 0xc0, 0xd,
    0x34, 0x34, 0xba, 0x0, 0x16, 0x1, 0x0, 0xb,
    0x6, 0x26, 0x88, 0x2f, 0x42, 0x0, 0x7a, 0x34,
    0xc0, 0xb, 0x39, 0x60,

    /* U+5212 "划" */
    0x0, 0xff, 0xe2, 0xaf, 0x80, 0xd9, 0x0, 0x76,
    0x28, 0x1, 0x80, 0x2, 0x7e, 0x0, 0x72, 0x2,
    0x0, 0x88, 0x4, 0x23, 0x8, 0x21, 0x80, 0xc0,
    0x6, 0x81, 0x57, 0xdc, 0xc0, 0xf, 0x26, 0x58,
    0xf, 0x6f, 0x70, 0x3, 0xc9, 0xdc, 0x42, 0x52,
    0xc3, 0x0, 0xf8, 0x40, 0xcc, 0x16, 0x6, 0x1,
    0xfd, 0x88, 0xe9, 0xe0, 0x1f, 0xe4, 0x8, 0xd2,
    0x0, 0xff, 0x40, 0x19, 0x80, 0x3f, 0x8f, 0x17,
    0x9, 0xc1, 0x8b, 0xd0, 0x2, 0x3c, 0x6d, 0x3a,
    0x87, 0xba, 0x2, 0x21, 0x81, 0xdd, 0x0, 0x12,
    0xa0, 0xac, 0x2f, 0x45, 0xc1, 0x0, 0x32, 0xf6,
    0x98, 0x5d, 0xb8, 0x80,

    /* U+521B "创" */
    0x0, 0xe2, 0x0, 0xff, 0xe0, 0xae, 0x90, 0x7,
    0xb9, 0x0, 0x34, 0x5, 0x80, 0x7f, 0xd2, 0x78,
    0xba, 0x41, 0x44, 0x6, 0x1, 0x2b, 0x51, 0xe3,
    0x61, 0x28, 0x80, 0x65, 0xa9, 0x40, 0x5, 0xa1,
    0x80, 0x80, 0x43, 0x69, 0x1d, 0xda, 0x84, 0x3,
    0x87, 0xe0, 0x77, 0x50, 0x20, 0x1f, 0x84, 0x4,
    0xcc, 0xa0, 0x1f, 0xfc, 0x27, 0x0, 0xff, 0xe0,
    0xc4, 0x98, 0x7, 0xff, 0x5, 0x38, 0x4, 0x4,
    0x3, 0xf4, 0x49, 0x49, 0xf9, 0x80, 0x78, 0x48,
    0x44, 0x6c, 0xc0, 0x8, 0xc0, 0x23, 0x2d, 0xee,
    0x62, 0x20, 0x13, 0xc5, 0x40, 0x2d, 0xff, 0xd6,
    0x0, 0x49, 0xd1,

    /* U+521D "初" */
    0x0, 0xc2, 0x1, 0xff, 0xc1, 0x5f, 0x0, 0xff,
    0xe0, 0xa8, 0x38, 0x56, 0x67, 0xa0, 0x3, 0x63,
    0x87, 0xd2, 0x1c, 0xc9, 0xc8, 0x1b, 0xfd, 0xbe,
    0xea, 0xd8, 0x2a, 0xa2, 0x30, 0x7c, 0xd9, 0x6,
    0x0, 0x9, 0x80, 0xc, 0x40, 0x4c, 0xa9, 0xc4,
    0x40, 0x62, 0x0, 0x1f, 0x0, 0x98, 0xea, 0x74,
    0x5, 0xc0, 0xe, 0x1, 0x1c, 0x87, 0xbf, 0x7,
    0x18, 0x4, 0x20, 0x98, 0x62, 0x4, 0x40, 0x5e,
    0x0, 0x9, 0x8d, 0xb4, 0x6, 0x14, 0x9, 0xa8,
    0x0, 0xc4, 0x59, 0x20, 0x1, 0xd8, 0x61, 0x30,
    0x0, 0x80, 0xc, 0x3, 0x18, 0x4c, 0x80, 0x33,
    0x80, 0x7d, 0x40, 0xe0, 0x2, 0x1, 0x0, 0xf3,
    0xad, 0x0, 0xe6, 0x4, 0x80, 0x21, 0x10, 0x74,
    0x20, 0xb, 0xa6, 0x80,

    /* U+5229 "利" */
    0x0, 0xff, 0xe3, 0x8b, 0x57, 0xb0, 0x6, 0xe6,
    0x3, 0xce, 0xe4, 0x8b, 0x90, 0x7, 0xc6, 0x97,
    0x21, 0x70, 0x80, 0x62, 0x1, 0xd0, 0xa4, 0x1,
    0xda, 0xe0, 0x19, 0x59, 0x9a, 0xc, 0xc7, 0x23,
    0x0, 0xed, 0xcc, 0x28, 0x66, 0x35, 0x80, 0x3d,
    0x15, 0x47, 0x9, 0xaa, 0x20, 0x7, 0xe3, 0x40,
    0xd3, 0x0, 0xff, 0x71, 0x84, 0x69, 0x0, 0x7e,
    0x93, 0x80, 0x64, 0x40, 0x18, 0x7, 0x3b, 0x50,
    0x5, 0x4c, 0x6, 0x1, 0xd4, 0xe8, 0x1, 0xed,
    0x60, 0xd, 0xf0, 0x1, 0xff, 0xc1, 0x20, 0xf,
    0xe7, 0xa1, 0x30, 0xf, 0xfb, 0xdd, 0x94,

    /* U+522B "别" */
    0x0, 0xff, 0xe0, 0xfa, 0x0, 0x3f, 0xfc, 0x40,
    0x18, 0x40, 0x35, 0x6e, 0xc0, 0x17, 0x28, 0x7,
    0x84, 0x88, 0x60, 0x11, 0x80, 0x7d, 0xd3, 0x28,
    0x0, 0xff, 0x39, 0xa9, 0x83, 0x18, 0x7, 0xe8,
    0x92, 0xd9, 0x90, 0x80, 0x7c, 0xab, 0x7, 0xaa,
    0x90, 0x3, 0xe9, 0x88, 0xa, 0xc4, 0x28, 0x3,
    0xec, 0xdc, 0xf, 0xde, 0x0, 0x18, 0x7, 0xc8,
    0x24, 0xe, 0x60, 0x1f, 0xd0, 0xc0, 0x1d, 0x88,
    0x1, 0x87, 0xe, 0x40, 0x6, 0x20, 0x42, 0x2,
    0x5, 0xe5, 0x82, 0x5f, 0x16, 0x0, 0xae, 0x5,
    0x28, 0xf2, 0x2, 0x9d, 0x70, 0x7, 0x4e, 0x88,

    /* U+5230 "到" */
    0x0, 0xff, 0xe0, 0xfb, 0x7, 0x7f, 0xfc, 0x20,
    0x10, 0x80, 0x3f, 0xb0, 0x6f, 0xba, 0x1e, 0x50,
    0x1, 0x80, 0x8a, 0x4d, 0x5e, 0x4, 0x0, 0x20,
    0x1c, 0xc9, 0x82, 0x4c, 0x80, 0x1f, 0x54, 0xa3,
    0x46, 0x8d, 0x8, 0x7, 0x8c, 0xc1, 0x4b, 0xd6,
    0x44, 0x0, 0xf4, 0xe5, 0x3b, 0x3a, 0xe1, 0x80,
    0x78, 0xd5, 0x42, 0xea, 0xa4, 0x0, 0xf9, 0x3b,
    0xd4, 0xbf, 0xb0, 0x3, 0xe7, 0xba, 0x45, 0xab,
    0x80, 0x10, 0xf, 0xf1, 0x23, 0x96, 0xa0, 0x4,
    0x33, 0x78, 0xa9, 0xb3, 0x80, 0x40, 0x1, 0x1,
    0x51, 0xbb, 0x6f, 0xed, 0x90, 0x57, 0x3, 0x6,
    0x53, 0xa1, 0x0, 0x77, 0xce, 0x18,

    /* U+5236 "制" */
    0x0, 0xde, 0xe0, 0x1f, 0x6a, 0x84, 0x58, 0x8,
    0x80, 0x3e, 0x30, 0x2, 0xbb, 0xe, 0x33, 0x41,
    0x88, 0x1, 0x21, 0x2f, 0x83, 0x7f, 0xc0, 0x40,
    0x1c, 0xf3, 0x21, 0xa9, 0x98, 0x3, 0xc4, 0x33,
    0x21, 0xd9, 0x98, 0x80, 0x38, 0xbf, 0xe0, 0x1f,
    0xf8, 0xc0, 0x39, 0x19, 0xa1, 0xc6, 0x68, 0x40,
    0x3d, 0xbd, 0xc1, 0x8e, 0xe8, 0x3, 0xe3, 0x8f,
    0x19, 0xfb, 0x10, 0x10, 0xf, 0x18, 0x80, 0x8c,
    0x1, 0xff, 0xc1, 0x3e, 0x0, 0x7a, 0x0, 0x61,
    0x0, 0xcc, 0x8e, 0x1, 0x8, 0xc1, 0xea, 0x2,
    0xb, 0xd0, 0x0, 0x8f, 0x55, 0x0, 0x6f, 0x60,
    0xe, 0x8e, 0xa1,

    /* U+5237 "刷" */
    0x0, 0xff, 0xe0, 0xea, 0x0, 0x3b, 0xff, 0xc6,
    0x8, 0x0, 0x70, 0x1, 0xdf, 0xfe, 0x10, 0x2b,
    0x0, 0xf1, 0xaa, 0xe1, 0x0, 0x8, 0x7, 0x1e,
    0x7f, 0xe5, 0x10, 0xf, 0x86, 0x6a, 0xc2, 0xa8,
    0x40, 0x1f, 0x8c, 0x0, 0xa0, 0x1f, 0xc4, 0x13,
    0xfc, 0x1f, 0xe8, 0x0, 0xf3, 0x90, 0x37, 0x7,
    0xaf, 0x80, 0x78, 0x9c, 0x3, 0xff, 0x83, 0x7a,
    0x1, 0xf8, 0x40, 0x23, 0x32, 0x80, 0x61, 0x60,
    0x2c, 0x0, 0x98, 0xc8, 0x40, 0x27, 0x14, 0x3,
    0x0, 0x97, 0x2, 0xec, 0x60, 0xda, 0x60, 0x58,
    0x40, 0x18, 0x88, 0x0, 0x10, 0x8, 0x9d, 0xc6,

    /* U+5238 "券" */
    0x0, 0xf1, 0x8, 0x7, 0xf2, 0xa8, 0x1, 0xd0,
    0x0, 0x69, 0x0, 0xe2, 0xb1, 0x1, 0xc0, 0x39,
    0xc0, 0xe, 0x77, 0x18, 0x13, 0x3, 0x3a, 0x80,
    0x6a, 0xe7, 0xce, 0xd, 0xeb, 0x6e, 0xf0, 0xa,
    0xf3, 0xfd, 0x27, 0xff, 0xda, 0x0, 0x13, 0x30,
    0x3, 0x14, 0x3, 0xc4, 0x11, 0x9f, 0xee, 0x47,
    0xff, 0x77, 0xfb, 0x3c, 0x27, 0xb9, 0x41, 0x5d,
    0xd2, 0x17, 0x73, 0x40, 0x5, 0x57, 0x4a, 0x1,
    0x50, 0xe2, 0x0, 0x2b, 0x40, 0x6b, 0xff, 0x71,
    0x2d, 0xf2, 0x4e, 0x57, 0xf9, 0x93, 0xfd, 0x41,
    0x3a, 0xc8, 0x66, 0x1, 0x26, 0xe0, 0x8, 0x40,
    0xa0, 0x3, 0x2e, 0x2a, 0x80, 0x1a, 0x60, 0x1c,
    0x9d, 0x53, 0x40, 0x5e, 0xee, 0x0, 0xe4, 0x8e,
    0x70, 0x1, 0x4d, 0xd0, 0x6,

    /* U+523A "刺" */
    0x0, 0xef, 0x40, 0xf, 0xfe, 0x4a, 0xf8, 0x44,
    0xcc, 0x1d, 0x32, 0x70, 0x70, 0x11, 0x7, 0x7f,
    0xc0, 0x5f, 0xe2, 0x18, 0x10, 0x9, 0x9b, 0x6,
    0x33, 0x14, 0x0, 0x20, 0x12, 0x7f, 0x70, 0x2b,
    0xbd, 0x40, 0x3e, 0x1e, 0xe0, 0x6f, 0x10, 0x80,
    0x7f, 0xf0, 0xc, 0xc0, 0x1f, 0x94, 0x1c, 0x1,
    0x24, 0xa0, 0x1e, 0x4b, 0x38, 0x5, 0xcc, 0x8,
    0x0, 0x40, 0x31, 0x6c, 0x0, 0xcc, 0x0, 0x4,
    0x3, 0x26, 0x33, 0x82, 0x63, 0xc0, 0xf0, 0x80,
    0x6, 0x6e, 0x0, 0x23, 0xd8, 0x1, 0x2c, 0x1,
    0xd5, 0x0, 0x9c, 0x8, 0x0, 0x58, 0x96,

    /* U+524D "前" */
    0x0, 0xe4, 0x0, 0xe4, 0x0, 0xfc, 0x56, 0xc0,
    0x12, 0x59, 0x80, 0x7c, 0x51, 0x80, 0x17, 0xb1,
    0x80, 0x45, 0xb9, 0x95, 0xb6, 0x64, 0x88, 0xcc,
    0xa0, 0xa7, 0xff, 0xf6, 0x77, 0xfa, 0x2c, 0x11,
    0x91, 0x38, 0x8c, 0xe1, 0x84, 0x30, 0x7, 0x58,
    0x3, 0xe0, 0xd3, 0x40, 0x8, 0x1, 0x85, 0x1d,
    0xd2, 0x6, 0x6, 0x1, 0xf9, 0xb7, 0x58, 0x1,
    0xff, 0xc0, 0x7c, 0xc7, 0x80, 0x7f, 0xf0, 0x9,
    0x12, 0x0, 0xff, 0xe0, 0x3e, 0x64, 0x0, 0x10,
    0xf, 0xe4, 0x99, 0x58, 0x1, 0x2c, 0x3, 0xff,
    0x84, 0x2a, 0x1, 0xfe, 0x5a, 0x0, 0xcf, 0xc0,
    0x1c, 0x20, 0x6, 0x77, 0x8, 0x0, 0x82, 0x40,
    0x0,

    /* U+526A "剪" */
    0x0, 0xff, 0xe4, 0x5b, 0x0, 0x6a, 0x70, 0xe,
    0x11, 0x4, 0x60, 0x4, 0xa8, 0xa0, 0x22, 0x0,
    0x77, 0xf6, 0xa7, 0x75, 0x61, 0x9d, 0xfc, 0x0,
    0xfa, 0xbb, 0xef, 0xee, 0xae, 0x3c, 0x2, 0xfe,
    0xdd, 0xad, 0x16, 0xc3, 0x70, 0x3, 0x99, 0x12,
    0x10, 0xf, 0xf9, 0x26, 0x62, 0x0, 0xff, 0x97,
    0xfe, 0x31, 0x0, 0xff, 0x5d, 0x50, 0x85, 0xd6,
    0xdd, 0xb4, 0x3, 0x4b, 0x0, 0x33, 0x4c, 0x0,
    0x9a, 0xe0, 0x10, 0xef, 0x7f, 0xaf, 0x7f, 0xec,
    0xc3, 0x80, 0x43, 0xff, 0x86, 0x7f, 0xf1, 0x8,
    0x7, 0x86, 0xc9, 0x80, 0x31, 0x28, 0x4, 0x2f,
    0x7c, 0x78, 0x0, 0x3c, 0xe1, 0x30, 0x8, 0x73,
    0x1d, 0x0, 0x11, 0xdd, 0xbc, 0x2,

    /* U+5272 "割" */
    0x0, 0xff, 0xe3, 0xb6, 0x80, 0x7c, 0x72, 0x4,
    0x52, 0x8a, 0x11, 0x40, 0x13, 0x30, 0x37, 0xa6,
    0x1f, 0xe7, 0xb0, 0xbc, 0x0, 0x20, 0x5d, 0x74,
    0x95, 0x7e, 0xa0, 0x1e, 0xde, 0xdc, 0xc, 0xd8,
    0xb0, 0xf, 0xb7, 0x3c, 0x3f, 0x28, 0x3, 0xf7,
    0xfb, 0x3, 0x3f, 0x40, 0x3f, 0x77, 0x3c, 0x3f,
    0xb0, 0x3, 0xc3, 0xdb, 0xac, 0xc, 0xdd, 0x48,
    0x7, 0xf, 0x6e, 0xb0, 0x33, 0x75, 0x20, 0x1e,
    0x1f, 0xf7, 0x7, 0x7f, 0x0, 0x7f, 0x67, 0xfd,
    0x62, 0x7, 0x0, 0x1e, 0x63, 0x38, 0x80, 0x2,
    0xe0, 0x60, 0x1a, 0x62, 0x2a, 0x0, 0xd9, 0x50,
    0x3, 0xb9, 0x77, 0x67, 0x80, 0x59, 0x86,

    /* U+529B "力" */
    0x0, 0xe2, 0xd3, 0x0, 0xff, 0xe0, 0x10, 0x7,
    0xff, 0x24, 0x50, 0xce, 0x70, 0x53, 0x3e, 0x25,
    0xad, 0xda, 0xc2, 0x37, 0x76, 0x52, 0x77, 0x6a,
    0xf, 0xee, 0xc1, 0xc0, 0x1c, 0x40, 0x20, 0x1c,
    0x60, 0x1d, 0xe4, 0x1, 0x84, 0x4, 0x3, 0x91,
    0x0, 0x18, 0xc1, 0xc0, 0x32, 0x15, 0x0, 0x61,
    0x1, 0x0, 0xd2, 0x86, 0x1, 0x9c, 0xc, 0x2,
    0xb2, 0x90, 0xe, 0x20, 0x10, 0x2c, 0x4b, 0x20,
    0x0, 0x92, 0x59, 0x3, 0xe9, 0x62, 0x0, 0x45,
    0xb6, 0x50, 0xc, 0xfe, 0x60, 0x18, 0xe6, 0xfd,
    0x40,

    /* U+529D "劝" */
    0x0, 0xff, 0x18, 0x7, 0xff, 0xb, 0x14, 0x3,
    0xff, 0x84, 0x20, 0x1a, 0xfb, 0xb8, 0x40, 0x2,
    0x1, 0xd5, 0xff, 0x58, 0xa6, 0x60, 0x67, 0x30,
    0xe0, 0x23, 0x88, 0xd3, 0xfc, 0x17, 0xe1, 0xe0,
    0xc, 0x40, 0xd5, 0x13, 0x30, 0x21, 0x87, 0x80,
    0x2e, 0x89, 0x74, 0x0, 0x40, 0x60, 0x1, 0x0,
    0x3a, 0x60, 0xa0, 0x1, 0xc4, 0x40, 0x20, 0x1a,
    0xc5, 0x40, 0x2c, 0x40, 0x1, 0x98, 0x2, 0x82,
    0x56, 0x0, 0x3e, 0x0, 0x42, 0x0, 0x66, 0x7d,
    0xc9, 0x38, 0xb8, 0x0, 0x40, 0x13, 0x2a, 0x25,
    0x90, 0x87, 0x10, 0x9, 0xc9, 0x6d, 0x40, 0xd,
    0xc5, 0x0, 0xb0, 0x4, 0x4c, 0x40, 0xa, 0x4b,
    0xc0, 0x12, 0xd0, 0x20, 0x1e, 0x9f, 0x20, 0x6,
    0x73, 0x80,

    /* U+529E "办" */
    0x0, 0xf3, 0xd0, 0x7, 0xff, 0xb, 0x9c, 0x3,
    0xff, 0x86, 0x20, 0x1f, 0xe2, 0x33, 0xc0, 0x89,
    0x84, 0x3, 0xab, 0x7b, 0x8a, 0x73, 0x35, 0xa0,
    0x7, 0x47, 0x6e, 0x91, 0xb7, 0x58, 0xc, 0x1,
    0xcc, 0xa0, 0x7, 0x10, 0x1, 0x3, 0x30, 0x3,
    0x47, 0x80, 0xf, 0x40, 0xe, 0x5, 0x22, 0x0,
    0x71, 0x80, 0x30, 0x70, 0x0, 0x83, 0x8c, 0x0,
    0x25, 0x88, 0x2c, 0x88, 0x0, 0x30, 0x4, 0xb0,
    0x84, 0xc0, 0xb, 0xd0, 0x4, 0x22, 0x6, 0x15,
    0x7, 0x10, 0xa2, 0x70, 0xb, 0xcc, 0x7, 0x90,
    0x0, 0x36, 0x9c, 0x1, 0x91, 0x80, 0x3a, 0x39,
    0x70, 0xc0, 0xb3, 0x8f, 0xc0, 0x3b, 0x93, 0xcc,
    0x0, 0x4b, 0x3a, 0x80, 0x18,

    /* U+529F "功" */
    0x0, 0xfe, 0x5b, 0x0, 0xff, 0xe1, 0xa8, 0x7,
    0xa3, 0x33, 0x80, 0x23, 0x0, 0xf5, 0xc2, 0x14,
    0x49, 0x98, 0x8c, 0xf8, 0x0, 0x69, 0xa0, 0x8b,
    0x1d, 0x23, 0xdc, 0xdc, 0x10, 0xf, 0xaf, 0x60,
    0xf7, 0x60, 0x10, 0xf, 0xe1, 0x70, 0x3, 0x80,
    0x7f, 0xde, 0x40, 0x1, 0x10, 0x7, 0xf8, 0xf8,
    0x0, 0x66, 0x0, 0xf0, 0xa9, 0x8a, 0x20, 0x0,
    0x22, 0x0, 0x23, 0xc8, 0xf4, 0xbc, 0x91, 0x80,
    0x39, 0xc0, 0x11, 0x4b, 0x7f, 0x8c, 0xf2, 0x1,
    0x18, 0x80, 0x33, 0x65, 0x0, 0xbd, 0x50, 0xd,
    0x11, 0xa0, 0x1e, 0x3d, 0x6a, 0x0, 0x75, 0xab,
    0x0, 0x78, 0xe6, 0xc0, 0x2c, 0xfb, 0x10,

    /* U+52A0 "加" */
    0x0, 0x8f, 0x4c, 0x3, 0xff, 0x82, 0x44, 0x0,
    0xff, 0xe1, 0x8, 0x5, 0x13, 0x38, 0x82, 0x7b,
    0x43, 0x76, 0x46, 0x31, 0x13, 0x8, 0x5e, 0xc8,
    0xf7, 0xc, 0x1, 0xd1, 0x0, 0x8, 0x8c, 0x4c,
    0xe1, 0x73, 0x0, 0xfc, 0x22, 0x0, 0x84, 0x3,
    0xfb, 0x94, 0x4, 0xc, 0x3, 0xf9, 0x78, 0x2,
    0x10, 0xf, 0xe3, 0x40, 0x30, 0xf, 0xf2, 0x89,
    0x80, 0x88, 0x3, 0xfa, 0x18, 0x0, 0xe6, 0x0,
    0xbf, 0xf0, 0x4, 0xe5, 0x22, 0xf0, 0xc0, 0x71,
    0x76, 0x0, 0xc, 0xc0, 0x8a, 0x9e, 0x40, 0x6,
    0x88, 0x20, 0x1f, 0x70, 0x6, 0xd9, 0x7, 0x20,
    0x3, 0x4c,

    /* U+52A1 "务" */
    0x0, 0xe8, 0x60, 0xf, 0xfe, 0x9, 0x3f, 0x91,
    0x78, 0x3, 0xee, 0x4, 0xee, 0xbf, 0x60, 0x3,
    0xd6, 0x28, 0xd9, 0x90, 0x95, 0x0, 0x76, 0xb6,
    0x53, 0x50, 0xd8, 0xe0, 0x7, 0xbf, 0x44, 0x58,
    0x9c, 0x1a, 0x20, 0x1e, 0x21, 0x49, 0xf3, 0x64,
    0xb6, 0x42, 0x10, 0x6, 0x77, 0x28, 0x35, 0xeb,
    0xb7, 0x57, 0xbe, 0x0, 0x8b, 0xee, 0x49, 0x28,
    0xb, 0x5f, 0xee, 0x0, 0x10, 0xbb, 0xfd, 0xc1,
    0x9f, 0xf8, 0x8, 0x2, 0x7f, 0xf9, 0xcf, 0xfe,
    0xc0, 0x30, 0xf, 0x8d, 0xe4, 0x2, 0x70, 0x10,
    0xf, 0x3e, 0x2a, 0x80, 0x23, 0x10, 0xc, 0x95,
    0xf5, 0x34, 0x0, 0xae, 0x87, 0x0, 0xca, 0x37,
    0xac, 0x1, 0x4c, 0x64, 0x80, 0x40,

    /* U+52A8 "动" */
    0x0, 0xff, 0x3a, 0x80, 0x7f, 0xf0, 0xb3, 0x0,
    0x1c, 0xbb, 0xbb, 0x90, 0x2, 0xe0, 0xe, 0x49,
    0xee, 0xa9, 0x88, 0x81, 0xc4, 0x50, 0x0, 0x50,
    0xce, 0x44, 0x6e, 0x23, 0x66, 0x34, 0x85, 0x13,
    0xc5, 0xfc, 0x91, 0xde, 0x4, 0x4f, 0xf5, 0x53,
    0xfe, 0x0, 0x38, 0x81, 0x80, 0xe, 0xec, 0x77,
    0x78, 0x0, 0x44, 0x1, 0x0, 0xc6, 0x65, 0x48,
    0x0, 0x85, 0x81, 0xc4, 0x2, 0x96, 0x6, 0x73,
    0x3, 0x2, 0x0, 0xe3, 0x59, 0x16, 0x2f, 0xb,
    0x40, 0x0, 0x98, 0x3, 0x83, 0xb9, 0xe, 0x6a,
    0xdc, 0x0, 0x31, 0x0, 0x4d, 0x6f, 0xe5, 0x53,
    0x89, 0x40, 0x1c, 0xe0, 0x4, 0x52, 0x0, 0xbd,
    0x38, 0x22, 0xdf, 0x0, 0x3f, 0x1d, 0x90, 0x69,
    0xdb, 0x80,

    /* U+52A9 "助" */
    0x0, 0xff, 0xe6, 0xf, 0xb0, 0x6, 0x2e, 0xee,
    0x0, 0xc6, 0x1, 0xc3, 0x9f, 0x2, 0x1, 0x84,
    0x3, 0xc6, 0x26, 0x0, 0x89, 0xe, 0x88, 0x20,
    0x4, 0x62, 0x60, 0x3, 0x30, 0x31, 0xb6, 0x0,
    0x5f, 0x90, 0x0, 0xba, 0xf, 0xb2, 0xf0, 0xb,
    0x36, 0xc0, 0x23, 0x2, 0x1, 0x10, 0x7, 0xf3,
    0x0, 0x80, 0xc, 0x2, 0xef, 0xa0, 0x8, 0xc8,
    0x0, 0x62, 0x1, 0x77, 0xd0, 0x5, 0xae, 0x0,
    0x17, 0x0, 0xf8, 0x81, 0x7c, 0x2, 0x10, 0x9,
    0xa6, 0x2, 0x1c, 0x54, 0x4, 0xc, 0xda, 0x14,
    0x33, 0xfd, 0x16, 0xf, 0x60, 0x27, 0x1d, 0xb0,
    0x83, 0x2a, 0xa0, 0xd7, 0x90, 0x3, 0x88, 0x4,
    0x3b, 0x40, 0xa, 0xd6, 0x0,

    /* U+52AA "努" */
    0x0, 0xad, 0x80, 0x3f, 0xc2, 0x22, 0x45, 0x0,
    0x3d, 0xd5, 0x62, 0xb, 0xed, 0xc, 0xff, 0x1b,
    0x1f, 0x92, 0x90, 0x57, 0x95, 0x7b, 0xaa, 0x29,
    0xa9, 0x28, 0x4, 0xe4, 0xc0, 0xd2, 0x14, 0xac,
    0xb0, 0x1, 0x34, 0x77, 0xc, 0xc0, 0x4b, 0x2c,
    0x40, 0x10, 0xab, 0x18, 0xe0, 0x32, 0xa3, 0x41,
    0x2, 0xde, 0x9e, 0xf3, 0x55, 0xde, 0x5e, 0x6,
    0x3d, 0x80, 0x75, 0xbc, 0x40, 0x4d, 0xc0, 0x36,
    0xdf, 0xf5, 0x7, 0x73, 0xfe, 0x50, 0xb, 0xbf,
    0xe1, 0x9f, 0xfb, 0x80, 0x40, 0x3c, 0xe0, 0xc0,
    0x11, 0x83, 0x0, 0x74, 0x42, 0x80, 0x30, 0x81,
    0x80, 0x5, 0xb9, 0xad, 0x0, 0x8, 0xbe, 0x22,
    0x0, 0x34, 0x37, 0xa0, 0x5, 0x94, 0xfa, 0x1,
    0x3f, 0x40, 0x80, 0x68, 0xfb, 0x30, 0x8,

    /* U+52B1 "励" */
    0x0, 0xff, 0xe6, 0xaf, 0x0, 0x61, 0xff, 0xf5,
    0x80, 0x80, 0x7d, 0xbf, 0xfa, 0xc0, 0x6, 0x1,
    0xff, 0xc0, 0x9f, 0x39, 0x92, 0x0, 0x5b, 0xff,
    0xa8, 0x44, 0x1c, 0x86, 0x1, 0x6d, 0x17, 0xf5,
    0xc7, 0x93, 0xb0, 0x6, 0x30, 0x10, 0x11, 0x1,
    0xb8, 0x0, 0x40, 0x21, 0x33, 0x7f, 0x98, 0x4,
    0x40, 0xe0, 0x2, 0x0, 0xa, 0xf9, 0x18, 0x69,
    0x0, 0xc, 0x1c, 0x43, 0x48, 0x0, 0x20, 0xfa,
    0x2, 0x20, 0x25, 0x4, 0xc0, 0x37, 0x22, 0x20,
    0x18, 0x3, 0x9, 0x5, 0x0, 0x4a, 0xcc, 0x40,
    0x5c, 0x13, 0x3d, 0x4d, 0x80, 0xda, 0x80, 0x40,
    0x54, 0x4d, 0x25, 0xa5, 0xa4, 0x9a, 0x74, 0x9,
    0x25, 0xac, 0xd7, 0xed, 0xa4, 0x0, 0x34, 0x2,
    0xc0, 0x80, 0x11, 0x6a, 0x4, 0xea, 0x80,

    /* U+52B3 "劳" */
    0x0, 0xde, 0xa0, 0x9, 0xc0, 0xc, 0x42, 0x1,
    0xe1, 0x0, 0x84, 0x53, 0xdf, 0xe0, 0xaf, 0xf3,
    0x9f, 0xfb, 0x9e, 0xff, 0xe0, 0xaf, 0xf4, 0x1f,
    0xfc, 0xc0, 0x1a, 0x18, 0x0, 0x74, 0x1, 0x9b,
    0xfe, 0x8c, 0xff, 0x5c, 0xff, 0xca, 0x0, 0xff,
    0xb8, 0xef, 0xff, 0x8, 0x19, 0x80, 0x22, 0x36,
    0x0, 0xca, 0x2b, 0x9b, 0xb8, 0x3f, 0x76, 0xbb,
    0x20, 0x3, 0xf3, 0x8, 0xd9, 0x95, 0x38, 0x6,
    0x21, 0x25, 0xb1, 0x18, 0x18, 0x3, 0x8f, 0x60,
    0x80, 0x2e, 0x30, 0x8, 0x63, 0x25, 0xc0, 0x6,
    0xa9, 0xc0, 0x6, 0xe5, 0xb7, 0x0, 0x92, 0x85,
    0x80, 0xd, 0x7a, 0x80, 0x19, 0xff, 0x4, 0x0,

    /* U+52C7 "勇" */
    0x0, 0xff, 0xe2, 0xe7, 0xff, 0xfc, 0x1, 0x67,
    0xfc, 0xd5, 0xb0, 0xaf, 0x7e, 0x1, 0x4e, 0x64,
    0x95, 0xb0, 0xc9, 0x18, 0x20, 0x5, 0x56, 0x63,
    0x58, 0xff, 0x31, 0xe6, 0x1, 0x9f, 0x76, 0x73,
    0xdd, 0xb8, 0x3, 0x9f, 0x76, 0x73, 0xdd, 0xb8,
    0x3, 0x9f, 0x76, 0x73, 0xdd, 0xb8, 0x3, 0x9f,
    0x76, 0x73, 0xdd, 0xa4, 0x3, 0x56, 0x80, 0x46,
    0x1, 0x96, 0x0, 0x9, 0x73, 0xbb, 0x29, 0xee,
    0xd9, 0x4e, 0x9, 0xbb, 0x94, 0x37, 0x78, 0x3,
    0x85, 0xb1, 0x70, 0x80, 0x23, 0x25, 0xa, 0xee,
    0x55, 0xe9, 0x80, 0x27, 0xf1, 0xc, 0x23, 0x7f,
    0x1c, 0x3, 0x46, 0xfd, 0x80,

    /* U+5305 "包" */
    0x0, 0xff, 0xe4, 0x47, 0x8, 0x7, 0xff, 0x0,
    0x59, 0xc4, 0x3, 0xff, 0x81, 0x2, 0xdf, 0xff,
    0x38, 0x6, 0x56, 0xbf, 0xff, 0x88, 0x40, 0x23,
    0xa5, 0x50, 0x8e, 0x0, 0x8c, 0xc0, 0x3, 0xc5,
    0x4e, 0xee, 0xf0, 0xf, 0x1d, 0x50, 0x2b, 0xfe,
    0xa1, 0x0, 0x8, 0x80, 0x25, 0x0, 0xff, 0xe3,
    0x5e, 0xed, 0x62, 0x1, 0x38, 0x7, 0xa7, 0xba,
    0xdc, 0x15, 0x1, 0x0, 0xf1, 0x19, 0xf7, 0x52,
    0x10, 0x80, 0x7f, 0xd9, 0xd6, 0x9c, 0x60, 0x11,
    0xf1, 0x90, 0x88, 0x8, 0xe, 0x4, 0xc0, 0x29,
    0x7d, 0xce, 0xe7, 0xfd, 0xc1, 0x40, 0x19, 0x33,
    0xb9, 0xff, 0x77, 0x37, 0x10, 0x0,

    /* U+5316 "化" */
    0x0, 0xff, 0xe3, 0xf3, 0x0, 0x3d, 0x40, 0x3f,
    0x28, 0xb8, 0x0, 0x40, 0x30, 0x80, 0x68, 0x71,
    0x0, 0xf3, 0x78, 0x80, 0x1c, 0xb4, 0x3, 0xc9,
    0x32, 0x10, 0x38, 0x0, 0xf9, 0x6e, 0x1c, 0xb,
    0x5c, 0x80, 0x3b, 0xaa, 0x5c, 0x0, 0x6d, 0x0,
    0x18, 0x44, 0xb8, 0xc0, 0x10, 0xc0, 0x6, 0x4f,
    0xb, 0x30, 0xf, 0xeb, 0xb4, 0x8, 0x7, 0xfd,
    0xba, 0x60, 0xf, 0xfe, 0x3, 0x10, 0x7, 0xa2,
    0x0, 0x1f, 0xd8, 0x45, 0x29, 0x80, 0x46, 0x60,
    0x9, 0x99, 0xbb, 0x1c, 0x0,

    /* U+5319 "匙" */
    0x0, 0xff, 0xe3, 0x77, 0xfe, 0xd0, 0xe6, 0x0,
    0xf8, 0xeb, 0xfd, 0x40, 0x1e, 0x10, 0xe, 0xaf,
    0xf5, 0x0, 0x73, 0x71, 0x0, 0x6b, 0xff, 0x50,
    0x4, 0x35, 0x30, 0x40, 0x11, 0xd7, 0x72, 0xc0,
    0x28, 0x3e, 0x70, 0xd, 0xff, 0xd8, 0x0, 0x99,
    0x8, 0x4, 0x7f, 0xdd, 0xf0, 0x7, 0xc7, 0xfb,
    0xf4, 0x5f, 0xee, 0x0, 0xca, 0x20, 0x1, 0xd3,
    0x3, 0xaa, 0x21, 0x88, 0x2, 0xe4, 0x0, 0x80,
    0x40, 0x7d, 0xec, 0xf1, 0xde, 0x32, 0x0, 0xc0,
    0xc2, 0x4, 0x52, 0xad, 0xcd, 0xf1, 0x0, 0x3d,
    0x2c, 0x1b, 0xa1, 0x10, 0x4, 0x48, 0xa0, 0xa0,
    0xb1, 0xad, 0x95, 0xbb, 0x66, 0x2f, 0x1, 0x7c,
    0x0, 0x51, 0x7d, 0xff, 0xe9, 0x0,

    /* U+533A "区" */
    0x6f, 0xff, 0xfe, 0x5, 0x1, 0x8f, 0x77, 0xfd,
    0x60, 0x10, 0x88, 0x4, 0x79, 0x10, 0x22, 0x0,
    0xed, 0xc2, 0x0, 0xd, 0x70, 0x7, 0xdc, 0xfa,
    0xc1, 0x45, 0x60, 0x1f, 0x15, 0xcc, 0xb1, 0x3c,
    0x3, 0xfc, 0xce, 0x64, 0x60, 0x1f, 0xe5, 0x78,
    0xf, 0x30, 0xf, 0xcd, 0x54, 0x7c, 0x2c, 0x30,
    0xe, 0x3c, 0x8b, 0x50, 0x1c, 0x3f, 0x0, 0xe7,
    0x6f, 0x40, 0xd, 0xba, 0x0, 0xe4, 0xa1, 0x0,
    0xe1, 0x10, 0x4, 0x3f, 0xff, 0xfc, 0x1, 0x5f,
    0xff, 0xfe, 0x8, 0x80,

    /* U+533B "医" */
    0x0, 0xff, 0xe1, 0x77, 0xff, 0xff, 0x1, 0x8e,
    0x7f, 0xdd, 0xbf, 0xff, 0x30, 0x6, 0x8c, 0x31,
    0x1e, 0x0, 0xe5, 0x61, 0xce, 0xee, 0x10, 0x8,
    0xaa, 0x7f, 0x43, 0x3f, 0xe1, 0x0, 0x8b, 0x98,
    0x3, 0xfe, 0x8f, 0xee, 0x60, 0x6f, 0x75, 0x80,
    0x14, 0xff, 0xc8, 0x17, 0xff, 0x68, 0x4, 0x23,
    0x2a, 0xd7, 0x44, 0x22, 0x0, 0xc3, 0x17, 0x15,
    0xe5, 0x92, 0x1, 0x9f, 0x96, 0xdc, 0x6, 0x69,
    0x90, 0x2, 0x7a, 0xd4, 0x0, 0xcb, 0xc8, 0x7,
    0x3f, 0x5f, 0xff, 0x77, 0xf7, 0x3f, 0xff, 0xf8,
    0x1c,

    /* U+5341 "十" */
    0x0, 0xfb, 0xa0, 0x3, 0xff, 0x84, 0x60, 0x1f,
    0xfe, 0xc1, 0x33, 0xf8, 0x4c, 0xfc, 0x9, 0x99,
    0xe1, 0x6c, 0xcf, 0xa, 0xff, 0xf8, 0x9f, 0xff,
    0xc2, 0x1, 0xff, 0xfb, 0x30, 0xf, 0xfe, 0x20,
    0x80, 0x7c,

    /* U+5343 "千" */
    0x0, 0xff, 0x25, 0x18, 0x6, 0x23, 0x46, 0x89,
    0xcf, 0xb6, 0xb0, 0xd, 0xf9, 0x3a, 0x2e, 0x9d,
    0xf9, 0x0, 0x1b, 0x7f, 0x6e, 0x4f, 0x84, 0x3,
    0xff, 0xae, 0x28, 0x67, 0xee, 0x33, 0xf1, 0x57,
    0x77, 0xb, 0x77, 0x74, 0x1f, 0x6e, 0xf1, 0x46,
    0xef, 0x58, 0x7, 0xff, 0xdc, 0xc0, 0x3f, 0xf8,
    0x62, 0x1, 0xe0,

    /* U+5347 "升" */
    0x0, 0xff, 0xe5, 0x36, 0x98, 0x7b, 0x0, 0x78,
    0x56, 0xbe, 0x59, 0x80, 0x20, 0x1e, 0x2e, 0xa1,
    0x26, 0xb5, 0x0, 0xfc, 0x5b, 0xf6, 0xc0, 0x1f,
    0xfc, 0x2, 0x0, 0x38, 0x80, 0x7f, 0x84, 0x70,
    0x0, 0x46, 0x0, 0x8, 0xc0, 0xfd, 0xd8, 0xdf,
    0xba, 0x19, 0xee, 0x91, 0xfb, 0xb0, 0x47, 0x74,
    0x33, 0xdd, 0x20, 0x8, 0xc6, 0x8, 0x23, 0x0,
    0x4, 0x60, 0xe, 0x82, 0x30, 0xf, 0xfe, 0x3,
    0x2c, 0x80, 0x7f, 0xf0, 0x1a, 0x61, 0x0, 0x3f,
    0xc3, 0x53, 0xe, 0x1, 0xc2, 0x1, 0xc2, 0x76,
    0xe0, 0x1f, 0xfc, 0x0,

    /* U+5348 "午" */
    0x0, 0x8e, 0x44, 0x3, 0xff, 0x81, 0x4a, 0x20,
    0x1f, 0xf0, 0xb4, 0x88, 0xfc, 0x40, 0x1a, 0x2,
    0xbb, 0xbe, 0xf0, 0x9, 0x1b, 0x7f, 0xda, 0x1d,
    0xff, 0x68, 0x0, 0xaa, 0x8, 0x3, 0xfe, 0x39,
    0x70, 0xf, 0xfe, 0x1, 0xb0, 0x8f, 0x1, 0x88,
    0xc4, 0x61, 0x9d, 0xdd, 0x81, 0xbd, 0xd6, 0xe0,
    0x77, 0xff, 0x68, 0x77, 0xff, 0x0, 0x7f, 0xfa,
    0x4, 0x3, 0xf0,

    /* U+534A "半" */
    0x0, 0xfb, 0xd8, 0x3, 0xf5, 0xd0, 0x4, 0x20,
    0x11, 0xf1, 0x80, 0x58, 0xac, 0x1, 0xef, 0x33,
    0x0, 0x4e, 0xb2, 0x40, 0x19, 0xce, 0x40, 0x3a,
    0xe0, 0x80, 0x31, 0x3a, 0x0, 0x42, 0x66, 0x52,
    0x20, 0x9, 0x3d, 0x19, 0x80, 0xd, 0xb9, 0x98,
    0x67, 0x32, 0xde, 0x0, 0x3f, 0x77, 0xc, 0x77,
    0x6d, 0x0, 0xff, 0xe2, 0x47, 0xff, 0x86, 0x7f,
    0xfd, 0x3b, 0xae, 0xec, 0x31, 0xdd, 0xb7, 0x42,
    0x44, 0x11, 0xc0, 0x23, 0xc4, 0x40, 0xf, 0xfe,
    0x50, 0x80, 0x7c,

    /* U+5355 "单" */
    0x0, 0xff, 0xe3, 0xb3, 0x80, 0x45, 0xa8, 0x1,
    0xf2, 0x41, 0x0, 0x2c, 0xd4, 0x3, 0xc2, 0x6c,
    0xc1, 0x26, 0x90, 0x10, 0xc, 0x5d, 0xc6, 0xbe,
    0xd0, 0x8e, 0xe1, 0x80, 0x77, 0x7f, 0x86, 0xff,
    0xdc, 0x1, 0xf2, 0x24, 0x6, 0x89, 0x0, 0x7d,
    0xdf, 0xe1, 0xbf, 0xf7, 0x0, 0x7d, 0x57, 0x61,
    0x8b, 0xb5, 0x0, 0x7d, 0xdf, 0xe1, 0xbf, 0xf7,
    0x0, 0x71, 0x7f, 0xe1, 0xaf, 0xfc, 0x60, 0x4,
    0x33, 0xe0, 0x23, 0x3f, 0x15, 0x6e, 0xf0, 0xce,
    0xef, 0x41, 0x77, 0x78, 0x6b, 0xbb, 0xac, 0x3,
    0xff, 0x94, 0x22, 0x0, 0xf0,

    /* U+5357 "南" */
    0x0, 0xf3, 0xd8, 0x7, 0xc4, 0x41, 0x1d, 0xa0,
    0x23, 0xc4, 0x19, 0x9e, 0x55, 0x66, 0x78, 0x3b,
    0x9b, 0xb8, 0x2b, 0x77, 0xb8, 0x1f, 0x77, 0x82,
    0x77, 0x79, 0x43, 0xc3, 0x31, 0x1f, 0xd9, 0x3f,
    0x98, 0x20, 0x7, 0x80, 0x8b, 0xa0, 0x45, 0x12,
    0x22, 0x0, 0xfa, 0x8c, 0x10, 0xe8, 0x3, 0xf7,
    0x71, 0xbe, 0xc3, 0xb8, 0x1, 0xf7, 0x7f, 0x95,
    0x5f, 0xee, 0x0, 0xf3, 0xff, 0xca, 0xaf, 0xf9,
    0x40, 0x39, 0xfb, 0xfc, 0xaa, 0xff, 0x72, 0x80,
    0x78, 0x40, 0x3c, 0x20, 0x1, 0xf, 0x0, 0xed,
    0xd0, 0x1, 0xfc, 0x1c, 0x3, 0xe7, 0x70, 0x1,
    0x45, 0xcc, 0x23, 0x40, 0x3f, 0x17, 0x40, 0x0,

    /* U+535A "博" */
    0x0, 0xff, 0xe3, 0x6a, 0x0, 0x64, 0xf0, 0x4c,
    0x0, 0xfc, 0x86, 0x62, 0x3, 0x6, 0x42, 0x0,
    0xf4, 0x7f, 0xac, 0x3e, 0x1a, 0x14, 0x3, 0xdb,
    0xfe, 0xb0, 0xff, 0xb9, 0xc0, 0x8c, 0xf2, 0xe4,
    0x50, 0x44, 0x36, 0xc0, 0x15, 0xc3, 0x3e, 0x0,
    0xc5, 0xc, 0xc1, 0x8, 0x2, 0x34, 0xab, 0x0,
    0x5, 0xc0, 0x44, 0x70, 0xf, 0xf5, 0x40, 0x55,
    0x10, 0x3, 0xf8, 0x7e, 0xc3, 0xfd, 0x1c, 0x1,
    0xf2, 0xf8, 0xae, 0xa, 0x43, 0x88, 0x7, 0x47,
    0x76, 0xce, 0xb0, 0xee, 0x20, 0x6, 0x8f, 0xe5,
    0xff, 0xb0, 0x7f, 0xc8, 0x1, 0xe1, 0x68, 0x0,
    0x38, 0x7, 0x8c, 0x40, 0x2d, 0x80, 0xab, 0x50,
    0xe, 0xe5, 0x0, 0x84, 0x1, 0x19, 0x60, 0x10,

    /* U+535C "卜" */
    0x8f, 0x0, 0xfb, 0xc0, 0x3f, 0xf8, 0xc2, 0x1,
    0xfe, 0x39, 0x0, 0xf9, 0x5b, 0x48, 0x3, 0x9a,
    0xcb, 0xc, 0x3, 0x93, 0x43, 0x14, 0x3, 0x8b,
    0x7, 0x40, 0x3c, 0x5f, 0x0, 0x1f, 0x8, 0x7,
    0xfc, 0x20, 0x1f, 0x78, 0x7, 0xe0,

    /* U+5361 "卡" */
    0x0, 0xfb, 0xdc, 0x3, 0xff, 0x86, 0x20, 0x1f,
    0xfc, 0x39, 0xee, 0xd8, 0x1, 0xfe, 0x7d, 0xdd,
    0xe0, 0x1f, 0xee, 0x33, 0xe0, 0x8, 0xc8, 0xb8,
    0x38, 0x8b, 0x8c, 0x4b, 0x37, 0x78, 0x1f, 0x77,
    0xb1, 0x8b, 0xff, 0xc1, 0x3f, 0xfe, 0x70, 0xf,
    0xe8, 0x20, 0xf, 0xfe, 0x8, 0xa6, 0xb8, 0x7,
    0xff, 0x0, 0x72, 0x21, 0x82, 0x1, 0xff, 0xc0,
    0x7b, 0x27, 0x0, 0xff, 0xe0, 0xa7, 0xb0, 0x7,
    0xf8, 0x40, 0x21, 0x0, 0xfe, 0x10, 0xf0, 0xf,
    0x80,

    /* U+5367 "卧" */
    0x0, 0xfe, 0x6e, 0x0, 0xc9, 0xff, 0xec, 0x3,
    0x0, 0xe7, 0x1f, 0xf0, 0x6f, 0xe0, 0x7, 0xff,
    0x54, 0x8c, 0x2, 0x1f, 0xf0, 0x6f, 0xa8, 0x5,
    0x5a, 0x1, 0xf, 0xfe, 0x21, 0x0, 0xa0, 0x20,
    0x3, 0xff, 0x83, 0xe, 0x40, 0x3d, 0xd8, 0x84,
    0x3, 0x31, 0x58, 0xf, 0x70, 0x77, 0xd4, 0x3,
    0xb2, 0x40, 0x38, 0x40, 0x3e, 0x10, 0xf, 0xfe,
    0x28, 0xf7, 0x3, 0x3b, 0xc0, 0x3e, 0x3f, 0xee,
    0x7f, 0x74, 0x6, 0x1, 0xc0,

    /* U+5370 "印" */
    0x0, 0x89, 0xac, 0x3, 0xf1, 0xe7, 0x6d, 0x9,
    0x9b, 0xff, 0x91, 0xcf, 0xfd, 0x94, 0x60, 0xe,
    0xe8, 0x3, 0x8, 0x7, 0x84, 0x60, 0xf, 0xfe,
    0x36, 0xed, 0xc2, 0x1, 0xfd, 0xff, 0x68, 0x80,
    0x7f, 0x11, 0x46, 0x1, 0xff, 0xc1, 0x10, 0xf,
    0xf8, 0x67, 0x80, 0x3e, 0x70, 0x4, 0x72, 0xd8,
    0x6, 0x7f, 0x2, 0x30, 0x4b, 0xc4, 0x0, 0xcb,
    0x5c, 0x2f, 0x58, 0x80, 0x1e, 0x25, 0x10, 0x2,
    0x80, 0x7f, 0xf0, 0x0,

    /* U+5371 "危" */
    0x0, 0xff, 0xe3, 0x8e, 0xc0, 0x7, 0xff, 0x2,
    0xcb, 0x4, 0x78, 0x3, 0xce, 0xa3, 0x5f, 0xf7,
    0x40, 0x7, 0x44, 0x2b, 0xbb, 0x68, 0x58, 0x4,
    0x58, 0xea, 0xa, 0xba, 0x9, 0xd5, 0x48, 0x49,
    0x8b, 0x3d, 0xd8, 0x1b, 0xba, 0xd0, 0x83, 0xe,
    0xbb, 0xfe, 0x90, 0xe, 0x2f, 0xff, 0x40, 0x6,
    0x20, 0x30, 0x7, 0x7f, 0xc7, 0xc0, 0x19, 0x84,
    0x40, 0x18, 0x90, 0x8c, 0x3, 0x62, 0x80, 0x75,
    0xd8, 0x90, 0x3, 0x31, 0x80, 0x74, 0x7e, 0xb,
    0x90, 0x48, 0xd0, 0x18, 0x28, 0x80, 0x88, 0xa1,
    0x45, 0xdc, 0x40, 0x27, 0x7d, 0xdb, 0x49, 0x87,
    0xe0, 0x2, 0xcf, 0xff, 0x68, 0x80,

    /* U+5377 "卷" */
    0x0, 0xf8, 0x80, 0x3f, 0xe6, 0x10, 0x7, 0x48,
    0x0, 0xd0, 0x3, 0xd5, 0x80, 0x2, 0xc0, 0x1e,
    0xf0, 0xf, 0x65, 0x1, 0xb, 0x81, 0x3d, 0x80,
    0x77, 0x7c, 0x7e, 0x86, 0xfe, 0x2f, 0xf8, 0x80,
    0x2c, 0xef, 0xf2, 0xa7, 0xfe, 0xed, 0x20, 0x1,
    0x18, 0x9, 0x2e, 0x8, 0xe0, 0x32, 0x0, 0x7f,
    0xed, 0x9, 0xff, 0x77, 0xfd, 0x84, 0x1b, 0xdc,
    0x62, 0xee, 0xcc, 0x59, 0xdc, 0x20, 0x1, 0x5b,
    0x17, 0x7f, 0xcc, 0x3b, 0x70, 0x21, 0x7a, 0x70,
    0x7f, 0xf9, 0x11, 0x80, 0xe2, 0x11, 0x70, 0x1,
    0x95, 0xd7, 0x8e, 0xf8, 0x0, 0x68, 0x1, 0xc5,
    0x92, 0xe8, 0x2, 0x1, 0xe2, 0x20, 0xb5, 0x31,
    0xdb, 0x80, 0x79, 0xf, 0x7b, 0xb6, 0xa3, 0x80,
    0x0,

    /* U+5382 "厂" */
    0x0, 0xff, 0xe3, 0x3f, 0xff, 0xff, 0x0, 0x80,
    0x2, 0x19, 0x9f, 0xeb, 0x20, 0x1, 0x81, 0x9f,
    0xf9, 0x0, 0x3f, 0xfa, 0xe2, 0x1, 0xff, 0xc3,
    0x10, 0xf, 0xfe, 0x19, 0x88, 0x7, 0xff, 0xb,
    0x88, 0x3, 0xff, 0x84, 0x8a, 0x1, 0xff, 0xc1,
    0x23, 0xc0, 0xf, 0xfe, 0xd, 0x2, 0x0, 0x7f,
    0xf0, 0x5, 0xd8, 0x40, 0x3f, 0xf8, 0x3, 0x96,
    0x1, 0xff, 0xc1,

    /* U+5385 "厅" */
    0x0, 0xff, 0xe2, 0xb7, 0xff, 0xfd, 0x40, 0x3,
    0xd, 0xdf, 0xf5, 0x80, 0x62, 0x2f, 0xf0, 0x80,
    0x61, 0x1f, 0xf8, 0x3, 0x5f, 0x77, 0xf5, 0x0,
    0x6a, 0xff, 0xc3, 0x7f, 0xf5, 0x80, 0x7f, 0xf1,
    0x48, 0x40, 0x3f, 0xf8, 0x3c, 0x40, 0x1f, 0xfc,
    0x12, 0x50, 0xf, 0xfe, 0xa, 0x78, 0x7, 0xff,
    0x1, 0x81, 0xc0, 0x38, 0x40, 0x3d, 0x6a, 0x20,
    0x15, 0x68, 0x30, 0x7, 0x7c, 0x0, 0x6c, 0x5c,
    0x20, 0xc,

    /* U+5386 "历" */
    0x0, 0xff, 0xe2, 0xaf, 0xff, 0xfc, 0xc0, 0x1,
    0xe, 0xed, 0x32, 0xee, 0xcc, 0x1, 0x84, 0x77,
    0xd8, 0x8e, 0x0, 0xff, 0x30, 0x7, 0xf8, 0x84,
    0x46, 0x23, 0xc0, 0x1e, 0xde, 0xe2, 0xab, 0xbb,
    0x20, 0x0, 0x44, 0x1f, 0xf1, 0xc7, 0xfb, 0x41,
    0x80, 0x6, 0x60, 0xc, 0x66, 0x0, 0x8, 0x18,
    0x3, 0x84, 0x2, 0x30, 0x40, 0x3, 0x80, 0x80,
    0xd, 0x80, 0x29, 0x50, 0x8, 0x80, 0x32, 0xe8,
    0x1, 0x16, 0x40, 0x21, 0x10, 0x1, 0x5, 0x1,
    0x2d, 0x8c, 0x2, 0xc2, 0x0, 0x40, 0x9c, 0x5a,
    0x48, 0x1, 0xfd, 0x10, 0x0, 0x48, 0x9, 0x7b,
    0x0, 0x9a, 0x2e, 0x0,

    /* U+5389 "厉" */
    0x0, 0xff, 0xe2, 0xff, 0xff, 0xf0, 0x2c, 0x0,
    0x35, 0xdd, 0xfe, 0xa0, 0xe, 0x30, 0xf, 0xfe,
    0xc, 0x6f, 0x77, 0xec, 0x0, 0xd3, 0xfe, 0x92,
    0xff, 0xed, 0x0, 0xfc, 0x20, 0x1f, 0xfc, 0x1e,
    0x3f, 0xfd, 0xc0, 0x1f, 0x8d, 0xfb, 0xa8, 0x0,
    0xc2, 0x20, 0x9, 0x30, 0x47, 0x18, 0x0, 0x81,
    0xc0, 0x10, 0x48, 0x1, 0x8, 0x80, 0x8, 0x6,
    0x4, 0xf6, 0x1, 0xb9, 0x80, 0x1a, 0x60, 0x3e,
    0x8c, 0x0, 0x23, 0x42, 0x3, 0x4a, 0xd, 0xa,
    0x0, 0xaf, 0xe, 0xc0, 0xf1, 0x83, 0x70, 0x40,
    0x28, 0xce, 0x30,

    /* U+538C "厌" */
    0x0, 0xff, 0xe2, 0x27, 0xff, 0xff, 0x0, 0x0,
    0xe1, 0xff, 0xb3, 0xbf, 0xf8, 0x3, 0xf7, 0x30,
    0x6a, 0x0, 0x7f, 0xc2, 0x11, 0x64, 0x1, 0xc2,
    0x38, 0x0, 0x29, 0x20, 0x1e, 0xbe, 0xe8, 0xa7,
    0xb9, 0x3b, 0x20, 0x1a, 0xbf, 0xe0, 0x5e, 0xed,
    0x20, 0x7, 0x10, 0x8, 0x81, 0x4, 0x70, 0x4,
    0x24, 0x1, 0x52, 0x9b, 0x0, 0x7b, 0x54, 0x0,
    0x2d, 0x37, 0x24, 0x1, 0xcb, 0xe0, 0xd, 0x73,
    0x65, 0xc3, 0x0, 0x8c, 0x9c, 0x71, 0xe4, 0x1,
    0x49, 0x90, 0x0, 0x96, 0x3e, 0x5b, 0x0, 0xd5,
    0xf, 0x61, 0x50, 0x59, 0x20, 0x1e, 0x7c, 0xa0,

    /* U+539F "原" */
    0x0, 0xff, 0xe2, 0xa7, 0xff, 0xfd, 0x40, 0x1b,
    0xff, 0x4c, 0xbf, 0xf5, 0x0, 0x7e, 0xa0, 0xf,
    0xf9, 0x3f, 0x8a, 0x3b, 0xaf, 0x0, 0xf8, 0x7b,
    0xba, 0xc4, 0x3, 0xe1, 0xff, 0xea, 0x0, 0xfc,
    0x3f, 0xfd, 0x40, 0x18, 0x44, 0x0, 0x1e, 0xee,
    0xb1, 0x0, 0xb4, 0x81, 0x3b, 0xfc, 0x37, 0xfe,
    0xe0, 0x8, 0xd4, 0x1, 0x2a, 0x20, 0x27, 0x62,
    0x1, 0x26, 0x3, 0x3b, 0x80, 0x23, 0x6c, 0x0,
    0x38, 0x24, 0xca, 0xcc, 0x40, 0x3, 0x81, 0x61,
    0x4e, 0x3d, 0x88, 0x7c, 0xc, 0x0, 0xcf, 0xd,
    0x80, 0x73, 0x3, 0xbe, 0x20, 0x9, 0x0,

    /* U+53A8 "厨" */
    0x0, 0xff, 0xe2, 0x8f, 0xff, 0xff, 0x4, 0x3,
    0x77, 0xff, 0xeb, 0x7f, 0x0, 0xcf, 0xff, 0xca,
    0x0, 0x24, 0x0, 0xe7, 0xff, 0xe5, 0x0, 0x18,
    0x7, 0x86, 0xf3, 0x32, 0xff, 0x51, 0xfa, 0x80,
    0x65, 0xaf, 0x93, 0x5f, 0xea, 0x3f, 0x50, 0xe,
    0x53, 0x70, 0x5, 0x10, 0x7, 0x18, 0x0, 0x73,
    0xf4, 0x0, 0x2a, 0x1, 0xc2, 0x20, 0xcd, 0xfb,
    0xb0, 0x66, 0x0, 0x39, 0x48, 0x26, 0xc3, 0x70,
    0x16, 0x0, 0x3b, 0x14, 0x39, 0xc1, 0x2c, 0x88,
    0x60, 0x1c, 0xba, 0x62, 0xd6, 0x59, 0x80, 0x1d,
    0x0, 0x8c, 0x92, 0xa0, 0x77, 0x3b, 0x81, 0xae,
    0x80, 0x3, 0xd0, 0x9d, 0x96, 0x31, 0x0, 0x77,
    0x20, 0x0,

    /* U+53BB "去" */
    0x0, 0xf9, 0xfc, 0x3, 0xff, 0x84, 0x20, 0x1f,
    0xfc, 0x41, 0x0, 0xfe, 0x6f, 0xfd, 0x23, 0xff,
    0xac, 0x3, 0x37, 0x7f, 0xd2, 0x3f, 0xee, 0xe5,
    0x0, 0x70, 0x80, 0x7c, 0x23, 0x0, 0x7f, 0xf1,
    0x8f, 0xff, 0xd2, 0x3f, 0xfe, 0x93, 0xef, 0xfd,
    0x25, 0xbf, 0xfb, 0xb9, 0x0, 0x20, 0x1a, 0x4,
    0x81, 0xc0, 0x2, 0x30, 0x7, 0x51, 0xe0, 0x14,
    0xd0, 0x7, 0xe9, 0x4c, 0x0, 0x16, 0xac, 0x80,
    0x70, 0xd3, 0xd2, 0xa9, 0xe6, 0x5, 0x9c, 0x3,
    0x22, 0x8d, 0x7e, 0x6, 0x47, 0xb4, 0x20, 0x4,
    0xb5, 0xdc, 0xb9, 0x75, 0x31, 0x9b, 0x40,

    /* U+53C9 "叉" */
    0x0, 0xff, 0xe2, 0xcf, 0xff, 0xfc, 0x40, 0x15,
    0xe2, 0x23, 0x77, 0xc8, 0x24, 0x1, 0x11, 0xea,
    0x10, 0xd9, 0x14, 0xae, 0x1, 0xe7, 0x5, 0x6,
    0x50, 0x31, 0xa0, 0xf, 0xa, 0x71, 0xb5, 0x84,
    0x91, 0x80, 0x7d, 0xe8, 0x51, 0xa4, 0xb0, 0x1,
    0xf9, 0xa, 0x44, 0xe0, 0x94, 0x3, 0xfa, 0x51,
    0x56, 0x90, 0xf, 0xf2, 0x2d, 0xd9, 0xd0, 0x3,
    0xfe, 0xd1, 0x16, 0x0, 0x7f, 0x8e, 0xe2, 0xb,
    0x74, 0x80, 0x1e, 0x5b, 0xc0, 0xd7, 0xab, 0x7b,
    0xea, 0x61, 0x2f, 0xa0, 0xbb, 0x10, 0x1, 0x36,
    0xd1, 0x74, 0x4a, 0xfa, 0xd0, 0x3, 0xc9, 0x5f,
    0x40,

    /* U+53CB "友" */
    0x0, 0xf0, 0x80, 0x7f, 0xf0, 0xba, 0x0, 0x3f,
    0xf8, 0x5c, 0x1, 0xf8, 0xcf, 0x83, 0x8c, 0xfc,
    0x21, 0xfb, 0xdd, 0x2, 0xf7, 0x79, 0x3, 0x3b,
    0x75, 0x1, 0xbb, 0xf2, 0x80, 0x76, 0x18, 0x7,
    0xff, 0x5, 0xcf, 0xff, 0x94, 0x3, 0xcc, 0x33,
    0xff, 0x50, 0x20, 0x7, 0xa0, 0xa4, 0x80, 0x1c,
    0xc2, 0x1, 0xd4, 0x1a, 0x9c, 0x8, 0x8b, 0x0,
    0xe7, 0x5d, 0xa, 0x2c, 0xa7, 0x20, 0xd, 0x31,
    0x26, 0x3, 0x66, 0x36, 0x1, 0x91, 0xa5, 0x81,
    0x2a, 0x8e, 0xd9, 0x86, 0x20, 0x4e, 0x69, 0xeb,
    0x3d, 0x89, 0xd4, 0x8d, 0x90, 0x10, 0xd8, 0xf9,
    0x20, 0x1, 0x47, 0x64, 0x0,

    /* U+53D1 "发" */
    0x0, 0xfa, 0x10, 0x10, 0xc0, 0x3d, 0x90, 0x0,
    0x72, 0xc, 0xd2, 0x0, 0xe3, 0xb0, 0x30, 0x70,
    0x85, 0xf0, 0xc, 0xa4, 0x60, 0xa4, 0x20, 0xa,
    0xe0, 0xd, 0x65, 0xfe, 0x92, 0xff, 0xbb, 0x3e,
    0x0, 0x1b, 0x9b, 0xa0, 0xae, 0xee, 0xd9, 0x0,
    0x19, 0x89, 0x9, 0x44, 0x78, 0x84, 0x3, 0xa0,
    0xbf, 0xfb, 0x80, 0x3d, 0x20, 0x3d, 0xff, 0x1c,
    0x80, 0x73, 0x33, 0x5e, 0x80, 0xc, 0x2e, 0x1,
    0x9a, 0x64, 0x72, 0xd2, 0x91, 0xe0, 0x1a, 0x65,
    0x4c, 0x0, 0xf6, 0xba, 0x20, 0xd, 0xd8, 0xa0,
    0x6, 0xf2, 0x24, 0xb0, 0x80, 0x4e, 0x6f, 0x7f,
    0x51, 0xba, 0xbb, 0x76, 0xb8, 0x4, 0x59, 0xb8,
    0xa0, 0x6, 0xdd, 0x52, 0x0,

    /* U+53D4 "叔" */
    0x0, 0x8f, 0xc0, 0x3f, 0xf8, 0xe2, 0x3e, 0x0,
    0xf8, 0x46, 0xbe, 0xee, 0x20, 0xf, 0x77, 0x2e,
    0xc1, 0x5b, 0x80, 0x40, 0x1e, 0xff, 0x50, 0x89,
    0x88, 0x4, 0x2, 0x22, 0x38, 0x11, 0x42, 0x6e,
    0xc, 0xa0, 0x4, 0xdd, 0x58, 0x6e, 0xc8, 0xc4,
    0x18, 0x60, 0x4, 0xff, 0xa3, 0x3f, 0xca, 0x78,
    0x9, 0x80, 0x1a, 0xa, 0xd5, 0x94, 0x31, 0x10,
    0x68, 0x1, 0x1b, 0x80, 0x43, 0x60, 0x81, 0x4c,
    0x1, 0xac, 0xc8, 0x0, 0xe6, 0xe0, 0x83, 0x20,
    0x19, 0xe4, 0x3, 0x7b, 0xb9, 0x4a, 0xc0, 0x21,
    0x65, 0x0, 0xc7, 0x53, 0x98, 0x4b, 0x10, 0x19,
    0x1f, 0x35, 0x3e, 0x1f, 0x31, 0xc6, 0xf2, 0x0,
    0xd, 0xe9, 0x9a, 0xec, 0x20, 0x2, 0xdd, 0x10,

    /* U+53D6 "取" */
    0x0, 0xff, 0xe2, 0x17, 0xff, 0xd5, 0xdb, 0xb8,
    0xc0, 0xbc, 0x73, 0xfc, 0x39, 0x63, 0x1f, 0xc4,
    0x20, 0x1f, 0xc2, 0x31, 0x8, 0x10, 0x6, 0xdd,
    0x84, 0x0, 0x42, 0xc, 0x20, 0x1d, 0x59, 0x81,
    0x0, 0x39, 0x81, 0x90, 0x7, 0x38, 0x88, 0x2,
    0x2f, 0xc, 0x40, 0xe, 0x44, 0x80, 0x2c, 0x50,
    0x4c, 0x0, 0xeb, 0xff, 0x8, 0x1, 0xd, 0xc5,
    0x0, 0x3b, 0xee, 0xc2, 0x0, 0x14, 0x89, 0x0,
    0xfc, 0x41, 0xf6, 0x6, 0x6, 0x1, 0x90, 0x7f,
    0xbc, 0x6e, 0x89, 0xce, 0x44, 0x0, 0x36, 0x95,
    0xfa, 0x28, 0x7e, 0xb8, 0xde, 0x80, 0x3d, 0x6c,
    0x20, 0x7, 0xc1, 0xa0, 0xb2, 0xa1, 0x1, 0x0,
    0xc2, 0x19, 0x80, 0xb, 0x30, 0x20,

    /* U+53D7 "受" */
    0x0, 0xff, 0xe2, 0x8, 0x88, 0x86, 0x8a, 0xf3,
    0x7d, 0xa0, 0x16, 0x76, 0xe7, 0xfd, 0xdc, 0xc9,
    0x90, 0x80, 0x32, 0xe3, 0xb0, 0x4a, 0x5c, 0xa0,
    0x44, 0x0, 0x17, 0x83, 0xc, 0x71, 0x8, 0x45,
    0x0, 0xc6, 0xc0, 0x6, 0xa1, 0x83, 0xa0, 0x9,
    0x3f, 0xcd, 0x9f, 0xea, 0xf7, 0x1e, 0xfe, 0x0,
    0xe, 0xef, 0xfa, 0x40, 0x2, 0x4, 0x20, 0x1f,
    0x11, 0x0, 0xb, 0xc1, 0x9b, 0xbe, 0xc0, 0x4e,
    0x0, 0xde, 0xaa, 0xff, 0x70, 0xc8, 0x7, 0xeb,
    0x46, 0xa, 0x27, 0x0, 0xfc, 0x39, 0x3a, 0xfa,
    0x1, 0xf0, 0xa3, 0xf0, 0xb1, 0xd3, 0xa9, 0x98,
    0x7, 0xb9, 0x5b, 0x3d, 0x7d, 0xba, 0x8c, 0x90,
    0x1c, 0xee, 0x52, 0x80, 0x5, 0xab, 0x7e, 0x80,

    /* U+53D8 "变" */
    0x0, 0xff, 0xe5, 0xf3, 0x0, 0x7e, 0x33, 0x11,
    0x65, 0xa2, 0x2c, 0x66, 0x0, 0x76, 0xe6, 0x5a,
    0xa5, 0xb9, 0x96, 0xe8, 0x1, 0xbd, 0x7d, 0x63,
    0xdc, 0x1b, 0xef, 0xee, 0x0, 0x4b, 0x4a, 0x1,
    0xe8, 0xf2, 0x0, 0x8a, 0xd9, 0x40, 0x3d, 0x5,
    0x84, 0x0, 0x95, 0x90, 0x0, 0x80, 0x46, 0x1a,
    0x76, 0x0, 0xbb, 0x0, 0x19, 0x80, 0x7, 0x20,
    0x1c, 0x90, 0x9, 0xff, 0xd8, 0xdf, 0xe6, 0xbf,
    0xa1, 0x0, 0xcf, 0xd2, 0x3b, 0xff, 0x21, 0x58,
    0x7, 0x85, 0x99, 0xc2, 0x12, 0xbe, 0x20, 0x1f,
    0xa1, 0x3f, 0x17, 0x8, 0x3, 0xf0, 0xa9, 0x80,
    0x89, 0x4c, 0x40, 0x33, 0xdf, 0x72, 0x77, 0xb6,
    0x33, 0x1d, 0xf4, 0x0, 0x33, 0x57, 0x63, 0x0,
    0x16, 0xfe, 0xe6, 0x0,

    /* U+53E0 "叠" */
    0x0, 0xff, 0xe3, 0x1e, 0xf6, 0xef, 0x7e, 0x18,
    0x7, 0x1e, 0xd2, 0x21, 0x6c, 0x5f, 0xc, 0x3,
    0xd1, 0x2, 0x1c, 0x49, 0x1e, 0x90, 0xd, 0x3a,
    0xa2, 0xca, 0xae, 0x84, 0x37, 0xc1, 0x0, 0x4d,
    0x8a, 0xb4, 0xf, 0x8a, 0x29, 0xf0, 0x80, 0x4d,
    0x6c, 0x36, 0xc0, 0x8e, 0x61, 0x64, 0x0, 0x4b,
    0xbb, 0xac, 0x24, 0xef, 0xe0, 0x9c, 0x1, 0x64,
    0x9b, 0x9b, 0xc4, 0x7b, 0x9a, 0x74, 0x20, 0x73,
    0x26, 0x44, 0xf2, 0xd4, 0x10, 0x3, 0x0, 0x3,
    0x77, 0xe2, 0x30, 0xd1, 0x0, 0xe2, 0x2f, 0x8,
    0x7, 0xf4, 0xcf, 0x84, 0x3, 0xa7, 0xfc, 0x4,
    0x5e, 0x1f, 0xee, 0x0,

    /* U+53E3 "口" */
    0x5f, 0xff, 0xf3, 0x0, 0xf7, 0x7e, 0x20, 0x8,
    0x47, 0xf0, 0x7, 0xff, 0xfc, 0x4, 0x7f, 0x0,
    0x43, 0xdd, 0xf8, 0x80, 0x3, 0xff, 0xf8, 0x84,

    /* U+53E6 "另" */
    0x0, 0x77, 0xff, 0xf2, 0x80, 0x69, 0xee, 0xf8,
    0x40, 0x3c, 0x23, 0xf0, 0x7, 0x84, 0x8b, 0xe0,
    0xe, 0x39, 0xcc, 0x6e, 0xb3, 0x20, 0xe, 0xde,
    0xe8, 0x63, 0xbb, 0x28, 0x0, 0x88, 0x23, 0x80,
    0x47, 0x81, 0x77, 0x5d, 0xd0, 0x47, 0x77, 0x12,
    0xff, 0xeb, 0xe, 0xff, 0xb0, 0x8, 0x3, 0xb8,
    0xc4, 0x2, 0x61, 0x0, 0xe7, 0x58, 0x0, 0xc4,
    0x60, 0x11, 0x5c, 0x4a, 0x0, 0x6d, 0x70, 0x3c,
    0xd6, 0xb6, 0x0, 0xd, 0xea, 0xf8, 0x1b, 0x4e,
    0xa0, 0x4, 0x24, 0x96, 0xa0,

    /* U+53EB "叫" */
    0x0, 0xff, 0x93, 0xc8, 0xc, 0xf0, 0x80, 0x80,
    0x4e, 0x6, 0x99, 0xdc, 0xc5, 0xe, 0x50, 0xe,
    0x71, 0xdd, 0x10, 0x0, 0x40, 0x3f, 0xfe, 0x84,
    0x43, 0x0, 0x8, 0x13, 0x48, 0x4, 0x3b, 0xa1,
    0x3, 0xa, 0xda, 0x0, 0xc3, 0xfe, 0x20, 0x32,
    0x8e, 0xc9, 0x0, 0xf3, 0xb8, 0x35, 0xc4, 0x3,
    0xa, 0x0, 0x28, 0xc0, 0x3f, 0x15, 0x0, 0x7f,
    0xc6,

    /* U+53ED "叭" */
    0x0, 0xff, 0x8, 0x7, 0xfd, 0x6, 0x18, 0xe0,
    0x11, 0xff, 0xe2, 0x6, 0x60, 0x8, 0x80, 0x30,
    0xff, 0x84, 0x0, 0x62, 0x0, 0x30, 0xf, 0xf9,
    0xc1, 0xcc, 0x3, 0xfc, 0x62, 0x2, 0x20, 0xf,
    0xf0, 0x98, 0x1f, 0x80, 0x7f, 0x10, 0x8, 0x71,
    0x0, 0x70, 0x88, 0x0, 0xe6, 0x0, 0x34, 0x0,
    0xc3, 0xdc, 0x10, 0xc4, 0x0, 0x20, 0x98, 0x4,
    0x3f, 0xe1, 0x13, 0x58, 0x4, 0x92, 0x1, 0xee,
    0xb2, 0x30, 0xb, 0xd4, 0xc0, 0xa8, 0x0, 0x8f,
    0x20, 0x19, 0xf, 0x80, 0x50, 0x6, 0x99, 0x0,
    0x3b, 0xc0, 0x80, 0x21, 0xc9, 0x0, 0xf1, 0xe9,
    0x0,

    /* U+53EF "可" */
    0x5f, 0xee, 0xff, 0xe0, 0x6a, 0x66, 0x7f, 0x81,
    0xb3, 0xc4, 0xc8, 0xbf, 0x83, 0xc8, 0x80, 0x1,
    0xff, 0xee, 0x0, 0xff, 0x67, 0x72, 0x44, 0x3,
    0xfc, 0x23, 0x18, 0x7, 0xff, 0x38, 0x46, 0x30,
    0xf, 0xfb, 0x3b, 0x92, 0x1, 0xff, 0x6f, 0xfb,
    0x10, 0x3, 0xf0, 0xd9, 0x0, 0xe, 0xc0, 0x3f,
    0x90, 0x3, 0xc2, 0x20, 0xf, 0xfe, 0x7, 0xf0,
    0x20, 0x7, 0xfd, 0x54, 0xe3, 0x0, 0x0,

    /* U+53F0 "台" */
    0x0, 0xff, 0xe3, 0xe4, 0x80, 0x7f, 0xcc, 0x78,
    0x0, 0x10, 0xf, 0x8e, 0x61, 0x40, 0x7d, 0xc0,
    0x38, 0xb5, 0x9c, 0x0, 0x31, 0x6, 0x0, 0x8f,
    0x12, 0x40, 0x21, 0x45, 0x95, 0x2, 0xc1, 0x7e,
    0xe7, 0xfb, 0xb5, 0x6, 0x90, 0x95, 0xae, 0xb7,
    0x5d, 0xfe, 0xee, 0x21, 0x85, 0x43, 0xa9, 0x18,
    0x8, 0xeb, 0x70, 0x2e, 0xef, 0xf1, 0x80, 0x6b,
    0xdd, 0xf6, 0x0, 0x79, 0xc8, 0xbc, 0x20, 0x1f,
    0xfc, 0x8d, 0xee, 0xf6, 0x0, 0x7a, 0x2a, 0xbd,
    0x60, 0x18, 0xb9, 0x91, 0x3c, 0xbe, 0x60,

    /* U+53F2 "史" */
    0x0, 0xf9, 0x8, 0x3, 0xff, 0x85, 0x10, 0x0,
    0xff, 0xe1, 0x98, 0x7, 0xf5, 0xe6, 0x63, 0x7c,
    0xcc, 0xa0, 0x19, 0x55, 0x11, 0x12, 0x44, 0x46,
    0x60, 0xc, 0x7c, 0x89, 0x9, 0x22, 0x42, 0x1,
    0xff, 0xc9, 0x3e, 0x33, 0x84, 0x8c, 0xe1, 0x0,
    0xe2, 0x4e, 0xe8, 0x93, 0xba, 0x23, 0x0, 0xd9,
    0x51, 0xba, 0x1b, 0xdd, 0xca, 0x1, 0xea, 0x42,
    0x17, 0x0, 0xff, 0x3b, 0xae, 0x48, 0x80, 0x1f,
    0xf4, 0x22, 0x0, 0xc0, 0x3f, 0x8d, 0xf5, 0xa9,
    0x33, 0x69, 0xd5, 0x60, 0x2e, 0xca, 0xbd, 0x59,
    0xeb, 0x3b, 0xb5, 0x68, 0x16, 0xf6, 0xb0, 0x4,
    0x2d, 0x39, 0xdf, 0x0,

    /* U+53F3 "右" */
    0x0, 0xf0, 0xea, 0x0, 0x7f, 0xf0, 0x14, 0x98,
    0x3, 0xff, 0x81, 0x82, 0x40, 0x1f, 0x7f, 0xf3,
    0x8f, 0xff, 0xb8, 0x37, 0x75, 0x85, 0xee, 0xfb,
    0x0, 0x8b, 0x69, 0xa1, 0x17, 0xc0, 0x18, 0x9b,
    0xc0, 0x3f, 0xf8, 0x1c, 0x19, 0xff, 0xe4, 0x0,
    0xd0, 0x6b, 0xbb, 0xd8, 0x1, 0xd0, 0xe2, 0x64,
    0x5e, 0x0, 0xd2, 0xf0, 0xa0, 0x1f, 0xe2, 0x77,
    0x80, 0x3f, 0xe2, 0xf8, 0x0, 0x12, 0xaf, 0x38,
    0x6, 0x10, 0x9, 0x66, 0x7a, 0x80, 0x3f, 0x3e,
    0x67, 0x68, 0x4,

    /* U+53F6 "叶" */
    0x0, 0xff, 0x3f, 0x80, 0x72, 0xaf, 0x0, 0x61,
    0x10, 0x6, 0x1a, 0x89, 0x8a, 0x0, 0xff, 0xe0,
    0x76, 0x40, 0x7, 0xff, 0x10, 0x40, 0x3f, 0xf8,
    0x89, 0xff, 0x48, 0xff, 0xd4, 0x1, 0xe4, 0xdd,
    0xa0, 0x77, 0x6b, 0x0, 0xf8, 0x8a, 0x10, 0x22,
    0x84, 0x3, 0xff, 0x8d, 0x9f, 0x40, 0x1f, 0xfc,
    0x1b, 0xd9, 0x10, 0xf, 0xfe, 0x3, 0x91, 0x80,
    0x7f, 0xf0, 0x8, 0x41, 0x7c, 0x3, 0xfc, 0x3a,
    0x40, 0x1f, 0x8, 0x80, 0x30,

    /* U+53F7 "号" */
    0x0, 0x9f, 0xff, 0xf4, 0x0, 0x7c, 0x7f, 0xfe,
    0x40, 0xf, 0xfe, 0x61, 0xff, 0xf9, 0x0, 0x3e,
    0x7f, 0xff, 0xd0, 0x1, 0xb7, 0x33, 0xff, 0x81,
    0xa0, 0x9, 0xff, 0x51, 0xff, 0xfe, 0x90, 0x2,
    0x19, 0xb8, 0xcf, 0xf9, 0x0, 0x39, 0xb, 0x77,
    0xd6, 0x1, 0xf7, 0xef, 0x77, 0x30, 0x7, 0xe3,
    0x3f, 0x80, 0x80, 0x3f, 0xf8, 0x4b, 0xc0, 0x1f,
    0xe2, 0x55, 0x40, 0xa0, 0x7, 0xfd, 0x54, 0x48,
    0x30, 0xf, 0xf1, 0x7f, 0xb1, 0xc0, 0x30,

    /* U+53F8 "司" */
    0x0, 0xff, 0xe1, 0x17, 0xff, 0xff, 0x1, 0x4b,
    0xbb, 0xfe, 0x0, 0x22, 0x91, 0x7c, 0xa6, 0x1,
    0x55, 0x37, 0x7e, 0xa4, 0x0, 0xbb, 0xbf, 0xcc,
    0x1, 0xc2, 0x3f, 0x0, 0x79, 0xfb, 0xff, 0xb9,
    0x40, 0x38, 0x45, 0xdd, 0xc0, 0x1f, 0xfc, 0xa1,
    0xff, 0xe0, 0xf, 0xc3, 0xff, 0xc0, 0x1f, 0x8,
    0x7, 0xb1, 0x0, 0xc0, 0x27, 0xf0, 0xe, 0x33,
    0x66, 0x1, 0xc0, 0x2, 0x1, 0xe2, 0x59, 0xc2,

    /* U+5403 "吃" */
    0x0, 0xf9, 0xc8, 0x3, 0xfe, 0x28, 0x60, 0xe,
    0xcd, 0xd8, 0xc2, 0xc9, 0x88, 0xa3, 0x12, 0x8f,
    0x30, 0x26, 0x3c, 0xcd, 0xae, 0x62, 0x40, 0x32,
    0x9d, 0xde, 0x60, 0xd, 0x69, 0xc6, 0x45, 0x80,
    0x3d, 0x59, 0x1b, 0x98, 0xdd, 0x18, 0x7, 0x9,
    0xef, 0x72, 0x2, 0x8c, 0x3, 0xf9, 0xe3, 0x14,
    0x2, 0xbf, 0x10, 0x9, 0xa7, 0xc, 0x3, 0x5f,
    0x88, 0x81, 0x27, 0x48, 0x3, 0x18, 0x1, 0x4,
    0x2a, 0x86, 0x1, 0x2b, 0x3b, 0x5, 0x11, 0x8b,
    0x88, 0xe9, 0xc9, 0x20, 0x8, 0xd7, 0x3b, 0xaf,
    0x8,

    /* U+5409 "吉" */
    0x0, 0xfb, 0x20, 0x3, 0xff, 0x85, 0xe0, 0x1e,
    0x15, 0x44, 0xe1, 0xd4, 0x4f, 0x1c, 0xff, 0xf1,
    0xbf, 0xff, 0x71, 0x65, 0xdf, 0x15, 0x5d, 0xf5,
    0x0, 0x8, 0x82, 0x30, 0x78, 0x8f, 0x0, 0x7,
    0x73, 0xfe, 0x26, 0xff, 0xd4, 0x0, 0x1f, 0xee,
    0xff, 0x58, 0x6, 0xdd, 0xff, 0x0, 0x71, 0x47,
    0xff, 0xac, 0x80, 0x3c, 0xc4, 0x5f, 0x8, 0x7,
    0xff, 0x27, 0x7b, 0xbd, 0x42, 0x1, 0xea, 0xff,
    0xf5, 0x80, 0x7c, 0xe2, 0x3e, 0x5f, 0x0, 0x0,

    /* U+540A "吊" */
    0x4, 0xff, 0xff, 0x20, 0x6, 0xee, 0xfc, 0x1,
    0xe1, 0x1f, 0xc0, 0x1e, 0xee, 0xfc, 0x1, 0x97,
    0x37, 0x60, 0x6d, 0xdb, 0x14, 0x0, 0x26, 0x7d,
    0xc6, 0x78, 0x40, 0xfb, 0xb8, 0xa7, 0xbb, 0x90,
    0x6, 0xf7, 0x61, 0x7d, 0xdc, 0x20, 0x13, 0x99,
    0xee, 0x33, 0xc0, 0x1f, 0xfc, 0xf2, 0x7, 0x0,
    0xfe, 0x2e, 0xd2, 0x33, 0x69, 0x0, 0x78, 0xa2,
    0xb4, 0x0, 0x40, 0x18, 0xc4, 0x0, 0xca, 0x0,

    /* U+540C "同" */
    0x6f, 0xff, 0xfe, 0x3, 0x0, 0xe6, 0x7f, 0x84,
    0xc0, 0x6, 0x2, 0x3e, 0x3, 0x0, 0xec, 0xdd,
    0xf6, 0x8, 0x7, 0x7f, 0xfe, 0x10, 0xf, 0x11,
    0x78, 0x3, 0xf7, 0xe7, 0xfb, 0x30, 0x1, 0xfd,
    0x7b, 0xaa, 0x30, 0xf, 0xfe, 0x9, 0x80, 0x7f,
    0x57, 0xfa, 0xc0, 0x3f, 0xb3, 0xbb, 0x78, 0x7,
    0xe1, 0x1f, 0x0, 0x7f, 0xf0, 0x96, 0xc4, 0x60,
    0xf, 0xe6, 0x43, 0x57, 0xe0, 0xf, 0xc7, 0xf8,
    0x20,

    /* U+540E "后" */
    0x0, 0xff, 0x85, 0x8, 0x2, 0x14, 0x42, 0xbc,
    0x56, 0x77, 0x2e, 0x40, 0x24, 0xb8, 0xed, 0x1d,
    0x9a, 0xdf, 0xb0, 0xe, 0xcb, 0xa9, 0x75, 0x42,
    0x0, 0xf8, 0xcf, 0xf9, 0x10, 0x1, 0xb7, 0x7f,
    0xaa, 0x80, 0x3, 0x1e, 0xef, 0xf8, 0x0, 0x24,
    0x4, 0x5f, 0xc0, 0x17, 0x38, 0x66, 0x7d, 0xb8,
    0x1, 0x29, 0x80, 0x2f, 0xbb, 0xa8, 0xc0, 0x23,
    0xc0, 0xf, 0xfe, 0x3, 0x2, 0x0, 0x7f, 0xc3,
    0xc, 0x1, 0x57, 0xff, 0x50, 0x5, 0x10, 0x0,
    0xab, 0xff, 0xa8, 0xc0, 0x58, 0x40, 0x1e, 0xa0,
    0x1c, 0xbc, 0x0,

    /* U+5410 "吐" */
    0x0, 0xfc, 0x3e, 0xa0, 0x1f, 0xfc, 0x1, 0x1,
    0x0, 0xd9, 0xbb, 0x80, 0x3f, 0xc4, 0xbd, 0x4,
    0x1, 0xff, 0x71, 0xb0, 0x0, 0x46, 0x0, 0x8,
    0x80, 0x3e, 0x3e, 0xe8, 0x2f, 0xb8, 0xc0, 0x1e,
    0x3f, 0xf8, 0x2f, 0xfc, 0xc0, 0x1f, 0xfd, 0x4e,
    0x36, 0x0, 0xff, 0xe0, 0x37, 0x40, 0x7, 0xff,
    0x2, 0x37, 0x18, 0x3, 0xfc, 0x46, 0x3, 0x26,
    0x45, 0x1, 0x14, 0x63, 0x8a, 0x1, 0x6e, 0x64,
    0x31, 0x98, 0xd2,

    /* U+5411 "向" */
    0x0, 0xc8, 0xe2, 0x1, 0xff, 0x6c, 0x88, 0x7,
    0xe2, 0x29, 0x1c, 0x8b, 0xe1, 0x2d, 0xd8, 0x9b,
    0x77, 0xe7, 0x0, 0x6f, 0xff, 0xf0, 0x98, 0x7,
    0xff, 0x1b, 0xff, 0xc2, 0x1, 0xf0, 0xd7, 0xfa,
    0xc0, 0x3f, 0xfb, 0x55, 0xfe, 0xb0, 0xf, 0xee,
    0xff, 0xe1, 0x0, 0xff, 0xe0, 0xab, 0x8, 0x80,
    0x6, 0x1, 0xf1, 0x42, 0x20,

    /* U+542B "含" */
    0x0, 0xff, 0xe5, 0x17, 0x20, 0x7, 0xff, 0x7,
    0x87, 0x40, 0x3f, 0xf8, 0x14, 0x5a, 0xb8, 0x20,
    0x1f, 0x86, 0xde, 0x9f, 0x1b, 0x9c, 0x3, 0xcf,
    0xc1, 0xad, 0x45, 0x53, 0x2f, 0x94, 0x3, 0xf9,
    0x95, 0x81, 0x49, 0x83, 0x7b, 0xbb, 0x40, 0xef,
    0xab, 0xba, 0x8f, 0xf8, 0xa3, 0xa4, 0x0, 0x81,
    0x9d, 0xdb, 0x6, 0xcc, 0x3, 0xff, 0x81, 0xd4,
    0x80, 0x1f, 0xb3, 0x77, 0xc, 0xee, 0x90, 0x3,
    0xc5, 0x5f, 0xfe, 0x31, 0x0, 0xf1, 0x89, 0x17,
    0x80, 0x3f, 0xbd, 0x13, 0xc2, 0x1, 0xf9, 0x3f,
    0xfc, 0x1, 0xf8, 0xee, 0xfe, 0x30, 0xc,

    /* U+542C "听" */
    0x0, 0xfc, 0x26, 0xb1, 0x41, 0xbf, 0xf7, 0x6,
    0x6d, 0x4e, 0x7e, 0x9, 0xcf, 0x48, 0x80, 0x2e,
    0xd5, 0x2e, 0xc2, 0x66, 0x13, 0x10, 0x70, 0xf,
    0xfe, 0x7b, 0xcf, 0xff, 0x68, 0x7, 0xd3, 0xfe,
    0x2a, 0xec, 0x0, 0xf0, 0x98, 0x6, 0x11, 0x0,
    0x78, 0xc0, 0x3f, 0x57, 0xd0, 0x0, 0x5c, 0x3,
    0xea, 0xfb, 0x34, 0x2, 0x0, 0xf5, 0xb8, 0x26,
    0xfa, 0x0, 0x7c, 0xc4, 0x0, 0x34, 0xe0, 0xf,
    0xf0, 0xe9, 0xa8, 0x4, 0x60, 0x1f, 0x2f, 0x0,
    0x71, 0x80, 0x70, 0xd9, 0x0, 0x6e, 0x60, 0x0,

    /* U+542F "启" */
    0x0, 0xfc, 0x20, 0x1f, 0xfc, 0x8, 0xc0, 0xf,
    0xfe, 0x5, 0x93, 0x0, 0x7d, 0xdf, 0xf6, 0x4,
    0xff, 0xcc, 0x1, 0xb3, 0xff, 0xe1, 0x0, 0xff,
    0xe3, 0xaa, 0x27, 0xc2, 0x1, 0x86, 0xe2, 0x3e,
    0x33, 0x0, 0x6c, 0xcf, 0xe5, 0x0, 0x20, 0x3e,
    0xef, 0xe8, 0x0, 0x18, 0x81, 0xff, 0xf8, 0x44,
    0x0, 0xc4, 0x0, 0x11, 0x79, 0xc0, 0x2, 0x98,
    0x1, 0xff, 0x40, 0x30, 0xf, 0xff, 0x90, 0x9,
    0x9c, 0x0, 0x3d, 0xde, 0x30, 0x2a, 0x90, 0x1,
    0x88, 0xf9, 0xc0,

    /* U+5435 "吵" */
    0x0, 0xfc, 0x9e, 0x1, 0xc4, 0x58, 0x40, 0x3f,
    0xd9, 0xbb, 0x38, 0x4, 0xe0, 0x1f, 0x57, 0x91,
    0x84, 0x20, 0x5, 0xb0, 0x0, 0x30, 0xe, 0x72,
    0x0, 0xad, 0xd0, 0x3, 0xc8, 0xe, 0x1, 0x32,
    0x50, 0x80, 0x76, 0x18, 0x80, 0x69, 0x40, 0xe,
    0x36, 0xb0, 0xe, 0x7a, 0x10, 0x0, 0x87, 0x12,
    0x83, 0x80, 0xe, 0xa0, 0x1, 0x5c, 0x5b, 0x84,
    0xe, 0x83, 0xc5, 0x0, 0xa, 0xf2, 0x30, 0x8,
    0xee, 0xc5, 0xe0, 0x3, 0x0, 0x5a, 0x0, 0x45,
    0x6b, 0x64, 0x0, 0x87, 0x6, 0x20, 0x39, 0xd6,
    0xd4, 0x0, 0x98, 0x80, 0x15, 0xd8, 0x93, 0xa4,
    0x1, 0xfb, 0xa7, 0x35, 0x80, 0x3c,

    /* U+5438 "吸" */
    0x0, 0xff, 0xe1, 0x67, 0xfc, 0x9f, 0xfe, 0xe0,
    0xa, 0xbc, 0x43, 0xca, 0xbb, 0x8a, 0xe0, 0x1f,
    0xe1, 0x13, 0xe0, 0x7, 0xf1, 0x0, 0x93, 0x10,
    0x7, 0xc7, 0x60, 0x83, 0x9c, 0x1, 0xf0, 0x99,
    0x2f, 0x32, 0x80, 0x78, 0x41, 0x68, 0x0, 0xf8,
    0x1, 0xe5, 0x2e, 0x70, 0x31, 0x50, 0x5, 0x78,
    0x86, 0x22, 0xe, 0x61, 0x80, 0x29, 0xe2, 0x6,
    0xa0, 0xf6, 0x4b, 0x0, 0x9, 0x8e, 0x99, 0x18,
    0x8, 0x80, 0x40, 0x12, 0x80, 0x73, 0xc0, 0xba,
    0xed, 0x8e, 0x8, 0x27, 0xb6, 0x57, 0x53, 0x34,
    0x42, 0x80, 0x7, 0x4a, 0x13, 0xcc, 0x0, 0x7d,
    0xb0,

    /* U+543B "吻" */
    0x0, 0xf8, 0x6c, 0x80, 0x3f, 0xf8, 0x2e, 0xa4,
    0x1, 0xe1, 0xee, 0xc8, 0x16, 0xc4, 0x5e, 0x0,
    0xe, 0xf0, 0xbb, 0x13, 0x6f, 0xee, 0x63, 0x40,
    0x3c, 0xf1, 0x36, 0x5a, 0x19, 0x40, 0x1f, 0x1a,
    0xb6, 0xb8, 0x81, 0x80, 0x80, 0x79, 0x2c, 0x17,
    0x88, 0x4, 0x46, 0x1, 0xf9, 0x4d, 0x12, 0x0,
    0xff, 0xd, 0xd8, 0x30, 0xc0, 0xc4, 0x2, 0xcf,
    0x7, 0xc5, 0x51, 0x25, 0x0, 0xb8, 0x5, 0x9e,
    0x0, 0x8b, 0x8, 0x42, 0xf, 0x0, 0xf5, 0x2a,
    0x81, 0x55, 0x20, 0x1, 0x20, 0x3, 0x10, 0x28,
    0x83, 0x55, 0x90, 0x93, 0xf0, 0xc, 0x88, 0x5,
    0x51, 0x68, 0x7d, 0xa0, 0xc0, 0x1f, 0x47, 0xa0,
    0x1c, 0xdf, 0x8, 0x0,

    /* U+5440 "呀" */
    0x0, 0xff, 0xe2, 0x99, 0xe1, 0x8f, 0xff, 0xb0,
    0xb, 0x3b, 0x98, 0xb1, 0xdd, 0xa4, 0x7b, 0x40,
    0x2c, 0xd0, 0x9, 0x78, 0xc4, 0x0, 0x22, 0x0,
    0xfc, 0x66, 0x20, 0xf, 0xfe, 0xc, 0xd8, 0x88,
    0x0, 0x23, 0x0, 0x78, 0x86, 0x3b, 0x92, 0x3d,
    0xc9, 0x0, 0xf1, 0x67, 0x31, 0xc8, 0xff, 0xa0,
    0x2, 0x10, 0x8, 0xc5, 0xa8, 0x3, 0xee, 0xe0,
    0x6, 0x91, 0x60, 0xf, 0xbb, 0xc0, 0x41, 0x1a,
    0x0, 0x3f, 0xca, 0x27, 0x68, 0xc0, 0x1f, 0x20,
    0x85, 0xe, 0x15, 0x80, 0x7c, 0x56, 0x0, 0x18,
    0x2c, 0x1, 0xbb, 0x18, 0x7, 0xc3, 0x98, 0x10,
    0x11, 0x3c, 0x80, 0x40,

    /* U+544A "告" */
    0x0, 0x84, 0x80, 0xd, 0xe0, 0x1f, 0xe9, 0xc0,
    0xf, 0xfe, 0x13, 0x38, 0x88, 0x0, 0x23, 0xc0,
    0x1a, 0x5, 0xff, 0xd2, 0x1f, 0xfa, 0xc0, 0x21,
    0x78, 0xee, 0xa4, 0x3b, 0xb5, 0x0, 0x43, 0xae,
    0x1, 0xff, 0xc0, 0x2f, 0xdf, 0xfd, 0x21, 0xff,
    0xe2, 0x27, 0xff, 0xff, 0x8, 0x80, 0x2d, 0xdf,
    0xf0, 0x80, 0x71, 0x57, 0x77, 0xac, 0x80, 0x3e,
    0x23, 0x3f, 0x10, 0x7, 0xff, 0x32, 0xbf, 0xfd,
    0x60, 0x1f, 0xa7, 0xbb, 0xd4, 0x1, 0xf7, 0xb0,
    0x8f, 0x97, 0x84, 0x0,

    /* U+5458 "员" */
    0x0, 0xb7, 0xff, 0xf8, 0x3, 0xe8, 0xee, 0xf5,
    0x0, 0x7f, 0x8, 0xf8, 0x3, 0xfa, 0x3f, 0xfd,
    0x40, 0x1f, 0x6f, 0xff, 0xf0, 0x7, 0x3f, 0xff,
    0xfa, 0x0, 0x3d, 0xff, 0xf8, 0x40, 0x3f, 0xd3,
    0x60, 0x1f, 0xfc, 0x22, 0x10, 0xf, 0xfe, 0x12,
    0x68, 0x6, 0x10, 0xc, 0xda, 0x0, 0x91, 0x78,
    0xd6, 0xf9, 0x0, 0xc2, 0x49, 0x8f, 0xa1, 0x4b,
    0x1e, 0xe0, 0x15, 0x77, 0xd2, 0xf9, 0x81, 0x47,
    0x4c, 0x68, 0x3, 0xa6, 0xfa, 0x44, 0x3, 0x9f,
    0xb8, 0x0,

    /* U+5468 "周" */
    0x0, 0x3f, 0xff, 0xfc, 0x1, 0x8f, 0xfe, 0xb7,
    0xff, 0xb0, 0x3, 0x8, 0x1, 0x11, 0x8a, 0x88,
    0x10, 0xf, 0xd1, 0x2a, 0x51, 0x5, 0x0, 0xf3,
    0x86, 0x6c, 0x1e, 0x61, 0x0, 0x3e, 0x8f, 0xf5,
    0x1f, 0x7f, 0x94, 0x3, 0x70, 0xc7, 0xfe, 0xef,
    0xe2, 0x0, 0xc2, 0x61, 0xdf, 0xfc, 0xe, 0x1,
    0x97, 0x80, 0x17, 0xfe, 0xd0, 0xf, 0x8c, 0xc0,
    0x1c, 0x60, 0x1e, 0x50, 0x50, 0x5, 0xff, 0xb8,
    0x3, 0xd0, 0x82, 0x1d, 0xff, 0xb4, 0x90, 0x40,
    0x5b, 0xc0, 0x3e, 0x1c, 0x96, 0x1, 0xb4, 0x0,
    0xf8, 0xff, 0xa0, 0x0,

    /* U+5473 "味" */
    0x0, 0xfd, 0xaa, 0x1, 0xca, 0xb8, 0x40, 0x30,
    0x80, 0x75, 0xfe, 0xd2, 0xc6, 0x60, 0xa7, 0x31,
    0x0, 0x17, 0x40, 0x85, 0x77, 0xa, 0xfb, 0x94,
    0x0, 0x30, 0xc, 0x45, 0x1, 0x16, 0x0, 0xff,
    0xe4, 0x97, 0xfc, 0x57, 0xff, 0x10, 0x7, 0x17,
    0xf8, 0xc0, 0xff, 0xe2, 0x0, 0xf8, 0xcc, 0x26,
    0xe0, 0x1d, 0x7e, 0x20, 0xf, 0x63, 0x68, 0x40,
    0x8, 0xef, 0xc4, 0x18, 0xe0, 0x35, 0x6c, 0xc0,
    0x3b, 0x2, 0x60, 0x40, 0x16, 0x3a, 0xa1, 0x6a,
    0xd, 0x66, 0xe0, 0x10, 0xe0, 0x70, 0x28, 0x82,
    0xab, 0x40, 0x38, 0xb2, 0xc0, 0x30, 0xd0, 0x80,
    0xc, 0x40, 0x4, 0x0,

    /* U+547C "呼" */
    0x0, 0xff, 0xe5, 0x89, 0x23, 0x45, 0xf2, 0x80,
    0xf7, 0x62, 0xce, 0xc9, 0x91, 0x1c, 0x8, 0x0,
    0x77, 0x42, 0x19, 0xfd, 0xe1, 0x10, 0x64, 0x0,
    0x84, 0x40, 0x4, 0x90, 0xe, 0xb5, 0x0, 0xfc,
    0xc0, 0x18, 0x91, 0xc0, 0x3e, 0x40, 0x50, 0xa,
    0x8c, 0x80, 0x3f, 0x5a, 0x80, 0x55, 0xe0, 0x1f,
    0xa0, 0xde, 0x82, 0x95, 0x1c, 0xc0, 0x1d, 0xc0,
    0x1, 0x77, 0x8, 0xb, 0xba, 0x70, 0x4, 0xc8,
    0x1, 0x53, 0x28, 0x8, 0x99, 0x90, 0xc1, 0xd6,
    0xc, 0x3, 0xfc, 0x6c, 0x60, 0xe2, 0x1, 0xfe,
    0x19, 0x10, 0xf, 0x30, 0x18, 0x7, 0xff, 0x3,
    0xec, 0xc4, 0x3, 0xff, 0x81, 0x79, 0x80, 0xe,

    /* U+548C "和" */
    0x0, 0xf8, 0x80, 0x3f, 0x91, 0x5e, 0xb7, 0x46,
    0x1, 0xfa, 0x65, 0x89, 0x1a, 0x62, 0x89, 0xc0,
    0xd, 0xcf, 0x35, 0x20, 0x5b, 0x88, 0x4d, 0x80,
    0x7f, 0x87, 0x31, 0x22, 0x15, 0xfe, 0xb2, 0xff,
    0x80, 0x3e, 0xaf, 0xf2, 0x97, 0xfc, 0x1, 0xfc,
    0x4a, 0x10, 0xc0, 0x1f, 0xe8, 0x10, 0xe9, 0x30,
    0xf, 0xc8, 0xb0, 0xc, 0x9c, 0x1, 0xf0, 0xd4,
    0x10, 0x2, 0x60, 0x0, 0x66, 0x20, 0x6, 0xab,
    0x80, 0x44, 0xa0, 0x3f, 0xeb, 0x0, 0x7d, 0x0,
    0x7c, 0x39, 0x89, 0x10, 0x31, 0x1, 0x30, 0x9,
    0x6c, 0x0, 0xb6,

    /* U+54B8 "咸" */
    0x0, 0xfe, 0x10, 0x10, 0xf, 0xfe, 0x0, 0xf1,
    0x45, 0x0, 0x7f, 0xc2, 0x7, 0xe, 0xe0, 0xc,
    0x45, 0xf0, 0x11, 0xc1, 0x88, 0x5, 0x98, 0xff,
    0xe0, 0xef, 0x8a, 0x70, 0xd, 0x1b, 0xbc, 0x5d,
    0xba, 0xe6, 0x0, 0x8c, 0x3f, 0xf2, 0xb, 0x81,
    0xc0, 0x7, 0x1e, 0xeb, 0xb5, 0x18, 0x82, 0xd0,
    0x3, 0x18, 0x11, 0x4, 0x80, 0xbc, 0x16, 0x40,
    0x3d, 0xdd, 0x79, 0x6a, 0xa0, 0x28, 0x6, 0x16,
    0xd, 0xe1, 0x4, 0x39, 0x80, 0xc, 0x40, 0x46,
    0x1, 0x84, 0x81, 0x40, 0x32, 0x8, 0x83, 0x3c,
    0x42, 0x48, 0x82, 0x8, 0x0, 0xd4, 0xd, 0xff,
    0x74, 0x26, 0xad, 0x34, 0x80, 0xac, 0x80, 0x6d,
    0x3c, 0x2a, 0x28, 0x90, 0x1e, 0x30, 0xd, 0x92,
    0x20, 0x9, 0xe4, 0x0,

    /* U+54C1 "品" */
    0x0, 0xf, 0xff, 0xe8, 0x0, 0xc2, 0x1d, 0xde,
    0x40, 0xf, 0xc2, 0x3e, 0x0, 0xf8, 0xc4, 0x7c,
    0x1, 0xc2, 0x1b, 0xdd, 0xc8, 0x1, 0xc3, 0xff,
    0xfa, 0x0, 0x9, 0xff, 0xc6, 0x3f, 0xfd, 0xc0,
    0x5b, 0xb0, 0x8c, 0x19, 0xba, 0xa0, 0x8, 0x8a,
    0x0, 0xc4, 0x53, 0x0, 0x7f, 0xf1, 0x48, 0xa0,
    0xc, 0x45, 0x38, 0x0, 0xb7, 0x61, 0x10, 0x3,
    0x37, 0x56, 0x22, 0x2f, 0xf8, 0x80, 0x43, 0xbf,
    0xda, 0xa0,

    /* U+54EA "哪" */
    0x0, 0xff, 0xe1, 0xf7, 0x6d, 0xfe, 0xe7, 0x9f,
    0xf7, 0x3c, 0x4f, 0x74, 0x1a, 0x93, 0x82, 0x20,
    0xe9, 0x31, 0x0, 0xff, 0xe0, 0x65, 0x80, 0x75,
    0xad, 0x70, 0x18, 0x1, 0x14, 0x3, 0xa5, 0x55,
    0x0, 0x12, 0x11, 0x0, 0x38, 0x83, 0xd8, 0x2,
    0x72, 0x10, 0xf, 0xfe, 0x1, 0x99, 0x80, 0x3b,
    0xd2, 0x34, 0x3, 0x55, 0x0, 0x1b, 0xa0, 0xf1,
    0xbd, 0x0, 0xc8, 0x44, 0xd, 0xd0, 0x8, 0x98,
    0x3, 0x84, 0x3, 0x1f, 0xa0, 0x90, 0x6, 0x4c,
    0x42, 0xa2, 0x1, 0xe6, 0x0, 0x8c, 0x12, 0x6c,
    0x1c, 0x41, 0x55, 0x2d, 0xc6, 0x20, 0x6, 0x0,
    0xe3, 0xb1, 0x26, 0xe7, 0x0, 0xe0,

    /* U+54ED "哭" */
    0xf, 0xfe, 0x33, 0x7f, 0xf1, 0x0, 0x59, 0xfe,
    0x1, 0x1, 0xff, 0x68, 0x18, 0x7, 0xff, 0x1b,
    0xee, 0xc0, 0x2e, 0x3b, 0xaf, 0x3, 0x0, 0x67,
    0xc4, 0x31, 0x43, 0xa5, 0x33, 0x88, 0x0, 0x67,
    0xd7, 0x2, 0xec, 0x42, 0x0, 0x25, 0x44, 0xc6,
    0xc8, 0xe7, 0x6a, 0xa0, 0x5b, 0xaa, 0xc2, 0xb5,
    0x42, 0x6b, 0x80, 0x7e, 0xed, 0xa0, 0x6f, 0xdd,
    0xb4, 0x3, 0xd0, 0xdc, 0xca, 0x1, 0xf8, 0x6d,
    0x60, 0xaa, 0x8c, 0x1, 0xc7, 0x1e, 0xda, 0x20,
    0xb5, 0x3b, 0xa, 0x13, 0x8d, 0x3a, 0x60, 0x12,
    0xf3, 0xba, 0x2, 0xeb, 0x9c, 0x3, 0xc3, 0x5d,
    0xe0,

    /* U+5507 "唇" */
    0x0, 0xff, 0xe3, 0x67, 0xff, 0xfc, 0x1, 0x9e,
    0x7f, 0xff, 0xc0, 0x1e, 0x9f, 0xff, 0xc2, 0x1,
    0xe9, 0xff, 0xfc, 0x20, 0x19, 0xe3, 0xbf, 0xbb,
    0xf3, 0x80, 0x6b, 0xe0, 0xce, 0x76, 0xe6, 0x8e,
    0x70, 0xc, 0x20, 0x1a, 0x53, 0x11, 0x0, 0x1c,
    0x4e, 0x41, 0x3e, 0x58, 0xe3, 0x48, 0x40, 0x10,
    0x90, 0x96, 0xf1, 0x5, 0xc8, 0xcf, 0x0, 0x10,
    0x87, 0xc2, 0xf3, 0x76, 0x94, 0xfc, 0x0, 0x73,
    0x81, 0x4e, 0xef, 0x88, 0x2, 0x25, 0xe0, 0x1,
    0x17, 0xc0, 0x18, 0xdd, 0x0, 0x17, 0xdd, 0xe0,
    0xc,

    /* U+5524 "唤" */
    0x0, 0xf8, 0x48, 0x3, 0xff, 0x83, 0x18, 0x20,
    0x1d, 0x79, 0x90, 0x81, 0xb0, 0x6e, 0x60, 0x40,
    0xb, 0x50, 0x60, 0x5a, 0xdb, 0xec, 0xe2, 0x0,
    0x35, 0x40, 0x3c, 0x49, 0x33, 0x27, 0x80, 0x7c,
    0x76, 0xd9, 0x8d, 0x18, 0xc1, 0x0, 0xf3, 0x17,
    0x41, 0x6f, 0x98, 0x7, 0xf1, 0x28, 0x11, 0x80,
    0x7f, 0xf1, 0xd8, 0xc0, 0x98, 0x9, 0x40, 0x8c,
    0x8, 0x42, 0x3c, 0x2e, 0x4b, 0xa4, 0x33, 0xcf,
    0xd0, 0xfb, 0x16, 0x73, 0x26, 0x60, 0x66, 0x4a,
    0x42, 0x14, 0x20, 0x8, 0x59, 0x4a, 0x0, 0xb0,
    0x80, 0x25, 0xc6, 0xc0, 0xb7, 0xd6, 0x0, 0xe9,
    0xa5, 0xf2, 0x1, 0xd4, 0xa0, 0xe, 0x9f, 0x91,
    0x0, 0xd3, 0x80,

    /* U+552E "售" */
    0x0, 0xff, 0xe3, 0xe2, 0x0, 0x35, 0x0, 0x3f,
    0x21, 0xb0, 0x2, 0xc4, 0x3, 0xf4, 0xe, 0x77,
    0x26, 0xfb, 0xb2, 0x0, 0x1c, 0xe7, 0xba, 0x1b,
    0xee, 0xc8, 0x7, 0x1, 0x1f, 0xf0, 0xd7, 0xfd,
    0x0, 0xe, 0x63, 0x8f, 0xf8, 0x6b, 0xfe, 0x80,
    0x4, 0x48, 0x47, 0xfc, 0x35, 0xff, 0x48, 0x1,
    0x40, 0x63, 0xfe, 0x1a, 0xff, 0xa4, 0x3, 0xa3,
    0xfe, 0x1a, 0xff, 0xd4, 0x1, 0x56, 0x7f, 0xfe,
    0xeb, 0x0, 0xa3, 0x3f, 0xff, 0x28, 0x80, 0x6b,
    0xff, 0xf8, 0x3, 0xc2, 0x1, 0xff, 0xc2, 0x1b,
    0xff, 0xf8, 0x3, 0xeb, 0xff, 0xf8, 0x3, 0xdc,
    0x80, 0x1f, 0x7a, 0x0,

    /* U+5531 "唱" */
    0x0, 0xe7, 0xff, 0xf9, 0x37, 0xba, 0x41, 0x3f,
    0xfe, 0x10, 0x3b, 0xe0, 0x8, 0xff, 0xf8, 0x40,
    0xc0, 0x38, 0xff, 0xf8, 0x40, 0x3c, 0x27, 0xbb,
    0xc2, 0x1, 0xe7, 0xfd, 0xde, 0xf4, 0x0, 0xed,
    0xff, 0xfb, 0x80, 0x38, 0xeb, 0xff, 0xa4, 0x1,
    0x36, 0x20, 0x66, 0x22, 0xe1, 0x3, 0x6c, 0x0,
    0xa3, 0x33, 0xa0, 0x1, 0xef, 0x2c, 0x17, 0xdd,
    0xd4, 0x12, 0xe0, 0xc4, 0x15, 0xff, 0xd4, 0xe,
    0x40, 0x11, 0xcf, 0x77, 0x48, 0x7, 0xc6, 0x23,
    0xcd, 0xc0,

    /* U+5546 "商" */
    0x0, 0xe1, 0xb2, 0x0, 0xf1, 0x8, 0xe0, 0x4,
    0x88, 0xe2, 0x27, 0x7f, 0xf2, 0xab, 0xff, 0x66,
    0x5d, 0xc9, 0x2e, 0xea, 0xcf, 0xfb, 0xa0, 0x9,
    0xdc, 0xa0, 0xe, 0x41, 0x0, 0xd9, 0xdc, 0x5b,
    0xee, 0x2b, 0xf7, 0x30, 0x2, 0x9e, 0xe6, 0xf7,
    0x2f, 0xb9, 0x20, 0x1e, 0x4c, 0x41, 0x8c, 0x20,
    0xf, 0x2d, 0xd2, 0xe, 0xae, 0x0, 0x78, 0x9e,
    0xbf, 0xe0, 0xc0, 0xf, 0x3d, 0x87, 0xf9, 0x40,
    0x80, 0x3f, 0xae, 0xc8, 0x1, 0xfc, 0x79, 0x10,
    0xdb, 0x0, 0xfe, 0x33, 0xe9, 0x93, 0x80, 0x7f,
    0x85, 0xcf, 0xc0, 0x18, 0xe0, 0x1f, 0x7e, 0xa0,
    0x0,

    /* U+5587 "喇" */
    0x0, 0xf8, 0xfc, 0x3, 0xbd, 0x40, 0x3f, 0x8,
    0x7, 0x8, 0x2f, 0xfc, 0xdf, 0xec, 0x1f, 0xf3,
    0x79, 0x80, 0x4, 0x3c, 0xcd, 0xfe, 0xc1, 0xff,
    0x30, 0x8, 0x7, 0xd5, 0xbc, 0x3b, 0xa2, 0x0,
    0xfe, 0x6b, 0x91, 0xf2, 0x10, 0xf, 0xf1, 0xb8,
    0x10, 0x7, 0xff, 0x3, 0xec, 0x5c, 0x3, 0xf1,
    0x88, 0x51, 0x20, 0x7b, 0x90, 0x7, 0xbc, 0x8d,
    0xa4, 0x87, 0x6c, 0x40, 0x40, 0x36, 0x20, 0xe,
    0x18, 0x16, 0x96, 0x98, 0x0, 0x40, 0x16, 0xbe,
    0xdc, 0xe, 0xc8, 0x40, 0x12, 0xf8, 0xf, 0xa5,
    0x80, 0x84, 0x30, 0xb0, 0x88, 0x2, 0x1c, 0xa0,
    0x70, 0xe, 0x86, 0x40,

    /* U+559C "喜" */
    0x0, 0xfa, 0x68, 0x3, 0xf5, 0xff, 0xf3, 0x2f,
    0xff, 0x70, 0x2, 0xbb, 0xff, 0x32, 0xff, 0xee,
    0xf0, 0x0, 0xcf, 0x76, 0x65, 0xee, 0xcc, 0x20,
    0x14, 0xe6, 0x6d, 0xd6, 0x66, 0x60, 0xc, 0x3f,
    0xbb, 0xfc, 0x20, 0x1e, 0x8e, 0xef, 0x50, 0x7,
    0xcd, 0x5f, 0x99, 0xbe, 0x8, 0x3, 0x8, 0x5f,
    0xc, 0xee, 0xbc, 0x67, 0x40, 0x21, 0xef, 0xf6,
    0x5, 0xff, 0xb4, 0x2f, 0xfe, 0xb1, 0xff, 0xff,
    0xe1, 0x58, 0x5, 0xdf, 0xdd, 0xef, 0xe0, 0xf,
    0xa7, 0xbb, 0xd2, 0x1, 0xfa, 0x7f, 0xfd, 0x20,
    0x1f, 0x7f, 0xff, 0x70, 0x4,

    /* U+559D "喝" */
    0x34, 0x48, 0x1, 0xff, 0xf2, 0x86, 0x6e, 0x59,
    0x80, 0x33, 0xbb, 0x8, 0x5, 0x50, 0x1, 0xb7,
    0xff, 0x8, 0x7, 0xf6, 0x77, 0x61, 0x0, 0xfe,
    0xdf, 0xfc, 0x20, 0x1f, 0xbc, 0xdf, 0xff, 0x28,
    0x7, 0xd4, 0x6f, 0xff, 0xc6, 0x1, 0x9b, 0x5f,
    0x7c, 0xab, 0xf8, 0x2, 0x8a, 0x0, 0x20, 0x1,
    0xa, 0x48, 0x0, 0x21, 0xbc, 0x3, 0x24, 0xd5,
    0x4b, 0xd2, 0x3, 0x5, 0x4a, 0x50, 0x6, 0x22,
    0xbd, 0x80, 0x5a, 0x60, 0xa2, 0x0, 0x75, 0xe5,
    0x44, 0x0, 0x90, 0x7, 0x7f, 0xdc, 0x9f, 0xc,
    0x1, 0xff, 0xd, 0x64, 0x80,

    /* U+5634 "嘴" */
    0x0, 0xfe, 0x11, 0x0, 0x7f, 0x92, 0x82, 0x6c,
    0xc, 0x0, 0x67, 0x0, 0xdb, 0x98, 0x4, 0xb8,
    0xa1, 0xb1, 0xa8, 0xe, 0xd, 0x40, 0x9d, 0x8a,
    0x0, 0xa5, 0x70, 0x9, 0xa8, 0x12, 0xcd, 0xc0,
    0x38, 0x89, 0x2d, 0x7e, 0x91, 0x32, 0x0, 0xe9,
    0x62, 0x4b, 0x7b, 0xec, 0xc0, 0x7, 0x55, 0x19,
    0x7b, 0x94, 0xaa, 0x20, 0xc, 0xee, 0xd4, 0xcc,
    0x13, 0x9, 0x0, 0x73, 0xf1, 0xa7, 0x68, 0x2f,
    0xe0, 0x5, 0x88, 0x13, 0x6b, 0x43, 0x74, 0xa6,
    0x1, 0x63, 0x0, 0x38, 0x4c, 0x4, 0xfc, 0x3,
    0xa4, 0xc1, 0x52, 0xc6, 0x2e, 0x40, 0x2e, 0x10,
    0x2, 0x1f, 0xf1, 0x7f, 0x50, 0x7, 0x8e, 0x9c,
    0x40, 0x25, 0x96, 0x0, 0xe3, 0xa8, 0x0, 0x68,
    0xbc, 0x58, 0x0,

    /* U+5668 "器" */
    0x0, 0x4f, 0xf7, 0x3d, 0x17, 0xfb, 0xb0, 0x6,
    0x17, 0xee, 0x1b, 0x89, 0xf7, 0x34, 0xc0, 0x39,
    0xbb, 0x84, 0x0, 0x2e, 0xe6, 0x80, 0x74, 0x77,
    0x6a, 0x3e, 0xd6, 0xed, 0x0, 0x89, 0x51, 0x33,
    0xea, 0x2a, 0xc8, 0x80, 0x3, 0x77, 0x69, 0x15,
    0x9c, 0x7f, 0xee, 0x0, 0x12, 0xed, 0xc6, 0x17,
    0xa2, 0x2c, 0x9b, 0xb0, 0x2, 0xff, 0xdd, 0x9a,
    0x85, 0x9f, 0xf7, 0x70, 0x42, 0x9c, 0x9a, 0x70,
    0xcd, 0x90, 0xa0, 0x9e, 0x20, 0x20, 0xbd, 0xc1,
    0x0, 0xf, 0x72, 0x58, 0x3, 0x84, 0x88, 0x20,
    0x1, 0x22, 0x30, 0x7, 0x9b, 0x74, 0x60, 0x3,
    0xdd, 0x80, 0x38, 0x5b, 0x74, 0x6e, 0xe3, 0xdd,
    0x80, 0x3a, 0x60, 0x1, 0x88, 0x8c, 0x0, 0x1e,
    0x80, 0x0,

    /* U+566A "噪" */
    0xf, 0xf9, 0x1, 0x3f, 0xfb, 0x80, 0x3b, 0x89,
    0xc1, 0xc3, 0xff, 0x18, 0x7, 0xf3, 0x87, 0xfe,
    0x0, 0xfe, 0x26, 0xdd, 0x7f, 0xb7, 0xc8, 0x3,
    0xed, 0xee, 0x69, 0x2e, 0xce, 0xa8, 0x7, 0x87,
    0xf4, 0x0, 0x25, 0x66, 0x20, 0x1e, 0x3d, 0xf1,
    0x0, 0x1f, 0x10, 0x6, 0x93, 0xd, 0xee, 0xab,
    0x7b, 0xa4, 0x0, 0xb0, 0x1, 0x77, 0x99, 0xee,
    0xec, 0x0, 0x95, 0x2, 0x27, 0xd0, 0x81, 0x66,
    0x5e, 0x1, 0xa8, 0xcc, 0x50, 0xea, 0x8b, 0x64,
    0x60, 0xd, 0x10, 0x1, 0xeb, 0x40, 0x2, 0x5f,
    0x10, 0x0, 0x40, 0x8, 0xc4, 0xa0, 0x8, 0xb0,
    0x64, 0x40, 0x34, 0x54, 0x80, 0xc, 0x40, 0xb7,
    0xc4,

    /* U+56B7 "嚷" */
    0x0, 0xfd, 0x34, 0x1, 0xcf, 0x10, 0x26, 0xbb,
    0x91, 0x17, 0x75, 0x4, 0xfb, 0x31, 0x22, 0x2e,
    0xd8, 0x8a, 0x40, 0x8, 0x6e, 0x79, 0x11, 0x37,
    0x46, 0xb0, 0x7, 0x87, 0xf4, 0x0, 0xfe, 0xa0,
    0x1e, 0x19, 0xc9, 0xe7, 0x53, 0xc7, 0x0, 0xe5,
    0xb4, 0x9, 0xe0, 0xbb, 0x38, 0x7, 0x2c, 0xd0,
    0x4c, 0x82, 0x64, 0x80, 0xf, 0x20, 0x1, 0x88,
    0x0, 0xc0, 0x6, 0x1, 0x79, 0x3b, 0x6d, 0x87,
    0x68, 0x76, 0xd0, 0x5, 0x4c, 0xcb, 0x41, 0x97,
    0xea, 0x8a, 0x4, 0x17, 0x23, 0xc7, 0x42, 0x5b,
    0xb4, 0x88, 0x51, 0x5, 0x65, 0xd0, 0x34, 0xb2,
    0xc0, 0x7, 0x47, 0x3e, 0x2f, 0x86, 0x36, 0xd9,
    0x0, 0x44, 0x21, 0x9b, 0x20, 0x9, 0xdc, 0x20,

    /* U+56CA "囊" */
    0x0, 0xf8, 0x78, 0x3, 0xe1, 0xaa, 0xeb, 0x1a,
    0xae, 0x40, 0x1a, 0x61, 0x0, 0xf9, 0xed, 0x0,
    0x21, 0x0, 0xfc, 0x40, 0x10, 0xb5, 0xee, 0x64,
    0x39, 0x94, 0xba, 0x2, 0xd8, 0x7, 0x40, 0x6,
    0xff, 0x2, 0x67, 0x5e, 0xd4, 0xa4, 0xee, 0xa6,
    0x56, 0x0, 0x1e, 0x67, 0x3, 0x3, 0x61, 0x30,
    0xd, 0x1a, 0x4, 0x2f, 0x2e, 0x42, 0xf0, 0x1,
    0x56, 0xe8, 0x9f, 0x75, 0x81, 0xba, 0xb0, 0x8,
    0xce, 0x70, 0x33, 0x8, 0x19, 0x84, 0x0, 0x35,
    0xdc, 0x44, 0x74, 0x5a, 0x75, 0xca, 0x80, 0xdf,
    0xb8, 0x54, 0xe0, 0x90, 0x35, 0xa8, 0x3e, 0xff,
    0x86, 0x7c, 0x33, 0xd9, 0x25, 0x0, 0xbe, 0xc9,
    0xe7, 0x44, 0x1b, 0x7f, 0xcc,

    /* U+56DB "四" */
    0x5f, 0xff, 0xfe, 0x2, 0x80, 0xff, 0xb8, 0x33,
    0x1, 0xff, 0x8, 0x7, 0x8, 0x10, 0x7, 0xfc,
    0x40, 0x20, 0x1f, 0xf3, 0x90, 0x7, 0xff, 0x3,
    0x90, 0x3, 0xfe, 0x34, 0xb0, 0x8, 0x40, 0x3c,
    0x5a, 0xe4, 0x4, 0x1d, 0xec, 0x1, 0x99, 0xe0,
    0x0, 0x3d, 0xba, 0x60, 0xc, 0x92, 0x1, 0x84,
    0x88, 0x1, 0xc2, 0x3f, 0xe0, 0x8, 0x7b, 0xbf,
    0xc2, 0x6, 0x3f, 0xff, 0xe1, 0x36, 0xf0, 0xf,
    0xf7, 0x30,

    /* U+56DE "回" */
    0x3f, 0xff, 0xfe, 0x0, 0x80, 0x3b, 0xbf, 0xb4,
    0x3, 0x8, 0xff, 0x0, 0x7d, 0xdf, 0xfb, 0x80,
    0x3f, 0xaf, 0xfd, 0x60, 0x1f, 0xfd, 0xa9, 0xcc,
    0x48, 0x80, 0x7e, 0xa9, 0x88, 0x4d, 0x80, 0x7e,
    0x44, 0xf0, 0x7, 0xff, 0x23, 0xff, 0xfb, 0x40,
    0x37, 0xff, 0xf6, 0x80, 0xf, 0xc0, 0x3f, 0x8b,
    0x84,

    /* U+56E0 "因" */
    0x5f, 0xff, 0xfe, 0x2, 0x88, 0xbf, 0xf6, 0x4f,
    0xfe, 0x11, 0x0, 0x79, 0x2c, 0x3, 0xf8, 0xcc,
    0x5e, 0x24, 0x43, 0x10, 0xe, 0xcd, 0xc7, 0x3c,
    0xc6, 0xb0, 0x7, 0x7f, 0x71, 0x1b, 0xba, 0x70,
    0xf, 0x85, 0x10, 0x60, 0x1f, 0xeb, 0x38, 0xc8,
    0x0, 0xf8, 0xad, 0xf5, 0x71, 0xb0, 0x40, 0x3a,
    0x43, 0x4, 0xf, 0x18, 0x40, 0x3a, 0xec, 0x20,
    0x11, 0x50, 0x6, 0x1f, 0xff, 0xf0, 0x80, 0x8b,
    0xbb, 0xfc, 0x22, 0x5f, 0x11, 0xff, 0x72, 0x80,

    /* U+56E2 "团" */
    0x6f, 0xff, 0xfe, 0x3, 0x18, 0xee, 0xf6, 0x5,
    0xee, 0x84, 0xc0, 0x4, 0x5e, 0x5, 0x22, 0x0,
    0x76, 0x7f, 0xdc, 0x1d, 0xe8, 0x1, 0xdb, 0xdc,
    0x70, 0x6, 0x6a, 0x0, 0x70, 0x88, 0x19, 0xc0,
    0x88, 0x1, 0xfb, 0x56, 0x40, 0x3f, 0xd6, 0x34,
    0x1, 0xfc, 0x5c, 0xd8, 0x24, 0x1, 0xf8, 0xa3,
    0x7, 0x30, 0x42, 0x1, 0xf3, 0x8, 0x76, 0xe8,
    0x3, 0xc3, 0xff, 0xb7, 0x5f, 0xf8, 0x40, 0xc7,
    0x77, 0xfc, 0x26,

    /* U+56ED "园" */
    0x5f, 0xff, 0xfe, 0x3, 0x8, 0xbf, 0xd9, 0xbb,
    0xb3, 0xbc, 0x8c, 0x2, 0x1d, 0xcc, 0xdb, 0x20,
    0x1e, 0x1e, 0xef, 0x40, 0x7, 0x2f, 0x6e, 0xfb,
    0x88, 0x3, 0x26, 0x79, 0x45, 0x9f, 0xe9, 0x0,
    0x61, 0x23, 0x4, 0x20, 0x23, 0x0, 0xf9, 0xc4,
    0x40, 0x1f, 0xe1, 0x86, 0x0, 0xd2, 0xc0, 0x18,
    0x74, 0x24, 0x18, 0x7d, 0x90, 0x3, 0xc, 0xe0,
    0x81, 0x76, 0xf1, 0x0, 0x43, 0xb1, 0xfb, 0xb6,
    0x7e, 0x69, 0x0, 0x87, 0x77, 0xf8, 0x4d, 0x7c,
    0xcf, 0xfd, 0xcc,

    /* U+56F4 "围" */
    0x5f, 0xff, 0xfe, 0x2, 0x88, 0xbf, 0xf3, 0x6f,
    0xfe, 0x11, 0x0, 0x53, 0x33, 0x44, 0xcc, 0x1,
    0xeb, 0xb8, 0x7e, 0xee, 0x0, 0xf2, 0xff, 0x86,
    0xff, 0xc8, 0x1, 0xe7, 0xdd, 0x16, 0xec, 0xc0,
    0x1c, 0x28, 0x67, 0x29, 0x9c, 0x1, 0xc5, 0xf1,
    0x1, 0xa8, 0xfc, 0x0, 0xe3, 0xbb, 0x8b, 0xe6,
    0x88, 0x3, 0xfe, 0x89, 0x40, 0xf, 0xe3, 0x8,
    0xd9, 0x0, 0xc3, 0x99, 0x87, 0xba, 0xcc, 0x8,
    0x0, 0x7b, 0xb6, 0xff, 0x76, 0x11, 0x80, 0x8b,
    0xfd, 0xca,

    /* U+56FD "国" */
    0x5f, 0xff, 0xfe, 0x2, 0x8, 0xbf, 0xff, 0xc2,
    0x1, 0xbf, 0xfe, 0xd0, 0xf, 0x77, 0x3c, 0xaf,
    0xfb, 0x0, 0x3c, 0x22, 0x0, 0xc2, 0x20, 0xf,
    0x5f, 0xf8, 0xaf, 0xfd, 0x0, 0x1e, 0xae, 0xf2,
    0xbd, 0xc8, 0x0, 0xf0, 0x88, 0x2, 0xbe, 0x0,
    0xff, 0xe0, 0x4d, 0x80, 0x79, 0x7f, 0xe2, 0xbf,
    0x9f, 0x20, 0xc, 0xbd, 0xff, 0xee, 0x20, 0xe,
    0x10, 0xf, 0x8, 0x6, 0x1e, 0xef, 0xf0, 0x80,
    0x8b, 0xbb, 0xfc, 0x22, 0x5e, 0x0, 0xff, 0x72,
    0x80,

    /* U+56FE "图" */
    0x5f, 0xff, 0xfe, 0x2, 0x88, 0xbf, 0xe9, 0x7f,
    0xfe, 0x20, 0xe, 0x29, 0x7f, 0xf8, 0xc0, 0x3c,
    0x3e, 0x5d, 0xe8, 0xa6, 0x1, 0xed, 0x57, 0xa8,
    0x7a, 0x0, 0xfb, 0x62, 0x51, 0xe8, 0x3, 0xe1,
    0x7b, 0xd8, 0xa8, 0xe9, 0x30, 0xc, 0x35, 0x98,
    0x9c, 0xdb, 0x22, 0x0, 0x76, 0x39, 0x69, 0x6a,
    0xd8, 0x80, 0x78, 0x7a, 0x7b, 0xc0, 0x3f, 0x87,
    0x4e, 0xbc, 0x3, 0xe2, 0x28, 0x6f, 0x20, 0x8a,
    0x30, 0x0, 0xe6, 0x76, 0xc6, 0x64, 0x20, 0x22,
    0xee, 0xff, 0x11, 0xaf, 0x80, 0x7f, 0xb5, 0x80,

    /* U+5706 "圆" */
    0x4f, 0xff, 0xfe, 0x2, 0xb8, 0xff, 0x9d, 0x13,
    0xbb, 0xcc, 0x3, 0x8f, 0x22, 0x24, 0x10, 0xf,
    0xd5, 0xff, 0x0, 0x80, 0x7d, 0x5f, 0xdd, 0x68,
    0x80, 0x78, 0xf3, 0xff, 0x9c, 0x3, 0xe3, 0xc9,
    0x96, 0x27, 0x80, 0x7e, 0x1e, 0xd1, 0x0, 0xfe,
    0x20, 0x4c, 0x4c, 0xd0, 0xf, 0x1e, 0x40, 0x35,
    0xfa, 0x80, 0x7a, 0x75, 0xb4, 0xf5, 0xb4, 0x40,
    0x38, 0x6f, 0xcc, 0xb, 0x6c, 0x40, 0x21, 0xf7,
    0x9e, 0xff, 0xba, 0x7c, 0xc1, 0xc7, 0xff, 0xfc,
    0x66, 0x4e, 0x0, 0xff, 0x63, 0x0,

    /* U+5723 "圣" */
    0x0, 0xff, 0xe3, 0x57, 0xff, 0xf1, 0x80, 0x75,
    0xea, 0x97, 0x76, 0x26, 0x30, 0xe, 0x12, 0xa0,
    0x81, 0x15, 0x84, 0x80, 0x7f, 0x62, 0x5d, 0x9f,
    0x0, 0x3f, 0xe7, 0x44, 0x33, 0x90, 0x7, 0x89,
    0xaf, 0x83, 0x74, 0x77, 0xbf, 0xd4, 0x0, 0xcd,
    0xdb, 0xaa, 0x5e, 0x37, 0xf2, 0xe0, 0x1, 0x9f,
    0x6c, 0x20, 0xa6, 0x1, 0x1a, 0x90, 0x4, 0x7f,
    0xf8, 0x67, 0xfe, 0xc0, 0xe, 0x3e, 0xec, 0x51,
    0xdd, 0x68, 0x7, 0x84, 0x70, 0x8, 0xf0, 0x6,
    0x22, 0xf1, 0x89, 0x17, 0x8, 0x3, 0x77, 0xc3,
    0x1b, 0xbd, 0x40,

    /* U+5728 "在" */
    0x0, 0xf2, 0x58, 0x80, 0x7f, 0xf0, 0x75, 0x84,
    0x3, 0xf1, 0x2a, 0x24, 0xee, 0x44, 0xf8, 0x0,
    0xf3, 0x10, 0x91, 0x68, 0x8f, 0x80, 0xb, 0x99,
    0x3a, 0xe6, 0x16, 0xb3, 0x30, 0x7, 0x12, 0xc0,
    0x1, 0x78, 0x3, 0xf3, 0x7c, 0x90, 0x7, 0xfc,
    0x50, 0xcf, 0xdb, 0xa3, 0x6d, 0xd7, 0x0, 0x47,
    0x82, 0x43, 0x5d, 0xc3, 0x7e, 0xe5, 0x0, 0xb,
    0x11, 0x80, 0x8, 0x66, 0x1, 0x33, 0x20, 0x0,
    0xae, 0x80, 0x3f, 0xf8, 0x48, 0x1, 0xff, 0xc7,
    0x22, 0xc0, 0x24, 0x51, 0x80, 0x63, 0x8, 0xff,
    0x85, 0x3f, 0xed, 0x0, 0xe3, 0xad, 0xdf, 0xdc,
    0x0,

    /* U+5730 "地" */
    0x0, 0x1f, 0x8, 0x6, 0x2f, 0x10, 0xf, 0x84,
    0x0, 0x2a, 0x1, 0xff, 0xc2, 0x3a, 0x0, 0xff,
    0xe3, 0x93, 0x5a, 0x0, 0xe7, 0x6, 0xd8, 0x0,
    0xa8, 0x33, 0x50, 0x0, 0x33, 0x61, 0x3b, 0x41,
    0xa8, 0x1d, 0x60, 0x19, 0x54, 0x9, 0xca, 0x1d,
    0xc0, 0xf, 0xfa, 0x3c, 0x4, 0x3, 0x9c, 0x3,
    0xff, 0x82, 0x20, 0x1f, 0xfc, 0x27, 0xe2, 0x30,
    0xe, 0x6d, 0x0, 0xe4, 0xad, 0x0, 0xc, 0x70,
    0x65, 0x80, 0x46, 0xe4, 0xa1, 0x44, 0x27, 0x5d,
    0x6c, 0x60, 0x81, 0x22, 0x27, 0x50, 0x5, 0xb8,
    0x80, 0x5, 0x6f, 0xbb, 0x4b, 0x90,

    /* U+573A "场" */
    0x0, 0xac, 0x80, 0x3f, 0xf8, 0x28, 0x20, 0xbf,
    0xff, 0x8, 0x7, 0x97, 0xba, 0xd2, 0x4c, 0x10,
    0xf, 0x84, 0x45, 0x97, 0x63, 0x2, 0xba, 0x8,
    0xb1, 0x8, 0xed, 0x60, 0x8, 0xa2, 0x1, 0xd0,
    0x5e, 0xe5, 0x9f, 0xf7, 0x1, 0x90, 0x31, 0x9a,
    0xa0, 0x78, 0xa2, 0x40, 0x3f, 0x2e, 0xa0, 0x92,
    0x1, 0x80, 0x7c, 0x6b, 0x28, 0x6, 0x2, 0x1,
    0xaf, 0x17, 0x98, 0xf9, 0x40, 0x5c, 0x16, 0x81,
    0x11, 0x6d, 0x26, 0xb2, 0x1e, 0x7, 0x47, 0xb9,
    0x13, 0x65, 0xac, 0x60, 0x1, 0x3e, 0x92, 0x0,
    0x3a, 0xe2, 0xc9, 0xaa, 0x88, 0x4, 0x3, 0x15,
    0x3d, 0x83, 0x50, 0x50, 0x7, 0x8b, 0xa4, 0x0,
    0xbd, 0xa4,

    /* U+5750 "坐" */
    0x0, 0xfb, 0xd8, 0x3, 0xf9, 0x90, 0x0, 0x26,
    0x0, 0x95, 0x0, 0xe8, 0xc0, 0xf, 0x30, 0x7,
    0x18, 0xd0, 0x7, 0x28, 0x28, 0x6, 0xa0, 0x80,
    0xe, 0x90, 0xa0, 0x8, 0x5a, 0x9e, 0x80, 0x23,
    0x35, 0xbd, 0x0, 0x2c, 0xd7, 0xd5, 0x0, 0x1e,
    0xc9, 0xe8, 0xc2, 0xfc, 0x5, 0xa8, 0x4, 0xf0,
    0x5, 0x8c, 0x3a, 0x40, 0x2, 0x0, 0x15, 0x88,
    0x0, 0x80, 0x2d, 0xff, 0xc3, 0x5f, 0xf9, 0x80,
    0x2c, 0xef, 0xf8, 0x6b, 0xfe, 0xe6, 0x0, 0x84,
    0x40, 0x1f, 0x84, 0x2, 0x22, 0x8, 0xe0, 0x31,
    0x1c, 0x42, 0x7b, 0x9f, 0xf8, 0x23, 0xff, 0x65,
    0x80,

    /* U+5761 "坡" */
    0x0, 0x27, 0x80, 0x7b, 0x98, 0x3, 0xce, 0x20,
    0x1e, 0x33, 0x0, 0x7f, 0x8b, 0xba, 0x2a, 0xee,
    0x80, 0x3f, 0xe, 0x79, 0x4f, 0xb9, 0x0, 0x33,
    0x87, 0x28, 0x0, 0x62, 0x6, 0x21, 0x60, 0x9,
    0xb1, 0x9e, 0x0, 0xfa, 0x5c, 0x0, 0xa8, 0xa,
    0x82, 0x1d, 0xe5, 0x5f, 0xc0, 0x1f, 0xea, 0xf,
    0xf3, 0x90, 0x7, 0xe6, 0x17, 0x2, 0x3, 0xb0,
    0xf, 0x24, 0x6a, 0x91, 0x28, 0x51, 0x40, 0x26,
    0x91, 0x8f, 0x5c, 0x8, 0x7b, 0x52, 0x0, 0xa8,
    0xfb, 0xc, 0x94, 0x14, 0x96, 0x0, 0x36, 0x40,
    0x84, 0xb1, 0x12, 0xcd, 0x31, 0x40, 0x3c, 0xa7,
    0x17, 0xa5, 0xd7, 0x35, 0xe8, 0x1, 0x97, 0xc6,
    0x36, 0x40, 0xf, 0xf6, 0x80,

    /* U+576A "坪" */
    0x0, 0x27, 0x80, 0x7f, 0xf1, 0x9f, 0xff, 0xed,
    0x0, 0xc2, 0x0, 0x7e, 0xe8, 0x33, 0xb9, 0x80,
    0x2, 0x10, 0x21, 0x3c, 0x11, 0x0, 0x89, 0xac,
    0xb, 0x6c, 0x72, 0xcc, 0x8c, 0x3, 0x56, 0x81,
    0x7d, 0xf, 0x50, 0x25, 0x80, 0x46, 0x4e, 0x1,
    0xfb, 0xc, 0x2, 0xb6, 0x0, 0xfe, 0x7b, 0x0,
    0xa2, 0x40, 0x3f, 0x7f, 0xe0, 0xdf, 0xfa, 0x0,
    0x32, 0x2e, 0xf7, 0x41, 0x7d, 0xcd, 0x90, 0x5f,
    0x1b, 0x22, 0x8, 0xc0, 0xc2, 0x22, 0x11, 0x50,
    0x57, 0xb8, 0x7, 0xf8, 0x7a, 0xd4, 0x3, 0xff,
    0x82, 0x20, 0x1f, 0xfc, 0xb1, 0x1, 0x0, 0xc0,

    /* U+57CE "城" */
    0x0, 0xff, 0xe6, 0xa7, 0x8c, 0x28, 0x6, 0xe5,
    0x0, 0xe7, 0x1, 0x4b, 0x10, 0x8, 0xc4, 0x0,
    0x23, 0x38, 0xf, 0xa1, 0x0, 0x79, 0x3b, 0xab,
    0xe, 0xc5, 0xe0, 0x49, 0x3f, 0x90, 0x1f, 0xf7,
    0x7, 0x7f, 0xb4, 0x1b, 0x0, 0xf0, 0x3, 0x8,
    0x18, 0xc9, 0x1, 0x29, 0xe2, 0x80, 0xff, 0x8c,
    0x44, 0x4c, 0x1, 0xf8, 0xb8, 0x40, 0x99, 0x44,
    0x80, 0x3c, 0x23, 0x0, 0x1b, 0x7d, 0xc0, 0x38,
    0x50, 0x9c, 0x0, 0x38, 0xaf, 0xa0, 0x3, 0x72,
    0xaf, 0xb3, 0x1, 0x4, 0x20, 0x40, 0x2, 0xd4,
    0x74, 0x1d, 0x70, 0x92, 0x1, 0x2, 0x83, 0x6b,
    0x87, 0x29, 0x46, 0x34, 0xc1, 0x4d, 0x28, 0x5,
    0x61, 0x60, 0xd1, 0x32, 0x7a, 0x61, 0x50, 0xa,
    0xb0, 0x40, 0x11, 0xac, 0x9, 0xba, 0x0,

    /* U+57F9 "培" */
    0x0, 0xfe, 0x38, 0x0, 0xf9, 0x7c, 0x3, 0x85,
    0x8c, 0x3, 0xc2, 0x20, 0x4, 0x7f, 0xb4, 0x73,
    0xfd, 0x0, 0x1f, 0x47, 0x5f, 0xfd, 0x39, 0x0,
    0x2a, 0x62, 0x88, 0x0, 0x59, 0x80, 0xcb, 0x80,
    0xf, 0xac, 0x3b, 0x40, 0x5a, 0xc2, 0x55, 0x0,
    0x5, 0x70, 0x35, 0x3f, 0xe6, 0x7f, 0x75, 0xff,
    0x28, 0x7, 0xbb, 0xff, 0xee, 0x50, 0xf, 0x8,
    0xff, 0x0, 0x7e, 0xee, 0xf8, 0x40, 0x39, 0x68,
    0x1, 0xdf, 0xf6, 0x80, 0x80, 0xbc, 0x6, 0x70,
    0x0, 0xc0, 0x3e, 0x1c, 0x9e, 0x94, 0x0, 0x6f,
    0xfd, 0xa0, 0x1a, 0xd4, 0x3, 0xbb, 0xfe, 0xd0,
    0x10, 0xf, 0xfe, 0x9, 0x78, 0x80,

    /* U+57FA "基" */
    0x0, 0xcb, 0xe0, 0x1b, 0x58, 0x3, 0xc4, 0x43,
    0x12, 0x2c, 0x2, 0x46, 0x1, 0xa2, 0x68, 0x66,
    0x71, 0x54, 0xf8, 0x6, 0xab, 0x81, 0x88, 0xc5,
    0x76, 0xc0, 0xf, 0x87, 0xff, 0x10, 0x7, 0xfd,
    0x77, 0x84, 0x3, 0xfc, 0x24, 0x58, 0xc0, 0x3d,
    0x59, 0x89, 0x19, 0x9c, 0x57, 0x98, 0xd0, 0x7,
    0x7f, 0x40, 0x4f, 0x74, 0x8f, 0xdf, 0x20, 0x4,
    0x31, 0xb8, 0x51, 0x92, 0xa7, 0xa3, 0x40, 0x0,
    0xc6, 0x32, 0x12, 0xa1, 0x1f, 0x26, 0x28, 0x3,
    0x4f, 0x73, 0xbe, 0x3, 0xf1, 0x71, 0x20, 0x1,
    0x94, 0x6b, 0x98, 0xa1, 0xcf, 0x71, 0x9d, 0x0,
    0xaf, 0xbb, 0x58, 0xf7, 0x6c, 0x0, 0x0,

    /* U+5806 "堆" */
    0x0, 0xff, 0xe3, 0x1d, 0x0, 0x49, 0xa4, 0xb6,
    0x1, 0xe7, 0x50, 0xb, 0x4, 0x9d, 0x14, 0x3,
    0xc2, 0x1, 0x2a, 0x10, 0x30, 0x11, 0x80, 0x7c,
    0x64, 0xd9, 0x86, 0xbc, 0xc0, 0x95, 0x78, 0xcc,
    0x40, 0x2f, 0xbc, 0x3b, 0x9e, 0x27, 0x86, 0x1e,
    0x28, 0x26, 0x44, 0x2, 0x20, 0x80, 0xb6, 0xb,
    0x73, 0x9c, 0xee, 0x6, 0xea, 0xc0, 0x3c, 0xf0,
    0x15, 0xfc, 0x1f, 0xea, 0x0, 0xff, 0xe5, 0x10,
    0x2, 0xbf, 0x83, 0xfd, 0x20, 0x11, 0xe, 0xf0,
    0x2, 0xbb, 0x43, 0xb9, 0x0, 0x9f, 0xf, 0xd8,
    0x1, 0x9, 0x80, 0x8c, 0x9, 0x3d, 0x6, 0x1,
    0x57, 0xf0, 0x7f, 0xca, 0xc, 0x1, 0xe9, 0xee,
    0xed, 0x50, 0xf, 0x8c, 0xc2, 0x3c, 0x40,

    /* U+5821 "堡" */
    0x0, 0x8c, 0xc0, 0x1f, 0xfc, 0x28, 0xb0, 0xee,
    0xf7, 0x90, 0x6, 0x44, 0x40, 0x1e, 0x77, 0x61,
    0x0, 0xe9, 0x0, 0x8f, 0x7f, 0xf0, 0x80, 0x6b,
    0x40, 0xb, 0xbf, 0xc5, 0xbf, 0xe2, 0x0, 0x10,
    0xc8, 0x3, 0x7b, 0xa2, 0xce, 0xea, 0x0, 0xa8,
    0x2, 0xde, 0x82, 0x18, 0x3e, 0xe4, 0x0, 0x7c,
    0xb7, 0xa6, 0x8b, 0x60, 0x1f, 0x14, 0xf6, 0x9,
    0x84, 0x16, 0xa8, 0x6, 0xa3, 0xfb, 0x52, 0xb3,
    0x9, 0x80, 0xc, 0x2e, 0x68, 0x51, 0x6e, 0x64,
    0x6a, 0xa0, 0x9, 0x7b, 0xb1, 0xbf, 0x76, 0x10,
    0xc, 0x99, 0x99, 0x27, 0x32, 0xd1, 0x0, 0xf,
    0xff, 0x92, 0x3f, 0xfc, 0x40,

    /* U+582A "堪" */
    0x0, 0xff, 0xe5, 0xcc, 0x0, 0x5c, 0xa0, 0x19,
    0x3c, 0x3, 0x84, 0x60, 0x0, 0x80, 0x61, 0xc,
    0xf6, 0x7f, 0xf8, 0x6e, 0xc0, 0x1e, 0xcf, 0x67,
    0xee, 0x86, 0xe8, 0x0, 0xfa, 0x2e, 0x60, 0x7,
    0xff, 0x84, 0x3, 0xfe, 0x7f, 0xf8, 0x40, 0x33,
    0xe8, 0xb9, 0x80, 0x1f, 0xba, 0x10, 0xf, 0xf9,
    0xff, 0xe1, 0x0, 0xfc, 0x88, 0x32, 0x55, 0x83,
    0x50, 0x80, 0x3b, 0x61, 0x47, 0xfe, 0x53, 0x86,
    0x0, 0xd3, 0x52, 0x36, 0x5b, 0x4d, 0xf8, 0x80,
    0xf2, 0x7c, 0x60, 0x6, 0x62, 0xd, 0x5a, 0x80,
    0x3e, 0xf5, 0xc0, 0x2c, 0xb2, 0x7, 0x91, 0x0,
    0x43, 0x0, 0x61, 0x5b, 0xff, 0xa7, 0x80, 0x3e,
    0x5f, 0xff, 0xac, 0x0,

    /* U+5899 "墙" */
    0x0, 0x1f, 0x80, 0x7b, 0x40, 0x3e, 0x11, 0x0,
    0x37, 0x32, 0x2c, 0xcb, 0x40, 0x3e, 0xea, 0xee,
    0x17, 0x45, 0x70, 0x7, 0xe9, 0x42, 0x2, 0x8b,
    0x30, 0x6, 0x70, 0xe2, 0x1b, 0xf8, 0x0, 0x9f,
    0xc0, 0x29, 0xa0, 0x9e, 0xf7, 0x6f, 0x2d, 0x4d,
    0xf4, 0x5, 0x41, 0x5a, 0xff, 0xfe, 0x40, 0xf,
    0x67, 0x77, 0xd8, 0x1, 0xf1, 0x56, 0x67, 0x51,
    0x0, 0x78, 0xcc, 0xed, 0xb9, 0xa2, 0xc0, 0x19,
    0xc7, 0x90, 0x2, 0x2e, 0x11, 0x0, 0x6d, 0xa7,
    0xf7, 0x0, 0x8f, 0x80, 0x3d, 0x3d, 0x2, 0x0,
    0x57, 0xdd, 0x85, 0xc0, 0x24, 0x10, 0xd, 0x51,
    0x1d, 0x20, 0x1f, 0x8f, 0xee, 0xfb, 0x8c, 0x0,

    /* U+58C1 "壁" */
    0x0, 0xff, 0x4b, 0x0, 0x61, 0xfe, 0xeb, 0xc5,
    0x98, 0xb4, 0xcc, 0x30, 0xb, 0xfb, 0x82, 0x3,
    0x8b, 0x76, 0xf0, 0xd, 0xfd, 0xc0, 0x3, 0x81,
    0xb9, 0x51, 0x81, 0x13, 0xbb, 0xc, 0x0, 0xd0,
    0xdb, 0x82, 0x9f, 0x76, 0x5e, 0xc3, 0x78, 0xe2,
    0xa, 0x42, 0xee, 0x28, 0xa3, 0xe8, 0xbb, 0x91,
    0x5, 0xc0, 0x1d, 0xfe, 0xb3, 0xff, 0x3a, 0x68,
    0x17, 0x71, 0x43, 0x7a, 0xcf, 0xb8, 0xc0, 0x69,
    0xdd, 0xb2, 0x41, 0xe0, 0x3, 0xcc, 0xa8, 0x82,
    0x22, 0x30, 0x30, 0x6, 0x1a, 0xef, 0xf3, 0xaf,
    0xfd, 0x40, 0x18, 0x72, 0xee, 0x57, 0xbb, 0xb0,
    0x2, 0xdf, 0xfe, 0x76, 0xff, 0xed, 0xd, 0xff,
    0xff, 0xe0, 0x68,

    /* U+58EB "士" */
    0x0, 0xfb, 0xe0, 0x3, 0xff, 0x82, 0x3e, 0x1,
    0xff, 0xe7, 0x16, 0x55, 0xe1, 0xd5, 0x5f, 0x14,
    0x47, 0x81, 0x22, 0x35, 0xc9, 0xf6, 0xef, 0xc,
    0xee, 0xee, 0xc0, 0xf, 0xff, 0x92, 0x27, 0x7,
    0x22, 0x62, 0x0, 0xae, 0xf8, 0x5a, 0xef, 0x50,
    0x0,

    /* U+58EE "壮" */
    0x0, 0xdc, 0xe0, 0x1f, 0xfc, 0x13, 0x10, 0x9,
    0x7c, 0x40, 0x31, 0x0, 0x7c, 0x20, 0x20, 0x10,
    0xe4, 0x80, 0x7f, 0xf0, 0x7, 0x1e, 0x0, 0x3f,
    0xf8, 0x5, 0x92, 0x0, 0xff, 0xac, 0x3f, 0xee,
    0x0, 0x10, 0x80, 0x37, 0x6a, 0xd, 0xdb, 0x0,
    0x6, 0xc0, 0x2, 0x28, 0x40, 0x8b, 0x0, 0x3b,
    0x0, 0x3f, 0xf8, 0x12, 0x14, 0x1, 0xff, 0x33,
    0x38, 0x3, 0xff, 0x80, 0xf0, 0x60, 0x1f, 0xfc,
    0x1, 0x70, 0x1, 0x8c, 0x77, 0x28, 0x3b, 0xaa,
    0x0, 0xf4, 0xe6, 0x5b, 0x99, 0x40,

    /* U+58F0 "声" */
    0x0, 0xf9, 0x7c, 0x3, 0xe6, 0xff, 0xea, 0xf,
    0xfe, 0xd0, 0x6e, 0xff, 0xd4, 0x3f, 0xfb, 0xb0,
    0x2, 0x21, 0x18, 0xc0, 0x46, 0x23, 0x10, 0x2,
    0x67, 0xfd, 0x1, 0xff, 0x66, 0x0, 0x25, 0xee,
    0xff, 0x80, 0x23, 0xff, 0xff, 0x70, 0x7, 0x67,
    0x72, 0x87, 0xba, 0x90, 0xf, 0x84, 0x40, 0x1,
    0x18, 0xc0, 0x33, 0x87, 0x6e, 0xac, 0x77, 0x6b,
    0x0, 0xc4, 0x3f, 0xf6, 0x6f, 0xfd, 0x22, 0x1,
    0x6a, 0x11, 0x7e, 0x6c, 0x0, 0x22, 0x24, 0x3,
    0xf0, 0x98, 0xd, 0x29, 0x80, 0x7f, 0xc3, 0x56,
    0x1, 0xff, 0xc0,

    /* U+5904 "处" */
    0x0, 0xff, 0xe3, 0x9f, 0x18, 0x6, 0xf3, 0x0,
    0xf9, 0x44, 0xc0, 0x3f, 0xf8, 0x38, 0x82, 0x30,
    0x7, 0xfc, 0xa9, 0xdd, 0x38, 0x7, 0xf2, 0x87,
    0xfc, 0x24, 0x0, 0x5e, 0x20, 0xd, 0x0, 0x18,
    0x5c, 0x0, 0xa9, 0xe2, 0x0, 0x63, 0x25, 0x4,
    0x12, 0x0, 0xa8, 0x70, 0x45, 0x31, 0x52, 0x18,
    0x80, 0x1d, 0xce, 0x22, 0xb6, 0x61, 0xb3, 0x3c,
    0x3, 0x8a, 0x80, 0x8, 0x3, 0x12, 0xa, 0x1,
    0xff, 0xc0, 0x40, 0x21, 0x0, 0xff, 0x9b, 0x21,
    0xfd, 0x85, 0x44, 0x3, 0x93, 0x22, 0xde, 0xe6,
    0x5c, 0xd0, 0xef, 0x11, 0x29, 0xbd, 0x0, 0xf,
    0xf4, 0xad, 0x31, 0x44, 0x4e, 0xa1, 0x0, 0xe5,
    0x9c, 0xef, 0xd0,

    /* U+5907 "备" */
    0x0, 0xff, 0xe4, 0x62, 0x0, 0x7f, 0xf0, 0x1c,
    0x9c, 0x8b, 0x80, 0x3c, 0x70, 0xb1, 0x33, 0x67,
    0x80, 0x71, 0xe8, 0x8a, 0xee, 0xf1, 0xe0, 0xc,
    0x3a, 0xdc, 0x38, 0x2b, 0x54, 0x30, 0xc, 0x3f,
    0x1, 0x6f, 0xd5, 0x45, 0x0, 0xf8, 0xdf, 0x15,
    0x8a, 0xa8, 0xc8, 0x64, 0x9d, 0xda, 0x7a, 0x77,
    0x6c, 0x9c, 0xb4, 0xae, 0x36, 0xaf, 0xfb, 0x21,
    0x7b, 0xe4, 0x10, 0x4e, 0xff, 0xc3, 0x9f, 0xe0,
    0xf, 0xd5, 0xba, 0x1d, 0xd8, 0x3, 0xf5, 0xe6,
    0x6, 0xb3, 0x0, 0x1f, 0xc2, 0x20, 0x71, 0x10,
    0x7, 0xea, 0xff, 0xe, 0x7f, 0x80, 0x3e, 0x3b,
    0xff, 0xf0, 0x6,

    /* U+590D "复" */
    0x0, 0xc5, 0x20, 0x1f, 0xfc, 0x2e, 0x54, 0x4f,
    0xc4, 0x1, 0xac, 0x9b, 0xbb, 0xef, 0x70, 0x1,
    0xeb, 0x39, 0x17, 0xea, 0x50, 0x5, 0x53, 0x9b,
    0x33, 0xe7, 0x30, 0xa, 0x5c, 0x1, 0x55, 0xf0,
    0x18, 0x7, 0x87, 0xbb, 0xe0, 0xf, 0xc3, 0xff,
    0xf0, 0x18, 0x7, 0x1f, 0x14, 0x7f, 0xf8, 0x80,
    0x3d, 0x65, 0x1f, 0xfd, 0x0, 0x1c, 0x36, 0xc6,
    0xff, 0xf3, 0x14, 0x0, 0x75, 0xe, 0x7b, 0x59,
    0x4a, 0xe0, 0x7, 0xae, 0x80, 0xf1, 0x75, 0xa4,
    0x3, 0xc9, 0x13, 0x7d, 0xed, 0x6f, 0x1d, 0xcc,
    0xa2, 0x6, 0x1e, 0xe7, 0xec, 0x24, 0x6f, 0x55,
    0x8, 0x80,

    /* U+590F "夏" */
    0xe, 0xef, 0xfe, 0xe, 0x80, 0x3f, 0xbb, 0x60,
    0xd7, 0x76, 0xfc, 0x0, 0x8, 0x7f, 0xda, 0x17,
    0xff, 0x88, 0x40, 0x3a, 0xbf, 0xfd, 0xc0, 0x1f,
    0xaf, 0xbb, 0xde, 0x1, 0xfa, 0x3f, 0xfd, 0x80,
    0x1f, 0xaf, 0x77, 0xdc, 0x1, 0xf9, 0xee, 0xfc,
    0x80, 0x1f, 0x56, 0x47, 0x91, 0x6d, 0xa2, 0x0,
    0xe7, 0xb0, 0x6b, 0xbe, 0x31, 0x0, 0x86, 0x35,
    0xc6, 0xbb, 0x9e, 0x6e, 0xc0, 0x1c, 0x5b, 0x55,
    0x42, 0xfa, 0xc8, 0x7, 0xd, 0x10, 0x2b, 0x3d,
    0x16, 0x0, 0x7a, 0x2b, 0x3b, 0x87, 0x5a, 0x93,
    0xfd, 0xb6, 0x21, 0xc5, 0x5b, 0xf6, 0xa5, 0x1b,
    0xd5, 0x7a, 0x20,

    /* U+5915 "夕" */
    0x0, 0xe9, 0x50, 0xf, 0xf8, 0x98, 0x40, 0x3f,
    0xeb, 0x35, 0x11, 0xf0, 0x6, 0x36, 0x3e, 0xef,
    0x88, 0x2, 0xe6, 0xff, 0xf4, 0x81, 0x0, 0x20,
    0x24, 0x3, 0xd8, 0x80, 0x7, 0x77, 0x2, 0x80,
    0x72, 0xe8, 0xc, 0xd1, 0x95, 0xe9, 0x0, 0x20,
    0x58, 0x7, 0x94, 0xb, 0xdb, 0x54, 0xde, 0xc0,
    0x3e, 0x1b, 0x6a, 0xd5, 0x50, 0x7, 0xf6, 0x82,
    0xd0, 0x7, 0xe1, 0x9b, 0x7b, 0x0, 0xf9, 0x2b,
    0x97, 0x20, 0x3, 0x97, 0x3e, 0xc2, 0xf0, 0xc0,
    0x3c, 0xa9, 0x7f, 0x48, 0x1, 0xf8,

    /* U+5916 "外" */
    0x0, 0x92, 0x44, 0x2, 0xe6, 0x0, 0xfd, 0xa8,
    0x20, 0x11, 0x80, 0x7f, 0x3d, 0x80, 0x7f, 0xf0,
    0x50, 0x67, 0xfd, 0xc0, 0x1f, 0xe8, 0x5e, 0xe3,
    0x98, 0x4, 0xc0, 0x1c, 0xa7, 0x62, 0x22, 0x40,
    0x0, 0xc4, 0x80, 0x47, 0x51, 0x22, 0xb, 0xa0,
    0x1, 0xc6, 0x70, 0x0, 0xbb, 0x8b, 0xe4, 0x50,
    0x2, 0x2b, 0x84, 0x2, 0x80, 0xa6, 0x64, 0x80,
    0x72, 0x3c, 0x80, 0x78, 0x9c, 0x3, 0xd1, 0x80,
    0x19, 0x9f, 0xc0, 0x3f, 0x8, 0x5, 0x13, 0x64,
    0x1, 0xfe, 0x3c, 0x6c, 0x40, 0xc, 0x60, 0x1e,
    0x3b, 0xf3, 0x0, 0xf0, 0x80, 0x70,

    /* U+591A "多" */
    0x0, 0xe9, 0x20, 0xf, 0xfa, 0x5c, 0x48, 0xb8,
    0x3, 0xd, 0xb9, 0x7f, 0x75, 0xb4, 0x1, 0x37,
    0x96, 0xc6, 0x64, 0xeb, 0x0, 0x1, 0xcd, 0x96,
    0xb5, 0x2c, 0x2a, 0x0, 0x86, 0x8c, 0x16, 0x2b,
    0xd6, 0x40, 0x38, 0x96, 0x32, 0xa6, 0xd9, 0x0,
    0x31, 0x6c, 0x7, 0xe8, 0xc8, 0x57, 0x75, 0x5,
    0xfb, 0x1, 0x95, 0x9f, 0xdc, 0xb1, 0xa0, 0x2,
    0xde, 0x5c, 0xc8, 0x0, 0x37, 0x4, 0x0, 0x23,
    0xe7, 0x57, 0xa2, 0xc4, 0x70, 0x9, 0xe0, 0x40,
    0x7d, 0x75, 0x28, 0x3, 0xc6, 0xd7, 0xa9, 0x92,
    0x1, 0x16, 0xf7, 0xe5, 0x66, 0xd9, 0x80, 0x62,
    0x8b, 0xcf, 0xc7, 0x20, 0xf, 0x0,

    /* U+5927 "大" */
    0x0, 0xfa, 0x18, 0x3, 0xff, 0x84, 0x98, 0x1,
    0xff, 0xc2, 0x73, 0x0, 0xff, 0xe1, 0x88, 0x7,
    0xe4, 0x54, 0x4c, 0xc4, 0x89, 0x2a, 0xc0, 0xd,
    0xba, 0xac, 0x4b, 0x55, 0x5d, 0xa4, 0x1, 0x3d,
    0xdc, 0x9, 0xdd, 0xd8, 0x1, 0xf1, 0x82, 0x10,
    0x7, 0xff, 0x2, 0x55, 0xa4, 0x3, 0xfe, 0x45,
    0x88, 0x23, 0x0, 0x7f, 0x15, 0x39, 0xc, 0xc8,
    0xc0, 0x3e, 0x3c, 0x28, 0x0, 0x33, 0x31, 0x0,
    0x30, 0xce, 0x2e, 0x0, 0x69, 0x5b, 0x80, 0x1,
    0x73, 0x45, 0x80, 0x7a, 0x9d, 0xd6, 0x5, 0x5a,
    0xe0, 0x1f, 0xa3, 0x24, 0x0,

    /* U+5929 "天" */
    0x0, 0xff, 0xe3, 0x5f, 0xff, 0xf8, 0xc0, 0x34,
    0xe6, 0x62, 0x7c, 0xcc, 0x60, 0x18, 0x8c, 0xf0,
    0x71, 0x9e, 0x0, 0xff, 0xe4, 0x5f, 0x77, 0x14,
    0xf7, 0x74, 0x0, 0x3e, 0xab, 0x40, 0x15, 0x57,
    0x80, 0x8, 0x9c, 0x22, 0x26, 0x44, 0xc4, 0x1,
    0xf4, 0xc9, 0x24, 0x3, 0xfe, 0x81, 0x69, 0x47,
    0x0, 0xfe, 0x67, 0x91, 0x28, 0x82, 0x0, 0x7d,
    0x32, 0x76, 0x0, 0x3b, 0x5c, 0x0, 0x66, 0xe6,
    0xa8, 0x0, 0xd3, 0x27, 0xe9, 0x3, 0x84, 0xd5,
    0x0, 0xf3, 0x73, 0xf0, 0x1f, 0x51, 0x0, 0x7e,
    0x19, 0x70,

    /* U+592A "太" */
    0x0, 0xf8, 0x40, 0x3f, 0xf8, 0x7d, 0x20, 0x1f,
    0xfc, 0x3f, 0x0, 0xff, 0xe0, 0x88, 0x18, 0x7,
    0xff, 0x32, 0xff, 0xf7, 0x5, 0x7f, 0xf3, 0x80,
    0x27, 0x37, 0x69, 0x3, 0xdd, 0xd8, 0xc0, 0x2,
    0x32, 0x28, 0x40, 0xcc, 0x45, 0x18, 0x80, 0x7d,
    0x6e, 0x72, 0x1, 0xff, 0x21, 0xd4, 0xb9, 0x0,
    0x7f, 0xa5, 0x89, 0x53, 0xc0, 0x3f, 0xac, 0xf4,
    0x1, 0x47, 0x60, 0x1e, 0x1c, 0x66, 0x5a, 0x0,
    0xea, 0xe1, 0x0, 0x4b, 0xe1, 0x90, 0xd6, 0x40,
    0x78, 0x3b, 0x20, 0x56, 0xd8, 0x21, 0x2a, 0x20,
    0x2, 0xd7, 0x10, 0x2e, 0x80, 0xd, 0x46, 0x1,
    0xa2, 0x0,

    /* U+592B "夫" */
    0x0, 0xfa, 0x54, 0x3, 0xff, 0x84, 0x86, 0x1,
    0xff, 0xcd, 0xff, 0xe2, 0x9f, 0xfd, 0x0, 0x1b,
    0x75, 0xdd, 0x14, 0x77, 0x5b, 0x20, 0x18, 0x88,
    0x23, 0x19, 0x8, 0xc4, 0x20, 0x1f, 0xfc, 0x7f,
    0xff, 0xd, 0x7f, 0xf4, 0x80, 0x37, 0x7a, 0x0,
    0x73, 0x77, 0x40, 0x0, 0x8b, 0xa9, 0x2, 0x48,
    0xb0, 0x80, 0x7a, 0x8e, 0xb5, 0x68, 0x3, 0xf1,
    0x5a, 0xe8, 0x9d, 0xae, 0xa0, 0x6, 0x39, 0xd6,
    0xd3, 0x0, 0x26, 0x85, 0xd1, 0x82, 0xe2, 0xd6,
    0x90, 0x6, 0x2d, 0x75, 0xf0, 0x5d, 0xc5, 0x0,
    0xfd, 0x1d, 0xa0,

    /* U+5931 "失" */
    0x0, 0xf9, 0x54, 0x1, 0xfe, 0x22, 0x0, 0x3f,
    0xc0, 0x1f, 0xeb, 0xe0, 0x8, 0xc0, 0x3f, 0xcf,
    0x64, 0x41, 0x32, 0x28, 0xc8, 0x3, 0x38, 0xce,
    0x61, 0x17, 0x32, 0xda, 0x0, 0x86, 0x6b, 0xba,
    0x47, 0xee, 0xd0, 0x1, 0x32, 0xa8, 0x2, 0x7f,
    0x0, 0xfc, 0x7c, 0x89, 0x87, 0x91, 0x38, 0xc0,
    0x11, 0x31, 0x18, 0x9a, 0x23, 0xac, 0x1, 0x99,
    0xd4, 0x22, 0x9c, 0xcd, 0x0, 0x1e, 0x18, 0x85,
    0xd1, 0x80, 0x7f, 0x16, 0x23, 0x2b, 0xe3, 0x80,
    0x7c, 0xfa, 0xf4, 0x0, 0x89, 0x8e, 0x83, 0x0,
    0x47, 0x44, 0x28, 0x3, 0x37, 0x23, 0xc0, 0x3,
    0x5b, 0x9c, 0x3, 0xc3, 0x5d, 0x40,

    /* U+5934 "头" */
    0x0, 0xfc, 0x5a, 0x60, 0x1f, 0x97, 0x90, 0x0,
    0x24, 0x40, 0xf, 0xcb, 0x37, 0x42, 0x0, 0x10,
    0xf, 0xe7, 0xc6, 0x0, 0xff, 0xe, 0xb8, 0x1e,
    0xb, 0x80, 0x7e, 0x1a, 0x8d, 0x30, 0x0, 0x90,
    0x7, 0xe7, 0xe6, 0x60, 0x0, 0xc4, 0x3, 0xe5,
    0x45, 0xf1, 0x44, 0x60, 0x22, 0x65, 0x10, 0xaa,
    0xf9, 0x4a, 0xab, 0x59, 0x7, 0xf7, 0x76, 0x6,
    0x77, 0x71, 0x80, 0x7d, 0xec, 0x10, 0x1, 0xfe,
    0x2d, 0x19, 0x16, 0xe4, 0x0, 0xfa, 0x35, 0x30,
    0xf, 0x9a, 0xe8, 0x2, 0x39, 0xf5, 0xb9, 0x0,
    0xd1, 0x69, 0x60, 0x3, 0x35, 0x6a, 0x0, 0x79,
    0x3e, 0x80,

    /* U+5939 "夹" */
    0x0, 0xf5, 0xc8, 0x7, 0xff, 0x4, 0x40, 0x3e,
    0x54, 0x4c, 0xe4, 0x89, 0xc0, 0x9, 0xff, 0xc4,
    0xff, 0xfb, 0x80, 0x18, 0x11, 0x76, 0x5a, 0xbb,
    0x43, 0xc0, 0x4, 0x3c, 0x0, 0x71, 0x0, 0x4b,
    0x90, 0x5, 0x64, 0xe0, 0x19, 0x16, 0x40, 0x4,
    0x43, 0x94, 0x21, 0x11, 0x1a, 0x81, 0x94, 0xe6,
    0x23, 0x70, 0xa3, 0x25, 0x33, 0x62, 0xfb, 0xb6,
    0x83, 0x27, 0x76, 0xa0, 0xe, 0xf6, 0x94, 0x60,
    0xf, 0xd4, 0x12, 0x1b, 0x2c, 0x1, 0xc9, 0xcd,
    0xa0, 0x3, 0xb9, 0x90, 0x83, 0x65, 0xb6, 0x8,
    0x4, 0x98, 0x9e, 0xc2, 0x9d, 0x0, 0x1e, 0x3d,
    0x65,

    /* U+5947 "奇" */
    0x0, 0xf8, 0x40, 0x3f, 0xf8, 0x71, 0xa0, 0x1f,
    0x85, 0x51, 0x31, 0xa, 0x27, 0x80, 0x5, 0x3f,
    0xf9, 0x7, 0xff, 0x47, 0x0, 0xf, 0x2e, 0xd4,
    0x20, 0x3, 0xea, 0xbc, 0xa0, 0x9, 0xa3, 0x38,
    0x73, 0xbf, 0xb9, 0xae, 0x1, 0xb8, 0xef, 0x6c,
    0xcc, 0xf7, 0xf6, 0x60, 0x5, 0xf6, 0x59, 0xce,
    0xef, 0x45, 0x7b, 0x2f, 0xf7, 0x7f, 0x87, 0x7d,
    0x80, 0x2a, 0xff, 0xec, 0x0, 0xfe, 0x36, 0xff,
    0xa0, 0x3, 0xff, 0x9c, 0x6d, 0xff, 0x40, 0x7,
    0xf8, 0x5b, 0xfe, 0x81, 0x11, 0x80, 0x7d, 0x36,
    0x1, 0x3e, 0xae, 0x11, 0x80, 0x71, 0x10, 0x3,
    0x93, 0x34, 0x2,

    /* U+594B "奋" */
    0x0, 0xf9, 0x0, 0x3f, 0xf8, 0x45, 0x6a, 0x1,
    0xff, 0xc1, 0x52, 0x50, 0xf, 0xd9, 0xff, 0xa0,
    0xbf, 0xfd, 0xc0, 0xd, 0xef, 0xf3, 0x17, 0x79,
    0xb7, 0xfb, 0xbc, 0x0, 0x22, 0x5, 0x6f, 0x10,
    0xe6, 0x50, 0x11, 0x0, 0x67, 0xab, 0x20, 0x1,
    0x55, 0x20, 0x3, 0x1e, 0x44, 0xb1, 0x16, 0x78,
    0x7e, 0x92, 0x26, 0xb9, 0xc7, 0xfb, 0x37, 0xfd,
    0x24, 0xe8, 0x65, 0xf6, 0xcc, 0xdd, 0x3b, 0x6e,
    0xa5, 0xa7, 0x44, 0x4, 0x0, 0x46, 0x71, 0x19,
    0xb8, 0x3, 0xf2, 0x7f, 0x91, 0x7f, 0xce, 0x1,
    0xf9, 0xb3, 0xe, 0xec, 0xc4, 0x80, 0x7e, 0x23,
    0x38, 0x8c, 0xdc, 0x1, 0xf9, 0x3b, 0x8e, 0xdd,
    0xc7, 0x0, 0xf8, 0x5b, 0x77, 0xd2, 0xe0, 0x1e,
    0xa9, 0x0, 0xf3, 0xe0, 0x4,

    /* U+5954 "奔" */
    0x0, 0xff, 0xe5, 0xcd, 0x0, 0x7f, 0x8, 0x4,
    0x2f, 0x80, 0x18, 0x44, 0x0, 0x6f, 0xee, 0xc3,
    0x1f, 0xee, 0xe7, 0xe0, 0x1, 0xbb, 0xaa, 0x1c,
    0xea, 0x2f, 0xee, 0x68, 0x7, 0x3d, 0x50, 0x59,
    0x53, 0xc, 0x3, 0xb, 0x6c, 0xea, 0xa5, 0x8c,
    0x26, 0x5b, 0x8, 0x5d, 0xc9, 0x9d, 0x25, 0xdc,
    0x6c, 0x1b, 0x10, 0xad, 0x6a, 0xdf, 0xa2, 0xff,
    0x71, 0xd6, 0x80, 0x71, 0xe8, 0x89, 0xc1, 0x7c,
    0x3, 0x84, 0x85, 0xc0, 0xd6, 0xc4, 0xc0, 0x48,
    0x80, 0x6, 0xcf, 0xa0, 0xcf, 0xfa, 0x7, 0xf3,
    0xa, 0xf, 0xdc, 0x63, 0xee, 0xd6, 0x3d, 0xd2,
    0x80, 0x50, 0xfe, 0x1, 0xff, 0xf, 0x1e, 0x98,
    0x7, 0xfc, 0x3f, 0x64, 0x1, 0xcb, 0xc0, 0x18,

    /* U+5956 "奖" */
    0x0, 0xff, 0xe4, 0x17, 0x88, 0x3, 0x5c, 0x3,
    0xe5, 0x0, 0xe7, 0x25, 0x0, 0xf0, 0xde, 0x0,
    0x45, 0x1, 0xbf, 0xf3, 0x80, 0x7, 0x1, 0x80,
    0xfd, 0x7f, 0xe9, 0x16, 0x0, 0x8b, 0x30, 0x14,
    0xd1, 0x42, 0x28, 0x80, 0x80, 0x4d, 0xa6, 0x13,
    0x64, 0x4e, 0xf7, 0x60, 0xa, 0xae, 0x64, 0x0,
    0x25, 0x20, 0x99, 0x0, 0x6a, 0xd4, 0x0, 0xa6,
    0x5b, 0xce, 0x1, 0xf8, 0xbc, 0x4d, 0x5c, 0x40,
    0x38, 0xbf, 0xfc, 0xed, 0xff, 0xe3, 0x2e, 0xe7,
    0xfd, 0x60, 0x9, 0xff, 0xdc, 0x60, 0x22, 0x0,
    0x1d, 0x36, 0x4b, 0x80, 0x42, 0x1, 0x8e, 0xb2,
    0x64, 0x7b, 0x5d, 0x6, 0x1, 0x57, 0xe0, 0x6b,
    0x80, 0xb, 0x61, 0x33, 0xc4, 0x26, 0xba, 0x88,
    0x3, 0x9b, 0x3b, 0x4,

    /* U+5957 "套" */
    0x0, 0xff, 0xe4, 0xeb, 0x0, 0x7c, 0x24, 0x23,
    0x29, 0x28, 0x8e, 0x22, 0x3, 0x67, 0xfd, 0x43,
    0xbd, 0xcf, 0xf6, 0x78, 0x3f, 0x74, 0xe7, 0xdc,
    0xc0, 0xde, 0xe6, 0x80, 0x6a, 0x67, 0xaa, 0x49,
    0x63, 0x80, 0x65, 0xd7, 0x38, 0x99, 0xba, 0xed,
    0xf4, 0x51, 0x71, 0x3, 0xee, 0xea, 0xcb, 0x22,
    0x47, 0xa8, 0x1e, 0x67, 0x81, 0x20, 0x0, 0x20,
    0x3, 0xff, 0xed, 0x0, 0xfc, 0x7f, 0xfd, 0xa0,
    0x19, 0xbf, 0xd4, 0x7d, 0xdd, 0xbf, 0xee, 0x7,
    0xee, 0x79, 0xb7, 0xfc, 0xe9, 0xdc, 0xc0, 0x11,
    0xa0, 0x24, 0x2, 0xd4, 0xd0, 0x20, 0xa, 0x9c,
    0xbb, 0xfd, 0xd0, 0x66, 0xc1, 0x0, 0xba, 0x2f,
    0x7f, 0xdd, 0xb9, 0xb2, 0x20,

    /* U+5973 "女" */
    0x0, 0xff, 0xe3, 0xd6, 0x0, 0x7f, 0xf0, 0x11,
    0x0, 0x1f, 0xf1, 0xd, 0x0, 0x7f, 0xd4, 0x44,
    0x0, 0xfa, 0xfb, 0xa7, 0x2e, 0xef, 0xb6, 0x73,
    0x14, 0x17, 0x99, 0x48, 0xee, 0x79, 0x15, 0x86,
    0x84, 0x56, 0x99, 0x88, 0x80, 0x13, 0x48, 0x6,
    0x4a, 0x0, 0xe6, 0x12, 0x10, 0x2, 0x8b, 0x80,
    0x73, 0x4d, 0xf4, 0x9c, 0x38, 0x80, 0x79, 0xb3,
    0x5, 0x85, 0xa0, 0x1f, 0xc6, 0x40, 0xb5, 0x88,
    0x1, 0xc9, 0x3e, 0xbb, 0x5c, 0xb7, 0x86, 0x39,
    0xf6, 0x77, 0x84, 0x3, 0x38, 0x2c, 0x3f, 0x9f,
    0x48, 0x1, 0xc7, 0xaa,

    /* U+5976 "奶" */
    0x0, 0xff, 0xe3, 0xaf, 0x0, 0x7f, 0xf0, 0x88,
    0x80, 0x3f, 0xfe, 0x90, 0xe, 0xd4, 0x1, 0xea,
    0x2e, 0xe1, 0xf8, 0x4, 0x66, 0x4f, 0x32, 0x11,
    0x0, 0x88, 0x88, 0x1, 0x7f, 0xd, 0xed, 0x80,
    0x88, 0x0, 0x2c, 0x1, 0x64, 0x1e, 0x27, 0x0,
    0x63, 0x0, 0x10, 0x5, 0x88, 0xc, 0x40, 0x6e,
    0xc, 0x39, 0xa4, 0x0, 0x7b, 0x2, 0x60, 0x11,
    0x2, 0xf7, 0x81, 0x81, 0x89, 0x18, 0x98, 0x79,
    0x80, 0x46, 0x2, 0x4, 0xb9, 0x28, 0x0, 0x3e,
    0x0, 0x84, 0x2, 0x1a, 0x55, 0x18, 0x1, 0x4c,
    0x2, 0x71, 0x0, 0xe1, 0x75, 0x41, 0x40, 0x8,
    0x8c, 0x2, 0x57, 0xc9, 0xd9, 0x70, 0xc, 0x2c,
    0x0, 0x6a, 0xb2, 0x61, 0x39, 0x0, 0x3d, 0x49,
    0x80, 0xb, 0x10, 0x2, 0xd1, 0x0, 0x8, 0x4c,
    0x0,

    /* U+5979 "她" */
    0x0, 0x3a, 0x0, 0x71, 0x78, 0x80, 0x7a, 0xb4,
    0x3, 0x8c, 0x4, 0x3, 0xc7, 0x80, 0x13, 0x8,
    0x7, 0xe1, 0x13, 0x8, 0x2, 0x8, 0x3, 0x18,
    0x84, 0x70, 0x67, 0x48, 0x18, 0x5, 0x3d, 0x86,
    0x11, 0x45, 0xe9, 0xc4, 0x7f, 0xc0, 0x34, 0x1,
    0xb5, 0x1, 0x77, 0x43, 0x7a, 0x10, 0xa0, 0x60,
    0x4, 0xf0, 0x19, 0xf2, 0x43, 0x0, 0x18, 0x8,
    0x0, 0xd1, 0x0, 0x60, 0x1e, 0x70, 0x8, 0x86,
    0x39, 0x40, 0x3c, 0xd4, 0xe0, 0x2, 0xed, 0x50,
    0xf, 0x93, 0x60, 0x40, 0x2f, 0x36, 0xe1, 0x0,
    0xd, 0x11, 0x7, 0x88, 0xd, 0xff, 0x5c, 0x41,
    0x81, 0x40, 0x58, 0x48, 0x9a, 0xe6, 0x32, 0x15,
    0x7f, 0xf7, 0x55, 0x81, 0xc4, 0x0, 0x33, 0xf7,
    0xfe, 0xd5, 0x0,

    /* U+597D "好" */
    0x0, 0x96, 0x0, 0x3f, 0xf8, 0x58, 0x60, 0x1,
    0x44, 0xf8, 0x3, 0x16, 0x80, 0xf, 0xff, 0xae,
    0x80, 0x8, 0x6a, 0x6, 0x62, 0xbb, 0xc2, 0x2d,
    0x0, 0x4f, 0xd, 0x76, 0x10, 0x0, 0x70, 0x7c,
    0xc0, 0x1b, 0x49, 0x92, 0x4, 0x0, 0x53, 0xb1,
    0x0, 0xd7, 0xa1, 0x88, 0x23, 0x0, 0x4, 0x60,
    0x1, 0x1b, 0x82, 0x6f, 0xf7, 0x2c, 0x3b, 0xa7,
    0x4, 0x4, 0x23, 0x7e, 0xff, 0x60, 0x7f, 0xce,
    0xd, 0x54, 0xc5, 0x10, 0xf, 0xf9, 0x64, 0x58,
    0x40, 0x3f, 0xe3, 0x89, 0xf, 0x20, 0xf, 0xe5,
    0xc8, 0x6c, 0x25, 0x0, 0x30, 0x7, 0x1d, 0x4b,
    0x0, 0x31, 0xc7, 0xe9, 0x40, 0x31, 0xf3, 0x0,
    0x70, 0xd6, 0x50, 0x6,

    /* U+5982 "如" */
    0x0, 0xc6, 0x1, 0xff, 0xc2, 0xc5, 0x0, 0xff,
    0xe0, 0x18, 0x28, 0x7, 0xff, 0x1, 0x48, 0x3,
    0x44, 0xce, 0x30, 0xfe, 0x92, 0xee, 0x50, 0x30,
    0x77, 0x19, 0xc3, 0x7c, 0x67, 0xdc, 0xc0, 0xf5,
    0xdc, 0x20, 0x2, 0x31, 0x61, 0x21, 0x0, 0xfe,
    0x53, 0x0, 0x36, 0x80, 0x7f, 0x5d, 0x80, 0x4,
    0xe0, 0x1f, 0x88, 0xc8, 0x10, 0x48, 0x3, 0xf1,
    0xbd, 0x5f, 0xa0, 0x7, 0xf0, 0xc7, 0x2, 0x8,
    0x80, 0x2, 0x30, 0x7, 0x1a, 0xa9, 0xfc, 0xc2,
    0xbb, 0x82, 0x0, 0x18, 0xd9, 0xac, 0x92, 0x3b,
    0xff, 0x8, 0xde, 0xd6, 0xe0, 0x7, 0x10, 0xd,
    0x2e, 0x39, 0xc8, 0x1, 0xdc, 0x80, 0x7, 0x20,

    /* U+5988 "妈" */
    0x0, 0x9d, 0xc0, 0x1f, 0xfc, 0x2c, 0xf0, 0x7,
    0xff, 0xa8, 0x3, 0x97, 0x0, 0x1f, 0xfc, 0xa4,
    0x1, 0x22, 0x4, 0xc, 0x83, 0x58, 0x0, 0xdc,
    0x0, 0x19, 0xa0, 0x8d, 0xe0, 0x22, 0x0, 0x4,
    0x80, 0x3, 0xae, 0xd8, 0xca, 0x0, 0x60, 0x1,
    0x38, 0x6, 0x7d, 0x3, 0xf2, 0x2, 0x1, 0x2,
    0x0, 0x8c, 0x10, 0x15, 0x18, 0x3f, 0xdc, 0x1d,
    0xe0, 0xb, 0x3, 0x40, 0x24, 0xee, 0xea, 0x10,
    0x4, 0x4e, 0x4b, 0x80, 0x4, 0x70, 0x0, 0xc0,
    0x27, 0xa2, 0x22, 0x7f, 0xf7, 0x68, 0x80, 0x69,
    0x66, 0x47, 0x7f, 0xf0, 0xb0, 0x0, 0x71, 0xe7,
    0x18, 0x40, 0x39, 0x34, 0x7, 0xde, 0xc0, 0x68,
    0x3, 0x5f, 0x92, 0x80, 0xd5, 0x80, 0x7e, 0xf9,
    0xe2, 0x0,

    /* U+59CB "始" */
    0x0, 0xff, 0xe3, 0x26, 0x80, 0x75, 0xa8, 0x7,
    0xc4, 0x20, 0x18, 0xd1, 0x80, 0x3e, 0xe5, 0x0,
    0xd2, 0xc6, 0x8, 0x1, 0x25, 0xb2, 0x5d, 0x84,
    0xd2, 0x1, 0x6c, 0xc0, 0xf, 0x82, 0xa6, 0x81,
    0xd6, 0x20, 0xad, 0xa2, 0x6, 0xe1, 0x16, 0x32,
    0x57, 0xdf, 0xc8, 0x1a, 0x0, 0x42, 0x5, 0x55,
    0x4e, 0xff, 0xbb, 0x7e, 0x0, 0x18, 0x81, 0x86,
    0x4e, 0x26, 0x45, 0x1a, 0x0, 0x10, 0x41, 0x2c,
    0x33, 0x77, 0xc2, 0x0, 0xa6, 0xc0, 0x30, 0x19,
    0xff, 0xb0, 0x4, 0x0, 0xde, 0x60, 0x40, 0x1f,
    0xfc, 0x4, 0x16, 0xd3, 0x0, 0xff, 0x15, 0xc4,
    0x24, 0x82, 0x7f, 0xec, 0x0, 0x8b, 0x15, 0x81,
    0x84, 0x23, 0xba, 0xb0, 0x8, 0xd6, 0x80, 0x30,
    0x8f, 0x38, 0x8, 0xd, 0x88, 0x6, 0xd6, 0x0,
    0x8f, 0xc4, 0x0,

    /* U+59D0 "姐" */
    0x0, 0xad, 0x0, 0x3f, 0xf8, 0x22, 0x80, 0x11,
    0xff, 0xf8, 0x3, 0x10, 0x20, 0x0, 0x43, 0xba,
    0xc0, 0x8, 0x56, 0xc5, 0x10, 0x40, 0x10, 0x88,
    0x3, 0x2c, 0xb0, 0x45, 0xa8, 0x0, 0xc4, 0x4e,
    0x1, 0x26, 0x14, 0xe1, 0x10, 0x1, 0xbd, 0xcb,
    0x0, 0xe3, 0x40, 0x26, 0x0, 0x77, 0xfb, 0x0,
    0x31, 0x81, 0x88, 0x18, 0x7, 0xf9, 0xc, 0x10,
    0x80, 0x24, 0x49, 0x40, 0x32, 0xd, 0xca, 0x0,
    0x53, 0x10, 0xb0, 0xc, 0x7a, 0x46, 0x1, 0xb7,
    0x31, 0xc0, 0x1e, 0x53, 0x6a, 0x0, 0xff, 0xd,
    0x8e, 0x5e, 0x38, 0x29, 0x99, 0x80, 0xc4, 0xbd,
    0xb0, 0x10, 0x60, 0xa7, 0xb9, 0x5, 0xc8, 0x4d,
    0x82, 0x0, 0x7d, 0xdf, 0xca,

    /* U+59E8 "姨" */
    0x0, 0xff, 0xe3, 0x25, 0x0, 0x73, 0xe0, 0x7,
    0xc4, 0xc0, 0x2, 0x28, 0x4, 0x8a, 0x30, 0xb,
    0x90, 0x1, 0x73, 0x2a, 0x29, 0x9b, 0xc8, 0x5d,
    0x9, 0x96, 0x6e, 0xe2, 0xbb, 0xb0, 0x8f, 0xc8,
    0xf3, 0x97, 0xb9, 0x5, 0xdc, 0xf1, 0x2, 0x81,
    0x9c, 0x25, 0xee, 0x41, 0x77, 0x0, 0x31, 0x90,
    0x77, 0x17, 0xfa, 0xb, 0xb8, 0x20, 0x12, 0x20,
    0x10, 0xc9, 0x3a, 0xf, 0xba, 0x10, 0x6, 0x29,
    0x1a, 0xf2, 0x74, 0x1f, 0x75, 0x60, 0xa, 0x5d,
    0x11, 0x4f, 0xf1, 0x87, 0xf4, 0x0, 0x43, 0x24,
    0x18, 0x20, 0xa4, 0xd2, 0xd1, 0x80, 0x13, 0x8f,
    0x28, 0xd, 0xc5, 0xb1, 0xeb, 0x80, 0x1e, 0x78,
    0x25, 0x7d, 0x5c, 0xae, 0xa8, 0x40, 0x37, 0x44,
    0x17, 0x67, 0xb0, 0x2, 0xe2, 0x69, 0x8e, 0x20,
    0x2, 0xae, 0x40, 0x31, 0xed, 0x98,

    /* U+5A03 "娃" */
    0x0, 0x14, 0x88, 0x7, 0x72, 0x80, 0x79, 0xdc,
    0x20, 0x1f, 0xfc, 0x13, 0x50, 0xa, 0xae, 0xc3,
    0x37, 0x66, 0x1, 0x3c, 0x22, 0x83, 0x37, 0x42,
    0xbb, 0xa2, 0x2, 0xd5, 0x7f, 0xd0, 0x66, 0x83,
    0x19, 0x88, 0x7, 0xc1, 0xf2, 0x44, 0x44, 0x83,
    0x51, 0xa, 0x20, 0x84, 0x24, 0xee, 0x98, 0x81,
    0xa4, 0x44, 0x61, 0x88, 0x1f, 0xab, 0xb9, 0x83,
    0x9c, 0xc6, 0x90, 0x1a, 0x1a, 0x18, 0x7, 0xfd,
    0x6b, 0x84, 0xa1, 0xff, 0xd, 0x7f, 0xa0, 0x2,
    0x84, 0xf, 0x3e, 0xe7, 0x8d, 0x7f, 0x40, 0x4,
    0xc9, 0xa4, 0xa2, 0x20, 0xc, 0x20, 0x11, 0xcc,
    0x8b, 0x5c, 0x3, 0xe1, 0x1, 0xd5, 0x60, 0x1a,
    0xff, 0x86, 0xbf, 0xdc, 0x83, 0x34, 0x1, 0x5f,
    0xff, 0xe4,

    /* U+5A74 "婴" */
    0xe, 0xff, 0xd2, 0x9f, 0xfc, 0x40, 0x16, 0x6f,
    0x38, 0x0, 0xbf, 0x7c, 0x40, 0x3a, 0x24, 0x3,
    0xe, 0x88, 0x7, 0x87, 0x80, 0x31, 0x80, 0x80,
    0x79, 0x5f, 0xc4, 0x0, 0x86, 0x4, 0x1, 0x64,
    0xbc, 0x94, 0x26, 0x5c, 0x43, 0x88, 0xf, 0xce,
    0x6b, 0x89, 0x3e, 0xd3, 0x7d, 0x40, 0xa6, 0x40,
    0x41, 0x6b, 0x4c, 0xb, 0xaa, 0x1d, 0x7f, 0xf2,
    0x37, 0x5f, 0xff, 0x1f, 0xfd, 0xa1, 0x3f, 0xec,
    0xa, 0xff, 0x8c, 0x2, 0x74, 0x8c, 0x9c, 0x65,
    0x0, 0xf9, 0x62, 0x45, 0x15, 0xfa, 0x54, 0x0,
    0xfb, 0xdf, 0xdc, 0x9d, 0xae, 0xa3, 0xa4, 0x5,
    0xbd, 0xed, 0x94, 0x0, 0x92, 0xb9, 0x0,

    /* U+5B50 "子" */
    0x0, 0xff, 0xe3, 0x5f, 0xff, 0xf9, 0x0, 0x35,
    0xff, 0xfb, 0x90, 0x21, 0x0, 0x3f, 0xcd, 0xe5,
    0xce, 0x1, 0xfe, 0xc8, 0xa9, 0x10, 0xf, 0xf8,
    0x61, 0x0, 0x3e, 0x54, 0x4e, 0x3f, 0x44, 0xe5,
    0x11, 0x4f, 0xff, 0xa, 0x7f, 0xf7, 0x18, 0xe5,
    0xdf, 0x15, 0xdf, 0xc4, 0x1, 0xff, 0xeb, 0x30,
    0xf, 0xfe, 0xd, 0x70, 0xa8, 0x7, 0xff, 0x3,
    0xe7, 0xc, 0x3, 0xe0,

    /* U+5B54 "孔" */
    0x0, 0xfe, 0x6f, 0x0, 0xf7, 0x7f, 0xf9, 0xcc,
    0x40, 0x3d, 0xbb, 0xa8, 0x9, 0x40, 0x3f, 0x19,
    0x10, 0x2d, 0xb4, 0x80, 0x3f, 0xc3, 0x8d, 0x20,
    0x1f, 0xfc, 0x3, 0x19, 0x0, 0xff, 0xe1, 0x93,
    0xd8, 0x7, 0xf8, 0xe8, 0x33, 0x78, 0x3, 0xf1,
    0x76, 0x28, 0x75, 0x28, 0x7, 0xe2, 0x8d, 0xf0,
    0xf, 0xfe, 0xb, 0x10, 0x7, 0xff, 0x38, 0xa0,
    0x40, 0x7, 0x40, 0x20, 0x18, 0x50, 0xad, 0xc0,
    0x2b, 0x76, 0x0, 0xc8, 0x57, 0xad, 0x2, 0x0,
    0x9e, 0x90, 0xc, 0x3b, 0xff, 0x38, 0x0,

    /* U+5B57 "字" */
    0x0, 0xff, 0xe4, 0x26, 0x0, 0x7f, 0xf0, 0x54,
    0x64, 0x3, 0xe4, 0xff, 0xdc, 0x4d, 0xff, 0xca,
    0x0, 0x1f, 0xff, 0xf1, 0x0, 0x1d, 0x0, 0x84,
    0x7e, 0x5, 0x60, 0x3a, 0x5d, 0xee, 0xf9, 0x60,
    0xc0, 0x25, 0xff, 0xe8, 0x8, 0x50, 0xf, 0xe2,
    0xca, 0xd7, 0x0, 0xc2, 0x42, 0x3a, 0x8f, 0xcc,
    0x46, 0x20, 0xad, 0xee, 0xce, 0x1b, 0xdd, 0xb4,
    0xaf, 0xff, 0xa4, 0x7f, 0xfc, 0x40, 0x1f, 0xfd,
    0x63, 0x8a, 0x30, 0xf, 0xf8, 0x55, 0xe4, 0x3,
    0xe0,

    /* U+5B58 "存" */
    0x0, 0xff, 0xe5, 0x37, 0x90, 0x7, 0xff, 0x6,
    0x94, 0x80, 0x3f, 0xf, 0xfe, 0x35, 0xff, 0xf5,
    0x80, 0x7, 0x75, 0xc8, 0xbd, 0xde, 0xda, 0x0,
    0x88, 0xd9, 0x20, 0x47, 0xc4, 0x20, 0x19, 0x22,
    0xd, 0xff, 0xf2, 0x0, 0x68, 0x27, 0x4d, 0xee,
    0xa4, 0x11, 0x40, 0x2b, 0x26, 0x0, 0x10, 0x8a,
    0xe2, 0xac, 0x40, 0x14, 0xb0, 0x2, 0x45, 0x96,
    0x1c, 0x88, 0x0, 0x9d, 0x20, 0x4d, 0xdc, 0x13,
    0xbb, 0x10, 0x19, 0x80, 0xb, 0xff, 0x86, 0xbf,
    0xe2, 0x0, 0xff, 0xec, 0x38, 0x4, 0x6c, 0x22,
    0x0, 0xf9, 0x70, 0x2, 0x5b, 0x64, 0x0, 0xc0,

    /* U+5B63 "季" */
    0x0, 0xf0, 0x91, 0xab, 0xcc, 0x80, 0x39, 0xbf,
    0xdd, 0x9b, 0xf9, 0xfd, 0x80, 0x1c, 0xdf, 0xee,
    0xd5, 0xa9, 0x87, 0x50, 0xd, 0x7f, 0xfc, 0xb3,
    0xff, 0xd4, 0x0, 0xbf, 0xf9, 0x9, 0x25, 0x17,
    0xfe, 0xa0, 0xc, 0x58, 0x18, 0x21, 0x63, 0x88,
    0x1, 0x8e, 0x76, 0xec, 0x22, 0x0, 0x5d, 0xdd,
    0x22, 0x1c, 0x7b, 0x5b, 0xa6, 0xbd, 0xd2, 0xfc,
    0x0, 0x86, 0xd1, 0x77, 0xfc, 0xa4, 0x84, 0xd,
    0x20, 0x1c, 0x64, 0x47, 0x75, 0x48, 0x7, 0xa3,
    0xff, 0xa8, 0x2b, 0xff, 0x60, 0x2, 0x3b, 0xff,
    0x50, 0xff, 0xf6, 0x80, 0x42, 0x1, 0xff, 0x8,
    0x7, 0xd7, 0x62, 0x0, 0xff, 0xe0, 0xec, 0x68,
    0x7, 0xc0,

    /* U+5B64 "孤" */
    0x2, 0x2e, 0x0, 0x89, 0x22, 0xe0, 0x2, 0xcc,
    0xda, 0xff, 0xed, 0xa7, 0xf, 0x0, 0xbb, 0xa4,
    0x42, 0x8f, 0x87, 0xa7, 0x38, 0x7, 0x3b, 0x58,
    0x7, 0xff, 0x6, 0x20, 0x1, 0xe1, 0x30, 0xf,
    0xc6, 0x1, 0xc5, 0xc0, 0x1e, 0x1a, 0xf1, 0x30,
    0xb, 0xc8, 0x2, 0x18, 0xe1, 0x6c, 0x0, 0xc2,
    0x6c, 0x1, 0xa, 0xc8, 0xe0, 0x38, 0x88, 0x0,
    0xc6, 0x1, 0xb5, 0xc0, 0x23, 0x62, 0x10, 0x21,
    0x40, 0xf, 0xdb, 0xa6, 0x20, 0x17, 0xe0, 0xf,
    0x85, 0x53, 0x54, 0x7b, 0x14, 0x80, 0x22, 0x17,
    0x82, 0x34, 0x7e, 0x3, 0x34, 0x80, 0x1f, 0x45,
    0xda, 0xc2, 0xa3, 0xa4, 0x61, 0x8, 0x1a, 0xf9,
    0x25, 0x81, 0x98, 0x2c, 0xe9, 0xc4,

    /* U+5B66 "学" */
    0x0, 0xff, 0xe1, 0x90, 0x4, 0xcc, 0x0, 0xa6,
    0x0, 0x2e, 0xc1, 0xe, 0x92, 0x1, 0x60, 0xd,
    0xa5, 0x1, 0x4, 0x81, 0x7, 0x0, 0x4, 0x59,
    0xc4, 0x44, 0x92, 0xb5, 0xa2, 0xa, 0xa6, 0xe6,
    0x23, 0x49, 0xdc, 0x5a, 0x4, 0x66, 0x7f, 0x84,
    0x25, 0xe3, 0xfb, 0xbe, 0x8, 0x57, 0x29, 0xdc,
    0xca, 0xc0, 0x50, 0x18, 0xc0, 0x2, 0x45, 0x2d,
    0x27, 0x50, 0x4, 0x67, 0xed, 0x39, 0x23, 0x3d,
    0xdb, 0xbc, 0xa7, 0xbb, 0xdf, 0xbd, 0xdc, 0xe9,
    0xdd, 0xd8, 0x1, 0xff, 0xc6, 0x57, 0x51, 0x0,
    0xff, 0xa9, 0xe4, 0x3, 0xc0,

    /* U+5B69 "孩" */
    0x0, 0xfe, 0x95, 0x0, 0xf2, 0x19, 0xe0, 0xb,
    0xe8, 0x80, 0x3a, 0x7b, 0x9b, 0x84, 0x41, 0x75,
    0x61, 0x11, 0x0, 0x37, 0x58, 0x71, 0xc, 0xfe,
    0x5a, 0xff, 0x60, 0x6, 0xca, 0x7a, 0xed, 0xc,
    0xee, 0xc0, 0x18, 0x90, 0x2, 0xf6, 0x31, 0xd2,
    0x0, 0xfe, 0x80, 0x90, 0xa6, 0x20, 0xf, 0x45,
    0x9b, 0x9f, 0x7b, 0x50, 0x80, 0x4f, 0x80, 0x54,
    0x79, 0xf0, 0x3e, 0x3b, 0x40, 0x9, 0x40, 0xa1,
    0x3, 0x98, 0xc2, 0xa2, 0xb0, 0x7, 0x40, 0x4,
    0xba, 0xbe, 0x52, 0x98, 0x20, 0x1f, 0x7d, 0x60,
    0x5b, 0x11, 0x80, 0x7e, 0xa7, 0x5f, 0xe, 0x7c,
    0x10, 0x2, 0xd8, 0x10, 0x36, 0x5c, 0x58, 0xdb,
    0x60, 0x1, 0x8b, 0x4, 0x3e, 0xf9, 0x80, 0x2a,
    0xb0,

    /* U+5B83 "它" */
    0x0, 0xf1, 0x0, 0x7f, 0xf0, 0x7, 0x58, 0x3,
    0xfe, 0x17, 0xa0, 0xf, 0x26, 0xef, 0x30, 0xee,
    0xf2, 0x1, 0x4c, 0xea, 0x99, 0xe2, 0x0, 0xa,
    0x28, 0x22, 0x7c, 0x20, 0xe8, 0x9, 0x60, 0x1c,
    0x27, 0x6c, 0x74, 0x0, 0x10, 0x8, 0x63, 0xbd,
    0x48, 0x3, 0x85, 0x6b, 0x92, 0x34, 0x3, 0xc3,
    0xd3, 0xba, 0xc7, 0x10, 0xf, 0xf, 0x63, 0x90,
    0x7, 0xf8, 0x40, 0x38, 0x44, 0x1, 0xff, 0xc0,
    0x5e, 0x0, 0xe1, 0x32, 0x2e, 0xe2, 0x0, 0xc8,
    0x39, 0xbb, 0xcf, 0x20,

    /* U+5B89 "安" */
    0x0, 0xf1, 0x80, 0x7f, 0xf0, 0xb, 0x10, 0x3,
    0xfe, 0x27, 0xf0, 0xf, 0xbb, 0xff, 0x3a, 0x7f,
    0xed, 0x0, 0xa7, 0xfd, 0x79, 0xff, 0xa4, 0xc0,
    0x4, 0x60, 0xf, 0xf0, 0x6, 0x30, 0xb, 0x14,
    0x5, 0x20, 0x3, 0x2f, 0x0, 0x8e, 0x61, 0x51,
    0x1f, 0x15, 0x7f, 0xd0, 0x1f, 0xf7, 0x73, 0xfd,
    0x97, 0xdc, 0x81, 0xee, 0xc8, 0xbd, 0xd0, 0x0,
    0x61, 0xc0, 0x23, 0x48, 0x0, 0xe3, 0x65, 0xfb,
    0x6e, 0x72, 0x0, 0xe2, 0x8c, 0xe0, 0x92, 0x21,
    0x80, 0x78, 0x57, 0x52, 0x70, 0x33, 0x8, 0x7,
    0x5b, 0xd1, 0x7c, 0xc7, 0x5a, 0xf7, 0x6, 0x15,
    0xba, 0x71, 0x0, 0x8a, 0xed, 0x20,

    /* U+5B8C "完" */
    0x0, 0xff, 0xe5, 0x16, 0x88, 0x7, 0xe1, 0x1e,
    0x3, 0xa1, 0x1f, 0x0, 0x37, 0xbb, 0x68, 0xa7,
    0x77, 0x78, 0x4, 0xdf, 0xff, 0xea, 0x0, 0x9c,
    0x44, 0x86, 0x7e, 0x40, 0x1, 0x80, 0x2e, 0x12,
    0xb7, 0x7d, 0x44, 0xba, 0x1, 0x97, 0xbb, 0xf1,
    0x0, 0x43, 0xdb, 0xbf, 0xfc, 0xe, 0x11, 0x57,
    0x74, 0xf, 0xd0, 0x51, 0xdd, 0x50, 0x82, 0x19,
    0xc5, 0xa6, 0xe0, 0xe6, 0x72, 0x0, 0x72, 0x2,
    0x0, 0x7f, 0xf0, 0x60, 0xcc, 0x1, 0xe3, 0x70,
    0x8, 0xf4, 0xb8, 0x3, 0x21, 0x12, 0xa4, 0x7,
    0x30, 0x38, 0x40, 0x2, 0x39, 0xdd, 0x35, 0x80,
    0xcd, 0xe1, 0x0, 0x6c, 0xff, 0xca, 0x0,

    /* U+5B9C "宜" */
    0x0, 0xf1, 0x61, 0x80, 0x7c, 0x24, 0x5c, 0x27,
    0x24, 0x5e, 0x4, 0xdd, 0xec, 0x5, 0xdd, 0xf0,
    0x8, 0x77, 0xff, 0xfa, 0x4, 0x4, 0x2, 0x22,
    0xfc, 0x4, 0xa0, 0xbe, 0x2b, 0xb9, 0x9e, 0xd5,
    0x55, 0x80, 0x70, 0xf7, 0x78, 0x3, 0xf8, 0x73,
    0x3c, 0x1, 0xfe, 0x88, 0xf0, 0x7, 0xf0, 0xa2,
    0x78, 0x3, 0xf8, 0x77, 0x7c, 0x1, 0xfc, 0x3f,
    0xfe, 0x0, 0xf1, 0x10, 0xc0, 0x3f, 0x19, 0x10,
    0x4b, 0x75, 0x23, 0xbb, 0xe0, 0x9d, 0xd3, 0x80,

    /* U+5B9E "实" */
    0x0, 0xff, 0xe3, 0x8f, 0x30, 0x7, 0xfc, 0x2b,
    0x40, 0x1e, 0x4f, 0xfe, 0x43, 0xff, 0xe6, 0x0,
    0x77, 0xfe, 0xef, 0xfc, 0x1, 0x8, 0x95, 0xc0,
    0x5, 0xe6, 0x0, 0x33, 0x27, 0x0, 0xd6, 0xa0,
    0x0, 0x80, 0x18, 0xa0, 0xb2, 0xbb, 0x44, 0xe0,
    0x20, 0x1c, 0xe5, 0xcc, 0xec, 0x24, 0x1, 0xe2,
    0xba, 0x30, 0x1, 0x30, 0x7, 0x77, 0xfa, 0xa9,
    0xfe, 0x84, 0xff, 0xdd, 0x9b, 0xdd, 0xa4, 0x33,
    0x7b, 0x9b, 0x84, 0x41, 0x19, 0x26, 0x49, 0xe8,
    0x24, 0x40, 0x0, 0xb6, 0x55, 0x19, 0x8b, 0x58,
    0x80, 0x99, 0xd0, 0x9c, 0xa0, 0x31, 0xcd, 0x6e,
    0x97, 0x6e, 0x81, 0x0, 0xc3, 0x56, 0xc0,

    /* U+5BA2 "客" */
    0x0, 0xf8, 0xcc, 0x1, 0xff, 0xc2, 0xfe, 0x0,
    0xfd, 0xbf, 0xfc, 0x65, 0xff, 0xda, 0x1, 0x3e,
    0xea, 0x21, 0xbb, 0xe8, 0x0, 0x8f, 0xc8, 0x93,
    0x46, 0x45, 0xc2, 0x60, 0xe, 0x70, 0xb1, 0x2e,
    0xff, 0xc8, 0xdc, 0x1, 0xa9, 0xf, 0xbf, 0xda,
    0x2e, 0x80, 0x1d, 0x69, 0x8b, 0xec, 0x98, 0xd0,
    0x1, 0xea, 0xc3, 0x99, 0xad, 0x20, 0x3, 0xe1,
    0x6, 0xb8, 0x56, 0x5f, 0xa7, 0x43, 0x15, 0xcf,
    0xda, 0x3d, 0xa9, 0xe9, 0x9, 0xbc, 0x27, 0x6a,
    0xa1, 0xbe, 0xff, 0xba, 0x54, 0x3a, 0x8c, 0xa9,
    0x58, 0x3f, 0xfd, 0x46, 0x2a, 0x1, 0xe1, 0x1f,
    0x18, 0x7, 0xf6, 0x67, 0xa0, 0xc0, 0x3c, 0xe1,
    0xbb, 0xeb, 0x10, 0xf, 0x27, 0x0, 0x79, 0x7c,
    0x2,

    /* U+5BA4 "室" */
    0x0, 0xff, 0xe4, 0xd4, 0x80, 0x7f, 0xf0, 0x71,
    0x80, 0x3e, 0x6f, 0xfe, 0x90, 0xff, 0xe8, 0x0,
    0xf, 0xff, 0xf8, 0x7c, 0xd, 0x4, 0xc8, 0xbf,
    0x39, 0x2, 0xd3, 0xee, 0x6e, 0xb3, 0x34, 0x4a,
    0x80, 0x4d, 0xda, 0x15, 0xdc, 0xa4, 0xa0, 0xe,
    0x16, 0xc7, 0x64, 0x40, 0xac, 0x80, 0x73, 0xc8,
    0x36, 0xdf, 0xf2, 0xb3, 0x80, 0x66, 0xff, 0x74,
    0xd, 0xda, 0xb1, 0x80, 0x37, 0xfe, 0x91, 0xff,
    0xb2, 0x40, 0x37, 0x73, 0xfd, 0x23, 0xff, 0x74,
    0x0, 0x4, 0x80, 0x2, 0x30, 0x8, 0xc0, 0x24,
    0x11, 0x9f, 0xfa, 0x43, 0xff, 0xb0, 0xc0,

    /* U+5BB3 "害" */
    0x0, 0xf1, 0xa8, 0x7, 0xff, 0x2, 0xe8, 0x3,
    0xcd, 0xdd, 0xce, 0x1d, 0xdd, 0x60, 0xc, 0xce,
    0xac, 0xcc, 0x80, 0x48, 0x60, 0x66, 0x4a, 0x33,
    0x83, 0x45, 0x2a, 0x33, 0xfd, 0x21, 0xff, 0x63,
    0xd0, 0x2, 0x33, 0xfd, 0x23, 0xff, 0x60, 0x6,
    0x6c, 0xff, 0x48, 0xff, 0xe0, 0x0, 0x93, 0x7f,
    0xd2, 0x3f, 0xf6, 0x10, 0xb6, 0x7f, 0xe9, 0x1f,
    0xfd, 0x96, 0xfd, 0xdd, 0x3, 0xdd, 0xd4, 0x0,
    0x7f, 0xfa, 0x47, 0xff, 0x0, 0x61, 0x17, 0xff,
    0xa4, 0x40, 0x3c, 0x45, 0xe1, 0x10, 0x6, 0x11,
    0x66, 0x7a, 0x0, 0x20,

    /* U+5BB6 "家" */
    0x0, 0xf0, 0xda, 0x80, 0x7e, 0x11, 0xe0, 0x6e,
    0x11, 0xe0, 0xb, 0xfb, 0xff, 0x1a, 0xff, 0xee,
    0x50, 0x1, 0xcf, 0x77, 0xf8, 0x40, 0x23, 0x2,
    0xff, 0xfc, 0x4e, 0xc0, 0xe, 0x62, 0xed, 0x32,
    0xdf, 0xf7, 0x1c, 0x98, 0x6, 0x16, 0xc3, 0x42,
    0x0, 0x27, 0x18, 0x4, 0xf7, 0xd9, 0xb2, 0xce,
    0x11, 0x52, 0x60, 0x17, 0xe, 0x5d, 0xa1, 0xe3,
    0x59, 0xa0, 0xd, 0x34, 0xbc, 0x5f, 0xc0, 0xfa,
    0xe0, 0x1d, 0x5f, 0x54, 0xbb, 0x52, 0x89, 0x9a,
    0x0, 0x37, 0x5e, 0x17, 0x96, 0x6b, 0x87, 0x3c,
    0x80, 0x4d, 0x9d, 0xb9, 0x1, 0xae, 0x7, 0x4d,
    0x80, 0x38, 0x95, 0x65, 0x3e, 0x90, 0x0, 0x5c,
    0xe0, 0x1f, 0xc4, 0x0, 0x54, 0xf9, 0x80, 0x46,
    0x40,

    /* U+5BB9 "容" */
    0x0, 0xf8, 0x40, 0x3f, 0xf8, 0x45, 0xc8, 0x1,
    0xff, 0xc1, 0x25, 0xd0, 0xf, 0xc7, 0xdd, 0xc8,
    0xfd, 0xdc, 0x80, 0x10, 0xf7, 0x7d, 0xfd, 0xc0,
    0xc, 0x2c, 0x9, 0xca, 0x0, 0x5e, 0x70, 0x96,
    0x0, 0x15, 0x5d, 0x5a, 0xcd, 0xae, 0x5f, 0x11,
    0x0, 0x2b, 0xce, 0x57, 0x67, 0x23, 0xc8, 0x10,
    0xd, 0xe, 0x13, 0x5d, 0x78, 0xc0, 0xc8, 0x1,
    0xcd, 0xc1, 0xa2, 0xfb, 0x5d, 0x4, 0x0, 0x2a,
    0xfb, 0x2, 0xbb, 0xa1, 0xc1, 0x37, 0x0, 0x8e,
    0xf4, 0x7a, 0x23, 0x87, 0xb9, 0xe0, 0x9, 0x40,
    0x3, 0x99, 0xf0, 0x0, 0x4c, 0x3, 0xcc, 0x45,
    0xc0, 0x1f, 0xe8, 0xee, 0xe0, 0xf, 0xf7, 0x66,
    0x77, 0x90, 0x4,

    /* U+5BC2 "寂" */
    0x0, 0xfa, 0xa0, 0x3, 0xff, 0x84, 0x4c, 0x1,
    0xf9, 0xbf, 0xf9, 0xc7, 0xff, 0xc0, 0x3, 0x1f,
    0x7d, 0xff, 0xfa, 0x84, 0x0, 0x2a, 0xe, 0xc0,
    0x1, 0x22, 0xc3, 0x0, 0x4, 0xb0, 0x1b, 0xfd,
    0x4d, 0xe8, 0x9b, 0x40, 0xf, 0x5f, 0xe2, 0xa5,
    0x53, 0xc0, 0x80, 0x6, 0x70, 0x91, 0xa8, 0x97,
    0x81, 0x18, 0x5, 0x31, 0x1, 0x88, 0x79, 0x7a,
    0x86, 0x20, 0x5, 0x57, 0x67, 0x75, 0xd1, 0xb9,
    0x92, 0xd8, 0x6, 0xe5, 0x0, 0x2f, 0x88, 0x93,
    0xc8, 0xc0, 0x25, 0x14, 0x0, 0x29, 0x68, 0x71,
    0x58, 0x6, 0x84, 0x10, 0xb, 0xa1, 0x2c, 0xe0,
    0xc0, 0x2c, 0x99, 0x30, 0x80, 0xf5, 0xdb, 0x1b,
    0x28, 0xc0, 0x48, 0x5e, 0x1, 0x83, 0x94, 0x23,
    0x4, 0x40,

    /* U+5BC4 "寄" */
    0x0, 0xe1, 0xb9, 0x0, 0xf8, 0x4c, 0xf1, 0x33,
    0x10, 0xcf, 0x10, 0x2e, 0x44, 0x61, 0x4f, 0x88,
    0xb6, 0xc0, 0x3, 0x77, 0x81, 0xee, 0xf2, 0x0,
    0x16, 0xe3, 0xba, 0x32, 0xee, 0xaa, 0x92, 0x2,
    0xb1, 0xd8, 0x80, 0x4d, 0x7f, 0x40, 0x18, 0x67,
    0x3f, 0x3f, 0x7b, 0xfd, 0xa0, 0x13, 0x43, 0xb9,
    0x7a, 0x27, 0x89, 0xda, 0x24, 0xcb, 0xe3, 0x7b,
    0xbc, 0x29, 0xde, 0x28, 0xdd, 0x11, 0xd4, 0xd6,
    0x2c, 0xc2, 0x0, 0x9f, 0xfe, 0xb1, 0x0, 0xff,
    0x8, 0xc0, 0x1f, 0xf3, 0xee, 0xd6, 0x1, 0xfd,
    0x5f, 0xbb, 0x76, 0x4e, 0x90, 0x7, 0x10, 0x80,
    0x61, 0xaa, 0x60, 0x4,

    /* U+5BDE "寞" */
    0x0, 0xf8, 0x44, 0x1, 0xff, 0xc2, 0xab, 0x0,
    0xfd, 0x77, 0xe6, 0x5b, 0xbe, 0x70, 0x2, 0xed,
    0x53, 0x8b, 0x38, 0xbe, 0xa8, 0x7c, 0x0, 0x21,
    0xab, 0x97, 0xbb, 0x34, 0x5d, 0x7f, 0x0, 0x31,
    0xa2, 0x16, 0x51, 0x2, 0xa8, 0x83, 0xb8, 0x2,
    0x19, 0xf9, 0x3f, 0xf1, 0x47, 0xd0, 0x7, 0x9a,
    0xbf, 0xb3, 0x1d, 0xea, 0x40, 0x1f, 0x4e, 0x67,
    0x98, 0x3, 0xf4, 0xee, 0xf9, 0x80, 0x3e, 0x79,
    0xee, 0x7f, 0xbb, 0x8c, 0x20, 0x18, 0x89, 0x39,
    0x92, 0x36, 0x65, 0x4, 0x20, 0x8, 0x8e, 0xe4,
    0x7c, 0x88, 0xc8, 0x0, 0xaa, 0xde, 0x4f, 0x80,
    0x77, 0x54, 0x50, 0x2, 0x3d, 0x74, 0xd4, 0x17,
    0x9f, 0x5c, 0x28, 0x0, 0xf7, 0x3f, 0x10, 0x0,
    0x35, 0xb8, 0x64, 0x0,

    /* U+5BDF "察" */
    0x0, 0xf8, 0x84, 0x3, 0xff, 0x83, 0x36, 0x1,
    0xf1, 0xee, 0xf2, 0xab, 0x77, 0x8c, 0x0, 0x59,
    0x53, 0x9f, 0x75, 0x99, 0x18, 0x0, 0x58, 0xe0,
    0x4, 0x4f, 0xe, 0xf4, 0x98, 0x14, 0x78, 0x57,
    0x70, 0x82, 0xb6, 0xc4, 0x0, 0x3a, 0xd7, 0xb0,
    0x82, 0xd7, 0x60, 0x70, 0x2, 0x2c, 0x87, 0x44,
    0x2, 0xe2, 0x94, 0x40, 0xb, 0x5b, 0x86, 0x1d,
    0x9c, 0x2b, 0x60, 0x18, 0xdd, 0xef, 0xee, 0xbd,
    0x35, 0x40, 0x5, 0x6e, 0x90, 0x6, 0x70, 0x4a,
    0x54, 0x84, 0x6, 0x3f, 0xe7, 0xf6, 0x66, 0xbb,
    0x5, 0x59, 0xe6, 0xea, 0x8b, 0x75, 0xec, 0x84,
    0x1, 0x16, 0x68, 0x6, 0x7f, 0x40, 0xd, 0x5a,
    0x9c, 0x9a, 0x20, 0xf3, 0x6e, 0x1, 0x6e, 0xa0,
    0xc, 0xa0, 0x0, 0xf6, 0x60,

    /* U+5BF9 "对" */
    0x0, 0xff, 0xe0, 0x7a, 0x80, 0x7f, 0xf1, 0xda,
    0x67, 0x80, 0x3f, 0xe1, 0x18, 0xdc, 0x48, 0x46,
    0x3, 0x20, 0x3, 0x44, 0x5a, 0xb7, 0x9f, 0xf0,
    0x46, 0x28, 0x25, 0x0, 0x37, 0x2b, 0xbb, 0x5,
    0xf2, 0x82, 0xbc, 0x82, 0x20, 0x5c, 0x3, 0xf0,
    0xe3, 0xd8, 0x18, 0x42, 0x0, 0x7e, 0x1d, 0x47,
    0x1, 0x78, 0x0, 0xfe, 0x70, 0x61, 0x9, 0x33,
    0x0, 0x7e, 0x98, 0x5a, 0x1, 0xd3, 0x0, 0xfa,
    0x85, 0xed, 0x58, 0x8, 0x3, 0xeb, 0x7d, 0x1,
    0x83, 0x0, 0xe1, 0x0, 0x10, 0x60, 0x80, 0x19,
    0x40, 0x11, 0x80, 0xc0, 0x2, 0xb1, 0x0, 0xfb,
    0x53, 0x8, 0x0,

    /* U+5BFB "寻" */
    0x0, 0xff, 0xe2, 0xa7, 0xff, 0xf7, 0x0, 0x64,
    0xef, 0xff, 0xa8, 0xc0, 0x3b, 0x7f, 0xfe, 0xa0,
    0xf, 0x6f, 0x77, 0xd4, 0x1, 0xc7, 0x9b, 0xbf,
    0x41, 0x80, 0x62, 0x9f, 0xff, 0xbb, 0x40, 0x30,
    0xa1, 0x9f, 0xbd, 0xc, 0x0, 0x5f, 0xdd, 0xf8,
    0xe3, 0xba, 0x2d, 0xff, 0x6f, 0xff, 0x1c, 0x7f,
    0xb0, 0x8, 0x5b, 0x44, 0x78, 0x4, 0x62, 0x0,
    0x9c, 0xe4, 0x3, 0xff, 0x83, 0x3e, 0x1, 0x8,
    0x80, 0x3f, 0x23, 0x0, 0x27, 0x8d, 0x0, 0x3f,
    0xeb, 0xb7, 0x10, 0x4,

    /* U+5BFC "导" */
    0x5, 0xff, 0xff, 0x0, 0x61, 0xf, 0xff, 0xac,
    0x40, 0x3f, 0xf9, 0x3f, 0xff, 0x58, 0x80, 0x7b,
    0xbb, 0xf9, 0x4c, 0x0, 0xe0, 0xa0, 0x1f, 0x1c,
    0xf8, 0x0, 0xcd, 0x7d, 0xdf, 0x69, 0x78, 0x5,
    0x9f, 0xfe, 0xc7, 0xfe, 0x30, 0x22, 0x8, 0xfc,
    0xae, 0x22, 0x21, 0xcc, 0x7f, 0xfd, 0x1, 0xfe,
    0xc7, 0xee, 0x6e, 0xbb, 0xba, 0xc7, 0xba, 0x60,
    0x5, 0x68, 0x80, 0x7f, 0xf0, 0x24, 0xe8, 0x3,
    0xff, 0x83, 0xd0, 0x0, 0x4b, 0xb2, 0x80, 0x7c,
    0x66, 0x0, 0x30, 0x4d, 0x0, 0x60,

    /* U+5BFF "寿" */
    0x0, 0xf8, 0x40, 0x3f, 0xf8, 0x45, 0xc6, 0x1,
    0xfc, 0x42, 0x33, 0x0, 0x4, 0x71, 0x0, 0x47,
    0x9f, 0xf5, 0x6, 0xff, 0xec, 0x0, 0x8f, 0xbb,
    0x49, 0x77, 0x78, 0x3, 0x17, 0xfd, 0x5, 0xff,
    0xd2, 0x1, 0x8b, 0xbf, 0x42, 0xbf, 0xfa, 0x40,
    0x3, 0xdb, 0x9b, 0x81, 0x1b, 0xbe, 0xe3, 0x1d,
    0xff, 0x48, 0xc7, 0xfd, 0x25, 0xdf, 0xa6, 0x6,
    0x44, 0xf2, 0x63, 0x38, 0x0, 0x20, 0x40, 0x1a,
    0x95, 0x3f, 0xf5, 0x6, 0x62, 0xc0, 0x2b, 0x5d,
    0xbd, 0xee, 0xb0, 0x3b, 0x94, 0x5, 0xcd, 0xa6,
    0xba, 0x20, 0x1f, 0x8a, 0x30, 0x81, 0xcd, 0xc0,
    0x2, 0x1, 0xe6, 0x10, 0xb, 0x18, 0x27, 0x4,
    0x3, 0xfc, 0x20, 0xa, 0xa7, 0x80, 0x60,

    /* U+5C01 "封" */
    0x0, 0xdc, 0xa0, 0x1e, 0xf5, 0x0, 0xff, 0xe1,
    0x8, 0x6, 0xbf, 0xf0, 0xd7, 0xe8, 0x7, 0xf5,
    0x7f, 0x86, 0xbf, 0x17, 0x32, 0x18, 0xc3, 0x1,
    0x0, 0xe1, 0x79, 0x88, 0x2, 0xc1, 0x37, 0x74,
    0x37, 0xde, 0x2a, 0x88, 0x1d, 0x41, 0x6f, 0xfb,
    0xbf, 0xdc, 0x72, 0x40, 0x1e, 0x11, 0xb1, 0x4,
    0x40, 0x96, 0x1, 0xe2, 0x2f, 0x82, 0xd8, 0x40,
    0x3a, 0xfb, 0x81, 0x5d, 0xc0, 0x69, 0x10, 0xe,
    0x9c, 0xc0, 0xc6, 0x60, 0x0, 0xc0, 0x1f, 0xfc,
    0x1, 0x0, 0xfc, 0x4c, 0xf2, 0x37, 0xfc, 0x1,
    0x84, 0x3, 0x5e, 0xc, 0xd7, 0x78, 0x2, 0x78,
    0x1c, 0x0, 0x5b, 0x70, 0xc8, 0x20, 0x16, 0x36,
    0x10, 0x0,

    /* U+5C04 "射" */
    0x0, 0xff, 0xe3, 0xb7, 0x88, 0x7, 0xbc, 0xc0,
    0x3b, 0x94, 0x40, 0x3f, 0xf8, 0x1e, 0xeb, 0xff,
    0x0, 0x61, 0x0, 0xf6, 0xff, 0xb4, 0x3, 0xff,
    0x81, 0xbf, 0xed, 0xa, 0xff, 0x87, 0x3d, 0x0,
    0x2d, 0xff, 0x68, 0x5f, 0x7f, 0x86, 0xf9, 0x0,
    0x2e, 0xcc, 0x70, 0x2, 0x0, 0x27, 0x10, 0xd,
    0x3f, 0xe9, 0x1, 0x63, 0x0, 0xf1, 0x3, 0x11,
    0x18, 0x0, 0x96, 0x1, 0xcb, 0xa1, 0x9d, 0xcc,
    0x0, 0x76, 0x80, 0x72, 0xff, 0xce, 0x5a, 0x0,
    0x55, 0x0, 0x7e, 0x67, 0xe0, 0xf, 0xf8, 0x66,
    0x56, 0x60, 0x1e, 0x10, 0x8, 0xb9, 0x35, 0x1f,
    0x80, 0x28, 0xd0, 0x30, 0x1, 0x6e, 0x88, 0x9,
    0x70, 0x1, 0x89, 0xa0, 0x10,

    /* U+5C06 "将" */
    0x0, 0xfc, 0x4a, 0x1, 0xfc, 0x5e, 0x20, 0x8,
    0x82, 0x19, 0xe0, 0x3, 0x0, 0x73, 0x28, 0xc7,
    0xfb, 0x2c, 0xa, 0x64, 0x1, 0x3c, 0xe7, 0x66,
    0x14, 0xa0, 0xa, 0x99, 0x40, 0x1f, 0x65, 0xac,
    0xed, 0xc0, 0x12, 0xb9, 0x0, 0x21, 0x5, 0xe6,
    0x58, 0x60, 0x1a, 0x1c, 0x0, 0x75, 0xce, 0xec,
    0xe2, 0x0, 0xeb, 0x0, 0x10, 0x5f, 0xc1, 0x90,
    0x80, 0x66, 0x60, 0x3, 0xd6, 0xbf, 0xdc, 0x19,
    0xe8, 0xd, 0x32, 0x0, 0x7f, 0x57, 0x74, 0x19,
    0xc8, 0x53, 0x8, 0x0, 0x15, 0xa3, 0x10, 0x8,
    0x40, 0xad, 0xc0, 0x32, 0x14, 0x80, 0x7c, 0x80,
    0x1e, 0x9d, 0x0, 0xff, 0xe1, 0x23, 0x25, 0x81,
    0x0, 0x7f, 0xf0, 0x5, 0x1c, 0x40, 0x38, 0xbc,
    0x40, 0x32, 0xf4, 0x0, 0x40,

    /* U+5C0F "小" */
    0x0, 0xf3, 0x78, 0x7, 0xff, 0x0, 0xc4, 0x3,
    0xff, 0xb0, 0x5a, 0x60, 0x1d, 0xa6, 0x1, 0x94,
    0x8c, 0x3, 0x9b, 0xc0, 0x35, 0xa8, 0x7, 0xa0,
    0xd4, 0x0, 0x47, 0xc0, 0x1e, 0x35, 0x80, 0x5,
    0x8a, 0x0, 0x7d, 0x24, 0x82, 0xd2, 0x1, 0xf8,
    0xcd, 0xe4, 0x6c, 0x1, 0xfd, 0xf2, 0x78, 0x20,
    0x1f, 0xc6, 0x40, 0x1c, 0x24, 0x1, 0xff, 0x17,
    0x43, 0x80, 0x7f, 0x8a, 0xf6, 0x40, 0x3c,

    /* U+5C11 "少" */
    0x0, 0xfb, 0xd8, 0x3, 0xff, 0x82, 0x20, 0x1f,
    0xf3, 0x0, 0xc, 0x0, 0x88, 0x0, 0xf2, 0x4a,
    0x0, 0x6c, 0xb6, 0x0, 0xe9, 0x74, 0x0, 0xd1,
    0x33, 0x0, 0x54, 0x30, 0x1, 0xe6, 0xb6, 0x90,
    0x75, 0xe0, 0xf, 0xc9, 0x54, 0x19, 0xa2, 0x0,
    0xf8, 0xd5, 0x46, 0x3e, 0xa0, 0x18, 0xc0, 0x3,
    0xd0, 0x20, 0x1, 0x0, 0xe8, 0x51, 0xd0, 0xc1,
    0x0, 0xfc, 0xcf, 0xe3, 0x82, 0x1, 0xf9, 0x2a,
    0xdf, 0x44, 0x3, 0x9, 0xb4, 0xed, 0x8e, 0x48,
    0x7, 0x9f, 0x20, 0xab, 0xac, 0xc0, 0x3e, 0x6e,
    0xe5, 0xb8, 0x80, 0x7e,

    /* U+5C31 "就" */
    0x0, 0x92, 0x0, 0x3a, 0x50, 0x3, 0xe6, 0x63,
    0x80, 0x64, 0x24, 0x20, 0x9, 0x51, 0x99, 0xe8,
    0x83, 0x0, 0x1e, 0xf8, 0x5, 0xdd, 0x11, 0x3b,
    0x96, 0x0, 0x19, 0x36, 0x0, 0x5c, 0x47, 0x5d,
    0x10, 0x11, 0x29, 0x40, 0x3, 0xbd, 0xd6, 0x5c,
    0x79, 0x47, 0xcf, 0x0, 0x6c, 0xca, 0x4e, 0xb4,
    0x77, 0x70, 0x6, 0x21, 0x17, 0x98, 0x0, 0x62,
    0x0, 0x1c, 0x5f, 0xf2, 0x90, 0x8, 0x8, 0x80,
    0x30, 0xf6, 0xbc, 0xd4, 0x2, 0x89, 0x88, 0x6,
    0x1c, 0x50, 0x5, 0xc8, 0x6a, 0x0, 0x7a, 0xd1,
    0x40, 0x1c, 0xc6, 0xdc, 0x1, 0x8, 0xb, 0xc8,
    0x4, 0x5b, 0x26, 0x80, 0x16, 0xa8, 0xe8, 0x43,
    0x88, 0x52, 0xf0, 0x73, 0x51, 0xb8, 0x0, 0x8d,
    0x98, 0x3, 0x64, 0xf, 0x1b, 0x64,

    /* U+5C3A "尺" */
    0x0, 0xbb, 0xff, 0xf9, 0x40, 0x3d, 0x1b, 0xbf,
    0x8, 0x7, 0x8c, 0x48, 0xbe, 0x0, 0xfe, 0x11,
    0xf8, 0x3, 0xe3, 0x9e, 0xef, 0x84, 0x3, 0xc3,
    0x3b, 0xa6, 0x3d, 0xd8, 0x40, 0x3e, 0x22, 0xb4,
    0xc8, 0xa9, 0x60, 0xc, 0x20, 0xc0, 0x4, 0x4,
    0x0, 0x39, 0x80, 0x62, 0x2, 0x0, 0x9a, 0x0,
    0x3f, 0x59, 0x80, 0x68, 0x37, 0x0, 0xf9, 0x6c,
    0x3, 0xd, 0x44, 0x0, 0x39, 0x49, 0x80, 0x39,
    0x61, 0xf1, 0x0, 0x3, 0x6a, 0x20, 0x1e, 0x79,
    0x3b, 0xb0, 0x11, 0xd8, 0x7, 0xe6, 0xd4, 0x80,
    0x3d, 0x10, 0xf, 0xe2, 0xb3, 0x0,

    /* U+5C3C "尼" */
    0x0, 0xbb, 0xff, 0xfc, 0x1, 0xe7, 0xdd, 0xfa,
    0x0, 0x3c, 0x7e, 0x45, 0xf0, 0x80, 0x7d, 0x1f,
    0xff, 0x48, 0x7, 0x8d, 0xf7, 0x7f, 0x80, 0x3d,
    0xc4, 0x98, 0x45, 0xc6, 0x1, 0xc2, 0x60, 0x1,
    0x0, 0xd1, 0xc6, 0x1, 0x8, 0x30, 0x0, 0x40,
    0xf, 0xcc, 0xe2, 0x1, 0x10, 0x10, 0x0, 0x6b,
    0xf2, 0xfa, 0x8, 0x2, 0xa2, 0x10, 0x8, 0xb6,
    0xd4, 0x3, 0xcf, 0x40, 0x1a, 0x8, 0x2, 0x2d,
    0x40, 0x91, 0x60, 0x1, 0x82, 0x91, 0x6a, 0x20,
    0x27, 0x81, 0x0, 0x21, 0x56, 0xee, 0x75, 0x42,
    0xf7, 0x0, 0x87, 0x7f, 0xfd, 0x40,

    /* U+5C3E "尾" */
    0x0, 0x6f, 0xff, 0xfb, 0x80, 0x30, 0xc7, 0xff,
    0xea, 0x30, 0xe, 0x8f, 0xff, 0xd4, 0x60, 0x1d,
    0x1d, 0xdf, 0x65, 0xf8, 0x7, 0xa, 0xa3, 0xcd,
    0xef, 0xe4, 0x88, 0x6, 0x10, 0xde, 0xf0, 0x5b,
    0xcf, 0xd0, 0xf, 0xa6, 0xe2, 0x80, 0x8, 0xf2,
    0x80, 0x18, 0x8e, 0x7f, 0xb0, 0x2b, 0x3b, 0x8e,
    0x1, 0xcd, 0x1d, 0xfc, 0x13, 0x56, 0x8c, 0x20,
    0x3, 0x0, 0x4c, 0x55, 0x85, 0xfe, 0x74, 0x98,
    0x1, 0x4, 0x6e, 0xcf, 0xb, 0xfe, 0xdc, 0x30,
    0x5, 0xa1, 0x4b, 0xb2, 0x9, 0x0, 0x49, 0xc0,
    0x47, 0xe0, 0x1c, 0x93, 0xff, 0x5c, 0x1, 0x6a,
    0x80, 0x75, 0x7f, 0xf3, 0x80,

    /* U+5C40 "局" */
    0x0, 0xf, 0xff, 0xfc, 0x1, 0xec, 0xee, 0xfa,
    0xc4, 0x3, 0xdb, 0xff, 0xf5, 0x8, 0x7, 0xaf,
    0x33, 0xf6, 0x80, 0x7f, 0xf1, 0x8, 0x3, 0xaf,
    0x33, 0xfb, 0x44, 0x0, 0x61, 0xdd, 0xfd, 0xa0,
    0x20, 0x6, 0x0, 0x6f, 0x77, 0x18, 0x7, 0x8c,
    0xc0, 0x71, 0x99, 0x8, 0x1, 0xc0, 0x36, 0x20,
    0x19, 0x88, 0xa0, 0xc, 0x20, 0x2, 0x4b, 0x3,
    0xd4, 0x48, 0x2, 0x10, 0xa, 0x4c, 0xc0, 0x87,
    0xff, 0x20, 0x81, 0x18, 0x8, 0x78, 0x2, 0xae,
    0xf8, 0x3e, 0xa0, 0x0,

    /* U+5C45 "居" */
    0x0, 0x37, 0xff, 0xfc, 0x1, 0xc3, 0xdd, 0xfa,
    0xc4, 0x3, 0x87, 0xbb, 0xf5, 0x88, 0x6, 0x31,
    0xee, 0xd2, 0x3d, 0xd8, 0x3, 0xc2, 0x38, 0xc0,
    0x47, 0x0, 0x63, 0x1f, 0xfd, 0x43, 0xff, 0xc8,
    0x0, 0x12, 0xee, 0xd2, 0x3d, 0xd6, 0xe9, 0x0,
    0x1e, 0xc2, 0x38, 0xc0, 0x46, 0x22, 0x0, 0x46,
    0x60, 0xee, 0xac, 0x7b, 0xb0, 0x6, 0x5c, 0x1,
    0xdf, 0xf7, 0x7f, 0xac, 0x40, 0x23, 0x14, 0x0,
    0x8, 0xfe, 0x0, 0xbd, 0x80, 0x2c, 0xee, 0xea,
    0x10, 0x9, 0x6c, 0x2, 0xdf, 0xfe, 0xb0, 0xd,
    0x24, 0x0, 0xe3, 0x11, 0xe5, 0xf0, 0x0,

    /* U+5C4B "屋" */
    0x0, 0x17, 0xff, 0xfc, 0x1, 0x8c, 0x3f, 0xff,
    0x68, 0x80, 0x7a, 0xab, 0xf4, 0x88, 0x7, 0xa2,
    0xef, 0xea, 0xe0, 0xf, 0x4f, 0xff, 0xf4, 0x80,
    0x75, 0xf7, 0x24, 0xbf, 0x9f, 0xfa, 0x40, 0x23,
    0x0, 0xa2, 0xf4, 0x40, 0xb0, 0x40, 0x33, 0x10,
    0x53, 0x96, 0x76, 0xb1, 0xe0, 0x80, 0x44, 0xc1,
    0x7f, 0xdc, 0xd, 0xd7, 0x58, 0x80, 0x58, 0x63,
    0x99, 0x70, 0xe6, 0x56, 0x40, 0x12, 0xd8, 0xf7,
    0x50, 0x3d, 0xd8, 0x80, 0xe, 0x26, 0x6, 0x44,
    0x60, 0x22, 0x8c, 0x2, 0x98, 0x2e, 0xed, 0xa1,
    0xdd, 0xc8, 0x1e, 0xc5, 0xdd, 0xff, 0x20,

    /* U+5C55 "展" */
    0x0, 0x7f, 0xff, 0xc6, 0x1, 0xd7, 0xdd, 0xf8,
    0x40, 0x38, 0x6f, 0xbb, 0xf0, 0xb8, 0x7, 0x67,
    0xf0, 0x67, 0xe0, 0xff, 0x90, 0x3, 0xc6, 0xa0,
    0xc6, 0xa2, 0x68, 0x1, 0xf7, 0xc0, 0x47, 0xd8,
    0x7c, 0x8, 0x7, 0xb3, 0x1, 0xf9, 0xc3, 0x98,
    0x10, 0xe, 0xcf, 0xf0, 0x6f, 0xe0, 0xff, 0xd6,
    0x1, 0xe, 0xf8, 0xe7, 0x9c, 0x7e, 0xc7, 0x50,
    0x0, 0xc0, 0x80, 0x35, 0x48, 0xde, 0x8, 0x80,
    0xa, 0x60, 0x18, 0x9c, 0xb1, 0x2c, 0x3, 0x52,
    0x0, 0x6, 0x35, 0x34, 0x4d, 0x80, 0x22, 0x3a,
    0x2, 0x5, 0xb5, 0x1c, 0x98, 0xf9, 0x2, 0xb2,
    0x2, 0x9e, 0x40, 0x9, 0xfa, 0xac, 0x0,

    /* U+5C71 "山" */
    0x0, 0xf4, 0xa0, 0x7, 0xfc, 0xe4, 0x1, 0xff,
    0x18, 0x7, 0x8e, 0x80, 0x3f, 0x8e, 0x19, 0x40,
    0x3f, 0x95, 0xc0, 0x3f, 0xff, 0xe0, 0x1c, 0x23,
    0x80, 0x47, 0x0, 0x6e, 0xec, 0x51, 0xdd, 0x48,
    0x2f, 0xff, 0xfa, 0x40,

    /* U+5C9B "岛" */
    0x0, 0xe5, 0xb0, 0xf, 0xf0, 0x91, 0x38, 0x48,
    0xb8, 0x40, 0x35, 0x67, 0x3b, 0x77, 0x6d, 0x70,
    0xc, 0x33, 0x8b, 0xf9, 0x98, 0x8, 0x3, 0xee,
    0xc3, 0x0, 0x18, 0x28, 0x7, 0xce, 0xc8, 0x1b,
    0x84, 0x20, 0x1f, 0xa5, 0xc2, 0xeb, 0x0, 0x3d,
    0x1f, 0xfd, 0x35, 0xdf, 0xe0, 0x14, 0xaf, 0xb0,
    0xff, 0xaf, 0xfd, 0x82, 0x9, 0x20, 0x7, 0x0,
    0x86, 0xc4, 0x1c, 0x80, 0x40, 0x3f, 0x84, 0x5,
    0x80, 0x4b, 0x37, 0x83, 0xbf, 0x80, 0x23, 0x20,
    0x4c, 0xef, 0xf7, 0x7f, 0x71, 0x44, 0xb7, 0x40,
    0x26, 0x45, 0x8, 0xea, 0xdd, 0x3a, 0x0, 0x7f,
    0xdb, 0xd8, 0x20,

    /* U+5DDE "州" */
    0x0, 0xbc, 0xc0, 0xe, 0x40, 0x4, 0xf0, 0xc,
    0x20, 0x9, 0x60, 0x8, 0x40, 0x3e, 0x30, 0xf,
    0x18, 0x4, 0x20, 0x1f, 0x1e, 0x0, 0x13, 0x0,
    0x3, 0xc4, 0x0, 0x62, 0x0, 0x21, 0x10, 0x5,
    0x2c, 0x1, 0xac, 0x0, 0x34, 0x50, 0x4, 0xb0,
    0x81, 0x98, 0x40, 0x78, 0x80, 0x6, 0xc6, 0x13,
    0x22, 0x10, 0x55, 0x0, 0x52, 0x40, 0x42, 0x8a,
    0x1, 0xff, 0x57, 0x0, 0x7f, 0x98, 0x14, 0x3,
    0xf8, 0xe3, 0x80, 0x3f, 0x84, 0xf0, 0xc0, 0x36,
    0xa0, 0x1, 0x3c,

    /* U+5DE2 "巢" */
    0x0, 0xc8, 0x1, 0x20, 0x4, 0x20, 0x1e, 0x6b,
    0x40, 0x5b, 0x60, 0x6, 0x58, 0x6, 0x39, 0xb4,
    0x2a, 0x86, 0xb, 0x7b, 0x0, 0xc4, 0x94, 0xa4,
    0xf2, 0xc1, 0x88, 0xe0, 0x18, 0x6e, 0x48, 0x22,
    0xfc, 0x1f, 0x78, 0x3, 0x1f, 0x4c, 0xbb, 0x96,
    0xfd, 0xcd, 0x50, 0xf, 0x7f, 0xda, 0x1f, 0xf5,
    0x88, 0x7, 0xe, 0x65, 0xc3, 0x99, 0x58, 0x7,
    0x87, 0x32, 0xe1, 0xcc, 0xac, 0x3, 0x9c, 0x73,
    0x2e, 0x1c, 0xca, 0xc0, 0x39, 0x37, 0xfe, 0x91,
    0xff, 0xb3, 0xc0, 0x2e, 0xfc, 0xcd, 0x43, 0x99,
    0xdd, 0x41, 0xfe, 0xef, 0x50, 0xb1, 0xd1, 0x9e,
    0xea, 0x80, 0x41, 0x71, 0xb1, 0xc0, 0xea, 0x31,
    0x40, 0x29, 0xea, 0x4c, 0x20, 0x10, 0x5c, 0x1a,
    0xf8, 0x3, 0x7d, 0x91, 0x1, 0x0, 0x8f, 0x69,
    0x68,

    /* U+5DE5 "工" */
    0x3, 0xfe, 0xef, 0xef, 0xb0, 0x8, 0xaf, 0x77,
    0xb, 0xee, 0xd7, 0x0, 0x10, 0xa1, 0x9e, 0x1e,
    0x33, 0x90, 0xc0, 0x3f, 0xff, 0xe0, 0x1f, 0xfe,
    0xb7, 0xee, 0xf0, 0xc7, 0x77, 0x79, 0x2e, 0xef,
    0xb3, 0x1b, 0xbd, 0x64,

    /* U+5DE6 "左" */
    0x0, 0xf0, 0x80, 0x7f, 0xf0, 0xef, 0x40, 0x3f,
    0xf8, 0x42, 0xe0, 0x1f, 0xe4, 0x32, 0x23, 0x19,
    0x17, 0x19, 0x80, 0x3, 0x5b, 0x98, 0x27, 0xcc,
    0xed, 0xf0, 0x0, 0xf7, 0x56, 0x1d, 0xdf, 0x60,
    0x7, 0xbd, 0x40, 0x3f, 0xf8, 0x22, 0xb2, 0x1,
    0xff, 0xc1, 0x90, 0xcf, 0xff, 0x58, 0x7, 0x13,
    0xd6, 0xe9, 0x8b, 0x75, 0x92, 0x1, 0xdc, 0xca,
    0x44, 0x10, 0x22, 0x19, 0x0, 0x6a, 0x19, 0x0,
    0xff, 0xe0, 0x5a, 0x78, 0x7, 0xff, 0x7, 0x74,
    0x6, 0x78, 0x40, 0xcf, 0x80, 0xc, 0x71, 0x99,
    0x98, 0xb3, 0x38, 0x40,

    /* U+5DE7 "巧" */
    0x0, 0xff, 0xe2, 0xaa, 0x24, 0xb1, 0xff, 0xf8,
    0x45, 0x54, 0xba, 0xbd, 0xf7, 0x2f, 0xfd, 0xc2,
    0x2f, 0xe1, 0xbe, 0x50, 0x27, 0x0, 0xc2, 0x1,
    0xfc, 0xfa, 0x1, 0xff, 0xc2, 0x2f, 0x44, 0xc6,
    0x1, 0xf9, 0x5, 0xaa, 0xab, 0x80, 0xf, 0xc9,
    0xdd, 0xc8, 0x20, 0x1f, 0xfc, 0x26, 0x20, 0xe,
    0x27, 0xb0, 0xf, 0x1f, 0x80, 0xb5, 0xc, 0x66,
    0x80, 0x78, 0x44, 0x5, 0x21, 0x5f, 0x6c, 0x1,
    0xc2, 0x4, 0x7, 0xd4, 0xa0, 0x1e, 0x13, 0xb0,
    0x60, 0x0, 0x80, 0x7c, 0x7d, 0x8a, 0xe4, 0x1,
    0xfe, 0x39, 0xbf, 0x80, 0x0,

    /* U+5DF2 "已" */
    0x0, 0xff, 0xe1, 0x3f, 0xff, 0xfc, 0x0, 0x6c,
    0xdd, 0xfd, 0x20, 0x10, 0x99, 0x17, 0xf0, 0x6,
    0xa6, 0x0, 0xff, 0xe0, 0x27, 0x0, 0x7f, 0xf0,
    0xd, 0xff, 0xfe, 0xb0, 0xe, 0x7e, 0xef, 0xa8,
    0x4, 0x2, 0xf1, 0x1f, 0x97, 0x84, 0x3, 0xff,
    0x80, 0x20, 0x1f, 0xfc, 0x26, 0x20, 0xf, 0xfe,
    0x4, 0x48, 0xd, 0x22, 0x7e, 0x81, 0xd0, 0x80,
    0xab, 0xbf, 0x99, 0x58,

    /* U+5DF4 "巴" */
    0xee, 0xff, 0x90, 0x2, 0x8c, 0xc8, 0x23, 0x32,
    0x0, 0xe3, 0x22, 0x80, 0x8b, 0x0, 0x7f, 0xf5,
    0x4c, 0x46, 0x1, 0x1c, 0x1, 0xd3, 0xdd, 0xd,
    0x77, 0x42, 0x1, 0xab, 0xff, 0xf3, 0xb8, 0x3,
    0xff, 0x81, 0x6, 0x1, 0xff, 0xc1, 0x20, 0xf,
    0xfe, 0xd, 0x78, 0x1e, 0x0, 0x7f, 0x2a, 0x82,
    0x5f, 0xff, 0xf8, 0x20, 0x13, 0xbf, 0xbb, 0xef,
    0xd2, 0x0,

    /* U+5DFE "巾" */
    0x0, 0xf4, 0x78, 0x7, 0xff, 0x3, 0xc4, 0x3,
    0xff, 0x93, 0xff, 0xd0, 0x3f, 0xfd, 0x0, 0x7,
    0xdd, 0x9c, 0x77, 0x70, 0x6, 0xe2, 0x2b, 0xc0,
    0x8b, 0x7, 0x80, 0x7f, 0xfd, 0x46, 0x28, 0x8,
    0x10, 0x80, 0x3c, 0x2a, 0xd0, 0xa1, 0x68, 0x1,
    0x84, 0x1, 0xb8, 0xe0, 0x1f, 0x78, 0x7, 0xc0,

    /* U+5E02 "市" */
    0x0, 0xf0, 0xe1, 0x0, 0x7f, 0xf0, 0x45, 0xf8,
    0x3, 0xf2, 0xa2, 0x77, 0x3a, 0x27, 0x28, 0xd,
    0xd4, 0xce, 0xb4, 0x99, 0xd5, 0x64, 0x3d, 0xcd,
    0xdd, 0x3, 0xbb, 0xbb, 0x84, 0x0, 0x12, 0x2c,
    0x20, 0x45, 0x84, 0x3, 0x3e, 0xee, 0x81, 0xdd,
    0xce, 0x1, 0xc3, 0xff, 0x48, 0xff, 0xc2, 0x1,
    0xff, 0xf1, 0x46, 0x13, 0x0, 0xff, 0xe0, 0x14,
    0xa2, 0x80, 0x66, 0xf0, 0xf, 0x37, 0xd8, 0x7,
    0x84, 0x3, 0x8, 0x7, 0xc0,

    /* U+5E03 "布" */
    0x0, 0xf9, 0x0, 0x3f, 0xf8, 0x4b, 0x66, 0x1,
    0xff, 0xc1, 0x94, 0x30, 0xf, 0xdb, 0x99, 0x8d,
    0xb3, 0x3d, 0xa0, 0x8, 0x98, 0x81, 0x24, 0xd4,
    0xc4, 0x69, 0x0, 0x2a, 0x90, 0x86, 0x92, 0xcd,
    0x13, 0x80, 0x31, 0x4d, 0x8, 0x7, 0xfc, 0x3e,
    0x17, 0xdc, 0x29, 0xee, 0xa8, 0x2, 0x2f, 0x10,
    0xbc, 0xc1, 0x46, 0x61, 0xc4, 0x0, 0x7a, 0x58,
    0x2, 0x44, 0x1, 0x22, 0x8, 0x4, 0x75, 0x80,
    0x1f, 0xfc, 0x25, 0x0, 0xff, 0x84, 0x3, 0xff,
    0x80, 0x54, 0xc6, 0x1, 0xe3, 0x70, 0xc, 0x4c,
    0xf0, 0x1, 0xec, 0x30, 0xe, 0xc9, 0x10, 0xf,
    0xfe, 0x30,

    /* U+5E05 "帅" */
    0x0, 0xd0, 0xa0, 0x1b, 0x60, 0x3, 0x8, 0x1,
    0x70, 0x3, 0x8, 0x7, 0x7a, 0x80, 0x88, 0x3,
    0x38, 0x7, 0xfd, 0xbf, 0xe4, 0x7f, 0xf7, 0x1,
    0x80, 0x4, 0x0, 0x75, 0xe8, 0xff, 0x62, 0x1,
    0xf1, 0x80, 0x78, 0x40, 0x3b, 0xc0, 0x3f, 0xf8,
    0x26, 0x20, 0x1f, 0xfc, 0x11, 0x20, 0xf, 0xf1,
    0x82, 0x2, 0x80, 0x7c, 0x20, 0x3, 0xe, 0x31,
    0x3, 0x0, 0xd7, 0x48, 0x1a, 0xcb, 0x0, 0x1f,
    0x45, 0xd0, 0x17, 0x32, 0x0, 0x39, 0x41, 0xc0,
    0xd0, 0x1, 0xd, 0x20, 0x1f, 0x8, 0x6, 0xab,
    0x0, 0xfb, 0x24, 0x2,

    /* U+5E08 "师" */
    0x0, 0xd8, 0x80, 0x1f, 0xe1, 0x0, 0x18, 0x5f,
    0xff, 0xd8, 0x1e, 0xc0, 0x7, 0xbf, 0xf8, 0x37,
    0xfd, 0x80, 0x66, 0x0, 0xff, 0xe3, 0x1c, 0xca,
    0x82, 0x26, 0x46, 0x1, 0xe7, 0x6f, 0xc0, 0xdf,
    0x76, 0x0, 0xf8, 0x59, 0x80, 0xac, 0x2, 0x1,
    0xff, 0xc8, 0x10, 0xf, 0xfe, 0x1, 0x81, 0x0,
    0x7f, 0xf0, 0x2d, 0x0, 0x3e, 0x30, 0xb, 0x59,
    0xfc, 0x3, 0xed, 0x24, 0x3, 0xd7, 0x40, 0x5b,
    0x1, 0x0, 0x76, 0x1, 0x6c, 0xc0, 0x0, 0x54,
    0x3, 0xe2, 0xe7, 0x0, 0xf0, 0xf9, 0x0, 0x40,

    /* U+5E0C "希" */
    0x0, 0xff, 0xe3, 0xa5, 0x20, 0x6, 0x9b, 0x10,
    0xf, 0x31, 0x4f, 0x43, 0x72, 0x70, 0x80, 0x78,
    0xa3, 0x1d, 0xd2, 0x1c, 0xa0, 0x1e, 0x15, 0xae,
    0x2b, 0xe6, 0xcd, 0x50, 0xe, 0x7b, 0x2d, 0x2c,
    0x18, 0xe4, 0xa6, 0x0, 0xa, 0x95, 0x63, 0xb0,
    0x22, 0x17, 0x64, 0x94, 0x4e, 0x7f, 0xea, 0x23,
    0xa8, 0xff, 0x6f, 0xc9, 0x13, 0x2e, 0xc2, 0xbb,
    0x63, 0xf7, 0x7b, 0xc, 0x0, 0x58, 0xa9, 0xdc,
    0xd, 0xee, 0xa0, 0x0, 0x31, 0xb6, 0x15, 0xfe,
    0xa, 0xff, 0x20, 0x80, 0x4, 0xb1, 0xc1, 0xc4,
    0x40, 0xe2, 0x20, 0xe, 0xa3, 0x0, 0xff, 0x8,
    0x7, 0xff, 0x0, 0x71, 0x7c, 0x3, 0xd2, 0x40,
    0x18, 0x6e, 0x9c, 0x3, 0xcc, 0x20, 0x1c, 0xea,
    0x1, 0x0,

    /* U+5E15 "帕" */
    0x0, 0xff, 0xe2, 0x64, 0x0, 0x74, 0x70, 0x7,
    0x3f, 0x80, 0x71, 0xa0, 0x7, 0x84, 0x2, 0x44,
    0x8d, 0x12, 0xff, 0x24, 0xff, 0x82, 0xfd, 0xb,
    0xfd, 0x61, 0x89, 0x38, 0x1, 0x55, 0xdd, 0x22,
    0x1, 0xff, 0xd8, 0xef, 0xfb, 0x40, 0x3f, 0xbb,
    0xfe, 0xd0, 0xf, 0xfe, 0x30, 0xf1, 0x0, 0x7f,
    0xc3, 0xfa, 0x0, 0xab, 0xbb, 0x83, 0x4c, 0x4,
    0x80, 0x2f, 0x88, 0xa4, 0x8, 0x1c, 0x3, 0x94,
    0xce, 0x71, 0x0, 0x63, 0x80, 0x5a, 0x20, 0x11,
    0x78,

    /* U+5E18 "帘" */
    0x0, 0xff, 0xe4, 0x64, 0x80, 0x7c, 0x23, 0xd6,
    0x82, 0x3c, 0xb, 0xdd, 0xd0, 0x5d, 0xdc, 0xe0,
    0xf, 0xf5, 0xd7, 0xfd, 0x7f, 0xe2, 0x6, 0x60,
    0x45, 0xf8, 0x92, 0x5d, 0x8a, 0x10, 0xff, 0x96,
    0xe9, 0x35, 0x38, 0x77, 0x8, 0x6e, 0x35, 0x0,
    0x44, 0x3, 0x56, 0x86, 0x3b, 0x3f, 0xf5, 0x8f,
    0xfd, 0x72, 0x40, 0x15, 0x77, 0x28, 0x7b, 0xa0,
    0xf, 0x8, 0xe0, 0x11, 0x80, 0x3f, 0xf9, 0xc6,
    0xe0, 0xc0, 0x10, 0xb8, 0x7, 0x2c, 0xc1, 0x0,
    0x5c, 0x60, 0x1c, 0xdc, 0xe0, 0x1f, 0x84, 0x40,
    0x1e,

    /* U+5E26 "带" */
    0x0, 0xbc, 0x83, 0x1c, 0x7, 0xc0, 0x22, 0x11,
    0x0, 0x88, 0x3c, 0x48, 0x4, 0x45, 0xbd, 0xc0,
    0xce, 0x37, 0xec, 0xe, 0xe6, 0x7f, 0xc1, 0xbe,
    0x71, 0xfa, 0x1f, 0xee, 0x0, 0x90, 0xc2, 0xcc,
    0xd, 0x80, 0x2d, 0xff, 0x27, 0x7c, 0x5f, 0xf3,
    0x7f, 0xb4, 0x27, 0xbb, 0x35, 0x77, 0x6a, 0x1,
    0x21, 0x1c, 0xe6, 0x23, 0x98, 0x71, 0x7b, 0xb0,
    0xcf, 0x76, 0x2c, 0x0, 0xd, 0xe6, 0x6, 0x33,
    0x16, 0x22, 0x0, 0xcc, 0x44, 0x31, 0x22, 0x8,
    0x7, 0xff, 0x2c, 0xc0, 0x17, 0x46, 0x1, 0xf,
    0x18, 0x4, 0x21, 0xf5, 0x80, 0x0,

    /* U+5E2E "帮" */
    0x0, 0xff, 0xe3, 0xae, 0x80, 0x7f, 0xc4, 0x50,
    0x11, 0x5, 0x3f, 0xf2, 0x81, 0xf4, 0xd9, 0x4f,
    0x33, 0x8f, 0xc9, 0xa8, 0x1f, 0x4d, 0x14, 0xfb,
    0x0, 0x57, 0xe0, 0x14, 0xca, 0xce, 0x7c, 0x80,
    0x2, 0x25, 0x0, 0xd, 0x51, 0x55, 0x5a, 0x40,
    0x1, 0xca, 0x40, 0xdd, 0x9d, 0xb7, 0x50, 0x1,
    0x94, 0xc3, 0x30, 0x85, 0xb9, 0x88, 0x0, 0x1f,
    0x93, 0x1, 0xdb, 0x78, 0x2, 0x28, 0x1c, 0xf6,
    0xc4, 0x28, 0x8f, 0x7f, 0xce, 0x98, 0xdf, 0xa8,
    0x0, 0x99, 0xd, 0x7f, 0xa1, 0x7f, 0xe1, 0x70,
    0xf, 0xfe, 0x38, 0x80, 0x78, 0x64, 0x44, 0x1,
    0x95, 0x80, 0x38, 0x4e, 0x88, 0x3, 0x41, 0x80,
    0x3c, 0x40, 0x14, 0xa0, 0x0,

    /* U+5E38 "常" */
    0x0, 0x38, 0x5, 0xca, 0x0, 0x72, 0x0, 0xd5,
    0x0, 0x1c, 0x50, 0x20, 0x1a, 0x8, 0x0, 0x60,
    0x8, 0x53, 0x0, 0x7f, 0xa9, 0x7f, 0xc5, 0x5e,
    0xaa, 0xff, 0x28, 0xdf, 0xff, 0xf8, 0x40, 0x2e,
    0xff, 0xfc, 0x64, 0x3c, 0x81, 0x7f, 0xfe, 0x10,
    0xc4, 0x0, 0xab, 0xbb, 0xc2, 0x1, 0xdf, 0xf8,
    0xe3, 0xfd, 0xc6, 0x1, 0x22, 0xae, 0x3e, 0x55,
    0x90, 0x40, 0x15, 0xff, 0x85, 0x3f, 0xea, 0x70,
    0xa, 0xae, 0xe2, 0x9b, 0xb9, 0x0, 0x3f, 0xe1,
    0x26, 0x30, 0x1, 0x0, 0x63, 0x0, 0x46, 0x82,
    0x0, 0x30, 0x40, 0x3d, 0x3f, 0x82, 0x0,

    /* U+5E3D "帽" */
    0x0, 0x72, 0x80, 0x7f, 0xf0, 0x4d, 0x80, 0x13,
    0xfd, 0xdd, 0xea, 0x22, 0x7, 0x11, 0x9f, 0x2e,
    0xee, 0x11, 0x75, 0x97, 0xd7, 0x0, 0x46, 0x70,
    0x6, 0x82, 0x89, 0x10, 0x3, 0x6e, 0xc0, 0x1f,
    0xdd, 0xa9, 0x55, 0x2, 0x38, 0x7, 0x9b, 0xea,
    0xee, 0xa3, 0x30, 0x7, 0xcb, 0xd1, 0x16, 0x20,
    0x7, 0xf7, 0x5d, 0xda, 0x1, 0xe1, 0x0, 0xba,
    0xee, 0xd0, 0xe, 0x5c, 0x40, 0x6, 0xd5, 0x58,
    0x0, 0xc2, 0x5, 0xba, 0x0, 0x65, 0xdd, 0xa0,
    0x3, 0x3, 0x4, 0x0, 0xbe, 0xaa, 0xc0, 0xf,
    0xf7, 0x5d, 0xda, 0x60,

    /* U+5E72 "干" */
    0x0, 0xff, 0xe2, 0xf7, 0xff, 0xfa, 0x0, 0x2d,
    0xcd, 0xd8, 0x9f, 0x76, 0xc9, 0x0, 0x8c, 0xc4,
    0x50, 0x79, 0x14, 0x62, 0x1, 0xff, 0xd4, 0x32,
    0x2e, 0xf, 0x22, 0xf1, 0xe6, 0xef, 0x13, 0xee,
    0xf7, 0x1f, 0xff, 0x8a, 0x3f, 0xfb, 0x0, 0x3f,
    0xff, 0xe0, 0x1f, 0x1f, 0x80, 0x78,

    /* U+5E74 "年" */
    0x0, 0xe1, 0x0, 0xff, 0xe1, 0x37, 0x18, 0x7,
    0xff, 0x6, 0xd4, 0xc0, 0x3f, 0xf8, 0xe, 0x4b,
    0xff, 0xf9, 0x0, 0x22, 0x88, 0x7f, 0xc5, 0x3f,
    0xf9, 0x0, 0x2e, 0x27, 0x0, 0xff, 0xe0, 0x51,
    0xf0, 0x8e, 0x1, 0x18, 0x84, 0x2, 0xba, 0x6e,
    0xcc, 0x8a, 0x73, 0x29, 0x0, 0x85, 0x44, 0x5b,
    0xb1, 0x46, 0xeb, 0xa0, 0x3, 0xff, 0x8e, 0x86,
    0x42, 0x67, 0xb8, 0xcf, 0x20, 0x14, 0x7e, 0xa4,
    0x44, 0x2b, 0x11, 0xc2, 0x59, 0x8b, 0xbe, 0x2b,
    0xbe, 0xc1, 0x0, 0xff, 0xe6, 0x18, 0x7, 0xff,
    0x2c,

    /* U+5E78 "幸" */
    0x0, 0xf9, 0xbc, 0x3, 0xf8, 0x4c, 0x8a, 0x10,
    0x22, 0x8c, 0xc0, 0x19, 0x37, 0x32, 0x90, 0xcc,
    0xb7, 0x0, 0x32, 0xf7, 0x6b, 0x1e, 0xed, 0xe0,
    0x12, 0x19, 0xf1, 0x9, 0x9f, 0x84, 0x53, 0xff,
    0x77, 0xd9, 0xff, 0xf7, 0x28, 0xee, 0x63, 0x4e,
    0x33, 0x1c, 0x5f, 0x98, 0xd4, 0x0, 0x88, 0x18,
    0xc4, 0x50, 0xa4, 0x24, 0x1, 0x97, 0x79, 0xe3,
    0xb8, 0xa9, 0xdc, 0xc0, 0xc, 0xbf, 0xfa, 0x87,
    0xff, 0x70, 0x4, 0x22, 0x0, 0xff, 0x84, 0x1,
    0xfe, 0xee, 0xd6, 0x3d, 0xdd, 0xea, 0x1d, 0xde,
    0xb1, 0xee, 0xf2, 0x80, 0x7c, 0x62, 0x1, 0xff,
    0xcb,

    /* U+5E84 "庄" */
    0x0, 0xff, 0xe5, 0x1f, 0x98, 0x7, 0xe2, 0x2c,
    0x21, 0x64, 0x5c, 0x0, 0x7d, 0xde, 0x7, 0xdd,
    0xdc, 0x1, 0x17, 0xfe, 0xeb, 0xff, 0xd8, 0x1,
    0xf9, 0x6c, 0x40, 0x3f, 0xf8, 0x42, 0x1, 0xfc,
    0x64, 0x50, 0x11, 0x46, 0x1, 0x84, 0x59, 0xba,
    0x90, 0xdd, 0xb0, 0x80, 0x1e, 0xe3, 0xff, 0x58,
    0x7f, 0xe2, 0x0, 0x9, 0x0, 0x7f, 0xf0, 0x57,
    0x80, 0x3f, 0xf8, 0x2, 0x66, 0x0, 0xff, 0xe0,
    0x38, 0xb2, 0xae, 0xc0, 0x55, 0xcc, 0x16, 0xee,
    0xb8, 0x89, 0x4a, 0x23, 0x85, 0x2d, 0x7b, 0x77,
    0xfb, 0x80,

    /* U+5E86 "庆" */
    0x0, 0xfc, 0x20, 0x1f, 0xfc, 0x22, 0xe3, 0x0,
    0xfe, 0x11, 0xc6, 0x52, 0x23, 0xc0, 0x13, 0xf7,
    0x71, 0x2f, 0x76, 0xb0, 0xc, 0x7f, 0xfb, 0x2b,
    0xff, 0x50, 0x7, 0xf2, 0xc0, 0x7, 0xf3, 0x80,
    0x70, 0x80, 0x7f, 0x9f, 0xb7, 0x50, 0x7b, 0xb9,
    0x80, 0x2f, 0x16, 0xdf, 0xf2, 0x85, 0xff, 0xce,
    0x1, 0x9, 0x89, 0x91, 0x10, 0xf4, 0x8a, 0x10,
    0x9, 0x7c, 0x2, 0x72, 0xe4, 0x30, 0xf, 0x1a,
    0x80, 0xa, 0x20, 0x4d, 0xc0, 0x1c, 0xa0, 0x60,
    0x58, 0x8a, 0x12, 0x18, 0x20, 0x14, 0x30, 0x26,
    0x15, 0x0, 0x58, 0x3e, 0xa0, 0x66, 0x83, 0xb5,
    0xc1, 0x0, 0x87, 0x5e, 0x4, 0xf8, 0x4f, 0x6c,
    0x3, 0xe9, 0xd1,

    /* U+5E8A "床" */
    0x0, 0xff, 0xe5, 0x64, 0x0, 0x7e, 0x12, 0x2c,
    0xac, 0x45, 0xc0, 0x17, 0xee, 0xe6, 0x1d, 0xdd,
    0xe0, 0x1a, 0x7f, 0xf3, 0xdf, 0xfd, 0xa0, 0x11,
    0x80, 0x72, 0x98, 0x7, 0xf0, 0x8e, 0x0, 0x8,
    0xe0, 0xe, 0xee, 0xc5, 0x1d, 0xd8, 0x2, 0x33,
    0x7f, 0xc2, 0x0, 0xdf, 0xf8, 0x3, 0x8, 0x1,
    0x40, 0x86, 0x40, 0x3c, 0x2e, 0x0, 0x88, 0x4,
    0xac, 0x0, 0x62, 0x2, 0x9, 0x16, 0x1, 0xa7,
    0x70, 0x4, 0xe2, 0x26, 0x67, 0x0, 0x49, 0x31,
    0x64, 0x1e, 0x8b, 0x34, 0x40, 0x19, 0xad, 0x1c,
    0x97, 0x96, 0x94, 0x3, 0xc9, 0xca, 0xa, 0x80,
    0xa0, 0x1f, 0x84, 0x0,

    /* U+5E8F "序" */
    0x0, 0xfd, 0x8e, 0x1, 0xf0, 0x8f, 0x82, 0xc4,
    0x71, 0x0, 0x3f, 0xd9, 0x98, 0x45, 0x99, 0x7f,
    0x80, 0x29, 0xdf, 0xcc, 0xfb, 0xb4, 0x0, 0x60,
    0x39, 0xff, 0xdd, 0xc8, 0x0, 0xc2, 0x2e, 0xe6,
    0x5f, 0x48, 0x34, 0x80, 0x46, 0x1, 0x92, 0xb6,
    0xf2, 0x44, 0x3, 0x18, 0x4, 0xd4, 0x54, 0x60,
    0x1c, 0x2d, 0x9f, 0xf5, 0x4, 0xff, 0xd6, 0x4,
    0x5, 0x9f, 0xf8, 0x37, 0xf8, 0x38, 0x10, 0x4,
    0x3, 0xf0, 0xd2, 0x85, 0x20, 0x7, 0xf9, 0x40,
    0xcd, 0xc0, 0x18, 0xd4, 0x3, 0xc7, 0x4a, 0x1,
    0xbe, 0xd4, 0x80, 0x30,

    /* U+5E93 "库" */
    0x0, 0xff, 0xe5, 0xa7, 0x0, 0x7f, 0xf0, 0x98,
    0x58, 0x3, 0x8, 0x5, 0xbd, 0xdb, 0x6, 0x3b,
    0xb8, 0x3, 0x5f, 0x75, 0x49, 0xdd, 0xde, 0x1,
    0xc2, 0x0, 0xf0, 0xe, 0x10, 0xe, 0x3f, 0xef,
    0x44, 0x77, 0x6f, 0x40, 0xc, 0x7d, 0xc3, 0x8e,
    0x8f, 0xee, 0x90, 0x3, 0x8, 0x43, 0xb8, 0x64,
    0xc0, 0x3e, 0x37, 0x47, 0x4f, 0xe0, 0xdf, 0xf6,
    0x0, 0x61, 0x12, 0x67, 0x7f, 0x6, 0xff, 0xb4,
    0x2, 0x20, 0x1, 0x10, 0x4, 0xc0, 0x46, 0x2,
    0x0, 0x30, 0xd6, 0x7f, 0xd8, 0x1b, 0xff, 0x68,
    0x3, 0x56, 0x3b, 0xb7, 0x86, 0x77, 0x5e, 0x2,
    0xd8, 0x1, 0xff, 0xc2, 0x46, 0x0, 0xff, 0xe0,
    0x80,

    /* U+5E94 "应" */
    0x0, 0xff, 0xe5, 0x1f, 0x90, 0x7, 0xff, 0x0,
    0xc2, 0x80, 0x3e, 0x6f, 0xfe, 0x7, 0xff, 0xd6,
    0x1, 0x1f, 0xff, 0xfa, 0xc0, 0x3e, 0x13, 0x0,
    0x84, 0x3, 0x9c, 0x2, 0x6e, 0x0, 0xa7, 0x80,
    0x39, 0x68, 0x1c, 0xd8, 0x0, 0x88, 0x0, 0x84,
    0x4e, 0xa6, 0x13, 0x60, 0x27, 0x20, 0x17, 0x99,
    0x37, 0x83, 0x12, 0xb9, 0x18, 0x4, 0x7c, 0x10,
    0x68, 0x36, 0xb5, 0x40, 0xc, 0xc4, 0x2, 0xd8,
    0x8, 0x66, 0x60, 0x8, 0x88, 0xe0, 0x9, 0x80,
    0x5, 0x28, 0x80, 0x4a, 0x26, 0xca, 0xbc, 0xc6,
    0xab, 0x4, 0xb2, 0xc4, 0x78, 0x92, 0x21, 0x21,
    0x12, 0x9d, 0xbb, 0xfd, 0x80,

    /* U+5E97 "店" */
    0x0, 0xff, 0xe4, 0x3e, 0x0, 0x7e, 0x11, 0xc4,
    0x68, 0x23, 0x10, 0x1, 0xfb, 0xfe, 0xb1, 0xaf,
    0xfb, 0x10, 0x4, 0xbb, 0xb1, 0x47, 0x76, 0x40,
    0xf, 0x88, 0x3, 0xff, 0x82, 0x73, 0xff, 0x9c,
    0x0, 0x20, 0x1d, 0x1d, 0xd6, 0xb0, 0x8, 0x7,
    0x84, 0x71, 0x8, 0x7b, 0x96, 0xec, 0x51, 0xbb,
    0x60, 0x0, 0x48, 0xa, 0x7b, 0x37, 0xb8, 0xa4,
    0x0, 0x5e, 0x30, 0x43, 0x3e, 0xe3, 0x1, 0x33,
    0x0, 0x7f, 0xcc, 0x8, 0x0, 0xff, 0xf4, 0x98,
    0x7b, 0x1, 0x87, 0x7f, 0xf4, 0x80, 0x22, 0x40,
    0xb8, 0x40, 0x39, 0xb8, 0x0,

    /* U+5EA6 "度" */
    0x0, 0xf9, 0x2c, 0x3, 0xf8, 0x47, 0x81, 0x14,
    0x46, 0x20, 0xd, 0xbd, 0xff, 0x50, 0xdf, 0xfd,
    0x86, 0x1, 0xa7, 0xb8, 0xd5, 0xdc, 0xd4, 0xee,
    0x18, 0x7, 0x8, 0x29, 0x0, 0x1d, 0x40, 0x40,
    0x3d, 0xfc, 0x51, 0xdc, 0xa0, 0xef, 0x40, 0xe,
    0xee, 0x14, 0x77, 0x28, 0x3b, 0x88, 0x1, 0x9,
    0x80, 0x57, 0x74, 0x0, 0x7c, 0x62, 0x3, 0x32,
    0xff, 0x45, 0x80, 0x78, 0x5a, 0x7e, 0xea, 0xb5,
    0xc8, 0x6, 0x20, 0x29, 0xe6, 0x4e, 0xe4, 0xc,
    0x80, 0x64, 0x20, 0xa, 0x5e, 0x16, 0x34, 0x3,
    0xb5, 0x40, 0x34, 0xbd, 0x49, 0x80, 0x62, 0x4a,
    0x46, 0x9d, 0x97, 0x75, 0x7e, 0x5c, 0x81, 0x61,
    0x6, 0x7f, 0x6c, 0x43, 0x75, 0x27, 0xc0,

    /* U+5EB7 "康" */
    0x0, 0xf8, 0x50, 0x3, 0xff, 0x84, 0x96, 0x20,
    0x1f, 0x9b, 0x33, 0x40, 0x66, 0x6d, 0x50, 0x8,
    0x45, 0xbb, 0x60, 0xc6, 0xed, 0xea, 0x1, 0x8,
    0x80, 0xce, 0x3, 0x3c, 0x40, 0x1e, 0x5f, 0xee,
    0xd, 0xf7, 0x35, 0x40, 0x3c, 0xff, 0xdc, 0x1b,
    0xee, 0x9, 0x10, 0x3, 0xf, 0x76, 0x1b, 0xee,
    0xd, 0x48, 0x4, 0x2d, 0x9d, 0xd0, 0xdf, 0x70,
    0x62, 0xc0, 0x2f, 0x14, 0xe9, 0x90, 0xcc, 0xca,
    0x20, 0x18, 0x8f, 0x62, 0xec, 0x21, 0x17, 0x8e,
    0x1, 0x9f, 0xfa, 0xd1, 0xc5, 0xb9, 0xa4, 0x3,
    0x11, 0x11, 0xaa, 0x2c, 0x35, 0xa7, 0x4c, 0x2,
    0x83, 0x24, 0xb5, 0xc1, 0xb, 0x3e, 0x40, 0x2,
    0x2c, 0xd, 0x46, 0xb0, 0xb8, 0x63, 0xdd, 0x81,
    0x25, 0x7, 0xd8, 0xed, 0xcc, 0x1, 0x57, 0x0,

    /* U+5EFA "建" */
    0x0, 0xfe, 0xf3, 0x0, 0xf4, 0xe6, 0x2c, 0x2f,
    0xb8, 0x1b, 0xdc, 0x50, 0xa, 0xfd, 0x8c, 0x2f,
    0xb8, 0x3b, 0xc6, 0x20, 0x11, 0x1a, 0x53, 0xf6,
    0xe8, 0x77, 0x45, 0x58, 0x1, 0x2a, 0x89, 0xb3,
    0x21, 0xac, 0x2b, 0xd0, 0x0, 0xc1, 0x28, 0x55,
    0x43, 0x14, 0x40, 0x20, 0x7, 0x24, 0xa3, 0xa8,
    0x80, 0x54, 0x62, 0x0, 0x4d, 0xfe, 0x2, 0x1,
    0x18, 0xc4, 0x60, 0x9, 0x91, 0xc8, 0x3f, 0xdc,
    0x31, 0xde, 0x60, 0x1a, 0x71, 0x7, 0xf3, 0x46,
    0x77, 0x4, 0x2, 0x61, 0x6d, 0x7c, 0xff, 0xd,
    0x7f, 0xb1, 0x0, 0x24, 0xd, 0x6e, 0xe8, 0x77,
    0xba, 0x40, 0x3, 0x3d, 0x17, 0xd3, 0x20, 0x31,
    0x10, 0xcc, 0x5, 0x16, 0xb7, 0x85, 0xb2, 0x15,
    0xba, 0xc8, 0x2, 0xe4, 0x0, 0x1c, 0x5e, 0xf7,
    0xfe, 0xb0,

    /* U+5F00 "开" */
    0x0, 0xff, 0xe3, 0x77, 0xff, 0xfc, 0xc0, 0x16,
    0x6e, 0xa0, 0x77, 0x60, 0x8d, 0xd3, 0x80, 0x44,
    0x50, 0x81, 0x14, 0x4, 0x50, 0x80, 0x7f, 0xf5,
    0x95, 0x12, 0xe1, 0x44, 0x83, 0x51, 0xa, 0x21,
    0x73, 0x28, 0x60, 0x88, 0x81, 0x62, 0x60, 0x83,
    0xb7, 0x58, 0xe9, 0x99, 0x4, 0x66, 0xe8, 0xc0,
    0x39, 0xf0, 0x3, 0xff, 0x82, 0xe2, 0xa0, 0x1f,
    0xfc, 0x4, 0x87, 0x20, 0xf, 0xf0, 0xc5, 0xac,
    0x0, 0x71, 0x80, 0x71, 0x99, 0xe8, 0x3, 0xfe,

    /* U+5F0F "式" */
    0x0, 0xfc, 0x20, 0x1f, 0xfc, 0x21, 0xe7, 0x18,
    0x0, 0xff, 0x84, 0x4, 0xda, 0xc0, 0x3f, 0xf8,
    0x2, 0x5a, 0x60, 0x12, 0x7f, 0xfc, 0x11, 0xf8,
    0xfe, 0xc0, 0xb9, 0xbb, 0xe3, 0x5d, 0xdb, 0x1c,
    0x4, 0xc8, 0xbc, 0xa2, 0x45, 0x18, 0x80, 0x4,
    0xcf, 0xde, 0xa0, 0x1f, 0x3f, 0x73, 0x37, 0x52,
    0xa2, 0x20, 0xf, 0x36, 0xe8, 0x6f, 0xa8, 0xc5,
    0xc0, 0x3f, 0xf8, 0x49, 0xa0, 0x1f, 0xfc, 0x2f,
    0x42, 0x0, 0xfe, 0xd8, 0xc4, 0x52, 0x80, 0x6a,
    0x10, 0x69, 0xc1, 0x40, 0x95, 0x9, 0x57, 0xe5,
    0x10, 0xd5, 0xae, 0xc8, 0x51, 0x4, 0x88, 0x3a,
    0x0, 0x2f, 0x18, 0x40, 0x3c, 0xf8, 0xf2, 0x0,

    /* U+5F15 "引" */
    0x0, 0xff, 0xe6, 0x73, 0x7, 0xff, 0x98, 0x3,
    0xdd, 0xdc, 0x20, 0x18, 0xc0, 0x2, 0x3c, 0x6,
    0x1, 0xea, 0xdd, 0xc2, 0x60, 0x1e, 0x75, 0xff,
    0xb5, 0xc0, 0x3e, 0xe2, 0x2c, 0x20, 0x1e, 0x30,
    0xf, 0xfe, 0xc, 0xff, 0xe7, 0x0, 0xf7, 0x7f,
    0xe0, 0x20, 0xf, 0xf0, 0x80, 0x80, 0x7f, 0x8c,
    0x18, 0x3, 0xfc, 0xc0, 0x40, 0x11, 0x80, 0x46,
    0xcf, 0x24, 0x1, 0xc2, 0x1, 0x4c, 0x9b, 0x80,
    0x37, 0x38, 0x0, 0xff, 0xac, 0xc0, 0x3c,

    /* U+5F1F "弟" */
    0x0, 0xe1, 0x0, 0xc6, 0x1, 0xf9, 0x3c, 0x40,
    0x5, 0x8e, 0x1, 0xf2, 0x13, 0x0, 0x2c, 0x9c,
    0x3, 0x26, 0xe6, 0xa, 0xf3, 0xc, 0x79, 0x90,
    0x1, 0x7b, 0xfd, 0xbe, 0x29, 0x9b, 0xf4, 0x60,
    0x1, 0x33, 0xe0, 0xe3, 0x38, 0x84, 0x2, 0xbc,
    0xcc, 0x57, 0x99, 0x48, 0x80, 0x49, 0x5f, 0xf1,
    0x2f, 0xfd, 0xd8, 0x1, 0x94, 0xce, 0xe, 0x33,
    0xe0, 0x0, 0x82, 0xa2, 0x41, 0xc8, 0x9c, 0x60,
    0x66, 0xa8, 0x85, 0x92, 0xc4, 0x6a, 0x80, 0x2c,
    0xca, 0xc8, 0x97, 0x99, 0x94, 0x80, 0x33, 0x47,
    0x0, 0x70, 0xaf, 0x80, 0xa, 0xa3, 0xc, 0x2,
    0x1d, 0xe1, 0x72, 0xad, 0x6c, 0x30, 0xc, 0x35,
    0x3c, 0x24, 0x15, 0x84, 0x1, 0xe7, 0x61, 0x0,

    /* U+5F20 "张" */
    0x0, 0xff, 0xe2, 0xff, 0xee, 0x5, 0xf0, 0xa,
    0xd4, 0x2, 0xee, 0x7d, 0x0, 0x4, 0x40, 0x6,
    0x55, 0x0, 0x42, 0x20, 0x10, 0xe, 0x28, 0xa0,
    0xc, 0x46, 0x70, 0x6, 0x1f, 0x64, 0x0, 0xdf,
    0xdf, 0x6a, 0x1, 0x96, 0x0, 0x38, 0xe3, 0x31,
    0x71, 0xc3, 0x21, 0x11, 0x28, 0x0, 0x40, 0x38,
    0xc3, 0xd8, 0xbf, 0xc0, 0x1a, 0xbf, 0xd9, 0x1a,
    0x2e, 0xe2, 0x77, 0x28, 0x3, 0xfe, 0x87, 0x0,
    0xd8, 0xa0, 0x1f, 0xc2, 0x1, 0x94, 0x18, 0x3,
    0xee, 0x30, 0xc, 0x71, 0x26, 0x1, 0xe5, 0xe0,
    0x0, 0xdf, 0xab, 0x62, 0x80, 0x59, 0xe6, 0x81,
    0x80, 0x3a, 0x12, 0xf0, 0x20, 0xf, 0xbe, 0x30,
    0xb9, 0xa1, 0x0, 0x46, 0x88,

    /* U+5F31 "弱" */
    0x0, 0xff, 0xe1, 0x17, 0xff, 0x1a, 0xff, 0xf1,
    0x97, 0xfe, 0x10, 0x5f, 0xfc, 0x40, 0xc, 0xee,
    0x84, 0xb, 0xbb, 0x10, 0x0, 0xeb, 0x31, 0xa6,
    0x3, 0x99, 0x69, 0x80, 0x14, 0x8a, 0x1, 0x11,
    0x16, 0x1, 0xe, 0xff, 0x8d, 0xc7, 0xff, 0x28,
    0xe6, 0xff, 0x84, 0x12, 0xbb, 0xfc, 0x42, 0xd,
    0x82, 0x1, 0xb7, 0x40, 0x13, 0x82, 0xc9, 0x30,
    0x88, 0x21, 0x55, 0x24, 0x0, 0x3e, 0xdd, 0x0,
    0x12, 0x52, 0x38, 0x45, 0x38, 0x19, 0x60, 0xd,
    0x29, 0xd7, 0x0, 0x47, 0x49, 0x10, 0xe, 0x6d,
    0x0, 0x44, 0x62, 0x20, 0xbd, 0x51, 0x0, 0xa7,
    0x8c, 0x40, 0x29, 0xea, 0x0, 0xd7, 0x98, 0x0,

    /* U+5F39 "弹" */
    0x0, 0xff, 0xe5, 0xae, 0x80, 0x12, 0x80, 0x25,
    0xff, 0xc2, 0xc, 0x4a, 0x1c, 0x1, 0x97, 0xfd,
    0xc0, 0x24, 0x2c, 0x24, 0xbe, 0x40, 0x1f, 0xb3,
    0xd6, 0x74, 0xe7, 0x48, 0x1, 0x79, 0xa0, 0x27,
    0x19, 0xc3, 0x98, 0x3, 0x0, 0x27, 0xe7, 0x88,
    0x5f, 0x68, 0xf7, 0x0, 0x38, 0x40, 0x34, 0x7d,
    0xf, 0xf8, 0x2, 0x10, 0x9b, 0xb0, 0x99, 0x85,
    0xc0, 0x44, 0x1, 0xc, 0xe9, 0xa0, 0x85, 0x7e,
    0xf, 0xf8, 0xc, 0x0, 0xcc, 0xb0, 0x7, 0x7f,
    0xb0, 0x7f, 0xe2, 0x0, 0xcc, 0x42, 0x20, 0xf,
    0x84, 0x3, 0x18, 0xc7, 0x75, 0xa3, 0xdd, 0x79,
    0x81, 0xa6, 0xbc, 0xff, 0x73, 0x47, 0xbb, 0x18,
    0x55, 0xa7, 0x0, 0x70, 0x80, 0x7a, 0xa9, 0xca,
    0x1, 0x9c, 0x3, 0xc0,

    /* U+5F3A "强" */
    0x0, 0xff, 0xe1, 0x77, 0xfc, 0xc9, 0xff, 0xe5,
    0xe, 0xff, 0x21, 0x80, 0x3f, 0xf1, 0x0, 0x7f,
    0x4c, 0xe3, 0x0, 0x5f, 0xf9, 0xd, 0x6f, 0x7d,
    0xb6, 0x90, 0x1e, 0x3f, 0xcc, 0x28, 0x85, 0x14,
    0x40, 0x80, 0x88, 0x2, 0xdf, 0xf6, 0xf, 0xfb,
    0x80, 0x18, 0xee, 0x10, 0xaf, 0xc1, 0xfa, 0x0,
    0x5e, 0x84, 0x0, 0x7f, 0x99, 0xd8, 0x4, 0x2b,
    0xf0, 0x7e, 0x80, 0x31, 0x80, 0x1f, 0x3f, 0x7,
    0xfd, 0xc0, 0x10, 0x88, 0x28, 0xc0, 0x34, 0x50,
    0x4, 0xc6, 0x0, 0x13, 0x41, 0x95, 0x51, 0xb6,
    0x52, 0xa7, 0xf6, 0xea, 0x37, 0x4d, 0xe8, 0x8b,
    0x84, 0x9d, 0xea, 0x74, 0x8, 0xd0,

    /* U+5F53 "当" */
    0x0, 0xf3, 0xf8, 0x7, 0xcb, 0xa2, 0x0, 0x11,
    0x0, 0x4d, 0xc2, 0xe, 0x54, 0x1, 0xe1, 0x85,
    0x10, 0x29, 0x46, 0x0, 0xed, 0x3a, 0x0, 0x99,
    0x48, 0x3, 0x8, 0x70, 0x80, 0xc, 0xd0, 0xc4,
    0x20, 0x47, 0xc2, 0x40, 0xc, 0xdc, 0xca, 0x43,
    0x33, 0x69, 0x7, 0xf7, 0x7f, 0x68, 0x18, 0x9,
    0x17, 0xf3, 0x80, 0x57, 0xbb, 0xfd, 0x60, 0x15,
    0x7f, 0xff, 0x60, 0x7, 0xff, 0x10, 0xff, 0xff,
    0xd8, 0x0, 0x3d, 0xd7, 0x77, 0xeb, 0x0, 0x88,
    0x82, 0x3f, 0x9c, 0xc,

    /* U+5F55 "录" */
    0x0, 0x84, 0x3, 0xff, 0x84, 0xbd, 0xff, 0xfc,
    0x20, 0x19, 0x7f, 0xff, 0x58, 0x8, 0x7, 0x67,
    0xff, 0xd6, 0x20, 0x1e, 0xde, 0xef, 0xa0, 0xc0,
    0x31, 0x10, 0x3, 0xf7, 0x89, 0x10, 0x1, 0x98,
    0xff, 0xee, 0xff, 0x31, 0x66, 0x10, 0x3b, 0x9b,
    0xdd, 0x40, 0xf7, 0x59, 0xdc, 0x40, 0x1, 0xe3,
    0x80, 0x42, 0x40, 0xba, 0xe0, 0x18, 0xf2, 0x54,
    0x44, 0x1f, 0x37, 0x2e, 0x1, 0xc7, 0x85, 0xfc,
    0x28, 0xda, 0xc0, 0x1c, 0x31, 0x98, 0xdf, 0x9,
    0x5d, 0x40, 0xd, 0x5c, 0x95, 0x66, 0x1, 0x54,
    0xde, 0xc0, 0x87, 0x56, 0x20, 0x45, 0x98, 0x1,
    0xf5, 0xd0, 0x41, 0x14, 0x3, 0x27, 0x0, 0x45,
    0x58, 0x0,

    /* U+5F62 "形" */
    0x0, 0xff, 0xe0, 0x29, 0x0, 0x51, 0xff, 0xf0,
    0x0, 0xaa, 0xc0, 0x28, 0xf0, 0xcf, 0x1c, 0xf0,
    0x7, 0x24, 0x80, 0x7f, 0xf0, 0x2c, 0x68, 0x3,
    0xff, 0x81, 0x6d, 0x82, 0x20, 0xf, 0xfa, 0x70,
    0x57, 0x88, 0x1, 0xbc, 0x1b, 0xa1, 0xde, 0x1,
    0x4a, 0x92, 0x0, 0x75, 0x5, 0x70, 0x5e, 0x92,
    0xdc, 0x30, 0x4, 0x6c, 0x8, 0x62, 0xc5, 0x35,
    0x2e, 0x1, 0xcc, 0x20, 0x1c, 0x58, 0xc1, 0x74,
    0x1, 0x62, 0x80, 0x61, 0xb3, 0xb, 0x59, 0x0,
    0x9b, 0x40, 0x3c, 0x5a, 0xd8, 0x60, 0x7, 0x6,
    0x0, 0xe7, 0xd7, 0xd2, 0x0, 0xae, 0x40, 0x25,
    0x15, 0x89, 0xa0, 0xe, 0xc7, 0x0, 0xac, 0x97,
    0xd8, 0x3, 0x80,

    /* U+5F69 "彩" */
    0x0, 0xff, 0xe3, 0x89, 0xac, 0x5d, 0x80, 0x34,
    0x90, 0x2, 0x7f, 0xb6, 0x4b, 0x34, 0x2, 0x96,
    0x70, 0x4, 0x5f, 0x44, 0xd3, 0xd1, 0x85, 0x3e,
    0x28, 0x1, 0xa0, 0x45, 0xc0, 0xa6, 0x18, 0xf8,
    0x60, 0x13, 0x1a, 0x21, 0x42, 0x20, 0x2f, 0x84,
    0x60, 0x10, 0xc3, 0x8c, 0x85, 0xb9, 0x58, 0x96,
    0x48, 0x4, 0xe6, 0x30, 0xc, 0x1, 0x16, 0x24,
    0x80, 0x37, 0xb9, 0xa1, 0xdc, 0xf3, 0x4d, 0x5b,
    0x0, 0xbb, 0x6c, 0x43, 0x75, 0x73, 0x6d, 0x60,
    0x18, 0xcd, 0x82, 0x14, 0x88, 0x8a, 0x90, 0x5a,
    0x0, 0x8d, 0xa0, 0x32, 0x18, 0x94, 0xe, 0x9c,
    0x40, 0x1c, 0xaa, 0x5, 0x89, 0x30, 0x3c, 0x4d,
    0x10, 0x93, 0xb0, 0x9, 0xe0, 0xdb, 0x16, 0xc0,
    0x6, 0xd4, 0x20, 0x19, 0x32, 0x62, 0x80, 0x23,
    0xe4, 0x0, 0xe2, 0xc, 0x70, 0xc,

    /* U+5F71 "影" */
    0x0, 0xff, 0xe0, 0x88, 0x6, 0xfe, 0xee, 0xd0,
    0xa, 0x7c, 0x40, 0x33, 0x4c, 0xc8, 0x20, 0x6,
    0x7c, 0x10, 0xd, 0xe4, 0x58, 0x0, 0xd1, 0x84,
    0x1, 0x86, 0x6e, 0xe6, 0x2, 0xac, 0x23, 0x10,
    0x0, 0xf7, 0x28, 0x3b, 0x98, 0x78, 0x43, 0xb2,
    0x9, 0xfd, 0xca, 0xe, 0xec, 0x21, 0xaf, 0x0,
    0x9c, 0xcd, 0xe9, 0xf0, 0xc5, 0x90, 0xc, 0xfd,
    0x99, 0x5, 0x97, 0xdc, 0x81, 0x80, 0x68, 0xaa,
    0x98, 0x4b, 0xdc, 0x17, 0x8, 0x1, 0xdc, 0xf1,
    0xdc, 0xd0, 0x10, 0x5a, 0xa1, 0x0, 0x35, 0xc0,
    0x2f, 0x70, 0x3, 0xd5, 0x14, 0x7, 0x19, 0xc8,
    0x7, 0xbc, 0xae, 0x71, 0x40, 0x3, 0x34, 0x78,
    0x64, 0x77, 0xa3, 0xe6, 0x1, 0x94, 0xf, 0x70,
    0x0, 0x79, 0x42, 0x1, 0x80,

    /* U+5F81 "征" */
    0x0, 0x84, 0x40, 0x1f, 0xfc, 0x28, 0xe1, 0x0,
    0xff, 0xe0, 0x1b, 0x40, 0xe6, 0xef, 0xe0, 0x0,
    0xea, 0xb8, 0x44, 0xca, 0xca, 0x26, 0x60, 0x1f,
    0x2a, 0x40, 0x44, 0x94, 0x1d, 0x12, 0x1, 0x7d,
    0x2b, 0x60, 0xf, 0xfa, 0x46, 0x45, 0x80, 0x40,
    0x3f, 0xcc, 0x94, 0xd, 0xc0, 0x12, 0x2a, 0x90,
    0x0, 0x92, 0xa, 0x6, 0x20, 0x15, 0x77, 0x30,
    0xa, 0x90, 0x3, 0xf7, 0x5d, 0xa0, 0xd, 0x20,
    0x3, 0xff, 0x82, 0x34, 0x1, 0xff, 0xd6, 0x35,
    0xd1, 0x45, 0x7, 0x44, 0x28, 0x80, 0x67, 0x84,
    0x38, 0xa3, 0x98, 0x89, 0x40, 0x32, 0x6e, 0x67,
    0xed, 0x40,

    /* U+5F85 "待" */
    0x0, 0xd8, 0x60, 0x16, 0x38, 0x7, 0xea, 0x73,
    0x0, 0xc2, 0x1, 0xf4, 0xbd, 0x6, 0x77, 0xe,
    0x7b, 0xec, 0x2, 0xa7, 0xc5, 0x2d, 0xcf, 0x38,
    0xfe, 0xa0, 0xb, 0x30, 0x35, 0x41, 0x21, 0x1,
    0x1c, 0x1, 0x31, 0x51, 0xff, 0x6e, 0x8e, 0x37,
    0x72, 0x80, 0x15, 0x50, 0xdb, 0xdf, 0xb9, 0x67,
    0xfc, 0x80, 0x74, 0x0, 0x13, 0x31, 0x16, 0x2,
    0x31, 0x2c, 0x81, 0x9, 0xff, 0xeb, 0x1f, 0xf1,
    0x12, 0x9c, 0x1, 0x1b, 0x5d, 0xd5, 0xf, 0x69,
    0x2, 0x80, 0x42, 0x14, 0xe2, 0x30, 0x9, 0x0,
    0x7c, 0x4b, 0x22, 0x1, 0xff, 0xc1, 0xb8, 0x10,
    0x10, 0xf, 0xf8, 0x5c, 0xb2, 0x88, 0x3, 0xff,
    0x80, 0x4e, 0xed, 0x0, 0x80,

    /* U+5F97 "得" */
    0x0, 0xca, 0x1, 0xff, 0xc2, 0x8a, 0x23, 0xff,
    0xf7, 0x0, 0x66, 0x7b, 0x20, 0x1d, 0xdd, 0x40,
    0x19, 0xa6, 0x90, 0x0, 0x3d, 0xda, 0x0, 0x32,
    0xd2, 0x73, 0x0, 0xe6, 0x69, 0x0, 0xc6, 0xb6,
    0xe, 0x3, 0xff, 0xac, 0xc0, 0x33, 0x2d, 0x9,
    0x7f, 0xfb, 0x44, 0x0, 0xd2, 0xa, 0x5f, 0xdd,
    0xdf, 0xd4, 0x3, 0x12, 0x0, 0x2e, 0xee, 0xf0,
    0xfb, 0x1, 0xe7, 0x2, 0xff, 0xf7, 0x7, 0x79,
    0x80, 0x62, 0xfe, 0x9f, 0xfb, 0x83, 0xbc, 0xc0,
    0x3c, 0x52, 0x80, 0x1f, 0xfc, 0x13, 0x8c, 0x3,
    0x70, 0x10, 0xf, 0xe7, 0x80, 0xf8, 0x80, 0x7,
    0xf, 0x88, 0x7, 0x67, 0x38, 0x4,

    /* U+5FAE "微" */
    0x0, 0xff, 0x84, 0x3, 0xc9, 0x40, 0x8, 0x80,
    0x5, 0xc6, 0x1, 0x86, 0xb4, 0xd7, 0xfc, 0x86,
    0x40, 0x60, 0x1b, 0x51, 0xd7, 0x0, 0x18, 0xa8,
    0x60, 0x18, 0x9a, 0x98, 0x40, 0x2f, 0xc, 0x1a,
    0xa4, 0x81, 0x51, 0x4f, 0x25, 0x54, 0x9, 0x78,
    0xfa, 0x1, 0x4c, 0x4e, 0xee, 0x20, 0x62, 0x64,
    0x0, 0x3a, 0x22, 0x77, 0x77, 0x89, 0x8, 0x80,
    0x9, 0x22, 0x13, 0xbb, 0x8d, 0x18, 0x8c, 0x0,
    0xb4, 0x40, 0xf, 0xde, 0x58, 0xc3, 0xdf, 0x0,
    0xa, 0x0, 0x4, 0x35, 0xc0, 0x7, 0x68, 0xe0,
    0x1e, 0x21, 0x0, 0x6c, 0x21, 0xa8, 0x80, 0x79,
    0x14, 0x9, 0xb1, 0xc1, 0x44, 0x3, 0x9e, 0x7c,
    0x3a, 0xba, 0xb5, 0xbd, 0x80, 0x21, 0xc, 0x40,
    0x48, 0xc, 0x28, 0x80, 0x80, 0x5a, 0x84, 0x0,
    0x1c, 0xa1, 0x0, 0x33, 0x80,

    /* U+5FB7 "德" */
    0x0, 0xfe, 0x33, 0x0, 0x7e, 0x8b, 0x0, 0xd1,
    0x40, 0x1f, 0xb, 0xeb, 0xe6, 0x48, 0x8b, 0xbc,
    0x1, 0x52, 0x32, 0xc7, 0xf8, 0x2e, 0x22, 0xf0,
    0x3, 0xad, 0x19, 0x29, 0x10, 0x14, 0x8a, 0x40,
    0x7, 0x51, 0xe2, 0x76, 0xf8, 0xf7, 0x37, 0x90,
    0x1, 0x29, 0xd0, 0x81, 0x8f, 0x32, 0x3c, 0x27,
    0x0, 0x9c, 0x9c, 0x1, 0x6f, 0x50, 0x76, 0x4e,
    0x0, 0x58, 0x0, 0xb2, 0x37, 0xbf, 0x23, 0x14,
    0x6, 0xa0, 0x0, 0x4e, 0x1, 0xf2, 0x80, 0xe2,
    0x0, 0x16, 0x23, 0xf8, 0x0, 0x60, 0x12, 0x57,
    0xe6, 0x8d, 0xdb, 0x78, 0x3, 0xd5, 0xe5, 0x8c,
    0xc1, 0xf, 0xf0, 0x6, 0x10, 0x6d, 0x30, 0x6,
    0x7, 0xe8, 0x18, 0x1, 0xc0, 0x16, 0x8e, 0xbf,
    0xee, 0x34, 0xd3,

    /* U+5FC3 "心" */
    0x0, 0xff, 0xe5, 0x36, 0x80, 0x7f, 0xf0, 0x9c,
    0xa0, 0x3, 0xff, 0x82, 0x30, 0xe6, 0x1, 0xff,
    0xc1, 0x74, 0x0, 0xff, 0xe0, 0x4a, 0x85, 0x98,
    0x0, 0x40, 0x31, 0x7a, 0x83, 0xe8, 0x6, 0x5e,
    0x20, 0x9, 0xc1, 0xc0, 0xc0, 0x39, 0x4b, 0x80,
    0x2d, 0x2, 0x0, 0xfd, 0xc6, 0xe0, 0x3, 0x40,
    0xf, 0xe3, 0x58, 0x10, 0x43, 0x0, 0xff, 0x5e,
    0x9, 0x8e, 0x0, 0x7e, 0x20, 0x13, 0x3, 0xe4,
    0x0, 0xfd, 0x16, 0x1, 0xfc, 0x89, 0xe3, 0x0,
    0xfc, 0xa7, 0x77, 0x82, 0x80, 0x3f, 0x47, 0xff,
    0x71, 0x0, 0x40,

    /* U+5FC5 "必" */
    0x0, 0xf4, 0x88, 0x7, 0xff, 0x9, 0x34, 0x2,
    0x70, 0xf, 0xf7, 0x9c, 0x82, 0xc3, 0x0, 0x7f,
    0x14, 0xe8, 0x71, 0x30, 0x7, 0xc3, 0x86, 0xc8,
    0x49, 0x0, 0x1e, 0xa3, 0x3, 0x70, 0x4, 0x12,
    0x50, 0x6, 0x45, 0x0, 0xe3, 0x59, 0x35, 0xb0,
    0xb, 0x44, 0xc0, 0x21, 0xd5, 0x42, 0xa4, 0x70,
    0x3, 0xb0, 0x6, 0xa3, 0xb0, 0x2, 0xaa, 0x8,
    0xc6, 0xc0, 0x29, 0x5f, 0x10, 0xa, 0xe0, 0x8f,
    0xcc, 0x1c, 0xf, 0x8, 0x0, 0x82, 0x27, 0x0,
    0x97, 0x24, 0x28, 0x80, 0x29, 0xd0, 0xd, 0xb4,
    0xf8, 0x1c, 0x89, 0x31, 0x58, 0x6, 0x9c, 0xb3,
    0x87, 0xaa, 0xa1, 0x5c, 0x2,

    /* U+5FCD "忍" */
    0x0, 0xff, 0xe3, 0x57, 0xff, 0xfa, 0x0, 0x35,
    0x7f, 0x7f, 0x9d, 0x3f, 0xe3, 0xf0, 0xe, 0x3e,
    0x30, 0x4c, 0x0, 0x84, 0x40, 0x1d, 0xe8, 0x64,
    0x6a, 0x1, 0x19, 0x80, 0x31, 0x4, 0x97, 0xb1,
    0x0, 0x42, 0x20, 0xc, 0x58, 0x98, 0xd2, 0x2,
    0xd0, 0xe, 0x1, 0xd, 0x7c, 0x4d, 0x80, 0x6,
    0x15, 0xcc, 0x2, 0x1e, 0xbf, 0x40, 0x8a, 0xe,
    0xda, 0x0, 0xc5, 0xea, 0x98, 0x12, 0x8e, 0x0,
    0xc8, 0x0, 0x91, 0x2, 0x30, 0xd, 0xe0, 0x3,
    0x5d, 0x40, 0x1a, 0xa0, 0x1c, 0xb6, 0xe, 0x53,
    0x60, 0x2b, 0xe0, 0xe2, 0x20, 0x8, 0xe1, 0x5b,
    0xc0, 0x79, 0x40, 0xcb, 0xbf, 0xec, 0x34, 0x1,
    0x0, 0xf6, 0xff, 0xf6, 0x0, 0x60,

    /* U+5FD7 "志" */
    0x0, 0xfb, 0xdc, 0x3, 0xff, 0x84, 0x22, 0x0,
    0xfc, 0xa6, 0x7c, 0x1c, 0x67, 0x90, 0x80, 0xa3,
    0xff, 0x85, 0x7f, 0xf4, 0x28, 0x16, 0xe6, 0x70,
    0xde, 0x67, 0x38, 0x7, 0xff, 0x1e, 0xff, 0xf0,
    0xcf, 0xfe, 0x50, 0xd, 0x5b, 0xdd, 0x6f, 0x76,
    0xd5, 0x0, 0xc2, 0x42, 0x37, 0xb0, 0x8e, 0x0,
    0xec, 0x84, 0xe1, 0x88, 0x18, 0x26, 0x20, 0x4,
    0x87, 0x60, 0x20, 0xaa, 0x70, 0x47, 0xb3, 0x0,
    0x42, 0x18, 0x6, 0xa4, 0x43, 0xc2, 0x70, 0x21,
    0xc0, 0x38, 0x29, 0x15, 0xf2, 0x15, 0xe0, 0x9a,
    0x60, 0x44, 0xbd, 0xd9, 0x68, 0x4, 0x80, 0x4,
    0x0, 0x1d, 0xff, 0xdc, 0x80, 0x18,

    /* U+5FD9 "忙" */
    0x0, 0xff, 0xe3, 0xf2, 0x80, 0x67, 0xc0, 0xf,
    0xfe, 0x12, 0x9b, 0x80, 0x7f, 0xf0, 0x49, 0xf0,
    0x3, 0x88, 0x81, 0xb2, 0x6a, 0xb7, 0x71, 0x56,
    0x0, 0x5c, 0x7, 0xb4, 0xc5, 0x4d, 0x4c, 0xd0,
    0x20, 0x98, 0x4, 0x85, 0xe1, 0xd9, 0x9b, 0x44,
    0x44, 0x80, 0x8, 0xa0, 0xf, 0xe5, 0x22, 0x0,
    0xc, 0x80, 0x3f, 0x93, 0x40, 0x3f, 0xff, 0x7b,
    0xff, 0xa4, 0x3, 0xf1, 0x6e, 0xf6, 0x58, 0x0,

    /* U+5FE0 "忠" */
    0x0, 0xf9, 0x78, 0x3, 0xff, 0x9a, 0xbf, 0xfa,
    0x87, 0xff, 0x28, 0x7, 0xf, 0xfd, 0x43, 0xff,
    0x8, 0x7, 0xf8, 0x40, 0x3f, 0xf9, 0xc6, 0x3f,
    0xf5, 0x8f, 0xfc, 0x26, 0x1, 0x9b, 0xff, 0x50,
    0xff, 0xe6, 0x0, 0xfe, 0x15, 0x0, 0xfe, 0x78,
    0x4f, 0x22, 0x28, 0x80, 0x2d, 0xc0, 0x21, 0x90,
    0x70, 0x36, 0x7c, 0x0, 0x44, 0x18, 0x1, 0x21,
    0x0, 0x1a, 0x64, 0xe, 0x55, 0x26, 0xf, 0x60,
    0x12, 0x88, 0x94, 0xe1, 0x55, 0x66, 0x1c, 0xa0,
    0x44, 0xbe, 0xeb, 0x11, 0x0, 0x80,

    /* U+5FEB "快" */
    0x0, 0x84, 0x3, 0xff, 0x84, 0x3c, 0x20, 0x10,
    0xf9, 0x0, 0x7f, 0xf0, 0xcc, 0x3, 0xff, 0x94,
    0xa4, 0x12, 0xf5, 0xfc, 0x1d, 0xfe, 0x30, 0xa,
    0x50, 0x32, 0x6b, 0xf8, 0x3b, 0xc4, 0x3, 0x19,
    0x81, 0x41, 0x0, 0x3f, 0x88, 0x14, 0x1, 0x88,
    0x1, 0xfc, 0x2c, 0x1, 0x3e, 0xe6, 0x86, 0xe0,
    0xf6, 0x1, 0xc8, 0x4, 0x9d, 0xcb, 0x2, 0xed,
    0xef, 0x0, 0xf0, 0x99, 0x73, 0x93, 0x91, 0x98,
    0x3, 0xf0, 0xb5, 0x45, 0x88, 0x7, 0xfa, 0x94,
    0x91, 0x6c, 0x3, 0xfa, 0x16, 0xc0, 0x14, 0x92,
    0x1, 0xe3, 0xa7, 0xd1, 0x0, 0xd, 0x35, 0x80,
    0x78, 0x6c, 0xc0, 0x32, 0x59, 0x0,

    /* U+5FF5 "念" */
    0x0, 0xff, 0xe5, 0xdc, 0x80, 0x7f, 0xf0, 0x5d,
    0x1d, 0x0, 0x3f, 0xe6, 0x8b, 0xaa, 0x20, 0x7,
    0xf3, 0xcd, 0x9a, 0xd5, 0xb8, 0x7, 0x86, 0xa7,
    0x13, 0xb5, 0x32, 0x70, 0x80, 0x26, 0xf1, 0xc3,
    0x8, 0xa0, 0x3f, 0x7d, 0xb1, 0xc, 0x9b, 0x9e,
    0xe7, 0xc7, 0x7e, 0xdd, 0x70, 0x85, 0x38, 0x5f,
    0x76, 0xa1, 0xd0, 0x55, 0x0, 0x62, 0x0, 0x1b,
    0x95, 0xd0, 0x80, 0x78, 0xf0, 0x70, 0x6e, 0x39,
    0xb, 0x48, 0x3, 0x44, 0x81, 0x9b, 0x51, 0x40,
    0xab, 0xc4, 0x0, 0x8a, 0xc2, 0x0, 0x1e, 0x42,
    0xa6, 0x65, 0x0, 0xa, 0xc4, 0x0, 0x40, 0x12,
    0xa8, 0x6a, 0x40, 0xc, 0xa0, 0x3, 0xcf, 0xfa,
    0x24, 0x4, 0x80, 0x3d, 0x9f, 0xfc, 0xc0, 0x18,

    /* U+6001 "态" */
    0x0, 0xf8, 0x40, 0x3f, 0xf8, 0x4b, 0xc4, 0x1,
    0xff, 0xc1, 0xd2, 0x20, 0x7, 0xee, 0xff, 0xce,
    0x5f, 0xfe, 0x80, 0x6, 0xe6, 0xea, 0x42, 0xec,
    0x17, 0xba, 0xc9, 0x0, 0x19, 0x88, 0x94, 0xa8,
    0x85, 0xe2, 0x21, 0x88, 0x7, 0x58, 0x91, 0x2,
    0xd2, 0x40, 0x3c, 0x7a, 0xde, 0x5a, 0x63, 0x8f,
    0x8a, 0x1, 0x5e, 0x3e, 0x15, 0x30, 0x0, 0xbd,
    0x6a, 0xc0, 0x1d, 0x54, 0x10, 0x4, 0x38, 0x0,
    0x67, 0xa8, 0x0, 0xa4, 0x22, 0x92, 0x7a, 0x0,
    0xad, 0x44, 0x0, 0x50, 0xa6, 0xc2, 0xc6, 0x80,
    0x3, 0xa1, 0x0, 0x29, 0x21, 0x80, 0x5a, 0x83,
    0x12, 0x74, 0x0, 0x9a, 0x0, 0x90, 0xce, 0x87,
    0x3e, 0xd0, 0x4, 0x30, 0xa, 0x4e, 0x64, 0xf0,
    0x46, 0xc0,

    /* U+600E "怎" */
    0x0, 0xff, 0xe4, 0xe2, 0x80, 0x7f, 0xf0, 0x5c,
    0xc0, 0x8b, 0x8c, 0xc0, 0x1c, 0x70, 0x17, 0x99,
    0xdb, 0x80, 0x18, 0xf5, 0x82, 0xbb, 0xbd, 0xe0,
    0x12, 0xe2, 0x48, 0x5f, 0xff, 0x84, 0x2, 0x77,
    0x50, 0x2, 0xff, 0xf7, 0x70, 0x40, 0x22, 0x80,
    0x8, 0x47, 0x80, 0xc4, 0x3, 0xf5, 0xff, 0xf6,
    0x40, 0x7, 0xc3, 0xbd, 0xde, 0x90, 0xc, 0x64,
    0x16, 0x4f, 0x60, 0x13, 0x0, 0x77, 0xd8, 0xd1,
    0x32, 0xc0, 0xc, 0x48, 0x4, 0x66, 0xb0, 0x8,
    0x76, 0xc0, 0xf1, 0xa0, 0x1, 0xa, 0x40, 0x6,
    0x12, 0x20, 0xfd, 0x59, 0x0, 0x36, 0x0, 0x4a,
    0xbb, 0xb0, 0xd2, 0x50, 0x0,

    /* U+6015 "怕" */
    0x0, 0xff, 0xe3, 0x73, 0x0, 0x77, 0x20, 0x7,
    0xff, 0x0, 0x85, 0x0, 0x3c, 0x60, 0x10, 0x9a,
    0x99, 0xe1, 0x0, 0xe3, 0x4, 0xcb, 0xf, 0xf6,
    0x20, 0x72, 0x80, 0x35, 0xc4, 0x59, 0x98, 0x84,
    0x5, 0xc0, 0x17, 0x20, 0x1f, 0x88, 0x8, 0x0,
    0xb6, 0x1, 0xf9, 0x84, 0x3, 0x28, 0xf, 0xfe,
    0x20, 0x4e, 0x0, 0xf0, 0xff, 0xe2, 0x0, 0xff,
    0xed, 0x8a, 0x26, 0x30, 0xc, 0x60, 0x1d, 0xff,
    0x84, 0x3, 0x84, 0x0, 0x22, 0xbb, 0xc4, 0x20,
    0x17, 0x38, 0x1, 0x7c, 0x3, 0x6a, 0x80,

    /* U+6025 "急" */
    0x0, 0xe3, 0x0, 0xff, 0xe1, 0xe, 0x50, 0x7,
    0xff, 0x6, 0x80, 0x6a, 0xb4, 0x80, 0x7d, 0x2b,
    0x71, 0x32, 0xc5, 0xc0, 0xf, 0x4b, 0x62, 0x19,
    0xd4, 0xca, 0x1, 0xd6, 0xe7, 0x9d, 0xd8, 0x9f,
    0xbd, 0x40, 0x2e, 0xfc, 0xee, 0xfc, 0x20, 0x19,
    0x53, 0xb7, 0x7f, 0x8, 0x7, 0x2f, 0x6e, 0xfe,
    0x10, 0xe, 0x8f, 0xff, 0xe1, 0x0, 0xe9, 0xee,
    0xbf, 0x6f, 0xfe, 0x95, 0x0, 0x8b, 0x45, 0x78,
    0x1a, 0xc8, 0x6, 0xe4, 0x2, 0xa0, 0x8, 0x41,
    0x1c, 0x41, 0x3d, 0xe4, 0x0, 0xd4, 0x0, 0x10,
    0x4, 0x1a, 0xd0, 0x51, 0x81, 0x11, 0x81, 0x4b,
    0xbb, 0x53, 0x92, 0x50, 0x0,

    /* U+602F "怯" */
    0x0, 0xfe, 0x3f, 0x0, 0xfd, 0xc8, 0x1, 0x84,
    0x3, 0xff, 0x82, 0x44, 0x60, 0x22, 0x84, 0x0,
    0x62, 0x66, 0xa0, 0xef, 0xa0, 0xff, 0x63, 0x0,
    0x3d, 0xc0, 0x91, 0x73, 0x70, 0x77, 0x5c, 0xe0,
    0x2, 0x50, 0x18, 0x0, 0xff, 0x8, 0x8c, 0x0,
    0xc0, 0x89, 0xa, 0x26, 0x12, 0x30, 0xd, 0xdf,
    0xeb, 0x4f, 0xfc, 0x47, 0x80, 0x1a, 0xee, 0x3,
    0xbb, 0xc6, 0x1, 0xf9, 0x42, 0xa, 0x0, 0x3f,
    0xc3, 0x7c, 0x0, 0x67, 0x0, 0xfc, 0x3a, 0xc6,
    0x4c, 0x90, 0x60, 0x18, 0xc0, 0x14, 0x6d, 0x91,
    0x9a, 0x9c, 0x1, 0xc2, 0x11, 0x7d, 0x95, 0xf,
    0x54, 0x0,

    /* U+603B "总" */
    0x0, 0xd0, 0x20, 0x10, 0xd9, 0x80, 0x7e, 0x2c,
    0x0, 0x9d, 0x8, 0x3, 0xf5, 0x1, 0x80, 0x29,
    0xc4, 0x3, 0xef, 0xf1, 0x67, 0xf8, 0xdf, 0xf8,
    0x3, 0xed, 0xff, 0xf5, 0x80, 0x7f, 0xf3, 0x4,
    0x7f, 0x0, 0x7e, 0xce, 0xef, 0x50, 0x7, 0xdf,
    0xfa, 0xbf, 0xf7, 0x0, 0x75, 0x13, 0x40, 0x44,
    0x0, 0x3, 0x86, 0x1, 0x12, 0x9f, 0x18, 0x7b,
    0xa0, 0xa, 0x69, 0x0, 0x14, 0xc7, 0xc4, 0xb,
    0x10, 0x12, 0x13, 0x0, 0x15, 0x40, 0x3, 0x0,
    0xc, 0xa, 0xd6, 0xac, 0x1, 0x2e, 0x6, 0x6f,
    0xfd, 0xa8, 0xa0, 0xa0, 0x4, 0x10, 0x4f, 0xff,
    0x58, 0x6,

    /* U+6050 "恐" */
    0x0, 0xff, 0xe1, 0xc7, 0xfe, 0xd4, 0xff, 0xe0,
    0xa, 0x3e, 0xcb, 0xf5, 0xc7, 0xfd, 0x82, 0x1,
    0xff, 0x62, 0x80, 0x7f, 0xce, 0x53, 0x60, 0x1f,
    0x8d, 0xa8, 0xd9, 0x4e, 0x40, 0x6, 0xf, 0xb6,
    0x5f, 0x93, 0xe1, 0x92, 0x21, 0xf0, 0x71, 0xd9,
    0x3a, 0xaa, 0x1, 0x20, 0xf3, 0xb4, 0x50, 0xb,
    0x22, 0x0, 0x1, 0xec, 0xe3, 0x1, 0xe1, 0xd3,
    0x26, 0x70, 0x5, 0xd0, 0x80, 0x25, 0x4, 0xc0,
    0x6a, 0x8, 0x21, 0x90, 0x5, 0xfc, 0x3, 0x26,
    0x12, 0x83, 0x50, 0xb1, 0xa0, 0x0, 0x80, 0x6,
    0x31, 0x51, 0x22, 0xf8, 0x0, 0x69, 0xff, 0xb8,
    0x64, 0x5c, 0x0,

    /* U+6064 "恤" */
    0x0, 0xff, 0xe3, 0xf, 0x88, 0x6, 0xe4, 0x0,
    0xff, 0xe1, 0xa, 0x0, 0x7f, 0xc2, 0x24, 0x21,
    0x1c, 0x1, 0x21, 0x83, 0x97, 0xfa, 0x8b, 0xfb,
    0xf8, 0xc0, 0x12, 0x81, 0xa8, 0x1b, 0xe5, 0xe3,
    0xc2, 0x1, 0x11, 0x0, 0xf8, 0xc0, 0x3f, 0xe6,
    0x9, 0x80, 0xf, 0xf0, 0xa9, 0x80, 0x7f, 0xf0,
    0x46, 0x80, 0x3f, 0xfe, 0xe2, 0xe, 0x60, 0x60,
    0x20, 0xe0, 0x1c, 0x5e, 0x13, 0xe1, 0xe7, 0x87,
    0x44,

    /* U+6069 "恩" */
    0x0, 0x1f, 0xff, 0xf8, 0xc0, 0x3d, 0xdd, 0x25,
    0x77, 0x40, 0x1f, 0x93, 0xb8, 0x95, 0xda, 0x20,
    0x1f, 0x97, 0xa4, 0x23, 0xb4, 0x3, 0xfc, 0xd3,
    0x15, 0x8e, 0x1, 0xfc, 0xb7, 0xaf, 0xb5, 0xc0,
    0x1f, 0xd6, 0x59, 0xdc, 0x96, 0xe0, 0xf, 0x1f,
    0x7f, 0xdb, 0x5f, 0xf7, 0x18, 0x6, 0x41, 0x32,
    0x19, 0xa0, 0x10, 0xd4, 0x0, 0xd5, 0x2b, 0x1,
    0x66, 0xe0, 0x1, 0xb2, 0x0, 0x38, 0xc0, 0x80,
    0x7, 0x58, 0x8f, 0xb, 0xc0, 0x61, 0xc4, 0x18,
    0x47, 0x56, 0x87, 0xa8, 0xd, 0xc0, 0x29, 0xf7,
    0x67, 0x70, 0x94, 0x0,

    /* U+606F "息" */
    0x0, 0xf5, 0xb0, 0x7, 0xfc, 0x22, 0x24, 0x51,
    0x1e, 0x0, 0xe1, 0xed, 0xe3, 0xfd, 0xdd, 0xc6,
    0x1, 0xef, 0xdd, 0xf8, 0x3, 0xf7, 0xee, 0xfc,
    0x1, 0xfb, 0xf7, 0x7e, 0x0, 0xfd, 0xfb, 0xbf,
    0x0, 0x7e, 0xfd, 0xdf, 0x80, 0x3e, 0x3f, 0xdd,
    0xf8, 0xc4, 0x3, 0xe, 0x7d, 0x67, 0xd6, 0x65,
    0xc0, 0x18, 0xb8, 0x16, 0xc1, 0xe4, 0x80, 0x11,
    0xe2, 0x0, 0x52, 0x0, 0xc9, 0x6, 0x5, 0x43,
    0xa0, 0x9, 0xa0, 0xe, 0x71, 0x4d, 0x1e, 0x71,
    0xb, 0x60, 0x53, 0xff, 0xd6, 0xc2, 0x56, 0x20,

    /* U+6076 "恶" */
    0x0, 0xff, 0xe1, 0xf, 0xff, 0xff, 0x0, 0x45,
    0xdd, 0x58, 0x77, 0x6, 0xbb, 0xa1, 0x2, 0xa1,
    0x70, 0x11, 0x0, 0x6, 0xd0, 0x0, 0x48, 0xa0,
    0x1e, 0x45, 0x70, 0x0, 0xb1, 0x0, 0x78, 0xdc,
    0x80, 0x45, 0xc, 0xe0, 0x22, 0x0, 0x34, 0x88,
    0xbf, 0xba, 0xb0, 0xee, 0xd, 0x77, 0x5f, 0xdf,
    0xfd, 0x95, 0xff, 0xdc, 0xe, 0x69, 0x40, 0xb4,
    0x20, 0xa, 0x20, 0x18, 0x71, 0x40, 0x63, 0x60,
    0x0, 0xf0, 0x20, 0xa0, 0x6, 0xd7, 0x4, 0xa3,
    0x8e, 0x70, 0x0, 0x90, 0x80, 0xb5, 0x9c, 0xfd,
    0x58, 0x21, 0x6f, 0x75, 0x2c, 0x4c, 0xe0,

    /* U+6089 "悉" */
    0x0, 0xfc, 0x4b, 0x19, 0x60, 0x1b, 0x32, 0xdf,
    0xf6, 0x49, 0x29, 0x80, 0x68, 0x82, 0x67, 0x95,
    0xe7, 0xe4, 0x0, 0x64, 0x49, 0x40, 0x35, 0x80,
    0x74, 0x6e, 0x86, 0x74, 0xaf, 0x46, 0x37, 0x4c,
    0x17, 0x33, 0x1a, 0xb, 0x94, 0xcd, 0x8, 0x6,
    0x8b, 0xe9, 0x27, 0x95, 0x6e, 0x8a, 0x40, 0x71,
    0xc5, 0x40, 0x60, 0xb7, 0x98, 0x84, 0xf, 0x5b,
    0x90, 0x5, 0xb8, 0x37, 0x2b, 0x18, 0x6e, 0x90,
    0xa4, 0x4a, 0xc0, 0x2e, 0xe3, 0x80, 0xe9, 0x8b,
    0x2, 0xb2, 0x2, 0xc3, 0x80, 0x4, 0x88, 0x1,
    0x16, 0x21, 0xa5, 0x43, 0x3, 0x98, 0x88, 0x8,
    0x48, 0x7e, 0x95, 0xc4, 0x6, 0x80, 0x89, 0x9d,
    0xd1, 0x70, 0x43, 0x80,

    /* U+60AC "悬" */
    0x0, 0xbb, 0xff, 0xf2, 0x0, 0x7d, 0x7f, 0xfe,
    0x17, 0x0, 0xf1, 0xdf, 0xff, 0x84, 0x3, 0xf5,
    0xff, 0xf8, 0x40, 0x3f, 0x5f, 0xff, 0x84, 0x3,
    0xf5, 0xf7, 0x78, 0x40, 0x33, 0xf6, 0x95, 0x66,
    0x78, 0x77, 0x5c, 0x2d, 0x98, 0xea, 0x2a, 0xcc,
    0x78, 0x4f, 0xe6, 0x4, 0x44, 0x25, 0x4c, 0xc3,
    0x27, 0x39, 0x71, 0x20, 0x8, 0xf0, 0x5f, 0x26,
    0x58, 0xcc, 0x83, 0x0, 0xc9, 0xd5, 0x1b, 0xc7,
    0x31, 0x32, 0x30, 0x9, 0x64, 0x73, 0x41, 0x1c,
    0x44, 0x17, 0x60, 0xa, 0x58, 0x0, 0xc2, 0x1e,
    0x1b, 0x1a, 0xb2, 0x4, 0x34, 0x1e, 0x5d, 0xd8,
    0xa8, 0x76, 0x0,

    /* U+60C5 "情" */
    0x0, 0xf, 0x90, 0x6, 0x1f, 0x20, 0xf, 0x8,
    0x5, 0x59, 0x8d, 0xe, 0xcc, 0x50, 0x7, 0x86,
    0x3f, 0xbc, 0x3f, 0xbe, 0x0, 0x10, 0xe1, 0x74,
    0x99, 0xb8, 0x19, 0xb8, 0xe0, 0x4, 0x10, 0xc4,
    0x6f, 0xf7, 0x6, 0xff, 0x94, 0x0, 0x4a, 0xf,
    0xbf, 0xf7, 0x6, 0xff, 0xcc, 0x42, 0x60, 0x2,
    0xed, 0xdf, 0xbd, 0x8e, 0x40, 0x3b, 0x7f, 0xfb,
    0x40, 0x2, 0xc0, 0x1e, 0xcd, 0xdb, 0x80, 0x3f,
    0xef, 0xee, 0xb4, 0x3, 0xfe, 0xfe, 0xeb, 0x40,
    0x3f, 0xee, 0xff, 0xb0, 0x3, 0xfe, 0xef, 0xfb,
    0x40, 0x3f, 0xf8, 0x74, 0x20, 0x18, 0x40, 0x3f,
    0x95, 0x80, 0x0,

    /* U+60CA "惊" */
    0x0, 0xfe, 0x35, 0x0, 0xf8, 0xfc, 0x3, 0xd6,
    0x20, 0x1f, 0xee, 0xff, 0x60, 0xf7, 0xfc, 0x40,
    0xaa, 0x6, 0x5f, 0xee, 0xfc, 0x41, 0x3e, 0x1d,
    0x22, 0x3f, 0xc0, 0x3, 0xf0, 0xa3, 0x4f, 0xff,
    0x60, 0x0, 0xc5, 0x40, 0xbd, 0x43, 0xff, 0x50,
    0x4, 0x7c, 0x1, 0xfe, 0x30, 0xf, 0xe3, 0xf,
    0xfd, 0x20, 0x1f, 0xc5, 0xfe, 0xc1, 0xff, 0x60,
    0x7, 0xe2, 0xc1, 0x0, 0xa9, 0x0, 0x3f, 0x58,
    0x88, 0x3, 0x50, 0x80, 0x78, 0xda, 0x40, 0x35,
    0x1e, 0x80, 0x7a, 0x55, 0xe, 0x8c, 0x1, 0xd4,
    0x1, 0xea, 0xb0, 0x57, 0xb0, 0x1, 0xb0, 0x4,
    0x7e, 0x0, 0x10, 0x6e, 0x60, 0xe,

    /* U+60E7 "惧" */
    0x0, 0xb9, 0x80, 0x3f, 0xf8, 0x46, 0x60, 0x7,
    0x7f, 0xf8, 0x3, 0xe1, 0x0, 0x5f, 0x75, 0x60,
    0x1b, 0x14, 0xb, 0x84, 0xef, 0xba, 0xb1, 0x0,
    0x8c, 0x40, 0x92, 0x42, 0xff, 0xec, 0x0, 0x88,
    0x14, 0x1, 0x32, 0xb, 0xff, 0xb0, 0x2, 0x41,
    0x10, 0x0, 0x84, 0x2f, 0xfe, 0xc0, 0x9, 0x64,
    0x3, 0xc4, 0x59, 0x80, 0x23, 0x70, 0xf, 0x47,
    0xfd, 0x60, 0x1f, 0x84, 0x41, 0x79, 0x95, 0x0,
    0x80, 0x7a, 0x38, 0xab, 0xba, 0xb1, 0xe3, 0x0,
    0xe9, 0xfd, 0x4d, 0xfb, 0x4e, 0xf3, 0x0, 0x8c,
    0x0, 0x58, 0x4, 0xe, 0xde, 0x60, 0x1c, 0x63,
    0x8f, 0x60, 0x3, 0xd5, 0xf0, 0xd, 0xcc, 0x3f,
    0x20, 0x1d, 0x78, 0x0,

    /* U+60F0 "惰" */
    0x0, 0xfe, 0x21, 0x0, 0xfd, 0xca, 0x1, 0xae,
    0x80, 0x3f, 0x18, 0x0, 0x50, 0xdc, 0xcf, 0x20,
    0x7, 0x84, 0xa7, 0x45, 0x3f, 0xe9, 0x0, 0x10,
    0x86, 0x79, 0xe9, 0xac, 0x45, 0x3a, 0x0, 0x99,
    0x6, 0x13, 0x50, 0x3, 0xeb, 0xb8, 0x1, 0x2e,
    0x0, 0x3b, 0x1e, 0xbf, 0xf, 0xf9, 0x44, 0xc5,
    0x40, 0xa, 0xd9, 0xe4, 0x14, 0x45, 0x18, 0xc0,
    0x80, 0x1f, 0x19, 0x2e, 0xf8, 0x48, 0x8e, 0x1,
    0xde, 0xdd, 0xd9, 0xb8, 0x3, 0xf9, 0x3f, 0xf2,
    0x78, 0x7, 0xf2, 0x7f, 0xe4, 0x0, 0xff, 0x2e,
    0xee, 0x50, 0xe, 0x30, 0xc, 0xbf, 0xf6, 0xa0,
    0x7, 0x8c, 0x0, 0x20, 0x1b, 0x1, 0x80,

    /* U+60F3 "想" */
    0x0, 0x97, 0xc0, 0x3f, 0xf8, 0x42, 0x20, 0x2,
    0x7f, 0xf9, 0x0, 0xd, 0x3c, 0x32, 0xee, 0xf,
    0xfc, 0x1, 0x9e, 0x4, 0x50, 0xc0, 0xf, 0xfc,
    0x1, 0x84, 0xd0, 0x11, 0x0, 0xf, 0xfc, 0xe,
    0x1, 0x49, 0x0, 0xd3, 0x6, 0xee, 0x0, 0xca,
    0xa8, 0x4, 0x71, 0xc, 0xcc, 0x1, 0xd, 0xc0,
    0x88, 0x21, 0xc0, 0x47, 0x3, 0x80, 0xe3, 0x0,
    0x80, 0x45, 0xbb, 0x89, 0xc0, 0x4, 0x9, 0xc4,
    0x43, 0xbc, 0xdd, 0x66, 0xc, 0x2, 0x6f, 0xb,
    0x80, 0xdb, 0x0, 0x5e, 0x0, 0x6c, 0x40, 0x1,
    0x84, 0x98, 0x15, 0x85, 0x80, 0x4b, 0xa0, 0x24,
    0x5, 0x21, 0xd1, 0xc8, 0x60, 0x84, 0xe1, 0xa9,
    0xff, 0x8a, 0xcf, 0x8c,

    /* U+610F "意" */
    0x0, 0xf8, 0x4c, 0x3, 0xff, 0x85, 0x3a, 0x1,
    0xf9, 0x77, 0x33, 0x28, 0xe6, 0x6d, 0x10, 0x2,
    0x77, 0x20, 0x3b, 0xf7, 0xde, 0x3b, 0x82, 0x1,
    0x11, 0x14, 0x44, 0x44, 0x64, 0x52, 0x20, 0x81,
    0x77, 0xf7, 0x9e, 0xf7, 0x2c, 0x7f, 0xbf, 0x88,
    0x9f, 0xdd, 0xff, 0xc0, 0xf2, 0x0, 0xbf, 0xb7,
    0x7d, 0xdc, 0x0, 0xf9, 0xa2, 0x3c, 0xe0, 0x1f,
    0x88, 0xbe, 0x30, 0xf, 0xcf, 0x77, 0xe7, 0x0,
    0xfb, 0x7b, 0xfa, 0x6f, 0xb9, 0xf8, 0x40, 0x11,
    0xf1, 0x57, 0x90, 0x40, 0x19, 0xe, 0x98, 0x2,
    0x90, 0x38, 0x0, 0xb4, 0x51, 0xa6, 0xfa, 0x22,
    0x79, 0x2, 0x3f, 0xf5, 0x7b, 0x50, 0x44, 0x88,
    0xb8, 0xc1, 0x7f, 0xfc, 0xe0, 0x7, 0x0,

    /* U+611F "感" */
    0x0, 0xfc, 0xb2, 0x38, 0x40, 0x1f, 0xf1, 0x28,
    0xda, 0x8, 0x6, 0xcf, 0xfe, 0x83, 0xf8, 0x9e,
    0x90, 0xd, 0x7f, 0xfb, 0x47, 0xfd, 0xbf, 0x20,
    0x18, 0x7f, 0xf1, 0x8, 0x8b, 0x48, 0x3, 0x87,
    0xff, 0x1, 0xaa, 0x90, 0x80, 0x31, 0x7, 0xf7,
    0x3c, 0x6f, 0xab, 0xc0, 0x30, 0x89, 0x8b, 0xb8,
    0x20, 0xea, 0x28, 0x2, 0x0, 0x93, 0x31, 0x77,
    0x4, 0x1c, 0x4d, 0x97, 0xc0, 0x5a, 0x7, 0xfb,
    0x98, 0xd9, 0xf7, 0x14, 0xe0, 0x3c, 0x2, 0x6e,
    0x58, 0x76, 0x29, 0x93, 0x20, 0xa, 0x91, 0xac,
    0xa7, 0x40, 0x42, 0xec, 0x20, 0x6, 0x5, 0x11,
    0x3, 0x48, 0x46, 0x48, 0x58, 0x0, 0xac, 0x14,
    0xff, 0xf3, 0x50, 0x74, 0x80,

    /* U+613F "愿" */
    0x0, 0xff, 0xe3, 0x67, 0x77, 0x7f, 0xbb, 0xb3,
    0x0, 0x68, 0xef, 0xf8, 0x63, 0xfe, 0xe6, 0x0,
    0xe1, 0xec, 0xc1, 0xd6, 0x63, 0x8c, 0x3, 0x38,
    0x8, 0x55, 0xdf, 0x8, 0x7, 0xff, 0xc, 0xc0,
    0x39, 0xcc, 0x42, 0x62, 0x38, 0x80, 0x3e, 0x1f,
    0xbe, 0xd0, 0xeb, 0xe3, 0x0, 0xc2, 0x35, 0x41,
    0xa8, 0x3, 0x3e, 0x4, 0x2, 0x26, 0xa2, 0xd7,
    0xb9, 0x9, 0xc3, 0x30, 0x1, 0x44, 0xa6, 0x14,
    0x73, 0x80, 0x3, 0x4, 0x0, 0xf5, 0xf, 0x7c,
    0xc0, 0xaa, 0x81, 0xf5, 0x0, 0xd7, 0xa9, 0x9c,
    0xc, 0x31, 0x68, 0xaa, 0x82, 0x4a, 0x8d, 0x41,
    0x8b, 0xdd, 0x22, 0xa7, 0x88,

    /* U+6155 "慕" */
    0x0, 0xeb, 0x70, 0x3, 0xc8, 0x7, 0x9b, 0x32,
    0x5a, 0xcc, 0x4b, 0xe6, 0x4e, 0x0, 0x6c, 0xde,
    0x7a, 0xee, 0x4b, 0xf6, 0xe3, 0x80, 0x68, 0xf1,
    0xfa, 0xa7, 0x8f, 0xc8, 0x7, 0xc6, 0x89, 0xe3,
    0x0, 0xfc, 0xb3, 0x3e, 0x20, 0xf, 0xb7, 0x47,
    0x7e, 0x67, 0x55, 0x80, 0x6b, 0xb7, 0xee, 0x85,
    0xb7, 0x74, 0x5d, 0x0, 0x2a, 0xed, 0xb, 0x79,
    0x74, 0xf9, 0x54, 0xb0, 0x0, 0x8a, 0x36, 0x93,
    0x90, 0x77, 0x35, 0x44, 0x6, 0xf8, 0xa5, 0x80,
    0x24, 0x1c, 0xba, 0xe2, 0x1e, 0xd8, 0x80, 0x6,
    0x95, 0xde, 0xe5, 0x10, 0x29, 0x73, 0x10, 0x1,
    0xee, 0x2d, 0x8d, 0x0, 0x21, 0x58, 0x2e, 0x2,
    0x69, 0x1d, 0x30, 0xc, 0x32, 0x25, 0x5c, 0x20,
    0x80, 0x40, 0x10,

    /* U+6162 "慢" */
    0x0, 0xbc, 0x80, 0x3f, 0xf8, 0xa3, 0xfd, 0xdd,
    0xa0, 0x1e, 0x12, 0x10, 0xf, 0x8, 0x4, 0xa8,
    0x11, 0xc0, 0x55, 0x59, 0xc0, 0x34, 0x98, 0x41,
    0x99, 0x73, 0x30, 0xd8, 0x4, 0x68, 0x3, 0x7a,
    0xcd, 0xe9, 0xd0, 0x41, 0x30, 0x2, 0x87, 0x7,
    0xf8, 0x7b, 0xc, 0x13, 0x80, 0x23, 0x18, 0x18,
    0x90, 0x8b, 0x10, 0xf, 0x15, 0x6d, 0x66, 0xd6,
    0xe5, 0x0, 0x7d, 0x95, 0x77, 0xe6, 0x0, 0xfa,
    0x64, 0x5d, 0xcc, 0x6, 0x30, 0xf, 0xcc, 0xf6,
    0xb8, 0xf0, 0x1, 0xfe, 0xe4, 0xa2, 0x80, 0xf,
    0xc9, 0x1b, 0x4d, 0x4f, 0xd9, 0x24, 0x1, 0xc4,
    0xaa, 0xe9, 0x5b, 0xdb, 0x22, 0x0,

    /* U+61D2 "懒" */
    0x0, 0x2e, 0x0, 0xb, 0xc0, 0x2c, 0x20, 0xc,
    0x20, 0x11, 0x80, 0x48, 0x71, 0x22, 0x1, 0x8f,
    0xb0, 0x35, 0xe5, 0xc4, 0x84, 0x30, 0xcd, 0xd9,
    0xc1, 0x80, 0x30, 0xdc, 0x0, 0x30, 0x36, 0x32,
    0x1, 0x76, 0xa2, 0xf9, 0x0, 0x8, 0x4f, 0x70,
    0x3e, 0xd8, 0xdc, 0x98, 0x80, 0xc0, 0x5, 0xc1,
    0x80, 0xd, 0x49, 0x0, 0x30, 0x80, 0xd, 0x1,
    0x0, 0x23, 0x0, 0x14, 0x80, 0x4b, 0x21, 0x86,
    0x0, 0x10, 0xf, 0x15, 0xb8, 0x65, 0x80, 0x98,
    0x7, 0xce, 0xc0, 0x7c, 0xe6, 0x22, 0x30, 0xc,
    0xf3, 0xc0, 0x9b, 0x7e, 0xa9, 0x80, 0x1, 0x2,
    0xc2, 0x0, 0x99, 0xfe, 0xd0, 0x0, 0x60, 0xa4,
    0x60, 0x7, 0x8c, 0x69, 0xf0, 0x3, 0x60, 0x0,
    0xbc, 0x1f, 0xc8, 0x1a, 0xc0,

    /* U+620F "戏" */
    0x0, 0xff, 0xe6, 0x64, 0x1, 0x0, 0x7f, 0xf0,
    0xfe, 0x80, 0x23, 0xff, 0xe1, 0x7, 0xf0, 0xe4,
    0x20, 0x1, 0xff, 0xda, 0x2, 0x3, 0xe0, 0x7c,
    0x4, 0x1, 0xcc, 0x20, 0x3, 0x26, 0xae, 0xda,
    0x0, 0x3c, 0x81, 0x11, 0xad, 0x97, 0x75, 0x5d,
    0x0, 0x5, 0x76, 0xf5, 0xc, 0x82, 0xb7, 0xd3,
    0x0, 0x8a, 0xa5, 0xf1, 0x9d, 0x48, 0x15, 0x80,
    0x39, 0x14, 0x5c, 0x0, 0x42, 0x72, 0xc4, 0x1,
    0xc2, 0x16, 0x1, 0x27, 0x1c, 0x0, 0x72, 0x22,
    0x58, 0xc0, 0x18, 0x50, 0x20, 0x18, 0x69, 0xd9,
    0x9e, 0x7, 0x3, 0xc0, 0x2, 0x2, 0xc2, 0x80,
    0x8f, 0x4c, 0x9c, 0x68, 0x2d, 0x23, 0x1e, 0x0,
    0xa, 0xdc, 0x39, 0x63, 0xe9, 0x90, 0xe1, 0x0,
    0x4d, 0x6e, 0x0, 0x3d, 0x6e, 0x0,

    /* U+6210 "成" */
    0x0, 0xff, 0xe6, 0x2f, 0x85, 0x40, 0x7, 0xff,
    0xa, 0x5a, 0x40, 0x3f, 0xc2, 0x0, 0x3a, 0xe0,
    0xd, 0x9f, 0xfd, 0x61, 0xfe, 0xb8, 0xa0, 0xc,
    0xfd, 0xdb, 0x43, 0x7b, 0xab, 0x0, 0x9f, 0xc4,
    0x71, 0x0, 0x5, 0xa0, 0x40, 0x34, 0x7f, 0xce,
    0x4, 0xc1, 0x46, 0x1, 0x9d, 0xdb, 0xa2, 0x10,
    0x6c, 0x42, 0x80, 0xe, 0xe2, 0x20, 0x18, 0x19,
    0xa5, 0x88, 0x3, 0x11, 0x80, 0xd, 0x82, 0xd0,
    0xe0, 0x3, 0x8, 0x98, 0x0, 0x22, 0x7, 0x7,
    0x10, 0x30, 0x2, 0x1, 0xce, 0x81, 0x25, 0xab,
    0x10, 0xe1, 0x84, 0xa8, 0x7a, 0xdc, 0x5c, 0xd2,
    0xe4, 0x81, 0x19, 0xa0, 0x1a, 0x20, 0xb8, 0xc1,
    0x64, 0xe6, 0x27, 0xe4, 0x1, 0x76, 0x98, 0x0,
    0x73, 0x1a, 0x0,

    /* U+6211 "我" */
    0x0, 0xff, 0xe5, 0x20, 0x2f, 0x80, 0x7f, 0x1b,
    0xe5, 0xc8, 0x80, 0x35, 0x80, 0x35, 0x7e, 0x43,
    0x5c, 0x80, 0x85, 0xca, 0x80, 0x53, 0xbe, 0x5e,
    0x80, 0x19, 0xa3, 0x0, 0x21, 0x31, 0x3, 0x11,
    0x80, 0x44, 0xd0, 0x40, 0x79, 0xfe, 0x28, 0xff,
    0x58, 0xff, 0xf0, 0x1f, 0x74, 0x57, 0xdc, 0xc0,
    0xee, 0xb3, 0x40, 0x3f, 0x11, 0x0, 0x81, 0xb4,
    0x40, 0x21, 0x43, 0x8e, 0x90, 0x16, 0xb, 0x81,
    0x2, 0xee, 0x50, 0xa6, 0x58, 0x2e, 0x48, 0xb8,
    0x0, 0xa7, 0x38, 0xb0, 0x80, 0x1c, 0xee, 0xe0,
    0xc, 0xe6, 0x1, 0xc3, 0xc0, 0xe4, 0x8, 0x1,
    0xc6, 0x2, 0xfe, 0xf2, 0xcc, 0x1b, 0x30, 0x4,
    0x68, 0xbc, 0x4c, 0x63, 0x54, 0xf9, 0x18, 0x3,
    0x2b, 0x4a, 0x7d, 0x80, 0xb, 0xb3, 0xc0,

    /* U+6212 "戒" */
    0x0, 0xff, 0xe6, 0x1f, 0x81, 0xe8, 0x7, 0xff,
    0x8, 0xcd, 0x0, 0x11, 0x98, 0x8b, 0x98, 0xc,
    0xa3, 0xc, 0x1, 0x99, 0xf5, 0x86, 0xe4, 0x56,
    0x80, 0x3f, 0xd9, 0xdc, 0xce, 0xe0, 0x67, 0x76,
    0x0, 0xd8, 0xa3, 0xa2, 0x0, 0x10, 0x8c, 0x0,
    0xe3, 0x11, 0x0, 0x44, 0xc0, 0x8a, 0x1, 0x6e,
    0x14, 0xe0, 0x6b, 0x30, 0x84, 0xe8, 0x2, 0x88,
    0xd, 0x48, 0x52, 0x9e, 0xb9, 0x18, 0x4, 0xa8,
    0x2a, 0xa0, 0x73, 0xc4, 0xba, 0x0, 0xe3, 0x2,
    0x0, 0xc8, 0x26, 0xe0, 0x1c, 0x84, 0x1, 0xc4,
    0x6, 0x0, 0x30, 0xa, 0x68, 0x4, 0x80, 0x7d,
    0xa, 0x93, 0x4, 0x24, 0x58, 0x7, 0x57, 0xda,
    0xe9, 0x6c, 0xc4, 0x3e, 0x4, 0x2, 0x34, 0xb0,
    0x59, 0x18, 0x0, 0x33, 0x80, 0x67, 0xa0, 0x9,
    0xb9, 0x0,

    /* U+6216 "或" */
    0x0, 0xff, 0xe5, 0x27, 0x85, 0xa0, 0x7, 0xff,
    0x7, 0x6c, 0xc0, 0x2, 0x42, 0x3f, 0x9d, 0xc0,
    0x21, 0x59, 0xff, 0xd6, 0x3f, 0xe6, 0xda, 0xb,
    0xee, 0xf6, 0x7, 0x76, 0xb0, 0x6, 0xff, 0xe1,
    0x30, 0x10, 0x38, 0x0, 0x8e, 0xff, 0x80, 0x2,
    0x4, 0x16, 0xa0, 0x1f, 0xe3, 0x50, 0x68, 0x0,
    0xff, 0x2f, 0xb1, 0xa8, 0x6, 0xbf, 0xe0, 0xb,
    0x1e, 0x20, 0x1, 0xbb, 0xff, 0x10, 0x28, 0xaa,
    0x80, 0x30, 0xa3, 0xdf, 0xe8, 0x48, 0x38, 0x0,
    0x82, 0xba, 0xbb, 0x9b, 0xf6, 0x9a, 0x4e, 0x3a,
    0x73, 0xbd, 0x2b, 0x5c, 0x38, 0x55, 0x18, 0x46,
    0x62, 0x0, 0xbe, 0xe8, 0x41, 0x2d, 0xf8, 0x0,

    /* U+6234 "戴" */
    0x0, 0xff, 0xe4, 0x17, 0x80, 0x49, 0xa0, 0xa4,
    0x1, 0xbf, 0xda, 0x1f, 0xee, 0x0, 0xbb, 0x4,
    0x2, 0xff, 0x68, 0xff, 0xb9, 0xc0, 0x17, 0x22,
    0x3, 0xfe, 0xec, 0x1e, 0xeb, 0x4b, 0xb9, 0x1e,
    0x22, 0xdb, 0xaa, 0x5d, 0x55, 0xa1, 0xfe, 0xdd,
    0x8, 0x1d, 0xf7, 0xdf, 0x7d, 0x18, 0x8, 0xa8,
    0xc0, 0x31, 0x90, 0x10, 0x80, 0x42, 0x8e, 0x20,
    0x1b, 0x3c, 0x37, 0x42, 0x4, 0x43, 0x50, 0xc,
    0x55, 0x5, 0x52, 0x60, 0xcb, 0x7c, 0x1, 0x25,
    0x12, 0xd0, 0xa5, 0x8e, 0x51, 0x20, 0x4, 0xc6,
    0x22, 0x43, 0x23, 0x14, 0x39, 0x0, 0x93, 0x68,
    0xd3, 0x49, 0xaa, 0xe8, 0x34, 0x18, 0x13, 0xa0,
    0x7f, 0x89, 0xfc, 0xd3, 0x52, 0x64, 0x61, 0x15,
    0xa2, 0x18, 0x68, 0x58, 0x58, 0x88, 0x30, 0x8c,
    0x30, 0x0, 0xd2, 0xd0, 0x81, 0x6d, 0x80,

    /* U+6237 "户" */
    0x0, 0xff, 0xe5, 0x3e, 0x80, 0x7f, 0xf0, 0x54,
    0x90, 0x3, 0xf0, 0x91, 0x40, 0xe0, 0x45, 0x80,
    0x37, 0xee, 0xe7, 0xbd, 0xdc, 0xc0, 0x1a, 0xbf,
    0xff, 0x0, 0x7f, 0xf6, 0x2b, 0xff, 0xf0, 0x7,
    0xc, 0xee, 0xfe, 0x0, 0xc2, 0x8, 0x45, 0xfb,
    0x1c, 0x0, 0x80, 0x40, 0x1f, 0x8c, 0x40, 0x12,
    0xa0, 0x1f, 0xfc, 0x5, 0x39, 0x0, 0xff, 0x86,
    0x94, 0xc0, 0x3f, 0xe1, 0xbb, 0x0, 0x7f, 0xf0,
    0x0,

    /* U+623F "房" */
    0x0, 0xf9, 0x70, 0x3, 0xff, 0x84, 0xc6, 0x80,
    0x1f, 0x8f, 0xff, 0x60, 0x5f, 0xfe, 0x20, 0x8,
    0x43, 0xff, 0xf8, 0xc, 0x3, 0x8c, 0xff, 0x80,
    0x3e, 0x88, 0xef, 0x88, 0x90, 0x3, 0xd7, 0x78,
    0xc6, 0xef, 0x8, 0x4, 0x21, 0xff, 0x9c, 0xbf,
    0xf9, 0x0, 0x21, 0xff, 0x70, 0x5f, 0xfe, 0xee,
    0x20, 0x1, 0x8c, 0x3, 0x84, 0x70, 0x8, 0x5,
    0xae, 0x0, 0x50, 0xbe, 0xee, 0x0, 0xc9, 0x80,
    0xe, 0x3f, 0xfd, 0x26, 0x1, 0x19, 0x9c, 0x19,
    0x7c, 0x3, 0x7b, 0x0, 0x5e, 0xa3, 0x13, 0x6,
    0x3, 0x54, 0x6c, 0x0, 0xbe, 0x4, 0xe9, 0xc0,
    0x2, 0x66, 0x96, 0x0, 0x8c, 0x86, 0xd4, 0x3,
    0x4c, 0x98, 0x2,

    /* U+6247 "扇" */
    0x0, 0xf9, 0x2c, 0x3, 0xf1, 0x19, 0xe2, 0x47,
    0x33, 0xc2, 0x0, 0xed, 0xff, 0xa8, 0xef, 0xfe,
    0xc5, 0x0, 0xa7, 0x33, 0xf8, 0x1c, 0x2, 0x9d,
    0xdf, 0xe0, 0x70, 0xa, 0x77, 0x7f, 0xbd, 0x0,
    0x34, 0x7f, 0xdc, 0x3f, 0xfa, 0x40, 0x2, 0x28,
    0xef, 0xb0, 0x1e, 0xff, 0x18, 0x4, 0x46, 0x9e,
    0x40, 0x14, 0x50, 0x0, 0x40, 0x41, 0x91, 0x80,
    0xc0, 0x11, 0xaa, 0x60, 0x4, 0x3, 0xc, 0xe8,
    0x0, 0xb6, 0xc4, 0x1, 0xe6, 0x99, 0x77, 0x2,
    0x70, 0xf9, 0x0, 0xaa, 0x2b, 0x6b, 0x88, 0x25,
    0x58, 0x80, 0x10, 0x28, 0x68, 0xb2, 0x94, 0x14,
    0x7c, 0xf1, 0x74, 0x80, 0x28, 0xcb, 0x0, 0xd,
    0xf2, 0x0,

    /* U+624B "手" */
    0x0, 0xff, 0xe0, 0x8, 0x7, 0x11, 0x99, 0x15,
    0x9e, 0x6f, 0xb8, 0xe0, 0x1a, 0xb7, 0x53, 0x2b,
    0x81, 0xcb, 0xb2, 0x80, 0x68, 0xee, 0x6e, 0x58,
    0xc3, 0xaa, 0x10, 0x6, 0x12, 0x2c, 0x20, 0x45,
    0xc0, 0x19, 0xb7, 0x74, 0xe, 0xee, 0xf0, 0xc,
    0xff, 0xfa, 0x47, 0xff, 0x68, 0x7, 0xff, 0x1f,
    0xff, 0xd2, 0x3f, 0xfe, 0x40, 0xdd, 0x77, 0x68,
    0x1e, 0xee, 0xd4, 0x2, 0x20, 0x8f, 0x0, 0x8f,
    0x10, 0x7, 0xff, 0x28, 0x4f, 0x0, 0x3f, 0xf8,
    0x27, 0x8a, 0xc0, 0x1f, 0xfc, 0x2, 0xce, 0x80,
    0xf, 0x80,

    /* U+624E "扎" */
    0x0, 0x93, 0xc4, 0x2, 0xc6, 0x0, 0xff, 0xe1,
    0x10, 0x80, 0x7f, 0xf0, 0x8c, 0x3, 0xe7, 0x5c,
    0x7, 0x53, 0x0, 0xfe, 0xa9, 0x50, 0xa9, 0x40,
    0xf, 0xed, 0xc9, 0xd, 0xc7, 0x0, 0xff, 0xe1,
    0x31, 0x0, 0x7f, 0xc4, 0x1f, 0xa6, 0x1, 0xf8,
    0x67, 0xa4, 0x36, 0xc4, 0x3, 0xf9, 0x6e, 0xc0,
    0x40, 0x1f, 0xe1, 0xc5, 0x0, 0xff, 0xe7, 0x15,
    0x90, 0x1, 0xf8, 0x4, 0x3, 0x5a, 0xaa, 0x10,
    0xc0, 0x14, 0x8c, 0x1, 0x94, 0xea, 0x89, 0x22,
    0x0, 0xde, 0x90, 0xd, 0x1f, 0xf7, 0x30, 0x0,

    /* U+6253 "打" */
    0x0, 0x9b, 0xc0, 0x3f, 0xf8, 0x46, 0x1, 0x2b,
    0xbf, 0xc6, 0x1, 0x84, 0x0, 0x7d, 0xd4, 0x67,
    0x71, 0xc2, 0xf6, 0xc7, 0x74, 0x73, 0x30, 0x7c,
    0xc9, 0x3, 0xe6, 0x41, 0xdc, 0x40, 0xf, 0xe4,
    0x41, 0x9, 0x98, 0x40, 0x3f, 0xf8, 0x27, 0x22,
    0x1, 0xfe, 0x4f, 0x1d, 0x1, 0x0, 0xfe, 0xea,
    0x61, 0xe9, 0x0, 0xff, 0x6f, 0x48, 0x7, 0xff,
    0x4, 0xc0, 0x3f, 0xfa, 0x87, 0x80, 0x1c, 0x2a,
    0x1, 0xf6, 0xb4, 0x80, 0x6d, 0xa2, 0x40, 0xe,
    0xff, 0x38, 0x6, 0xed, 0xd0, 0x6,

    /* U+6254 "扔" */
    0x0, 0xbd, 0x0, 0x3f, 0xf8, 0x42, 0x0, 0xae,
    0xef, 0x38, 0x7, 0xeb, 0xf3, 0x8f, 0xf0, 0x8,
    0x0, 0xf7, 0x6, 0x74, 0x84, 0xcc, 0x23, 0x28,
    0x0, 0xa7, 0xc2, 0xe4, 0x80, 0x31, 0x81, 0x0,
    0x5, 0xc, 0x49, 0x4, 0x4, 0x40, 0xc0, 0x1,
    0x0, 0xf1, 0x0, 0x4e, 0x1a, 0x1d, 0xc1, 0x0,
    0xd3, 0xa0, 0x40, 0x21, 0x1f, 0x60, 0x29, 0x5e,
    0x2b, 0xc0, 0xe2, 0x40, 0x11, 0x8, 0x38, 0xe0,
    0xe0, 0x87, 0xa0, 0x6, 0x12, 0x3, 0xb3, 0x0,
    0x85, 0x78, 0x3, 0x73, 0x0, 0x7d, 0x62, 0x80,
    0x18, 0x8c, 0x3, 0xca, 0xa8, 0x0, 0xe6, 0xe0,
    0x1, 0xe8, 0xbd, 0xa3, 0x0, 0x51, 0xc4, 0x60,
    0x3, 0xac, 0x3e, 0xa0, 0xd, 0x53, 0x88, 0x0,

    /* U+625B "扛" */
    0x0, 0x9f, 0xc0, 0x3f, 0xf8, 0x42, 0x20, 0x8,
    0x44, 0x1, 0x8, 0x80, 0x3f, 0xf, 0x73, 0xfe,
    0xee, 0x18, 0x77, 0xc8, 0xff, 0x83, 0xfd, 0x61,
    0xff, 0x18, 0x56, 0x38, 0xe6, 0x4, 0x3, 0xf9,
    0xf, 0x80, 0xcc, 0x1, 0xff, 0xc2, 0x49, 0x0,
    0xff, 0x8b, 0x6, 0xb8, 0x3, 0xfd, 0xba, 0x41,
    0xe7, 0x0, 0xff, 0x55, 0xc0, 0x7, 0xff, 0x5,
    0xd0, 0x3, 0xff, 0xa8, 0x20, 0x11, 0x10, 0x44,
    0x4, 0x24, 0x20, 0xa, 0x92, 0x0, 0x66, 0xf5,
    0x6, 0xf6, 0xd8, 0x0, 0x9f, 0x80, 0x1d, 0xff,
    0xf5, 0x0,

    /* U+6263 "扣" */
    0x0, 0x8f, 0xc8, 0x3, 0xff, 0x8c, 0x45, 0xc2,
    0x1, 0xf9, 0xb7, 0xfe, 0xce, 0x1f, 0xf6, 0x6,
    0xfa, 0x98, 0xee, 0xd0, 0x3, 0xba, 0xb0, 0xcd,
    0x50, 0xf, 0x8, 0x11, 0x1c, 0x4, 0x80, 0x3f,
    0xf8, 0x2f, 0x46, 0x1, 0xfe, 0x40, 0xa2, 0x20,
    0x7, 0xc5, 0x5f, 0x1, 0x90, 0x20, 0x1f, 0x1b,
    0xce, 0x0, 0x80, 0x7f, 0xe, 0xb0, 0x7, 0x85,
    0x12, 0xe0, 0xf, 0xe3, 0xf, 0xf9, 0x44, 0x2,
    0x70, 0x30, 0x0, 0x8a, 0xef, 0x0, 0x59, 0x62,
    0x20, 0x1, 0x20, 0x4, 0xdc, 0x0, 0xa8, 0xf0,
    0x9, 0x68, 0x3, 0x8,

    /* U+626B "扫" */
    0x0, 0x9f, 0xc0, 0x3f, 0xf8, 0x22, 0x20, 0x4,
    0x7f, 0xfc, 0x1, 0xf5, 0x66, 0x74, 0x0, 0x3f,
    0xa0, 0x77, 0x80, 0xcf, 0x88, 0x42, 0xe9, 0x82,
    0x68, 0x80, 0x3f, 0x22, 0x38, 0x51, 0x40, 0x3f,
    0xf8, 0x3, 0x1e, 0x19, 0xff, 0xa8, 0x2, 0x2d,
    0x2, 0xc0, 0xed, 0xee, 0xa4, 0x1, 0x5a, 0xc3,
    0x44, 0x4, 0x41, 0x18, 0xc0, 0x1b, 0x96, 0x1,
    0xff, 0xc0, 0x73, 0x0, 0xff, 0xe3, 0xaa, 0x27,
    0x68, 0x7, 0xe8, 0x99, 0xe6, 0x10, 0x5, 0xc3,
    0x0, 0x37, 0x7d, 0x60, 0x14, 0xf4, 0x0, 0x7e,
    0x5f,

    /* U+627E "找" */
    0x0, 0xfc, 0x40, 0x1f, 0xde, 0xa0, 0x17, 0xc0,
    0xa8, 0x7, 0xc2, 0x1, 0xbc, 0xaa, 0x0, 0x38,
    0x40, 0x30, 0x81, 0xe3, 0xa8, 0x0, 0x88, 0x4,
    0x40, 0xb, 0xc0, 0xf1, 0x40, 0x19, 0xe3, 0x18,
    0x0, 0x72, 0x69, 0xff, 0x8, 0x76, 0x8d, 0x7c,
    0xe2, 0x2d, 0x85, 0x58, 0x80, 0x71, 0x1d, 0xa9,
    0xec, 0x9a, 0x0, 0x74, 0xc5, 0x3f, 0x90, 0xd,
    0x30, 0xb, 0x68, 0xad, 0x80, 0x18, 0x45, 0x66,
    0xc0, 0x71, 0x63, 0x80, 0x11, 0x85, 0xaf, 0x0,
    0xb, 0x98, 0x3, 0xc8, 0xb4, 0x40, 0x1f, 0xe4,
    0x40, 0x20, 0x18, 0x7, 0xe8, 0xb8, 0x3b, 0x8,
    0xa0, 0x36, 0x17, 0x3e, 0x6b, 0x7e, 0x5c, 0x4c,
    0x5, 0x94, 0x33, 0x47, 0x20, 0x16, 0x11, 0xb0,
    0x37, 0xd8, 0x1, 0x80, 0x31, 0xf6, 0x0,

    /* U+628A "把" */
    0x0, 0xb9, 0x0, 0x3f, 0xf8, 0xa3, 0xbb, 0xf0,
    0x80, 0x63, 0x0, 0x9, 0x7f, 0x16, 0x71, 0x0,
    0x17, 0xf8, 0xab, 0x9c, 0xc, 0x80, 0x48, 0x2,
    0x5e, 0xe1, 0x57, 0x30, 0x7, 0xf8, 0x40, 0x30,
    0x80, 0x7f, 0xf0, 0x73, 0xa, 0x1, 0xfe, 0x17,
    0x25, 0x94, 0xf, 0xf0, 0x77, 0x80, 0x4b, 0xd6,
    0x32, 0xa2, 0x19, 0xfd, 0xfa, 0x1, 0x2c, 0xe1,
    0x80, 0x63, 0x11, 0x8e, 0x84, 0x0, 0xc0, 0x1f,
    0xf2, 0x80, 0x7f, 0xf0, 0xc6, 0x4, 0x0, 0x24,
    0xe0, 0x12, 0x80, 0x66, 0x71, 0xa, 0xe3, 0x30,
    0x1, 0xaf, 0xff, 0x44, 0x80, 0x2f, 0xb0, 0x2,
    0x9f, 0xff, 0x30, 0x0,

    /* U+6295 "投" */
    0x0, 0xbc, 0x80, 0x3f, 0xf8, 0xc7, 0xff, 0x90,
    0x3, 0xff, 0x81, 0xde, 0x40, 0x18, 0x62, 0x1,
    0x72, 0xc, 0x2, 0x1, 0xe1, 0xed, 0xe, 0xf1,
    0x94, 0x0, 0x35, 0xfb, 0x80, 0x19, 0x41, 0x59,
    0xe, 0x40, 0x17, 0xdc, 0x70, 0xf, 0xa, 0x50,
    0x99, 0xc4, 0x1, 0xc2, 0x1f, 0xc9, 0x79, 0xdd,
    0x62, 0x0, 0x13, 0x38, 0x17, 0x97, 0x4b, 0x75,
    0x22, 0xa0, 0x5, 0x56, 0x85, 0x8, 0x19, 0xc1,
    0xec, 0x1, 0xc, 0x90, 0x7, 0x4c, 0x32, 0xc0,
    0x7, 0xfc, 0xeb, 0x34, 0x1, 0xff, 0xc, 0x88,
    0xbd, 0x0, 0x33, 0xe0, 0x1a, 0x5f, 0x16, 0xf1,
    0xdf, 0xe0, 0x0, 0x96, 0xc5, 0x86, 0xec, 0x41,
    0x1f, 0x52, 0x0,

    /* U+6296 "抖" */
    0x0, 0x9b, 0xc0, 0x3c, 0x5e, 0x60, 0x1c, 0x60,
    0x19, 0x98, 0x6, 0x2, 0x1, 0xe1, 0x0, 0xba,
    0x44, 0x3, 0xc6, 0x9a, 0x8, 0xa1, 0x3, 0x0,
    0x1e, 0xa9, 0x51, 0x88, 0x10, 0x6c, 0x80, 0x7a,
    0x76, 0x7, 0x34, 0x84, 0xc0, 0x3f, 0xf8, 0x5e,
    0xc0, 0x1f, 0xc6, 0x35, 0xa1, 0x32, 0x30, 0xf,
    0x4e, 0xc8, 0x6e, 0x3, 0xc1, 0x80, 0x78, 0x96,
    0x5, 0xc4, 0x0, 0xe0, 0x41, 0x52, 0xc1, 0x70,
    0x40, 0x3, 0x8a, 0xdf, 0xc0, 0x31, 0x50, 0xf,
    0x32, 0x1d, 0xe6, 0x84, 0xc1, 0x80, 0x79, 0x72,
    0x58, 0xcc, 0x1, 0xe8, 0x81, 0x80, 0x7e, 0x10,
    0xc, 0x4f, 0xe0, 0x1e, 0x30, 0xc,

    /* U+6298 "折" */
    0x0, 0xb9, 0x80, 0x38, 0x92, 0x18, 0x3, 0x19,
    0x80, 0x15, 0xdf, 0x90, 0x7c, 0x1, 0xf9, 0x99,
    0xfd, 0x97, 0x0, 0x33, 0x7, 0xd2, 0x61, 0xe0,
    0x1f, 0xf0, 0x89, 0xc0, 0x3e, 0x19, 0x83, 0xe8,
    0x20, 0x8e, 0xed, 0xf2, 0x1, 0xb2, 0xc4, 0x1f,
    0x30, 0x37, 0x96, 0x9, 0x24, 0xf8, 0x2f, 0xc4,
    0x40, 0x63, 0x23, 0xb2, 0x1b, 0x70, 0x13, 0x0,
    0xf1, 0xf5, 0x98, 0x4, 0x4c, 0x1, 0xf0, 0x80,
    0x64, 0x2, 0x0, 0xff, 0xe0, 0x61, 0x8, 0x7,
    0xe2, 0x30, 0x16, 0x50, 0xf, 0xd1, 0xa2, 0x96,
    0x32, 0x0, 0x10, 0x70, 0xa, 0xa3, 0x47, 0xa0,
    0x40, 0x3e,

    /* U+629B "抛" */
    0x0, 0xf, 0x80, 0x25, 0x80, 0x2b, 0x50, 0xf,
    0xe3, 0x10, 0x9, 0xc0, 0x3f, 0xe1, 0x0, 0xfe,
    0xec, 0xd, 0x20, 0x1, 0x26, 0x9d, 0xed, 0x80,
    0x2a, 0x3, 0xbd, 0x63, 0x47, 0x8a, 0x6d, 0x80,
    0x8, 0xe0, 0x78, 0x96, 0x4c, 0x60, 0x8a, 0x1,
    0xe5, 0x47, 0x60, 0x8, 0x84, 0x3, 0x24, 0x7,
    0xb0, 0x88, 0x0, 0x60, 0x40, 0x12, 0x58, 0x2,
    0x8c, 0x88, 0x0, 0xb4, 0x0, 0xc9, 0xd0, 0x0,
    0x21, 0x0, 0x3b, 0x6a, 0x50, 0x4, 0x20, 0x13,
    0xa8, 0x0, 0xc9, 0x8d, 0x60, 0x3, 0xdd, 0x80,
    0x4, 0xc0, 0x7c, 0x61, 0x0, 0x30, 0x9a, 0x30,
    0x1, 0x4, 0x77, 0xc8, 0x45, 0xba, 0xb0, 0x82,
    0xc7, 0x76, 0x1a, 0x9, 0xe9, 0x69, 0x0, 0x47,
    0xff, 0x69, 0x0,

    /* U+62A4 "护" */
    0x0, 0xff, 0x10, 0x7, 0xdc, 0xc0, 0x18, 0x74,
    0xc0, 0x3c, 0x66, 0x0, 0xc2, 0xb2, 0x1, 0xff,
    0x11, 0x3a, 0x48, 0x80, 0x2, 0x10, 0x32, 0x15,
    0xdd, 0x5e, 0x6e, 0x94, 0xf3, 0xca, 0x32, 0x40,
    0x7f, 0xf1, 0x1, 0xf7, 0xa, 0xfa, 0x4, 0x3,
    0xff, 0x82, 0x20, 0x1f, 0xc4, 0xa7, 0x1e, 0xc2,
    0x2f, 0xfc, 0x40, 0xbb, 0xc1, 0x5e, 0xe6, 0x6f,
    0xfc, 0x40, 0xbf, 0x66, 0x40, 0xe, 0x60, 0xd,
    0xaa, 0x1, 0xf1, 0xe8, 0x7, 0xff, 0x0, 0x51,
    0x0, 0x1f, 0xc6, 0x0, 0x92, 0x30, 0xf, 0x97,
    0x85, 0xd1, 0xe0, 0x3, 0xf2, 0x5f, 0x13, 0xb9,
    0x40, 0x3e,

    /* U+62A5 "报" */
    0x0, 0x93, 0xc0, 0x3f, 0xf8, 0x4e, 0x20, 0x4,
    0xff, 0xf0, 0x7, 0xf8, 0x7b, 0xab, 0x0, 0xc8,
    0x90, 0x22, 0x80, 0x4, 0x60, 0x10, 0xb, 0xe2,
    0x86, 0x24, 0x2, 0x27, 0x85, 0x0, 0xaf, 0x38,
    0x73, 0x0, 0x11, 0xf5, 0xd0, 0x7, 0xc2, 0xc0,
    0x3f, 0xcd, 0x1c, 0xc0, 0x1, 0x59, 0x1f, 0xf0,
    0xb, 0xb7, 0x58, 0x20, 0xf, 0x58, 0x8b, 0xa4,
    0x1, 0x4e, 0x24, 0x64, 0x3, 0xbd, 0x0, 0x1c,
    0x44, 0x7b, 0xa0, 0x8, 0x80, 0x3f, 0x7c, 0x3,
    0x0, 0x7f, 0xf0, 0x89, 0x0, 0x30, 0xa1, 0x80,
    0x64, 0xd9, 0x95, 0xc8, 0x80, 0x32, 0x6c, 0x3,
    0x7c, 0x33, 0x2d, 0xd0, 0x1, 0xbc, 0xc0, 0x4,
    0xeb, 0x60, 0x2, 0x72, 0x80,

    /* U+62B1 "抱" */
    0x0, 0xbd, 0x0, 0x2b, 0x20, 0xf, 0xf3, 0x80,
    0x11, 0x48, 0x3, 0xff, 0x83, 0xc3, 0xdd, 0xc8,
    0x5, 0xba, 0xd, 0xd1, 0x26, 0xff, 0xe0, 0x8,
    0xe2, 0x42, 0x27, 0xa4, 0x84, 0x70, 0x38, 0xa,
    0xa0, 0x2e, 0xc, 0xff, 0xc6, 0x1, 0xf9, 0xbb,
    0xc3, 0x7c, 0x44, 0x0, 0x10, 0x8, 0x82, 0x80,
    0x80, 0x3c, 0x20, 0x2, 0xbd, 0xc, 0x60, 0x3,
    0x98, 0x6, 0x30, 0x22, 0x70, 0x7, 0x4f, 0x90,
    0x18, 0x8, 0x2, 0x44, 0x3, 0xbb, 0x30, 0xb8,
    0xc0, 0x1f, 0xfc, 0x17, 0xd9, 0x30, 0xe, 0x10,
    0x9, 0x80, 0x22, 0x4c, 0x20, 0x8e, 0x13, 0x0,
    0x3d, 0xff, 0xeb, 0x62, 0xa, 0xbe, 0x10, 0x4,
    0xff, 0xfa, 0x40,

    /* U+62B5 "抵" */
    0x0, 0xbc, 0xc0, 0x38, 0x9a, 0xd0, 0x3, 0xf1,
    0x6f, 0xfb, 0x68, 0x84, 0x3, 0xf8, 0xfb, 0xc6,
    0x25, 0x40, 0x7, 0xda, 0x1b, 0xc0, 0x1, 0x3,
    0x10, 0xc, 0x5b, 0xc1, 0x7a, 0x1, 0x84, 0x3,
    0x84, 0xcc, 0xc, 0x60, 0x26, 0x61, 0xd3, 0x38,
    0x3, 0xc8, 0x0, 0xee, 0x13, 0x76, 0xc8, 0x4,
    0x81, 0x9e, 0x3, 0xba, 0x66, 0x6f, 0x50, 0x1f,
    0xc8, 0x65, 0x80, 0x6f, 0x30, 0xc, 0x79, 0xa0,
    0x1e, 0x15, 0x50, 0x7, 0x18, 0x7, 0x97, 0x4c,
    0xc, 0x3, 0xfc, 0x37, 0x0, 0xf2, 0x34, 0x20,
    0x4c, 0x2, 0xe, 0x15, 0x45, 0x85, 0xa4, 0x10,
    0xa9, 0x62, 0x5, 0xc4, 0x89, 0x1a, 0x5b, 0x0,
    0x47, 0xc8, 0x4, 0x60, 0xd8, 0xb, 0xca, 0x0,

    /* U+62B9 "抹" */
    0x0, 0xb9, 0x40, 0x31, 0x79, 0x0, 0x7c, 0x20,
    0x1c, 0x60, 0x1f, 0xfc, 0x2, 0x33, 0x28, 0x39,
    0x98, 0x80, 0x6, 0x40, 0x65, 0x5d, 0xc9, 0x8,
    0xee, 0x58, 0x3, 0xbc, 0x23, 0xa3, 0x75, 0x81,
    0xfb, 0xa9, 0x0, 0x6e, 0x82, 0xf0, 0x3, 0xff,
    0x84, 0x4e, 0x5d, 0xb8, 0x19, 0xbc, 0x80, 0x12,
    0x4, 0x79, 0x67, 0x98, 0x17, 0xe2, 0x1, 0x75,
    0x5, 0x40, 0x12, 0x18, 0x18, 0x90, 0x0, 0xa3,
    0x80, 0x3a, 0x2c, 0x16, 0x0, 0x33, 0x0, 0x74,
    0x93, 0x84, 0x2b, 0x0, 0x7e, 0x66, 0x70, 0x5,
    0x52, 0x80, 0x1e, 0x59, 0x91, 0x0, 0x48, 0xd6,
    0x40, 0x76, 0x2, 0xee, 0x60, 0xe, 0x9b, 0x20,
    0x27, 0x72, 0x14, 0x0, 0xc, 0x3, 0x20, 0x0,

    /* U+62C5 "担" */
    0x0, 0xbd, 0x80, 0x3f, 0xf8, 0x66, 0x0, 0xbf,
    0xff, 0x28, 0x7, 0xe1, 0x7d, 0xdc, 0x20, 0x3,
    0x99, 0x7, 0x49, 0x7, 0x91, 0x60, 0x8, 0x46,
    0x1, 0x10, 0x7, 0xf8, 0xa2, 0x1, 0xf0, 0x41,
    0x1f, 0xf8, 0x40, 0x3d, 0xb2, 0x0, 0x7d, 0xdc,
    0x20, 0x12, 0x48, 0x30, 0x80, 0x3c, 0x8b, 0x0,
    0x45, 0x64, 0x17, 0x0, 0x1f, 0xe2, 0xeb, 0x0,
    0xc3, 0x1f, 0xf8, 0x40, 0x21, 0x0, 0xea, 0xdd,
    0xf2, 0x0, 0x7e, 0x12, 0x2f, 0x8, 0x7, 0x8,
    0x21, 0x9f, 0xe2, 0xa, 0xe0, 0x63, 0xae, 0xef,
    0xb6, 0xc3, 0xdb, 0x8, 0xfb, 0x77, 0xee, 0x90,

    /* U+62C7 "拇" */
    0x0, 0xbc, 0x80, 0x19, 0xdd, 0xe5, 0x0, 0xfc,
    0x35, 0xff, 0x84, 0x40, 0x1f, 0x8d, 0xca, 0x4,
    0x40, 0xe0, 0xd, 0xc0, 0xf9, 0x1, 0x11, 0x3b,
    0x0, 0x77, 0x70, 0x26, 0xc0, 0x6, 0x36, 0x80,
    0x1, 0x0, 0x19, 0x3, 0x19, 0x80, 0x88, 0xe0,
    0x60, 0xc2, 0x1, 0xcf, 0xa1, 0xdf, 0xf7, 0x4,
    0xb8, 0x0, 0x83, 0xf, 0x3, 0x75, 0x9b, 0xe1,
    0xac, 0x79, 0x80, 0xd5, 0x62, 0x6, 0xc0, 0xe,
    0x3a, 0xe0, 0x10, 0x11, 0x3, 0x2, 0x88, 0x6,
    0x60, 0xc, 0x40, 0x44, 0xf7, 0x61, 0x20, 0xf,
    0xc3, 0xff, 0xac, 0x70, 0x80, 0x2, 0x6, 0xf,
    0xbb, 0xd0, 0x7c, 0x40, 0xbc, 0x62, 0x1, 0xc3,
    0x53, 0x60, 0x12, 0xe6, 0x0, 0x3c, 0x39, 0x6e,
    0x0,

    /* U+62C9 "拉" */
    0x0, 0xff, 0xe3, 0xf2, 0x80, 0x43, 0xc6, 0x1,
    0xff, 0xc1, 0x15, 0x90, 0xf, 0xc6, 0x1, 0xde,
    0x40, 0x1c, 0x9f, 0xe2, 0xae, 0xaf, 0xf5, 0xbf,
    0xfc, 0xc0, 0x9d, 0xe5, 0x5f, 0x5f, 0xfd, 0xde,
    0xc0, 0x1, 0x0, 0x84, 0x18, 0x80, 0x2a, 0x90,
    0xf, 0x66, 0x85, 0xa8, 0x4, 0xbe, 0x1, 0x98,
    0x92, 0x1, 0x6c, 0x0, 0x42, 0xe0, 0x4, 0xeb,
    0x18, 0x50, 0xb3, 0x20, 0x42, 0x10, 0x2, 0x46,
    0x98, 0x4, 0x62, 0xa1, 0x88, 0x1, 0x98, 0x3,
    0xc9, 0x60, 0x9a, 0x1, 0xff, 0x75, 0x18, 0xa0,
    0x7, 0x8c, 0x8, 0xcc, 0xeb, 0x46, 0x72, 0x0,
    0x1e, 0xc5, 0xab, 0xff, 0x28, 0x7f, 0xa4, 0x40,
    0x89, 0x67, 0x19, 0x9f, 0xb4, 0x40,

    /* U+62CD "拍" */
    0x0, 0xff, 0xe3, 0x27, 0x80, 0x76, 0x50, 0x7,
    0x9c, 0x3, 0xc7, 0xe0, 0x1f, 0xe1, 0x56, 0x3,
    0x55, 0x80, 0x88, 0xc0, 0x46, 0x55, 0x43, 0xa9,
    0x8a, 0xb, 0xfb, 0xf, 0xd0, 0x1c, 0xcd, 0xc0,
    0x9, 0xdd, 0x6, 0xf0, 0x7, 0xc2, 0x1, 0xe2,
    0x0, 0xff, 0x98, 0x3a, 0x80, 0x7f, 0xf6, 0x0,
    0xce, 0xd0, 0x7c, 0x0, 0xff, 0xec, 0x1, 0x3b,
    0xb0, 0x8, 0x7, 0xfa, 0x99, 0xc0, 0x3f, 0xf8,
    0xe2, 0x67, 0x94, 0x3, 0xfd, 0xdd, 0xa0, 0x2,
    0xad, 0x10, 0x8, 0x77, 0x78, 0x40, 0x6, 0x68,
    0x0, 0x38, 0x7, 0x1f, 0x80, 0x27, 0x58, 0x0,
    0x9c, 0x1, 0xe0,

    /* U+62DC "拜" */
    0x0, 0xe5, 0x30, 0xf, 0xf1, 0x2c, 0xf5, 0x5b,
    0x7f, 0xfb, 0x80, 0xa, 0x5e, 0x3f, 0xd, 0xdf,
    0x43, 0xfd, 0xe0, 0x7, 0x72, 0x80, 0x61, 0x1,
    0x0, 0x8, 0x80, 0x21, 0x0, 0x84, 0xff, 0xd6,
    0x3f, 0xe8, 0x0, 0x4f, 0xe8, 0x77, 0xf, 0xb9,
    0x43, 0xdc, 0x90, 0x4, 0xf6, 0x87, 0x78, 0x18,
    0x7, 0xff, 0x9, 0x33, 0x16, 0x39, 0x88, 0x1,
    0x99, 0x82, 0x69, 0x7b, 0x68, 0x77, 0x52, 0x0,
    0xef, 0x31, 0xfd, 0x43, 0x38, 0xc, 0xe2, 0x17,
    0x6e, 0x56, 0x78, 0xff, 0x50, 0xff, 0xc8, 0x1,
    0x56, 0x0, 0x37, 0x31, 0x23, 0x99, 0x30, 0x2,
    0x9, 0x80, 0x3f, 0xf8, 0xe, 0xe9, 0x10, 0xf,
    0xfe, 0xb, 0xb0, 0x7, 0x84, 0x40, 0x18,

    /* U+62E5 "拥" */
    0x0, 0xbd, 0x0, 0x3f, 0xf8, 0x9d, 0xff, 0xf2,
    0x80, 0x42, 0x1, 0x4f, 0x58, 0xf7, 0x4, 0x40,
    0xaa, 0x1c, 0x33, 0x0, 0x80, 0x4, 0x40, 0x1,
    0xb8, 0x6, 0xa0, 0x11, 0x80, 0x44, 0x0, 0x1e,
    0xd1, 0xa9, 0x9, 0xcb, 0x1c, 0xc0, 0x80, 0x7e,
    0x8d, 0xa1, 0xdd, 0x8, 0x7, 0x44, 0x80, 0x7f,
    0x9b, 0x45, 0x24, 0xe7, 0xec, 0x7f, 0xc2, 0x3,
    0x70, 0x38, 0x0, 0xaf, 0xb1, 0xff, 0x8, 0xe,
    0xa8, 0x4, 0x2c, 0x1, 0xff, 0xc0, 0x20, 0x20,
    0x0, 0x80, 0x78, 0x84, 0x10, 0xc4, 0x4, 0x0,
    0x42, 0xe0, 0xba, 0x49, 0xb6, 0x0, 0x4b, 0xd,
    0x22, 0x2, 0xee, 0x82, 0xd8, 0x0, 0x28, 0x1d,
    0xa2,

    /* U+62E9 "择" */
    0x0, 0x1f, 0x88, 0x7, 0xff, 0x15, 0x7f, 0xfd,
    0xa0, 0x10, 0xb8, 0x18, 0xad, 0x97, 0xfb, 0x87,
    0x80, 0x5, 0xd6, 0x1b, 0xe0, 0x8f, 0x69, 0x90,
    0x60, 0x2, 0xfc, 0xe, 0xe0, 0x2, 0xd6, 0xd1,
    0x80, 0x3f, 0xb, 0x4f, 0xa4, 0xbf, 0x54, 0x8,
    0x6, 0xa4, 0xc1, 0xcf, 0xee, 0x59, 0x90, 0x94,
    0xe8, 0x1a, 0x5c, 0x9e, 0xa8, 0xa4, 0x50, 0x1,
    0x18, 0x24, 0x67, 0xb8, 0xe5, 0xdc, 0xd0, 0x1,
    0x6d, 0x80, 0x51, 0xfe, 0x82, 0xff, 0x60, 0x7,
    0xc4, 0x41, 0x10, 0x0, 0x48, 0xa0, 0xf, 0x76,
    0x7f, 0xa0, 0xbf, 0x31, 0xa0, 0x3, 0x40, 0x1c,
    0xee, 0xa0, 0xbb, 0xaf, 0x0, 0x54, 0x18, 0x7,
    0xff, 0x6, 0xa9, 0x80, 0x1d, 0xe0, 0x1e,

    /* U+62FE "拾" */
    0x0, 0xff, 0xe3, 0xf, 0x90, 0x6, 0xca, 0x0,
    0xff, 0xe0, 0x91, 0xa9, 0x0, 0x7f, 0xf0, 0x2c,
    0x9f, 0x80, 0x38, 0xd4, 0x18, 0xc0, 0x9a, 0x20,
    0x50, 0x1, 0xf, 0x48, 0x4f, 0x17, 0x1a, 0x85,
    0x3c, 0x0, 0x7, 0x70, 0x3f, 0x68, 0xe4, 0x88,
    0xcc, 0x7c, 0x30, 0xe, 0x57, 0x75, 0xe6, 0x49,
    0x40, 0x40, 0x3, 0xb, 0x3e, 0x8e, 0xed, 0xab,
    0x82, 0x5b, 0xa0, 0xf6, 0x1e, 0xef, 0x68, 0x0,
    0xab, 0x41, 0x0, 0x3, 0x79, 0x94, 0x18, 0x4,
    0xe6, 0x1, 0xc2, 0x45, 0x18, 0x7, 0xff, 0x24,
    0xc0, 0x3a, 0xff, 0xea, 0x0, 0xd3, 0xa0, 0x60,
    0x15, 0xff, 0xd4, 0x20, 0x16, 0xb5, 0x88, 0x7,
    0xcb, 0xe0, 0x0,

    /* U+62FF "拿" */
    0x0, 0xff, 0xe5, 0xd5, 0x0, 0x3f, 0xf8, 0x3,
    0x6c, 0x36, 0x40, 0x1f, 0x8a, 0x3f, 0x31, 0x7b,
    0x92, 0x60, 0x1a, 0x37, 0x42, 0x5b, 0x54, 0xc2,
    0x3d, 0xeb, 0x50, 0xbb, 0x74, 0x56, 0x66, 0xa8,
    0xfa, 0x35, 0x3, 0x65, 0xea, 0xaf, 0x7e, 0x24,
    0x0, 0x67, 0x18, 0x8f, 0x50, 0x7, 0xc2, 0xd9,
    0x9e, 0xe7, 0x20, 0x8, 0x6a, 0xc, 0xc8, 0xaa,
    0x77, 0x23, 0x58, 0x4, 0x3f, 0xd1, 0x3d, 0x7,
    0xfe, 0xdc, 0x90, 0xc, 0x57, 0x9b, 0xaa, 0x1f,
    0xfd, 0xa0, 0x11, 0xa6, 0x66, 0x91, 0xcc, 0xdc,
    0x40, 0xe, 0xff, 0xeb, 0x1f, 0xfe, 0xe3, 0xd,
    0xcc, 0xd0, 0x83, 0x99, 0xe3, 0x0, 0xf6, 0x15,
    0x80, 0x7c,

    /* U+6301 "持" */
    0x0, 0xb5, 0x40, 0x33, 0x68, 0x7, 0xe2, 0x10,
    0xc, 0x60, 0x1f, 0xc2, 0x0, 0x27, 0x6c, 0x36,
    0x63, 0x80, 0x5, 0x54, 0x38, 0xc3, 0xb8, 0xa3,
    0x99, 0x0, 0xa, 0x24, 0x16, 0xca, 0xa9, 0x25,
    0x54, 0xb0, 0x1, 0xee, 0xc, 0xea, 0x99, 0x88,
    0xc, 0xf0, 0x80, 0x70, 0xc7, 0xfa, 0xc7, 0xb3,
    0xf8, 0x80, 0x4, 0x35, 0x79, 0x9d, 0x67, 0x9a,
    0x69, 0xda, 0x17, 0x53, 0xbb, 0xa0, 0xf7, 0x40,
    0xaf, 0xc2, 0x20, 0xbe, 0xff, 0x98, 0xff, 0x80,
    0x64, 0x40, 0x23, 0xd6, 0x22, 0x70, 0x11, 0x80,
    0x7c, 0x2b, 0x20, 0x1f, 0xfc, 0x28, 0x22, 0x0,
    0x7c, 0x90, 0x2e, 0x0, 0x3e, 0x35, 0xd7, 0x0,
    0xc4, 0xb0, 0x60, 0x10, 0x8a, 0xdb, 0xc0, 0x20,

    /* U+6302 "挂" */
    0x0, 0xbc, 0xc0, 0x30, 0xf8, 0x80, 0x7f, 0xf3,
    0x96, 0x21, 0x21, 0x31, 0x5, 0x0, 0x11, 0x1,
    0x88, 0x7f, 0xc0, 0x17, 0xf8, 0x0, 0x7f, 0xc1,
    0x10, 0x47, 0x74, 0x84, 0xbb, 0x94, 0xf, 0x70,
    0x3a, 0x90, 0xcc, 0xa0, 0xa6, 0x64, 0x10, 0xe,
    0x29, 0xff, 0x41, 0xc7, 0xfa, 0x14, 0x9, 0xc3,
    0x93, 0x73, 0x23, 0xec, 0xc9, 0x7, 0x70, 0x39,
    0x80, 0x3f, 0xc3, 0xb6, 0x1, 0x47, 0xfc, 0x1b,
    0xfe, 0x90, 0x1, 0x0, 0x68, 0xff, 0x83, 0x7f,
    0xd2, 0x1, 0xff, 0xc9, 0x10, 0xf, 0xfe, 0x2,
    0xd8, 0x1c, 0xff, 0xe0, 0xdf, 0xf9, 0xc1, 0x8b,
    0x6, 0x7f, 0xff, 0x9c,

    /* U+6307 "指" */
    0x0, 0xbd, 0x0, 0x3f, 0xf8, 0x42, 0x0, 0x1f,
    0x20, 0x8, 0x80, 0x3f, 0x84, 0x19, 0x23, 0x30,
    0xc0, 0x11, 0x10, 0x8, 0x80, 0x8, 0xcd, 0xee,
    0x30, 0x5, 0x9e, 0x31, 0xe0, 0xe, 0x85, 0x20,
    0x47, 0x0, 0x76, 0x8d, 0x68, 0x1, 0x57, 0xa3,
    0x0, 0x38, 0x54, 0x2b, 0xf3, 0x35, 0xd0, 0x4,
    0xa3, 0x58, 0x32, 0x8a, 0xba, 0xc4, 0x17, 0xec,
    0x2e, 0x44, 0xe7, 0xfe, 0xa2, 0x0, 0x23, 0x70,
    0x80, 0x67, 0x33, 0x88, 0x2, 0x19, 0x0, 0xf6,
    0xff, 0xd6, 0x1, 0xff, 0x6f, 0xfd, 0x60, 0x18,
    0xd0, 0x5c, 0x2, 0xce, 0xea, 0x80, 0x35, 0x51,
    0x4c, 0x2, 0xdf, 0xfa, 0xc4, 0x2, 0x9e, 0xa0,
    0x0, 0x80, 0x8e, 0x5f, 0x0, 0x0,

    /* U+6309 "按" */
    0x0, 0xfe, 0x11, 0x0, 0x7e, 0xf2, 0x0, 0xd5,
    0x60, 0x1f, 0xfc, 0x29, 0x41, 0x0, 0xff, 0x46,
    0x63, 0x8b, 0x73, 0xe, 0x7, 0xb8, 0x1e, 0xa4,
    0xbf, 0xfc, 0xdc, 0x7, 0xfc, 0x12, 0x80, 0x27,
    0x34, 0x66, 0x20, 0x8, 0x88, 0xc, 0x33, 0x60,
    0xb8, 0x0, 0xaa, 0x0, 0x78, 0x84, 0x4c, 0x2e,
    0x44, 0x1, 0x0, 0x84, 0x3e, 0xbb, 0xe4, 0x3f,
    0xdb, 0x9e, 0x25, 0x5c, 0x13, 0x19, 0x23, 0xfb,
    0x81, 0x9a, 0x24, 0x7a, 0xc, 0x0, 0x99, 0x8,
    0x4a, 0x10, 0x5, 0x24, 0x1, 0xb, 0x4b, 0x9b,
    0xc0, 0x7, 0xf0, 0xde, 0x5e, 0x11, 0x80, 0x7c,
    0x60, 0x2, 0xa3, 0x71, 0xe6, 0x0, 0x9b, 0x80,
    0x5f, 0x74, 0x5b, 0x19, 0x32, 0xa0, 0x3, 0xc7,
    0x2, 0xc7, 0x51, 0x0, 0x1f, 0x60, 0x0,

    /* U+6311 "挑" */
    0x0, 0x1f, 0x80, 0x6c, 0x53, 0xe0, 0xf, 0xfe,
    0x0, 0x98, 0x7, 0xf0, 0x81, 0xd0, 0x0, 0xc0,
    0x28, 0xb0, 0x7, 0x68, 0xea, 0xa8, 0xc0, 0x40,
    0x26, 0xd0, 0x6, 0xd8, 0xfb, 0xa5, 0x0, 0x68,
    0x36, 0x0, 0x1b, 0x1, 0xe, 0xf8, 0x6, 0x9e,
    0x0, 0xf1, 0xab, 0x30, 0x2, 0x10, 0x30, 0x8,
    0xe8, 0x74, 0xc1, 0x88, 0x2, 0xf4, 0x0, 0x26,
    0x28, 0xf0, 0x6d, 0xb, 0x80, 0xc5, 0xb0, 0x26,
    0xf8, 0x0, 0xeb, 0x4, 0x40, 0x6, 0xa5, 0x0,
    0x10, 0x4, 0xae, 0x80, 0x40, 0x12, 0x98, 0x7,
    0xe8, 0x60, 0xe, 0x82, 0x0, 0x38, 0x5, 0x45,
    0x60, 0x1, 0x33, 0x3b, 0x81, 0xac, 0x82, 0xd3,
    0x48, 0xd, 0x37, 0x99, 0x41, 0xf3, 0x1, 0x38,
    0x60, 0x15, 0xf6, 0xc8, 0x0,

    /* U+6316 "挖" */
    0x0, 0xff, 0x8, 0x7, 0xc7, 0xe0, 0x1c, 0x9c,
    0x20, 0x1f, 0xc3, 0x33, 0x70, 0x5c, 0xcc, 0x20,
    0x1e, 0x6e, 0xfc, 0x9c, 0xfe, 0x60, 0x4e, 0xd0,
    0xe8, 0x5, 0x14, 0x62, 0x45, 0x0, 0x2e, 0xd8,
    0x64, 0x6b, 0xc3, 0x87, 0x6a, 0x78, 0x88, 0xd8,
    0x8, 0x5a, 0xa5, 0x42, 0xa6, 0x4a, 0x1, 0xd2,
    0x8d, 0xc, 0x1, 0x36, 0x28, 0x1, 0x60, 0x0,
    0xaa, 0x9e, 0xee, 0xa0, 0x1, 0x50, 0x84, 0x8b,
    0x7f, 0xd4, 0x5, 0x40, 0x2, 0xe9, 0x0, 0x84,
    0x64, 0xb6, 0xc3, 0x0, 0x84, 0x3, 0xcf, 0x54,
    0x80, 0xf, 0xf9, 0xe7, 0x54, 0x0, 0x2c, 0x0,
    0x16, 0x10, 0xa, 0x18, 0x80, 0x27, 0x91, 0x9,
    0xa6, 0x0, 0x95, 0xff, 0xf4, 0xb8, 0x84, 0x7c,
    0x0, 0x55, 0xff, 0xe8, 0x0,

    /* U+6325 "挥" */
    0x0, 0x17, 0x80, 0x7f, 0xf1, 0x47, 0xff, 0xf2,
    0x80, 0x7e, 0xef, 0x8e, 0xff, 0x8, 0x80, 0x6e,
    0x42, 0xe5, 0xc5, 0x64, 0x2, 0x86, 0x1, 0x98,
    0xa, 0x85, 0xda, 0x1c, 0xdd, 0x59, 0x80, 0x8,
    0x40, 0x43, 0xec, 0x77, 0x32, 0xf1, 0x0, 0xe1,
    0x42, 0xb8, 0xf, 0x11, 0x10, 0x6, 0x40, 0xfc,
    0x80, 0x71, 0x1e, 0x0, 0x1f, 0x40, 0x7c, 0x19,
    0xbf, 0x43, 0xfd, 0xa0, 0x3, 0x8c, 0x1, 0xb,
    0xee, 0x60, 0x77, 0x30, 0x2, 0x60, 0x8, 0x8c,
    0xe7, 0x3, 0x39, 0x0, 0x3c, 0xbf, 0x10, 0x90,
    0x88, 0xc2, 0x1, 0xcf, 0x97, 0x6e, 0xb, 0xbb,
    0x4, 0x1a, 0x44, 0x3, 0xff, 0x83, 0xc1, 0x40,
    0x1f, 0xfc, 0x0,

    /* U+6346 "捆" */
    0x0, 0xbd, 0x0, 0x3f, 0xf8, 0xbd, 0xff, 0xf8,
    0x3, 0xe3, 0x9d, 0xd5, 0x6e, 0xb0, 0x3, 0xf8,
    0xc8, 0x96, 0x24, 0x20, 0x5, 0xff, 0x5, 0xd8,
    0x0, 0xa8, 0xa, 0xa6, 0x0, 0x2f, 0xf8, 0x2e,
    0xc0, 0x8, 0x91, 0xb9, 0x30, 0xf, 0x84, 0x1,
    0xae, 0x1d, 0x8a, 0x1, 0x84, 0x2a, 0xc0, 0x2,
    0xa1, 0x32, 0x0, 0x8b, 0x38, 0x26, 0x80, 0x14,
    0xc3, 0xcc, 0x20, 0x2, 0x4e, 0x3, 0x0, 0x6a,
    0xc0, 0x3c, 0x0, 0x68, 0x10, 0xd, 0xbe, 0x20,
    0x7, 0x10, 0xf, 0xf0, 0x80, 0x7f, 0xf0, 0x88,
    0xcd, 0xa0, 0x6e, 0x1, 0x14, 0x8b, 0x1, 0xcf,
    0x77, 0x40, 0x4, 0x57, 0xc4, 0x1f, 0xdb, 0xbe,
    0xf0,

    /* U+635F "损" */
    0x0, 0xf, 0x90, 0x7, 0xff, 0x1a, 0xbf, 0xfc,
    0x1, 0x19, 0x3, 0x18, 0x2, 0x3f, 0xed, 0x10,
    0x1, 0x6e, 0x82, 0xbc, 0x1, 0x3b, 0xb7, 0x88,
    0x0, 0xbb, 0xc3, 0x30, 0x17, 0x9f, 0xfb, 0x40,
    0x3f, 0x27, 0xe6, 0x79, 0xc0, 0x3a, 0x28, 0x1,
    0x99, 0xca, 0x0, 0x2a, 0xf0, 0x38, 0x0, 0x10,
    0x78, 0x90, 0x6, 0x68, 0xb, 0x20, 0x8, 0x48,
    0x80, 0x18, 0xb1, 0xc0, 0x3c, 0xc0, 0x20, 0xf,
    0x0, 0xf9, 0xdc, 0x18, 0x80, 0xd, 0xd0, 0x7,
    0xc7, 0x28, 0xdf, 0x54, 0x45, 0x0, 0x23, 0x1,
    0x81, 0x45, 0xc2, 0x40, 0x6c, 0x0, 0x32, 0x9c,
    0x63, 0x56, 0xdc, 0xa, 0xad, 0x8c, 0x23, 0x60,
    0x23, 0x35, 0x0, 0x32, 0x71, 0x80,

    /* U+6392 "排" */
    0x0, 0x17, 0x90, 0x4, 0x9c, 0x18, 0xa0, 0x1f,
    0x18, 0x7, 0x84, 0x3, 0xfc, 0x66, 0x20, 0x8,
    0x8d, 0x0, 0x77, 0x83, 0x66, 0xbe, 0xc0, 0x2a,
    0xf9, 0x1, 0x99, 0x4, 0x5c, 0xe4, 0x80, 0x51,
    0x9a, 0x0, 0x47, 0x5, 0x20, 0xf, 0xfe, 0x19,
    0xb6, 0x48, 0x5, 0x19, 0x0, 0x13, 0x87, 0x52,
    0xcd, 0x0, 0x4b, 0x16, 0x7, 0xf0, 0x1b, 0x26,
    0xa6, 0x1, 0x6a, 0x18, 0x1d, 0x78, 0x18, 0x7,
    0xff, 0x1, 0x40, 0x23, 0xed, 0xa0, 0xa, 0xf7,
    0x88, 0x3, 0x8b, 0x7a, 0x0, 0x29, 0xed, 0x20,
    0xe, 0x13, 0x31, 0x0, 0x44, 0x66, 0x0, 0x34,
    0x0, 0x80, 0x7f, 0xf0, 0x55, 0x80, 0x30, 0x80,
    0x46, 0x1, 0x9b, 0xe4, 0x3, 0x2f, 0x6, 0xb0,
    0x4,

    /* U+63A5 "接" */
    0x0, 0xff, 0x20, 0x7, 0xc3, 0xe2, 0x1, 0x8e,
    0xc8, 0x3, 0xfc, 0xb1, 0xb, 0x9, 0x88, 0x48,
    0x7, 0xfc, 0xe6, 0x20, 0x11, 0xff, 0x83, 0xe5,
    0x64, 0xa2, 0x26, 0xc9, 0x3, 0xcd, 0xd, 0xb0,
    0x14, 0x70, 0x40, 0x40, 0x8, 0xc8, 0x8, 0xb3,
    0x9, 0x72, 0x11, 0x80, 0x78, 0xaf, 0xd6, 0xfd,
    0xdb, 0xf8, 0x0, 0x28, 0x1e, 0xf3, 0xba, 0x8,
    0xdd, 0xc0, 0x7d, 0x21, 0xe9, 0xff, 0x15, 0x7f,
    0xe8, 0x3b, 0xd0, 0x0, 0xf7, 0x6, 0x7f, 0x3,
    0xbe, 0x1, 0x0, 0x30, 0xb8, 0x8d, 0x2e, 0x20,
    0x1f, 0xcd, 0x79, 0xcb, 0x60, 0x18, 0x48, 0x4,
    0x0, 0x22, 0x72, 0x5c, 0xa2, 0x0, 0x46, 0x18,
    0x16, 0xf4, 0x56, 0xd6, 0x36, 0x8, 0x5e, 0x60,
    0xa, 0x77, 0x4c, 0x0, 0x3c, 0xc0, 0x80,

    /* U+63A8 "推" */
    0x0, 0xff, 0xe3, 0x17, 0x90, 0x0, 0xbd, 0x1b,
    0x40, 0x3c, 0x60, 0x60, 0x4, 0x14, 0x73, 0x60,
    0xf, 0xf5, 0xb8, 0x86, 0xb9, 0x18, 0x1, 0x50,
    0x10, 0xd4, 0x9b, 0xb9, 0x9d, 0xb8, 0x21, 0x3c,
    0x1d, 0x50, 0x17, 0xf6, 0x1f, 0xee, 0x10, 0xca,
    0xa, 0x13, 0x11, 0xc0, 0x24, 0x1, 0xf5, 0xd0,
    0x5f, 0xd8, 0x7e, 0x48, 0x4, 0x61, 0xb6, 0x81,
    0x5d, 0x41, 0xdc, 0x80, 0x3c, 0xd0, 0x98, 0x0,
    0xff, 0x1a, 0x68, 0x20, 0x5, 0x7f, 0x61, 0xfe,
    0x90, 0x4, 0x18, 0x7, 0x5f, 0xd8, 0x7f, 0xa4,
    0x3, 0xff, 0x8c, 0x24, 0x2, 0x1, 0x5f, 0xd8,
    0x7f, 0xce, 0x17, 0x82, 0x1, 0xaf, 0xff, 0xb9,
    0xc3, 0x52, 0x80, 0x3f, 0xc2, 0x0,

    /* U+63B7 "掷" */
    0x0, 0x1f, 0x80, 0x88, 0xc, 0x80, 0x3f, 0xe8,
    0x90, 0x8b, 0x1f, 0xfb, 0x0, 0x3d, 0xe, 0x29,
    0x60, 0xe, 0x65, 0x3, 0xee, 0x6, 0x86, 0xaa,
    0x10, 0x4, 0xb8, 0x5, 0x56, 0x13, 0x7f, 0x49,
    0x60, 0x11, 0xa0, 0xa, 0x28, 0x24, 0x78, 0x5c,
    0x80, 0x14, 0x84, 0x3, 0xa0, 0x8, 0x14, 0x80,
    0x4, 0x20, 0x12, 0xc0, 0xf, 0xe8, 0xe6, 0x98,
    0x38, 0xa0, 0x2d, 0x8, 0x4f, 0x40, 0x77, 0xc,
    0x1, 0x10, 0x5, 0xe9, 0x0, 0x18, 0x82, 0x18,
    0x4, 0xe6, 0x0, 0x10, 0xd, 0xab, 0x2c, 0x1,
    0x30, 0x8, 0x7, 0xb, 0x45, 0x49, 0x83, 0xda,
    0x88, 0x25, 0x8, 0x53, 0x12, 0x71, 0x83, 0xe5,
    0x0, 0x31, 0xe0, 0x45, 0x20, 0x1, 0x0, 0x8c,
    0x2, 0x8e, 0x61, 0xa0, 0xf, 0xf0,

    /* U+63D0 "提" */
    0x0, 0x1f, 0x80, 0x7f, 0xf1, 0x87, 0xff, 0xe0,
    0xf, 0xf5, 0xe6, 0x54, 0x1, 0x95, 0x1, 0x54,
    0x0, 0xad, 0xda, 0xc0, 0x21, 0xcd, 0xd, 0xd0,
    0x3, 0xfb, 0xad, 0x0, 0x86, 0x64, 0x11, 0x0,
    0x7, 0x7f, 0xd8, 0x20, 0x1e, 0x13, 0x1f, 0xff,
    0x70, 0x6, 0x60, 0xf4, 0xff, 0xfe, 0x33, 0x65,
    0x6, 0x3f, 0x73, 0xf0, 0x3f, 0xee, 0x32, 0x4c,
    0x2, 0x3, 0xe2, 0x0, 0x8, 0x88, 0x40, 0x60,
    0x3, 0x38, 0x10, 0x3, 0xfd, 0xa0, 0x1f, 0xbc,
    0xc, 0x1, 0xdc, 0xf0, 0x8, 0x58, 0x0, 0x8a,
    0xd9, 0xe0, 0x67, 0x20, 0x84, 0xd2, 0x1d, 0xbc,
    0xea, 0x96, 0x65, 0x62, 0x13, 0xb6, 0x77, 0x0,
    0x53, 0xbf, 0xf8, 0x0,

    /* U+6401 "搁" */
    0x0, 0xff, 0xe2, 0x97, 0x80, 0x13, 0x44, 0x3,
    0xf8, 0x40, 0x8, 0x10, 0xff, 0xfb, 0x80, 0x38,
    0x67, 0x23, 0xb3, 0xb9, 0x60, 0xd, 0xf1, 0xd5,
    0x61, 0x66, 0x18, 0x89, 0xc0, 0x14, 0xa1, 0x4c,
    0x0, 0xa0, 0xff, 0x28, 0x4, 0xf4, 0x2e, 0x60,
    0xe4, 0x7c, 0x2a, 0x1, 0xf1, 0x81, 0x42, 0x7c,
    0x0, 0x70, 0x8b, 0x90, 0x15, 0x88, 0x29, 0x5c,
    0x6, 0xf0, 0x35, 0xc1, 0xf8, 0x3e, 0xed, 0xc0,
    0x25, 0x42, 0x60, 0x5, 0x95, 0xa8, 0xf9, 0x0,
    0x4b, 0x80, 0x62, 0x52, 0xb1, 0x0, 0xff, 0x9c,
    0xa8, 0x40, 0x39, 0xc0, 0x39, 0x36, 0x34, 0x5c,
    0x1, 0x54, 0x60, 0xe, 0x22, 0xaa, 0xd8, 0x2f,
    0xe0, 0x7, 0xc0, 0x3a, 0xfe, 0x0,

    /* U+642C "搬" */
    0x0, 0xff, 0xe3, 0x1d, 0x80, 0x56, 0xc0, 0x1f,
    0xe7, 0x0, 0x12, 0xa8, 0x4b, 0xba, 0x10, 0xf,
    0x26, 0x2c, 0x78, 0x17, 0x0, 0x6c, 0xf3, 0xc1,
    0x5c, 0xa3, 0x0, 0xfb, 0xa4, 0xb8, 0x42, 0xd0,
    0x1d, 0x80, 0x38, 0x98, 0x49, 0xc2, 0x8c, 0xd1,
    0x80, 0xbc, 0xe0, 0x18, 0xc0, 0xc, 0xe7, 0x6c,
    0x17, 0xce, 0x0, 0x43, 0x9e, 0x4d, 0xc0, 0xde,
    0xe9, 0x80, 0x1d, 0x67, 0x52, 0xb7, 0x81, 0xef,
    0xca, 0x60, 0xf, 0xf0, 0x0, 0x4e, 0xd4, 0x11,
    0x41, 0x54, 0x0, 0x10, 0x8, 0xb9, 0x74, 0x0,
    0xe8, 0x62, 0x1, 0xec, 0x39, 0x80, 0x6, 0xdd,
    0x0, 0x78, 0x51, 0x2, 0x60, 0x1f, 0xa7, 0x9a,
    0xd8, 0x1f, 0x1e, 0x6f, 0x2a, 0xc8, 0x32, 0x2a,
    0x6c, 0x1b, 0x60, 0x30, 0xf4, 0xcc,

    /* U+6447 "摇" */
    0x0, 0xff, 0xe0, 0x88, 0x7, 0x71, 0x0, 0x42,
    0x6b, 0x3b, 0xc6, 0x1, 0x84, 0x7, 0x3f, 0xbf,
    0xc3, 0x18, 0x40, 0x1e, 0x1d, 0xd7, 0xcd, 0xc2,
    0xc1, 0x0, 0x2e, 0xc1, 0xd2, 0xbe, 0x1b, 0x40,
    0x8a, 0x60, 0x8, 0x80, 0x4d, 0x22, 0x50, 0x22,
    0x88, 0x0, 0x46, 0x60, 0x73, 0x8, 0x80, 0x50,
    0xcb, 0x0, 0x7a, 0xe4, 0x20, 0xf3, 0x29, 0xd3,
    0x0, 0x1d, 0x1, 0xda, 0xb6, 0x49, 0xf7, 0x3c,
    0xc0, 0x70, 0x42, 0x9, 0xa8, 0xd8, 0x8, 0xa0,
    0x0, 0xed, 0x80, 0x27, 0x2b, 0xf0, 0x3f, 0xf3,
    0x1, 0x0, 0x53, 0xad, 0xf8, 0x1f, 0xe5, 0xc6,
    0x0, 0xf9, 0xc0, 0x39, 0x40, 0x30, 0x81, 0x80,
    0x42, 0xe0, 0x24, 0x20, 0x13, 0xf2, 0x8, 0x8,
    0xba, 0xc3, 0xf0, 0x40, 0x27, 0xfb, 0x0, 0x1f,
    0xfe, 0xee, 0x79, 0x80,

    /* U+6454 "摔" */
    0x0, 0xfe, 0x12, 0x0, 0xf8, 0xfc, 0x40, 0x35,
    0xf0, 0x7, 0xf0, 0xa4, 0xcc, 0x27, 0x33, 0x80,
    0x3e, 0x11, 0x89, 0xc4, 0x70, 0x17, 0x68, 0x70,
    0x7c, 0x4b, 0x5c, 0xc5, 0x68, 0x16, 0x50, 0x62,
    0xcb, 0x31, 0x47, 0x8a, 0x70, 0x0, 0x4e, 0x4,
    0x3a, 0x90, 0x9a, 0xee, 0x69, 0x0, 0xe7, 0x60,
    0x6, 0xca, 0x52, 0xf0, 0x4, 0x34, 0x18, 0x5a,
    0xaf, 0x31, 0xa9, 0x12, 0x7, 0xc8, 0x17, 0xa6,
    0x6a, 0x1e, 0x28, 0x97, 0x13, 0xbe, 0x0, 0x5f,
    0x25, 0xe5, 0x64, 0x97, 0x8, 0x20, 0x6, 0x11,
    0x2b, 0x50, 0x20, 0x90, 0x7, 0xbf, 0x3f, 0xd6,
    0x5f, 0xf6, 0x20, 0x7, 0x6f, 0x75, 0x47, 0xdd,
    0x90, 0x12, 0x4, 0x3, 0xff, 0x82, 0x2f, 0x60,
    0x1e, 0x10, 0xe,

    /* U+6458 "摘" */
    0x0, 0xfe, 0x12, 0x0, 0xf8, 0x7c, 0x40, 0x35,
    0x40, 0x7, 0xf8, 0x48, 0x44, 0x68, 0x23, 0x10,
    0x7, 0x9f, 0x32, 0x53, 0xcc, 0xc2, 0x24, 0x50,
    0x54, 0xec, 0x6d, 0xd4, 0xe, 0xf0, 0x94, 0x78,
    0x42, 0x80, 0xba, 0x6, 0x30, 0x4, 0x79, 0x41,
    0xad, 0xfc, 0x55, 0xee, 0x9f, 0x60, 0x1c, 0x64,
    0x1b, 0xd4, 0x3d, 0xc8, 0x10, 0x0, 0xb8, 0x63,
    0x0, 0x3e, 0x87, 0xa4, 0x2, 0x3e, 0xd0, 0xf5,
    0x0, 0x7d, 0xf, 0x48, 0x4, 0x7d, 0x40, 0x1d,
    0x14, 0x3c, 0x80, 0x18, 0x40, 0x3c, 0x2d, 0xe6,
    0x1, 0xff, 0xc1, 0x5a, 0x30, 0xe, 0x4b, 0x1,
    0x0, 0xa3, 0xa7, 0x5f, 0x40, 0x22, 0x47, 0x1,
    0x0, 0x9, 0x9d, 0x2d, 0x0,

    /* U+64CD "操" */
    0x0, 0xbc, 0x40, 0x11, 0xfd, 0xd7, 0x88, 0x7,
    0x84, 0x2, 0x5e, 0xe8, 0x3, 0xff, 0x82, 0x45,
    0x0, 0x61, 0x98, 0x9, 0x60, 0xe6, 0xee, 0x8c,
    0x3, 0xf, 0x80, 0x99, 0x27, 0x73, 0x3b, 0x86,
    0x20, 0x30, 0xe1, 0x2b, 0xbd, 0xcd, 0x1d, 0xef,
    0xa0, 0xe, 0x54, 0xc, 0xd1, 0x3, 0xc8, 0x0,
    0x8d, 0xc2, 0x4, 0x3f, 0x84, 0x8f, 0xe8, 0x0,
    0x59, 0xe1, 0xab, 0xff, 0x76, 0x7f, 0xd6, 0x5,
    0xd0, 0x0, 0x7f, 0xfb, 0x83, 0xff, 0x28, 0x8,
    0x4, 0xdd, 0xc6, 0x21, 0x2c, 0xfe, 0x50, 0xe,
    0x11, 0x23, 0x70, 0x5f, 0x8, 0x80, 0x38, 0x41,
    0xaa, 0x4c, 0x19, 0x9e, 0xc0, 0x7, 0xe0, 0x4,
    0xca, 0x18, 0x4, 0x2d, 0x20, 0x40, 0xd2, 0xc2,
    0x29, 0xc0, 0x40, 0x2a, 0xc1,

    /* U+64E6 "擦" */
    0x0, 0xff, 0x10, 0x7, 0xc5, 0xe0, 0x1c, 0xda,
    0x1, 0xfe, 0x2f, 0xfa, 0x43, 0xff, 0x10, 0x7,
    0x87, 0x6f, 0xf3, 0x1f, 0xe0, 0xb, 0xb0, 0x3a,
    0xa9, 0x7c, 0x9, 0xee, 0xe9, 0x20, 0xb8, 0xb,
    0xa7, 0x65, 0xfd, 0x2d, 0xa1, 0x0, 0x2a, 0x2,
    0x8e, 0xb6, 0x8c, 0x5, 0x82, 0x80, 0x72, 0x34,
    0x7e, 0x29, 0x36, 0x89, 0x0, 0xa, 0x82, 0x87,
    0x30, 0x1e, 0x34, 0x4e, 0x1, 0x6a, 0x7, 0x27,
    0xab, 0x57, 0xe4, 0xb6, 0x98, 0x6f, 0x0, 0x26,
    0x26, 0xb3, 0x25, 0xe5, 0x20, 0x20, 0xa, 0x3e,
    0xfb, 0x9b, 0xfd, 0xc9, 0x10, 0xe, 0x12, 0x88,
    0x60, 0xfd, 0x60, 0x80, 0x7c, 0xf6, 0x20, 0x16,
    0xe1, 0x0, 0x17, 0xc4, 0x16, 0xb1, 0x1c, 0x4e,
    0xdf, 0xc0, 0xf, 0x58, 0xb, 0xa4, 0x3b, 0x22,
    0x15, 0x80,

    /* U+6500 "攀" */
    0x0, 0xa5, 0xc2, 0x52, 0x18, 0x13, 0x0, 0x30,
    0x91, 0xf8, 0xdd, 0x33, 0x8, 0x40, 0x84, 0x0,
    0xdc, 0xaa, 0x99, 0x22, 0xc7, 0x59, 0x73, 0x0,
    0x1e, 0xc1, 0xf3, 0x11, 0xe1, 0xc2, 0x76, 0xe0,
    0x5, 0x95, 0x29, 0x3c, 0xaf, 0xc8, 0x1a, 0x60,
    0x7, 0x69, 0xfc, 0xc9, 0x97, 0xf0, 0xc3, 0xdc,
    0x1, 0x67, 0xa8, 0x89, 0x59, 0x82, 0x5f, 0x21,
    0x1, 0xee, 0x56, 0xfd, 0x9e, 0x77, 0xfb, 0x7b,
    0x80, 0x3d, 0xcd, 0x50, 0x7b, 0x64, 0x32, 0xce,
    0xe0, 0xc, 0xf7, 0x37, 0x45, 0xcb, 0x3b, 0x7b,
    0x90, 0x43, 0xd5, 0x91, 0xee, 0xa5, 0xd9, 0x39,
    0x66, 0x40, 0xec, 0x1b, 0xdc, 0x93, 0xee, 0x69,
    0x2d, 0x80, 0x5f, 0xbf, 0xf5, 0x1f, 0xfd, 0xbe,
    0x40, 0x16, 0xe6, 0x5e, 0x88, 0xcc, 0xda, 0x40,
    0x1f, 0x23, 0xf0, 0x7, 0xc0,

    /* U+652F "支" */
    0x0, 0xfb, 0x94, 0x3, 0xe3, 0x3f, 0x1, 0x19,
    0xe4, 0x10, 0x9d, 0xee, 0xc3, 0x3d, 0xda, 0x94,
    0x2b, 0xb7, 0x71, 0x56, 0xee, 0xe4, 0x0, 0xff,
    0xe2, 0xa7, 0xfe, 0x2b, 0xff, 0x68, 0x7, 0x27,
    0xba, 0xff, 0xe3, 0x50, 0xf, 0xa5, 0x4c, 0x0,
    0xa5, 0x0, 0x1f, 0xc, 0x70, 0x8a, 0xec, 0x1,
    0xfc, 0xed, 0xb8, 0xca, 0x1, 0xfe, 0x33, 0x17,
    0x0, 0x7c, 0x2b, 0x3c, 0x5b, 0x57, 0xd2, 0xc8,
    0x41, 0x5d, 0x3, 0x94, 0x4b, 0xb4, 0x17, 0x67,
    0xa, 0xed, 0x82, 0x0, 0xc9, 0x3b, 0xea,

    /* U+6536 "收" */
    0x0, 0xfe, 0x10, 0xf, 0xf7, 0x28, 0x1, 0x39,
    0x0, 0x3f, 0x8c, 0x40, 0x1a, 0x48, 0x1, 0xeb,
    0x30, 0xe, 0x65, 0x22, 0xe0, 0x2, 0x38, 0x6,
    0x70, 0x7d, 0xde, 0x40, 0x10, 0xe, 0x98, 0xff,
    0x83, 0x7d, 0x0, 0x3d, 0x1, 0x48, 0x4, 0x4,
    0x1, 0xf0, 0xb5, 0xb6, 0x3, 0x90, 0x7, 0xe1,
    0xe5, 0xd5, 0xc, 0x40, 0xc, 0x24, 0xa6, 0x1,
    0x39, 0x23, 0xe8, 0x4, 0x81, 0x18, 0x1, 0x85,
    0x6c, 0xd0, 0x2, 0x4b, 0xe9, 0x30, 0xd, 0xa0,
    0xa0, 0x1c, 0x80, 0x1e, 0x88, 0x2b, 0xb8, 0x3,
    0xf9, 0x31, 0xea, 0x97, 0x3a, 0xc2, 0x1, 0xc7,
    0x2f, 0xaa, 0x9, 0xe9, 0xa2, 0x1, 0xb5, 0xf6,
    0xc8, 0x2, 0x19, 0xb0,

    /* U+653B "攻" */
    0x0, 0xff, 0xe6, 0x17, 0x10, 0x7, 0xff, 0x5,
    0xc, 0x80, 0x3c, 0xf5, 0x5c, 0x3a, 0xa2, 0x3c,
    0x0, 0x3c, 0x34, 0xcc, 0x12, 0x3f, 0x77, 0x30,
    0x23, 0x61, 0xb3, 0x28, 0xff, 0xe6, 0x67, 0xb0,
    0x7, 0x85, 0x88, 0x2, 0x2e, 0x0, 0xfd, 0x48,
    0xaa, 0x0, 0x2a, 0x0, 0x7e, 0x99, 0x6f, 0x1,
    0x9, 0x80, 0x7e, 0x22, 0x32, 0x1a, 0xa8, 0x3,
    0xf9, 0x8, 0x1e, 0x27, 0x80, 0x31, 0xb7, 0x17,
    0xc0, 0x2, 0x50, 0xd0, 0x3, 0x6d, 0x9d, 0xfe,
    0x10, 0xd1, 0x1c, 0x0, 0x6f, 0xd8, 0x40, 0x2,
    0xf8, 0x6e, 0x2e, 0x18, 0x0, 0x40, 0x22, 0xeb,
    0x8b, 0x2, 0xc7, 0xc4, 0x0, 0xe2, 0xbf, 0x60,
    0x8, 0x6f, 0x10,

    /* U+653E "放" */
    0x0, 0x88, 0x3, 0xc2, 0x1, 0xfb, 0x18, 0x3,
    0x2f, 0x18, 0x7, 0xd3, 0x0, 0x1b, 0x4c, 0xc0,
    0x1f, 0x34, 0x0, 0x65, 0xa0, 0xe, 0x3f, 0xf7,
    0x4f, 0xfb, 0x4c, 0xa7, 0xff, 0x11, 0xf6, 0x87,
    0x7f, 0x65, 0x2f, 0x71, 0x97, 0x48, 0x4, 0xc0,
    0x21, 0x36, 0x41, 0x11, 0x91, 0x0, 0x23, 0xc,
    0xdd, 0x52, 0x82, 0x3, 0x70, 0x7, 0xbf, 0xc3,
    0xb4, 0x98, 0x6, 0x40, 0x19, 0x88, 0xa0, 0x10,
    0xf5, 0x30, 0x40, 0xc, 0x6c, 0x0, 0x17, 0x5,
    0x2f, 0x30, 0xe, 0xbc, 0x0, 0x18, 0x4, 0xc7,
    0x20, 0x18, 0x8d, 0x40, 0x2, 0x40, 0x28, 0x18,
    0x1, 0xb9, 0x9, 0x68, 0x5, 0xbd, 0xf5, 0xec,
    0xc0, 0xca, 0x40, 0x9a, 0xa6, 0x51, 0x45, 0x8f,
    0x84, 0x7c, 0x40, 0xf8, 0xb1, 0xcc, 0x0, 0x2c,
    0xd2,

    /* U+6545 "故" */
    0x0, 0xff, 0x39, 0x0, 0x7c, 0x7e, 0x1, 0x8e,
    0x1c, 0x3, 0xe1, 0x0, 0xeb, 0x35, 0x0, 0xc2,
    0x66, 0x70, 0x33, 0x10, 0xb9, 0x66, 0x6b, 0x2e,
    0xf8, 0xf, 0xeb, 0xb2, 0xe7, 0x41, 0xfc, 0x1e,
    0xe7, 0x86, 0x6e, 0x28, 0x11, 0x1c, 0xc, 0xc0,
    0x1f, 0x1d, 0xa8, 0x82, 0x98, 0x4, 0x9b, 0xe1,
    0xba, 0x74, 0x24, 0xf, 0x50, 0xe, 0xfd, 0xe2,
    0x10, 0x5e, 0x7, 0xd0, 0xe, 0x22, 0x80, 0x29,
    0x49, 0x34, 0x0, 0xff, 0x85, 0x99, 0x60, 0x1c,
    0x5f, 0xee, 0x0, 0x8d, 0xc6, 0x84, 0x2, 0x12,
    0xff, 0x71, 0x12, 0x71, 0xb9, 0xbd, 0x80, 0x9,
    0xc0, 0x1, 0xcd, 0x5c, 0x80, 0xa9, 0x93, 0x80,
    0x98, 0x4, 0x3b, 0x86, 0x1, 0x3e, 0xb8,

    /* U+6559 "教" */
    0x0, 0xd6, 0xc0, 0x1a, 0x54, 0x3, 0xc2, 0x1,
    0x9, 0xb8, 0x38, 0x7, 0x87, 0xbd, 0x27, 0xe4,
    0x8, 0x50, 0x3, 0x87, 0xfc, 0x93, 0xae, 0xe4,
    0x8, 0x99, 0x51, 0xa, 0xa2, 0x1f, 0xf5, 0x4b,
    0x57, 0x8d, 0xf4, 0xe, 0x7f, 0xc0, 0xc4, 0x76,
    0x90, 0xfa, 0x8e, 0x44, 0xcb, 0x81, 0x8c, 0xb3,
    0x6, 0xe, 0x20, 0x8, 0x6b, 0xa, 0x3f, 0x8d,
    0xf0, 0x17, 0x40, 0x7, 0xc1, 0xdc, 0x34, 0xc9,
    0xa6, 0x3, 0x40, 0x1, 0xed, 0xa, 0xc, 0xb9,
    0x91, 0x2c, 0x84, 0x0, 0x29, 0x17, 0x5, 0xfe,
    0x70, 0x94, 0xb0, 0x8, 0x74, 0x3a, 0xcf, 0x69,
    0x6, 0x43, 0x40, 0x35, 0xc2, 0x98, 0x4, 0x9e,
    0xdc, 0xfa, 0xa0, 0x1a, 0xa8, 0xa1, 0x97, 0x34,
    0x38, 0x96, 0x40, 0x14, 0x64, 0x84, 0x73, 0x80,
    0x53, 0xe4,

    /* U+6562 "敢" */
    0x0, 0xff, 0x20, 0x7, 0x8b, 0xff, 0x68, 0x1,
    0x2c, 0x40, 0x38, 0xbb, 0xa4, 0xa0, 0x6, 0xb8,
    0x80, 0x4, 0x1f, 0xbf, 0xe4, 0x8f, 0x67, 0x77,
    0xfd, 0xc2, 0xd8, 0x15, 0xf6, 0x3a, 0x22, 0xff,
    0x33, 0x38, 0x44, 0x40, 0xe2, 0xe0, 0x54, 0x2,
    0x5, 0xe2, 0x1, 0xb3, 0xf0, 0x25, 0x8d, 0x1,
    0x88, 0x3, 0xb3, 0xf0, 0x22, 0x57, 0x0, 0x94,
    0x3, 0xb3, 0xf0, 0x4, 0xb5, 0xd0, 0x44, 0x1,
    0xd7, 0xd6, 0x1, 0x21, 0xcb, 0x80, 0x78, 0x57,
    0x7, 0x58, 0x28, 0xb0, 0x2, 0x6e, 0x1b, 0xf2,
    0xe, 0x64, 0x84, 0xb3, 0x0, 0x24, 0x6f, 0x5c,
    0x9, 0x45, 0xcd, 0xce, 0x58, 0x93, 0x10, 0x0,
    0x44, 0x8b, 0x6c, 0xf, 0x62, 0x20, 0xe, 0x3f,
    0x5d, 0x40, 0x9, 0x28, 0x0,

    /* U+6563 "散" */
    0x0, 0x2e, 0x83, 0xe0, 0x5, 0x32, 0x0, 0xfe,
    0x10, 0xc, 0xfe, 0x1, 0xdd, 0x45, 0xf2, 0x7e,
    0x44, 0x17, 0x0, 0xee, 0xa2, 0xf9, 0x3f, 0x2a,
    0xe, 0xff, 0x90, 0x4c, 0x80, 0xf8, 0x4c, 0x59,
    0x99, 0x5, 0x8a, 0x51, 0x8d, 0x6, 0xdf, 0x2,
    0x23, 0x16, 0x31, 0x3b, 0x99, 0xed, 0x71, 0x20,
    0x11, 0x0, 0x6d, 0xfe, 0xe6, 0x4d, 0x5b, 0x87,
    0x10, 0x7, 0x4e, 0xe9, 0x41, 0x10, 0x42, 0xba,
    0x1, 0xd3, 0x98, 0x40, 0x0, 0xa4, 0x1a, 0x0,
    0x77, 0x6e, 0x94, 0x2, 0xf6, 0x41, 0x0, 0xed,
    0xee, 0x28, 0x4, 0x60, 0xc4, 0x1, 0xdb, 0xd8,
    0x60, 0x8, 0x9c, 0x4d, 0x81, 0x0, 0xea, 0x2b,
    0xb1, 0xf9, 0xcd, 0x21, 0x80, 0x3c, 0xc2, 0x38,
    0xee, 0xc2, 0x0, 0x5c, 0x20,

    /* U+6566 "敦" */
    0x0, 0xd2, 0x60, 0x1a, 0x18, 0x3, 0x84, 0x0,
    0x88, 0x0, 0xcc, 0x1, 0xc3, 0xdf, 0xe2, 0x8f,
    0xf4, 0x10, 0xb0, 0x6, 0x1f, 0xcc, 0xed, 0x84,
    0x1a, 0xac, 0xc0, 0x59, 0xff, 0x6d, 0x86, 0xbf,
    0xe2, 0xfa, 0x81, 0x87, 0x74, 0x82, 0x49, 0x8a,
    0xa2, 0x53, 0x0, 0x1f, 0x74, 0xdf, 0x1, 0xc0,
    0xec, 0x1, 0x1f, 0x77, 0x30, 0x52, 0x81, 0x8,
    0x5, 0x53, 0x36, 0x6c, 0xd2, 0x81, 0x7e, 0x80,
    0x51, 0x76, 0x20, 0xa8, 0x0, 0x3d, 0x3a, 0x0,
    0x71, 0x2a, 0x66, 0x4, 0x29, 0xc0, 0xc0, 0x2a,
    0xfc, 0x21, 0xcf, 0x10, 0x10, 0x20, 0xd, 0x1d,
    0xc5, 0xd5, 0x30, 0x5c, 0x80, 0xc3, 0x0, 0x10,
    0xd2, 0x18, 0x16, 0xdd, 0x9f, 0x1b, 0x14, 0x2,
    0xc9, 0x50, 0x2a, 0xf5, 0x0, 0x56, 0x28,

    /* U+6570 "数" */
    0x3, 0x50, 0xd6, 0x18, 0x6, 0xa0, 0xf, 0x59,
    0x1, 0xb1, 0x7, 0x80, 0x78, 0x60, 0x44, 0x7f,
    0xc0, 0x9e, 0x1, 0xd9, 0x18, 0x72, 0xd4, 0xc5,
    0x19, 0x93, 0x7, 0x60, 0x8a, 0x2f, 0x84, 0xbb,
    0xc1, 0x10, 0xb, 0x90, 0x5f, 0x6b, 0x62, 0x66,
    0x1d, 0x22, 0x45, 0x3b, 0x65, 0x69, 0x98, 0x0,
    0x6c, 0x5, 0xa9, 0x22, 0x88, 0xe7, 0x23, 0x11,
    0x18, 0x17, 0xf9, 0xd3, 0xfd, 0xb0, 0x96, 0xa4,
    0x0, 0x2e, 0xa2, 0xff, 0x1e, 0x86, 0xb7, 0x28,
    0x4, 0x30, 0x2a, 0xc4, 0xc0, 0x86, 0xb4, 0x1,
    0xb2, 0x7a, 0x41, 0xc0, 0x40, 0xc, 0x1, 0x84,
    0xd6, 0x6b, 0x8f, 0x12, 0x2d, 0x40, 0x13, 0xdb,
    0x8c, 0x87, 0x95, 0x2f, 0x14, 0xa1, 0x59, 0x64,
    0x0, 0x9e, 0x70, 0x3, 0xea, 0x80,

    /* U+6572 "敲" */
    0x0, 0xd4, 0xc0, 0x18, 0xfc, 0x3, 0xaa, 0xa7,
    0x8a, 0xa4, 0x0, 0x4, 0x3, 0xba, 0x65, 0xdb,
    0x3d, 0x60, 0x1, 0xcc, 0x58, 0x1, 0x3f, 0x33,
    0x69, 0x80, 0x7, 0xb9, 0x20, 0x1a, 0xbf, 0xce,
    0x1, 0xc4, 0x50, 0x6, 0xbd, 0xd3, 0x19, 0xa6,
    0x43, 0x32, 0x10, 0xb, 0xb3, 0xfd, 0x96, 0x28,
    0x73, 0xcc, 0x20, 0xb, 0xdd, 0xee, 0x54, 0xe6,
    0x31, 0x0, 0xd5, 0xff, 0x90, 0x7f, 0x0, 0x94,
    0x3, 0xb7, 0xb9, 0x0, 0x7, 0x41, 0xad, 0x0,
    0xf6, 0xc8, 0x4, 0x2b, 0xa4, 0xc0, 0x1e, 0xd9,
    0x0, 0xdc, 0x68, 0x1, 0xed, 0xee, 0x53, 0x82,
    0x52, 0xa5, 0x10, 0x7, 0xd4, 0xe1, 0x55, 0x60,
    0xe9, 0x5, 0xa8, 0x5, 0x16, 0xdc, 0x80, 0x57,
    0xc4,

    /* U+6587 "文" */
    0x0, 0xf8, 0x40, 0x3f, 0xf8, 0x57, 0x60, 0xf,
    0xfe, 0x14, 0x29, 0x80, 0x7f, 0xf0, 0x4d, 0x98,
    0x1, 0xf1, 0x7f, 0xf9, 0xab, 0xff, 0xc2, 0x59,
    0x8b, 0xa, 0xcc, 0xc2, 0xd9, 0x76, 0x10, 0x33,
    0x20, 0x81, 0x9e, 0x1d, 0x34, 0x40, 0x7, 0x37,
    0x80, 0x4a, 0x28, 0x1, 0xfa, 0x94, 0x80, 0x12,
    0xe0, 0x1f, 0xc4, 0xb2, 0xa, 0x70, 0x1, 0xfe,
    0xb5, 0x9b, 0x81, 0x0, 0xff, 0xc, 0x30, 0x38,
    0x7, 0xfc, 0xd2, 0xc5, 0xa8, 0x1, 0xf1, 0x3f,
    0x45, 0xce, 0x2d, 0xec, 0x20, 0x80, 0x33, 0x6a,
    0x39, 0x0, 0x11, 0xd4, 0xb7, 0x40, 0xf, 0xcd,
    0x60, 0xe, 0x17, 0xdd, 0x50, 0x0,

    /* U+6591 "斑" */
    0x0, 0xff, 0xe5, 0x17, 0x10, 0x7, 0xe7, 0x7c,
    0x84, 0xf2, 0x11, 0x1c, 0x0, 0xed, 0x8e, 0x10,
    0x98, 0xf, 0xf3, 0x87, 0x80, 0x26, 0x43, 0x25,
    0xfe, 0xcf, 0x97, 0xa, 0x70, 0xf, 0x3f, 0x7e,
    0x2f, 0x0, 0x7f, 0x8b, 0xc5, 0xc8, 0x3, 0xe5,
    0x41, 0x50, 0x58, 0x3e, 0x33, 0x3, 0x18, 0x3,
    0x2c, 0x39, 0xa5, 0xad, 0x63, 0x82, 0x78, 0x1,
    0x3e, 0x36, 0x85, 0x6, 0x57, 0xa1, 0xfa, 0x1,
    0xf9, 0x1, 0xc0, 0x3f, 0xe1, 0xf, 0x59, 0x10,
    0xf, 0xc3, 0x98, 0x61, 0xa3, 0xb0, 0xe, 0x2b,
    0xc4, 0x98, 0x9e, 0x9, 0xf1, 0x1, 0x20, 0x22,
    0x6d, 0x8d, 0x50, 0xc2, 0x6f, 0xc7, 0x71, 0x42,
    0x48, 0x13, 0x94, 0x1, 0x9d, 0xdc, 0xa0,

    /* U+6599 "料" */
    0x0, 0x8f, 0xc0, 0x3e, 0xd4, 0x0, 0x9c, 0xc0,
    0x41, 0x8c, 0xe0, 0x1, 0x80, 0x6f, 0xf0, 0x0,
    0x65, 0xd7, 0x4c, 0x3, 0xd2, 0x6a, 0x10, 0xa8,
    0xcc, 0xd2, 0x0, 0xe1, 0xe5, 0xb, 0xb0, 0x2,
    0x18, 0xc0, 0x3b, 0xbf, 0x47, 0x38, 0xf5, 0x20,
    0x40, 0x3b, 0x3d, 0x7, 0x34, 0xd6, 0xd0, 0x3,
    0xc4, 0xa, 0x10, 0xa1, 0xf, 0x40, 0x1f, 0x49,
    0x4, 0xc1, 0x84, 0x68, 0x0, 0xdd, 0x0, 0xde,
    0xc0, 0xe1, 0xd5, 0xe7, 0x6, 0x71, 0xc3, 0x95,
    0x40, 0x4, 0xba, 0xc2, 0x90, 0xab, 0x30, 0x6b,
    0x0, 0x8f, 0x7e, 0xe1, 0x44, 0x3, 0x58, 0x80,
    0x62, 0x0, 0xff, 0xe0, 0x8, 0x7, 0xc2, 0x1,
    0xe7, 0x0, 0xff, 0xe0, 0x0,

    /* U+65AF "斯" */
    0x0, 0xff, 0xe3, 0x72, 0x80, 0x3d, 0x0, 0x8d,
    0x1a, 0x50, 0x2, 0x31, 0x0, 0x8, 0x3, 0x72,
    0xa8, 0x44, 0x6, 0xf2, 0xbf, 0xf0, 0xd9, 0x8d,
    0xf6, 0x5b, 0x3, 0x71, 0x57, 0xf8, 0x68, 0xc0,
    0x3f, 0x8, 0x5e, 0xe8, 0x44, 0x1, 0xff, 0x47,
    0xf8, 0x40, 0x28, 0xaa, 0xac, 0x3, 0x19, 0xc0,
    0x10, 0x80, 0x15, 0x80, 0x3a, 0xff, 0xc2, 0x1,
    0x7d, 0x14, 0x58, 0x0, 0x42, 0xff, 0xc2, 0x30,
    0x8, 0x7, 0x47, 0x15, 0x77, 0x6, 0xa0, 0x8,
    0x3, 0xa3, 0xe7, 0x7e, 0xf3, 0xf8, 0xc0, 0x3e,
    0x59, 0x40, 0x3c, 0x49, 0xb0, 0xf, 0x25, 0x51,
    0x81, 0xe3, 0xc1, 0x80, 0x3c, 0x96, 0xa0, 0x11,
    0xa5, 0x8, 0x0, 0xc0, 0x32, 0x0, 0x64, 0xe4,
    0x0, 0xb9, 0x0, 0x0,

    /* U+65B0 "新" */
    0x0, 0xd8, 0xa0, 0x1c, 0x49, 0x12, 0x0, 0x34,
    0x31, 0xf4, 0x40, 0xaf, 0xfc, 0x40, 0x21, 0xf5,
    0xa6, 0x95, 0x45, 0x2, 0xdb, 0xa9, 0x10, 0xc9,
    0xae, 0xf5, 0xf4, 0x0, 0xfe, 0x1e, 0x6, 0x11,
    0x0, 0xc, 0xf8, 0x4b, 0xad, 0xf6, 0x13, 0x60,
    0x7, 0xfb, 0x3d, 0xe, 0xe6, 0x40, 0xd5, 0x36,
    0x5, 0x92, 0x38, 0xa2, 0xa8, 0x81, 0xf4, 0x41,
    0x80, 0x80, 0x7b, 0xbf, 0xc7, 0x3f, 0xe7, 0x37,
    0x0, 0xf6, 0xd6, 0x14, 0x66, 0x1b, 0x84, 0x3,
    0xc7, 0x76, 0x11, 0x68, 0x9, 0xe8, 0x7, 0xa0,
    0x24, 0x0, 0xdc, 0x8, 0x60, 0x1c, 0x6f, 0xa2,
    0x0, 0x9a, 0x50, 0x40, 0xe, 0x3b, 0x19, 0x33,
    0xb, 0xc3, 0x0, 0x42, 0x1, 0x21, 0x2a, 0xc0,
    0x61, 0x60, 0x1, 0x0, 0xf6, 0x50, 0x0, 0xf4,
    0x80, 0xb, 0xe0, 0x0,

    /* U+65B9 "方" */
    0x0, 0xf8, 0x40, 0x3f, 0xf8, 0x2b, 0xe2, 0x1,
    0xff, 0xc0, 0x50, 0x80, 0xf, 0xfe, 0xd, 0xe8,
    0x7, 0xdd, 0xff, 0xd5, 0x7f, 0xfe, 0xd, 0xdc,
    0x13, 0xbb, 0xf6, 0x1, 0x91, 0x40, 0x45, 0xf8,
    0xc0, 0x3c, 0x45, 0xf0, 0x7, 0x84, 0x27, 0x77,
    0xc4, 0x1, 0xc4, 0x1d, 0xff, 0xb0, 0x8, 0x3,
    0xac, 0x84, 0x3, 0x30, 0x7, 0xcc, 0xa0, 0x1c,
    0x64, 0x1, 0xd0, 0x32, 0x1, 0xdc, 0xc0, 0x19,
    0x5e, 0x44, 0x3, 0x90, 0x80, 0x26, 0xa8, 0x60,
    0x9, 0xb3, 0xcf, 0x40, 0x23, 0x97, 0x0, 0xc8,
    0x89, 0xe4, 0x0, 0x0,

    /* U+65C1 "旁" */
    0x0, 0xe2, 0xc1, 0x0, 0xf1, 0x17, 0x1, 0x41,
    0x17, 0xa, 0xcc, 0xdd, 0x2a, 0x53, 0x3c, 0x8f,
    0x76, 0xe1, 0xbb, 0xb9, 0xae, 0xe5, 0x1, 0x12,
    0x2, 0x8, 0xb9, 0x84, 0x60, 0x7e, 0xcc, 0x4,
    0xe6, 0x19, 0x99, 0x8e, 0x31, 0x4d, 0xdc, 0xf3,
    0xbb, 0x88, 0x16, 0xc, 0xf0, 0xf9, 0x9e, 0xe0,
    0x99, 0xdd, 0xa2, 0x29, 0x9e, 0xba, 0xac, 0x88,
    0xaa, 0xfa, 0x0, 0x33, 0xa7, 0x76, 0xfc, 0x0,
    0xe9, 0xe, 0xee, 0x56, 0x0, 0x86, 0x9b, 0x40,
    0x39, 0x34, 0x0, 0xdc, 0xda, 0x60, 0x2, 0xef,
    0x5, 0x0, 0x35, 0xe1, 0x0, 0x45, 0x59, 0xc4,
    0x0,

    /* U+65C5 "旅" */
    0x0, 0xfe, 0x10, 0xf, 0xec, 0x60, 0x8, 0xf8,
    0xc0, 0x3f, 0x2d, 0x80, 0x54, 0x44, 0x11, 0xc0,
    0x1a, 0xe8, 0x0, 0x2c, 0x7f, 0xfb, 0x88, 0x7f,
    0xdb, 0x1f, 0x54, 0x3e, 0xee, 0xf2, 0x1d, 0x92,
    0xed, 0x4, 0xf2, 0x36, 0x9d, 0xb0, 0x1, 0x10,
    0x4, 0xa6, 0xb3, 0xfd, 0x1d, 0x1e, 0x1, 0x9,
    0x66, 0x11, 0x47, 0xe0, 0x9d, 0x50, 0x3, 0x1f,
    0x0, 0x78, 0x41, 0xb4, 0x40, 0x6, 0xe4, 0xe2,
    0x1, 0x31, 0x5c, 0x40, 0x40, 0x1e, 0x40, 0xe0,
    0x18, 0x80, 0xb9, 0x40, 0x25, 0xe0, 0x1, 0x80,
    0x64, 0x0, 0xe2, 0x34, 0x1, 0x0, 0xc7, 0xec,
    0x80, 0x14, 0x11, 0x24, 0x98, 0x7, 0xfc, 0x8f,
    0x6e, 0x1, 0x40, 0xac, 0x19, 0x81, 0x70, 0x21,
    0xe4, 0x82, 0x94, 0x31, 0xc0, 0xf2, 0x0, 0x28,
    0xf2,

    /* U+65D7 "旗" */
    0x0, 0xff, 0xe3, 0xd1, 0x80, 0x51, 0x40, 0x1f,
    0xc7, 0xe0, 0x1, 0x67, 0xbb, 0xce, 0x1, 0xa2,
    0x0, 0xa, 0x5e, 0x88, 0xca, 0x0, 0xce, 0xe5,
    0xfc, 0xb6, 0xf9, 0x9b, 0x80, 0x80, 0x19, 0xa7,
    0xfe, 0x99, 0x69, 0xd5, 0xa, 0x18, 0x2, 0x70,
    0xc, 0xbc, 0x31, 0x1, 0xf7, 0x0, 0xc7, 0xbe,
    0x62, 0xc3, 0x98, 0x16, 0x10, 0x8, 0x53, 0x4c,
    0x2, 0x2e, 0xe0, 0x80, 0x71, 0x88, 0x8, 0x4,
    0x59, 0x81, 0x0, 0xef, 0x20, 0x0, 0x80, 0xb,
    0x74, 0x20, 0x1c, 0x98, 0x1, 0x1a, 0x1a, 0xa8,
    0x11, 0x40, 0x4, 0x44, 0x3, 0x4, 0xd4, 0xee,
    0x26, 0x78, 0x2, 0xd4, 0x58, 0x4d, 0xec, 0x62,
    0x9f, 0xe8, 0x9, 0xa4, 0x6d, 0xc4, 0xf0, 0x88,
    0x11, 0x72, 0x5, 0x86, 0x1b, 0x0, 0x95, 0x20,
    0x5, 0xc1, 0x0,

    /* U+65E0 "无" */
    0x0, 0xff, 0xe3, 0x2f, 0xff, 0xf9, 0x0, 0x32,
    0xee, 0xba, 0x47, 0xbb, 0x6a, 0x0, 0x71, 0x10,
    0x4c, 0x4, 0x71, 0x0, 0x7f, 0xf3, 0x8c, 0x3,
    0xfa, 0x3f, 0xf5, 0x17, 0xff, 0xac, 0x1, 0x1d,
    0xd9, 0x5a, 0xc7, 0xbb, 0x50, 0x4, 0x23, 0x93,
    0x0, 0x2, 0x3c, 0x1, 0xe4, 0x15, 0x0, 0xff,
    0xe0, 0xc, 0xb8, 0x7, 0xff, 0x0, 0x74, 0x20,
    0x3, 0xcb, 0x60, 0x11, 0xe1, 0x78, 0x1, 0xc5,
    0x8, 0x9e, 0xc0, 0x9, 0xc1, 0xf2, 0x0, 0x1a,
    0x5e, 0xe9, 0x20, 0x1, 0x73, 0x82, 0x1, 0xaf,
    0xfe, 0xe5, 0x0,

    /* U+65E5 "日" */
    0xef, 0xff, 0xe6, 0x7, 0xdd, 0xf8, 0xc, 0x3c,
    0x8b, 0xe0, 0xf, 0xfe, 0x9, 0x80, 0x7f, 0xd1,
    0xff, 0xf0, 0x5, 0x1d, 0xdf, 0x0, 0x61, 0x1f,
    0x80, 0x3f, 0xf9, 0x87, 0xc8, 0x9e, 0x50, 0x9,
    0xe2, 0x3d, 0x20, 0x14, 0xe6, 0x7c, 0x6,

    /* U+65E9 "早" */
    0x0, 0xbf, 0xff, 0xc0, 0x1e, 0x9c, 0xcf, 0x48,
    0x7, 0xd3, 0x99, 0xe9, 0x0, 0xfa, 0xbb, 0xbd,
    0x40, 0x1f, 0x8, 0xfe, 0x0, 0xfa, 0xff, 0xfd,
    0x60, 0x1e, 0xdd, 0xc4, 0xfb, 0xb8, 0x3, 0x88,
    0xb0, 0x79, 0x16, 0x0, 0xf, 0xff, 0x8a, 0x3f,
    0xfb, 0x6, 0xae, 0xf8, 0x56, 0xef, 0x54, 0x2,
    0xa2, 0x71, 0xea, 0x26, 0x54, 0x0, 0xff, 0xe5,
    0x18, 0x7, 0xff, 0xf, 0xc0, 0x3c,

    /* U+65F6 "时" */
    0x0, 0xff, 0xbd, 0x80, 0x6, 0x7c, 0x1, 0xf1,
    0x80, 0x37, 0x5d, 0xcc, 0x30, 0xf, 0xf4, 0x6e,
    0x0, 0x19, 0x57, 0x6, 0x31, 0x0, 0x73, 0xd4,
    0xf7, 0x40, 0x94, 0xc7, 0xc6, 0xa0, 0xd9, 0x8b,
    0xb8, 0x63, 0x10, 0x1b, 0xa4, 0x2, 0x60, 0xf,
    0xd1, 0xb8, 0x0, 0x29, 0x60, 0xf, 0xfe, 0x1,
    0x3c, 0x0, 0x78, 0xc4, 0x44, 0x1, 0x4b, 0x8,
    0x7, 0xa3, 0xb0, 0x2, 0x18, 0x10, 0xf, 0x4f,
    0xf0, 0x7, 0xff, 0x8, 0x70, 0x80, 0x38, 0x40,
    0x2f, 0x60, 0x1, 0x80, 0x68, 0xc0, 0x60, 0x0,
    0x80, 0x7e, 0xc4, 0xb3, 0x0, 0x0,

    /* U+660E "明" */
    0xcf, 0xfc, 0x61, 0xff, 0xe3, 0x18, 0xee, 0x0,
    0x80, 0x2f, 0xb9, 0xa0, 0x23, 0xc0, 0x1c, 0x22,
    0x30, 0xf, 0xf4, 0x5d, 0xb4, 0x2, 0x9f, 0xf0,
    0x6, 0x4e, 0xe5, 0x0, 0x53, 0xfe, 0x0, 0xd8,
    0xaa, 0x70, 0xf, 0xf0, 0x91, 0x40, 0x1f, 0xea,
    0xdd, 0x60, 0x5, 0x3f, 0xe0, 0x1, 0x87, 0x7f,
    0xb8, 0x2, 0x8d, 0xd0, 0xa, 0x88, 0x80, 0x39,
    0xc8, 0xaf, 0x3d, 0x40, 0xf, 0x5a, 0x80, 0x44,
    0x9c, 0x0, 0x12, 0x0, 0xfb, 0xcd, 0x0, 0x17,
    0x82, 0x40, 0x1d, 0x1e, 0x1, 0x45, 0xf0, 0x0,

    /* U+6613 "易" */
    0x0, 0xbb, 0xff, 0xf8, 0x3, 0xd3, 0xdd, 0xea,
    0x0, 0xfa, 0x3f, 0xfd, 0x60, 0x1f, 0x5f, 0x77,
    0xa8, 0x3, 0xc7, 0x5f, 0xfe, 0xb1, 0x0, 0xed,
    0x91, 0xdf, 0xfe, 0xe0, 0xe, 0x99, 0xe, 0xff,
    0xfc, 0x20, 0xdc, 0x5b, 0xe8, 0xdf, 0x23, 0xf6,
    0x2, 0x7, 0x76, 0x3b, 0x9, 0x18, 0xb0, 0x22,
    0x0, 0x15, 0x23, 0xce, 0xc3, 0x11, 0x43, 0x98,
    0x2, 0xa1, 0xc8, 0x2d, 0x6a, 0x0, 0x11, 0x0,
    0x2b, 0x91, 0xac, 0xab, 0x5, 0x65, 0xe0, 0xd,
    0x3d, 0xbe, 0xe0, 0x9, 0xb6, 0x70, 0xd, 0x3a,
    0xe2, 0x1, 0x66, 0xc8, 0x0,

    /* U+661F "星" */
    0x0, 0x37, 0xff, 0xf9, 0x80, 0x38, 0x7f, 0xff,
    0x8, 0x7, 0x87, 0xff, 0xf0, 0x80, 0x78, 0x7f,
    0xff, 0x8, 0x7, 0x87, 0xff, 0xf0, 0x80, 0x73,
    0x67, 0xfd, 0x91, 0xff, 0x98, 0x3, 0xe, 0xc8,
    0x1, 0x60, 0x3, 0xfa, 0x5, 0xbf, 0xd2, 0x1f,
    0xfc, 0x1, 0x23, 0x5f, 0x75, 0x3, 0xdd, 0x6e,
    0x80, 0x3, 0x6e, 0xa6, 0x1, 0xf8, 0xc0, 0x3,
    0x90, 0xd9, 0xfe, 0x91, 0xff, 0xb1, 0x0, 0x23,
    0x7, 0xee, 0xa0, 0x7b, 0xb2, 0x80, 0x46, 0x45,
    0xc2, 0x4, 0x5c, 0x60, 0xd, 0xdf, 0x40, 0xee,
    0xf6, 0x18, 0x77, 0xff, 0xff, 0x4, 0xc0,

    /* U+6625 "春" */
    0x0, 0xf8, 0xa8, 0x3, 0xf8, 0xcf, 0x95, 0xc,
    0xf2, 0x8, 0x5, 0x51, 0x1a, 0x82, 0x23, 0x79,
    0x0, 0x53, 0x57, 0x73, 0xcd, 0xdf, 0x18, 0x6,
    0xfd, 0xd9, 0x6b, 0x77, 0x50, 0x7, 0x76, 0xe9,
    0x53, 0x77, 0xa8, 0x2, 0x7e, 0xeb, 0xdd, 0x7b,
    0x9f, 0xdd, 0x68, 0x1, 0xfb, 0x96, 0x39, 0xdd,
    0x29, 0x7f, 0x68, 0x4, 0x55, 0x40, 0xed, 0xd9,
    0xcf, 0xa4, 0xc0, 0x13, 0xba, 0x56, 0xdd, 0xe2,
    0x64, 0xc2, 0xb, 0xe7, 0x5, 0xbb, 0xe2, 0xcd,
    0xd1, 0x1, 0x8, 0x1, 0xe2, 0x38, 0x80, 0x4,
    0x1, 0xe2, 0x33, 0xe0, 0xf, 0xf3, 0xf7, 0x71,
    0x18, 0x7, 0xe7, 0xee, 0xe2, 0x0, 0xc0,

    /* U+6628 "昨" */
    0x0, 0xff, 0xe4, 0xb7, 0x0, 0x75, 0xe6, 0x60,
    0x6, 0xb0, 0x7, 0x2d, 0x7d, 0x18, 0x12, 0x22,
    0xef, 0x21, 0x91, 0xa8, 0x85, 0xb1, 0xf4, 0x44,
    0xa0, 0x1c, 0x6d, 0x0, 0xe6, 0x70, 0x86, 0xbd,
    0x4, 0xb8, 0x80, 0x7c, 0x7c, 0x61, 0x50, 0x0,
    0xdf, 0xf8, 0x43, 0xa6, 0x40, 0x1d, 0xbf, 0xf0,
    0x80, 0x7f, 0xf1, 0x5, 0xc0, 0x3f, 0xc7, 0x7d,
    0x62, 0x1, 0xb7, 0xfe, 0x70, 0xbf, 0xd3, 0x0,
    0xdb, 0xff, 0x3a, 0x30, 0x16, 0x0, 0x7f, 0x51,
    0x0, 0x7f, 0xf0, 0x0,

    /* U+662F "是" */
    0x0, 0x37, 0xff, 0xf0, 0x7, 0x18, 0xf7, 0x7a,
    0x44, 0x3, 0xc3, 0xdd, 0xe9, 0x0, 0xf8, 0x7f,
    0xfd, 0x42, 0x1, 0xc6, 0x3d, 0xde, 0xb0, 0xf,
    0x37, 0x7f, 0xfd, 0xc0, 0x14, 0xf7, 0x3f, 0xff,
    0xbb, 0xd2, 0x33, 0xf7, 0xfd, 0x61, 0xff, 0xda,
    0x82, 0x43, 0x8e, 0x22, 0x0, 0xc6, 0x4, 0x1,
    0x28, 0x20, 0x0, 0x7f, 0xec, 0xa0, 0xd, 0x1,
    0xe6, 0x3, 0xdd, 0xac, 0x2, 0x92, 0xda, 0xca,
    0x15, 0x44, 0xca, 0x8e, 0xd4, 0x4f, 0xd0, 0xb1,
    0x57, 0x75, 0x3, 0xe2, 0x80, 0x5, 0xab, 0x7b,
    0xff, 0x20,

    /* U+663E "显" */
    0x1, 0xff, 0xff, 0x10, 0x7, 0x67, 0x77, 0xb4,
    0x3, 0xee, 0xcc, 0xf7, 0x80, 0x7d, 0x73, 0x3e,
    0x80, 0xf, 0x89, 0x9b, 0xe0, 0xf, 0xaf, 0x77,
    0xd8, 0x1, 0xc3, 0xfe, 0xb4, 0xff, 0x25, 0x7f,
    0x88, 0x2, 0x90, 0x0, 0xa0, 0x1, 0x4c, 0x5,
    0xc0, 0x27, 0x90, 0x0, 0x80, 0x74, 0xc8, 0x40,
    0x16, 0xc6, 0x1, 0xe2, 0x78, 0x10, 0x2, 0x95,
    0x0, 0x7a, 0xd, 0x80, 0x4, 0x49, 0xb3, 0x2,
    0x20, 0xc, 0xc1, 0x10, 0x3f, 0x6f, 0x64, 0x77,
    0x43, 0x19, 0x7b, 0xa1,

    /* U+665A "晚" */
    0x0, 0xff, 0xe5, 0x6b, 0x0, 0x79, 0x13, 0x0,
    0x20, 0x1c, 0x3, 0xd5, 0xfd, 0x64, 0xae, 0x7f,
    0xdf, 0x20, 0x1b, 0xe8, 0x52, 0xaf, 0xb9, 0xe3,
    0x60, 0x11, 0x80, 0x67, 0x71, 0x9a, 0x8, 0x4c,
    0x3, 0xc8, 0xdf, 0x1e, 0xcf, 0x18, 0x20, 0xb,
    0xf1, 0x0, 0x75, 0xd0, 0xdd, 0x80, 0x35, 0xf8,
    0x80, 0x4, 0x5e, 0x42, 0x40, 0x1f, 0x8f, 0x7d,
    0x8f, 0xf0, 0x40, 0x3e, 0xde, 0xd0, 0x90, 0xee,
    0x8, 0x1c, 0xe0, 0x80, 0x50, 0x88, 0x0, 0xf5,
    0xf8, 0x5, 0x2b, 0x40, 0x18, 0x80, 0x94, 0xe4,
    0x2d, 0xf0, 0x40, 0x40, 0x74, 0xb0, 0xc1, 0xbd,
    0xfc, 0x80, 0x89, 0xfc, 0x44, 0x0, 0xdf, 0x82,
    0x1, 0x6f, 0xfb, 0x40,

    /* U+666F "景" */
    0x0, 0xbf, 0xff, 0xc0, 0x1f, 0x67, 0xff, 0xac,
    0x3, 0xf6, 0xf7, 0x7a, 0x80, 0x3f, 0x57, 0xff,
    0xac, 0x3, 0xf5, 0xf7, 0x7a, 0x84, 0x3, 0xdf,
    0xf8, 0xe3, 0xfe, 0xe0, 0x8, 0x77, 0x33, 0x8e,
    0x33, 0x36, 0xf0, 0x8b, 0xbf, 0xfb, 0x31, 0xff,
    0xba, 0x84, 0xc, 0xd5, 0x99, 0xfb, 0xcd, 0x0,
    0x39, 0xbf, 0xfd, 0x20, 0x1f, 0xb, 0xf7, 0x5f,
    0xdc, 0x86, 0x0, 0xf4, 0x65, 0x74, 0x17, 0x6d,
    0x50, 0x3, 0xcd, 0xb0, 0x1, 0x92, 0xf1, 0x0,
    0x21, 0xc9, 0x8c, 0x7d, 0x10, 0x7d, 0x6b, 0x60,
    0x0, 0xde, 0xb8, 0x6a, 0xd0, 0x0, 0xaa, 0xd8,
    0x0,

    /* U+667A "智" */
    0x0, 0x4a, 0x80, 0x7f, 0xc4, 0xc0, 0x67, 0x10,
    0x99, 0xe2, 0xe, 0x29, 0xcf, 0xe5, 0x6c, 0xff,
    0x6d, 0x98, 0x6f, 0x6, 0x6b, 0x88, 0xb3, 0xa,
    0x30, 0x5d, 0x81, 0xdc, 0xd0, 0xf, 0x57, 0xf9,
    0x46, 0xbf, 0x0, 0x3c, 0x22, 0x85, 0x6a, 0xd5,
    0x11, 0x7f, 0x90, 0x4f, 0x13, 0x23, 0xad, 0xdd,
    0xff, 0xa4, 0xea, 0x33, 0xb9, 0x3b, 0xdd, 0x68,
    0x4, 0xc0, 0x3d, 0xde, 0xb2, 0x0, 0xf5, 0xdf,
    0xa4, 0x40, 0x3d, 0x11, 0xeb, 0x0, 0xf8, 0xcf,
    0xc4, 0x1, 0xf7, 0xff, 0xa8, 0x3, 0xef, 0xff,
    0x50, 0x80, 0x0,

    /* U+6696 "暖" */
    0x0, 0xf0, 0x91, 0xab, 0xce, 0x98, 0x6f, 0xfc,
    0xa7, 0x57, 0x6d, 0x3a, 0x51, 0x3, 0xbf, 0x20,
    0x26, 0x8d, 0x54, 0x27, 0x60, 0x30, 0x8, 0x44,
    0xd0, 0xa6, 0x67, 0x34, 0x0, 0xfb, 0xbc, 0xa8,
    0x6d, 0xc, 0x0, 0x66, 0x0, 0xa7, 0x7e, 0xa5,
    0x8e, 0x80, 0x1b, 0x46, 0x5, 0xd2, 0xcf, 0x33,
    0x58, 0x3, 0xa4, 0xc2, 0x3b, 0x88, 0xbd, 0xd8,
    0xc0, 0x3a, 0xb2, 0x42, 0x23, 0x69, 0x80, 0x61,
    0x0, 0x40, 0x7f, 0xa6, 0x84, 0xe, 0xfc, 0x80,
    0x14, 0x65, 0x96, 0x10, 0x1, 0x5f, 0xb8, 0xd2,
    0x67, 0xce, 0xbb, 0x0, 0x31, 0x2, 0x20, 0xf8,
    0x4e, 0x0, 0x74, 0x0, 0x10, 0x5, 0xb8, 0x9b,
    0x15, 0xb7, 0x5a, 0x40, 0x18, 0x44, 0x91, 0xa8,
    0xd, 0xd2, 0x40,

    /* U+66B4 "暴" */
    0x0, 0xbb, 0x77, 0xf7, 0x98, 0x7, 0xff, 0xc,
    0x40, 0x3d, 0xdb, 0xbf, 0x8, 0x7, 0x97, 0xfd,
    0xb9, 0x8d, 0xfc, 0x20, 0xe, 0x6d, 0xa0, 0xaa,
    0xc1, 0x54, 0x40, 0xc, 0x67, 0x8, 0x8c, 0xc2,
    0x23, 0x38, 0x2, 0xd8, 0x88, 0x6e, 0x21, 0x63,
    0x11, 0x70, 0x86, 0x6f, 0x8b, 0x6d, 0xf6, 0xb8,
    0xfe, 0xf8, 0x82, 0xce, 0x2c, 0x6, 0xa8, 0x58,
    0x65, 0x28, 0x14, 0xf7, 0x5a, 0x6d, 0x4d, 0xc9,
    0xe5, 0x0, 0x5a, 0xe2, 0x7, 0xe0, 0xd4, 0x5e,
    0x31, 0x80, 0x15, 0xf6, 0xe6, 0x1b, 0xf2, 0xed,
    0xce, 0x1, 0xbf, 0xa8, 0xf5, 0x1c, 0x13, 0x23,
    0x80, 0x32, 0x8, 0x3, 0xb8, 0x40, 0x13, 0x48,
    0x0,

    /* U+66F2 "曲" */
    0x0, 0xff, 0xe3, 0x37, 0x80, 0x3d, 0x80, 0x3f,
    0x18, 0x80, 0x4, 0x3, 0xff, 0x8e, 0xff, 0xf5,
    0xf, 0xf8, 0x67, 0xfe, 0x70, 0x1f, 0xf5, 0xf,
    0xf8, 0x67, 0xfc, 0x20, 0x1f, 0xfd, 0x21, 0xdd,
    0x58, 0xee, 0x86, 0x37, 0x42, 0x0, 0x1c, 0xc4,
    0xe, 0x60, 0x67, 0x30, 0x20, 0x10, 0x88, 0xc0,
    0x44, 0x2, 0x30, 0x7, 0xff, 0x4c, 0x7f, 0xd4,
    0x3f, 0xe1, 0x9f, 0xf0, 0x87, 0x8f, 0xff, 0xf8,
    0x40,

    /* U+66F4 "更" */
    0x0, 0xff, 0xe1, 0xa7, 0xff, 0xff, 0x2, 0xc1,
    0x3b, 0xff, 0x50, 0xff, 0xf5, 0x0, 0xf, 0x33,
    0x40, 0xe6, 0x62, 0x10, 0x0, 0x9f, 0xf7, 0x2c,
    0x7b, 0x9e, 0x62, 0x1, 0xc2, 0x67, 0x1, 0x98,
    0x40, 0x3e, 0xcf, 0xf5, 0x8f, 0xfb, 0x0, 0x3e,
    0xfe, 0xe5, 0x8f, 0x73, 0xc0, 0x3e, 0xef, 0xf5,
    0xf, 0xfb, 0x80, 0x38, 0xec, 0xb3, 0x95, 0x5d,
    0xd8, 0xc0, 0x32, 0x3e, 0xaa, 0x78, 0x8e, 0x0,
    0xf5, 0x45, 0x8b, 0x80, 0x7f, 0x8f, 0x45, 0x77,
    0x1c, 0xc0, 0x33, 0xdf, 0x69, 0xf5, 0x75, 0xe6,
    0x3f, 0xda, 0x7, 0x9b, 0xd0, 0x0, 0x17, 0xbf,
    0xdb, 0x90,

    /* U+6700 "最" */
    0x0, 0x57, 0x6e, 0xfd, 0xe0, 0x1e, 0x5b, 0xbf,
    0x20, 0x80, 0x7c, 0x67, 0xe1, 0x0, 0xf1, 0xb4,
    0x47, 0x94, 0xc0, 0x3a, 0x77, 0x7f, 0x80, 0x2d,
    0xff, 0xff, 0xe0, 0x86, 0xe8, 0x7f, 0xda, 0x3f,
    0xff, 0x0, 0x43, 0xdc, 0xc0, 0x6f, 0xee, 0x7c,
    0x0, 0x61, 0xee, 0x60, 0x31, 0xef, 0x15, 0x80,
    0x61, 0xdd, 0x78, 0x2, 0xa8, 0x60, 0x60, 0x18,
    0x7e, 0x68, 0x69, 0x97, 0x60, 0x2, 0x6c, 0x38,
    0x30, 0x5, 0x8, 0x24, 0xb0, 0x83, 0x76, 0xd3,
    0xa8, 0x16, 0x7d, 0x77, 0x20, 0x3, 0xc5, 0xe5,
    0xa6, 0x5, 0x12, 0x0,

    /* U+6708 "月" */
    0x0, 0x2f, 0xff, 0xf2, 0x0, 0x43, 0xff, 0xf0,
    0x38, 0x0, 0x40, 0x3f, 0xf8, 0x23, 0x77, 0xf0,
    0x7, 0xc, 0x47, 0xc0, 0x1e, 0x33, 0xf8, 0x3,
    0x8, 0x7, 0xff, 0x0, 0xc7, 0xff, 0xe0, 0xd,
    0xc9, 0xff, 0xf0, 0x6, 0x43, 0x0, 0xff, 0x19,
    0xa8, 0x3, 0xfd, 0xe8, 0x40, 0x18, 0x55, 0xc0,
    0x5c, 0xa4, 0x3, 0x86, 0xa5, 0x49, 0xf8, 0x80,
    0x3d, 0xfd, 0x40,

    /* U+6709 "有" */
    0x0, 0xff, 0xe5, 0x1f, 0x98, 0x7, 0xff, 0x5,
    0x0, 0xc0, 0x3f, 0x3f, 0xfe, 0x80, 0xff, 0xf8,
    0x41, 0xb7, 0xb9, 0x41, 0x7d, 0xde, 0xd1, 0x1,
    0x21, 0x14, 0x1a, 0x8, 0xf8, 0x80, 0x3a, 0x8,
    0xff, 0xfd, 0x40, 0x1c, 0xae, 0x3f, 0xfe, 0x50,
    0xe, 0x5a, 0x10, 0x33, 0xf0, 0x80, 0x68, 0xa7,
    0x91, 0xff, 0xf2, 0x80, 0x61, 0xa8, 0x1, 0xcc,
    0xf2, 0x0, 0x69, 0x50, 0x0, 0xff, 0xf9, 0x40,
    0x3f, 0xf, 0xff, 0x94, 0x3, 0xff, 0x82, 0x26,
    0xc6, 0x1, 0xff, 0xc0, 0x3c, 0x1a, 0x0, 0xf3,
    0xf0, 0x6, 0x2f, 0xd3, 0x0, 0x0,

    /* U+670B "朋" */
    0x0, 0x77, 0xfe, 0x0, 0x7f, 0xf1, 0x80, 0x57,
    0xfc, 0x1, 0xb7, 0xfc, 0x20, 0x1c, 0x26, 0x1,
    0x8, 0x7, 0xe9, 0xde, 0x0, 0xdd, 0x98, 0x10,
    0xd, 0x39, 0xa0, 0x1a, 0x3b, 0x82, 0x1, 0xff,
    0x31, 0x10, 0x3, 0x8d, 0x10, 0x1, 0xff, 0xe,
    0x7f, 0x0, 0x43, 0xbf, 0xe1, 0x0, 0x8, 0x55,
    0xd0, 0x0, 0x83, 0xfe, 0x10, 0x1, 0x8, 0x80,
    0x30, 0x88, 0x3, 0xcc, 0x40, 0x1c, 0xaa, 0x0,
    0xf7, 0xa0, 0x7, 0x56, 0x0, 0x42, 0x2, 0xb6,
    0xf, 0xe6, 0x86, 0xc0, 0xbe, 0x4, 0x10, 0x60,
    0xb7, 0x8b, 0x42, 0xb, 0x1a, 0x20,

    /* U+670D "服" */
    0x0, 0x77, 0xfd, 0x81, 0xdf, 0xfb, 0x40, 0x30,
    0xde, 0xd0, 0x80, 0x2f, 0xb9, 0x2, 0x1, 0xce,
    0x42, 0x1, 0x84, 0x5c, 0xc0, 0x1d, 0xbd, 0x40,
    0x18, 0xbd, 0xbc, 0x3, 0xaf, 0x60, 0x3, 0x1e,
    0x72, 0x0, 0x73, 0x99, 0x0, 0x57, 0xd9, 0xdc,
    0x50, 0xc, 0x23, 0x0, 0x50, 0x3d, 0xc0, 0x70,
    0x0, 0x86, 0x75, 0x0, 0x46, 0x4, 0xa2, 0x40,
    0x2, 0xf, 0xf5, 0x80, 0x67, 0xbd, 0x60, 0x9,
    0x4c, 0x3, 0xeb, 0x76, 0xa0, 0xb, 0x54, 0x3,
    0xe2, 0x20, 0x8, 0x0, 0x92, 0x81, 0x78, 0x40,
    0x3, 0x8d, 0x39, 0x0, 0x6e, 0x61, 0xa3, 0xe0,
    0xc, 0x6b, 0x6c, 0x0, 0xc, 0x0, 0x22, 0xcc,
    0x3a, 0x68, 0x0, 0x70, 0x0,

    /* U+671B "望" */
    0x0, 0x8d, 0x40, 0x3f, 0xf8, 0x2f, 0x40, 0x17,
    0x7f, 0xf0, 0x14, 0xef, 0xb4, 0xc8, 0xcc, 0x46,
    0x62, 0x0, 0x14, 0xb6, 0xcc, 0xc6, 0x17, 0xfe,
    0xb1, 0x0, 0xfe, 0x20, 0xf, 0xec, 0x8b, 0xc3,
    0xa, 0xff, 0x58, 0x6, 0x20, 0xff, 0x77, 0xae,
    0x63, 0xac, 0x3, 0x4d, 0x3a, 0xb, 0xd0, 0x1,
    0x2a, 0x0, 0x11, 0xff, 0xb1, 0x3f, 0xe9, 0x38,
    0x0, 0x47, 0x7f, 0xe1, 0xbf, 0xfb, 0xbc, 0x2,
    0x32, 0x2c, 0x4, 0x5c, 0x1, 0xbb, 0xff, 0xc,
    0x7f, 0xda, 0x80, 0x1, 0xdc, 0xcc, 0x35, 0x99,
    0x7a, 0x9, 0x77, 0x78, 0x6f, 0xbb, 0xa8,

    /* U+671F "期" */
    0x0, 0x73, 0x0, 0x3d, 0x40, 0x3f, 0x8c, 0xc0,
    0x1, 0x0, 0x6f, 0xfe, 0x62, 0xc2, 0x8c, 0xc0,
    0xc2, 0x84, 0x7f, 0x84, 0xb, 0x8a, 0xfb, 0x83,
    0x48, 0x1, 0xf1, 0x0, 0x8e, 0x21, 0xf, 0x33,
    0x0, 0x75, 0x44, 0x0, 0x32, 0xc4, 0x4, 0x3,
    0x45, 0xd8, 0x40, 0x2a, 0xbb, 0x8, 0x6, 0xaf,
    0xf0, 0x80, 0x7f, 0xd5, 0xfe, 0x10, 0xa, 0xb3,
    0x2, 0x11, 0xe5, 0x5f, 0xe1, 0xa7, 0x29, 0xcc,
    0x8, 0x47, 0xd7, 0x7e, 0xe7, 0xa0, 0x28, 0x7,
    0x1d, 0x28, 0x3e, 0x1d, 0x90, 0x80, 0x62, 0xd9,
    0x40, 0x56, 0xa7, 0xb0, 0xc, 0x62, 0xcc, 0x0,
    0xa4, 0xc9, 0x80, 0x1c, 0x2e, 0x70, 0x1, 0xd5,
    0xe0, 0x15, 0x71, 0x0,

    /* U+672A "未" */
    0x0, 0xfb, 0xd4, 0x3, 0xff, 0x84, 0x20, 0x1f,
    0xe3, 0x22, 0xc0, 0x64, 0x51, 0x88, 0x6, 0xef,
    0xfc, 0x31, 0xff, 0x6a, 0x80, 0x6d, 0xde, 0x1b,
    0xdd, 0xb9, 0x0, 0x3f, 0xf8, 0xc5, 0xff, 0xe1,
    0xaf, 0xfe, 0x90, 0x2e, 0xff, 0xa8, 0x2, 0x8f,
    0xfb, 0xa4, 0x0, 0x20, 0x1, 0xb8, 0x17, 0x84,
    0x0, 0x8, 0x7, 0x16, 0x23, 0x86, 0xc5, 0xa0,
    0x7, 0x93, 0x1a, 0x80, 0x27, 0x75, 0xc0, 0x4,
    0x33, 0x6f, 0x60, 0x1d, 0x12, 0xff, 0x20, 0x2,
    0xa9, 0x0, 0x84, 0x2, 0x6e, 0x7f, 0x1, 0xb5,
    0x0, 0xe3, 0x0, 0x86, 0x18, 0x0,

    /* U+672B "末" */
    0x0, 0xf9, 0x7c, 0x3, 0xff, 0x84, 0x22, 0x0,
    0xfc, 0x26, 0x45, 0xc0, 0x45, 0x8c, 0x80, 0xb,
    0xb9, 0x9a, 0x7, 0x33, 0x6c, 0x80, 0x13, 0xbb,
    0xa8, 0x7b, 0xba, 0xc0, 0x3f, 0xf8, 0xed, 0xdd,
    0xa8, 0x7b, 0xb6, 0x0, 0x67, 0xcc, 0x94, 0x40,
    0x77, 0x37, 0xc0, 0x30, 0x91, 0x5, 0x20, 0x56,
    0x88, 0xcc, 0x1, 0xe1, 0xd6, 0x30, 0x86, 0x60,
    0x7, 0xc5, 0x85, 0x20, 0x2, 0x99, 0x38, 0x7,
    0x26, 0x6, 0x80, 0x66, 0x88, 0x61, 0x80, 0x2a,
    0xcb, 0x4, 0x3, 0x9e, 0x4f, 0xc, 0x3d, 0xf0,
    0x40, 0x21, 0x0, 0x9b, 0x68, 0xc1, 0x60, 0x3,
    0x8, 0x7, 0x12, 0x80,

    /* U+672C "本" */
    0x0, 0xfb, 0x9c, 0x3, 0xff, 0x82, 0x62, 0x1,
    0xff, 0xca, 0xcf, 0xfe, 0x29, 0xff, 0xe6, 0xe,
    0xde, 0xe6, 0x0, 0x4d, 0xdd, 0x6b, 0x81, 0x10,
    0x44, 0x86, 0x4a, 0xe2, 0x31, 0x8, 0x7, 0x4c,
    0x83, 0x1, 0x40, 0x3f, 0x41, 0xa8, 0x2, 0x20,
    0x1, 0xf1, 0x3c, 0x0, 0x4c, 0x12, 0x1, 0xc3,
    0xe8, 0xa0, 0x1b, 0x9a, 0x0, 0x21, 0xd0, 0xf4,
    0x41, 0xfa, 0x34, 0xbd, 0x89, 0xf9, 0x7e, 0x44,
    0x5, 0x22, 0xb, 0x69, 0x6, 0xf8, 0x51, 0x98,
    0x2b, 0xcd, 0x34, 0xd9, 0x9, 0x20, 0xc, 0x62,
    0x1, 0x88, 0x3, 0xff, 0x88,

    /* U+672F "术" */
    0x0, 0xfb, 0xa0, 0xa, 0x80, 0x3f, 0xe3, 0xf0,
    0x34, 0xb0, 0xf, 0xfe, 0x8, 0xd2, 0x18, 0x4,
    0x45, 0xe3, 0xf2, 0x23, 0x50, 0x88, 0x1, 0xbb,
    0xe1, 0x7d, 0xda, 0xb6, 0x80, 0x1f, 0xfa, 0xc0,
    0x2, 0x7f, 0xfa, 0xc0, 0x3d, 0xe8, 0x4c, 0x68,
    0x1, 0xfc, 0xa9, 0x1, 0xed, 0x0, 0x1f, 0x86,
    0xd8, 0xc0, 0x10, 0x52, 0x1, 0xe1, 0xc3, 0x90,
    0x8, 0x69, 0xa4, 0x3, 0x16, 0x6, 0x0, 0x72,
    0x53, 0x61, 0x81, 0xe8, 0xe0, 0x80, 0x79, 0x70,
    0x68, 0xe, 0xf0, 0x40, 0x3f, 0x1e, 0xc8, 0x1,
    0x0, 0x38, 0xc0, 0x3f, 0x0,

    /* U+6735 "朵" */
    0x0, 0xef, 0xff, 0x8, 0x7, 0xfa, 0xbb, 0x98,
    0x1, 0xff, 0xc0, 0x61, 0x10, 0x7, 0xfd, 0x0,
    0x40, 0x1, 0x3, 0x0, 0x8, 0x0, 0xe7, 0x5e,
    0x44, 0x0, 0x61, 0xbf, 0xea, 0x0, 0x12, 0x3e,
    0x30, 0x5d, 0x87, 0xb3, 0x29, 0x0, 0xb2, 0xc8,
    0x44, 0x2, 0x20, 0x22, 0x8c, 0xf, 0xbb, 0xc8,
    0xbd, 0xde, 0x53, 0xff, 0xd6, 0x4, 0x83, 0x7f,
    0xf9, 0x40, 0x32, 0xdc, 0xb0, 0xd5, 0xa8, 0x7,
    0x8e, 0xae, 0xcc, 0x0, 0x4b, 0xab, 0x40, 0x0,
    0xe6, 0x3, 0xd0, 0x3, 0x27, 0x5, 0xf0, 0x8a,
    0xb2, 0x84, 0x3, 0xc3, 0x7b, 0x42,

    /* U+673A "机" */
    0x0, 0xb9, 0xc0, 0x3f, 0xf8, 0x46, 0x20, 0x2,
    0xff, 0xcc, 0x1, 0xff, 0xc0, 0xde, 0x20, 0xc,
    0x5b, 0xa2, 0x8d, 0x90, 0x1, 0x8, 0x7, 0x17,
    0x48, 0x4f, 0xd8, 0x7, 0xf8, 0xc8, 0x4, 0x88,
    0x1, 0xff, 0x50, 0x6d, 0x0, 0x7f, 0xc4, 0x62,
    0x6a, 0xc2, 0x1, 0xfd, 0xa, 0x7d, 0x6, 0xc4,
    0x1, 0xf1, 0xaf, 0x0, 0x1d, 0x49, 0x80, 0x3f,
    0x2a, 0x0, 0x6c, 0xc0, 0x7, 0xc7, 0x40, 0x18,
    0x91, 0x40, 0x31, 0x38, 0x6, 0x30, 0x7, 0x29,
    0x0, 0x5c, 0xf0, 0x1, 0xe4, 0x1b, 0x0, 0x91,
    0xe9, 0x80, 0x37, 0x32, 0x68, 0x80, 0x53, 0xfe,
    0x90,

    /* U+6742 "杂" */
    0x0, 0xff, 0xe4, 0x9f, 0x90, 0x7, 0xf8, 0xc8,
    0x8c, 0x2, 0x45, 0x0, 0x78, 0xb3, 0x75, 0x41,
    0x9b, 0xb2, 0x0, 0x71, 0x7f, 0xc8, 0xdf, 0xf0,
    0x80, 0x7f, 0x22, 0x28, 0x3, 0xc6, 0x40, 0x19,
    0xad, 0xcc, 0x44, 0x1, 0xab, 0xc0, 0x11, 0xb3,
    0x28, 0xc, 0x60, 0x3a, 0xc6, 0xa0, 0x7, 0xd7,
    0x30, 0x0, 0x44, 0x19, 0x73, 0x6e, 0x0, 0x88,
    0x77, 0xfc, 0x73, 0xfd, 0x54, 0xb9, 0x0, 0x77,
    0xf7, 0x3f, 0xc7, 0x3f, 0xfb, 0xa4, 0x0, 0x21,
    0x18, 0x20, 0x1a, 0xdc, 0x4, 0x3, 0x4b, 0x58,
    0x80, 0x6d, 0x8c, 0x20, 0x1, 0x63, 0xdb, 0x0,
    0x73, 0x68, 0x6a, 0x1, 0xb7, 0xa0, 0xd, 0x19,
    0x0, 0xb, 0x19, 0x40, 0x68, 0x40, 0x2, 0x74,
    0x80, 0x1a, 0x44, 0x0,

    /* U+674E "李" */
    0x0, 0xfb, 0xd8, 0x3, 0xf0, 0x8f, 0xc0, 0x23,
    0xe0, 0x4, 0xf7, 0xfd, 0xc3, 0x3d, 0xff, 0x75,
    0x80, 0x23, 0xfb, 0x8a, 0x83, 0x25, 0x5d, 0xcf,
    0xa0, 0xc, 0x36, 0x16, 0x7, 0xf0, 0xc0, 0x1e,
    0x6f, 0xcb, 0x1, 0x32, 0xce, 0xd8, 0x50, 0x6,
    0xe9, 0x32, 0xec, 0x11, 0x76, 0x3f, 0xe2, 0x0,
    0x65, 0xcc, 0x45, 0x96, 0xaa, 0xd2, 0x67, 0x0,
    0x8, 0x19, 0xeb, 0xa7, 0xf6, 0x0, 0xe1, 0x10,
    0x6, 0x79, 0x90, 0x80, 0x88, 0x80, 0x1d, 0xfd,
    0xd8, 0x23, 0xba, 0xff, 0x80, 0x1f, 0xdd, 0xc1,
    0x5d, 0xdd, 0xa0, 0x1f, 0xfc, 0xa6, 0x90, 0x70,
    0xf, 0xfe, 0x7, 0x2b, 0x98, 0x7, 0xc0,

    /* U+6751 "村" */
    0x0, 0x93, 0xc0, 0x3c, 0x3e, 0x60, 0x1f, 0xfc,
    0x11, 0x0, 0xff, 0xe4, 0xa2, 0xc, 0x10, 0xc4,
    0x8b, 0x3, 0x18, 0x3, 0xe2, 0x42, 0x2a, 0x73,
    0x30, 0x5e, 0x18, 0x5e, 0x20, 0x64, 0xc7, 0x76,
    0xd, 0xf3, 0x0, 0xa, 0x84, 0x90, 0x9, 0x0,
    0x7e, 0x81, 0x5, 0xe0, 0xbe, 0x0, 0xf9, 0x1a,
    0x43, 0x88, 0xe0, 0xd0, 0x3, 0x8a, 0x94, 0xc0,
    0xb8, 0xca, 0x14, 0x3, 0xc5, 0x60, 0x1e, 0x71,
    0x0, 0xe2, 0xc1, 0x0, 0xff, 0xe5, 0xac, 0x1,
    0x0, 0x7f, 0xf0, 0x35, 0x60, 0x40, 0x0,

    /* U+675F "束" */
    0x0, 0xf2, 0xf8, 0x7, 0xff, 0x8, 0x40, 0x3e,
    0xbf, 0xfe, 0xa1, 0xff, 0xf3, 0x56, 0xf7, 0x69,
    0x1e, 0xee, 0xd7, 0x13, 0x55, 0xdc, 0x2a, 0xbc,
    0x42, 0x9, 0x71, 0x12, 0x84, 0x45, 0x36, 0x1,
    0x8, 0xb3, 0x28, 0x1c, 0xca, 0x44, 0x2, 0x11,
    0x6e, 0xd6, 0x3b, 0xb5, 0x8, 0x4, 0x99, 0xdc,
    0x11, 0x1, 0xaf, 0x6e, 0x0, 0x42, 0x66, 0xb2,
    0x80, 0x86, 0x13, 0x30, 0x7, 0x53, 0x69, 0x3,
    0x26, 0x10, 0x6, 0x4e, 0x4c, 0x30, 0xa, 0x93,
    0x60, 0x42, 0x6d, 0x38, 0x80, 0x3a, 0xa5, 0xb9,
    0x22, 0xe8, 0x2, 0x30, 0xc, 0xdd, 0x48,

    /* U+6761 "条" */
    0x0, 0xe4, 0x0, 0xff, 0xe1, 0x25, 0x98, 0x7,
    0xff, 0x6, 0x43, 0x3f, 0xf9, 0xc0, 0x3d, 0x4,
    0x7d, 0xd9, 0x9, 0xc0, 0x39, 0x5e, 0xc6, 0x4,
    0x4c, 0x9e, 0x1, 0xc5, 0x52, 0x9e, 0xf5, 0x31,
    0x64, 0x1, 0xc5, 0xac, 0x5, 0x2a, 0xce, 0x80,
    0x1f, 0x10, 0xb6, 0x55, 0x25, 0xba, 0x54, 0xc8,
    0xa, 0xf7, 0xb6, 0x77, 0x8f, 0xac, 0xef, 0x3c,
    0x8, 0xd6, 0xe1, 0x8d, 0x74, 0xda, 0x6b, 0x30,
    0x0, 0xa6, 0x9e, 0xe8, 0x5b, 0xba, 0xaa, 0x8,
    0x0, 0xbb, 0x7f, 0x74, 0x51, 0xbb, 0x74, 0x80,
    0x71, 0xe3, 0x0, 0x45, 0xee, 0x1, 0xe5, 0xc7,
    0x60, 0x8, 0xaa, 0x70, 0x80, 0x29, 0xba, 0x93,
    0x72, 0x0, 0x2f, 0xbe, 0x88, 0x2, 0xfd, 0x41,
    0xa1, 0x1c, 0x0, 0x37, 0x82, 0x0, 0x21, 0x0,
    0x2f, 0xd8, 0x80, 0x63, 0x0, 0x0,

    /* U+6765 "来" */
    0x0, 0xfb, 0xd8, 0x3, 0xff, 0x84, 0x26, 0x1,
    0xf9, 0x3f, 0xf8, 0x6b, 0xff, 0x58, 0x4, 0x9b,
    0xac, 0xee, 0xc, 0xf6, 0xd6, 0xc8, 0x6, 0x2a,
    0xf1, 0x10, 0x18, 0xad, 0x91, 0x0, 0x3a, 0x9,
    0xc0, 0x21, 0x9b, 0x0, 0xe1, 0x1a, 0xcc, 0x40,
    0xc9, 0xd0, 0x46, 0x2, 0xee, 0xaa, 0xf8, 0x67,
    0x1b, 0xba, 0xa0, 0x2e, 0xff, 0x9c, 0xc4, 0x8f,
    0xff, 0x58, 0x0, 0x40, 0xc, 0xfc, 0x10, 0x18,
    0x20, 0x1f, 0x4c, 0xb0, 0x80, 0x18, 0x1e, 0xc0,
    0x19, 0x31, 0xf0, 0xc0, 0x36, 0x3c, 0xf4, 0x0,
    0xd0, 0x79, 0x80, 0x7a, 0x6c, 0xb4, 0x7, 0xf0,
    0x40, 0x21, 0x30, 0x9, 0x31, 0x40,

    /* U+676F "杯" */
    0x0, 0x93, 0xc0, 0x3f, 0xf8, 0x4e, 0x20, 0xff,
    0xff, 0x84, 0x3, 0xcf, 0xdf, 0xe5, 0x57, 0xfb,
    0x84, 0x2b, 0x38, 0x72, 0x84, 0x0, 0x9c, 0x0,
    0x10, 0x4, 0xc3, 0x87, 0xc8, 0x1, 0x45, 0x0,
    0x38, 0xd1, 0x84, 0x8c, 0x1, 0x0, 0x1, 0x0,
    0xe3, 0x30, 0xfa, 0x83, 0x10, 0x17, 0x90, 0x6,
    0xf5, 0x19, 0x91, 0x44, 0x0, 0x93, 0xc0, 0x26,
    0x29, 0x7, 0xdf, 0x75, 0x0, 0x51, 0xd0, 0xc,
    0xd0, 0x0, 0x71, 0xa4, 0x3, 0x53, 0x88, 0xad,
    0x0, 0x3, 0x56, 0x1, 0xc9, 0xa2, 0x8, 0x1,
    0x9c, 0x3, 0xff, 0x82, 0x20, 0x18, 0x40, 0x3f,
    0x9c, 0x3, 0xe1, 0x0, 0xc0,

    /* U+677E "松" */
    0x0, 0xb9, 0x80, 0x21, 0x5, 0x80, 0xf, 0x8c,
    0xc0, 0x17, 0x20, 0x28, 0x7, 0xfc, 0x80, 0x88,
    0x23, 0x0, 0xc6, 0x40, 0x46, 0x18, 0x80, 0x27,
    0x40, 0x12, 0x6f, 0x94, 0xe9, 0xae, 0x80, 0x21,
    0x88, 0x0, 0x9d, 0x21, 0x7c, 0x4, 0xe0, 0x4,
    0x3e, 0x10, 0xb, 0x40, 0x89, 0xa, 0x30, 0x61,
    0xc7, 0x80, 0x13, 0x85, 0x71, 0xc0, 0x3a, 0x81,
    0x67, 0x0, 0x18, 0xa, 0xc7, 0x89, 0x45, 0x80,
    0x6, 0x60, 0x5, 0xc8, 0x1c, 0xf0, 0x7b, 0x1,
    0x28, 0x5, 0x6, 0xe0, 0x4, 0x80, 0x5a, 0x7,
    0xa1, 0x0, 0x4d, 0x0, 0x73, 0x21, 0x2, 0x94,
    0x0, 0x5, 0x0, 0x30, 0xc6, 0x22, 0xb8, 0xb0,
    0x80, 0x7c, 0x83, 0x13, 0xfe, 0xb0, 0x60, 0xc,
    0x66, 0x5, 0xbf, 0xda, 0x87, 0x94, 0x0,

    /* U+677F "板" */
    0x0, 0xb9, 0x0, 0x3c, 0x6d, 0x60, 0x1c, 0x60,
    0x15, 0xef, 0xfb, 0xb4, 0x8c, 0x3, 0xf2, 0xc7,
    0x7e, 0xdc, 0x98, 0x2, 0xe8, 0xa2, 0xcc, 0xc2,
    0x20, 0xf, 0xb7, 0x40, 0x9a, 0x41, 0x39, 0x9c,
    0x1, 0x31, 0x6, 0x30, 0x9b, 0x87, 0xf9, 0x4,
    0x3, 0x78, 0x6b, 0x0, 0x3c, 0xce, 0x7, 0x0,
    0x85, 0x40, 0xa0, 0x5, 0xc4, 0xc0, 0xf4, 0x2,
    0x85, 0x2f, 0x33, 0x1, 0xa5, 0x82, 0x28, 0x0,
    0xda, 0x40, 0x1a, 0x23, 0x4b, 0x30, 0x88, 0x1,
    0x31, 0x80, 0x48, 0xa0, 0x65, 0x30, 0x1, 0x1c,
    0x80, 0x6d, 0x30, 0x3, 0x3, 0x0, 0x7e, 0x34,
    0xa0, 0x74, 0x6c, 0x40, 0xe, 0x31, 0xe5, 0x3b,
    0x9d, 0x97, 0xb9, 0x0, 0xf5, 0x5c, 0xb6, 0x18,
    0x44, 0x80, 0x77, 0x2b, 0x8c, 0x69, 0x0, 0x4d,
    0x20,

    /* U+6781 "极" */
    0x0, 0xbd, 0x0, 0x3f, 0xf8, 0x42, 0xe1, 0x7f,
    0xfe, 0x10, 0xf, 0xd5, 0xa1, 0xdc, 0x91, 0x10,
    0x0, 0xae, 0x86, 0x2d, 0x0, 0x2, 0x2e, 0x50,
    0x8, 0xf4, 0x80, 0xf5, 0x84, 0x40, 0x4, 0xc0,
    0x8, 0x5b, 0xc2, 0xd8, 0xc0, 0x31, 0xc7, 0x90,
    0x5, 0x61, 0x32, 0x6, 0x14, 0xf, 0xb0, 0x20,
    0x1, 0x90, 0x13, 0x21, 0xc, 0x0, 0x31, 0x0,
    0x28, 0x61, 0xb7, 0x76, 0x40, 0xb0, 0x2e, 0x80,
    0x11, 0x12, 0x0, 0x82, 0x44, 0x74, 0x39, 0xb0,
    0x5, 0x2, 0x1, 0x49, 0x91, 0xb4, 0x48, 0x4,
    0x8e, 0x1, 0x13, 0xc8, 0x12, 0x8d, 0x10, 0x7,
    0xb, 0x79, 0xab, 0x6a, 0x73, 0xec, 0x0, 0x7a,
    0xba, 0xa2, 0x64, 0x15, 0x8, 0x1, 0xbd, 0x5c,
    0xaf, 0xd8, 0x2, 0x7c, 0x0,

    /* U+6795 "枕" */
    0x0, 0xff, 0xe3, 0xf3, 0x0, 0x64, 0xf3, 0x0,
    0xf8, 0xcc, 0x1, 0x9c, 0x8, 0x3, 0xfe, 0x11,
    0x38, 0x0, 0x44, 0x0, 0x1e, 0xd2, 0xbe, 0x6e,
    0xfa, 0xf, 0xf7, 0x30, 0xe, 0xc0, 0x4e, 0xa8,
    0x7d, 0xf, 0x70, 0x4c, 0x0, 0x66, 0x2, 0x30,
    0x8, 0x88, 0x1, 0x18, 0x5, 0x41, 0xee, 0x2a,
    0x3c, 0x6, 0xc, 0x40, 0x4, 0x31, 0x38, 0xa,
    0x3, 0x1f, 0x8, 0x40, 0x4, 0xb9, 0xe2, 0xb0,
    0xa, 0x28, 0x7, 0x29, 0x48, 0x2, 0x90, 0x24,
    0xb4, 0x3, 0x96, 0xc4, 0x3, 0x13, 0xc8, 0x7,
    0xc8, 0x1, 0xdc, 0xa8, 0x1, 0x24, 0x0, 0x63,
    0x1, 0xc1, 0xb0, 0x1, 0x13, 0x94, 0x3, 0x8d,
    0x3, 0x4, 0x10, 0x35, 0x24, 0x3, 0x73, 0x2e,
    0x8, 0x0, 0x7b, 0xf9, 0x0,

    /* U+6797 "林" */
    0x0, 0xb9, 0x80, 0x32, 0x78, 0x80, 0x7f, 0xf0,
    0x58, 0x3, 0xff, 0x94, 0x3b, 0x83, 0x7a, 0xd3,
    0x9e, 0x1b, 0x9b, 0x40, 0x33, 0x20, 0x59, 0x7a,
    0xf6, 0x4, 0xfe, 0x90, 0x2, 0x10, 0x72, 0x9,
    0x99, 0x40, 0xcf, 0x0, 0x54, 0x17, 0xa0, 0x6,
    0x0, 0x21, 0x80, 0x64, 0x30, 0xa2, 0x60, 0x86,
    0x6, 0xe0, 0xd, 0x2c, 0x22, 0xb6, 0x93, 0xb0,
    0x80, 0xb0, 0x1, 0x94, 0x80, 0x11, 0x5a, 0x4,
    0x1, 0xc9, 0x84, 0x78, 0x20, 0x1, 0xa4, 0x50,
    0x8, 0xec, 0x8, 0xc, 0x2, 0x1b, 0xa0, 0xe,
    0x4c, 0x0, 0xc2, 0x0, 0x41, 0x0, 0xff, 0xe0,
    0x8, 0x6, 0x10, 0x30, 0xc,

    /* U+679C "果" */
    0x1, 0xff, 0xff, 0x20, 0x7, 0x67, 0xfa, 0xc7,
    0xfe, 0x0, 0xfb, 0x7b, 0x94, 0x3d, 0xd0, 0x7,
    0xdb, 0xdc, 0xa1, 0xee, 0x80, 0x3f, 0xf9, 0x59,
    0xfe, 0xb1, 0xff, 0x80, 0x30, 0x8b, 0xff, 0x58,
    0xff, 0xe4, 0x0, 0x7f, 0xfa, 0xc7, 0xff, 0xc1,
    0xff, 0xa4, 0x24, 0x68, 0xff, 0xee, 0x1, 0x0,
    0x44, 0xd9, 0x2, 0xbe, 0x10, 0x8, 0xb, 0x6a,
    0xe2, 0x0, 0x56, 0xbb, 0x4a, 0x1b, 0x15, 0xa6,
    0x1, 0xd3, 0x83, 0x63, 0xdc, 0x70, 0x8, 0x44,
    0x1, 0x1d, 0xf0, 0x80,

    /* U+67B6 "架" */
    0x0, 0xd8, 0x60, 0x1f, 0xfc, 0x2, 0x21, 0xb9,
    0x10, 0x15, 0x9b, 0x8, 0x0, 0xf3, 0x1, 0x3f,
    0xa5, 0x1b, 0xfe, 0x93, 0x0, 0x1f, 0x50, 0xee,
    0x1, 0x8f, 0xcc, 0x80, 0x3d, 0xa8, 0x1, 0xff,
    0xc1, 0x26, 0xf0, 0x50, 0x11, 0xe0, 0xc, 0x98,
    0xaa, 0x9b, 0x40, 0x1b, 0xff, 0x8, 0x5, 0x8f,
    0x41, 0x19, 0x87, 0xce, 0xec, 0x40, 0xb, 0xa3,
    0x31, 0x7, 0x69, 0x9f, 0x20, 0x2, 0x7e, 0x22,
    0xc6, 0x5d, 0x88, 0xe1, 0xa, 0xcb, 0xb6, 0x82,
    0xb0, 0x7d, 0xdd, 0x82, 0x1, 0xa6, 0x30, 0x87,
    0x2a, 0x4, 0x3, 0xb, 0x72, 0xe1, 0x80, 0xb,
    0x13, 0xa5, 0x0, 0x19, 0x10, 0xc2, 0x0, 0xc5,
    0x92, 0x92, 0x0, 0xfe, 0x60, 0xc, 0x20, 0x13,
    0x6e, 0x0,

    /* U+67D4 "柔" */
    0x0, 0xff, 0xe3, 0x17, 0xff, 0xf8, 0x80, 0x31,
    0x7f, 0xb5, 0xff, 0xd0, 0x4d, 0x84, 0x1, 0x84,
    0x0, 0x65, 0xba, 0xfc, 0x93, 0x0, 0xc9, 0xfb,
    0xac, 0x42, 0x23, 0x66, 0xf7, 0x98, 0x1, 0x3b,
    0x7d, 0x42, 0x15, 0xf7, 0x52, 0x66, 0x0, 0x35,
    0x76, 0x7, 0xf2, 0x8, 0x1, 0xf0, 0x2, 0x33,
    0x57, 0x40, 0x89, 0x24, 0x3, 0xe5, 0x94, 0x0,
    0xbd, 0x84, 0x3, 0xee, 0xff, 0xe8, 0x3f, 0xfe,
    0xe0, 0x7, 0xf7, 0x52, 0x8, 0x22, 0x9e, 0xeb,
    0xc0, 0x2, 0x23, 0xb8, 0xcc, 0x16, 0xc5, 0x20,
    0x88, 0x0, 0xb9, 0xa5, 0xc6, 0x0, 0x3e, 0x3b,
    0xfa, 0x0, 0x3d, 0xf4, 0x0, 0x7a, 0x3b, 0x20,
    0x0,

    /* U+67E0 "柠" */
    0x0, 0xff, 0xe3, 0x73, 0x0, 0x63, 0xe1, 0x0,
    0xf1, 0x98, 0x3, 0x18, 0x48, 0x7, 0xf9, 0x56,
    0x7e, 0x55, 0x81, 0xc, 0xc4, 0x81, 0x51, 0x2b,
    0x53, 0x14, 0x53, 0xe3, 0x52, 0x21, 0xd9, 0x9a,
    0x40, 0xb6, 0x2, 0x34, 0x4c, 0x40, 0x33, 0xa0,
    0x3, 0x83, 0x10, 0x30, 0x80, 0x31, 0xd0, 0x12,
    0x9, 0xd0, 0x77, 0xff, 0xc1, 0x2c, 0x7e, 0x85,
    0xdf, 0xe1, 0xcf, 0xf7, 0x3a, 0xc0, 0x2, 0x88,
    0x3, 0xf3, 0x68, 0x7, 0xff, 0x4, 0x4c, 0x3,
    0xff, 0x88, 0x60, 0x18, 0x4c, 0x40, 0x3e, 0x13,
    0x0, 0x97, 0x8, 0x80, 0x1e, 0xf6, 0x0, 0x93,
    0x74, 0x20, 0x10,

    /* U+67E5 "查" */
    0x0, 0xfa, 0xa0, 0x3, 0xff, 0x99, 0x1f, 0xfc,
    0xaf, 0xff, 0xce, 0x0, 0x9d, 0xee, 0x21, 0xab,
    0x13, 0x77, 0x35, 0x80, 0x2, 0x42, 0xcb, 0xc0,
    0x3e, 0xf2, 0x24, 0x20, 0x1a, 0x63, 0x48, 0x0,
    0x5a, 0xda, 0xc2, 0x0, 0x8e, 0x7a, 0x3, 0x11,
    0x18, 0x53, 0x4f, 0x88, 0x2, 0x21, 0x5f, 0xe7,
    0x5f, 0xf5, 0xee, 0xa8, 0x42, 0x18, 0xf, 0xbb,
    0xc6, 0x4, 0x80, 0x1c, 0x7d, 0xde, 0x30, 0xf,
    0xc7, 0xbb, 0xe3, 0x0, 0xfc, 0x5f, 0xfe, 0x20,
    0xe, 0x11, 0x3f, 0xff, 0xe7, 0x11, 0x0, 0x23,
    0xbb, 0xff, 0x81, 0xe0,

    /* U+67FF "柿" */
    0x0, 0xff, 0xe3, 0xf3, 0x80, 0x68, 0xc0, 0xf,
    0xe1, 0x0, 0xd2, 0x24, 0x1, 0xfe, 0x5a, 0xa5,
    0xbc, 0x55, 0x40, 0x5d, 0xa3, 0x1c, 0xdf, 0xf2,
    0x17, 0xfb, 0x0, 0xaa, 0x1, 0xa8, 0xd5, 0x63,
    0xc5, 0x53, 0x0, 0x10, 0xc3, 0x90, 0x4, 0x60,
    0x11, 0x80, 0x36, 0x87, 0xa0, 0x7f, 0xc5, 0x7f,
    0xc8, 0x0, 0x14, 0x5, 0xa1, 0xa, 0xe2, 0xae,
    0x17, 0x0, 0x42, 0xd, 0x29, 0x18, 0x7, 0xe4,
    0x68, 0x0, 0x59, 0x80, 0x7f, 0x24, 0x18, 0x7,
    0xff, 0x9, 0xc0, 0x3f, 0xcc, 0x20, 0x1f, 0xc2,
    0xe0, 0x17, 0xb9, 0x80, 0x7e, 0xc3, 0x3, 0x9,
    0x80, 0xe, 0x30, 0xf, 0x84, 0x3, 0x0,

    /* U+6805 "栅" */
    0x0, 0x17, 0x80, 0x7f, 0xf0, 0xc4, 0x0, 0xff,
    0xf0, 0x77, 0xfb, 0x0, 0x3e, 0x15, 0xe0, 0x1,
    0xe5, 0x0, 0x57, 0x83, 0xd4, 0x1, 0xff, 0x54,
    0xf, 0xd0, 0x7, 0xfc, 0x3e, 0x1, 0xff, 0xc3,
    0x71, 0xf6, 0x95, 0xe0, 0xf2, 0xca, 0x3a, 0x5,
    0x1, 0x9a, 0x96, 0xe0, 0xf3, 0xba, 0x3a, 0x8,
    0x60, 0x7c, 0x11, 0x0, 0x67, 0x0, 0x84, 0x54,
    0x1, 0x77, 0x80, 0x42, 0x1, 0x87, 0x0, 0x32,
    0x98, 0x4, 0x44, 0x0, 0xfc, 0x26, 0xa0, 0x2,
    0x1, 0x0, 0xf0, 0x83, 0x10, 0x58, 0xd1, 0x97,
    0xb8, 0x4, 0x20, 0xf, 0x81, 0xb, 0xc9, 0x4,
    0xe0,

    /* U+680F "栏" */
    0x0, 0xff, 0xe3, 0xf3, 0x80, 0xc, 0xc0, 0x16,
    0x28, 0x7, 0x18, 0x80, 0x13, 0x44, 0xc, 0xcc,
    0x1, 0xe3, 0x0, 0x3a, 0x68, 0x4b, 0x18, 0x0,
    0x55, 0xf, 0x54, 0x8f, 0xad, 0x17, 0x4c, 0x80,
    0xe7, 0xc5, 0x39, 0x36, 0xa6, 0x86, 0xb5, 0x0,
    0xb2, 0x42, 0x6d, 0xbb, 0xbe, 0x60, 0xa, 0x82,
    0x4c, 0x3, 0xff, 0x80, 0xc0, 0xd, 0x1, 0x21,
    0x1e, 0x0, 0xa0, 0xca, 0x49, 0x6b, 0x7b, 0xb6,
    0x80, 0xd, 0xe4, 0x1, 0x8b, 0x7f, 0xfd, 0x80,
    0x6, 0x62, 0x0, 0x7f, 0xf0, 0x56, 0x40, 0x3f,
    0xf9, 0x1b, 0xbf, 0xb8, 0x40, 0x23, 0x30, 0x4f,
    0x77, 0xa6, 0xc4, 0x3, 0x8, 0x21, 0x9f, 0x91,
    0x40,

    /* U+6811 "树" */
    0x0, 0x27, 0x80, 0x7e, 0x4f, 0x0, 0xce, 0x1,
    0xfc, 0xe2, 0x1, 0xc2, 0xb, 0xff, 0x58, 0x7,
    0xdd, 0xa3, 0xa7, 0xfe, 0x72, 0xbc, 0xe1, 0xd4,
    0xd, 0x61, 0xf4, 0x40, 0x17, 0x47, 0xd8, 0x72,
    0x81, 0x88, 0x11, 0xd2, 0x39, 0x91, 0xa8, 0x98,
    0x80, 0x1c, 0x74, 0x2a, 0x84, 0x98, 0xc0, 0x1c,
    0xa2, 0x25, 0xa4, 0x53, 0xb, 0xb0, 0x7, 0x4a,
    0x84, 0x9, 0x29, 0xab, 0x1d, 0x80, 0x46, 0x5c,
    0x0, 0xaa, 0x14, 0xd8, 0x6d, 0x80, 0x47, 0x8e,
    0x0, 0x47, 0xf6, 0x37, 0x30, 0xe, 0x20, 0x1,
    0x5b, 0x98, 0x7b, 0x80, 0x7e, 0x12, 0xb8, 0x0,
    0x10, 0x12, 0x80, 0x73, 0x80, 0x10, 0x3, 0x9e,
    0x58, 0x3, 0x27, 0x80, 0x7c, 0xbf, 0x0, 0x0,

    /* U+6821 "校" */
    0x0, 0xff, 0x8, 0x7, 0xee, 0x50, 0xc, 0xf8,
    0x1, 0xff, 0xc2, 0x71, 0x20, 0xf, 0xf6, 0xf7,
    0x45, 0x9d, 0xd0, 0x8b, 0x70, 0x62, 0xbf, 0xff,
    0x60, 0x8a, 0x68, 0x2a, 0x48, 0x71, 0x84, 0xf4,
    0x88, 0x0, 0x41, 0x2, 0x30, 0xb0, 0x60, 0x25,
    0xc5, 0x0, 0xa8, 0x39, 0xdc, 0xbe, 0x20, 0x9,
    0x6f, 0x0, 0x21, 0x88, 0xa5, 0xb6, 0xc0, 0x7,
    0xb7, 0x40, 0x8, 0x60, 0xf9, 0x13, 0x64, 0x9,
    0x12, 0x0, 0x21, 0xd0, 0x1, 0xc0, 0xf, 0x26,
    0xbe, 0x1, 0x25, 0x90, 0x7, 0x40, 0x63, 0x98,
    0x6, 0x40, 0xf, 0x21, 0x81, 0x8, 0x7, 0xf2,
    0x55, 0xce, 0xbf, 0xca, 0x0, 0x7a, 0x2c, 0x35,
    0xcb, 0x61, 0x3c, 0x3, 0x72, 0xc7, 0x51, 0x0,
    0x4d, 0xb6, 0x0,

    /* U+6837 "样" */
    0x0, 0xff, 0xe3, 0xfa, 0x80, 0xb, 0x80, 0xb,
    0xc0, 0x1e, 0x11, 0x0, 0x8, 0xd8, 0x39, 0xc0,
    0x3f, 0xe9, 0x52, 0x4b, 0x0, 0x84, 0xc8, 0x8,
    0xd7, 0xeb, 0x74, 0x19, 0xf4, 0xb, 0xb8, 0x31,
    0xc9, 0xb9, 0x80, 0xbc, 0xd8, 0x4, 0xeb, 0xa,
    0xd1, 0x22, 0x81, 0x88, 0xa0, 0xb, 0xc3, 0xd0,
    0x3b, 0x74, 0x1f, 0xbc, 0x80, 0x1, 0x41, 0x15,
    0xe, 0xff, 0x82, 0x7f, 0x10, 0x1, 0xc, 0x1c,
    0x68, 0x64, 0x40, 0x62, 0x20, 0x1, 0x1a, 0x40,
    0x1a, 0xe2, 0x2, 0x2, 0x2, 0x20, 0x27, 0x10,
    0xb, 0xfb, 0xf8, 0x33, 0xfb, 0x80, 0xd0, 0x1,
    0xb7, 0xfe, 0xd, 0xff, 0x80, 0x3f, 0xf9, 0x2,
    0x1, 0xff, 0xc3, 0x10, 0xf, 0x84, 0x3, 0x0,

    /* U+6839 "根" */
    0x0, 0x9b, 0x80, 0xb, 0xff, 0xe0, 0xe, 0x33,
    0x0, 0x4, 0x5f, 0xf6, 0x8, 0x4, 0x46, 0x40,
    0x64, 0x2, 0xcd, 0x58, 0x6, 0xbd, 0x82, 0xd9,
    0x0, 0x7f, 0xc4, 0x1, 0xa7, 0x8c, 0xba, 0xc0,
    0x66, 0x70, 0x7, 0x9, 0x84, 0xb0, 0xf, 0xfd,
    0x82, 0x1, 0xa4, 0x0, 0x30, 0x3, 0xe9, 0x5f,
    0x42, 0x0, 0x17, 0x60, 0x91, 0xd0, 0x1, 0x6a,
    0xd3, 0x80, 0x28, 0xf0, 0x7, 0xb4, 0x1, 0x4d,
    0x56, 0xc0, 0x2f, 0xc0, 0x10, 0x80, 0x46, 0x66,
    0x40, 0x0, 0xe1, 0x0, 0x78, 0xe3, 0x9a, 0x40,
    0x3f, 0xb0, 0x73, 0xcf, 0x1f, 0x88, 0x2, 0x33,
    0x0, 0x3d, 0x39, 0xc0, 0xfe, 0xc8, 0x2, 0x6e,
    0x0, 0x3d, 0x88, 0x4, 0x2a, 0x0,

    /* U+683C "格" */
    0x0, 0xb5, 0x80, 0x29, 0x80, 0xf, 0xe1, 0x30,
    0x9, 0xb8, 0x47, 0x0, 0x7f, 0x38, 0xde, 0x63,
    0xb4, 0x2, 0xdc, 0x38, 0xc2, 0x90, 0xdd, 0x86,
    0x40, 0x29, 0xa0, 0xaf, 0xe6, 0x49, 0x8, 0x25,
    0x0, 0x90, 0x40, 0x5, 0xf1, 0x69, 0x6f, 0xc0,
    0x1d, 0x61, 0x30, 0x60, 0x2e, 0x84, 0x1, 0xc6,
    0x44, 0x94, 0x27, 0xe0, 0xd4, 0xdb, 0x61, 0x9,
    0x61, 0x2e, 0xdc, 0xaa, 0x14, 0xe8, 0xc0, 0x9a,
    0xc8, 0x0, 0xf9, 0x6f, 0xfe, 0xd4, 0xe0, 0x4,
    0x8, 0x4, 0x27, 0x3f, 0xf4, 0x80, 0x46, 0xe0,
    0x1f, 0xfc, 0xab, 0xbe, 0x0, 0xf0, 0x98, 0x0,
    0xd6, 0x22, 0x50, 0xf, 0x63, 0x0, 0x3a, 0xc,
    0xe8, 0xe0, 0x0,

    /* U+6843 "桃" */
    0x0, 0xac, 0xc0, 0x23, 0xa0, 0xc3, 0x0, 0xf2,
    0x0, 0x67, 0x50, 0x30, 0xf, 0xf2, 0x9b, 0x88,
    0x4, 0xb0, 0x0, 0x77, 0x5, 0xae, 0x48, 0x7,
    0x48, 0x5, 0xda, 0x4, 0x4a, 0x57, 0x0, 0x94,
    0xe0, 0x1, 0x3c, 0x10, 0xe6, 0x84, 0x1, 0xa8,
    0x3, 0x68, 0x59, 0x85, 0xa8, 0x4, 0xaa, 0x0,
    0xcc, 0x0, 0xe0, 0x3e, 0x0, 0xb8, 0xc0, 0x27,
    0x40, 0xbf, 0x8c, 0x63, 0x0, 0x26, 0x38, 0x14,
    0x78, 0x4, 0xb7, 0x8c, 0x0, 0xab, 0xe0, 0x2,
    0xa0, 0x0, 0xb5, 0x2b, 0x0, 0x24, 0x90, 0x2a,
    0x0, 0xe6, 0x36, 0x0, 0xd2, 0x20, 0x1e, 0x69,
    0xd1, 0x1, 0x65, 0x60, 0xf, 0x2d, 0x61, 0x80,
    0x1e, 0xad, 0xc4,

    /* U+684C "桌" */
    0x0, 0xf7, 0xa0, 0x7, 0xff, 0x4, 0x6b, 0xbb,
    0x84, 0x3, 0xf5, 0x77, 0x70, 0x80, 0x7, 0x33,
    0xc, 0xe6, 0x61, 0x0, 0xc7, 0x3f, 0xec, 0xef,
    0xf4, 0x19, 0x80, 0x3a, 0xf7, 0x7d, 0x40, 0x1f,
    0x6f, 0x77, 0xb0, 0x3, 0xed, 0xee, 0xf6, 0x0,
    0x70, 0xf7, 0xfc, 0x4f, 0xff, 0x71, 0x0, 0x3f,
    0xdd, 0xd8, 0xdb, 0xbb, 0x7f, 0x87, 0xff, 0x41,
    0x1a, 0xd, 0x7f, 0xe1, 0x0, 0x1d, 0xdb, 0x1c,
    0xb2, 0x24, 0x40, 0x26, 0xcc, 0xc2, 0x0, 0x2c,
    0x3e, 0xb4, 0x2, 0x4e, 0x70, 0x3, 0x80, 0x6,
    0xb4, 0xd0, 0x0,

    /* U+6865 "桥" */
    0x0, 0xff, 0xe3, 0xf2, 0x0, 0x44, 0x8d, 0x3d,
    0x60, 0x1e, 0x70, 0x7, 0x64, 0xc8, 0x23, 0x80,
    0x3f, 0xbb, 0x92, 0x52, 0xca, 0x1, 0x22, 0x1,
    0x50, 0x15, 0x30, 0x51, 0x23, 0x0, 0x74, 0xe,
    0xe8, 0x7b, 0x8c, 0x17, 0xfd, 0x60, 0xa, 0xa0,
    0x2, 0xc6, 0xe4, 0x31, 0x8e, 0xa0, 0x2, 0xd0,
    0x1e, 0x2, 0xdb, 0x8, 0x66, 0x0, 0x46, 0xc3,
    0x34, 0xd8, 0xb2, 0x6, 0x97, 0xa8, 0x1d, 0x40,
    0x4, 0xa9, 0xf3, 0x1, 0x4d, 0x54, 0x21, 0x70,
    0x1, 0x63, 0x91, 0x0, 0x6, 0x10, 0x5, 0x80,
    0x1e, 0xf7, 0x0, 0xff, 0xe1, 0x3e, 0x0, 0x7f,
    0xf0, 0x68, 0x5c, 0x3, 0xff, 0x80, 0x6d, 0x42,
    0xe, 0x60, 0x1e, 0xf3, 0x3, 0xc5, 0x0, 0x27,
    0x0, 0x40,

    /* U+68A6 "梦" */
    0x0, 0xde, 0x60, 0x19, 0xb4, 0x3, 0xff, 0x84,
    0x62, 0x1, 0xd9, 0xfe, 0xc, 0xf9, 0xdf, 0xa3,
    0xff, 0x60, 0x3, 0x3c, 0xc2, 0xfa, 0x77, 0x40,
    0x4, 0xfc, 0x0, 0x9c, 0x1, 0xbe, 0x41, 0xc4,
    0x61, 0x20, 0x13, 0xc7, 0x5, 0x33, 0x2d, 0xec,
    0x29, 0x28, 0x1, 0x96, 0x40, 0xc, 0x10, 0xb0,
    0x11, 0x60, 0x8, 0x5a, 0x6, 0x2d, 0xb5, 0x82,
    0x58, 0xd, 0x8, 0x6, 0x79, 0xc, 0xff, 0x6c,
    0xf1, 0x0, 0x73, 0x5c, 0xef, 0xfe, 0x44, 0x10,
    0x6, 0x88, 0x5b, 0x76, 0x8, 0x3a, 0xd8, 0x7,
    0x47, 0xa0, 0x63, 0xfc, 0xcb, 0x44, 0x3, 0xc2,
    0x0, 0x33, 0xa, 0xe1, 0x80, 0x71, 0x5e, 0x6f,
    0xe1, 0x5e, 0x10, 0x7, 0x88, 0xee, 0x37, 0xe9,
    0x0, 0x3e,

    /* U+68A8 "梨" */
    0x0, 0xf8, 0x80, 0x3f, 0x86, 0xea, 0x9f, 0x28,
    0x61, 0x24, 0x1e, 0x80, 0x1, 0xba, 0x80, 0x86,
    0x30, 0x61, 0x0, 0x38, 0x2, 0x6e, 0xdc, 0x15,
    0x78, 0x62, 0x1, 0xed, 0xfe, 0x30, 0x3d, 0x92,
    0x0, 0xf9, 0x11, 0xc6, 0x0, 0x86, 0x11, 0x38,
    0x7, 0x1e, 0xbf, 0x4, 0xcb, 0x83, 0x90, 0x0,
    0x20, 0xe, 0x6c, 0x0, 0x96, 0xc0, 0x6b, 0x80,
    0x80, 0x1d, 0x42, 0xa, 0x69, 0x62, 0x2f, 0x7b,
    0x10, 0x7, 0x75, 0xab, 0xb2, 0x5d, 0xca, 0x6b,
    0xf0, 0x6, 0xff, 0xd6, 0x48, 0x46, 0xff, 0xf7,
    0x0, 0x64, 0xb9, 0xed, 0xd, 0x3e, 0x72, 0x0,
    0xa3, 0xab, 0x34, 0xc0, 0x3, 0x75, 0x7b, 0xa0,
    0x6, 0x5f, 0x38, 0x7, 0x93, 0x36, 0x40,

    /* U+68AF "梯" */
    0x0, 0xff, 0xe2, 0x95, 0x80, 0x43, 0xa0, 0x8,
    0x90, 0xe, 0x40, 0x8, 0x5d, 0x1, 0xac, 0x3,
    0x84, 0x0, 0xba, 0xd1, 0xa3, 0xd8, 0x41, 0x16,
    0x30, 0xa9, 0xdc, 0x83, 0xde, 0x31, 0x0, 0x18,
    0x78, 0x9, 0x93, 0x1, 0x10, 0x4, 0x20, 0xc5,
    0xd4, 0x3f, 0xda, 0x3f, 0xe0, 0x10, 0x3, 0x82,
    0x81, 0x7, 0xe8, 0xff, 0xc6, 0xa, 0x3, 0x70,
    0x22, 0x0, 0xfd, 0xc, 0x30, 0xec, 0x3f, 0xa3,
    0xff, 0x52, 0x5, 0x3, 0x6a, 0xfb, 0x20, 0xff,
    0xa0, 0xd3, 0xc0, 0x22, 0x7, 0x74, 0x0, 0x78,
    0x80, 0x34, 0xcb, 0x4, 0x0, 0xf6, 0x20, 0x10,
    0x97, 0x2f, 0x90, 0x8, 0x2, 0xe0, 0x0, 0x20,
    0x55, 0x82, 0x2, 0x0, 0x77, 0x0,

    /* U+68B3 "梳" */
    0x0, 0xff, 0xe3, 0x17, 0x80, 0x75, 0xc0, 0x7,
    0xe1, 0x0, 0x8, 0x3, 0x58, 0x0, 0x22, 0x0,
    0xf1, 0x7f, 0x72, 0x43, 0xb9, 0xf8, 0x3, 0xbe,
    0x3b, 0x5d, 0xc9, 0x1f, 0xfb, 0xb4, 0x7, 0xd0,
    0x7e, 0x41, 0x6b, 0x6, 0x30, 0x40, 0x22, 0x30,
    0x31, 0xaa, 0xc, 0x59, 0x13, 0x40, 0x32, 0x8f,
    0x19, 0x35, 0xfc, 0x4e, 0x81, 0x80, 0x18, 0x85,
    0xfa, 0x79, 0xc5, 0xc9, 0x70, 0xc0, 0x17, 0x41,
    0x8, 0x50, 0x1b, 0x83, 0x0, 0x12, 0x9a, 0x80,
    0x24, 0x44, 0x0, 0xf0, 0xe, 0x5a, 0x0, 0xcc,
    0x40, 0x1f, 0xc8, 0x1, 0xb1, 0x0, 0x3c, 0x40,
    0x1e, 0x26, 0xa0, 0xe, 0x18, 0x80, 0x0, 0x44,
    0x1d, 0x24, 0x7, 0xe2, 0x7c, 0x96, 0x0, 0x3f,
    0xc, 0x70, 0x5, 0x40, 0x67, 0xf1, 0x80,

    /* U+68C0 "检" */
    0x0, 0xff, 0xe3, 0xfa, 0x0, 0x6d, 0x80, 0xf,
    0xc2, 0xe0, 0x11, 0x92, 0x80, 0x7f, 0xf0, 0x61,
    0x9e, 0x40, 0x3b, 0x70, 0x7b, 0x49, 0x92, 0x2d,
    0xe0, 0x3, 0x45, 0x5, 0x43, 0x4c, 0x84, 0x58,
    0xd8, 0x80, 0x5, 0x0, 0x20, 0xd9, 0xcf, 0xfb,
    0x68, 0x2c, 0x40, 0x14, 0xe, 0xe6, 0xce, 0xec,
    0x99, 0x81, 0x3, 0x30, 0x55, 0xc9, 0x86, 0x18,
    0xb5, 0x98, 0x2, 0x1c, 0x65, 0xe7, 0x84, 0x28,
    0x30, 0x2, 0x54, 0x90, 0x4d, 0x82, 0x4a, 0x50,
    0x5f, 0x0, 0x2c, 0x88, 0x0, 0x85, 0x39, 0x41,
    0x85, 0x0, 0x26, 0x0, 0xee, 0x22, 0x6e, 0x30,
    0x7, 0xe2, 0x36, 0xb3, 0x45, 0xd3, 0x30, 0x7,
    0x93, 0xff, 0x41, 0xcf, 0xf8, 0x3, 0xb, 0xb6,
    0x67, 0xf0, 0x0,

    /* U+68CB "棋" */
    0x0, 0x84, 0x3, 0xff, 0x87, 0xc8, 0x0, 0x3f,
    0x0, 0xbc, 0xc0, 0x3c, 0xe0, 0x1f, 0x8, 0x7,
    0xf4, 0x68, 0x77, 0x43, 0xb4, 0x0, 0xba, 0x8,
    0x68, 0xd0, 0xee, 0x87, 0x68, 0x1, 0x86, 0x4,
    0x40, 0xf, 0xf9, 0xf8, 0x35, 0x0, 0x2d, 0xd8,
    0x40, 0x3a, 0xc2, 0x20, 0x1, 0x6e, 0xc2, 0x1,
    0x8c, 0x1, 0x2c, 0x40, 0xe, 0xe8, 0x40, 0x37,
    0xd0, 0xf, 0x90, 0x3, 0xba, 0x10, 0x9, 0x9,
    0x80, 0x2, 0x1, 0xfe, 0x4c, 0x0, 0x97, 0xf4,
    0x7b, 0xa0, 0xde, 0x10, 0x20, 0x9, 0x7f, 0xab,
    0xba, 0xde, 0xe0, 0x80, 0x7c, 0x96, 0xa0, 0xb8,
    0xe0, 0x1f, 0x92, 0xa8, 0xa0, 0xb5, 0x12, 0x1,
    0xf6, 0xc2, 0x80, 0x4b, 0x7e, 0x0,

    /* U+68D2 "棒" */
    0x0, 0xfe, 0x12, 0x0, 0xf8, 0xbc, 0x3, 0x9f,
    0xc0, 0x3f, 0xf8, 0x42, 0x80, 0x1f, 0xf5, 0xf7,
    0x21, 0xfb, 0xa5, 0x2, 0x65, 0x6, 0x5b, 0xee,
    0xe, 0xf7, 0x4a, 0x0, 0x1c, 0x1, 0x33, 0x77,
    0x7, 0x7b, 0x96, 0x0, 0x27, 0x10, 0x76, 0x3e,
    0x85, 0xee, 0xac, 0x3, 0x28, 0x69, 0xf6, 0xcb,
    0xef, 0x6e, 0xb8, 0x0, 0xc4, 0x9, 0x1c, 0x88,
    0xe9, 0xb1, 0xce, 0x0, 0x45, 0x84, 0x4c, 0x25,
    0x27, 0x2d, 0xe2, 0x3, 0x12, 0x0, 0xf1, 0xbf,
    0xca, 0xf4, 0xc4, 0x93, 0x70, 0x5, 0xb7, 0x5d,
    0x2b, 0xdc, 0x5d, 0x20, 0x20, 0x8, 0xff, 0xb9,
    0x2b, 0xdd, 0x48, 0x7, 0x8b, 0xfb, 0x92, 0xbd,
    0xd4, 0x80, 0x7f, 0xf2, 0x4, 0x3, 0xff, 0x80,

    /* U+68D5 "棕" */
    0x0, 0xff, 0xe3, 0xf2, 0x0, 0x65, 0xf0, 0xf,
    0xc6, 0x1, 0xce, 0x8, 0x1, 0xfe, 0x3f, 0xf6,
    0x85, 0xff, 0xc0, 0x73, 0x22, 0xe8, 0x1, 0xff,
    0xea, 0x0, 0xf, 0x8, 0x1f, 0x15, 0x88, 0xf3,
    0xd0, 0x13, 0xf0, 0x6b, 0xb, 0xf7, 0x73, 0xa8,
    0x5, 0xa1, 0xee, 0x5, 0xff, 0xca, 0x1, 0x12,
    0x9, 0xc2, 0x10, 0x8f, 0x11, 0x0, 0x12, 0xc7,
    0x8d, 0xb9, 0xfe, 0xef, 0xf6, 0x78, 0x32, 0xc0,
    0x2, 0x65, 0xdd, 0xd, 0x77, 0x34, 0x1e, 0x84,
    0x3, 0x44, 0x0, 0x2b, 0x50, 0x0, 0xa0, 0x6,
    0x76, 0xa0, 0xb, 0xaa, 0x0, 0x31, 0x83, 0x46,
    0x99, 0x85, 0xd7, 0x10, 0x40, 0x30, 0xb6, 0x99,
    0x61, 0x98, 0xf, 0x4, 0x2, 0xe5, 0x2, 0x3,
    0xfc, 0x0, 0xe0,

    /* U+68EE "森" */
    0x0, 0xfb, 0x18, 0x3, 0xf8, 0x84, 0x70, 0x0,
    0x47, 0x10, 0x6, 0xcf, 0xfb, 0x8e, 0x7b, 0xfe,
    0xc0, 0xd, 0xdd, 0x22, 0xe, 0x46, 0x7b, 0xa0,
    0xe, 0x2c, 0x6b, 0x3, 0xd9, 0xb3, 0x0, 0xc5,
    0x5a, 0x98, 0x0, 0x33, 0x79, 0x67, 0xa8, 0x0,
    0x89, 0xb8, 0x40, 0xc6, 0x9, 0x7f, 0x6a, 0x0,
    0x18, 0x28, 0x71, 0xa4, 0x9, 0x70, 0x51, 0x0,
    0x7f, 0x79, 0xdf, 0x9f, 0xf8, 0xeb, 0xbf, 0x40,
    0x1d, 0xc2, 0xb, 0xa3, 0xe2, 0x0, 0x4f, 0x60,
    0x4, 0xe0, 0x65, 0x4a, 0xc6, 0x68, 0x81, 0x0,
    0x4b, 0x12, 0x5, 0x8d, 0x34, 0x5, 0x38, 0x60,
    0xe, 0x94, 0x0, 0xe, 0xc2, 0x0, 0x1a, 0x38,
    0x42, 0xd8, 0x2, 0x3a, 0x70, 0xc, 0xda, 0x20,
    0x1b, 0x14, 0x10, 0x1, 0x8a, 0x1, 0x80,

    /* U+6905 "椅" */
    0x0, 0xfe, 0x10, 0xf, 0xef, 0x40, 0xd, 0x38,
    0x1, 0xf8, 0x5c, 0x1e, 0x20, 0xa3, 0x10, 0x91,
    0x0, 0xf8, 0x7c, 0x9, 0xbf, 0xc2, 0x1, 0x7f,
    0x87, 0x35, 0x9c, 0x85, 0x39, 0x60, 0x40, 0x1f,
    0x61, 0x9a, 0xba, 0x99, 0xa5, 0xb0, 0x1, 0xb0,
    0x3, 0x27, 0x91, 0x2e, 0x2c, 0x40, 0x26, 0xa,
    0x48, 0x6e, 0xff, 0xa3, 0x39, 0x81, 0x80, 0xb,
    0xfb, 0xff, 0xc3, 0x9e, 0xc1, 0x12, 0x36, 0xd3,
    0xfd, 0xd0, 0x7, 0x38, 0x38, 0x26, 0x8b, 0x75,
    0x18, 0x7, 0x3e, 0x80, 0x7f, 0xf0, 0xcc, 0x4,
    0x2, 0x6f, 0xb0, 0xf, 0xfe, 0x4, 0x7f, 0xda,
    0x1, 0xfc, 0xe0, 0x1c, 0x5e, 0x24, 0x1, 0xde,
    0x80, 0x1c, 0x57, 0xc2, 0x0,

    /* U+690D "植" */
    0x0, 0x16, 0x0, 0x72, 0x40, 0x7, 0xe3, 0x1,
    0x22, 0x8d, 0x48, 0xb0, 0x7, 0x93, 0x3f, 0xd2,
    0x5f, 0xf6, 0x1, 0xd4, 0x4, 0xef, 0x6e, 0xac,
    0xf7, 0x6e, 0x2, 0xf3, 0xc, 0xc1, 0x7f, 0xa8,
    0xff, 0xda, 0x0, 0x15, 0x30, 0x54, 0x1, 0xff,
    0xd8, 0x1, 0x85, 0x43, 0x14, 0x7, 0x77, 0x80,
    0x34, 0x10, 0x55, 0x80, 0xe6, 0x6a, 0x0, 0x8d,
    0xa0, 0x1b, 0x40, 0x77, 0x74, 0x80, 0x44, 0xae,
    0x0, 0x30, 0x1d, 0xdd, 0x20, 0x10, 0xd0, 0x7,
    0xd, 0x56, 0x80, 0xf, 0xfa, 0x23, 0x50, 0x7,
    0xe2, 0x61, 0x1e, 0x30, 0x22, 0x0, 0x74, 0x49,
    0xff, 0xe8, 0xf, 0xa0,

    /* U+6912 "椒" */
    0x0, 0x17, 0x80, 0x5a, 0x40, 0x1f, 0xe1, 0x0,
    0x8c, 0x0, 0xef, 0x98, 0x3, 0xfb, 0x2f, 0xa4,
    0x36, 0x80, 0x11, 0xc3, 0x6e, 0x0, 0xa9, 0xd3,
    0x7c, 0x60, 0x5, 0xd8, 0x3d, 0x0, 0xc, 0x4e,
    0x61, 0xc6, 0x0, 0x30, 0x15, 0xbc, 0x1f, 0xd1,
    0x10, 0xf, 0x0, 0x56, 0x3f, 0x9f, 0x5d, 0x24,
    0x2, 0x44, 0x0, 0x11, 0x8b, 0x91, 0xd0, 0x20,
    0x12, 0xa9, 0xc0, 0x10, 0x81, 0x38, 0xc0, 0xfc,
    0x49, 0xe0, 0x40, 0x8b, 0xe0, 0x4, 0x51, 0x62,
    0xbc, 0x46, 0x0, 0x25, 0x30, 0x18, 0x18, 0x2,
    0x39, 0x83, 0x80, 0x25, 0x0, 0x15, 0x0, 0x48,
    0xba, 0x72, 0x40, 0x1c, 0x2b, 0x42, 0x6b, 0xa9,
    0x8d, 0x86, 0x0, 0x11, 0x0, 0x8a, 0x7, 0x96,
    0x82, 0x58, 0xc0, 0x7, 0xe0, 0xb, 0x70, 0xba,
    0x0, 0xa0, 0x0,

    /* U+692D "椭" */
    0x0, 0x1e, 0x0, 0x7e, 0xa6, 0x0, 0xe1, 0x3,
    0xdd, 0xac, 0x0, 0xa4, 0x1, 0xf8, 0xf1, 0xc5,
    0x9c, 0x9, 0x8c, 0x2b, 0x8b, 0x50, 0x5, 0xb3,
    0xe8, 0xff, 0xca, 0x11, 0x45, 0xe6, 0x0, 0x37,
    0x93, 0xf9, 0x93, 0x1, 0x78, 0x13, 0x82, 0x10,
    0xc9, 0x10, 0x44, 0x1, 0x29, 0xb0, 0x3, 0x1d,
    0x98, 0x79, 0x8e, 0x30, 0x32, 0x3b, 0xa0, 0xc4,
    0x17, 0x3d, 0xd0, 0x8, 0x4a, 0x7, 0x60, 0x21,
    0x6, 0x1f, 0x70, 0x0, 0x2b, 0xc0, 0x6c, 0x0,
    0xab, 0x3, 0xee, 0x0, 0x7, 0x18, 0x3, 0x16,
    0x38, 0x9, 0x98, 0x2, 0x30, 0xe, 0x41, 0x90,
    0x28, 0x80, 0x7, 0xe1, 0x6b, 0x20, 0x3b, 0xb0,
    0x6, 0x70, 0x8, 0x40, 0x3d, 0x86, 0x40, 0x4,
    0xd0, 0x3e, 0x0, 0x93, 0x3, 0x30, 0x0,

    /* U+6930 "椰" */
    0x0, 0xb0, 0x40, 0x3f, 0xf8, 0x46, 0x6e, 0xee,
    0x8d, 0xee, 0x68, 0x7, 0x1f, 0x7, 0xf8, 0x20,
    0xfe, 0x18, 0x1, 0x98, 0xc, 0x50, 0xf, 0xbf,
    0x0, 0x1b, 0x21, 0xea, 0x1f, 0xe0, 0xc, 0xa6,
    0x0, 0x1c, 0x3, 0x0, 0x7f, 0x80, 0x31, 0xa0,
    0x4, 0xe1, 0x0, 0x1f, 0x18, 0x80, 0x4e, 0xa0,
    0x6e, 0x1f, 0xe0, 0x8, 0xd1, 0x40, 0x67, 0xc2,
    0x50, 0x3f, 0xc0, 0x1b, 0xf8, 0x14, 0x90, 0x8,
    0xc0, 0x21, 0x40, 0x2, 0x20, 0x13, 0x40, 0x24,
    0x1c, 0xe0, 0x30, 0x1, 0x0, 0x42, 0x0, 0x3a,
    0x68, 0xd1, 0x70, 0x3c, 0x50, 0xe, 0x3e, 0x95,
    0x30, 0x8, 0xfa, 0x80, 0x3f, 0x8c, 0x40, 0x40,
    0x40, 0x0,

    /* U+697C "楼" */
    0x0, 0xff, 0xe3, 0xf, 0x88, 0x12, 0x2, 0xe8,
    0x1, 0x40, 0x3f, 0xd, 0x20, 0x5, 0x52, 0x1,
    0xf8, 0xec, 0x40, 0x4, 0x38, 0x0, 0x1d, 0xd0,
    0x6d, 0xec, 0x42, 0xcb, 0xdb, 0x74, 0x3, 0xf4,
    0x1f, 0x39, 0x85, 0x1, 0x39, 0xcc, 0x0, 0xb,
    0x82, 0x8c, 0x49, 0xac, 0xea, 0x88, 0x20, 0x12,
    0x82, 0xd2, 0x6d, 0x88, 0x25, 0xd5, 0x88, 0x21,
    0x86, 0xeb, 0x25, 0x77, 0xc1, 0x73, 0x44, 0x3d,
    0x80, 0xd, 0x2e, 0xac, 0x60, 0x3, 0x71, 0x34,
    0xa0, 0x1, 0xff, 0x50, 0xff, 0x7f, 0x7c, 0x1d,
    0x98, 0x0, 0xfb, 0x47, 0xfa, 0x87, 0xb9, 0x20,
    0x80, 0x1d, 0x60, 0xc5, 0x30, 0x1, 0xfe, 0x8c,
    0xed, 0x24, 0x0, 0xfe, 0x34, 0xa7, 0x57, 0xdb,
    0x30, 0xf, 0x16, 0x48, 0xed, 0x47, 0xb, 0x0,
    0x43, 0xe2, 0x5f, 0xb2, 0x60, 0x1, 0xa5, 0x0,

    /* U+6984 "榄" */
    0x0, 0x1f, 0x80, 0x6b, 0x50, 0x59, 0x0, 0xe1,
    0x10, 0x3, 0xcd, 0xc0, 0x12, 0x1, 0xfe, 0x11,
    0x0, 0x10, 0xdf, 0xb8, 0x0, 0xec, 0x1d, 0x80,
    0x8, 0xe5, 0x73, 0x1c, 0x0, 0xf9, 0x1c, 0x91,
    0x10, 0xa, 0x43, 0xc8, 0x4, 0x3a, 0x4, 0x34,
    0x50, 0xb2, 0x4b, 0x80, 0x19, 0x43, 0x50, 0x7a,
    0xf7, 0xfe, 0xa0, 0x9, 0x84, 0x1b, 0x81, 0x7f,
    0xf7, 0x0, 0x6b, 0x60, 0x8a, 0x0, 0xaf, 0xc4,
    0x3, 0x9, 0xd8, 0x4, 0x20, 0x6, 0x31, 0x0,
    0xc3, 0xe2, 0x1, 0x9, 0x14, 0xda, 0x8, 0x1,
    0x8, 0x6, 0x48, 0x80, 0xc9, 0x8c, 0xa0, 0x7,
    0xc9, 0x89, 0xa2, 0x20, 0x5, 0x90, 0x0, 0x44,
    0xb, 0x37, 0xc6, 0x43, 0xfe, 0x42,

    /* U+6A31 "樱" */
    0x0, 0x17, 0x80, 0x7f, 0xf1, 0x13, 0xfe, 0xc9,
    0xff, 0xac, 0x3, 0xc9, 0xb6, 0xe3, 0x1b, 0x40,
    0xa, 0xf0, 0xd2, 0x9, 0x20, 0xb, 0xf4, 0x1,
    0x14, 0x18, 0x40, 0x3, 0x0, 0xdc, 0x0, 0x2d,
    0x3, 0x0, 0x38, 0xb8, 0x0, 0xc8, 0x2, 0x50,
    0xc0, 0x20, 0x6a, 0xd0, 0x26, 0xd0, 0x72, 0x7,
    0x30, 0xbe, 0x55, 0x6d, 0xcb, 0x8c, 0xd8, 0x4a,
    0x2b, 0xc0, 0x38, 0xbe, 0xda, 0x92, 0x0, 0x7,
    0x8b, 0xe9, 0x60, 0x92, 0x13, 0x0, 0x2e, 0xe7,
    0xa2, 0xf6, 0x7f, 0x48, 0x7, 0x66, 0x14, 0xe3,
    0xc7, 0x72, 0xc0, 0x3e, 0x8e, 0x8c, 0x36, 0x10,
    0xf, 0xd, 0xe7, 0x5f, 0x78, 0xe0, 0x80, 0xb,
    0xc0, 0x6b, 0x30, 0xe2, 0x4f, 0xa2,

    /* U+6A44 "橄" */
    0x0, 0xff, 0xe3, 0x26, 0x80, 0x7e, 0xd3, 0x0,
    0xce, 0x20, 0xd, 0xd7, 0x50, 0x9, 0x10, 0x3,
    0xf6, 0xe8, 0xe0, 0x11, 0x0, 0x20, 0x3d, 0xa7,
    0xd7, 0xba, 0x2f, 0x9f, 0x7d, 0xf6, 0x1e, 0x93,
    0xeb, 0x2d, 0xe3, 0x84, 0xc8, 0x56, 0x0, 0x68,
    0x7, 0xc8, 0xa0, 0x1, 0x0, 0x90, 0xac, 0x1,
    0xb8, 0x1c, 0xc6, 0x46, 0x0, 0x51, 0x27, 0x50,
    0xdc, 0xb, 0x76, 0xee, 0x0, 0x25, 0x43, 0x94,
    0x2a, 0xc0, 0x1a, 0x46, 0x40, 0x21, 0xc0, 0x40,
    0x8, 0x90, 0x2, 0x5a, 0x20, 0x7, 0x1c, 0x3,
    0x10, 0xb, 0x99, 0x20, 0x80, 0x72, 0xd8, 0x77,
    0x80, 0x8, 0x14, 0x80, 0x39, 0xfb, 0x7b, 0x45,
    0x7e, 0x1b, 0x4c, 0x0, 0xe2, 0x4a, 0x40, 0x1,
    0x44, 0x34, 0x51, 0x80,

    /* U+6A47 "橇" */
    0x0, 0xff, 0xe3, 0x17, 0x80, 0x42, 0x6b, 0x19,
    0xf0, 0x1, 0xc2, 0x0, 0x7c, 0x9a, 0xf8, 0xd9,
    0x0, 0xfc, 0xb7, 0xa1, 0x91, 0xe6, 0x1, 0x67,
    0xe, 0x8, 0x0, 0x83, 0xfd, 0x2, 0x1, 0x75,
    0xf, 0xd, 0x6f, 0x7, 0xd9, 0x33, 0x80, 0xb,
    0xc2, 0x2, 0x2e, 0xc4, 0x3, 0xdc, 0xd0, 0x9,
    0x80, 0xd8, 0xa, 0x3a, 0x6f, 0x46, 0x80, 0xe,
    0x61, 0x21, 0xba, 0x0, 0x47, 0xc9, 0x88, 0x14,
    0xc0, 0x1, 0xfc, 0x28, 0xa4, 0xef, 0x8c, 0x0,
    0xcc, 0x0, 0x66, 0x3, 0xa7, 0x87, 0x0, 0xc0,
    0xa0, 0x2, 0xfd, 0xb, 0xde, 0x12, 0xeb, 0x0,
    0xf7, 0xf8, 0x3c, 0x3c, 0x7f, 0x60, 0x3, 0xdb,
    0x81, 0x67, 0x84, 0xc9, 0x24, 0x1, 0x8, 0x1,
    0x3, 0x4c, 0x1f, 0xf5, 0x88, 0x0, 0x20, 0x12,
    0xab, 0xd4, 0x2b, 0xb7, 0x40,

    /* U+6A59 "橙" */
    0x0, 0x1f, 0x80, 0x79, 0x4d, 0x1c, 0x3, 0x8,
    0x0, 0xbf, 0xe9, 0xca, 0xa6, 0x80, 0x70, 0x81,
    0x7f, 0x8f, 0x30, 0xd1, 0x46, 0x3, 0x52, 0x35,
    0x3a, 0xa4, 0xaa, 0x2, 0xcf, 0x1, 0xf2, 0x1f,
    0xa4, 0xa4, 0x4d, 0x6d, 0x80, 0x5, 0x30, 0x53,
    0x22, 0x1c, 0x40, 0x11, 0xd0, 0x2, 0x40, 0x2a,
    0x6c, 0x9c, 0xc5, 0xd9, 0x68, 0x41, 0x4, 0x59,
    0xb7, 0xdf, 0xfc, 0x5c, 0x21, 0x2c, 0x34, 0x4,
    0x4f, 0xfc, 0xe0, 0x11, 0x5, 0x2, 0x38, 0x96,
    0xee, 0x60, 0x8, 0xb4, 0x40, 0x24, 0x4b, 0xb9,
    0x67, 0x20, 0x1f, 0x87, 0x1c, 0xcc, 0x20, 0x60,
    0x1f, 0x8, 0x94, 0xc, 0x6a, 0xc4, 0x80, 0x3d,
    0x7d, 0xa3, 0x9c, 0x53, 0xda, 0x20, 0x1, 0x10,
    0x57, 0xff, 0xf0, 0x80,

    /* U+6A61 "橡" */
    0x0, 0xfc, 0x44, 0x0, 0xfc, 0x3e, 0x40, 0x17,
    0x70, 0x3, 0xfc, 0x40, 0x6, 0x32, 0xee, 0x69,
    0x0, 0x7e, 0x49, 0xbe, 0xe3, 0xa9, 0x0, 0x7,
    0x74, 0x18, 0xf6, 0x13, 0xba, 0x65, 0xdc, 0x1,
    0xea, 0xf, 0x57, 0x1d, 0xd0, 0xce, 0xf9, 0x0,
    0xf, 0x80, 0xca, 0x80, 0x2, 0x6c, 0x1, 0xe6,
    0x9, 0x10, 0x7, 0x70, 0x7b, 0x98, 0x60, 0x4,
    0x30, 0x1a, 0x2c, 0x20, 0xce, 0xe4, 0x68, 0x3,
    0xec, 0x22, 0x2c, 0xb5, 0xf1, 0xb8, 0x30, 0x45,
    0x70, 0x4, 0x16, 0x73, 0x3f, 0x35, 0x98, 0x25,
    0x80, 0x57, 0xfe, 0x3f, 0x41, 0x9e, 0x0, 0x94,
    0x2, 0x4b, 0x8e, 0xdb, 0x15, 0x51, 0x80, 0x79,
    0x33, 0x15, 0x45, 0x0, 0x46, 0x98, 0x7, 0x2e,
    0x97, 0xb4, 0x8, 0x99, 0xc4, 0x3, 0xa, 0xdd,
    0x87, 0x97, 0x40, 0x12, 0x40, 0x1, 0xf1, 0x4,
    0x0, 0x66, 0x98, 0x6,

    /* U+6AAC "檬" */
    0x0, 0xff, 0xe3, 0x17, 0x88, 0x5, 0x6c, 0x18,
    0xc0, 0x1c, 0x60, 0x21, 0xba, 0x48, 0xd3, 0x8d,
    0xe0, 0xf, 0xb3, 0x9, 0x18, 0x73, 0x98, 0x0,
    0x8, 0x0, 0x44, 0x66, 0xf5, 0x3f, 0x43, 0x0,
    0xbf, 0xc1, 0x8d, 0xbd, 0x1f, 0xdf, 0xee, 0xd1,
    0xe, 0x90, 0xd6, 0xf, 0x55, 0xcd, 0xc0, 0x1b,
    0x1, 0x7, 0x87, 0x77, 0x71, 0xf0, 0x81, 0x20,
    0x4b, 0xbb, 0x2a, 0xed, 0x54, 0xfd, 0x0, 0x42,
    0x87, 0x7b, 0x7b, 0x4, 0x76, 0xa6, 0x1, 0x24,
    0x1, 0xce, 0x63, 0xda, 0x6b, 0x30, 0x0, 0x2c,
    0x30, 0x0, 0xd5, 0x5c, 0xa0, 0x64, 0x1, 0x10,
    0x6, 0xd0, 0x9d, 0x66, 0x7d, 0x20, 0x7, 0xd9,
    0x71, 0xd0, 0x7, 0x72, 0x20, 0x3, 0x0, 0xbf,
    0xd9, 0x35, 0x20, 0xba, 0x20, 0x2, 0xf0, 0x4,
    0x18, 0x7f, 0x94, 0x3, 0x0,

    /* U+6B22 "欢" */
    0x0, 0xfc, 0xd2, 0x1, 0xff, 0xc2, 0xd2, 0x0,
    0xfa, 0x72, 0xee, 0x60, 0x5d, 0x0, 0xfa, 0xa3,
    0xfc, 0xc0, 0x43, 0x3f, 0xfa, 0x40, 0x6, 0xa8,
    0x83, 0x45, 0x4f, 0xfc, 0x14, 0x0, 0x2e, 0x32,
    0x12, 0xad, 0x27, 0x15, 0x13, 0x0, 0x13, 0xed,
    0x28, 0xb3, 0x50, 0x6b, 0xe0, 0x1a, 0x9, 0xfc,
    0x6c, 0x4, 0xc, 0x4, 0x3, 0xa8, 0x8, 0x2,
    0x20, 0x20, 0xf, 0xad, 0x20, 0x80, 0x18, 0x14,
    0x1, 0xe5, 0x3b, 0x39, 0x2, 0x4b, 0x62, 0x0,
    0xc3, 0x70, 0x1e, 0x61, 0xcc, 0x8d, 0xe2, 0x1,
    0x69, 0x30, 0x1c, 0xd8, 0xc8, 0x48, 0xfa, 0x80,
    0x3b, 0x80, 0x4, 0xf6, 0xc0, 0xb, 0x1e, 0x8c,
    0x8, 0x80, 0x4, 0x8d, 0x10, 0xd, 0x3a, 0x60,

    /* U+6B4C "歌" */
    0x0, 0xfe, 0x4b, 0x0, 0xd7, 0xff, 0xee, 0x3d,
    0x0, 0xeb, 0xdd, 0xbb, 0x7, 0x8d, 0xfc, 0x3,
    0x1e, 0xce, 0x38, 0x4, 0xa3, 0x5d, 0xd0, 0x88,
    0x2d, 0x40, 0x34, 0x43, 0xb9, 0x66, 0x22, 0xf,
    0x40, 0x9, 0x9, 0x98, 0x5a, 0x80, 0x5d, 0xd3,
    0x8d, 0x2e, 0x8c, 0xb4, 0x48, 0x5e, 0x67, 0x5e,
    0x58, 0x7, 0xab, 0x32, 0xdd, 0xe, 0xc8, 0x0,
    0x80, 0x24, 0xed, 0xe5, 0x0, 0xc4, 0x18, 0x1,
    0x38, 0xe1, 0x80, 0x72, 0x9a, 0x8, 0x4, 0x3a,
    0x60, 0x18, 0x66, 0x1e, 0x80, 0xe, 0x3a, 0xe2,
    0x1, 0x51, 0x24, 0x2d, 0x3, 0xa0, 0x56, 0x41,
    0xd2, 0xf0, 0xd, 0x2a, 0x1d, 0x1, 0x19, 0x7c,
    0xe9, 0x0, 0x13, 0x50,

    /* U+6B63 "正" */
    0x1, 0x55, 0xff, 0x98, 0x40, 0xe6, 0x7a, 0x2a,
    0x67, 0x59, 0x81, 0x66, 0x74, 0xe, 0x66, 0xd2,
    0x0, 0xff, 0xe3, 0x52, 0x0, 0x7f, 0xf0, 0x50,
    0x80, 0x21, 0x44, 0xe0, 0xf, 0xf4, 0x46, 0xf0,
    0xf, 0xe1, 0xcc, 0xd6, 0x1, 0xff, 0xe2, 0x14,
    0x30, 0xe3, 0x31, 0x9, 0x9e, 0x43, 0x5a, 0xd0,
    0x6d, 0xd4, 0x8e, 0xee, 0xa8,

    /* U+6B65 "步" */
    0x0, 0xf8, 0xfc, 0x40, 0x3f, 0xf8, 0x22, 0x2,
    0x1, 0xfe, 0xf5, 0x0, 0xb7, 0x74, 0x80, 0x78,
    0x44, 0x1, 0x7f, 0xeb, 0x0, 0xff, 0x88, 0xb8,
    0x2, 0x54, 0x40, 0x1a, 0x20, 0x11, 0x39, 0x40,
    0x11, 0x11, 0x5c, 0x51, 0xc4, 0x78, 0x1, 0xb9,
    0x96, 0xe7, 0x6, 0xe6, 0x6d, 0x0, 0xe8, 0xf1,
    0x3, 0x10, 0x0, 0xd0, 0x80, 0x66, 0x7a, 0x10,
    0xe, 0xd4, 0x30, 0x9, 0xe6, 0xd0, 0x3, 0xac,
    0xb0, 0x80, 0x7, 0x16, 0x80, 0x19, 0x35, 0xfc,
    0x80, 0x23, 0xf4, 0x0, 0x90, 0x2d, 0x70, 0x40,
    0x32, 0xbc, 0x56, 0x7d, 0xbf, 0x40, 0x7, 0xd6,
    0x44, 0x9d, 0xd4, 0x8, 0x7, 0x80,

    /* U+6B66 "武" */
    0x0, 0xfe, 0xf6, 0x0, 0xf8, 0xcc, 0x44, 0x32,
    0x0, 0x18, 0xa0, 0x7, 0x76, 0xe6, 0x36, 0x0,
    0x2, 0xf6, 0xc0, 0x1b, 0x7b, 0xb5, 0x0, 0x83,
    0x47, 0x80, 0x48, 0x67, 0xf0, 0x19, 0x93, 0x48,
    0xa, 0x7f, 0xec, 0xef, 0xf0, 0x57, 0xfa, 0x54,
    0xb, 0x73, 0x21, 0x9c, 0xc2, 0x5e, 0x63, 0x5c,
    0x2, 0xa6, 0x0, 0x8, 0xc5, 0xc0, 0x1f, 0x38,
    0x80, 0x2b, 0xab, 0x50, 0x3, 0xe1, 0x0, 0xaf,
    0xed, 0xc, 0x40, 0x3f, 0xf8, 0x22, 0x92, 0x1,
    0xfe, 0x36, 0x82, 0x87, 0x21, 0x70, 0x19, 0x29,
    0xe1, 0x8b, 0x23, 0x32, 0xfc, 0xc0, 0x83, 0xac,
    0xd7, 0x7e, 0xd0, 0x85, 0xb, 0xa8, 0x8b, 0xad,
    0xd0, 0x40, 0x3d, 0x93, 0x60,

    /* U+6B8A "殊" */
    0x0, 0xff, 0x79, 0x0, 0x62, 0xff, 0xee, 0x69,
    0x0, 0x18, 0x6, 0x2e, 0xb0, 0xfe, 0xff, 0x8,
    0x7, 0xe1, 0x11, 0x80, 0x89, 0x5b, 0x43, 0x37,
    0x94, 0x2, 0xc6, 0x11, 0x8e, 0xa4, 0x22, 0x69,
    0x0, 0x27, 0x4f, 0xe8, 0x44, 0x81, 0x12, 0x10,
    0x2, 0x8f, 0x60, 0x67, 0x8, 0x80, 0x84, 0x44,
    0x3, 0x6e, 0x2e, 0x5b, 0x5d, 0xc0, 0xce, 0xe6,
    0x81, 0x13, 0xb3, 0x92, 0x3e, 0xc4, 0x1, 0x9f,
    0xe0, 0x3c, 0x66, 0x25, 0x0, 0x22, 0x41, 0x68,
    0x3, 0xc4, 0x86, 0xc, 0x4c, 0x1c, 0xc6, 0x1,
    0x95, 0xa4, 0xe, 0x6c, 0x41, 0x5f, 0x48, 0x0,
    0x95, 0x24, 0x98, 0xca, 0x1, 0x42, 0xe9, 0x12,
    0xdd, 0x82, 0x1a, 0x40, 0x23, 0xb, 0x92, 0x26,
    0xc0, 0x3, 0x24, 0x0, 0x20, 0x20, 0x6, 0x0,

    /* U+6BB5 "段" */
    0x0, 0xe2, 0x0, 0xff, 0xe0, 0x34, 0x66, 0xa8,
    0x67, 0xfe, 0x0, 0xe9, 0xf, 0xe5, 0x0, 0x4f,
    0xe0, 0x80, 0x7b, 0xc, 0x40, 0x23, 0x0, 0xfe,
    0xbf, 0xf2, 0x89, 0xb8, 0x0, 0x62, 0x0, 0x1a,
    0xff, 0x96, 0x90, 0x80, 0x81, 0xd8, 0x3, 0xc2,
    0x1f, 0xe2, 0x21, 0xee, 0x70, 0x6, 0xbf, 0xf2,
    0xe5, 0xcc, 0x43, 0xfc, 0x1, 0xd5, 0xda, 0xb0,
    0x79, 0x54, 0x4, 0x0, 0xe1, 0x11, 0x0, 0x2e,
    0x80, 0x89, 0x40, 0x1d, 0x93, 0xb0, 0xc, 0x4b,
    0x8, 0x40, 0x4, 0xf0, 0x53, 0xba, 0x1, 0x7a,
    0x58, 0x0, 0x96, 0x82, 0x69, 0x88, 0x4, 0x80,
    0x5c, 0x2, 0x15, 0x0, 0xc9, 0x3c, 0xd6, 0x97,
    0xd2, 0x40, 0x1e, 0x82, 0xbc, 0x4a, 0xc4, 0x72,
    0x0, 0x7a, 0x0, 0x32, 0xd0, 0x2, 0x3a, 0xe0,

    /* U+6BCD "母" */
    0x0, 0xb3, 0xff, 0xf8, 0xc0, 0x38, 0x67, 0xef,
    0x3f, 0xf0, 0x8, 0x7, 0x19, 0x80, 0xf4, 0xc0,
    0x2, 0x1, 0xf0, 0x88, 0x1d, 0xb4, 0x40, 0xc0,
    0xc0, 0x22, 0x20, 0x8, 0xd3, 0x0, 0x2c, 0x6,
    0x40, 0x99, 0x80, 0xbf, 0xfa, 0x3f, 0xd4, 0x19,
    0x83, 0x4e, 0xe0, 0x77, 0x2a, 0x9d, 0xd5, 0x7,
    0x70, 0xc0, 0x2, 0x1, 0x15, 0xa0, 0x0, 0x44,
    0x1, 0xc4, 0x40, 0x3, 0x4d, 0x90, 0x19, 0x80,
    0x39, 0xc0, 0x8a, 0x49, 0x2, 0xe1, 0x21, 0x0,
    0x84, 0x5d, 0xda, 0xbb, 0x8e, 0x5d, 0x0, 0x12,
    0xe6, 0x7e, 0x26, 0xc9, 0x0, 0xfe, 0x1b, 0xd2,
    0xb0, 0xf, 0xf8, 0x4e, 0xf4, 0xc0, 0x20,

    /* U+6BCF "每" */
    0x0, 0xd2, 0xa0, 0x1f, 0xfc, 0x3, 0x6d, 0x44,
    0xf9, 0x44, 0x2, 0xe2, 0x3f, 0xff, 0xa4, 0x80,
    0x16, 0x19, 0x77, 0xfb, 0xc, 0x2d, 0x7f, 0x3f,
    0xfe, 0xd0, 0xb, 0xb0, 0x8f, 0xb8, 0x5b, 0xfe,
    0xa6, 0x0, 0x94, 0x80, 0x46, 0x7c, 0x10, 0x31,
    0x0, 0x8d, 0x10, 0x8, 0x8e, 0x35, 0x4f, 0x14,
    0x50, 0x4f, 0x80, 0xff, 0x4b, 0x7f, 0x91, 0xbe,
    0x41, 0xef, 0xca, 0xe0, 0xf6, 0xec, 0xaa, 0xbc,
    0x0, 0x9d, 0x80, 0xf6, 0x88, 0x7, 0xc0, 0x38,
    0x93, 0x75, 0xc3, 0xfa, 0xd3, 0xc0, 0x19, 0xf7,
    0xff, 0xc3, 0x1a, 0x1, 0x84, 0x8b, 0x93, 0x41,
    0xcc, 0x3, 0xfc, 0xf7, 0xc2, 0x0,

    /* U+6BD4 "比" */
    0x0, 0xfb, 0x98, 0x3, 0xc5, 0xe4, 0x1, 0xff,
    0xda, 0x5e, 0x50, 0xf, 0xf1, 0xdd, 0x32, 0x0,
    0x5b, 0xff, 0x18, 0x46, 0x17, 0x40, 0x80, 0x55,
    0x97, 0x63, 0x4, 0xe9, 0x10, 0xe, 0x73, 0x44,
    0x0, 0x30, 0x40, 0x3f, 0xfb, 0x6b, 0xa6, 0x1,
    0xfe, 0x4c, 0xa4, 0x20, 0xe, 0x8c, 0x4, 0x9,
    0x5e, 0x91, 0x3c, 0x22, 0x1b, 0x38, 0x32, 0xec,
    0x88, 0x2, 0xd3, 0x75, 0x87, 0x20,

    /* U+6BDB "毛" */
    0x0, 0xfc, 0x4b, 0x52, 0x1, 0x88, 0xd1, 0xa6,
    0xff, 0x60, 0x38, 0x3, 0x76, 0xc6, 0x12, 0xe7,
    0xed, 0x38, 0x6, 0xce, 0xca, 0xe0, 0x30, 0xf,
    0xfe, 0x12, 0x3d, 0x6e, 0x0, 0x67, 0x9b, 0xea,
    0x19, 0xdd, 0x47, 0x0, 0x6f, 0xd, 0xaa, 0x6,
    0xd3, 0xa9, 0x0, 0x68, 0x96, 0x41, 0x1, 0x35,
    0x8b, 0xd5, 0x1, 0x35, 0x7a, 0x90, 0xec, 0xb3,
    0x2a, 0x70, 0xfc, 0xbc, 0x34, 0xd, 0xfe, 0xb9,
    0x72, 0xc, 0xfe, 0xb9, 0xd0, 0x20, 0xf, 0x88,
    0x3, 0xfe, 0x4e, 0x10, 0xe, 0x70, 0x41, 0x1d,
    0x0, 0x20, 0x1c, 0x69, 0x7d, 0xd8, 0x68, 0x0,

    /* U+6BEF "毯" */
    0x0, 0xe4, 0x20, 0xb, 0x90, 0x3, 0xb, 0x45,
    0xfd, 0xd3, 0x41, 0xa, 0x9e, 0x0, 0x56, 0x49,
    0x7f, 0x17, 0xae, 0x3, 0x4a, 0x0, 0x1d, 0xb0,
    0x60, 0x5, 0xaf, 0x4, 0xd4, 0x0, 0x7c, 0x20,
    0xd2, 0xba, 0x39, 0x2, 0x5, 0x34, 0x1b, 0xc5,
    0x8f, 0xa3, 0x1a, 0x88, 0x3, 0x1d, 0xc, 0xf2,
    0xff, 0x16, 0x11, 0xfa, 0x80, 0xc3, 0x80, 0x80,
    0x12, 0xcc, 0xa, 0x2c, 0x0, 0x28, 0xe1, 0x18,
    0xb5, 0xee, 0x4, 0x4b, 0x0, 0x2d, 0x68, 0x6f,
    0xaf, 0x24, 0x1e, 0x99, 0x0, 0x13, 0xa8, 0x14,
    0xc0, 0x74, 0x73, 0x57, 0x40, 0x3f, 0x4e, 0xb6,
    0x81, 0x64, 0x20, 0x4, 0x20, 0xe5, 0x93, 0x6,
    0x44, 0x31, 0xb4, 0x0, 0x9a, 0xf6, 0xa7, 0x77,
    0xa9, 0x10,

    /* U+6C11 "民" */
    0xf, 0xff, 0xf8, 0x3, 0xab, 0xff, 0xeb, 0x0,
    0xe1, 0x0, 0xff, 0xe1, 0xd7, 0xff, 0xd6, 0x1,
    0xea, 0xff, 0x91, 0xff, 0xf0, 0x7, 0xf1, 0x8,
    0x7, 0xf5, 0x7f, 0xcc, 0xcf, 0xfe, 0x0, 0xd3,
    0xdd, 0x58, 0x6f, 0x73, 0x74, 0x1, 0x8c, 0x46,
    0x41, 0x71, 0x11, 0x10, 0x3, 0xe1, 0x9, 0x80,
    0xf, 0x84, 0x1b, 0x98, 0x1c, 0x28, 0x0, 0xac,
    0x4, 0x15, 0x10, 0x70, 0x7, 0xa6, 0x27, 0x50,
    0x38, 0x47, 0x30, 0x4, 0x58, 0xf6, 0x90, 0xb,
    0xce, 0x1, 0xe2, 0xbf, 0xf2, 0x0,

    /* U+6C14 "气" */
    0x0, 0xd8, 0xa0, 0x1f, 0xfc, 0x16, 0x31, 0x22,
    0xfc, 0x1, 0xd0, 0x33, 0xff, 0xf7, 0x0, 0x6a,
    0xf, 0xdd, 0xfd, 0x80, 0x13, 0x2d, 0xff, 0xfe,
    0xb0, 0xc, 0x2e, 0xbf, 0xdf, 0xfd, 0xd4, 0x1,
    0x9e, 0x88, 0xcc, 0x45, 0xc6, 0x20, 0x1d, 0xdf,
    0xff, 0xb5, 0x40, 0x3b, 0x37, 0x7f, 0x0, 0x80,
    0x7f, 0xf4, 0x84, 0x80, 0x3f, 0xf8, 0x45, 0xe1,
    0x20, 0x1f, 0xfc, 0x4, 0x75, 0x62, 0x0, 0xff,
    0xa4, 0x69, 0x48, 0x3, 0xfe, 0x1a, 0x5b, 0x0,

    /* U+6C34 "水" */
    0x0, 0xfb, 0xd8, 0x3, 0xff, 0x84, 0x20, 0x1f,
    0xfd, 0x4e, 0x0, 0xa9, 0x80, 0x5, 0xff, 0xc0,
    0x4, 0x0, 0x42, 0x80, 0x45, 0x79, 0xac, 0x40,
    0x3, 0x49, 0x6c, 0x60, 0x9, 0xc, 0x95, 0x40,
    0x3, 0xb4, 0xc3, 0x0, 0xf1, 0x1d, 0x80, 0x24,
    0x68, 0x80, 0x3e, 0x83, 0x30, 0x5, 0x70, 0x40,
    0x1e, 0x45, 0xf0, 0xc, 0xaa, 0xc2, 0x0, 0xc5,
    0x4c, 0x60, 0x1d, 0x45, 0xaa, 0x0, 0x4d, 0x29,
    0x0, 0xfb, 0x16, 0xac, 0x12, 0x30, 0x3, 0x8,
    0x6, 0xaa, 0x80, 0xe, 0x1, 0x36, 0x3, 0x0,
    0x65, 0x10, 0xf, 0x2a, 0x61, 0x80, 0x7c,

    /* U+6C38 "永" */
    0x0, 0xf0, 0x80, 0x7f, 0xf0, 0xf7, 0x4a, 0x1,
    0xff, 0xc1, 0xe4, 0xad, 0x40, 0xf, 0xf8, 0xa7,
    0x9d, 0x80, 0x3f, 0x37, 0xfe, 0xe8, 0x20, 0xf,
    0xcd, 0xdf, 0xec, 0x0, 0xe3, 0x0, 0xf0, 0x80,
    0x67, 0x0, 0x4e, 0x20, 0x2, 0x73, 0x34, 0x80,
    0x24, 0x29, 0xe5, 0x0, 0x17, 0xdd, 0x8, 0x4,
    0x3c, 0xd8, 0xc0, 0x11, 0x14, 0x65, 0xa0, 0x8,
    0x1e, 0x20, 0xf, 0xa0, 0x50, 0x0, 0x8b, 0xe2,
    0x1, 0xe5, 0x6b, 0x0, 0xd4, 0x1a, 0x20, 0x19,
    0xa9, 0x54, 0x1, 0xd8, 0x3e, 0xe0, 0xa, 0x95,
    0xa0, 0x16, 0x1, 0x1, 0xd4, 0xa1, 0x8, 0x9a,
    0x0, 0x7d, 0x18, 0x6, 0xac, 0x10, 0x26, 0x0,
    0xab, 0x30, 0x1, 0xc2, 0x0,

    /* U+6C41 "汁" */
    0x0, 0x10, 0x7, 0x92, 0x80, 0x3c, 0x5b, 0x62,
    0x1, 0x89, 0x40, 0x3c, 0x58, 0xd8, 0x1, 0xc2,
    0x1, 0xf1, 0xe7, 0x0, 0x7f, 0xf0, 0x8, 0x4,
    0xc0, 0x3f, 0xe1, 0xdc, 0x40, 0xaf, 0xfa, 0x47,
    0xff, 0x38, 0xe0, 0x59, 0x45, 0xe6, 0x1c, 0x33,
    0x2b, 0x50, 0x3c, 0xb2, 0x22, 0x19, 0xb8, 0x4c,
    0xe4, 0x20, 0x9, 0x0, 0x3f, 0xf8, 0x45, 0xc6,
    0x1, 0xff, 0xc1, 0xa1, 0x20, 0xf, 0xfe, 0xa,
    0xa8, 0x40, 0x3f, 0xf8, 0xa, 0x5c, 0x1, 0xff,
    0xc1, 0x81, 0x40, 0xf, 0x8, 0x7, 0x95, 0xc0,
    0x3f, 0xf8, 0x20,

    /* U+6C42 "求" */
    0x0, 0xfb, 0x98, 0x16, 0x80, 0x3f, 0xf8, 0x48,
    0xf8, 0x1, 0xfe, 0x30, 0x0, 0xe5, 0x80, 0x6d,
    0xff, 0xe2, 0x9f, 0xf7, 0x47, 0xe0, 0x3, 0x7f,
    0xf8, 0xa3, 0xff, 0xb0, 0x2, 0x78, 0x0, 0xd8,
    0x1, 0x41, 0x0, 0x62, 0x7b, 0x0, 0x90, 0x81,
    0x9d, 0xc0, 0x19, 0x71, 0x8c, 0x88, 0x72, 0xd1,
    0x8a, 0x1, 0xc7, 0xaf, 0x81, 0x4b, 0x78, 0x60,
    0x1f, 0x3d, 0x59, 0x5, 0x90, 0x7, 0xc3, 0x75,
    0x8a, 0x0, 0x55, 0x61, 0x80, 0x67, 0xe1, 0xd2,
    0x0, 0xd4, 0x99, 0x2, 0x0, 0xb8, 0xa0, 0x0,
    0x98, 0x5, 0x50, 0xf0, 0x0, 0xc7, 0x0, 0x37,
    0x2, 0x0, 0x4f, 0xb2, 0x1, 0xe6, 0xce, 0x20,
    0xc, 0x40, 0x0,

    /* U+6C49 "汉" */
    0x1, 0xb2, 0x0, 0xff, 0xe0, 0x88, 0xb5, 0x63,
    0xff, 0xee, 0x0, 0xd5, 0x19, 0x34, 0x3d, 0xd9,
    0x94, 0x3, 0x9e, 0x45, 0x44, 0x4, 0x65, 0xc0,
    0xb, 0x64, 0x3, 0x1a, 0x0, 0x4, 0xd4, 0x2,
    0x97, 0xe3, 0x0, 0x27, 0x80, 0x1c, 0x88, 0x1,
    0x27, 0x39, 0x0, 0x2d, 0x40, 0x15, 0x40, 0xf,
    0x48, 0x80, 0xc, 0xcc, 0x66, 0x60, 0xf, 0x33,
    0x0, 0x29, 0x8f, 0x71, 0x0, 0xf5, 0x88, 0x4,
    0xa6, 0x68, 0x0, 0xf3, 0x1b, 0x80, 0x4c, 0x43,
    0x0, 0x1c, 0x31, 0x0, 0xa, 0x21, 0x98, 0x6a,
    0x0, 0xd0, 0xc, 0x7, 0x8b, 0x86, 0x58, 0x9a,
    0x80, 0xf, 0xb0, 0x9c, 0x4d, 0x20, 0x1, 0x78,
    0xd0, 0x83, 0x28, 0x46, 0x40, 0x7, 0xe, 0x60,
    0x40,

    /* U+6C64 "汤" */
    0x0, 0x19, 0x80, 0x3f, 0xf8, 0x37, 0x88, 0x11,
    0xff, 0xf0, 0x80, 0x21, 0xec, 0x67, 0x77, 0x20,
    0x48, 0x80, 0x51, 0xa2, 0x22, 0x2a, 0x1b, 0x58,
    0x0, 0xc8, 0x4, 0x1, 0xd, 0xb6, 0x10, 0x5,
    0x97, 0x61, 0x1, 0x7f, 0xf, 0x32, 0x28, 0x2a,
    0xdc, 0x0, 0xd0, 0x29, 0x9b, 0xb6, 0x0, 0x13,
    0x4, 0x1f, 0x43, 0x30, 0x1f, 0x24, 0x1, 0x18,
    0x5, 0x8, 0x74, 0xa0, 0x2e, 0x0, 0x4c, 0x10,
    0x84, 0xa1, 0x6e, 0xf, 0x10, 0x7, 0xa1, 0xdb,
    0x60, 0xd9, 0xa0, 0x11, 0x81, 0x27, 0x98, 0xf9,
    0x32, 0xf0, 0x0, 0x78, 0x20, 0x50, 0x68, 0x62,
    0x68, 0x80, 0xc, 0x24, 0xac, 0x0, 0x3d, 0x6b,
    0x50, 0x7d, 0x24, 0x2c, 0xa0, 0x1, 0xdf, 0xa0,
    0x1, 0x55, 0xa4,

    /* U+6C7D "汽" */
    0x0, 0xfa, 0x18, 0x3, 0xfa, 0xe8, 0x0, 0x2e,
    0x23, 0xc4, 0x20, 0x14, 0xb6, 0x3, 0x4, 0xff,
    0xec, 0x90, 0x8, 0xb2, 0x6, 0x27, 0xbb, 0xd0,
    0x0, 0x34, 0x4, 0xd3, 0x2f, 0xfe, 0xd0, 0xa,
    0xed, 0x43, 0xfc, 0x9d, 0xff, 0xb0, 0x2, 0x8b,
    0x47, 0x31, 0x23, 0x22, 0xc2, 0x1, 0x93, 0xd8,
    0x3f, 0xfd, 0xa2, 0x1, 0xc2, 0x20, 0xcd, 0xdd,
    0xe0, 0x1f, 0x2f, 0x80, 0x7f, 0xf0, 0xa1, 0x80,
    0x3c, 0x60, 0x40, 0x1a, 0xe, 0x0, 0x3c, 0x22,
    0x60, 0x9, 0x5e, 0xc0, 0x3f, 0x26, 0x35, 0x4,
    0x1a, 0x80, 0x7e, 0x96, 0xb3, 0xd, 0xd0, 0x7,
    0xf1, 0xd3, 0x58,

    /* U+6C99 "沙" */
    0x0, 0x10, 0x7, 0xb9, 0x40, 0x3e, 0xca, 0x0,
    0xff, 0xe1, 0x62, 0x58, 0x6, 0x30, 0x4a, 0x0,
    0xe2, 0xd9, 0xb, 0xa0, 0x9, 0x92, 0xc0, 0x22,
    0x3, 0x20, 0x52, 0x0, 0x8b, 0x17, 0x0, 0x19,
    0x62, 0x4, 0x36, 0x1, 0x8b, 0x5c, 0x43, 0x1a,
    0x81, 0x4, 0xc0, 0x38, 0xec, 0x40, 0xb6, 0x83,
    0x50, 0x0, 0x60, 0x6, 0xa1, 0x0, 0x89, 0xc3,
    0x38, 0x3, 0xa1, 0x84, 0x2, 0xa8, 0x7, 0x40,
    0x5, 0xbd, 0xf, 0x0, 0x65, 0x90, 0xe, 0x5a,
    0x5a, 0x20, 0x9, 0x9, 0x40, 0x31, 0x5b, 0xd2,
    0x80, 0x68, 0x32, 0x0, 0x14, 0xeb, 0x62, 0x80,
    0x61, 0x15, 0x82, 0x6e, 0x92, 0x74, 0xc0, 0x38,
    0x75, 0xc1, 0x2b, 0x35, 0x80, 0x3e,

    /* U+6CA1 "没" */
    0x0, 0x31, 0x0, 0x7f, 0xf0, 0x77, 0x4a, 0x7,
    0xff, 0xca, 0x1, 0xae, 0x29, 0x0, 0x7f, 0xe1,
    0x10, 0x4, 0x20, 0xf8, 0x8c, 0x60, 0x1f, 0xbe,
    0x40, 0xc3, 0xd0, 0x3, 0x18, 0x88, 0x31, 0x30,
    0x65, 0x20, 0x2, 0x78, 0xeb, 0x2, 0xcb, 0x1e,
    0xc1, 0x0, 0xa7, 0xfd, 0x40, 0x1, 0x70, 0x5d,
    0xff, 0xf1, 0x80, 0x67, 0x82, 0xd0, 0xdf, 0xf3,
    0x99, 0x80, 0x35, 0x78, 0x12, 0xc0, 0xb, 0xf8,
    0x6, 0x53, 0x70, 0x5, 0xa4, 0x6b, 0x18, 0x6,
    0xb9, 0x0, 0x86, 0xdc, 0xa0, 0x3, 0x40, 0x38,
    0x1, 0x2a, 0x8e, 0xbf, 0x4, 0x0, 0x36, 0x2,
    0xfb, 0xd, 0x8b, 0xb2, 0xec, 0x5, 0xc0, 0x15,
    0x75, 0x10, 0x1, 0x76, 0xe4,

    /* U+6CB3 "河" */
    0x6, 0x50, 0xf, 0xfe, 0x10, 0xd4, 0x6, 0xf7,
    0x7e, 0xf3, 0x7, 0x96, 0x2e, 0xdd, 0xf1, 0xcd,
    0x98, 0x1, 0xb8, 0x8c, 0xfe, 0x12, 0x40, 0x3b,
    0x20, 0xb, 0x77, 0x28, 0x7, 0x9b, 0x5c, 0x0,
    0x51, 0x26, 0x1, 0xe3, 0xd6, 0x0, 0xce, 0x86,
    0x1, 0xfa, 0x5c, 0x3, 0xff, 0x87, 0x44, 0x1,
    0xff, 0xc1, 0x55, 0x30, 0x3, 0x7c, 0x80, 0x3f,
    0x4a, 0x20, 0x1, 0x9a, 0x60, 0x1f, 0x29, 0xc0,
    0xa, 0x11, 0x31, 0x40, 0x38, 0x6c, 0xcc, 0x3,
    0x62, 0x1, 0x84, 0x2, 0x32, 0x90, 0xf, 0xa7,
    0xc9, 0xc0, 0x5, 0x8a, 0x1, 0xf5, 0xd7, 0x10,
    0x0,

    /* U+6CB9 "油" */
    0x1, 0x0, 0xf2, 0xf8, 0x7, 0x5e, 0x90, 0x6,
    0x11, 0x0, 0x74, 0x6, 0xa0, 0x7, 0xf8, 0xb5,
    0x94, 0x8b, 0x1, 0x16, 0x0, 0xa5, 0x77, 0xfd,
    0x3, 0xfe, 0xcc, 0x4d, 0x98, 0x0, 0x77, 0x54,
    0x3b, 0xab, 0x3b, 0x2c, 0x60, 0xf, 0xf1, 0x4e,
    0x38, 0x7, 0xff, 0x0, 0x84, 0x7, 0xfd, 0x63,
    0xfe, 0xa0, 0xa, 0x6c, 0x7, 0xfd, 0x63, 0xfe,
    0xa0, 0x9, 0xbc, 0x3, 0xfe, 0x72, 0x40, 0xf,
    0xf1, 0x44, 0x80, 0x7, 0xfd, 0x63, 0xfe, 0xa0,
    0x43, 0x50, 0x11, 0x7f, 0xfa, 0x8d, 0xb0, 0x0,
    0xbc, 0x1, 0xe5, 0xe0,

    /* U+6CBB "治" */
    0x0, 0x28, 0x7, 0x25, 0x90, 0x7, 0x8a, 0xec,
    0x20, 0x17, 0xb9, 0x0, 0x78, 0xbd, 0xf4, 0x0,
    0x88, 0xe0, 0x1, 0x80, 0x70, 0xe7, 0x0, 0x26,
    0x88, 0x13, 0xc, 0x2, 0x81, 0x2, 0xb, 0x55,
    0x0, 0x11, 0xb4, 0x40, 0x97, 0x9c, 0x2d, 0xa,
    0xf3, 0xbd, 0x86, 0x80, 0xb6, 0x24, 0x79, 0x73,
    0xfb, 0xfe, 0xb7, 0x0, 0x9f, 0xc5, 0x69, 0xd4,
    0xc0, 0x44, 0x98, 0x1, 0x94, 0x1, 0xdd, 0xf7,
    0x80, 0x75, 0x28, 0x2, 0x37, 0x74, 0x8, 0x6,
    0x50, 0x50, 0x31, 0x22, 0xc2, 0x1, 0xd1, 0x20,
    0x1f, 0xfc, 0x15, 0x26, 0x0, 0xa7, 0xff, 0x48,
    0x6, 0xb4, 0x10, 0x1, 0xbe, 0x66, 0x70, 0xd,
    0x1c, 0x1, 0xb8, 0xcf, 0x70, 0x80, 0x0,

    /* U+6CD5 "法" */
    0x0, 0x10, 0x7, 0xbd, 0x80, 0x38, 0xb6, 0x0,
    0x38, 0x4c, 0x3, 0x8a, 0x5e, 0xc0, 0x3f, 0xf8,
    0xd, 0x90, 0xdf, 0xf0, 0xd7, 0xfc, 0x40, 0xa0,
    0x66, 0x6f, 0xf8, 0x6b, 0xfe, 0x21, 0xac, 0x20,
    0xf, 0xf8, 0x74, 0x70, 0x48, 0x46, 0x3, 0x11,
    0x11, 0x0, 0xb7, 0x49, 0x9f, 0xee, 0x18, 0xff,
    0x67, 0x0, 0x46, 0xbd, 0xd2, 0x1f, 0x76, 0xc0,
    0x9, 0xac, 0x0, 0x69, 0xc0, 0x40, 0x1c, 0x53,
    0xc0, 0xf, 0x82, 0xf, 0x90, 0xd, 0xca, 0xa0,
    0x70, 0x70, 0x7, 0x33, 0x0, 0x12, 0x76, 0xf,
    0xb, 0x13, 0x50, 0x32, 0x64, 0xf2, 0x21, 0xe8,
    0x1f, 0xee, 0x8c, 0x58, 0x2f, 0x60, 0x4, 0x5c,
    0xbb, 0x21, 0x95, 0xd8,

    /* U+6CE3 "泣" */
    0x0, 0xfe, 0x10, 0xf, 0xc6, 0x1, 0xef, 0x60,
    0xf, 0xbb, 0x4, 0x3, 0x44, 0x88, 0x7, 0xb0,
    0x6c, 0x3, 0x33, 0x80, 0x7c, 0x3b, 0x63, 0xff,
    0x9f, 0xbf, 0xda, 0x0, 0x20, 0x0, 0x8b, 0x37,
    0xbb, 0xb7, 0xc0, 0x1f, 0x84, 0x0, 0x34, 0x11,
    0xd6, 0xe4, 0x0, 0xf0, 0xc0, 0x0, 0xc9, 0x80,
    0x4a, 0x60, 0x11, 0x66, 0x80, 0x4, 0x90, 0x0,
    0x60, 0xe0, 0x1c, 0x60, 0x13, 0xe8, 0x1, 0x44,
    0x40, 0x1c, 0x7c, 0x21, 0xa8, 0x0, 0xc4, 0x0,
    0xf4, 0x28, 0x81, 0x88, 0x81, 0xfc, 0x3, 0x95,
    0x24, 0x0, 0xce, 0x2, 0x48, 0x1, 0x86, 0xd8,
    0x99, 0x5f, 0x52, 0x5, 0x15, 0x8c, 0x2c, 0x60,
    0x2b, 0xbb, 0x12, 0xf7, 0x35, 0x43, 0xe0, 0x43,
    0x2e, 0xff, 0x98,

    /* U+6CE5 "泥" */
    0x1, 0xc5, 0x0, 0x3f, 0xff, 0xce, 0x0, 0x1a,
    0xba, 0x1, 0x17, 0xff, 0x10, 0x80, 0x4d, 0xf2,
    0x6, 0x1, 0xfe, 0x73, 0x13, 0x0, 0xf, 0x77,
    0x10, 0x80, 0x58, 0xe0, 0x10, 0xff, 0xf7, 0x38,
    0x1, 0xea, 0x8, 0xc, 0xc2, 0x9a, 0x23, 0x0,
    0x65, 0xd2, 0x1, 0x10, 0x19, 0x0, 0xe2, 0x80,
    0x7d, 0xce, 0x1, 0x1e, 0x3, 0x80, 0x6e, 0x80,
    0x53, 0x0, 0xe, 0xde, 0x10, 0x4, 0xa5, 0x22,
    0x78, 0x1, 0x7b, 0x0, 0x61, 0xb8, 0x16, 0x14,
    0x0, 0x8, 0x80, 0x8, 0x0, 0xa3, 0x62, 0x89,
    0x0, 0x84, 0x40, 0x56, 0xa4, 0xb2, 0x38, 0x4e,
    0x0, 0x41, 0xef, 0xd3, 0x52, 0xe4, 0x1a, 0xf0,
    0x8, 0xbb, 0xfe, 0xc0,

    /* U+6CE8 "注" */
    0x0, 0xff, 0xe3, 0x28, 0x7, 0x63, 0x0, 0x7c,
    0x75, 0x40, 0xd, 0x12, 0xc0, 0x1e, 0x3d, 0x47,
    0x12, 0x23, 0x41, 0x16, 0x0, 0xc5, 0xef, 0x1b,
    0xb4, 0x5e, 0xec, 0x80, 0x2, 0x1, 0x9, 0xff,
    0x86, 0xbf, 0xe4, 0x0, 0x76, 0xa0, 0x7, 0xff,
    0x7, 0x16, 0x40, 0x3f, 0xf8, 0x51, 0xa0, 0x5d,
    0xba, 0x1b, 0xdd, 0x70, 0x7, 0x20, 0x95, 0x77,
    0x2, 0x7b, 0x94, 0x1, 0xd3, 0x20, 0x43, 0x30,
    0x91, 0x99, 0x0, 0x33, 0x1c, 0x80, 0x7f, 0xf0,
    0x62, 0x44, 0x3, 0xff, 0x81, 0x0, 0xe0, 0x45,
    0x80, 0xc8, 0xb0, 0x13, 0xb0, 0x26, 0xee, 0x19,
    0xdd, 0xc0, 0x59, 0x20, 0x9f, 0xff, 0xe0,

    /* U+6CF3 "泳" */
    0x0, 0xfc, 0x40, 0x1f, 0xcc, 0x1, 0x93, 0x68,
    0x80, 0x3c, 0x51, 0x82, 0x0, 0x4c, 0x6d, 0x20,
    0xe, 0x2f, 0x7, 0x0, 0x8f, 0x2c, 0x80, 0x3c,
    0x38, 0xc0, 0x7d, 0xd5, 0x0, 0x7a, 0x48, 0x2,
    0x3f, 0xed, 0x11, 0x1, 0x69, 0xa, 0xeb, 0x80,
    0x42, 0x1, 0x18, 0xfb, 0x90, 0xe4, 0xf8, 0x7f,
    0xd0, 0x0, 0x5d, 0x4a, 0x0, 0x9a, 0x3, 0xfc,
    0x7a, 0x0, 0x84, 0x90, 0xe, 0x20, 0x8, 0xd8,
    0x4, 0xb8, 0x3, 0x8b, 0x4c, 0x18, 0x4c, 0x1,
    0x12, 0x40, 0x1a, 0xcc, 0xc1, 0x6c, 0x1, 0x2a,
    0x78, 0x80, 0x5, 0xa4, 0x2c, 0xe4, 0x3, 0x50,
    0x79, 0x4, 0x8a, 0x62, 0x68, 0x80, 0x61, 0xc8,
    0x22, 0x3b, 0x87, 0xb0, 0xc2, 0xb8, 0x80, 0x2,
    0xc0, 0x53, 0x40, 0x46, 0x0, 0xd5, 0xe0, 0xe,

    /* U+6D0B "洋" */
    0x0, 0xff, 0xe2, 0x8c, 0x80, 0x6e, 0x60, 0x0,
    0xfa, 0x0, 0x46, 0x9a, 0x40, 0x6, 0x80, 0x3,
    0x8a, 0x0, 0x45, 0xa2, 0xe2, 0x77, 0x24, 0x4d,
    0x62, 0x20, 0x6, 0xc5, 0x4c, 0xc4, 0x6e, 0x91,
    0xf7, 0x46, 0x2, 0x1, 0x2f, 0xfd, 0x43, 0xff,
    0x8c, 0x3e, 0xc8, 0x3, 0xff, 0x83, 0x4d, 0x82,
    0xa, 0xb6, 0xa, 0xac, 0x80, 0x4, 0xdd, 0x8,
    0x77, 0x48, 0x1d, 0xd6, 0x0, 0x63, 0x0, 0x5d,
    0xd0, 0x37, 0x74, 0x0, 0x43, 0xc4, 0x23, 0x8c,
    0x4, 0x70, 0x4, 0xc6, 0x5b, 0xdd, 0x48, 0xf7,
    0x67, 0x0, 0x55, 0x86, 0x7f, 0xd4, 0x3f, 0xf9,
    0xc1, 0x49, 0xc0, 0x3f, 0xf8, 0x36, 0x82, 0x1,
    0xff, 0xc1, 0xff, 0x0, 0x78, 0xc4, 0x3, 0x80,

    /* U+6D17 "洗" */
    0x0, 0x8, 0x4, 0x20, 0x5, 0xf0, 0xf, 0x17,
    0x38, 0x2, 0x30, 0x0, 0x20, 0x1e, 0x2a, 0x89,
    0x4, 0x40, 0x7, 0x8, 0x6, 0x5b, 0xd1, 0x26,
    0xeb, 0x1e, 0xe7, 0xb0, 0x6, 0x44, 0x48, 0xf7,
    0x2c, 0x7b, 0xa6, 0x1, 0xe8, 0x0, 0x5d, 0x0,
    0x7f, 0xd, 0x2e, 0x8b, 0x2, 0x23, 0x45, 0x12,
    0x50, 0x2, 0x6c, 0x7, 0x72, 0x2c, 0x8e, 0xbb,
    0xa0, 0xc, 0x83, 0x75, 0x65, 0x52, 0x55, 0x4b,
    0x0, 0x8b, 0x88, 0x1, 0xcc, 0x1, 0xfd, 0x42,
    0x40, 0x4, 0x30, 0xf, 0xe6, 0x90, 0x2, 0x15,
    0x80, 0x72, 0x0, 0x14, 0x54, 0xa, 0x94, 0xc0,
    0x2, 0x3, 0x68, 0x12, 0x84, 0x9a, 0xb4, 0x0,
    0x73, 0xfe, 0x34, 0xc, 0x90, 0x4b, 0xb0, 0x4,
    0x5d, 0xfe, 0xc0,

    /* U+6D1E "洞" */
    0x2, 0x50, 0xf, 0xfe, 0xa, 0x54, 0x6, 0xff,
    0xfe, 0x50, 0x69, 0x74, 0x18, 0xee, 0xf0, 0x88,
    0x0, 0xda, 0x80, 0x26, 0x45, 0x84, 0x0, 0x30,
    0x24, 0x1, 0x2f, 0xfe, 0x10, 0x1, 0xa7, 0x38,
    0x4, 0xf9, 0x98, 0x40, 0x5, 0x92, 0x20, 0x12,
    0xff, 0xd8, 0x1, 0xcc, 0xc0, 0x8, 0x4b, 0xe4,
    0x3, 0xe6, 0x0, 0xf1, 0x80, 0x79, 0x64, 0x40,
    0x3f, 0xf8, 0x1c, 0xa2, 0x0, 0x12, 0xfa, 0x0,
    0xe1, 0x4e, 0x0, 0x97, 0xfe, 0xc0, 0xd, 0x22,
    0x80, 0x1f, 0xc2, 0x2, 0xec, 0x1, 0xf9, 0xb4,
    0x18, 0x6a, 0x40, 0x2, 0x1, 0xca, 0x30, 0x40,

    /* U+6D32 "洲" */
    0x0, 0xff, 0xe2, 0x16, 0xb0, 0x2, 0x94, 0xa,
    0x80, 0x1e, 0x40, 0x59, 0x6a, 0x2, 0x1, 0x28,
    0x4, 0x60, 0x1, 0xd5, 0x1, 0x0, 0x84, 0x3,
    0x9c, 0x40, 0xd8, 0xa, 0x0, 0x18, 0x1, 0xe,
    0x7a, 0xdf, 0x80, 0x1c, 0x0, 0xe6, 0x0, 0x1b,
    0x83, 0x1e, 0x13, 0x16, 0x3, 0x50, 0xc, 0xcc,
    0x53, 0x0, 0x11, 0x87, 0x70, 0x3, 0x8a, 0x95,
    0xdd, 0x24, 0xb, 0xa0, 0x19, 0x31, 0x84, 0xc9,
    0x5c, 0xd, 0x40, 0x34, 0x48, 0x20, 0x88, 0x3,
    0xf1, 0x99, 0x83, 0x90, 0x0, 0x22, 0x0, 0xef,
    0x71, 0x35, 0x90, 0x3, 0x80, 0x70, 0xbc, 0x82,
    0x29, 0x80, 0x13, 0x80, 0x23, 0x1b, 0x10, 0x7a,
    0x0, 0xc2, 0x0, 0xf2,

    /* U+6D3B "活" */
    0x0, 0x18, 0x7, 0xf0, 0x90, 0x0, 0xf2, 0x40,
    0x4d, 0x1a, 0x2b, 0x7b, 0x80, 0x3, 0xc7, 0xb2,
    0xc8, 0xc7, 0xdf, 0xf6, 0x0, 0x47, 0x92, 0x7f,
    0x94, 0x26, 0x40, 0x19, 0x40, 0x88, 0x20, 0x1f,
    0x8, 0xd7, 0xa6, 0x9d, 0xff, 0xd, 0xff, 0xbb,
    0x7, 0xd3, 0x1b, 0xff, 0xd, 0xff, 0xda, 0x3,
    0x3a, 0x40, 0x1f, 0xfc, 0x1b, 0x90, 0xbc, 0xc0,
    0xce, 0x64, 0x1, 0xb, 0x68, 0x2d, 0x7e, 0x77,
    0xd1, 0x80, 0x52, 0x68, 0x0, 0x53, 0x3c, 0x42,
    0x0, 0x17, 0x80, 0xf, 0xfe, 0x5, 0x1a, 0x0,
    0x59, 0xff, 0xac, 0x0, 0x21, 0x0, 0x10, 0xdf,
    0xfe, 0xb1, 0x1, 0xb4, 0x0, 0xbd, 0x0, 0x32,
    0x78, 0x0,

    /* U+6D4B "测" */
    0x2, 0x30, 0xf, 0xf1, 0xc8, 0x2e, 0x39, 0x5d,
    0xf0, 0x4, 0xee, 0x7, 0xab, 0x14, 0xff, 0x72,
    0x4, 0x90, 0x6, 0x5c, 0x11, 0x20, 0xb8, 0x1,
    0xc4, 0x2, 0x71, 0x0, 0x86, 0x84, 0x3, 0xec,
    0xf3, 0x0, 0x8, 0x8, 0x7, 0xd6, 0x8a, 0x1,
    0xff, 0xc1, 0xa6, 0x0, 0x8, 0x18, 0x7, 0xe1,
    0xb1, 0x2, 0x10, 0x0, 0x80, 0x79, 0x94, 0x51,
    0x48, 0x54, 0x40, 0x3d, 0x52, 0x55, 0xa8, 0xb4,
    0x1, 0xe6, 0x37, 0x3, 0x4d, 0xa6, 0xe, 0x30,
    0x0, 0xc3, 0x0, 0x3d, 0x16, 0xa4, 0x80, 0x31,
    0x94, 0x84, 0x9c, 0x82, 0xa2, 0x3, 0x28, 0x89,
    0x82, 0x17, 0x84, 0x0, 0xb6, 0xa, 0xbd,

    /* U+6D74 "浴" */
    0x0, 0x41, 0x0, 0x4a, 0x60, 0x7, 0x30, 0xc,
    0x3a, 0xa0, 0x74, 0xc0, 0x1, 0xc6, 0x0, 0xa6,
    0xb1, 0x36, 0x95, 0x40, 0xd7, 0x2a, 0x1, 0x2c,
    0x85, 0x29, 0x53, 0x2, 0x6a, 0x84, 0xa0, 0x1,
    0x10, 0x12, 0xb0, 0x20, 0x40, 0x15, 0xd0, 0x4,
    0xad, 0x53, 0xa0, 0x1a, 0x74, 0xc0, 0x7, 0x7c,
    0xe, 0xec, 0x20, 0x8, 0xa4, 0x13, 0x28, 0xc0,
    0x16, 0xf8, 0xc0, 0x11, 0x9a, 0xde, 0xff, 0xf2,
    0x38, 0x4, 0x7a, 0x7f, 0x61, 0xff, 0x60, 0xcb,
    0x0, 0x29, 0x80, 0x3f, 0xf8, 0x2, 0xd4, 0x1,
    0xff, 0xc0, 0x93, 0x20, 0xd, 0xff, 0x60, 0x6,
    0xf9, 0x0, 0xef, 0xfb, 0x4, 0x0,

    /* U+6D77 "海" */
    0x0, 0x10, 0x6, 0x94, 0x0, 0xf9, 0x76, 0x0,
    0x2, 0xc2, 0x3c, 0x42, 0xb, 0x8b, 0x81, 0x21,
    0x7f, 0xfb, 0x18, 0x0, 0x7b, 0xc4, 0xfb, 0xdd,
    0xe7, 0x7, 0x0, 0x17, 0x9e, 0xff, 0xf2, 0x81,
    0x4e, 0x98, 0x2d, 0x37, 0xb7, 0xf9, 0x0, 0x5,
    0xed, 0x83, 0x2, 0x20, 0x26, 0x0, 0x8, 0x0,
    0x6e, 0xc2, 0x5c, 0x25, 0xc0, 0x4e, 0x44, 0x0,
    0x98, 0x3d, 0x9f, 0xe2, 0xfc, 0xe2, 0x40, 0x3,
    0xa5, 0xab, 0x78, 0x9b, 0xa2, 0xcb, 0x0, 0x31,
    0x90, 0x8, 0xca, 0xa0, 0x1, 0x80, 0x53, 0x20,
    0x3, 0x9a, 0x59, 0xa1, 0xa0, 0x83, 0x82, 0x80,
    0x17, 0x3f, 0x37, 0xc7, 0x88, 0x66, 0x0, 0x29,
    0xbb, 0xa4, 0xc6, 0xcc, 0x7d, 0x80, 0x3e, 0x14,
    0xb0, 0x0,

    /* U+6D88 "消" */
    0x0, 0x20, 0x4, 0x40, 0x6, 0xf0, 0x0, 0x88,
    0x0, 0x97, 0x0, 0xba, 0x60, 0x1d, 0x58, 0x0,
    0x49, 0x77, 0x29, 0xf8, 0x6, 0x44, 0x70, 0x4,
    0xd4, 0xe1, 0xee, 0x20, 0x16, 0x39, 0x80, 0x4,
    0x14, 0x0, 0x32, 0x62, 0x5, 0x54, 0x10, 0x2e,
    0xa2, 0x0, 0x66, 0xe4, 0x8e, 0x63, 0x58, 0xb,
    0x42, 0x40, 0x29, 0xee, 0xe1, 0x10, 0x0, 0xaa,
    0xc0, 0x28, 0xdd, 0xe1, 0x0, 0xe9, 0x0, 0x9a,
    0x67, 0x84, 0x3, 0x1b, 0x10, 0x3, 0x91, 0x38,
    0x3, 0xac, 0xc8, 0x1, 0x3f, 0xfc, 0x20, 0x19,
    0xac, 0x2, 0x8e, 0xee, 0x10, 0x9, 0x45, 0x40,
    0x21, 0x1f, 0x0, 0x6b, 0x12, 0x0, 0xf8, 0xa4,
    0x40, 0x2a, 0x60, 0xf, 0xc4, 0x86, 0xe0, 0x4,
    0x80, 0xb, 0x98, 0x3, 0x6e, 0x8, 0x0,

    /* U+6DB2 "液" */
    0x0, 0xff, 0xe3, 0x8, 0x7, 0xa6, 0x80, 0x3c,
    0x9c, 0xa0, 0x46, 0x44, 0x5, 0x22, 0x8c, 0x0,
    0x91, 0x4d, 0x1b, 0xfe, 0x42, 0xff, 0xb4, 0x40,
    0xf, 0x8d, 0x5d, 0x7d, 0xb5, 0x3b, 0xae, 0x10,
    0x71, 0x30, 0x0, 0xcb, 0xc, 0x10, 0x8c, 0x7,
    0x3e, 0xc0, 0xb, 0x45, 0x60, 0x9e, 0xe4, 0x1,
    0xf3, 0x98, 0x2a, 0xbc, 0x26, 0xbb, 0xcb, 0xc0,
    0x29, 0x53, 0xb0, 0x3, 0xa, 0x70, 0x92, 0x0,
    0x48, 0x3c, 0xe2, 0x52, 0x4, 0x46, 0x12, 0x0,
    0xbe, 0x3e, 0x40, 0xd9, 0x93, 0xbc, 0xc0, 0x19,
    0x70, 0x80, 0x3, 0x30, 0xaa, 0x6b, 0x0, 0x8c,
    0x50, 0x3, 0x85, 0xe9, 0xc, 0x2, 0xa3, 0x10,
    0xe, 0x13, 0x6, 0x20, 0x9, 0x90, 0x2, 0x10,
    0x7f, 0x7d, 0x7d, 0x91, 0x24, 0xc0, 0xe, 0x17,
    0xc2, 0xa9, 0x11, 0x0,

    /* U+6DC7 "淇" */
    0x0, 0xff, 0xe0, 0x8, 0x6, 0x68, 0x0, 0x93,
    0xc0, 0x23, 0xe0, 0xe, 0x7d, 0x20, 0x71, 0x0,
    0xfe, 0x6d, 0x70, 0xfc, 0x1f, 0xfb, 0x3, 0xfc,
    0x1, 0x15, 0x17, 0xe0, 0xff, 0xd8, 0x1f, 0xe0,
    0x3, 0x8, 0x7, 0x11, 0x4c, 0x1, 0x86, 0xfd,
    0x80, 0x21, 0xee, 0xa0, 0x3, 0xe, 0xce, 0x80,
    0x43, 0x99, 0x70, 0x7, 0x9e, 0xc0, 0x21, 0xff,
    0xb0, 0x3, 0xc6, 0x80, 0x10, 0xff, 0xd8, 0x1,
    0xeb, 0xa2, 0x36, 0x2, 0x29, 0x80, 0x8c, 0x40,
    0xc, 0xca, 0xe8, 0x3f, 0xfa, 0xb, 0xf9, 0xc1,
    0x6, 0xa3, 0x74, 0xbd, 0xba, 0xbf, 0xdd, 0x30,
    0x79, 0x90, 0x2, 0x5d, 0x80, 0x1b, 0xa6, 0x0,
    0x1a, 0x58, 0xd, 0x3e, 0x28, 0x2, 0xe2, 0x68,
    0xe, 0xd4, 0x8, 0x7c, 0xc0, 0x33, 0xdc, 0x80,

    /* U+6DCB "淋" */
    0x2, 0x40, 0x8, 0xfc, 0x2, 0xd4, 0x0, 0xd7,
    0x67, 0x0, 0x8, 0x80, 0x21, 0x0, 0xe9, 0x89,
    0x20, 0xf, 0xfe, 0xb, 0xf3, 0xfe, 0x8f, 0xcf,
    0x9d, 0xfd, 0x80, 0x29, 0x81, 0x31, 0x7, 0x2e,
    0x41, 0xb2, 0x0, 0x29, 0xc1, 0x35, 0x0, 0x10,
    0x81, 0x9c, 0x0, 0xab, 0xa0, 0x21, 0x16, 0x9e,
    0x2, 0x0, 0x72, 0x30, 0x29, 0xc, 0x2a, 0x10,
    0xa0, 0x6, 0x27, 0xa, 0x40, 0x60, 0x31, 0x58,
    0x0, 0xcb, 0x48, 0x5a, 0x0, 0x8b, 0xf, 0x37,
    0x0, 0xaa, 0x92, 0x8c, 0x10, 0x2c, 0x3, 0x10,
    0x20, 0x42, 0x12, 0x80, 0x5, 0x40, 0x80, 0x1f,
    0x8, 0x20, 0x9b, 0xc, 0x0, 0x4e, 0x1, 0x8c,
    0x4, 0x14, 0xc, 0x3, 0xc2, 0x1, 0x87, 0x24,
    0x2, 0x11, 0x0, 0x7f, 0x84, 0x2, 0x3f, 0x0,
    0xb5, 0x0, 0x20,

    /* U+6DF1 "深" */
    0x2, 0x80, 0xf, 0xfe, 0x11, 0xa6, 0xf, 0xff,
    0xf2, 0x80, 0x7, 0x1d, 0x3, 0x7f, 0xfc, 0x22,
    0x0, 0xd6, 0xa0, 0x8, 0x80, 0x26, 0xa, 0x80,
    0xf, 0xc, 0x1, 0xf6, 0xb4, 0x8, 0xdf, 0x28,
    0x7, 0x3a, 0xe1, 0x6b, 0x85, 0xa7, 0x4b, 0x60,
    0x12, 0xe3, 0x5, 0xe0, 0x81, 0x0, 0x2e, 0x40,
    0x31, 0x8, 0x5e, 0x64, 0x1d, 0x99, 0x50, 0x6,
    0x70, 0x8f, 0xb3, 0x2, 0xbf, 0xf4, 0x80, 0x43,
    0x6, 0x76, 0x30, 0x35, 0x99, 0xc0, 0x14, 0xa1,
    0x82, 0xa4, 0x6, 0x93, 0x0, 0x73, 0x70, 0x15,
    0x48, 0x83, 0xc4, 0xa8, 0x4, 0xc2, 0xa5, 0x8a,
    0xc0, 0x13, 0x32, 0xa4, 0x6, 0x14, 0x28, 0xa8,
    0x3, 0xa6, 0x28, 0x6, 0xe4, 0x23, 0x0, 0x33,
    0x80, 0x1c, 0xc0,

    /* U+6E05 "清" */
    0x0, 0x10, 0x7, 0xbd, 0x80, 0x38, 0xf5, 0xc2,
    0x2a, 0xa0, 0xaa, 0xc4, 0x7, 0x92, 0xd9, 0xdd,
    0x2, 0x77, 0x46, 0x0, 0x3f, 0x60, 0x98, 0x80,
    0x2c, 0x42, 0x40, 0x10, 0x22, 0x5, 0xee, 0x86,
    0xfb, 0xa1, 0x11, 0xf3, 0xa6, 0xff, 0x70, 0x6f,
    0xb9, 0xf6, 0x37, 0x20, 0xbf, 0xdd, 0x6f, 0xf7,
    0x3e, 0x0, 0xc, 0xe2, 0x7f, 0xbb, 0xf1, 0x80,
    0x48, 0x20, 0x75, 0xff, 0xa8, 0x3, 0xa5, 0x0,
    0x17, 0xdd, 0xac, 0x3, 0x21, 0xa8, 0x2, 0xff,
    0xf4, 0x0, 0x68, 0x90, 0xa, 0xbb, 0xb4, 0x80,
    0x4c, 0x6e, 0x1, 0x57, 0xfe, 0xa0, 0xa, 0x1c,
    0x3, 0xf2, 0x70, 0x5, 0x52, 0x1, 0xf9, 0x96,
    0x40, 0x8, 0x20, 0x17, 0x28, 0x4, 0x5c, 0xe0,

    /* U+6E14 "渔" */
    0x0, 0x10, 0x6, 0x1a, 0x10, 0xf, 0x93, 0x58,
    0x2, 0x87, 0x0, 0xfc, 0x97, 0x32, 0x4, 0x62,
    0xef, 0xf5, 0x0, 0x72, 0x5d, 0x15, 0x4f, 0xfb,
    0x2, 0xc0, 0x3c, 0x83, 0xea, 0x84, 0x4f, 0x63,
    0x20, 0xa, 0x9c, 0x11, 0x99, 0x9f, 0x86, 0x9f,
    0xa4, 0x0, 0x9d, 0xe7, 0xb0, 0x8d, 0x93, 0xdc,
    0x0, 0xc7, 0x58, 0x20, 0xb, 0xc9, 0x3c, 0xd0,
    0xf, 0xf5, 0x73, 0x1f, 0x78, 0x7, 0xb1, 0x0,
    0x2, 0x5e, 0x4, 0x40, 0xe, 0x63, 0x40, 0x4,
    0xfc, 0x1f, 0xf0, 0x7, 0x5d, 0x80, 0x19, 0xdd,
    0xf1, 0x0, 0x18, 0xd8, 0x4c, 0xff, 0x11, 0x80,
    0x2d, 0x81, 0x77, 0x33, 0xed, 0xc1, 0xd, 0x90,
    0x4e, 0xef, 0xef, 0x10,

    /* U+6E21 "渡" */
    0x0, 0x8, 0x7, 0xad, 0x80, 0x3c, 0xde, 0xc0,
    0x89, 0x9e, 0xd1, 0x30, 0x1, 0xb3, 0x5, 0x5f,
    0xd6, 0xf, 0x15, 0xdc, 0x0, 0x8a, 0x88, 0xe2,
    0x86, 0x29, 0xa, 0xa8, 0x5, 0xcc, 0x1, 0x6e,
    0x86, 0xb5, 0x8f, 0x6c, 0xa, 0xe5, 0x40, 0xeb,
    0x6, 0xf1, 0x8f, 0x28, 0x0, 0xba, 0xa0, 0x7,
    0x11, 0x46, 0xb0, 0x8, 0x80, 0x22, 0x0, 0x8,
    0x83, 0x7f, 0xb3, 0x80, 0x3a, 0x9c, 0x0, 0xfb,
    0xdd, 0xd0, 0x1, 0x90, 0x8c, 0x53, 0x85, 0x3e,
    0x4f, 0x0, 0x24, 0x15, 0x44, 0x9, 0xc3, 0x17,
    0x22, 0x0, 0x2e, 0x50, 0xac, 0x0, 0x2a, 0xbd,
    0xa8, 0x2, 0x25, 0xf6, 0x27, 0x2, 0x85, 0x33,
    0x30, 0x80, 0xa, 0x93, 0x5c, 0xf7, 0x47, 0xba,
    0xbc, 0xeb, 0x0, 0x28, 0xdc, 0x14, 0xf5, 0x98,
    0x2d, 0xf5, 0x0,

    /* U+6E29 "温" */
    0x0, 0x8, 0x7, 0xff, 0x9, 0x3d, 0x81, 0x7f,
    0xfe, 0x50, 0x9, 0x32, 0x90, 0x7, 0x33, 0x84,
    0x3, 0x8b, 0x10, 0x7, 0x33, 0x84, 0x3, 0x72,
    0x80, 0x43, 0xdd, 0xc4, 0x1, 0xae, 0x98, 0x2,
    0x33, 0xf0, 0x6, 0x5b, 0x0, 0xd9, 0x9c, 0x2,
    0x1, 0x91, 0x81, 0x7b, 0xbe, 0x40, 0xc, 0xd4,
    0x1f, 0xff, 0xc0, 0x1b, 0x8, 0x1, 0x78, 0x3c,
    0x37, 0x80, 0x1c, 0xb4, 0x0, 0x72, 0x1, 0x7,
    0x10, 0xc, 0xc4, 0x40, 0xf, 0xfe, 0xd, 0xa0,
    0x8, 0x0, 0xc0, 0x41, 0xc0, 0x2, 0x2, 0x2a,
    0x7e, 0xc, 0xd1, 0xe1, 0xbd, 0xe, 0x41, 0xc3,
    0x7f, 0xff, 0xf9, 0x0,

    /* U+6E34 "渴" */
    0x1, 0xb2, 0x0, 0x77, 0xff, 0xc0, 0x19, 0xf5,
    0x80, 0xe7, 0xff, 0x58, 0x6, 0x1c, 0x6c, 0x0,
    0x5e, 0x66, 0x90, 0xf, 0x4d, 0x0, 0x17, 0xff,
    0x50, 0x6, 0x30, 0xe, 0xf2, 0x2e, 0x0, 0x8b,
    0x2c, 0x40, 0xd, 0x3d, 0xbb, 0x49, 0x80, 0xb,
    0x1b, 0x0, 0x10, 0x33, 0x99, 0xc0, 0x11, 0xe7,
    0x2, 0xe0, 0x4f, 0xff, 0x80, 0x21, 0x13, 0xd2,
    0x77, 0xaa, 0xbf, 0xd4, 0x40, 0x1b, 0xbf, 0x15,
    0x44, 0xa8, 0xa0, 0x1, 0x0, 0x9c, 0x60, 0xc0,
    0xb1, 0x6e, 0x90, 0xdc, 0x0, 0x91, 0xc0, 0x11,
    0xbd, 0xa6, 0x20, 0x88, 0xe, 0xdc, 0xc0, 0x3,
    0x4d, 0xdc, 0x60, 0xd3, 0x3, 0x68, 0x0, 0xbf,
    0xf8, 0x31, 0x74, 0x1, 0x20, 0x1f, 0xca, 0xaa,
    0x40,

    /* U+6E38 "游" */
    0x3, 0x10, 0x2, 0x48, 0x4, 0x78, 0x40, 0x1a,
    0xbd, 0x1, 0x59, 0x40, 0xa, 0x24, 0x1, 0xa6,
    0x5c, 0x3, 0x68, 0x0, 0xd3, 0xbb, 0x90, 0x0,
    0xf7, 0xdf, 0x5f, 0xc8, 0x8b, 0xff, 0x94, 0x10,
    0x7, 0x8a, 0xfb, 0x9a, 0xaa, 0x44, 0x84, 0x53,
    0xa8, 0x1, 0x85, 0x5b, 0xb9, 0xf8, 0x3, 0xb5,
    0xa0, 0xa, 0xfe, 0xcc, 0x77, 0x8d, 0x80, 0x4f,
    0x20, 0x79, 0x81, 0x0, 0xb1, 0xdc, 0x1, 0x10,
    0x0, 0x44, 0x0, 0x13, 0x31, 0x61, 0x88, 0x2,
    0x60, 0x0, 0x60, 0x5, 0x88, 0x4, 0xc2, 0x0,
    0x12, 0xcc, 0x44, 0x0, 0x4b, 0xb0, 0x7d, 0xa8,
    0x20, 0x9a, 0x28, 0x7, 0xfd, 0xce, 0x13, 0xc0,
    0x1f, 0xe2, 0x5c, 0xa0, 0x58, 0xe5, 0x4, 0x80,
    0x10, 0x1, 0xba, 0x75, 0x5, 0xcd, 0x80, 0xa4,
    0x90, 0x0,

    /* U+6E56 "湖" */
    0x1, 0x20, 0xa, 0x64, 0x1, 0xf9, 0xb5, 0x40,
    0x3d, 0xdf, 0xf8, 0x1e, 0x28, 0xc0, 0x38, 0xf3,
    0xf0, 0x40, 0xf, 0xcc, 0xea, 0xa7, 0x30, 0xf,
    0x20, 0x9, 0xf8, 0x3, 0x9c, 0x14, 0xd4, 0xa,
    0xac, 0x9a, 0x15, 0x52, 0x81, 0x51, 0x40, 0x5c,
    0x32, 0x1, 0xe3, 0xfb, 0xf0, 0xa, 0xac, 0xfd,
    0x99, 0xe0, 0x1, 0x0, 0xf1, 0x80, 0x3f, 0x40,
    0x3, 0x37, 0xe0, 0x13, 0x68, 0x7, 0x8, 0x44,
    0x24, 0x2, 0xa9, 0x0, 0x7e, 0x82, 0x91, 0x99,
    0x80, 0x8, 0x6e, 0x0, 0xfd, 0xd, 0x40, 0xe,
    0x86, 0x0, 0x8, 0x15, 0xb5, 0x0, 0x1c, 0x10,
    0xec, 0xf, 0x80, 0x10, 0x86, 0x35, 0x24, 0x98,
    0x40, 0x18, 0x9e, 0x80, 0x72, 0xf4,

    /* U+6E9C "溜" */
    0x0, 0x10, 0x4, 0x50, 0x40, 0x1f, 0x36, 0xa8,
    0x6e, 0x8d, 0x23, 0xff, 0x68, 0x34, 0x52, 0x5,
    0x5b, 0x45, 0x87, 0x48, 0x80, 0x1f, 0x10, 0x42,
    0x1c, 0x4, 0x84, 0x4c, 0xa, 0x6, 0x1, 0x6c,
    0x86, 0x20, 0x71, 0x25, 0x58, 0x80, 0xf5, 0x83,
    0x32, 0x81, 0x39, 0x31, 0x64, 0xc8, 0x7f, 0x6d,
    0x5b, 0xc1, 0xc0, 0xfe, 0xf, 0x28, 0x49, 0x69,
    0x2f, 0x44, 0x0, 0x32, 0x13, 0xfd, 0xef, 0xdf,
    0x5e, 0x80, 0x6, 0x60, 0x9b, 0xf7, 0x6, 0xbb,
    0x82, 0x1, 0x5b, 0x88, 0x3f, 0x70, 0x6b, 0xb8,
    0x20, 0x5, 0x29, 0x0, 0x3f, 0x70, 0x6b, 0xb8,
    0x20, 0x8, 0x61, 0x0, 0xff, 0x8c, 0xa8, 0x2,
    0x7f, 0xf0, 0xdf, 0xf8, 0x40, 0xf8, 0xc0, 0x6,
    0xff, 0xfe, 0x11, 0x0,

    /* U+6EAA "溪" */
    0x0, 0xff, 0xe3, 0x10, 0x4, 0x24, 0x6a, 0xf5,
    0xd8, 0x1, 0x36, 0xa8, 0xff, 0x67, 0x75, 0x91,
    0x22, 0x0, 0x69, 0xa3, 0xb9, 0xef, 0x68, 0x6d,
    0xc1, 0x0, 0x9b, 0x9, 0xa5, 0x9, 0xd4, 0xd6,
    0x0, 0x25, 0x3, 0x2, 0xc6, 0xd2, 0x43, 0xb1,
    0x0, 0xc, 0x61, 0x0, 0x13, 0xee, 0x6, 0xe0,
    0x80, 0x3, 0xab, 0x40, 0xf2, 0x35, 0xfb, 0xde,
    0x40, 0x1a, 0x60, 0x1f, 0x55, 0xef, 0x7, 0x10,
    0x3, 0x28, 0x3, 0xb1, 0x99, 0x39, 0x5, 0x66,
    0x1, 0x59, 0x86, 0x77, 0xe1, 0x76, 0x62, 0xcc,
    0x0, 0x60, 0x7d, 0xbd, 0xfc, 0x1b, 0xfe, 0xbf,
    0x10, 0xa4, 0xe, 0xff, 0x8d, 0x86, 0xff, 0xe1,
    0x7, 0xf0, 0x9, 0x31, 0xe6, 0xed, 0x4, 0x0,
    0x23, 0x40, 0xae, 0xab, 0xb0, 0x2e, 0x26, 0xe0,
    0x16, 0x88, 0x75, 0x73, 0x80, 0x47, 0x9b, 0xe0,

    /* U+6ED1 "滑" */
    0x0, 0xff, 0xe2, 0xa6, 0x10, 0xf, 0xff, 0xc4,
    0x1, 0x2b, 0xe1, 0x8, 0x77, 0xfe, 0x3, 0x0,
    0x86, 0xe4, 0x80, 0x1b, 0x98, 0x90, 0xf, 0x8,
    0x38, 0x5, 0x1f, 0x4a, 0x1, 0xc9, 0xe6, 0x2,
    0x40, 0xc4, 0x60, 0x20, 0x42, 0xc, 0xb8, 0x7d,
    0x83, 0x9f, 0x65, 0xe3, 0xbc, 0x25, 0x72, 0x63,
    0x9d, 0xdf, 0x78, 0x8, 0x1, 0x81, 0x8f, 0xbb,
    0xde, 0x2e, 0x1, 0x3d, 0x40, 0x9d, 0x77, 0x54,
    0x21, 0x0, 0x15, 0x60, 0x5, 0x7f, 0xf5, 0x80,
    0x72, 0x13, 0x80, 0x57, 0xff, 0x58, 0x7, 0x7a,
    0x88, 0x5, 0x7f, 0xf5, 0x80, 0x65, 0x4e, 0x0,
    0xd7, 0xff, 0x58, 0x6, 0x63, 0x40, 0xf, 0x8f,
    0xc0, 0x31, 0xe0, 0x6, 0x30, 0x8, 0x56, 0x40,
    0x20,

    /* U+6EDA "滚" */
    0x0, 0x8, 0x7, 0xb1, 0x0, 0x3c, 0xde, 0x60,
    0x42, 0x33, 0x70, 0x8c, 0x40, 0x6, 0x66, 0x27,
    0x6e, 0xcc, 0xcd, 0xdb, 0xc0, 0x28, 0xa4, 0xcd,
    0xe, 0xcc, 0x23, 0xee, 0x80, 0x6, 0xa, 0x5,
    0x8a, 0xd6, 0x30, 0x5e, 0xa0, 0x3b, 0x62, 0x5b,
    0x71, 0x58, 0x29, 0x37, 0x61, 0x16, 0x36, 0x97,
    0x3e, 0xcb, 0x87, 0xda, 0xf0, 0x81, 0x67, 0x81,
    0xf9, 0x6d, 0xe3, 0x25, 0x80, 0x61, 0x30, 0x26,
    0x81, 0x9, 0xdf, 0xc0, 0xc, 0x3c, 0x21, 0x0,
    0xb5, 0x4, 0x1c, 0xa0, 0x13, 0x20, 0x8a, 0x64,
    0xc3, 0x73, 0x84, 0x80, 0x14, 0xc9, 0xf8, 0xd8,
    0x0, 0xcd, 0x58, 0x80, 0x20, 0x8d, 0x6e, 0x84,
    0x50, 0x9e, 0x8e, 0x0, 0x17, 0x90, 0x24, 0x4,
    0x63, 0x62, 0xca, 0xe3, 0x1b, 0x50, 0xc, 0xd7,
    0x62, 0x2, 0xda, 0x30,

    /* U+6EE9 "滩" */
    0x1, 0x0, 0xf9, 0x20, 0xa4, 0x3, 0x7d, 0x8,
    0x80, 0x36, 0x99, 0x98, 0xc0, 0x2c, 0x68, 0xef,
    0xf6, 0x2, 0x1a, 0xb3, 0x14, 0x0, 0x59, 0x3f,
    0xe7, 0x53, 0x25, 0x86, 0x88, 0x8, 0x4, 0x7a,
    0x5, 0xf4, 0x13, 0x83, 0xfa, 0x29, 0xaa, 0x60,
    0xae, 0x4c, 0x2, 0x40, 0xc2, 0x9, 0x54, 0x48,
    0x92, 0xc4, 0xb, 0xf1, 0xa9, 0x0, 0x3e, 0xa2,
    0x92, 0x4c, 0x82, 0xb4, 0x72, 0x0, 0x23, 0x0,
    0x1b, 0x9, 0x0, 0x90, 0x31, 0x0, 0x7, 0x85,
    0x0, 0xc, 0x0, 0x8e, 0x19, 0xb0, 0x2, 0x90,
    0xfd, 0x5d, 0x80, 0x13, 0x83, 0xf2, 0x0, 0xc4,
    0x54, 0x66, 0x1, 0x0, 0x7e, 0x5c, 0x27, 0x10,
    0xd2, 0xb, 0xf1, 0xdf, 0x22, 0x9d, 0xd0, 0x1,
    0xd5, 0xdd, 0x69, 0x13, 0xc8, 0x3, 0xde, 0xa2,
    0x31, 0x0,

    /* U+6F14 "演" */
    0x1, 0x0, 0xf3, 0xd0, 0x7, 0xd3, 0xca, 0x1,
    0x95, 0x46, 0x1, 0xe8, 0xbb, 0x2f, 0xf7, 0x30,
    0x77, 0xba, 0xf3, 0x0, 0x2f, 0x38, 0x7f, 0x77,
    0xc0, 0x11, 0x80, 0xd, 0x99, 0xdd, 0xe0, 0x41,
    0x17, 0x61, 0x8c, 0xbf, 0x70, 0xf7, 0xb8, 0x16,
    0x43, 0xa9, 0x60, 0x7d, 0xd1, 0x6f, 0x74, 0x40,
    0x14, 0x40, 0x0, 0x9d, 0xc2, 0xde, 0xe0, 0x80,
    0x71, 0x0, 0x17, 0x74, 0x5b, 0xb0, 0x7, 0xb0,
    0xc1, 0x33, 0x5, 0x59, 0x80, 0xe, 0x83, 0x30,
    0x2d, 0xd8, 0xbe, 0xec, 0x1, 0x89, 0xe4, 0xf,
    0x4b, 0xf2, 0x18, 0xf0, 0x80, 0x12, 0xa8, 0x0,
    0x47, 0x3, 0x35, 0x3f, 0x90, 0xb, 0x40, 0xe,
    0xde, 0xa8, 0x1, 0xbd, 0xf0, 0x45, 0xa4, 0x3,
    0x18, 0x40, 0x18, 0x6f, 0x4,

    /* U+6F20 "漠" */
    0x0, 0x38, 0x6, 0x2f, 0x0, 0x72, 0x0, 0x77,
    0x71, 0x26, 0xf8, 0x2e, 0xc3, 0x17, 0x60, 0xa,
    0x65, 0x97, 0x30, 0x13, 0x21, 0x99, 0x80, 0x33,
    0xc1, 0x11, 0x30, 0x89, 0xa8, 0x44, 0x0, 0x20,
    0x6, 0xde, 0xde, 0xe6, 0xff, 0x88, 0xa, 0xac,
    0x40, 0x2b, 0xee, 0xe0, 0x8, 0xbd, 0xe8, 0x2,
    0xbe, 0xee, 0x0, 0xc3, 0x94, 0x1, 0x5f, 0x77,
    0x0, 0x79, 0x40, 0xd, 0x7d, 0xfe, 0xee, 0x8,
    0x6, 0x4b, 0x10, 0xbe, 0xe1, 0xc7, 0x74, 0x40,
    0x17, 0xb0, 0xf7, 0x63, 0x9e, 0xec, 0x0, 0x34,
    0xb0, 0xfe, 0xe4, 0x89, 0x3f, 0x73, 0xc0, 0x1e,
    0x84, 0x2, 0x28, 0x85, 0x6a, 0x59, 0x8, 0x10,
    0xf8, 0x3d, 0xf2, 0x62, 0xe, 0xe, 0xe1, 0x13,
    0x50, 0x10, 0xf7, 0xc, 0x0, 0x35, 0xb6, 0x40,

    /* U+6F2B "漫" */
    0x0, 0x50, 0x80, 0x3b, 0xbe, 0xf0, 0x8, 0x93,
    0xc8, 0xe, 0xbb, 0xb7, 0x88, 0x4, 0x5e, 0x68,
    0x0, 0xae, 0xed, 0xe0, 0x1c, 0x3a, 0xc0, 0x6d,
    0x77, 0xa0, 0x40, 0x3, 0xaa, 0x1, 0x5f, 0x19,
    0xe0, 0x90, 0x0, 0xdd, 0x38, 0x6d, 0xc4, 0x7d,
    0xa0, 0x6, 0xc6, 0x3, 0xae, 0x1e, 0xf0, 0xeb,
    0x30, 0x8, 0xc0, 0x3, 0xf4, 0x15, 0x63, 0x52,
    0x20, 0x10, 0xf9, 0x64, 0x4e, 0x4c, 0xb2, 0x7f,
    0x0, 0x29, 0x22, 0x1e, 0xe6, 0xee, 0xc5, 0x30,
    0x0, 0xbc, 0x0, 0x38, 0xdf, 0xb8, 0x86, 0xc0,
    0x15, 0x12, 0x0, 0x5a, 0xb7, 0x8d, 0xa0, 0x12,
    0xa4, 0x0, 0x65, 0x64, 0x36, 0x50, 0x9, 0x61,
    0x41, 0x3b, 0xe7, 0x7f, 0x4a, 0xbf, 0x88, 0x1c,
    0x0, 0x91, 0xba, 0x70, 0x28, 0xed, 0xa2,

    /* U+6FB3 "澳" */
    0x0, 0xff, 0xe6, 0x5a, 0x80, 0x7c, 0x5a, 0x80,
    0x22, 0x24, 0x71, 0x1c, 0x1, 0x15, 0xd9, 0x77,
    0x5c, 0x9b, 0xb5, 0x70, 0x6, 0x6d, 0x50, 0x82,
    0x90, 0xe2, 0xf0, 0xd, 0x4, 0x40, 0x70, 0x96,
    0x16, 0x74, 0x0, 0xc5, 0xac, 0x0, 0xca, 0x91,
    0x94, 0x80, 0xd, 0x54, 0xe0, 0x6, 0x60, 0xc2,
    0x22, 0x0, 0xe5, 0x80, 0x0, 0xec, 0x80, 0xd1,
    0x80, 0x71, 0xe0, 0x3, 0x55, 0xd1, 0x64, 0x3,
    0xd6, 0xe0, 0xf9, 0x20, 0x66, 0x63, 0x0, 0xe5,
    0xe8, 0x28, 0xcc, 0x3f, 0xe6, 0xb, 0x44, 0x10,
    0xd6, 0x7f, 0x74, 0x6, 0x6f, 0xdc, 0xf1, 0xf,
    0x70, 0x11, 0x2e, 0xb6, 0x5e, 0xc8, 0x10, 0x1,
    0xe8, 0x2f, 0xa2, 0x68, 0x17, 0xf, 0xac, 0x1,
    0x86, 0x1f, 0x98, 0x50, 0x8, 0xaf, 0x60, 0x0,

    /* U+7011 "瀑" */
    0x0, 0x51, 0x80, 0x3b, 0xbf, 0x0, 0x76, 0x30,
    0xe, 0x77, 0x6d, 0x10, 0xd, 0x51, 0xe0, 0xd,
    0xff, 0xd8, 0x1, 0xe7, 0x90, 0x6, 0x77, 0x6b,
    0x0, 0xc8, 0x80, 0x8, 0xfb, 0xf7, 0x5d, 0x26,
    0x1, 0x15, 0x58, 0x15, 0x21, 0x55, 0x1, 0x6c,
    0x80, 0xd, 0xd0, 0x0, 0x31, 0x3, 0x30, 0x79,
    0x18, 0x6, 0x30, 0xf8, 0x53, 0xbb, 0x4, 0xde,
    0x80, 0x43, 0x21, 0xb8, 0x33, 0xfe, 0x37, 0xec,
    0x0, 0x9d, 0x45, 0xbd, 0x1b, 0x1f, 0x4b, 0x5c,
    0x40, 0x15, 0x4d, 0xad, 0x34, 0xf, 0x37, 0xbc,
    0x10, 0x23, 0x6c, 0xc1, 0x12, 0xc9, 0xf5, 0xda,
    0xc0, 0x12, 0x80, 0xa, 0xe3, 0xe3, 0xbb, 0x36,
    0x98, 0x0, 0xb8, 0x1, 0xd9, 0x4c, 0x62, 0x9a,
    0xa4, 0x0, 0x95, 0x0, 0x21, 0x82, 0xe2, 0x0,
    0x20, 0x40,

    /* U+706B "火" */
    0x0, 0xff, 0xe5, 0xe5, 0x0, 0x7f, 0xf0, 0xc8,
    0x3, 0xfc, 0x20, 0x1b, 0xc0, 0x24, 0x0, 0xf7,
    0x30, 0x0, 0x40, 0x22, 0xb5, 0x0, 0xc6, 0xe,
    0x0, 0x30, 0xa, 0x89, 0x40, 0x35, 0x98, 0x80,
    0x8b, 0x80, 0x5e, 0x80, 0x39, 0x6c, 0x0, 0x40,
    0xa0, 0x80, 0xc0, 0x1d, 0xcc, 0x0, 0xb1, 0x31,
    0x5f, 0x10, 0xe, 0x31, 0x0, 0x2b, 0x24, 0x0,
    0x7f, 0xca, 0x55, 0xec, 0x60, 0x1f, 0xc5, 0x70,
    0x48, 0xba, 0x60, 0x1f, 0x1e, 0x13, 0x80, 0x29,
    0x71, 0xc0, 0x3a, 0x30, 0xb4, 0x3, 0x5b, 0xc7,
    0x40, 0x8b, 0x9d, 0xd8, 0x20, 0x1d, 0x16, 0x46,
    0x22, 0xdc, 0x80, 0xf, 0xc9, 0x96, 0x0,

    /* U+706F "灯" */
    0x0, 0xc2, 0x1, 0xff, 0xc2, 0x1e, 0x30, 0xf,
    0xfe, 0x19, 0x7, 0xf7, 0x7c, 0x80, 0x1c, 0x21,
    0x99, 0x86, 0xf3, 0xa, 0xe, 0xa0, 0x13, 0xb8,
    0x8a, 0x1, 0x22, 0x8, 0x61, 0x98, 0x26, 0x4,
    0x3, 0xf9, 0x88, 0x41, 0x79, 0x40, 0x3f, 0x89,
    0x9c, 0x70, 0x40, 0x3f, 0x85, 0xc8, 0xa0, 0xf,
    0xf8, 0x60, 0x3c, 0x88, 0x1, 0xff, 0xc1, 0x43,
    0xc2, 0x0, 0xff, 0x8c, 0xb1, 0x70, 0x80, 0x3f,
    0xd0, 0xa3, 0x67, 0xc0, 0x1f, 0xcc, 0x90, 0x0,
    0xff, 0x0, 0x98, 0x38, 0x4, 0x30, 0xe4, 0x0,
    0x23, 0x8, 0xc0, 0x20, 0x8, 0x7e, 0x0, 0x3d,
    0x76, 0xf1, 0x0, 0x80,

    /* U+7070 "灰" */
    0x0, 0xff, 0xe4, 0x9f, 0x88, 0x7, 0xff, 0x5,
    0x88, 0x40, 0x3f, 0x8f, 0xfe, 0xa2, 0xff, 0xfb,
    0x80, 0x7, 0x9b, 0xa1, 0x8d, 0xdf, 0x66, 0x80,
    0x46, 0x40, 0x2e, 0x44, 0x94, 0x22, 0x19, 0x80,
    0x3a, 0xd4, 0x40, 0xa, 0x0, 0x11, 0x0, 0x70,
    0xb7, 0x54, 0x0, 0xc, 0x1b, 0xc0, 0x3a, 0x4d,
    0x52, 0xc0, 0x40, 0x14, 0xc0, 0x18, 0x9e, 0x18,
    0x8c, 0x83, 0x54, 0xa4, 0x3, 0x72, 0x21, 0xfc,
    0x28, 0x19, 0x70, 0x40, 0x2a, 0x2a, 0x0, 0x10,
    0xbd, 0x1c, 0x98, 0x6, 0x2d, 0x10, 0x0, 0xe2,
    0x2c, 0xb4, 0x80, 0x68, 0x30, 0x3, 0x7b, 0x58,
    0x25, 0xb6, 0xa8, 0x6, 0x7e, 0x89, 0xb0, 0x9,
    0x34, 0x6c, 0x40, 0x26, 0x8e, 0x70, 0xe, 0x2c,
    0xc0, 0x80,

    /* U+707C "灼" */
    0x0, 0xff, 0xe3, 0xa7, 0x90, 0x5, 0x32, 0x0,
    0xff, 0x10, 0x4, 0xe2, 0x1, 0xf9, 0xc0, 0x8,
    0x6, 0x3a, 0x67, 0x84, 0x9, 0x40, 0x5, 0x6f,
    0x41, 0x59, 0x99, 0x41, 0x78, 0x1, 0x8e, 0xcc,
    0xae, 0xeb, 0x41, 0xc3, 0xc9, 0xc2, 0xa2, 0x8d,
    0x44, 0x60, 0x0, 0x81, 0xf0, 0x12, 0x8, 0x7a,
    0x0, 0x71, 0x81, 0x19, 0x8, 0xd, 0x9c, 0xc0,
    0x0, 0x40, 0x29, 0x4e, 0x10, 0xd, 0x2e, 0x20,
    0x10, 0x80, 0x48, 0x5a, 0x40, 0x4, 0x41, 0x3,
    0x80, 0x62, 0x3c, 0x7c, 0x20, 0x5, 0x98, 0x7,
    0xac, 0x8e, 0x8b, 0x4, 0x3, 0x8, 0x80, 0xa,
    0xd2, 0x0, 0xe8, 0x10, 0xd, 0xa6, 0x3, 0x6a,
    0x80, 0x2, 0x60, 0xa, 0x79, 0xd4, 0x7, 0xec,
    0x3, 0xf5, 0x4e, 0x40, 0x0,

    /* U+708E "炎" */
    0x0, 0xf8, 0x40, 0x3f, 0xf8, 0x7c, 0xc0, 0x3,
    0x40, 0xf, 0x5c, 0x1, 0x2, 0x0, 0x22, 0x0,
    0x1c, 0x29, 0x40, 0x82, 0x40, 0x69, 0xc0, 0x1c,
    0x4a, 0x41, 0x63, 0x6c, 0x5a, 0x40, 0x1c, 0x74,
    0x14, 0x79, 0xb5, 0xd2, 0xa0, 0x1c, 0x2d, 0xcf,
    0x86, 0xd9, 0xa5, 0x5d, 0x0, 0xc, 0xe9, 0x96,
    0x96, 0x38, 0x14, 0xf3, 0xf8, 0x2, 0x27, 0xdc,
    0x0, 0x20, 0x11, 0x1c, 0xb8, 0x1, 0x1a, 0x28,
    0x0, 0x5e, 0x0, 0x99, 0x0, 0x79, 0xbc, 0xc,
    0x14, 0xd, 0x28, 0x3, 0x85, 0xd4, 0x21, 0x99,
    0x7, 0xc2, 0x1, 0xc3, 0x23, 0x4b, 0x14, 0xd2,
    0x1, 0xf1, 0x47, 0xb6, 0x8, 0xb1, 0x3a, 0x94,
    0x80, 0x1b, 0xa5, 0x8c, 0x20, 0x1, 0x6d, 0x35,
    0x69, 0x7, 0xe6, 0xb0, 0x7, 0x97, 0x3b, 0x48,

    /* U+70B9 "点" */
    0x0, 0xf0, 0xfa, 0x0, 0x7f, 0xf4, 0xef, 0xff,
    0x94, 0x3, 0xfa, 0xbb, 0xb6, 0xa8, 0x6, 0x11,
    0x80, 0x2, 0x1, 0x88, 0x3, 0xbb, 0xb0, 0x5f,
    0x76, 0x0, 0xfa, 0xbf, 0xfd, 0x60, 0x1f, 0xfd,
    0xca, 0xff, 0xf5, 0x80, 0x78, 0xbb, 0xbf, 0xc0,
    0x1d, 0x92, 0x36, 0x42, 0x5a, 0x22, 0x6b, 0x0,
    0x94, 0x64, 0x6, 0x40, 0x88, 0xe0, 0x88, 0x50,
    0x4, 0x30, 0x87, 0x28, 0x89, 0xa4, 0xd, 0xac,
    0x1, 0x30, 0x0, 0x5c, 0x10, 0x9c, 0x0, 0x46,
    0x80,

    /* U+70DB "烛" */
    0x0, 0xfe, 0x1f, 0x20, 0xf, 0xb9, 0x80, 0x3f,
    0xfa, 0x2, 0x0, 0x34, 0x2f, 0xf7, 0x6, 0xff,
    0x90, 0x1, 0x88, 0x7f, 0x6e, 0x19, 0xa1, 0x9c,
    0x1, 0x8d, 0xc1, 0x65, 0xc0, 0x4c, 0x4, 0x40,
    0x18, 0x44, 0x70, 0xc0, 0x1f, 0xe2, 0x2, 0x13,
    0x0, 0xff, 0x8b, 0x44, 0x1c, 0x2, 0xde, 0xd,
    0xf0, 0xc, 0x44, 0x8, 0x10, 0x7, 0x70, 0x37,
    0xe5, 0x80, 0x2b, 0x30, 0xc0, 0xf1, 0x0, 0xc2,
    0x40, 0x13, 0x55, 0x5, 0x80, 0x3d, 0x2a, 0x0,
    0x80, 0x61, 0xc6, 0x34, 0x70, 0xb9, 0x9, 0x2,
    0x7b, 0x0, 0xe, 0xe5, 0xd9, 0x3, 0xe0, 0xc8,
    0x9a, 0xa0, 0x1, 0xce, 0xfd, 0xb9, 0x66, 0x41,
    0x80,

    /* U+70ED "热" */
    0x0, 0x93, 0x80, 0x35, 0xa8, 0x7, 0xe7, 0x30,
    0xc, 0xe6, 0x1, 0xf0, 0xb8, 0x4, 0x24, 0x22,
    0x34, 0x0, 0xd1, 0xf4, 0x5d, 0x32, 0xe2, 0xaf,
    0xb0, 0xd, 0x1d, 0xa5, 0xd3, 0x18, 0x53, 0xe2,
    0x1, 0xf1, 0xbb, 0x31, 0xd, 0x80, 0xc0, 0x33,
    0xe6, 0x7, 0x94, 0x2c, 0x48, 0x3, 0xc7, 0x54,
    0x29, 0x36, 0x50, 0xc0, 0x20, 0x30, 0x2, 0x33,
    0x0, 0x23, 0x5d, 0x5a, 0x14, 0xf7, 0x0, 0x3c,
    0x8, 0x16, 0xb9, 0x4c, 0xd4, 0x6c, 0x0, 0x23,
    0xe0, 0x54, 0x80, 0x9, 0xef, 0x4, 0x0, 0x5a,
    0x44, 0x5a, 0x8, 0x0, 0x3f, 0x18, 0x0, 0x60,
    0xc2, 0xa4, 0x0, 0xcc, 0x6, 0x45, 0x0, 0x41,
    0x30, 0x52, 0x8, 0x35, 0x80, 0xc4, 0x0, 0x3,
    0x20, 0x2, 0x80, 0x4, 0xc8, 0x0, 0xf0, 0x0,

    /* U+70F9 "烹" */
    0x0, 0xf8, 0x40, 0x3f, 0xf8, 0x35, 0x60, 0x1f,
    0x35, 0xdf, 0x3a, 0xdd, 0xf8, 0x13, 0xe2, 0x37,
    0x64, 0x46, 0xff, 0x1, 0x22, 0x33, 0x3f, 0x4a,
    0x20, 0x3, 0x27, 0xff, 0x9c, 0x3, 0xe4, 0xdd,
    0xf3, 0x8, 0x7, 0x36, 0xff, 0xfb, 0x24, 0x3,
    0x5f, 0x6e, 0xff, 0x60, 0x5, 0x7f, 0xfb, 0xa1,
    0x5, 0x67, 0x40, 0x3f, 0x14, 0x7f, 0x53, 0x8,
    0x7, 0xc5, 0x40, 0x80, 0x1f, 0x21, 0x0, 0x5,
    0x20, 0x44, 0x0, 0x70, 0xa, 0xa8, 0x11, 0xd,
    0x7a, 0x80, 0x4, 0xb8, 0x40, 0xc8, 0x5a, 0x18,
    0x7b, 0x8, 0x5c, 0x84, 0xd8, 0x81, 0xd9, 0x82,
    0x70, 0x82, 0xf8, 0x0,

    /* U+7136 "然" */
    0x0, 0x88, 0x40, 0x3f, 0xf8, 0x5d, 0x40, 0x18,
    0xfc, 0x5c, 0x40, 0x32, 0x18, 0x55, 0x18, 0x4,
    0x4, 0x3c, 0x80, 0x29, 0x7f, 0x96, 0xe0, 0xc,
    0xf6, 0x60, 0xa, 0x1c, 0xa7, 0x24, 0xfd, 0xf,
    0xf5, 0x38, 0x1b, 0x7a, 0x45, 0x86, 0x7b, 0x83,
    0xff, 0x98, 0xf, 0x2a, 0xd0, 0x64, 0x0, 0xc8,
    0xc0, 0x1e, 0x90, 0xd2, 0x70, 0x70, 0xa2, 0x90,
    0xe, 0x17, 0x2d, 0x4, 0x8b, 0x1f, 0x69, 0x0,
    0x93, 0x7, 0x5, 0xad, 0x94, 0xe, 0x9b, 0x40,
    0xc, 0xba, 0x20, 0xaf, 0x20, 0x13, 0xe7, 0x0,
    0x8, 0x8c, 0xe, 0xb0, 0x7a, 0x0, 0xfa, 0x30,
    0x1, 0xa9, 0x0, 0x20, 0xc, 0x64, 0x39, 0x94,
    0x1, 0xcc, 0x80, 0xc2, 0x61, 0xe, 0x6, 0xf0,
    0x0, 0xe9, 0x0, 0xe, 0x98, 0x27, 0x0, 0x23,
    0x0,

    /* U+714E "煎" */
    0x0, 0xff, 0xe4, 0x3e, 0x88, 0x5, 0xca, 0x1,
    0xc2, 0x33, 0xa, 0x88, 0xa0, 0xd0, 0x46, 0x2,
    0xee, 0xc7, 0x7d, 0xc7, 0x2e, 0xec, 0x85, 0xfd,
    0xde, 0xff, 0xdb, 0x3e, 0x80, 0xe, 0xcd, 0xd6,
    0x70, 0x35, 0x3, 0x40, 0x7, 0x47, 0x72, 0x0,
    0x2, 0xc0, 0x1f, 0xa3, 0xb9, 0x0, 0x1f, 0xfc,
    0xa, 0x88, 0x50, 0x7, 0xff, 0x2, 0xff, 0xd6,
    0x1, 0xff, 0xc0, 0x8b, 0xab, 0x10, 0x5f, 0x2,
    0x30, 0xf, 0x9a, 0x14, 0x8, 0xe2, 0x54, 0x3,
    0x42, 0x83, 0x65, 0x81, 0x4, 0xe0, 0x6, 0x38,
    0x60, 0xab, 0x1, 0xd4, 0x12, 0x77, 0x0, 0xf2,
    0x38, 0x72, 0x80, 0xa6, 0x80, 0xbc, 0x80, 0xdd,
    0x0, 0x12, 0xc0, 0x11, 0x40, 0x9, 0xf0,

    /* U+7167 "照" */
    0x0, 0xff, 0xe2, 0xa7, 0xfe, 0x4c, 0xff, 0xf1,
    0x80, 0x6f, 0xf0, 0x3, 0x3d, 0x1f, 0xf8, 0x4,
    0x3, 0xf8, 0x92, 0xc0, 0x80, 0x80, 0x31, 0x98,
    0x0, 0x5e, 0xc6, 0xb2, 0x20, 0x1d, 0x10, 0x0,
    0x7a, 0x48, 0x10, 0xd8, 0x7, 0x5d, 0x80, 0x18,
    0x9b, 0xaa, 0x68, 0x20, 0xf, 0xc2, 0x5d, 0xba,
    0xc2, 0x0, 0xe2, 0x20, 0x7, 0xff, 0x4, 0xbf,
    0xc4, 0x1, 0x6f, 0x73, 0xc0, 0x32, 0x66, 0xec,
    0x81, 0xdf, 0xfb, 0x8, 0x0, 0x3c, 0x81, 0x50,
    0x3, 0x88, 0x2f, 0xc0, 0x13, 0xa, 0x1, 0x20,
    0x1, 0xfc, 0x18, 0xd8, 0x1, 0x32, 0x0, 0x59,
    0x80, 0x31, 0x0, 0x13, 0x60, 0xd, 0x70, 0x1,
    0xe8, 0x1, 0xb8, 0x0, 0xf8, 0x0,

    /* U+718A "熊" */
    0x0, 0x84, 0x3, 0xff, 0x87, 0x78, 0x1, 0xbd,
    0x80, 0x2, 0x1, 0x99, 0x38, 0x6d, 0x0, 0x40,
    0xa3, 0x98, 0x0, 0xd1, 0x42, 0x8d, 0x42, 0x11,
    0xe1, 0x6c, 0x0, 0xc2, 0xea, 0xdb, 0x56, 0x9,
    0xd8, 0x1d, 0x0, 0x4a, 0x98, 0xf, 0x9b, 0xac,
    0x7f, 0xa9, 0x0, 0xc, 0xcf, 0xf8, 0x1c, 0x23,
    0xbf, 0xe9, 0x0, 0xd5, 0x52, 0x8, 0x63, 0x82,
    0xdc, 0x0, 0x6d, 0xda, 0x0, 0x3, 0x7d, 0xfd,
    0x0, 0x1b, 0x76, 0x80, 0x9, 0x3a, 0x95, 0xc4,
    0x2, 0xff, 0xa8, 0x2, 0x32, 0x23, 0xc1, 0x80,
    0x46, 0x69, 0x87, 0x7, 0x76, 0x62, 0x9c, 0x81,
    0x28, 0x1, 0x3b, 0x21, 0x9b, 0xd9, 0x50, 0x0,
    0x88, 0x0, 0x22, 0x80, 0x14, 0x80, 0x8, 0x50,
    0x16, 0x80, 0x1, 0x20, 0x0, 0x8c, 0x9, 0xa4,
    0x6, 0x94, 0x1, 0x18, 0x0, 0xd7, 0x0, 0x46,
    0x0,

    /* U+71D5 "燕" */
    0x0, 0xff, 0xe4, 0x35, 0x0, 0x29, 0xc0, 0x3f,
    0xf9, 0x15, 0xff, 0x4a, 0xff, 0x96, 0x3f, 0xeb,
    0xa, 0xff, 0xa5, 0x7f, 0xcb, 0x1f, 0xf5, 0x80,
    0x42, 0xe0, 0x9d, 0xc4, 0x9, 0x0, 0xe1, 0x38,
    0x6e, 0xec, 0xec, 0xe, 0x80, 0xf9, 0xe2, 0x19,
    0xff, 0x0, 0x33, 0xe, 0xf, 0xb8, 0x1, 0x56,
    0x80, 0x51, 0x66, 0x1, 0x28, 0x1, 0xc0, 0x2,
    0x0, 0x42, 0x40, 0x6c, 0x91, 0x7, 0xfa, 0x10,
    0x2, 0xdf, 0x80, 0xc7, 0x90, 0x4e, 0xfc, 0x4,
    0x70, 0x48, 0x3b, 0xda, 0x2e, 0xf1, 0xb, 0xff,
    0x88, 0x1, 0xe4, 0xd, 0x0, 0xf, 0x90, 0x79,
    0x10, 0x33, 0x30, 0x22, 0x0, 0x1c, 0xa0, 0x6b,
    0x60, 0x9, 0x10, 0x3b, 0x0, 0x27, 0x0, 0x22,
    0x0,

    /* U+7206 "爆" */
    0x0, 0x84, 0x3, 0xff, 0x87, 0xe6, 0x1, 0xff,
    0xc3, 0x10, 0x3f, 0xdd, 0xef, 0x30, 0xf, 0x84,
    0x3, 0xfc, 0xe4, 0xf, 0xcc, 0x3b, 0xbc, 0x20,
    0x14, 0x88, 0x54, 0xb1, 0xf6, 0xeb, 0xb4, 0xc0,
    0x21, 0x21, 0x97, 0x2d, 0x5e, 0xd7, 0xbd, 0x30,
    0x10, 0x10, 0x70, 0xbe, 0x4d, 0xe6, 0x8e, 0xa0,
    0x23, 0x10, 0x10, 0xbe, 0x4d, 0xe6, 0x8e, 0xa0,
    0x3c, 0x21, 0x5, 0xdd, 0x27, 0x6b, 0x46, 0xe9,
    0x0, 0xa, 0x3c, 0x3b, 0x49, 0xf7, 0x63, 0x9d,
    0x40, 0x6, 0xc4, 0xe6, 0x2f, 0xda, 0x92, 0x27,
    0x4c, 0x5, 0x15, 0xc2, 0xba, 0x8c, 0x92, 0x3a,
    0xc, 0x20, 0xc8, 0x21, 0x9c, 0x28, 0xe0, 0x9,
    0x40, 0x9b, 0xc0, 0x2c, 0xea, 0xa0, 0xe2, 0xf1,
    0x81, 0x61, 0x80, 0x59, 0x6b, 0x72, 0x11, 0x86,
    0x0,

    /* U+722C "爬" */
    0x0, 0xff, 0xe3, 0x89, 0xac, 0x6b, 0x0, 0x7f,
    0x7e, 0x63, 0x9d, 0x43, 0xff, 0x8c, 0x3, 0x61,
    0x40, 0xe3, 0x87, 0x87, 0x8, 0x80, 0x3f, 0xf9,
    0x66, 0x20, 0x1f, 0xfc, 0x21, 0x20, 0xf, 0xfe,
    0x13, 0xf8, 0x3, 0xc3, 0x84, 0x40, 0x1f, 0x11,
    0x80, 0x3f, 0xea, 0x20, 0x0, 0x80, 0x80, 0x3d,
    0x40, 0x39, 0x4, 0x0, 0x42, 0x1, 0x20, 0x90,
    0x6, 0x6d, 0x0, 0x29, 0x80, 0x44, 0x4a, 0x2e,
    0xea, 0x28, 0x1, 0x8e, 0x1, 0xa1, 0xab, 0x32,
    0xd7, 0x2, 0x5f, 0x3, 0x0, 0x2b, 0xc7, 0x52,
    0x3a, 0x1, 0xaa, 0x81, 0xc4, 0x1, 0x1a, 0x87,
    0x15, 0x80,

    /* U+7231 "爱" */
    0x0, 0xfc, 0x26, 0xb1, 0x86, 0x0, 0x3d, 0xdb,
    0xbf, 0xb3, 0xf8, 0xd1, 0xc0, 0x7, 0x21, 0x3f,
    0x45, 0xb9, 0x60, 0x48, 0x1, 0x25, 0x48, 0xa8,
    0xb8, 0x1a, 0xd8, 0x5, 0x35, 0xa1, 0x54, 0x1d,
    0xad, 0x3a, 0xb3, 0x4, 0x29, 0xe9, 0x9, 0x9b,
    0x7a, 0x11, 0xc1, 0x30, 0xce, 0x56, 0x33, 0xe7,
    0x60, 0x9e, 0xff, 0x83, 0x3f, 0xfa, 0xc8, 0x1,
    0x5f, 0xa3, 0x9f, 0xfe, 0x30, 0xe, 0xe0, 0xfc,
    0xce, 0x20, 0xe, 0xb4, 0x55, 0x6e, 0xb8, 0x94,
    0x80, 0x22, 0xd1, 0x8a, 0x74, 0x19, 0x29, 0x0,
    0x8f, 0x5e, 0x80, 0x76, 0xb5, 0xb4, 0x3, 0x1d,
    0x50, 0xd, 0xa4, 0x8, 0xed, 0xd5, 0x4, 0x15,
    0x5f, 0xbb, 0xbe, 0x8a, 0xed, 0x22, 0x0, 0x5e,
    0xe5, 0xb9, 0x2, 0x46, 0x76, 0x80,

    /* U+7236 "父" */
    0x0, 0xe5, 0x10, 0x9, 0x40, 0x3f, 0x8e, 0x9c,
    0x0, 0x75, 0x40, 0xf, 0x8b, 0x59, 0x80, 0x3,
    0xc4, 0xb1, 0x0, 0xc7, 0x8f, 0x20, 0x18, 0xf1,
    0x70, 0x40, 0xd, 0x8f, 0x24, 0x1, 0x84, 0xf0,
    0xd8, 0x0, 0xb3, 0x25, 0xd1, 0x0, 0x9b, 0xcf,
    0xdc, 0x0, 0x6c, 0xa, 0xc, 0x1, 0x4a, 0x8,
    0x80, 0x3e, 0x7a, 0x0, 0x38, 0xd8, 0x7, 0xf4,
    0x93, 0x14, 0x40, 0x40, 0x3f, 0x85, 0xe3, 0xd1,
    0xc0, 0x3f, 0xeb, 0x12, 0x90, 0xf, 0xf0, 0xc6,
    0x29, 0xe2, 0x80, 0x7c, 0x73, 0xcb, 0x54, 0xc7,
    0xae, 0x94, 0x10, 0x6, 0xe2, 0xd6, 0xa8, 0x2,
    0x75, 0xda, 0xfc, 0x1, 0xdb, 0x8a, 0x1, 0xc5,
    0x3f, 0x7a, 0x0,

    /* U+7238 "爸" */
    0x0, 0xc3, 0x42, 0x0, 0x97, 0x0, 0xfc, 0x78,
    0x20, 0x16, 0xd6, 0xa0, 0x6, 0x19, 0xc5, 0x13,
    0x0, 0x65, 0x5d, 0xc4, 0x0, 0x25, 0xd8, 0x2c,
    0x3a, 0x54, 0x6d, 0x13, 0x0, 0x1e, 0x10, 0x42,
    0xe2, 0x71, 0x81, 0x50, 0x80, 0x63, 0x8e, 0xb,
    0x7c, 0xd9, 0x52, 0x0, 0x26, 0xff, 0x6, 0x5a,
    0x4f, 0xc8, 0x4e, 0xf9, 0xa4, 0x69, 0xbe, 0xff,
    0xeb, 0x62, 0xfc, 0x30, 0x52, 0xc, 0xff, 0x15,
    0xff, 0xb0, 0x40, 0xc0, 0x38, 0x40, 0x3e, 0x10,
    0xf, 0xb7, 0xfc, 0x57, 0xfe, 0xc1, 0x0, 0xfb,
    0x7f, 0xfd, 0xce, 0x20, 0x1c, 0x6e, 0x1, 0xe1,
    0x8b, 0xd0, 0xd, 0x76, 0xff, 0xfc, 0x92, 0x0,

    /* U+7247 "片" */
    0x0, 0xa5, 0x0, 0x37, 0x38, 0x7, 0xce, 0x60,
    0x1f, 0xfc, 0x13, 0x10, 0xc, 0x60, 0x1f, 0xfc,
    0xc8, 0xdd, 0xc5, 0x3b, 0xae, 0x20, 0x8, 0xe7,
    0xff, 0x6e, 0x7f, 0xb4, 0x80, 0x21, 0x11, 0x17,
    0xe3, 0x0, 0xf0, 0x8f, 0xc0, 0x1c, 0x21, 0x3d,
    0xde, 0xa0, 0xe, 0x20, 0xef, 0xfe, 0x70, 0xf,
    0x20, 0x88, 0x3, 0xff, 0x81, 0x6e, 0x1, 0xff,
    0xc0, 0x43, 0xd0, 0xf, 0xfe, 0x4, 0x92, 0x0,
    0x78, 0x40, 0x30, 0xa4, 0x80, 0x7e, 0x70, 0x8,

    /* U+724C "牌" */
    0x0, 0xff, 0x8, 0x7, 0xc2, 0x9, 0xe0, 0x13,
    0x78, 0x7, 0x8b, 0x85, 0xc4, 0xc, 0xd8, 0xa6,
    0x78, 0x0, 0x60, 0x1d, 0xbc, 0xc9, 0xdf, 0xda,
    0x1, 0xf8, 0xe7, 0xa, 0x72, 0x4c, 0x3, 0x13,
    0x1, 0x7, 0x41, 0xf4, 0x70, 0x7, 0x74, 0x1e,
    0x19, 0x80, 0x4b, 0xc0, 0x3d, 0x9b, 0xae, 0x3d,
    0xb2, 0x87, 0xe0, 0xe, 0x31, 0x10, 0x1f, 0xf8,
    0x26, 0x5e, 0x60, 0x3, 0xd, 0xee, 0x14, 0x19,
    0x94, 0x7b, 0x20, 0x0, 0x21, 0xfe, 0x3, 0x55,
    0x3c, 0x38, 0xbb, 0x0, 0x18, 0x40, 0x23, 0xb6,
    0xc4, 0xe, 0x45, 0x10, 0x22, 0x0, 0x42, 0x61,
    0xfe, 0x5, 0xf9, 0x20, 0xc4, 0x0, 0x8a, 0xef,
    0x4, 0x5e, 0x18, 0xa6, 0x0, 0x46, 0x1, 0xfe,
    0x64, 0x1, 0x0, 0xe1, 0x3, 0x0, 0x86, 0x40,
    0x3, 0xc4, 0x1, 0xf, 0xb0, 0x4,

    /* U+7259 "牙" */
    0x0, 0xff, 0xe2, 0x67, 0xff, 0xfb, 0x40, 0x2d,
    0xed, 0xee, 0xd4, 0x3d, 0xcc, 0x0, 0x84, 0x5f,
    0x22, 0x30, 0x0, 0x46, 0x0, 0xca, 0x72, 0x1,
    0xff, 0xd, 0xc8, 0x80, 0x7e, 0x10, 0x3, 0x8c,
    0x7f, 0xea, 0x1f, 0xfb, 0x88, 0x1b, 0x7f, 0xed,
    0x5, 0x1f, 0xfc, 0x40, 0x2, 0x0, 0xa5, 0x3c,
    0x3, 0xfe, 0x95, 0xa0, 0xf, 0xfa, 0x9f, 0x4,
    0x3, 0xf8, 0xf5, 0xf0, 0x80, 0x3f, 0x26, 0x61,
    0x34, 0x80, 0x6, 0x1, 0xe1, 0xc, 0x90, 0x0,
    0xe4, 0x90, 0x7, 0x2e, 0x18, 0x4, 0x37, 0x5a,
    0x1, 0xc0,

    /* U+725B "牛" */
    0x0, 0x8c, 0x2, 0xf4, 0x0, 0xfe, 0xc4, 0x0,
    0xff, 0xe0, 0x29, 0x20, 0x7, 0xff, 0x3, 0x8b,
    0x76, 0xa, 0xdd, 0xb0, 0x2, 0x34, 0xbe, 0xe8,
    0x23, 0xb9, 0x3e, 0x1, 0x73, 0x21, 0x9c, 0x4,
    0x66, 0x43, 0x0, 0xa, 0x40, 0x7, 0xff, 0x0,
    0x64, 0x40, 0x3f, 0xf8, 0x1f, 0xff, 0x5, 0xff,
    0xf1, 0xee, 0xee, 0xe8, 0x2b, 0xba, 0xdd, 0x19,
    0x16, 0x11, 0x80, 0x47, 0x11, 0x0, 0x3f, 0xfe,
    0x20,

    /* U+7269 "物" */
    0x0, 0xff, 0xe3, 0x8f, 0x98, 0x1, 0x3c, 0xc0,
    0x3f, 0x8, 0x6, 0xd3, 0x30, 0x7, 0x9b, 0x0,
    0x39, 0xd9, 0xbc, 0x21, 0xce, 0x40, 0xc2, 0xe0,
    0xd1, 0xb3, 0xb2, 0x40, 0x6b, 0xe1, 0x75, 0x17,
    0x64, 0x80, 0xa0, 0x10, 0x5d, 0xd0, 0x6e, 0x8d,
    0x73, 0x58, 0x40, 0x6, 0x82, 0x60, 0x13, 0x60,
    0xa2, 0x91, 0xc, 0x5, 0x38, 0x3, 0x10, 0x49,
    0x96, 0xb0, 0x80, 0x42, 0x6, 0x1b, 0x86, 0xf0,
    0x9, 0x8e, 0x0, 0x2c, 0xfd, 0x8, 0xdd, 0x2a,
    0x20, 0x5c, 0x44, 0x4, 0xb9, 0xc0, 0xa7, 0x34,
    0x10, 0xc2, 0x1, 0xa4, 0xc0, 0x33, 0x83, 0x94,
    0x1, 0x98, 0x3, 0xf9, 0xe2, 0x84, 0x38, 0x40,
    0x3e, 0x1c, 0x8b, 0x4a, 0xb7, 0xb0, 0xc, 0x20,
    0x1, 0x9d, 0x40, 0xd3, 0xb7, 0x0,

    /* U+7279 "特" */
    0x0, 0x93, 0xc0, 0x3b, 0x94, 0x3, 0xe7, 0x0,
    0x84, 0x88, 0x66, 0x22, 0x8, 0x1, 0xe8, 0x4,
    0x0, 0xd9, 0x82, 0x8c, 0xc4, 0x80, 0x34, 0x80,
    0x2, 0xf, 0xdc, 0x2a, 0xee, 0x40, 0x1, 0xdb,
    0x7, 0xa0, 0x3, 0xf8, 0x4b, 0xb0, 0x7e, 0x3f,
    0xe2, 0xbf, 0xf9, 0x8d, 0x80, 0x3b, 0xbf, 0xf0,
    0xdf, 0x31, 0x48, 0x0, 0x5d, 0x84, 0x3, 0x9c,
    0x40, 0x25, 0x80, 0xc5, 0xef, 0xfc, 0x39, 0xe8,
    0x3f, 0x62, 0x2b, 0x3f, 0xee, 0xc3, 0x7c, 0x83,
    0x7d, 0x20, 0x10, 0xd1, 0x8, 0x81, 0xc4, 0x0,
    0x80, 0x1f, 0x50, 0x7, 0xff, 0xb, 0xc4, 0x3,
    0xfc, 0x20, 0x12, 0x42, 0xb8, 0x80, 0x79, 0xc0,
    0x3c, 0x52, 0xc6, 0x1, 0xc9, 0xe0, 0x1c, 0xfd,
    0x20, 0x10,

    /* U+72B6 "状" */
    0x0, 0xdc, 0xc0, 0x12, 0xc0, 0x7, 0xf1, 0x80,
    0x6d, 0x60, 0x80, 0x8, 0x58, 0x3, 0xf1, 0x1,
    0xe0, 0x0, 0xe1, 0x80, 0x3d, 0xe0, 0xb, 0x73,
    0x2, 0xa9, 0x10, 0x0, 0x8d, 0xe0, 0x22, 0xa1,
    0x0, 0x26, 0x8, 0x3, 0x7b, 0x8e, 0x7d, 0xd6,
    0x0, 0x46, 0x6, 0x19, 0xfe, 0x60, 0xff, 0xb8,
    0x3, 0x40, 0x80, 0x65, 0x3, 0x0, 0xf3, 0x30,
    0x40, 0x31, 0x95, 0x80, 0x73, 0x4e, 0x98, 0x4,
    0x83, 0x6a, 0x1, 0x8a, 0x64, 0x60, 0x1b, 0xdd,
    0xc4, 0x80, 0x11, 0x6b, 0x0, 0x64, 0x45, 0xb,
    0x48, 0x6, 0x20, 0x1, 0x80, 0xca, 0x98, 0x49,
    0xe0, 0x80, 0x7b, 0xb4, 0xec, 0x2, 0xa3, 0xc0,
    0xf, 0x8, 0x68, 0x80, 0x49, 0x7c, 0x0,

    /* U+72D0 "狐" */
    0x2, 0x40, 0x29, 0x0, 0xe1, 0x48, 0x0, 0x9e,
    0xd7, 0xcc, 0xb3, 0x1b, 0xdc, 0xb2, 0x30, 0x2,
    0xc5, 0x3d, 0x19, 0xb8, 0x6a, 0xca, 0x8c, 0x0,
    0x54, 0x3a, 0x1, 0x10, 0x1, 0xc0, 0x31, 0x65,
    0xc6, 0x0, 0x78, 0x4c, 0x2, 0x2d, 0x65, 0x40,
    0xe, 0x72, 0x10, 0xc, 0x60, 0xc0, 0x26, 0x20,
    0x1c, 0x20, 0x18, 0xac, 0x48, 0x3, 0xc6, 0xa0,
    0x11, 0xe5, 0x93, 0x89, 0x80, 0x88, 0x18, 0xc0,
    0x5, 0x96, 0xa2, 0xc, 0x20, 0x60, 0xc, 0xb0,
    0x1, 0x72, 0x81, 0xbe, 0xa8, 0x0, 0x65, 0xc,
    0x80, 0x2, 0x4, 0x26, 0xb8, 0x2, 0x4c, 0x27,
    0x60, 0x11, 0xf2, 0xa8, 0x95, 0xc3, 0xc6, 0xa5,
    0x88, 0xb, 0x1e, 0xfd, 0xc1, 0x6f, 0xa8, 0xd6,
    0x48, 0xb, 0xac, 0x6a, 0x0, 0x90, 0x12, 0x81,
    0x80,

    /* U+72D7 "狗" */
    0x0, 0xfe, 0x30, 0xf, 0x86, 0x0, 0x13, 0x60,
    0xb8, 0x40, 0x1e, 0x27, 0x97, 0x6e, 0x9, 0x62,
    0x0, 0xf1, 0xe3, 0x4e, 0x2b, 0x1b, 0x7f, 0xf0,
    0x80, 0x28, 0x0, 0x65, 0x2d, 0xdd, 0xac, 0x0,
    0x3a, 0x98, 0x29, 0x85, 0x22, 0x39, 0x80, 0x45,
    0x5a, 0x64, 0x49, 0x8c, 0xcc, 0x2, 0x1, 0x38,
    0x19, 0x7b, 0xb1, 0xc5, 0x18, 0x7, 0x87, 0x40,
    0xc0, 0x2, 0x88, 0x0, 0xf0, 0xe2, 0xc0, 0x80,
    0x7c, 0xe2, 0x0, 0xf6, 0xb0, 0x70, 0x0, 0xef,
    0x80, 0x4, 0x2, 0xab, 0x0, 0x38, 0x5, 0xd0,
    0x1, 0xe4, 0x0, 0x69, 0x0, 0xb1, 0xad, 0x81,
    0x98, 0x2, 0x39, 0x5d, 0x2, 0x90, 0x9, 0x69,
    0x80, 0x2d, 0x78, 0x40, 0xe, 0x2a, 0x2f, 0x0,
    0xb3, 0x9c, 0x3, 0xcd, 0xdc, 0x40,

    /* U+72EE "狮" */
    0x0, 0xff, 0xe2, 0x90, 0x83, 0x98, 0x2f, 0x0,
    0x7e, 0xbc, 0x58, 0x40, 0x13, 0xaf, 0xfe, 0x80,
    0x91, 0xa8, 0x1c, 0x70, 0xaf, 0xc1, 0xff, 0x40,
    0x19, 0x81, 0x40, 0x3c, 0xe0, 0x18, 0xf2, 0xc9,
    0x40, 0x33, 0x7d, 0xf, 0x79, 0x1e, 0x23, 0xe8,
    0x7, 0x26, 0x8f, 0x8, 0x0, 0xc1, 0x98, 0x1,
    0x8c, 0x3, 0xf3, 0x99, 0x0, 0x7f, 0xf0, 0x12,
    0x24, 0x2, 0x71, 0x0, 0xf8, 0xee, 0x90, 0x40,
    0x4, 0xe0, 0x1f, 0x1d, 0xa8, 0x88, 0x97, 0xc8,
    0x3, 0x8, 0x80, 0x8, 0xc, 0x69, 0x2f, 0xe6,
    0x1, 0x59, 0x10, 0x2, 0xe7, 0x8, 0x6, 0x4f,
    0x0, 0x5e, 0x80, 0x13, 0x12, 0x55, 0xe0, 0x9,
    0x0, 0x2, 0x1, 0x38, 0x69, 0x92, 0xb0, 0x4,
    0xe0, 0x1c, 0x78, 0x40, 0xf4, 0x1, 0x93, 0x80,
    0x20,

    /* U+72F8 "狸" */
    0x1, 0x10, 0x1, 0x40, 0x3f, 0xe8, 0xc1, 0xa9,
    0x6f, 0xff, 0x8c, 0x1, 0x29, 0xed, 0x84, 0x7f,
    0xa1, 0xfe, 0x10, 0x8, 0x48, 0x68, 0x3, 0xfe,
    0x4f, 0xc9, 0xd0, 0x1, 0xf6, 0x7, 0x70, 0x40,
    0x9, 0x4e, 0x88, 0x0, 0x1f, 0x60, 0x77, 0x4,
    0x2, 0x40, 0x40, 0x20, 0xf, 0xfe, 0x2, 0x40,
    0x8c, 0x5d, 0x81, 0xdc, 0x0, 0xcb, 0x7a, 0x4e,
    0xbd, 0xcc, 0xe, 0xe8, 0xc1, 0x2a, 0x86, 0x1,
    0xff, 0xc0, 0x4c, 0x50, 0x37, 0xff, 0xb4, 0x3f,
    0xed, 0x0, 0x18, 0x10, 0x1f, 0xfd, 0xa1, 0xff,
    0x68, 0x4, 0x3c, 0xc0, 0x1f, 0xfc, 0x4, 0xe7,
    0x97, 0xff, 0xb4, 0x3f, 0xf2, 0x2, 0x55, 0x83,
    0xff, 0xff, 0x20,

    /* U+72FC "狼" */
    0x0, 0xff, 0xe3, 0x10, 0x1, 0x0, 0x26, 0xd0,
    0xf, 0x16, 0xb1, 0x5a, 0x80, 0x14, 0xc8, 0x3,
    0x8a, 0xe7, 0x25, 0x7b, 0xf0, 0x77, 0xfc, 0x40,
    0x13, 0x88, 0x30, 0x2, 0x7f, 0xee, 0x3, 0x0,
    0x36, 0x30, 0x90, 0x1f, 0x19, 0xca, 0x1, 0xb2,
    0xe0, 0xd4, 0x0, 0xbf, 0xf4, 0x0, 0x6a, 0x40,
    0x6, 0x80, 0x2f, 0x32, 0xd0, 0xf, 0x48, 0xb0,
    0x2, 0x7f, 0xee, 0x3, 0x0, 0xa8, 0xe0, 0x40,
    0x13, 0xa1, 0x9f, 0xa4, 0x0, 0xd1, 0xa0, 0xe,
    0x24, 0xb2, 0xd4, 0x0, 0x75, 0x81, 0x88, 0x6,
    0xf7, 0xe6, 0x40, 0x1, 0x80, 0x31, 0x80, 0x23,
    0x66, 0x1e, 0x80, 0x61, 0x65, 0xe0, 0x3d, 0xc7,
    0x95, 0xbb, 0x18, 0x3, 0x25, 0x90, 0x5, 0x71,
    0x42, 0xa8, 0xe4, 0x0, 0xed, 0x90, 0x5, 0x79,
    0x80, 0x4b, 0x82,

    /* U+730E "猎" */
    0x1, 0x20, 0x16, 0x0, 0x72, 0x83, 0x60, 0x6,
    0x4c, 0x4d, 0xd0, 0x7, 0x18, 0x7, 0x2c, 0x5b,
    0xdf, 0x78, 0xd7, 0xd1, 0xff, 0x88, 0x1, 0xe1,
    0x81, 0xde, 0x35, 0xf4, 0x7f, 0xe2, 0x1c, 0x57,
    0xc0, 0xf, 0xf8, 0x53, 0x2d, 0x5f, 0xfc, 0x35,
    0xf4, 0x7f, 0xe8, 0x8, 0x6, 0x17, 0xff, 0xfe,
    0x80, 0x1, 0x58, 0x11, 0xe6, 0x7c, 0x20, 0x1,
    0xf8, 0x1, 0x72, 0xee, 0xde, 0x60, 0x2, 0xf4,
    0x60, 0x70, 0x1, 0x17, 0x0, 0x45, 0x32, 0x0,
    0xc3, 0xff, 0xb8, 0x3, 0x38, 0x8, 0x30, 0xf,
    0xfe, 0xe0, 0xf, 0x38, 0x90, 0x0, 0x8b, 0x80,
    0x31, 0x54, 0xc8, 0x0, 0x3d, 0xdb, 0xc0, 0x31,
    0xa4, 0x38, 0x0, 0x73, 0x3b, 0xc4, 0x0, 0x3c,
    0xe0, 0x4, 0xe0, 0xf, 0xc0,

    /* U+732A "猪" */
    0x0, 0x8, 0x1, 0x0, 0x3, 0xe8, 0x1, 0xe7,
    0xc1, 0xa9, 0x1, 0x0, 0x84, 0x5a, 0x80, 0x7,
    0x6f, 0x7c, 0x1e, 0xe0, 0x5f, 0x40, 0x28, 0x4,
    0x43, 0x2, 0x2f, 0xf0, 0x5d, 0x9b, 0x84, 0xb,
    0x11, 0xbc, 0x4c, 0x88, 0x7, 0x4c, 0x6, 0x6,
    0xd9, 0xa8, 0xfb, 0x98, 0x18, 0x17, 0xdd, 0x20,
    0xd0, 0x80, 0xb7, 0x73, 0x8, 0xfb, 0xb2, 0x0,
    0x6, 0x0, 0x43, 0xb4, 0xc7, 0x37, 0x44, 0x0,
    0x1d, 0xf1, 0x23, 0x19, 0xdf, 0xf7, 0x10, 0x0,
    0xb1, 0xc, 0x13, 0x40, 0xcf, 0x8, 0x4, 0x4b,
    0x0, 0x3e, 0x85, 0x5d, 0xd6, 0x80, 0x68, 0x1,
    0x8, 0xa0, 0xaf, 0xfb, 0x80, 0x3c, 0xca, 0x1,
    0x11, 0x9c, 0xa0, 0x18, 0x66, 0xec, 0x0, 0x3a,
    0xff, 0xa0, 0x3, 0xd, 0x60, 0x80, 0x3b, 0x73,
    0x37, 0x90, 0x0,

    /* U+732B "猫" */
    0x0, 0xff, 0xe2, 0x92, 0x80, 0xe1, 0x6, 0x28,
    0x45, 0x0, 0x61, 0xb6, 0xd7, 0x20, 0x0, 0x87,
    0x98, 0x6, 0x3a, 0x97, 0x8e, 0xe1, 0xd7, 0x43,
    0x77, 0x8, 0x6, 0x0, 0xcd, 0xfe, 0x28, 0xf7,
    0x5f, 0xc2, 0x26, 0x5, 0x28, 0x8, 0xc6, 0x3c,
    0x42, 0x40, 0x4f, 0x8e, 0x40, 0x1, 0xd4, 0x17,
    0x91, 0x0, 0xa8, 0x2, 0x24, 0xee, 0xf9, 0x80,
    0x21, 0xf0, 0x10, 0x1f, 0xe0, 0xef, 0x13, 0x0,
    0xe, 0x29, 0xb8, 0x7, 0xf8, 0xbd, 0xe0, 0x2,
    0x1f, 0xe0, 0xef, 0x10, 0x1, 0x4d, 0x0, 0xb8,
    0xf, 0x68, 0x67, 0x8, 0x4, 0xe0, 0x2, 0x20,
    0x0, 0x4c, 0x8, 0x40, 0x3c, 0xa6, 0x20, 0x28,
    0x80, 0x44, 0x8, 0x4, 0x33, 0xda, 0x1, 0x7f,
    0x27, 0x78, 0x6, 0x18, 0xb1, 0x4, 0xeb, 0xbe,
    0xf5, 0x0,

    /* U+732C "猬" */
    0x0, 0xe2, 0x0, 0xff, 0x87, 0x98, 0xf1, 0xbf,
    0x76, 0xfd, 0xd7, 0x98, 0xf, 0xde, 0xe3, 0x8,
    0x98, 0x41, 0x98, 0x1, 0xa0, 0x4, 0x2, 0x8a,
    0x81, 0xaa, 0x8, 0x3, 0x13, 0x5, 0x40, 0x2,
    0x62, 0x6, 0x60, 0xa, 0xf0, 0x57, 0x41, 0x7a,
    0x79, 0x66, 0x4a, 0x0, 0x71, 0x7, 0x10, 0xa9,
    0x9f, 0x8c, 0x2, 0x82, 0x60, 0x8f, 0x88, 0xd3,
    0xa0, 0x14, 0x2c, 0x18, 0xa, 0x5d, 0xe8, 0x0,
    0xad, 0x70, 0x3, 0x25, 0x56, 0xf0, 0xb, 0x30,
    0x22, 0x20, 0x2, 0xdd, 0xee, 0x0, 0x9c, 0x43,
    0x14, 0x0, 0xdb, 0xbb, 0xc0, 0x39, 0x92, 0xc0,
    0x5b, 0x77, 0x78, 0x6, 0xd9, 0x91, 0x0, 0x78,
    0x70, 0x80, 0x2f, 0xf3, 0x0, 0x26, 0x0, 0x21,
    0xdd, 0x0,

    /* U+7334 "猴" */
    0x0, 0xc2, 0x7, 0x2, 0x1, 0xfa, 0x68, 0x35,
    0xd1, 0x47, 0xbf, 0xe6, 0x0, 0xa1, 0xb5, 0x1f,
    0x2c, 0x3f, 0xb8, 0x66, 0x0, 0xc2, 0x54, 0x28,
    0xb5, 0xff, 0x1d, 0x7a, 0x1f, 0xd2, 0xa3, 0x0,
    0x2d, 0xf3, 0xbf, 0xdc, 0x87, 0xf, 0xb9, 0x24,
    0x0, 0x60, 0xc, 0x20, 0x6, 0xe, 0x1a, 0x10,
    0x60, 0xdf, 0xf8, 0xc0, 0x24, 0x66, 0x20, 0x3,
    0x6b, 0x83, 0xfc, 0x60, 0x2, 0xa9, 0x30, 0x3,
    0xcb, 0xa8, 0x91, 0xc, 0xb, 0x21, 0x0, 0x23,
    0xdc, 0xa1, 0xdc, 0xc0, 0x9c, 0xb3, 0xc, 0x0,
    0x9d, 0xc4, 0x33, 0x77, 0x88, 0x9c, 0xd, 0xc0,
    0x32, 0xa6, 0x84, 0x0, 0x64, 0x9e, 0x0, 0x3c,
    0x5e, 0x8e, 0xae, 0x0, 0x16, 0xd9, 0x0, 0x40,
    0x70, 0xc0, 0x77, 0xc0, 0xb, 0xd0, 0x0, 0xd4,
    0x92, 0x0, 0xc6, 0x0,

    /* U+7389 "玉" */
    0x0, 0xff, 0xe2, 0x7f, 0xff, 0xf0, 0x14, 0x1,
    0xba, 0xee, 0xa0, 0x7b, 0xad, 0xd2, 0x80, 0x8,
    0x82, 0x38, 0x4, 0x62, 0x20, 0x7, 0xff, 0x59,
    0x95, 0x6f, 0x15, 0x59, 0x88, 0x2, 0x18, 0x8c,
    0xe1, 0x11, 0x9c, 0x2, 0x1e, 0xdd, 0xa0, 0x77,
    0x6e, 0x50, 0xf, 0xfa, 0xac, 0x40, 0x3f, 0xf8,
    0x10, 0xfe, 0x80, 0x1f, 0xf1, 0x63, 0x70, 0x0,
    0xd0, 0xcf, 0x70, 0x99, 0xd7, 0xc8, 0x3f, 0x5b,
    0xb9, 0x87, 0x77, 0x55, 0x14,

    /* U+73A9 "玩" */
    0x0, 0xff, 0xe2, 0xf, 0xfe, 0xe0, 0xef, 0xff,
    0x0, 0x7, 0x6c, 0x77, 0x3, 0xbf, 0xfc, 0x1,
    0x13, 0x81, 0x10, 0x3, 0xff, 0x88, 0x44, 0x11,
    0xe2, 0x20, 0x0, 0xd4, 0x4c, 0xb7, 0x5d, 0xcf,
    0xef, 0xdd, 0x0, 0x3e, 0x3, 0x6b, 0xfc, 0x19,
    0x80, 0xef, 0xf0, 0x3, 0x34, 0x7a, 0x0, 0x3f,
    0xf8, 0xe4, 0x1, 0xff, 0x8, 0x18, 0x8, 0x7,
    0xe6, 0x1c, 0xd0, 0xa4, 0x0, 0xf8, 0xfe, 0x96,
    0x70, 0x9b, 0x80, 0x3a, 0xcc, 0xd1, 0xd4, 0xa3,
    0xe8, 0xa0, 0x12, 0x1a, 0x0, 0x1c, 0x40, 0x7c,
    0x28, 0x0, 0x47, 0x78, 0x86, 0x1, 0x87, 0x70,
    0x40, 0x2c, 0xff, 0x58, 0x0,

    /* U+73AF "环" */
    0x0, 0xff, 0xe2, 0xf, 0xff, 0x47, 0xff, 0xe0,
    0x1f, 0xf0, 0xe7, 0xc7, 0x74, 0x8d, 0xdd, 0x0,
    0x7e, 0x11, 0x93, 0x44, 0x60, 0x1, 0x10, 0x1c,
    0x80, 0x23, 0x4, 0x0, 0xec, 0xc0, 0xd6, 0x10,
    0x2, 0x80, 0xa0, 0x3, 0x77, 0x7, 0x78, 0x80,
    0x58, 0x5, 0xd4, 0x3, 0xfd, 0x2, 0x7, 0x16,
    0x20, 0x1f, 0x8d, 0xa0, 0x0, 0xe7, 0x40, 0x1d,
    0x5a, 0x7c, 0xea, 0x1, 0x4a, 0x11, 0x23, 0x44,
    0xaf, 0x86, 0x0, 0x32, 0x69, 0x1a, 0x57, 0x5a,
    0x3e, 0x80, 0x78, 0x80, 0x71, 0xc4, 0xa, 0x84,
    0x3, 0xff, 0xaa, 0xe0, 0x1e,

    /* U+73B0 "现" */
    0x5, 0x5e, 0x1e, 0xff, 0xf1, 0x80, 0x3b, 0x95,
    0x32, 0x20, 0xbf, 0xfc, 0x20, 0x15, 0xd8, 0x3f,
    0xc, 0xc0, 0x8, 0x40, 0xf, 0xfe, 0x13, 0x10,
    0x7, 0x8, 0x80, 0x2, 0x1, 0xc4, 0x1, 0xdf,
    0xc1, 0x9c, 0x20, 0x19, 0x80, 0x3b, 0xbc, 0x33,
    0xc4, 0xc0, 0x2, 0x40, 0x1f, 0xfc, 0x14, 0xb,
    0x0, 0xff, 0xa9, 0x75, 0x50, 0x34, 0x80, 0x39,
    0x60, 0xd0, 0xdb, 0x80, 0x6, 0x20, 0x55, 0xa1,
    0xbe, 0x41, 0xd0, 0xc0, 0x12, 0x81, 0x1c, 0xfd,
    0xb9, 0x6b, 0x39, 0x80, 0xe, 0x88, 0x25, 0x0,
    0x11, 0xb7, 0x40, 0x25, 0x7e, 0xe4, 0x1, 0xd1,
    0xec, 0x1, 0x6d, 0xe4, 0x0,

    /* U+73ED "班" */
    0x0, 0xfc, 0x20, 0x1f, 0x84, 0x78, 0x1, 0xee,
    0x45, 0xc0, 0xf, 0xee, 0xac, 0x2, 0x1e, 0xe6,
    0xf7, 0x4, 0x3b, 0x43, 0xe8, 0x2, 0x5c, 0xe0,
    0xcc, 0x8, 0x7, 0xb1, 0x0, 0x3f, 0xf8, 0x42,
    0x0, 0x10, 0xf, 0x95, 0x40, 0xc6, 0xe, 0x0,
    0x65, 0x6, 0x50, 0x1, 0x68, 0x63, 0x10, 0x88,
    0xff, 0x83, 0x88, 0x0, 0xf0, 0x14, 0xb4, 0x60,
    0x33, 0x61, 0xe, 0x1, 0xf2, 0xa8, 0x80, 0x3f,
    0xf8, 0x58, 0x80, 0x1f, 0xf4, 0x68, 0x36, 0x80,
    0x7e, 0x6e, 0x1, 0xe7, 0x34, 0x11, 0x80, 0x44,
    0x3, 0x9, 0xd2, 0xd1, 0x21, 0x79, 0xc5, 0x9e,
    0xa3, 0xd0, 0x20, 0xf0, 0x81, 0x5b, 0xbb, 0x94,

    /* U+7403 "球" */
    0x0, 0xff, 0xe6, 0x9f, 0x9e, 0x0, 0x7f, 0xf0,
    0x44, 0xdd, 0xc0, 0x3, 0xee, 0xd8, 0x24, 0x47,
    0x2, 0x95, 0x10, 0x3c, 0xa1, 0xce, 0x7f, 0xf4,
    0x8f, 0xfd, 0x0, 0x2, 0x70, 0x22, 0x36, 0xeb,
    0x87, 0x76, 0x90, 0xf, 0x8a, 0x80, 0x39, 0x9c,
    0x1, 0xda, 0x1d, 0x4, 0xd2, 0x2, 0x66, 0x90,
    0xb, 0x2c, 0x32, 0x43, 0xea, 0x81, 0xfb, 0x2e,
    0x0, 0x26, 0x2, 0x10, 0x37, 0x61, 0x6, 0x60,
    0x7, 0xf0, 0xd3, 0x87, 0xb1, 0x0, 0x79, 0x28,
    0x71, 0xac, 0xd, 0xfc, 0x40, 0xb, 0x1, 0xdf,
    0xad, 0x0, 0x14, 0x8e, 0x10, 0x46, 0x75, 0x2f,
    0x50, 0x7, 0x6a, 0x90, 0x6b, 0x88, 0x0, 0x85,
    0x70, 0x80, 0x3, 0x0, 0x1f, 0xcb, 0x58, 0x1,
    0xc0,

    /* U+7406 "理" */
    0x2, 0x11, 0x89, 0x3f, 0xfe, 0xd0, 0x5d, 0xee,
    0xb4, 0x7, 0xfc, 0x19, 0xf4, 0x0, 0x5f, 0xc1,
    0xff, 0x0, 0x7f, 0xf1, 0x47, 0xfc, 0x19, 0xf4,
    0x1, 0xfc, 0x3f, 0xe0, 0xcf, 0xa0, 0x1, 0x7e,
    0xf, 0xd0, 0x7, 0xf8, 0xbf, 0x7, 0xe8, 0x7,
    0xb8, 0x1b, 0xd4, 0x1, 0xf9, 0x3b, 0xfc, 0x15,
    0xfd, 0x80, 0x1f, 0x84, 0x60, 0x71, 0x18, 0x3,
    0x8a, 0x5f, 0xfe, 0xc, 0xff, 0x68, 0x0, 0xe8,
    0x7f, 0x9b, 0xbf, 0xc1, 0x7f, 0xec, 0x1, 0xc0,
    0xdd, 0x38, 0x88, 0x2, 0x70, 0x0, 0x80, 0xfc,
    0x90, 0x27, 0xfe, 0xc, 0xff, 0x9c, 0x3, 0x93,
    0xff, 0xf9, 0xc0,

    /* U+7434 "琴" */
    0x0, 0xff, 0xe2, 0xbf, 0xff, 0x33, 0xff, 0xf3,
    0x80, 0x1f, 0xf0, 0x3f, 0xcc, 0xff, 0xa1, 0xfe,
    0x70, 0x1, 0x6f, 0x6, 0xe8, 0xf, 0xf4, 0x3f,
    0xc4, 0x0, 0x2f, 0x90, 0xff, 0x1, 0xfe, 0x87,
    0xf8, 0x80, 0x8, 0x8c, 0xf, 0xc3, 0x5f, 0xc0,
    0xee, 0x68, 0x0, 0x4f, 0x37, 0x3f, 0xbf, 0xb9,
    0xfd, 0xcd, 0x0, 0x2a, 0x90, 0x97, 0xd5, 0xec,
    0x40, 0x3f, 0x1d, 0xcd, 0x77, 0xf, 0xa0, 0x80,
    0x21, 0x7c, 0xcb, 0x53, 0x66, 0x58, 0x7b, 0x90,
    0x22, 0xc4, 0xd7, 0x0, 0x44, 0x81, 0xde, 0x2a,
    0x8, 0x5c, 0x67, 0x75, 0xba, 0xef, 0xe1, 0x9c,
    0x0, 0xdd, 0xde, 0x41, 0xc2, 0x0, 0xff, 0xad,
    0xfc, 0x80, 0x3f, 0xe2, 0x1c, 0x10, 0xe,

    /* U+7435 "琵" */
    0x0, 0xff, 0xe1, 0xc7, 0xff, 0x4c, 0x7f, 0xf3,
    0x84, 0x7f, 0x8a, 0xbe, 0x63, 0xfc, 0x19, 0xee,
    0x9, 0xda, 0x57, 0xc6, 0x1f, 0xe0, 0xcf, 0x10,
    0x4c, 0xf2, 0x9c, 0x30, 0xee, 0x5, 0xf0, 0x81,
    0x8, 0x4, 0x24, 0x51, 0x80, 0x99, 0x4, 0xee,
    0x1c, 0xed, 0xdb, 0x70, 0x6f, 0x38, 0x2f, 0x23,
    0xba, 0x99, 0xb7, 0xba, 0xc0, 0x3, 0xc8, 0x7,
    0x43, 0x1, 0xd0, 0x7, 0x7f, 0xc4, 0x0, 0x2b,
    0xd2, 0x10, 0x8, 0x7f, 0xe2, 0x0, 0x56, 0xf4,
    0x8, 0x7, 0x94, 0x2, 0x96, 0x0, 0x30, 0x80,
    0x5, 0xb6, 0x40, 0x23, 0x11, 0x24, 0xa8, 0x78,
    0x54, 0xe0, 0x1, 0x63, 0xb9, 0x68, 0x80, 0x8a,
    0xc4, 0x0, 0xab, 0xff, 0x58, 0x0,

    /* U+7436 "琶" */
    0x0, 0xff, 0xe1, 0x97, 0xff, 0x3c, 0xff, 0xf0,
    0x81, 0x77, 0x12, 0xb9, 0xe7, 0xac, 0x7b, 0x82,
    0x0, 0xce, 0x4a, 0xe2, 0x4e, 0xb1, 0xee, 0x0,
    0x5b, 0xe9, 0x5e, 0x49, 0xf8, 0x3f, 0xe0, 0x2,
    0xf7, 0x12, 0xf9, 0xab, 0xb4, 0x7b, 0x92, 0xb,
    0xfe, 0xef, 0xf3, 0x5f, 0xfb, 0xbf, 0xd0, 0x0,
    0x5e, 0xed, 0xfd, 0xdc, 0x82, 0x0, 0x71, 0xff,
    0xac, 0xbf, 0xe2, 0x10, 0xf, 0xfe, 0x38, 0xee,
    0xd2, 0x1b, 0xb1, 0x8, 0x6, 0x1d, 0xdf, 0xd6,
    0x2a, 0x0, 0x11, 0x80, 0x3e, 0x43, 0xa0, 0x1,
    0x2f, 0x7f, 0xfe, 0x87, 0x0,

    /* U+74DC "瓜" */
    0x0, 0xff, 0xa, 0xa8, 0x3, 0xc4, 0x43, 0x57,
    0x9c, 0xea, 0xe0, 0xe, 0x4d, 0xce, 0xab, 0x1a,
    0xf, 0xb0, 0xe, 0x70, 0xed, 0x4a, 0x86, 0x1,
    0x0, 0xff, 0xe1, 0x98, 0x7, 0x9c, 0x3, 0x18,
    0x0, 0x84, 0x3, 0xff, 0x84, 0xca, 0x1, 0xe1,
    0x20, 0x3, 0x80, 0x47, 0x80, 0x1e, 0x21, 0x0,
    0x84, 0x1, 0x88, 0x1, 0xee, 0x60, 0x1, 0x38,
    0x1, 0x5, 0x40, 0x39, 0x70, 0x0, 0x22, 0x57,
    0x6, 0x80, 0xc, 0x26, 0x80, 0x20, 0x41, 0x3,
    0x65, 0x20, 0x14, 0x91, 0x1, 0x2, 0xac, 0x24,
    0xa1, 0xa0, 0x9, 0xe8, 0x0, 0x43, 0x9f, 0x2a,
    0xe, 0xae, 0x65, 0xc, 0x0, 0x7e, 0x61, 0x6d,
    0x0, 0x56, 0x18,

    /* U+74F6 "瓶" */
    0x0, 0xe1, 0x0, 0xff, 0xe0, 0x61, 0x85, 0xd8,
    0x3, 0xfe, 0x4f, 0x7, 0xe3, 0xff, 0xf8, 0x40,
    0x13, 0xc4, 0x45, 0x3d, 0x2a, 0xee, 0x6e, 0x84,
    0x2f, 0x3f, 0x3, 0x98, 0x81, 0xc4, 0x44, 0x40,
    0x5, 0x49, 0xf9, 0x43, 0x81, 0xf6, 0x61, 0x80,
    0x21, 0x70, 0x10, 0x31, 0x1, 0x98, 0x70, 0xf,
    0xfe, 0xa, 0xa0, 0x80, 0x62, 0x70, 0x10, 0x32,
    0x20, 0x2c, 0x9, 0x80, 0x7, 0x6c, 0x78, 0xa7,
    0x58, 0x58, 0xdc, 0x40, 0x3, 0xf4, 0x7e, 0x55,
    0xee, 0x64, 0xa2, 0xe0, 0x1b, 0x58, 0x3, 0x38,
    0x8b, 0x8c, 0x40, 0x33, 0x68, 0x6, 0x27, 0x96,
    0x13, 0x10, 0x3, 0xa, 0x0, 0x6a, 0x41, 0x70,
    0x4, 0x50, 0x40, 0x98, 0x6, 0x4c, 0x81, 0x3e,
    0x6e, 0xb, 0x90, 0x1, 0x80, 0x20, 0xc0, 0x19,
    0xfe, 0x40, 0x57, 0x0, 0x72, 0x80, 0x7f, 0x0,

    /* U+751C "甜" */
    0x0, 0xc2, 0x8e, 0x7, 0x40, 0x3, 0xc0, 0xa,
    0x6f, 0x7a, 0xec, 0xe, 0xa0, 0x11, 0x80, 0x43,
    0x8a, 0x3f, 0x80, 0x1, 0x0, 0x84, 0x2, 0x87,
    0xc0, 0x9, 0x34, 0x59, 0x96, 0x2c, 0x62, 0x86,
    0x60, 0x34, 0x35, 0xc, 0xc1, 0x86, 0x39, 0x4f,
    0xd0, 0xfc, 0xbc, 0xd, 0x52, 0x6, 0x90, 0xf7,
    0x24, 0x73, 0x40, 0x3f, 0xe1, 0x10, 0x8, 0x80,
    0x2, 0xcc, 0xb0, 0xc, 0xbd, 0x43, 0xdc, 0x0,
    0xb3, 0x6, 0x1, 0x84, 0x5f, 0xec, 0x0, 0x86,
    0xa9, 0x0, 0x1f, 0xfc, 0xa1, 0x13, 0x80, 0x7f,
    0xf0, 0x7, 0xb9, 0x60, 0x10, 0xff, 0xb0, 0x3,
    0x87, 0xfd, 0x60, 0x10, 0xf7, 0x2c, 0x40, 0x31,
    0x0, 0x13, 0xc0, 0x40, 0x44, 0xe0, 0x19, 0x30,
    0x3, 0x97, 0x80, 0x7, 0xe0, 0x0,

    /* U+751F "生" */
    0x0, 0xfb, 0xdc, 0x3, 0xf2, 0xf9, 0x80, 0x4,
    0x40, 0x1f, 0xb0, 0x8c, 0x3, 0xff, 0x80, 0xe8,
    0x67, 0x7, 0x19, 0xc8, 0x20, 0x5, 0x17, 0xdd,
    0x85, 0xb7, 0x6a, 0x70, 0x4, 0x2f, 0x76, 0x18,
    0xee, 0xcc, 0xc, 0x50, 0x1, 0xff, 0xc0, 0x6e,
    0x24, 0x33, 0x83, 0x8c, 0xc8, 0x40, 0x10, 0x85,
    0x6e, 0xc2, 0xdb, 0xaa, 0x50, 0xe, 0xee, 0xc3,
    0x1d, 0xd3, 0x80, 0x7f, 0xf5, 0x50, 0xcf, 0x83,
    0x8c, 0xf8, 0x82, 0xbb, 0xb8, 0xd7, 0xbb, 0x6a,
    0x0,

    /* U+7528 "用" */
    0x0, 0x2f, 0xff, 0xfc, 0x0, 0x11, 0x7f, 0xd4,
    0x3f, 0xf5, 0x0, 0x7f, 0xf0, 0x84, 0x2, 0x1e,
    0xea, 0xc7, 0xba, 0xb0, 0xc, 0x3d, 0xd5, 0x8f,
    0x75, 0x60, 0x1f, 0xfd, 0x31, 0x17, 0xfd, 0x43,
    0xff, 0x50, 0x4, 0x65, 0xff, 0x50, 0xff, 0xd4,
    0x1, 0x73, 0x80, 0x7f, 0xf0, 0x17, 0x0, 0x3f,
    0xe3, 0x27, 0x0, 0xc2, 0x0, 0x3d, 0x30, 0xf5,
    0x10, 0xc, 0x40, 0x8, 0x7b, 0xd, 0xb0, 0xc,
    0xba, 0x0, 0xaf, 0x60,

    /* U+7530 "田" */
    0x2f, 0xff, 0xfe, 0x0, 0x80, 0x2f, 0x76, 0x19,
    0xdd, 0xac, 0x3, 0x31, 0x14, 0x4, 0x59, 0x80,
    0x3f, 0xfa, 0x88, 0xab, 0xe, 0x2a, 0xc8, 0x1,
    0xaa, 0x66, 0x5, 0x99, 0xa8, 0x3, 0x76, 0x64,
    0x33, 0x99, 0x70, 0x7, 0xff, 0x8b, 0x7f, 0xe1,
    0xbf, 0xfb, 0x40, 0x36, 0x6e, 0xff, 0x0, 0x61,
    0x22, 0xfe, 0xf1,

    /* U+7532 "甲" */
    0x1f, 0xff, 0xfe, 0x0, 0x80, 0x33, 0xba, 0xa1,
    0xee, 0xb0, 0x3, 0x84, 0x70, 0x8, 0xc0, 0x1c,
    0xc6, 0x78, 0xc, 0xe6, 0x0, 0xd1, 0xdd, 0x48,
    0xf7, 0x50, 0x1, 0xbb, 0x76, 0xa1, 0xdd, 0xb8,
    0x3, 0xff, 0x8c, 0xa8, 0x91, 0x82, 0x24, 0xa0,
    0x1a, 0xe2, 0x2a, 0x18, 0x8a, 0xc0, 0x22, 0xfc,
    0xca, 0x47, 0x32, 0xf2, 0x1, 0xd2, 0x0, 0xfc,
    0x5a, 0x20, 0x1f, 0xfd, 0x61, 0x10, 0x7, 0x80,

    /* U+7535 "电" */
    0x0, 0xe5, 0xf0, 0xf, 0xfe, 0x61, 0x16, 0x30,
    0x22, 0xe0, 0x9, 0x77, 0x32, 0x80, 0xcc, 0xda,
    0x1, 0xdf, 0xdc, 0xb0, 0xee, 0xa8, 0x3, 0xff,
    0x93, 0xdf, 0xea, 0xf, 0xfa, 0xc0, 0x3d, 0xdf,
    0xea, 0xf, 0xfa, 0xc0, 0x3f, 0xf9, 0x28, 0x96,
    0x82, 0x24, 0x60, 0x1e, 0x98, 0x82, 0x84, 0x45,
    0x66, 0x1, 0xd9, 0x94, 0x6, 0x67, 0x0, 0x4b,
    0xe0, 0x1f, 0xe1, 0xe3, 0x0, 0xe6, 0x5, 0x22,
    0xd2, 0x24, 0x1, 0xc6, 0x97, 0xbb, 0x99, 0xc4,

    /* U+7537 "男" */
    0x0, 0x77, 0xff, 0xf9, 0x80, 0x34, 0x7f, 0xc3,
    0x1f, 0xf0, 0x80, 0x63, 0x8e, 0xe8, 0x63, 0xba,
    0x10, 0xe, 0x7f, 0xf8, 0x5f, 0xfe, 0x10, 0xe,
    0xf1, 0x18, 0x3c, 0x46, 0x0, 0xe3, 0x9e, 0xe8,
    0x67, 0xba, 0x10, 0xd, 0xdd, 0xaa, 0x7b, 0xb7,
    0xb0, 0x0, 0x47, 0xba, 0xc4, 0x7c, 0x0, 0xbe,
    0xec, 0xa5, 0xdd, 0xe0, 0x5, 0x7f, 0xe2, 0x9f,
    0xfd, 0x2, 0x1, 0xe4, 0x24, 0x0, 0xde, 0x40,
    0x1c, 0xb6, 0xc4, 0x1, 0x8d, 0x80, 0xd, 0x3d,
    0x51, 0x20, 0x12, 0xc2, 0x60, 0x3, 0x8a, 0xfd,
    0xc0, 0x31, 0x24, 0x30, 0x0,

    /* U+753B "画" */
    0x0, 0xff, 0xe1, 0x1f, 0xff, 0xff, 0x3, 0x8f,
    0xff, 0xff, 0x81, 0xc0, 0x11, 0x5d, 0xfc, 0x1,
    0xe1, 0x48, 0xd4, 0x8d, 0x50, 0x9, 0x28, 0x0,
    0x26, 0xa2, 0x6a, 0x0, 0x4c, 0x17, 0x0, 0x85,
    0xc0, 0x5c, 0x0, 0x24, 0x1, 0x87, 0xe8, 0x7e,
    0x80, 0x3f, 0xf, 0x68, 0xf6, 0x80, 0x7f, 0xf0,
    0x84, 0x3, 0xce, 0x3f, 0x83, 0xf8, 0x1, 0xf2,
    0x7f, 0xfc, 0x1, 0x8a, 0xef, 0xfd, 0x20, 0x99,
    0x11, 0xfe, 0xb0, 0x13, 0x3f, 0xf8, 0x84,

    /* U+754C "界" */
    0x0, 0x2f, 0x77, 0xf9, 0x80, 0x3d, 0xdd, 0x50,
    0x77, 0x46, 0x1, 0xf1, 0x16, 0x2, 0x28, 0xc0,
    0x3c, 0x33, 0x35, 0xc, 0xcc, 0x20, 0x1e, 0x1b,
    0xba, 0x6, 0xee, 0x20, 0xf, 0xbb, 0xaa, 0xe,
    0xe8, 0xc0, 0x39, 0x7b, 0xb4, 0xb7, 0x76, 0x60,
    0xf, 0xd5, 0xc, 0xe0, 0x1f, 0xe5, 0xe7, 0xcc,
    0x4e, 0xa0, 0x7, 0x1c, 0x74, 0x4e, 0x99, 0x78,
    0xde, 0xb9, 0x80, 0x28, 0xef, 0x60, 0xc0, 0x2,
    0x6e, 0xb3, 0xa0, 0x9, 0xb5, 0x20, 0x30, 0x8,
    0x76, 0x3b, 0xc0, 0x39, 0x48, 0x3, 0xf0, 0x80,
    0x65, 0x89, 0x0, 0xff, 0xe0, 0x15, 0x4a, 0x0,
    0x61, 0x0, 0xf8, 0xb9, 0x80, 0x3b, 0xd4, 0x3,
    0x0,

    /* U+754F "畏" */
    0x0, 0xf, 0xff, 0xf8, 0x80, 0x3d, 0xbf, 0xea,
    0x1f, 0xf8, 0x3, 0xf6, 0xff, 0xa8, 0x7f, 0xe0,
    0xf, 0xdb, 0xfe, 0xa1, 0xff, 0x80, 0x3f, 0xf9,
    0x9b, 0xfe, 0xa1, 0xff, 0x80, 0x38, 0x8f, 0xbb,
    0xfc, 0x4, 0x3, 0xba, 0xee, 0x7f, 0xbb, 0xff,
    0xb3, 0x40, 0x7f, 0xca, 0xfd, 0xc3, 0x6e, 0xe6,
    0xe7, 0x78, 0x7, 0xe9, 0x62, 0x26, 0xd0, 0x7,
    0xf0, 0xa2, 0x33, 0x13, 0x0, 0x1f, 0xc, 0x72,
    0xd2, 0x8, 0x8, 0x7, 0x91, 0x92, 0xd0, 0x2a,
    0x97, 0xdc, 0x70, 0xc, 0xd5, 0x88, 0x1, 0x2e,
    0x6c, 0x30, 0x0,

    /* U+756A "番" */
    0x0, 0xf8, 0x49, 0x1a, 0x74, 0xc0, 0x21, 0xff,
    0xee, 0xc8, 0xd3, 0x76, 0x0, 0x87, 0xb9, 0x1d,
    0xe5, 0x79, 0x21, 0x6a, 0x1, 0x8, 0x2, 0xd8,
    0x40, 0xc6, 0x0, 0x2, 0x20, 0x5e, 0xe8, 0xe3,
    0x8a, 0x79, 0x55, 0xdd, 0x2, 0xff, 0xdc, 0x32,
    0x52, 0x6f, 0xff, 0x80, 0x31, 0xe3, 0xb0, 0x1e,
    0xb4, 0x80, 0x71, 0xd6, 0x2c, 0x80, 0x43, 0xe5,
    0xd0, 0xa0, 0xd8, 0x26, 0x33, 0x27, 0xc9, 0x82,
    0x32, 0xf0, 0x6f, 0xb2, 0xfa, 0xa3, 0xf5, 0x53,
    0xce, 0xa8, 0x1, 0x8e, 0x3b, 0x85, 0x3d, 0xc8,
    0x0, 0xfd, 0x1d, 0xc2, 0x9e, 0xe4, 0x0, 0x7e,
    0x23, 0x30, 0x9, 0x98, 0x80, 0x3e, 0x3b, 0xff,
    0x14, 0xff, 0xac, 0x40, 0x3e, 0xbf, 0xff, 0xc0,
    0x10,

    /* U+7591 "疑" */
    0x0, 0xff, 0xe2, 0xaf, 0x1, 0x3b, 0x7, 0xff,
    0x68, 0x80, 0x4, 0x59, 0x1e, 0x0, 0xfd, 0xfb,
    0x2c, 0x10, 0x8, 0x72, 0xaf, 0xc0, 0x72, 0xe7,
    0xc4, 0x2, 0x61, 0xff, 0x67, 0x0, 0xf8, 0x10,
    0x80, 0x62, 0xaf, 0xf9, 0xc9, 0xdb, 0x9, 0x1d,
    0xc0, 0x5, 0xa5, 0x44, 0x18, 0xde, 0x59, 0x64,
    0xd8, 0x2, 0x4e, 0x6b, 0x90, 0xf2, 0xe4, 0xed,
    0x6c, 0x6, 0xf2, 0xd6, 0x9c, 0x35, 0x0, 0x2b,
    0x70, 0x68, 0xf8, 0x4f, 0xf0, 0x93, 0x1, 0xff,
    0x90, 0x1f, 0xb8, 0x2d, 0xdc, 0x30, 0x8, 0xff,
    0xc8, 0x0, 0x16, 0x34, 0xa0, 0x40, 0xb0, 0xf,
    0x92, 0x3b, 0x5d, 0x22, 0x52, 0xc0, 0x39, 0x2e,
    0x4c, 0x33, 0xd5, 0xb1, 0xf, 0xae, 0xc8, 0x8c,
    0x60, 0x0, 0x95, 0x0, 0xd7, 0x56, 0x9a, 0x80,

    /* U+75B2 "疲" */
    0x0, 0xff, 0xe5, 0xd4, 0x0, 0x7e, 0x44, 0xe0,
    0x54, 0x49, 0x50, 0x2, 0xbf, 0xee, 0x84, 0xbf,
    0xb9, 0xe6, 0xb8, 0x0, 0x9a, 0xac, 0x13, 0x55,
    0x3a, 0x8c, 0x88, 0x5e, 0xeb, 0x3, 0xf7, 0x60,
    0x7, 0x50, 0x1, 0xab, 0xf8, 0x3b, 0xd4, 0x40,
    0x6, 0x60, 0x8, 0x88, 0x60, 0x44, 0xeb, 0x0,
    0xb, 0x8, 0x0, 0xc4, 0x80, 0xc5, 0xdc, 0xb,
    0xda, 0x0, 0x38, 0xec, 0x2f, 0xf8, 0x0, 0x99,
    0x60, 0x63, 0x4c, 0xbb, 0xa5, 0x70, 0x0, 0x99,
    0x0, 0x4d, 0x68, 0x64, 0x96, 0x1, 0x94, 0xd0,
    0x8, 0x91, 0xbe, 0xc4, 0x1, 0xa6, 0xfd, 0x40,
    0xa, 0x4, 0x2, 0x1, 0x48, 0x22, 0xfb, 0x5e,
    0xb6, 0x17, 0x62, 0x85, 0xd1, 0x4a, 0x6e, 0x74,
    0x1d, 0xea, 0x38,

    /* U+75C5 "病" */
    0x0, 0xff, 0xe6, 0x64, 0x0, 0x7f, 0x19, 0xf0,
    0x21, 0x9f, 0x0, 0x6c, 0xde, 0xe8, 0x45, 0xdd,
    0xa0, 0x12, 0x40, 0x1b, 0xbf, 0xeb, 0x4, 0x44,
    0x4, 0xf6, 0xef, 0xee, 0x0, 0x7c, 0x87, 0xef,
    0xfc, 0x55, 0xff, 0x68, 0x0, 0x84, 0x18, 0xc8,
    0xa0, 0x22, 0xc6, 0x0, 0x3a, 0x0, 0x7f, 0xe0,
    0xaf, 0xfb, 0x41, 0x30, 0x80, 0x2b, 0xeb, 0x9,
    0xee, 0x48, 0x1, 0x32, 0x0, 0x81, 0xc7, 0x6,
    0x50, 0x4c, 0x2, 0x33, 0x0, 0x80, 0x9, 0xe2,
    0xa8, 0xe0, 0x1d, 0x68, 0x0, 0x6c, 0x36, 0x57,
    0x0, 0xf3, 0x68, 0x1, 0xa3, 0x40, 0x10, 0x9e,
    0x20, 0x6, 0x6, 0x0, 0x98, 0x40, 0x29, 0x5a,
    0x0, 0x36, 0x0, 0x3c, 0xc0, 0x3a, 0xf9, 0x80,

    /* U+7626 "瘦" */
    0x0, 0xfc, 0x86, 0x1, 0xff, 0xc2, 0x99, 0x0,
    0x7f, 0x7f, 0xf1, 0x2f, 0xff, 0x10, 0x6, 0xaf,
    0xf7, 0x7d, 0x6f, 0xfd, 0xc4, 0x30, 0x0, 0x1b,
    0xdf, 0x3a, 0x4c, 0xc8, 0x0, 0x29, 0x20, 0x5,
    0x9e, 0x31, 0x5d, 0xd1, 0x0, 0x5b, 0x0, 0x3,
    0xae, 0x20, 0x7f, 0xf0, 0x80, 0x42, 0x60, 0xe1,
    0x5c, 0x40, 0xfd, 0xc1, 0x0, 0xc, 0x68, 0x8,
    0x5f, 0xf8, 0x73, 0xfc, 0x26, 0x4, 0xd6, 0x7,
    0xbf, 0xf0, 0xe7, 0xfc, 0x40, 0x7e, 0xe2, 0x2d,
    0xdc, 0x3b, 0xb4, 0x80, 0x42, 0x88, 0xc, 0x53,
    0xee, 0x7d, 0x95, 0x80, 0x6a, 0xf0, 0x18, 0x5e,
    0x35, 0x9a, 0x20, 0x9, 0x4d, 0x40, 0x2a, 0xd,
    0xb9, 0x50, 0xd, 0x12, 0xd, 0x9b, 0xc6, 0xa9,
    0x3f, 0xb6, 0x0, 0xd7, 0x4, 0xa9, 0xde, 0xab,
    0xfc, 0x8f, 0x0,

    /* U+767B "登" */
    0x0, 0xfc, 0x50, 0x9, 0x40, 0x18, 0x7f, 0xf9,
    0x8d, 0xe2, 0xb0, 0x3, 0xf, 0xfd, 0x80, 0xc2,
    0xaa, 0xf6, 0x93, 0x0, 0xad, 0x82, 0x20, 0x0,
    0x92, 0x5b, 0x50, 0xd, 0xf3, 0x8a, 0xa1, 0x11,
    0x2d, 0x9e, 0x18, 0x4, 0x88, 0x20, 0xde, 0xe9,
    0x45, 0x98, 0x1, 0x26, 0x36, 0x77, 0xff, 0x74,
    0xc7, 0xa0, 0x6a, 0xef, 0xff, 0xe0, 0xea, 0x40,
    0x99, 0x0, 0x1f, 0xff, 0x88, 0x0, 0xa0, 0x1f,
    0xfc, 0x11, 0x0, 0xfc, 0xff, 0xfc, 0x42, 0x1,
    0xf6, 0xad, 0x7f, 0xc5, 0x2e, 0x1, 0xc4, 0x50,
    0x41, 0x99, 0x89, 0x48, 0xa0, 0x2, 0xee, 0xca,
    0x59, 0x89, 0xc, 0xdd, 0x60, 0x0,

    /* U+767D "白" */
    0x0, 0xcd, 0x0, 0x1f, 0xf5, 0x10, 0x7, 0xc2,
    0x66, 0x53, 0xf3, 0x3f, 0x3, 0xe7, 0x41, 0x47,
    0x76, 0xdc, 0x13, 0x1d, 0xdf, 0xe0, 0x10, 0xf,
    0xfe, 0x18, 0x8f, 0xe7, 0x0, 0x87, 0xbb, 0xf5,
    0x80, 0x43, 0xdd, 0xfa, 0xc0, 0x30, 0x8f, 0xe7,
    0x0, 0xff, 0xe2, 0x99, 0xfe, 0x50, 0x8, 0x77,
    0x7f, 0x40, 0x0, 0xc7, 0xbb, 0xf6, 0x80, 0xb7,
    0x80, 0x7e, 0x3f, 0x10,

    /* U+767E "百" */
    0x0, 0xff, 0xe1, 0x7f, 0xff, 0xf0, 0x7b, 0xff,
    0xc1, 0x7f, 0xfd, 0xc0, 0x1c, 0x82, 0x80, 0x1f,
    0x16, 0xed, 0x43, 0xbb, 0xc6, 0x1, 0x17, 0x7e,
    0x6f, 0xfe, 0x20, 0xe, 0x22, 0xfc, 0x1, 0xff,
    0xc8, 0xef, 0xff, 0x80, 0x3d, 0xbd, 0xdf, 0x0,
    0x78, 0xc4, 0x7e, 0x0, 0xff, 0xe4, 0x77, 0xff,
    0xc0, 0x1e, 0xee, 0xfc, 0x1, 0xf0, 0x8f, 0xde,
    0x60,

    /* U+7682 "皂" */
    0x0, 0xf6, 0x98, 0x7, 0xfc, 0x44, 0x52, 0x2,
    0x2e, 0x0, 0xe4, 0xde, 0x93, 0xfe, 0xed, 0xa8,
    0x1, 0xc3, 0x99, 0xf8, 0x40, 0x3c, 0x3f, 0xff,
    0x84, 0x3, 0xc3, 0xff, 0xf8, 0x40, 0x3c, 0x28,
    0x9f, 0x84, 0x3, 0x9d, 0x3f, 0xd3, 0xff, 0xc8,
    0xe0, 0x18, 0xee, 0xe2, 0x8b, 0xba, 0xa1, 0xa0,
    0x2, 0x12, 0x46, 0x8, 0xcd, 0xfe, 0xe8, 0x84,
    0x5f, 0xd9, 0x18, 0x19, 0x1f, 0xf6, 0xdd, 0x8,
    0xb7, 0xfb, 0x28, 0x15, 0x8, 0x2, 0x53, 0x0,
    0x10, 0x7, 0x30, 0x7, 0x44, 0x0, 0x3e, 0x4b,
    0xff, 0xe0, 0x90, 0xf, 0xaf, 0xff, 0xda, 0x40,

    /* U+7684 "的" */
    0x0, 0xff, 0xe2, 0xe, 0x10, 0x4, 0x58, 0x60,
    0x1c, 0xa6, 0x40, 0x12, 0x19, 0x80, 0x38, 0x94,
    0x3, 0x52, 0x99, 0xe4, 0xf9, 0x5f, 0xf2, 0x11,
    0xa6, 0xeb, 0x30, 0x3, 0xdd, 0x8, 0x41, 0xf7,
    0x58, 0x1, 0x8, 0xc1, 0x8b, 0xe0, 0x18, 0x40,
    0x3d, 0xb4, 0xec, 0x0, 0x70, 0x0, 0xf7, 0x42,
    0x25, 0x29, 0x10, 0x1, 0x80, 0xe6, 0x42, 0x0,
    0x61, 0x60, 0xe, 0x22, 0x80, 0x33, 0x50, 0x8,
    0x80, 0x3f, 0xa7, 0x0, 0xdc, 0x0, 0x23, 0x0,
    0x61, 0x10, 0x8, 0x80, 0x7b, 0xa1, 0x0, 0xf6,
    0x90, 0x8b, 0xfe, 0x20, 0x9, 0x33, 0x9e, 0x97,
    0x80, 0x2d, 0x40, 0x2, 0x56, 0xe8, 0x80,

    /* U+76AE "皮" */
    0x0, 0xf9, 0x3c, 0x3, 0xff, 0x84, 0x20, 0x1f,
    0xab, 0x77, 0x50, 0xee, 0xf3, 0x0, 0x1a, 0xb3,
    0x2b, 0x1c, 0xcb, 0xc9, 0x0, 0x21, 0x1e, 0x1,
    0x19, 0x90, 0x80, 0xe, 0x1, 0xfc, 0x96, 0x1,
    0x38, 0x6e, 0x62, 0x47, 0x32, 0x80, 0xc, 0x27,
    0xcc, 0xcf, 0xde, 0xf3, 0xd0, 0xc, 0x62, 0x72,
    0x86, 0x44, 0x52, 0x50, 0x8, 0x44, 0xe0, 0x6b,
    0x60, 0x53, 0x0, 0x19, 0x40, 0xc0, 0x14, 0x93,
    0xea, 0xa0, 0xd, 0xa6, 0x1, 0xc, 0x31, 0x40,
    0x7, 0x3d, 0x0, 0xa5, 0x4b, 0x2e, 0xd2, 0x90,
    0x28, 0x3e, 0x75, 0x9e, 0xcd, 0x68, 0x56, 0xc2,
    0xf0, 0xfd, 0xfc, 0x90, 0x0, 0xab, 0xee, 0x40,

    /* U+76D0 "盐" */
    0x0, 0xff, 0x8, 0x7, 0xf7, 0x30, 0x4, 0x9c,
    0x1, 0xfe, 0x30, 0xc, 0x20, 0x1e, 0x34, 0x40,
    0x6a, 0x28, 0x6, 0x20, 0xd, 0x7f, 0xe1, 0x4f,
    0x90, 0x8, 0xb5, 0x40, 0x28, 0xbb, 0xc, 0xde,
    0x0, 0x45, 0x14, 0x60, 0x1f, 0x1b, 0x0, 0x67,
    0x58, 0x0, 0x2b, 0xd0, 0xd7, 0x60, 0x7, 0x55,
    0x80, 0x26, 0xca, 0xff, 0x68, 0x1d, 0x0, 0x3d,
    0x9b, 0x6e, 0x67, 0x82, 0x4c, 0xc2, 0x1, 0x97,
    0x3f, 0xd9, 0xdf, 0x9d, 0xf8, 0xa0, 0x1e, 0xcc,
    0x7, 0x60, 0x76, 0x8, 0x7, 0xff, 0x20, 0x40,
    0x2, 0x20, 0x0, 0x80, 0x4, 0x4, 0x40, 0x7d,
    0x61, 0xdc, 0xc, 0xe0, 0xce, 0x1a, 0xe5, 0x3f,
    0xff, 0xfe, 0x12, 0x80,

    /* U+76D2 "盒" */
    0x0, 0xff, 0xe5, 0xb5, 0x80, 0x7f, 0xf0, 0x56,
    0x55, 0xc0, 0x3f, 0xe8, 0xab, 0xfa, 0xa0, 0x80,
    0x7c, 0x9a, 0x9a, 0x83, 0xa1, 0xd0, 0x40, 0x13,
    0x65, 0x52, 0x77, 0xfe, 0x7c, 0x3d, 0xc5, 0xd,
    0x4f, 0x75, 0xff, 0xda, 0x77, 0xaa, 0xe1, 0x70,
    0x1f, 0xdd, 0xf5, 0x94, 0x90, 0x7, 0x67, 0x77,
    0x58, 0x7, 0xe1, 0xce, 0xee, 0xb1, 0x0, 0xf0,
    0xf7, 0x7e, 0xa0, 0xe, 0x4f, 0xee, 0x7f, 0xbb,
    0xfd, 0xdc, 0xd0, 0xc, 0xe3, 0xdc, 0x58, 0xe7,
    0x6e, 0xa0, 0xf, 0xfe, 0x38, 0xfe, 0xf, 0xf9,
    0x63, 0xdd, 0xbe, 0xcb, 0xdc,

    /* U+76D4 "盔" */
    0x0, 0xe3, 0x10, 0xf, 0xfe, 0x14, 0x68, 0x7,
    0xfa, 0x73, 0x24, 0x2c, 0xcf, 0xc0, 0xa, 0x8f,
    0x52, 0xdf, 0xb5, 0xff, 0xd0, 0x0, 0x34, 0x34,
    0xa6, 0x3f, 0x43, 0x35, 0xba, 0x0, 0x67, 0x31,
    0xa2, 0x21, 0x81, 0xbb, 0x0, 0x64, 0x88, 0x5c,
    0x12, 0x4, 0x23, 0x90, 0x4, 0xd6, 0x8d, 0xad,
    0x67, 0x8f, 0xd2, 0x1, 0xb4, 0xe9, 0x23, 0xd7,
    0xca, 0xdf, 0xae, 0x0, 0x15, 0x85, 0x6e, 0xb8,
    0x40, 0x9e, 0x88, 0x30, 0x0, 0x93, 0xac, 0xfb,
    0x22, 0x4b, 0xf7, 0x0, 0x15, 0x51, 0xaa, 0xe2,
    0x17, 0x10, 0xb2, 0x30, 0xc, 0x99, 0xc1, 0x9a,
    0x19, 0x81, 0x30, 0xf, 0xfe, 0x33, 0xfb, 0xaf,
    0xe8, 0x7f, 0x7, 0xf8, 0x6b, 0xdd, 0xbb, 0xff,
    0xff, 0x81, 0xcc,

    /* U+76D6 "盖" */
    0x0, 0xff, 0x8, 0x7, 0xfb, 0x24, 0x0, 0x9c,
    0x40, 0x1f, 0xd2, 0x60, 0xf, 0x62, 0x0, 0xe5,
    0xff, 0xa9, 0x7f, 0xc8, 0xdf, 0xf2, 0x0, 0x17,
    0xbf, 0xf4, 0x27, 0xfe, 0xe4, 0x0, 0xc6, 0x7b,
    0xdc, 0xce, 0x40, 0xe, 0x2f, 0xfc, 0xa7, 0xff,
    0x4a, 0x80, 0x63, 0xcc, 0xd4, 0x99, 0x96, 0xa8,
    0x80, 0x2b, 0xbb, 0xa5, 0x7b, 0xb7, 0xe8, 0x2,
    0xbb, 0xbf, 0xf8, 0x18, 0x1, 0x2f, 0xff, 0xf9,
    0x80, 0x30, 0x8b, 0xfc, 0x15, 0xe3, 0x7e, 0x40,
    0x1f, 0xe1, 0x0, 0xfe, 0x21, 0x1, 0x10, 0x8,
    0x80, 0x2, 0x0, 0x11, 0x26, 0xd0, 0xf7, 0x2,
    0xb8, 0x6f, 0x8a, 0x79, 0xc0,

    /* U+76D8 "盘" */
    0x0, 0xf0, 0x90, 0x7, 0xff, 0x9, 0xb0, 0x3,
    0xfe, 0x1c, 0xc4, 0x86, 0x67, 0x0, 0x78, 0x4e,
    0xea, 0x65, 0x10, 0xa3, 0x0, 0xfc, 0x69, 0xb0,
    0xc8, 0xa2, 0x1, 0x88, 0xa0, 0x11, 0x5a, 0x0,
    0xb8, 0x9, 0x0, 0x33, 0x74, 0x15, 0xdc, 0x6d,
    0xeb, 0x1e, 0xd4, 0xe, 0xfc, 0xf, 0xea, 0xff,
    0xac, 0xbf, 0xc8, 0x1, 0x42, 0x1, 0x5e, 0x8,
    0x8, 0x7, 0xa1, 0x20, 0xf, 0xac, 0x72, 0x9c,
    0x3, 0xa9, 0x9d, 0x12, 0x34, 0x44, 0x71, 0x80,
    0x64, 0x6f, 0xf5, 0xff, 0xad, 0x32, 0x78, 0x3,
    0x18, 0xdd, 0x82, 0xac, 0x7a, 0xe8, 0x40, 0x21,
    0x30, 0x11, 0x1, 0x88, 0x8, 0x80, 0x2, 0x9,
    0xd2, 0x3d, 0xc0, 0xde, 0x1c, 0xe8, 0x3e, 0x70,

    /* U+76EE "目" */
    0x5f, 0xff, 0xf3, 0x0, 0x3f, 0xff, 0x0, 0x7f,
    0xf1, 0x11, 0x3f, 0x0, 0x6f, 0xff, 0xc0, 0x1a,
    0xef, 0xf0, 0x7, 0xff, 0x13, 0xbb, 0xf0, 0x6,
    0xff, 0xfc, 0x1, 0x84, 0x7f, 0x0, 0x7f, 0xf1,
    0x3f, 0xff, 0x0, 0x43, 0xff, 0xf8, 0x0,

    /* U+76F4 "直" */
    0x0, 0xf8, 0x40, 0x3f, 0x84, 0x84, 0x62, 0xe8,
    0x11, 0xc4, 0x1, 0x5e, 0x7f, 0xd8, 0xd, 0xff,
    0xb0, 0xc0, 0x15, 0xdd, 0xb4, 0x3b, 0xbc, 0x60,
    0x1b, 0x3f, 0xd8, 0x1f, 0xf9, 0xc0, 0x3e, 0x9f,
    0xff, 0x20, 0x7, 0xe8, 0xcc, 0xf2, 0x0, 0x7e,
    0x9e, 0xef, 0x18, 0x7, 0xea, 0xee, 0xf1, 0x80,
    0x7e, 0xae, 0xef, 0x18, 0x7, 0xef, 0x11, 0xf0,
    0x7, 0xf2, 0xff, 0xf8, 0xc0, 0x38, 0xc8, 0x57,
    0xbb, 0xc7, 0xe4, 0x60, 0x5b, 0x86, 0xd9, 0x9e,
    0x26, 0xcd, 0x30,

    /* U+76F8 "相" */
    0x0, 0x97, 0xc0, 0x3f, 0xf8, 0x42, 0x0, 0x4f,
    0xff, 0x80, 0x3e, 0x70, 0xee, 0xd6, 0x0, 0x67,
    0xc1, 0x67, 0x60, 0x11, 0xc0, 0x21, 0xf8, 0xe1,
    0xb8, 0x60, 0x1f, 0xa6, 0xc8, 0x6e, 0xca, 0x1f,
    0xfa, 0xc0, 0x21, 0x30, 0x71, 0x0, 0x7f, 0xeb,
    0x0, 0xa4, 0x1, 0xba, 0x70, 0xf, 0xe6, 0x60,
    0x53, 0x90, 0x7f, 0xeb, 0x0, 0x49, 0x60, 0x2,
    0xd4, 0x3b, 0xb5, 0x0, 0xf, 0xc0, 0x3c, 0x23,
    0xc0, 0xa, 0x30, 0xf, 0xfe, 0x4f, 0xfe, 0xb1,
    0x0, 0xc2, 0x0, 0x70, 0xee, 0xd4, 0x1, 0x97,
    0x80, 0x9, 0xc2, 0x39, 0x7c,

    /* U+770B "看" */
    0x0, 0xfc, 0x24, 0x8d, 0x10, 0x0, 0x87, 0x75,
    0xdc, 0xff, 0xd1, 0xa4, 0x22, 0x0, 0xf, 0x4e,
    0xe4, 0x8f, 0x6e, 0x5d, 0xa4, 0x40, 0x27, 0xad,
    0xc9, 0x1e, 0xed, 0xf2, 0x1, 0x93, 0xba, 0x1b,
    0xee, 0xe9, 0x10, 0x2f, 0xfe, 0x1b, 0xff, 0xf7,
    0x21, 0x7f, 0xdc, 0x33, 0xff, 0xf9, 0x0, 0x21,
    0xc1, 0x9f, 0xff, 0x38, 0x6, 0x2c, 0x25, 0xff,
    0xf1, 0x80, 0x67, 0xd7, 0x65, 0xff, 0xf1, 0x80,
    0x43, 0x51, 0x40, 0xbf, 0xfe, 0x30, 0x8, 0x75,
    0xc0, 0xb, 0xdd, 0xe3, 0x0, 0xfc, 0xbd, 0xde,
    0x30, 0xf, 0xcb, 0xff, 0xe3, 0x0, 0xfc, 0xbf,
    0xfe, 0x30, 0x8,

    /* U+771F "真" */
    0x0, 0xff, 0xe5, 0xd5, 0x80, 0x7e, 0x5d, 0xcc,
    0xc8, 0xb9, 0x9b, 0x50, 0x0, 0xb9, 0xbb, 0x82,
    0x37, 0x76, 0x20, 0x4, 0x29, 0x99, 0xc, 0x66,
    0x52, 0x20, 0x1e, 0x3c, 0xc7, 0x7e, 0x61, 0x84,
    0x3, 0xe1, 0xee, 0xf2, 0x0, 0x7e, 0x1d, 0xdf,
    0x20, 0x7, 0xe1, 0xdd, 0xf2, 0x0, 0x7f, 0x4c,
    0xf8, 0xc0, 0x3f, 0xf9, 0x3f, 0xd6, 0x11, 0x1e,
    0x36, 0xee, 0x10, 0x66, 0x5b, 0x35, 0x99, 0x35,
    0xee, 0x69, 0x1, 0x93, 0x74, 0x19, 0x10, 0xa,
    0xf9, 0xcc, 0x0, 0x5d, 0x15, 0xee, 0x0, 0x2a,
    0xe5, 0xa3, 0x0, 0x17, 0xe3, 0x0, 0x78, 0x67,
    0x8c, 0x0,

    /* U+7720 "眠" */
    0x1f, 0xfc, 0x8d, 0xff, 0xf0, 0x0, 0x43, 0xbc,
    0x5c, 0xcb, 0xff, 0x68, 0x7, 0xe1, 0x0, 0xff,
    0xe0, 0x55, 0x88, 0x0, 0xb7, 0x5f, 0xbe, 0x40,
    0x1a, 0x24, 0x40, 0x5, 0xba, 0xf, 0xdd, 0x0,
    0x62, 0x20, 0x7, 0x89, 0x80, 0x3d, 0xb8, 0x20,
    0x2, 0xcc, 0x14, 0xe6, 0x2c, 0x2, 0x8f, 0x10,
    0x0, 0xff, 0x91, 0x1f, 0xf0, 0x4, 0xa6, 0x1,
    0x19, 0xda, 0x46, 0x64, 0x0, 0x8c, 0x40, 0x3c,
    0x88, 0x10, 0xe, 0xde, 0x11, 0x0, 0x54, 0x66,
    0x60, 0x10, 0x10, 0xef, 0x37, 0x33, 0x63, 0x84,
    0x40, 0xfd, 0x6, 0x44, 0x31, 0x2c, 0x57, 0x45,
    0x1b, 0x5, 0x81, 0x80, 0x34, 0xcc, 0x1, 0x4c,
    0xac, 0x80,

    /* U+773C "眼" */
    0xdf, 0xfb, 0x3, 0xff, 0xc6, 0x7, 0x7f, 0x42,
    0x0, 0xef, 0xf8, 0x40, 0x6, 0x20, 0x1d, 0xb7,
    0x70, 0x80, 0x55, 0xf4, 0x1, 0x4f, 0xfc, 0x1,
    0xaf, 0xe8, 0x2, 0x44, 0xc2, 0x1, 0xfd, 0xdf,
    0xf0, 0x80, 0x57, 0xf4, 0x1, 0x6b, 0x3f, 0x71,
    0xc0, 0x17, 0xf4, 0x1, 0x1e, 0x20, 0xa5, 0xa0,
    0x7, 0xe4, 0x3a, 0xbc, 0x40, 0xbf, 0xa0, 0xc,
    0x2c, 0xb8, 0x60, 0xb, 0xfb, 0x10, 0x1, 0x34,
    0x5, 0x80, 0x19, 0xc1, 0x30, 0x1, 0xba, 0x1a,
    0x6a, 0xb, 0x30, 0x8, 0xc1, 0xec, 0x16, 0xd1,
    0xc0, 0x38, 0xea, 0x40, 0x24, 0xf7,

    /* U+7740 "着" */
    0x0, 0xff, 0xe4, 0xe9, 0x80, 0xb, 0xd0, 0x3,
    0xf9, 0x6c, 0x0, 0x86, 0x80, 0x1d, 0x1d, 0xd3,
    0x33, 0xfa, 0xb, 0xba, 0x60, 0x4, 0x77, 0x6a,
    0xe, 0xef, 0x30, 0x5, 0x7d, 0xd5, 0x87, 0x77,
    0x48, 0x4, 0x37, 0xdc, 0xf1, 0x9e, 0xee, 0x81,
    0x1, 0xfe, 0xec, 0x31, 0xdd, 0xdf, 0xe3, 0x1e,
    0xeb, 0x42, 0x33, 0x3d, 0xdc, 0x30, 0x8, 0xf0,
    0xf2, 0x67, 0xb5, 0x0, 0x34, 0x60, 0x2e, 0xef,
    0x80, 0x30, 0xf2, 0xe8, 0x7, 0xff, 0x0, 0x77,
    0x44, 0xd, 0x33, 0xe0, 0xe, 0x30, 0xa, 0xbf,
    0xfc, 0x1, 0xfd, 0x7d, 0xde, 0x0, 0xfe, 0xbe,
    0xef, 0x0, 0x7e, 0xe5, 0x0, 0xf7, 0xa0, 0x0,

    /* U+775B "睛" */
    0x0, 0xfe, 0x4f, 0x10, 0xe, 0xdd, 0xc7, 0x3d,
    0xca, 0xf, 0xee, 0x60, 0x0, 0xbb, 0xc, 0x23,
    0xfb, 0x43, 0xb9, 0xfa, 0x1, 0x8, 0x80, 0x2c,
    0xc7, 0x6, 0x64, 0x1, 0xa6, 0x84, 0x7, 0xb9,
    0x1, 0xdd, 0x8, 0x5, 0xdc, 0x0, 0x77, 0x3e,
    0x3, 0xfd, 0xda, 0xa0, 0x7, 0x41, 0xd, 0xfc,
    0xc7, 0x66, 0x5e, 0xa0, 0x1e, 0x3b, 0x88, 0xf1,
    0x0, 0x5b, 0xe2, 0x0, 0x61, 0xee, 0x81, 0x80,
    0x36, 0xf8, 0x80, 0x47, 0xbb, 0x10, 0x7, 0x31,
    0x0, 0x6e, 0x88, 0xb4, 0x3, 0xa3, 0x84, 0x2,
    0xbc, 0xca, 0x0, 0x3b, 0xb1, 0x0, 0x2d, 0xee,
    0xac, 0x3, 0x39, 0x85, 0x98, 0x7, 0x2d, 0x8,
    0x5, 0x2, 0x1, 0xf9, 0xc1, 0x80, 0x3f, 0xbc,
    0xc0, 0x5, 0xf0, 0x0,

    /* U+7761 "睡" */
    0x0, 0xe2, 0x21, 0xa2, 0xb4, 0xd8, 0x6e, 0xe1,
    0xaf, 0xf4, 0x57, 0x73, 0x48, 0x91, 0xe4, 0x11,
    0xb9, 0xe3, 0xe, 0xc4, 0x2, 0x60, 0x50, 0xee,
    0xa1, 0x77, 0x43, 0x1, 0xa0, 0x0, 0xa3, 0x8,
    0x36, 0x13, 0x82, 0xf8, 0xa, 0x82, 0x20, 0x34,
    0x51, 0x0, 0x8a, 0x0, 0xff, 0xe1, 0xcf, 0x6,
    0xe8, 0x78, 0xaf, 0x42, 0xbc, 0x2b, 0xc2, 0xa8,
    0x3e, 0x55, 0xe1, 0x5e, 0x6, 0x20, 0xee, 0x1,
    0x1, 0x20, 0xc, 0x94, 0x11, 0x1, 0xa2, 0xf8,
    0xb, 0xe0, 0x6f, 0xae, 0xc0, 0xfa, 0xec, 0xb,
    0xf1, 0x25, 0x59, 0x5, 0x56, 0x48, 0x50, 0xe1,
    0xbf, 0xf6, 0xf, 0xfd, 0x0,

    /* U+77E5 "知" */
    0x0, 0x41, 0x80, 0x7f, 0xc2, 0xe0, 0x1f, 0xfc,
    0x7, 0x22, 0x8, 0x88, 0x6a, 0xbc, 0x14, 0x5d,
    0xd6, 0x9a, 0xef, 0xf8, 0x94, 0xcd, 0xb8, 0x1f,
    0xe2, 0x4, 0x55, 0x68, 0xa3, 0x93, 0x80, 0x7f,
    0x9a, 0x44, 0x84, 0x70, 0x7, 0xbf, 0xb9, 0x23,
    0xdc, 0x90, 0xf, 0x77, 0xf9, 0x5b, 0xfd, 0x0,
    0x1f, 0xc8, 0x60, 0x1f, 0xf3, 0xb, 0xd8, 0x4,
    0xc4, 0x43, 0x0, 0xa1, 0xf4, 0x30, 0x1, 0x7f,
    0xe8, 0x0, 0x49, 0xc0, 0x5b, 0x90, 0x6e, 0xd6,
    0x2c, 0xfe, 0x1, 0x59, 0x30, 0x80, 0x12, 0xdb,
    0x8, 0x3, 0xa4, 0x80, 0x2, 0x80,

    /* U+77ED "短" */
    0x0, 0x62, 0x80, 0x7f, 0xf0, 0x48, 0xd8, 0x2,
    0xcf, 0xff, 0x80, 0x8, 0xc, 0xaa, 0x4c, 0xff,
    0xf8, 0x1, 0xa3, 0x15, 0x3a, 0x4, 0x5e, 0x10,
    0x14, 0xde, 0xc, 0x90, 0xdf, 0xfd, 0xb2, 0x3,
    0x86, 0x1, 0xef, 0xdd, 0x97, 0xc0, 0x4, 0xe,
    0x20, 0x20, 0x1f, 0xee, 0xfb, 0x1f, 0xf0, 0x1,
    0xcc, 0xe1, 0x0, 0xbf, 0xce, 0x7f, 0xc0, 0x73,
    0xff, 0x38, 0x80, 0x64, 0x1, 0x0, 0x5f, 0xe6,
    0x21, 0x9c, 0x2, 0x23, 0x6f, 0x40, 0xd8, 0x0,
    0x6b, 0x88, 0x5, 0x29, 0x4d, 0x65, 0x28, 0x42,
    0xd2, 0x1, 0x3a, 0x48, 0x47, 0x19, 0x59, 0xc9,
    0xa8, 0x8d, 0x54, 0x20, 0xb, 0xb9, 0x7c, 0xe7,
    0xdc, 0x81, 0xd5, 0x0, 0x87, 0xff, 0xf4, 0x80,

    /* U+77EE "矮" */
    0x0, 0xff, 0xe3, 0x5a, 0x0, 0x42, 0x6a, 0xf5,
    0xea, 0x1, 0x12, 0x28, 0x0, 0xfb, 0x93, 0x2c,
    0xb7, 0x0, 0x94, 0x9d, 0x94, 0xff, 0x7c, 0xd9,
    0x8, 0x2, 0xa7, 0x8c, 0x3a, 0xdd, 0x8b, 0x76,
    0x70, 0x53, 0xa3, 0x96, 0xad, 0x73, 0x20, 0xed,
    0x70, 0x1b, 0x3, 0x10, 0x3, 0xb4, 0x84, 0x71,
    0x0, 0x15, 0xc8, 0x44, 0x57, 0x6d, 0x71, 0x5a,
    0xd6, 0x7, 0xee, 0x7, 0xc4, 0x30, 0x67, 0xc1,
    0xed, 0x41, 0xb3, 0x83, 0x2c, 0x44, 0x4a, 0xe2,
    0x25, 0x10, 0x9, 0x84, 0x17, 0xf7, 0x6, 0x37,
    0xb7, 0xc0, 0x2c, 0x1b, 0x4d, 0xd0, 0x6e, 0x52,
    0x66, 0x80, 0x4d, 0x4d, 0x20, 0x81, 0xd, 0x12,
    0x1, 0xa0, 0xd7, 0xd4, 0x57, 0x8e, 0x46, 0xc8,
    0x0, 0x8f, 0x20, 0x5c, 0x91, 0x8b, 0x7a, 0x1a,
    0xe0, 0xd2, 0x80, 0x1, 0x90, 0xfd, 0x42, 0x9c,
    0x50,

    /* U+77F3 "石" */
    0x0, 0xff, 0xe2, 0xf, 0xff, 0xff, 0x3, 0x80,
    0x7b, 0xb4, 0xf, 0x77, 0xbc, 0x0, 0x23, 0xad,
    0xc4, 0x7e, 0x0, 0xe3, 0x35, 0x80, 0x7f, 0xf0,
    0x3d, 0xc, 0x47, 0xc0, 0x1c, 0xc6, 0x9d, 0xde,
    0xf0, 0xc, 0x72, 0x1b, 0xff, 0xd2, 0x1, 0x8f,
    0x54, 0x3, 0xf1, 0x80, 0x1b, 0x1e, 0xc0, 0x3f,
    0xc3, 0x6f, 0x20, 0x1f, 0xf0, 0xec, 0x0, 0x4c,
    0x45, 0xc2, 0x1, 0xfa, 0xb3, 0x3a, 0xc, 0x3,
    0xec, 0xee, 0xe9, 0x0, 0xf0, 0xe9, 0x0, 0x73,
    0x70, 0x0,

    /* U+7801 "码" */
    0x0, 0xfc, 0x20, 0x1f, 0xf, 0xff, 0x6c, 0xf7,
    0xfe, 0xb0, 0x0, 0xff, 0x86, 0xff, 0x67, 0x31,
    0xfe, 0x72, 0x0, 0xc2, 0x24, 0x0, 0xa6, 0x80,
    0x5, 0xc0, 0x19, 0xcc, 0x3, 0xf, 0x80, 0x1c,
    0x80, 0x36, 0x8d, 0x51, 0x41, 0x88, 0x0, 0x4c,
    0x1, 0x12, 0x36, 0xe, 0x81, 0x38, 0x8, 0x10,
    0x5, 0x60, 0x6c, 0x5e, 0x21, 0x9f, 0xc1, 0xde,
    0x6, 0xc8, 0x1, 0x87, 0xff, 0xa8, 0x80, 0xa0,
    0x80, 0x31, 0x17, 0x19, 0x8, 0xb, 0x81, 0x21,
    0x7, 0xe6, 0x75, 0xb0, 0x6, 0x7f, 0x5f, 0xde,
    0xed, 0xea, 0x40, 0x19, 0x6e, 0xda, 0x1, 0xe4,
    0xd0, 0xa, 0xe8, 0x15, 0x40, 0x1b, 0x7c, 0xd4,
    0x2, 0x22, 0x0, 0x7d, 0x15, 0xe0, 0x0,

    /* U+7834 "破" */
    0x0, 0xff, 0x1f, 0x80, 0x72, 0x27, 0x80, 0x21,
    0x10, 0x7, 0x66, 0xcc, 0xb7, 0x87, 0xb9, 0x83,
    0xdc, 0xd0, 0x4, 0x48, 0xdc, 0xd0, 0x8b, 0x74,
    0x3f, 0x2, 0x1, 0x9, 0xb8, 0x6, 0x21, 0x1,
    0xb, 0x0, 0x98, 0x91, 0x48, 0x3, 0xcc, 0xe0,
    0x1, 0x90, 0xcb, 0x41, 0xe, 0xd1, 0xff, 0x30,
    0x2, 0xc5, 0xe5, 0x40, 0xc1, 0x99, 0xfe, 0x12,
    0x3, 0x47, 0x0, 0xc2, 0x18, 0xa0, 0x42, 0xa0,
    0x7f, 0xe0, 0xc, 0xc2, 0x86, 0x28, 0x62, 0x0,
    0x10, 0x0, 0x80, 0x9, 0x45, 0x26, 0xe8, 0x3,
    0x97, 0xd0, 0x2f, 0x2, 0x1c, 0x18, 0x3, 0x97,
    0xa3, 0x8d, 0x42, 0x88, 0xd4, 0x3, 0x1f, 0x83,
    0xaa, 0x9f, 0x4b, 0x6a, 0xf0, 0xc0, 0x8, 0xa0,
    0xc, 0xb4, 0xab, 0x4, 0xfb, 0x30,

    /* U+7840 "础" */
    0x0, 0xff, 0x27, 0x80, 0x70, 0x91, 0x63, 0x0,
    0x9c, 0x3, 0xcf, 0x98, 0xdf, 0xf1, 0xf0, 0x0,
    0x40, 0xfc, 0x0, 0xdc, 0xcb, 0xb8, 0x1, 0xf0,
    0x80, 0x64, 0xc0, 0xf, 0xfe, 0x9, 0x1a, 0x0,
    0x61, 0x70, 0x17, 0x0, 0xd0, 0x1b, 0xee, 0x3,
    0xd6, 0x3d, 0x60, 0x12, 0xad, 0xea, 0x27, 0xfe,
    0xc1, 0xff, 0x70, 0xd, 0x10, 0x6, 0x17, 0x0,
    0xe7, 0x11, 0x5d, 0x80, 0x31, 0x40, 0x7, 0x41,
    0x82, 0x0, 0x78, 0x40, 0x3c, 0x60, 0x13, 0xcb,
    0x80, 0x7f, 0xf0, 0x47, 0xc4, 0x40, 0x1c, 0x22,
    0x0, 0xc2, 0xcc, 0xe5, 0x71, 0xfc, 0xf, 0xc0,
    0x30, 0x3, 0xd0, 0x11, 0x13, 0xfe, 0xee, 0x68,
    0x0,

    /* U+7897 "碗" */
    0x0, 0xff, 0x61, 0x80, 0x72, 0xb3, 0x4e, 0x1,
    0xd6, 0x1, 0xdb, 0xf3, 0x9a, 0x7f, 0xdc, 0x26,
    0xef, 0xb0, 0x4, 0x40, 0x2a, 0x82, 0x1d, 0xdd,
    0x22, 0x1, 0x3a, 0x0, 0xd, 0x98, 0x1, 0x97,
    0xc0, 0x2b, 0x24, 0x21, 0xa, 0x42, 0x88, 0x5a,
    0x0, 0x1c, 0x96, 0x6c, 0x59, 0xe9, 0x1c, 0x1c,
    0xc0, 0xe0, 0x21, 0x42, 0xd6, 0xc0, 0x82, 0x44,
    0x0, 0x74, 0x40, 0x17, 0xf8, 0xc5, 0x40, 0x3c,
    0xa0, 0x19, 0x4b, 0x8, 0x42, 0x4, 0xc0, 0x3f,
    0x39, 0xa8, 0x3, 0x28, 0x40, 0x35, 0xb8, 0x0,
    0xca, 0x40, 0x8, 0xa0, 0x1d, 0x75, 0xe5, 0xb6,
    0x20, 0x2, 0x6d, 0x0, 0x9d, 0x95, 0x32, 0x54,
    0x0, 0x99, 0x34, 0x1, 0x51, 0x1, 0x63, 0x80,
    0x57, 0xfe, 0x70,

    /* U+793A "示" */
    0x0, 0xff, 0xe2, 0x7f, 0xff, 0x84, 0x2, 0xde,
    0xef, 0xda, 0x20, 0x11, 0x8, 0xfe, 0x20, 0xf,
    0xfe, 0x25, 0x6e, 0xff, 0xf0, 0x67, 0xbb, 0x94,
    0x7b, 0xba, 0x4c, 0xe0, 0x33, 0x78, 0x19, 0x88,
    0xcc, 0x80, 0x2, 0xc5, 0x0, 0xcd, 0x82, 0x1,
    0xa4, 0xd4, 0x3, 0x30, 0xd0, 0x4, 0xa9, 0xc0,
    0x1e, 0xd5, 0x90, 0x2a, 0x82, 0x0, 0xf0, 0xd3,
    0x2b, 0x9b, 0x80, 0x5e, 0xe0, 0x12, 0x40, 0xae,
    0x0, 0x13, 0xdc, 0xc0, 0x33, 0xa0, 0x6, 0x49,
    0xd8, 0x0, 0xf0,

    /* U+793C "礼" */
    0x0, 0xc2, 0x1, 0xff, 0xc2, 0x6f, 0x0, 0xcd,
    0xe0, 0x1f, 0x9c, 0x58, 0x2, 0x30, 0xf, 0x88,
    0x87, 0x28, 0x42, 0x0, 0x10, 0xf, 0x76, 0xea,
    0x77, 0x52, 0x1, 0xfd, 0x9f, 0xf3, 0x8c, 0x0,
    0x7f, 0xf0, 0xd, 0xec, 0x3, 0xff, 0x80, 0x5a,
    0xaa, 0x0, 0xff, 0x8f, 0x7, 0x39, 0x80, 0x3f,
    0x9f, 0x1c, 0x4d, 0xa4, 0x80, 0x3e, 0x29, 0x89,
    0x0, 0x43, 0x18, 0x7, 0xc5, 0xee, 0x1, 0xa4,
    0x40, 0x3f, 0x8, 0x7, 0xfc, 0x3c, 0x60, 0x1f,
    0xe1, 0x31, 0x61, 0x10, 0x6, 0x10, 0xc, 0x83,
    0x9d, 0xc, 0x40, 0x1f, 0xc3, 0xdf, 0xf4, 0x80,

    /* U+7956 "祖" */
    0x0, 0xff, 0xe2, 0x9f, 0x18, 0x7, 0xff, 0x0,
    0xcd, 0x20, 0xf, 0xff, 0x20, 0x0, 0x87, 0xac,
    0x40, 0x15, 0xbb, 0x8, 0x0, 0xb7, 0xb3, 0xb4,
    0x0, 0xc4, 0x50, 0x4, 0x5f, 0xf0, 0xd0, 0x7,
    0xff, 0x1, 0x81, 0x80, 0x19, 0xff, 0x8, 0x6,
    0x18, 0x90, 0xa, 0xfb, 0xa1, 0x0, 0xd6, 0x3c,
    0x80, 0x7, 0x11, 0x80, 0x33, 0xa8, 0x25, 0x10,
    0x38, 0x8c, 0x1, 0x2c, 0x51, 0x41, 0x38, 0x5f,
    0x74, 0x20, 0x4, 0xa5, 0x0, 0x62, 0x86, 0x7f,
    0xc2, 0x0, 0x15, 0x0, 0xff, 0xe3, 0x9, 0x3,
    0x91, 0x40, 0x24, 0x1, 0x18, 0x36, 0x85, 0xee,
    0xc3, 0x5a, 0x1, 0x8d, 0xff, 0xff, 0x80,

    /* U+7968 "票" */
    0xa, 0xee, 0xff, 0xe0, 0x60, 0x2, 0xbb, 0xad,
    0xe, 0xc1, 0xfe, 0xeb, 0x40, 0x2b, 0xcc, 0x70,
    0xe7, 0x6, 0xe6, 0x42, 0x1, 0x2a, 0x45, 0x84,
    0x48, 0x4c, 0x59, 0x80, 0x76, 0xa2, 0x8a, 0x38,
    0x22, 0xc, 0x40, 0x3a, 0xbf, 0x7, 0xf4, 0x3b,
    0xec, 0x40, 0x37, 0x7f, 0xff, 0xc0, 0x1a, 0xbb,
    0xbf, 0xd6, 0x1, 0xab, 0xbb, 0xfd, 0x60, 0x3,
    0xfe, 0xef, 0xfe, 0xa, 0x9f, 0x75, 0x9d, 0xc6,
    0x5e, 0xe7, 0xf7, 0x4a, 0x2, 0x11, 0xa4, 0x1e,
    0x0, 0x1f, 0x91, 0x0, 0x97, 0x5a, 0xc8, 0x3c,
    0x0, 0x36, 0x9c, 0xe0, 0x1, 0x5e, 0x40, 0xc7,
    0xc0, 0x2, 0xec, 0x90, 0x1, 0x20, 0x2, 0xfc,
    0x70, 0xc, 0xca, 0x0,

    /* U+79BB "离" */
    0x0, 0xf1, 0x90, 0x7, 0xff, 0x3, 0xec, 0x3,
    0xd5, 0xbb, 0xc4, 0xdb, 0xbe, 0xbc, 0xdd, 0x5f,
    0x73, 0xe5, 0xbb, 0x73, 0x2, 0xb2, 0x3d, 0xfb,
    0x54, 0xd2, 0x39, 0x10, 0x15, 0x1c, 0x50, 0x0,
    0xe1, 0x32, 0x0, 0x61, 0xff, 0x6d, 0x71, 0x20,
    0x7, 0x1e, 0x35, 0xee, 0xb1, 0x6a, 0xc4, 0x0,
    0xbd, 0x99, 0xc, 0xe6, 0x5f, 0x80, 0x1, 0x0,
    0x94, 0xc0, 0x3e, 0x4e, 0xcc, 0xac, 0x67, 0x33,
    0x7c, 0x81, 0x6e, 0xa0, 0x7f, 0x71, 0x37, 0x4c,
    0x1, 0x9a, 0xa8, 0x6, 0x8d, 0x20, 0x1e, 0xf0,
    0xbc, 0x8c, 0x76, 0x10, 0xe, 0xbc, 0xfd, 0xb9,
    0x8d, 0x43, 0x1, 0x0, 0x11, 0x80, 0x71, 0x52,
    0xe2, 0xe8, 0x7, 0xf7, 0xf2, 0x80,

    /* U+79CB "秋" */
    0x0, 0xc4, 0xd6, 0x20, 0xe, 0x70, 0xe, 0x8b,
    0xed, 0xd6, 0x18, 0x4, 0x40, 0x1d, 0xbd, 0x3,
    0x6e, 0x40, 0x3, 0x0, 0xf2, 0xa8, 0x80, 0x22,
    0x60, 0x0, 0x83, 0x10, 0x0, 0x88, 0x20, 0x44,
    0x48, 0x3, 0x1, 0x97, 0x2, 0xcc, 0x50, 0xe6,
    0x38, 0x80, 0x44, 0xa0, 0xa0, 0x5d, 0xc3, 0x1e,
    0xe0, 0x30, 0x81, 0x69, 0x80, 0x61, 0x30, 0x42,
    0xfc, 0x30, 0xee, 0x48, 0x6, 0x81, 0xc, 0xf6,
    0x62, 0x2, 0xba, 0x80, 0x46, 0xd0, 0x10, 0xd0,
    0x1a, 0xc6, 0x20, 0x10, 0xf3, 0x10, 0x2, 0xa0,
    0x52, 0x96, 0x40, 0x23, 0x19, 0x0, 0x84, 0x50,
    0x66, 0x97, 0x20, 0x1, 0x60, 0x7, 0x2b, 0x78,
    0x1a, 0x70, 0x7, 0xe5, 0xa8, 0x30, 0x5, 0x16,
    0x8, 0x6, 0x10, 0xe6, 0x70, 0x8, 0x75, 0xc0,
    0x32, 0x78, 0x5c, 0x80, 0x71, 0xd8, 0x80,

    /* U+79D1 "科" */
    0x0, 0xc4, 0xf2, 0x1, 0x8b, 0xc8, 0x2, 0x7b,
    0xfd, 0xc1, 0x2, 0x40, 0xf, 0x8f, 0x64, 0x2e,
    0x1, 0x2c, 0xc0, 0x3c, 0x8c, 0x40, 0x19, 0x99,
    0xa2, 0x1, 0xc8, 0x64, 0x6, 0x61, 0x9, 0x40,
    0xf, 0x56, 0xc0, 0x76, 0xac, 0x5, 0x8, 0x7,
    0x77, 0x1c, 0x33, 0xd1, 0x18, 0x20, 0x1f, 0x9c,
    0x27, 0x43, 0x7, 0x40, 0x3e, 0x61, 0x8, 0x19,
    0xf, 0x90, 0x3, 0xb8, 0x80, 0x10, 0xe0, 0xf,
    0xb4, 0x5f, 0xf0, 0x5e, 0x8, 0x49, 0x60, 0x0,
    0x76, 0xf0, 0xac, 0x32, 0xcc, 0x5b, 0xc0, 0x23,
    0xbf, 0xb8, 0x40, 0xc, 0x3a, 0x60, 0x19, 0x0,
    0x3f, 0x88, 0x3, 0xff, 0xa4,

    /* U+79D8 "秘" */
    0x0, 0xe4, 0x0, 0xf1, 0x90, 0x4, 0x8d, 0x3d,
    0x68, 0x9, 0x64, 0x1f, 0x60, 0x17, 0xe3, 0x4f,
    0x20, 0x28, 0x61, 0x13, 0x0, 0x2b, 0xa2, 0x20,
    0x80, 0x6, 0xec, 0x42, 0xe0, 0x1f, 0xe2, 0x85,
    0x30, 0x20, 0x1, 0xff, 0x15, 0x73, 0x0, 0xb0,
    0x29, 0x80, 0x47, 0xba, 0x9, 0xf5, 0xe7, 0x0,
    0x7a, 0xe9, 0x80, 0x9, 0x43, 0xd5, 0x8d, 0xc0,
    0xf, 0xad, 0x60, 0x16, 0x81, 0x56, 0xa0, 0x1,
    0x1, 0x35, 0x80, 0x4, 0x83, 0xd2, 0x7e, 0x0,
    0x86, 0x7, 0x13, 0x9, 0x63, 0x7, 0x72, 0x0,
    0x94, 0x80, 0xf1, 0xaa, 0x40, 0x5, 0x84, 0xa1,
    0x42, 0x2, 0x20, 0x5b, 0x10, 0x8, 0x66, 0x42,
    0x80, 0xf, 0x50, 0x2, 0x0, 0x49, 0xc9, 0x22,
    0x64, 0xa2, 0xc0, 0x18, 0xc1, 0x2b, 0x58, 0xf3,
    0x6d, 0x4c, 0x3, 0x8c, 0x14, 0x1, 0x9f, 0xee,
    0xa0, 0x0,

    /* U+79DF "租" */
    0x0, 0xe3, 0x50, 0xf, 0xf1, 0xbd, 0x76, 0xe0,
    0x7f, 0xf6, 0x80, 0x4d, 0xc4, 0x3d, 0x20, 0xf,
    0xfa, 0xc4, 0x2, 0x59, 0xb0, 0xf, 0xfe, 0x8,
    0x88, 0x0, 0x22, 0x0, 0x22, 0x46, 0x1, 0xaf,
    0xf0, 0x3f, 0xc0, 0xf, 0xfa, 0xc0, 0x35, 0x72,
    0x87, 0x70, 0x1, 0x77, 0x40, 0x7, 0x94, 0x1a,
    0x40, 0x3f, 0xe6, 0x20, 0x76, 0x30, 0xee, 0xa8,
    0x3, 0xa2, 0x80, 0x60, 0x1, 0xdd, 0x50, 0x6,
    0xb2, 0x40, 0x3, 0x98, 0x7, 0xf0, 0xf0, 0x7,
    0xff, 0xa, 0x88, 0x2, 0x45, 0x5, 0x5b, 0x5,
    0x48, 0x3, 0xd9, 0xc9, 0xdd, 0x1b, 0x4b, 0x0,

    /* U+79FB "移" */
    0x0, 0xfe, 0x10, 0xf, 0xc4, 0xb1, 0x96, 0x0,
    0xae, 0x0, 0xf6, 0x6d, 0x3b, 0xb0, 0x9, 0x24,
    0x3, 0xd1, 0x34, 0x16, 0xe1, 0x21, 0x3d, 0xcf,
    0x50, 0x2, 0x33, 0x80, 0x52, 0x95, 0x9d, 0x24,
    0xa0, 0x3b, 0x9c, 0x19, 0xba, 0xc3, 0xc8, 0x87,
    0x0, 0x7, 0xf5, 0x3, 0x7d, 0xd, 0xc9, 0xac,
    0xc0, 0x22, 0x14, 0x0, 0x12, 0xcf, 0x12, 0x28,
    0x7, 0x21, 0x86, 0xb4, 0xbc, 0x2b, 0x88, 0x7,
    0x41, 0x85, 0xcc, 0x70, 0xa1, 0x7f, 0xc2, 0xe,
    0x70, 0xf, 0x2b, 0x13, 0x5f, 0xe7, 0x51, 0x14,
    0xc3, 0x0, 0x19, 0x55, 0x9e, 0xc4, 0xf0, 0x3,
    0x8e, 0x1, 0x93, 0x4e, 0x21, 0x92, 0x40, 0x2,
    0x0, 0xf0, 0xa5, 0x8c, 0x30, 0x7, 0xe2, 0xee,
    0x50, 0xf3, 0x0, 0x78, 0xbc, 0xa, 0xb7, 0xa0,
    0x40, 0x30,

    /* U+7A0B "程" */
    0x0, 0xc7, 0x24, 0x1, 0xfe, 0x7d, 0xfc, 0x25,
    0x3f, 0xff, 0x80, 0xb, 0x32, 0x2b, 0x71, 0xe,
    0xed, 0x20, 0x11, 0x21, 0x0, 0x70, 0x8e, 0x1,
    0x0, 0x22, 0xe1, 0xaa, 0x84, 0x2e, 0xf5, 0x8,
    0x3, 0x39, 0x47, 0xbc, 0xa7, 0x77, 0x54, 0x80,
    0x22, 0xd8, 0xae, 0x81, 0x1d, 0xf9, 0x0, 0x22,
    0x40, 0x74, 0x46, 0x7f, 0xbb, 0xfd, 0x86, 0x0,
    0x92, 0x0, 0x52, 0xf7, 0x28, 0x7b, 0xa3, 0x8,
    0x58, 0x7, 0x43, 0x44, 0x18, 0xa2, 0x40, 0x6,
    0xb1, 0x0, 0x50, 0xd4, 0xd0, 0x4c, 0xbc, 0x1,
    0x8a, 0x1, 0x8b, 0xb6, 0x47, 0x75, 0x60, 0x2,
    0x0, 0xe2, 0x28, 0x40, 0x8b, 0x0, 0x78, 0xb7,
    0x6a, 0x1d, 0xdb, 0x80, 0x21, 0x30, 0x2f, 0xff,
    0xd8,

    /* U+7A0D "稍" */
    0x0, 0xc8, 0xa0, 0x20, 0xe, 0x50, 0x21, 0x0,
    0x3d, 0xf5, 0xe1, 0x70, 0x80, 0x6e, 0xa0, 0x7,
    0x60, 0x54, 0x91, 0xc0, 0x18, 0x31, 0x50, 0x2,
    0x5c, 0xc0, 0x28, 0x10, 0x8, 0x68, 0x40, 0x50,
    0xcc, 0x46, 0xb, 0x22, 0x6, 0xca, 0x0, 0x5a,
    0xe1, 0x9d, 0x2c, 0xee, 0x14, 0xf7, 0x14, 0x13,
    0xa4, 0x2f, 0x88, 0x27, 0xff, 0x8, 0x6, 0xe0,
    0xe7, 0x0, 0x4f, 0x76, 0x10, 0x8, 0xd0, 0x4a,
    0x8, 0x23, 0x77, 0x0, 0x6f, 0x93, 0xc5, 0x10,
    0x12, 0x2c, 0x20, 0x6, 0x27, 0x0, 0x51, 0x84,
    0xf7, 0x61, 0x0, 0x36, 0x80, 0x7a, 0x7b, 0xb0,
    0x80, 0x46, 0x6, 0x1, 0x8c, 0x47, 0x0, 0x7f,
    0xf0, 0x8e, 0x44, 0x3, 0x88, 0x2, 0x30, 0x8,
    0x99, 0x10, 0x1, 0xb1, 0x40, 0x1c, 0xa0, 0x1,
    0xfb, 0x10,

    /* U+7A3D "稽" */
    0x0, 0xc4, 0xa0, 0x2, 0xd2, 0x25, 0x8, 0x4,
    0xf3, 0xba, 0xe1, 0x6, 0x22, 0x8d, 0x40, 0x37,
    0x9e, 0xdc, 0x7d, 0x87, 0x7b, 0xd7, 0x0, 0x1d,
    0x80, 0x29, 0xf3, 0x8c, 0xe, 0xe3, 0xa, 0x76,
    0x8f, 0xda, 0xe0, 0xb9, 0x1e, 0xe8, 0xc5, 0x3f,
    0x83, 0xef, 0x83, 0x0, 0x1d, 0x79, 0x60, 0x1,
    0x40, 0xa, 0xcb, 0x75, 0xd9, 0x48, 0x1, 0xa8,
    0x3a, 0xc0, 0xe7, 0x3b, 0x98, 0x98, 0x20, 0xa6,
    0x12, 0x8a, 0xa8, 0xfe, 0xeb, 0x1c, 0x45, 0x70,
    0xf, 0x4d, 0xf5, 0x33, 0xae, 0xc0, 0x4a, 0xc0,
    0x5, 0x28, 0x11, 0xe9, 0x0, 0x1d, 0x80, 0x61,
    0xb, 0xbe, 0x0, 0xff, 0xb7, 0x76, 0x0, 0x7f,
    0x8, 0x6e, 0xec, 0x0, 0xe1, 0x1, 0x1, 0xfd,
    0xde, 0xf0, 0x0,

    /* U+7A74 "穴" */
    0x0, 0xff, 0xe4, 0x26, 0x0, 0x7f, 0xf0, 0x58,
    0xe0, 0x3, 0xff, 0x80, 0x51, 0xa0, 0x1f, 0x37,
    0xff, 0x45, 0x7f, 0xf3, 0x0, 0x5f, 0xff, 0xe1,
    0x0, 0xff, 0x30, 0x80, 0x8, 0xc1, 0xf4, 0x1,
    0x88, 0x0, 0x97, 0x0, 0x62, 0x80, 0x90, 0x29,
    0xb8, 0x1, 0x74, 0x3, 0xf7, 0x19, 0x80, 0x1e,
    0x86, 0x1, 0xe3, 0x49, 0x0, 0x94, 0x60, 0x3,
    0xd0, 0x4a, 0x1, 0xa1, 0x14, 0x3, 0x2a, 0x40,
    0x7, 0x31, 0xd2, 0x0, 0xa, 0xd1, 0x40, 0x3d,
    0xa3, 0x6c, 0x10, 0x34, 0x1, 0xf0, 0xe8, 0x80,
    0x2b, 0x44, 0x3, 0xf1, 0xfb, 0x0,

    /* U+7A7A "空" */
    0x0, 0xf8, 0x40, 0x3f, 0xf8, 0x35, 0x80, 0x1f,
    0xfc, 0x1e, 0x32, 0x0, 0xf3, 0x7f, 0xf5, 0x8e,
    0xff, 0xe7, 0x0, 0xe, 0xeb, 0x37, 0x7e, 0x10,
    0xc, 0x43, 0xa8, 0x44, 0x8, 0x12, 0x20, 0x83,
    0x73, 0x61, 0x20, 0x4, 0x39, 0x7e, 0xc0, 0x99,
    0x32, 0xc2, 0x0, 0x15, 0xd9, 0xb2, 0x1, 0x99,
    0xac, 0x1, 0xe4, 0xd8, 0x90, 0x2a, 0xdf, 0xff,
    0xe3, 0x10, 0xb, 0x37, 0xb8, 0xe3, 0xdc, 0xdd,
    0x28, 0x6, 0x32, 0x11, 0x78, 0x8, 0x88, 0x82,
    0x1, 0xff, 0xc5, 0x21, 0x1e, 0x0, 0x8, 0xfd,
    0x9d, 0xdd, 0x3, 0xdd, 0xeb, 0xff, 0xff, 0xe1,
    0x58,

    /* U+7A7F "穿" */
    0x0, 0xfa, 0x5c, 0x3, 0xf8, 0x8b, 0x8e, 0x88,
    0xbc, 0x0, 0x5d, 0xff, 0xce, 0x1f, 0xfb, 0x30,
    0x1, 0xe, 0xea, 0xd3, 0x75, 0xd, 0x3b, 0x40,
    0x13, 0xc3, 0x6d, 0xf8, 0x1, 0xe, 0xf4, 0x58,
    0x0, 0x48, 0x35, 0x8e, 0x22, 0x9, 0xd4, 0x78,
    0x0, 0xbe, 0x63, 0xff, 0xbb, 0x1f, 0x0, 0x36,
    0xd0, 0x7f, 0x76, 0x1b, 0xee, 0x0, 0x61, 0x97,
    0x1, 0x1c, 0x6, 0x24, 0x40, 0x9, 0x9, 0xff,
    0xee, 0xe0, 0xc7, 0xe6, 0x0, 0x25, 0xef, 0xee,
    0x21, 0x70, 0xdf, 0x74, 0x1, 0x84, 0x1b, 0x83,
    0x4, 0x3, 0xe1, 0x48, 0xeb, 0xb5, 0x8, 0x8,
    0x7, 0xae, 0xc5, 0x5a, 0xa1, 0x5c, 0xc, 0x1,
    0xd5, 0xf4, 0x80, 0x17, 0xbd, 0x18, 0x6,

    /* U+7A97 "窗" */
    0x0, 0xff, 0xe3, 0x9e, 0x80, 0x7c, 0x67, 0xce,
    0x4c, 0x67, 0xc3, 0x9d, 0xff, 0x41, 0xd7, 0xfe,
    0xd6, 0x18, 0xc9, 0xc, 0xc8, 0x1a, 0x31, 0x1,
    0xbf, 0x66, 0x99, 0xc3, 0x8a, 0x78, 0xda, 0xc3,
    0xb1, 0xa0, 0x80, 0xa3, 0x6b, 0xc4, 0xc7, 0x3f,
    0xc3, 0x5f, 0xfa, 0xcc, 0x0, 0x2f, 0xfc, 0x99,
    0xff, 0x84, 0x40, 0x18, 0x75, 0x37, 0xb9, 0xa2,
    0x1, 0xec, 0x48, 0xce, 0x35, 0x10, 0xf, 0x64,
    0x16, 0x6a, 0x40, 0x7, 0xcb, 0x56, 0x5, 0xc0,
    0x1f, 0x8, 0x82, 0x32, 0x74, 0x88, 0x1, 0x85,
    0xe1, 0xef, 0xed, 0xff, 0xc2, 0x1, 0x9b, 0x77,
    0xf0, 0x80, 0x0,

    /* U+7A9D "窝" */
    0x0, 0xf0, 0xa0, 0x7, 0xff, 0x5, 0x2c, 0x3,
    0xed, 0xee, 0xeb, 0xe, 0xee, 0xd0, 0x2a, 0xee,
    0x46, 0x77, 0xf3, 0x6f, 0x69, 0x4, 0xbb, 0x6c,
    0x28, 0x0, 0x45, 0x98, 0x5d, 0x4, 0xcb, 0xb7,
    0xb8, 0x0, 0x67, 0x92, 0x44, 0xb, 0xa2, 0x7b,
    0xff, 0xb9, 0xfc, 0xc0, 0x2, 0x3, 0xff, 0xec,
    0x10, 0xf, 0xe, 0x67, 0xb8, 0x40, 0x39, 0x7b,
    0x75, 0x45, 0xba, 0xce, 0x0, 0x8f, 0xfd, 0xdd,
    0x48, 0xf7, 0x6f, 0x70, 0xa, 0xff, 0xdc, 0x27,
    0x9f, 0xf1, 0x80, 0x4, 0x1c, 0x6, 0x8c, 0x32,
    0x88, 0x3, 0xe7, 0xf6, 0xcc, 0x52, 0x28, 0x6,
    0x10, 0x2, 0xbe, 0x88, 0x2f, 0xaa, 0x10, 0x7,
    0x14, 0x80, 0x61, 0x7b, 0x4, 0x3, 0xf3, 0x0,
    0xf9, 0x7b, 0x86, 0x0,

    /* U+7AD9 "站" */
    0x0, 0xb0, 0x80, 0x30, 0xf9, 0x0, 0x7c, 0xd0,
    0x1, 0xff, 0xc2, 0x9d, 0x0, 0xff, 0xe0, 0x6e,
    0xba, 0xb7, 0x4a, 0x1, 0x6f, 0xfc, 0x41, 0x32,
    0xee, 0xa5, 0x0, 0x2c, 0xed, 0xd1, 0x3, 0x9,
    0x99, 0x44, 0x40, 0x10, 0x88, 0x88, 0x0, 0x6a,
    0x0, 0x6e, 0x80, 0x3f, 0xc8, 0x28, 0xd, 0x8d,
    0xde, 0x19, 0xdc, 0x30, 0x9, 0x34, 0x9, 0x0,
    0xbf, 0xbf, 0x4, 0x3, 0x61, 0x98, 0x80, 0x21,
    0x18, 0xc0, 0x39, 0xa9, 0x1d, 0x4, 0x3, 0xf9,
    0x5e, 0xa5, 0x63, 0xc0, 0x3f, 0xa2, 0xca, 0xbf,
    0x38, 0xff, 0xee, 0x0, 0xdb, 0x90, 0x80, 0x11,
    0xff, 0xdc, 0x1, 0xfe, 0x6c, 0x0, 0x87, 0xcc,
    0x0,

    /* U+7AE0 "章" */
    0x0, 0xf8, 0x84, 0x3, 0xff, 0x85, 0xf0, 0x1,
    0xf9, 0x3f, 0xf8, 0x9b, 0xff, 0x98, 0x0, 0x9f,
    0xe8, 0x87, 0xfe, 0x96, 0xff, 0x30, 0x7, 0x16,
    0x80, 0x6b, 0x0, 0xe1, 0xff, 0xa9, 0x7f, 0xf1,
    0x37, 0xfd, 0x3, 0xdf, 0xdd, 0xfe, 0xff, 0x40,
    0x8, 0x77, 0x7f, 0xa8, 0x3, 0xd5, 0xff, 0xf2,
    0x0, 0x7d, 0x5f, 0xff, 0x20, 0x7, 0xd3, 0xff,
    0xf2, 0x0, 0x7d, 0x3f, 0xff, 0x20, 0x6, 0x21,
    0xee, 0xce, 0x3d, 0xda, 0xc8, 0x45, 0x9f, 0xfc,
    0xe3, 0xff, 0xd9, 0x23, 0xdd, 0xe8, 0xe, 0xef,
    0x40, 0x7, 0xde, 0x1, 0xf8,

    /* U+7AE5 "童" */
    0x0, 0xf2, 0x90, 0x7, 0xff, 0x2, 0x6c, 0x3,
    0xc3, 0xbb, 0xc4, 0xdb, 0xbc, 0x22, 0xfc, 0xe1,
    0xcf, 0xec, 0x1b, 0xcf, 0x10, 0x21, 0x23, 0x41,
    0x12, 0x99, 0x9, 0x7, 0xf7, 0x3c, 0x6f, 0xb9,
    0x43, 0x5d, 0xcf, 0xf6, 0xb3, 0x7f, 0xab, 0xc1,
    0x55, 0xbb, 0x1a, 0x6e, 0xc9, 0x80, 0x11, 0x5d,
    0xc8, 0x77, 0x71, 0x80, 0x62, 0xee, 0x99, 0x3b,
    0xa4, 0x0, 0xc5, 0xff, 0x32, 0x7f, 0xc8, 0x1,
    0x3e, 0xee, 0x64, 0xdd, 0xd2, 0x0, 0xdc, 0xcc,
    0xc9, 0x99, 0xc0, 0xc, 0xee, 0xcc, 0x9d, 0xdb,
    0x42, 0xbb, 0x9f, 0xf3, 0x27, 0xff, 0x50,

    /* U+7AF9 "竹" */
    0x0, 0x9e, 0x84, 0x3, 0x63, 0x0, 0x7d, 0x6c,
    0x20, 0x11, 0x98, 0x80, 0x3c, 0x47, 0xe0, 0x1a,
    0x8d, 0x0, 0x3d, 0x64, 0x41, 0x21, 0x6, 0xb1,
    0x18, 0x80, 0x4, 0xc7, 0xdf, 0x92, 0xe1, 0x3f,
    0xdf, 0x86, 0x12, 0x74, 0x1d, 0xc9, 0x95, 0x75,
    0x87, 0x70, 0xcc, 0x90, 0x1, 0xac, 0x94, 0x3,
    0xc7, 0xa8, 0x1, 0x32, 0xf8, 0x7, 0xe2, 0x0,
    0xcf, 0x26, 0x1, 0xff, 0xc1, 0x16, 0x0, 0xff,
    0xfa, 0x8c, 0xc0, 0x80, 0x7f, 0xf0, 0x5, 0xc2,
    0x0, 0x3c, 0x9e, 0x1, 0xdd, 0xac, 0x1, 0x0,

    /* U+7B06 "笆" */
    0x0, 0xff, 0xe3, 0x9e, 0x88, 0x6, 0x97, 0x0,
    0xfa, 0x5c, 0x40, 0x21, 0x63, 0x0, 0xf1, 0xaa,
    0x7f, 0x72, 0x64, 0x15, 0xfd, 0xc8, 0x0, 0x73,
    0xf0, 0xdf, 0x5b, 0xe6, 0x3, 0x7a, 0x2, 0xc6,
    0x1, 0x3c, 0x7e, 0xc, 0x96, 0x40, 0x2e, 0xf3,
    0x37, 0xf2, 0xa2, 0xc, 0xdf, 0xc0, 0x12, 0x86,
    0x74, 0x4d, 0x37, 0x75, 0x74, 0x1, 0x84, 0x37,
    0x70, 0xee, 0xd4, 0x1, 0xff, 0xcb, 0xff, 0xb0,
    0x7f, 0xeb, 0x0, 0xfb, 0xff, 0xf5, 0x80, 0x7f,
    0xf0, 0xd3, 0x88, 0x2, 0x30, 0x30, 0xf, 0xc3,
    0xac, 0x0, 0x16, 0xcf, 0xff, 0xdc, 0x4c,

    /* U+7B11 "笑" */
    0x0, 0x9c, 0xc0, 0x32, 0xa8, 0x3, 0xc3, 0xc,
    0x0, 0x10, 0xbd, 0x0, 0xf5, 0x85, 0xff, 0x71,
    0x45, 0xbf, 0xe6, 0x5, 0x56, 0xf8, 0x6f, 0xc4,
    0x3a, 0x13, 0xd8, 0x3e, 0x88, 0x51, 0x4, 0x2e,
    0xa, 0xa1, 0x0, 0x52, 0x80, 0x2d, 0xcb, 0x4d,
    0xaf, 0x4, 0x3, 0x77, 0xfe, 0xed, 0xa3, 0x70,
    0xe, 0xdc, 0xde, 0x28, 0xec, 0xa5, 0x0, 0x84,
    0x8a, 0x30, 0x31, 0x1c, 0x44, 0x0, 0x3e, 0x7f,
    0xe1, 0x9f, 0xfb, 0x34, 0x0, 0xdd, 0xda, 0x44,
    0x51, 0xdd, 0x78, 0x7, 0x8a, 0x62, 0xa5, 0x80,
    0x3f, 0x36, 0x23, 0x25, 0xc6, 0xb9, 0x80, 0xe,
    0xba, 0x65, 0x40, 0x4, 0xf4, 0x8c, 0x30, 0x33,
    0x4f, 0x38, 0x6, 0x19, 0xfb, 0x30,

    /* U+7B14 "笔" */
    0x0, 0x8c, 0x3, 0xc4, 0x1, 0xf1, 0x64, 0x0,
    0x64, 0xd2, 0x0, 0xf5, 0x82, 0x66, 0x45, 0xc1,
    0xd9, 0x8d, 0x40, 0x26, 0x98, 0x39, 0x81, 0x5b,
    0x83, 0xa9, 0x50, 0xf4, 0x64, 0x2d, 0x48, 0x54,
    0x42, 0xe2, 0x8, 0x9e, 0x80, 0x17, 0xa1, 0xf0,
    0x48, 0x54, 0x0, 0x1a, 0xbb, 0xaa, 0x3a, 0xf7,
    0x20, 0xd0, 0x3, 0x7f, 0x7c, 0x40, 0x73, 0xfb,
    0x2d, 0x0, 0x33, 0xb9, 0x9c, 0x0, 0x8f, 0x13,
    0x50, 0x1, 0x36, 0xeb, 0x36, 0xc2, 0xf0, 0x80,
    0xb8, 0x2, 0x6f, 0xf7, 0x73, 0x43, 0xea, 0x2e,
    0xc4, 0x60, 0x7d, 0xcf, 0xfb, 0x3, 0x3b, 0x73,
    0xa6, 0x40, 0x57, 0x59, 0x8d, 0xb0, 0xdf, 0xf7,
    0x6e, 0x48, 0xa, 0xa1, 0x98, 0x98, 0x1c, 0x3,
    0x36, 0x18, 0x7, 0x89, 0x6b, 0xff, 0x42, 0x98,

    /* U+7B1B "笛" */
    0x0, 0xff, 0xe3, 0xe5, 0x80, 0x65, 0xe0, 0xf,
    0x8c, 0xde, 0x23, 0x7, 0x38, 0x8e, 0x0, 0xbc,
    0x2f, 0xba, 0x34, 0x6e, 0xec, 0x61, 0x5, 0xf2,
    0x5f, 0xee, 0x6f, 0x46, 0xff, 0x1a, 0x3d, 0x2,
    0x90, 0x89, 0xe0, 0x31, 0xc0, 0x24, 0x94, 0x3,
    0x80, 0x45, 0x10, 0x58, 0x0, 0xcc, 0x4, 0x45,
    0x32, 0x2, 0x20, 0x20, 0x7, 0x26, 0xe6, 0x52,
    0x19, 0x96, 0xa8, 0x7, 0xbb, 0xab, 0x1e, 0xe8,
    0x40, 0x3e, 0xdd, 0xac, 0x77, 0x61, 0x0, 0xfb,
    0xba, 0x90, 0xee, 0x80, 0x3f, 0x19, 0xc4, 0x26,
    0x70, 0x80, 0x7d, 0xff, 0x50, 0xff, 0xc2, 0x1,
    0xf7, 0xff, 0xe1, 0x0, 0xe4, 0xe0, 0xf, 0xdc,
    0xa0, 0x0,

    /* U+7B2C "第" */
    0x0, 0x84, 0x40, 0x1c, 0x20, 0x1f, 0xaf, 0x4,
    0x2, 0x2e, 0x50, 0xf, 0x12, 0x9e, 0xe6, 0x1e,
    0xc2, 0x37, 0x66, 0x0, 0x7b, 0x51, 0xd7, 0x93,
    0x54, 0x94, 0x7b, 0x86, 0xc, 0xa4, 0x1, 0xeb,
    0xaa, 0x39, 0x10, 0x43, 0xab, 0xfd, 0x13, 0xee,
    0xef, 0xf3, 0xd0, 0x4, 0x4d, 0xdc, 0xff, 0x50,
    0xff, 0xd4, 0x60, 0x1c, 0x22, 0x0, 0xff, 0xe0,
    0xaf, 0xfe, 0xa1, 0xff, 0xa8, 0x3, 0x8c, 0xbf,
    0xeb, 0x1f, 0xfd, 0xc0, 0x18, 0x41, 0x12, 0x30,
    0x44, 0xf0, 0x4, 0x2d, 0xfe, 0x98, 0x1f, 0xfd,
    0x32, 0x0, 0x9a, 0xed, 0xe6, 0x83, 0x77, 0xc2,
    0x1, 0x8e, 0xa9, 0x7e, 0x1, 0x1a, 0x52, 0x80,
    0x1b, 0x30, 0x7e, 0xa0, 0x1a, 0x6c, 0x2c, 0x0,
    0xaa, 0xd9, 0x10, 0x11, 0x0, 0x2f, 0xf0, 0x80,

    /* U+7B49 "等" */
    0x0, 0x88, 0x3, 0xff, 0x84, 0xda, 0x40, 0x19,
    0x7c, 0xc0, 0x3d, 0x1, 0x9d, 0xd1, 0xd8, 0x76,
    0xec, 0xc1, 0x67, 0xf0, 0x1d, 0xf0, 0x5d, 0x87,
    0x78, 0xc1, 0x9e, 0xf, 0x3, 0xa7, 0x82, 0x29,
    0xe1, 0x0, 0x3a, 0x6e, 0x5e, 0x1b, 0x6e, 0xd5,
    0x80, 0x19, 0xf3, 0x31, 0xb6, 0x65, 0xe8, 0x1,
    0x84, 0x78, 0x3c, 0x46, 0x20, 0xa, 0x7f, 0xfc,
    0x71, 0xff, 0xe7, 0x9f, 0xff, 0xe9, 0x1f, 0xf9,
    0xc0, 0x6, 0x45, 0xf7, 0x1, 0x10, 0x40, 0x3,
    0xbf, 0xff, 0x30, 0xfe, 0x30, 0x0, 0x7b, 0x7,
    0xb7, 0x74, 0xe, 0xf3, 0x80, 0x61, 0x5e, 0x10,
    0x8, 0x40, 0x3f, 0xa6, 0x84, 0x16, 0x68, 0x80,
    0x3f, 0x9c, 0x0, 0xc7, 0x5a, 0x1, 0x80,

    /* U+7B51 "筑" */
    0x0, 0x8c, 0x3, 0xc4, 0x1, 0xf0, 0xe2, 0x80,
    0x65, 0xd1, 0x0, 0xf4, 0x84, 0xe6, 0x45, 0xc1,
    0xb9, 0x8d, 0x10, 0x17, 0x9b, 0x2e, 0xf1, 0x4c,
    0xf3, 0x8e, 0x10, 0xa2, 0x66, 0xb, 0x1c, 0x31,
    0x99, 0x30, 0xc0, 0x1b, 0xc0, 0x2c, 0x0, 0xc8,
    0x0, 0x6f, 0x80, 0x4e, 0x24, 0x4b, 0x64, 0xdb,
    0xaa, 0x62, 0x80, 0x4d, 0x98, 0xdf, 0x92, 0x7c,
    0xc9, 0x40, 0x33, 0xf5, 0x96, 0xd8, 0xb, 0x34,
    0x1, 0xff, 0xb, 0xab, 0x80, 0x7f, 0xf0, 0x3c,
    0x45, 0x20, 0x1f, 0xc6, 0xcc, 0x2d, 0x40, 0x40,
    0xe, 0x9d, 0xa3, 0xc0, 0x53, 0xc, 0x40, 0x2,
    0x10, 0x6c, 0x76, 0xd0, 0xa, 0x1, 0x0, 0x1f,
    0xec, 0x11, 0x44, 0xa, 0x20, 0x1, 0x8e, 0x93,
    0x40, 0x38, 0xad, 0x80, 0x36, 0x7f, 0x90,

    /* U+7B54 "答" */
    0x0, 0x8c, 0x3, 0xc6, 0x1, 0xfb, 0x20, 0x3,
    0x36, 0x8, 0x7, 0xa0, 0x12, 0xee, 0x2b, 0x1a,
    0xbb, 0x61, 0x1, 0x3c, 0xab, 0xc4, 0x28, 0xf7,
    0xd3, 0xa0, 0x83, 0xd5, 0xac, 0xc6, 0x8a, 0xcd,
    0xf, 0x10, 0x1, 0x36, 0x5, 0x10, 0x61, 0x50,
    0x4, 0x68, 0x4, 0x82, 0x1, 0x2d, 0x86, 0x18,
    0x22, 0x0, 0x3d, 0x31, 0x89, 0x69, 0x94, 0x80,
    0x18, 0xa3, 0x90, 0xb7, 0xb8, 0xe8, 0x37, 0xf6,
    0x44, 0xd7, 0x76, 0xe7, 0xfd, 0xd5, 0x78, 0xae,
    0x44, 0x8c, 0x92, 0x33, 0xf1, 0x1d, 0x60, 0x1,
    0xcd, 0xb7, 0xff, 0xda, 0x80, 0x1e, 0x31, 0xdd,
    0xf0, 0x80, 0x7e, 0x1c, 0xcf, 0x8, 0x7, 0xf4,
    0x47, 0x80, 0x3f, 0x18, 0xa2, 0x78, 0x40, 0x30,

    /* U+7B5D "筝" */
    0x0, 0x88, 0x40, 0x38, 0x80, 0x3f, 0x7c, 0x0,
    0x63, 0xd5, 0x0, 0xf3, 0x13, 0xf7, 0x49, 0x1,
    0x7d, 0xcf, 0x40, 0x39, 0xb9, 0xe, 0xf2, 0x4d,
    0xf1, 0xaf, 0x40, 0x97, 0x45, 0x51, 0x88, 0x51,
    0xa, 0x70, 0x5, 0x50, 0x0, 0x5e, 0x24, 0x72,
    0x18, 0x80, 0x7, 0x26, 0x18, 0xf7, 0x33, 0x48,
    0xc8, 0x2, 0x2a, 0xb4, 0xef, 0xf8, 0x14, 0xc,
    0xc0, 0x11, 0x95, 0xbf, 0xfb, 0xb0, 0x9b, 0xfb,
    0x0, 0x23, 0x95, 0xcd, 0xd5, 0x86, 0xed, 0x42,
    0x3b, 0x33, 0xd0, 0x19, 0x94, 0x8e, 0x50, 0xf6,
    0x77, 0xfd, 0x21, 0xff, 0x48, 0xed, 0x80, 0x27,
    0x73, 0x29, 0xc, 0xca, 0x44, 0x3, 0x47, 0x76,
    0xb1, 0xee, 0xa8, 0xc0, 0x3f, 0x37, 0x0, 0x64,
    0xc0, 0xf, 0xd8, 0x16, 0x1, 0xf0,

    /* U+7B77 "筷" */
    0x0, 0x95, 0x80, 0x31, 0x38, 0x7, 0x86, 0xe9,
    0x12, 0x9, 0xa2, 0x2c, 0x0, 0xd3, 0x7b, 0xee,
    0x42, 0xe, 0xe7, 0x40, 0x60, 0xe5, 0x9c, 0xd9,
    0x56, 0x41, 0x65, 0x7, 0x67, 0xa6, 0x18, 0xc5,
    0x1b, 0xe0, 0x4, 0x42, 0xe, 0x1, 0xc2, 0x1,
    0xcc, 0x0, 0x68, 0x87, 0x60, 0x67, 0x7a, 0x0,
    0xc8, 0x80, 0xbd, 0xf6, 0x7, 0x70, 0x40, 0x4,
    0x2, 0xf, 0x86, 0x2, 0x1, 0xf2, 0x0, 0x49,
    0xdc, 0xd0, 0xee, 0x5, 0x69, 0xd8, 0x4, 0xfd,
    0xc5, 0x20, 0xfe, 0xe6, 0x80, 0x7c, 0xeb, 0x89,
    0x82, 0x1, 0xc2, 0x0, 0x98, 0xd1, 0xa6, 0xf7,
    0x10, 0xc, 0xfa, 0x9a, 0x60, 0xb, 0x68, 0x60,
    0xb, 0xd3, 0x34, 0x80, 0x34, 0x73, 0x80,

    /* U+7B97 "算" */
    0x0, 0x8c, 0x3, 0x84, 0x40, 0x1f, 0x36, 0x10,
    0x6, 0xac, 0x0, 0xf1, 0x48, 0x6f, 0xfb, 0x91,
    0x5, 0xff, 0x68, 0xf, 0xaf, 0x9b, 0x7e, 0x54,
    0xfa, 0xb7, 0xe8, 0xd, 0xd8, 0x27, 0x0, 0xa1,
    0x82, 0x68, 0x3, 0x30, 0xf5, 0xdb, 0xb9, 0x1d,
    0xcd, 0xe0, 0xf, 0x92, 0x23, 0xc8, 0x1, 0xf1,
    0x80, 0x7f, 0xf1, 0x12, 0x23, 0xc8, 0x1, 0xf1,
    0xc7, 0x77, 0xa0, 0x3, 0xe2, 0x8e, 0xfe, 0xeb,
    0xe0, 0x40, 0x30, 0x86, 0x73, 0x27, 0x74, 0x51,
    0x80, 0x20, 0x9f, 0xdd, 0x3a, 0x77, 0x45, 0x1d,
    0xcf, 0x44, 0x77, 0x54, 0x19, 0xdd, 0x14, 0x77,
    0x48, 0x0, 0x39, 0xb8, 0x30, 0x8, 0xc0, 0x3e,
    0xe5, 0xb7, 0x0, 0xe1, 0x0, 0xf6, 0xe2, 0x0,
    0x77, 0x38, 0x6,

    /* U+7BAD "箭" */
    0x0, 0x88, 0xc0, 0x39, 0x0, 0x3f, 0x4f, 0x0,
    0x66, 0xb2, 0x0, 0xf3, 0x21, 0x7f, 0xd1, 0x0,
    0xfd, 0xd5, 0x0, 0x16, 0x6b, 0xca, 0xb9, 0xb,
    0x95, 0xbe, 0xc0, 0xae, 0x55, 0x90, 0x45, 0x7d,
    0x1a, 0xe4, 0x20, 0x5c, 0xc1, 0xe8, 0x80, 0x7a,
    0x44, 0x60, 0x4, 0x7f, 0xdc, 0x72, 0xee, 0x9c,
    0xbf, 0xbf, 0xc6, 0x6e, 0xed, 0xfd, 0xd7, 0xfb,
    0xbb, 0x18, 0xd, 0x57, 0x84, 0x8c, 0x1e, 0x84,
    0x2, 0x5d, 0xcc, 0x6a, 0x82, 0xc0, 0x7, 0xed,
    0xcc, 0x68, 0x7, 0xff, 0x3, 0x3f, 0xd8, 0x1,
    0xff, 0xc0, 0xcf, 0xf6, 0x0, 0x7f, 0xf0, 0x3f,
    0xb9, 0xe0, 0x2, 0x20, 0x7, 0xe4, 0x43, 0xe8,
    0xa, 0xcb, 0x58, 0x80, 0x7c, 0xad, 0x0, 0x15,
    0x97, 0x0, 0x6f, 0x10, 0x6e, 0x70, 0xb, 0x79,
    0x0, 0x0,

    /* U+7BB1 "箱" */
    0x0, 0x84, 0x80, 0x38, 0x80, 0x3f, 0x4e, 0x90,
    0x4, 0x3a, 0xe0, 0x1e, 0x27, 0xd, 0xff, 0x3b,
    0x5, 0x6e, 0xc2, 0x3, 0xeb, 0xa1, 0xde, 0xb1,
    0x52, 0x7f, 0xe1, 0xf, 0xb, 0x20, 0x40, 0xe4,
    0x54, 0x11, 0x10, 0x2, 0xfc, 0xaa, 0x88, 0x13,
    0xe4, 0x49, 0x10, 0x9, 0x49, 0xd1, 0x44, 0xeb,
    0xe6, 0x5b, 0xa4, 0x0, 0x33, 0xe8, 0xbb, 0x80,
    0x6e, 0xf0, 0x80, 0x44, 0x45, 0x2, 0x20, 0xf,
    0xfe, 0x10, 0x9, 0x10, 0x63, 0xec, 0x3, 0xff,
    0x84, 0x3, 0x49, 0x6, 0xe9, 0x86, 0xef, 0x8,
    0x4, 0x8f, 0x60, 0xf2, 0x21, 0x11, 0x80, 0x21,
    0xa7, 0x20, 0x3, 0xb8, 0x4c, 0xf0, 0x80, 0x6,
    0x20, 0x2, 0x1, 0xf, 0xfe, 0x10, 0x9, 0x80,
    0x40, 0x27, 0x1f, 0xfc, 0x22, 0x0, 0xcb, 0xc0,
    0x4, 0xe0, 0xd, 0xca, 0x0,

    /* U+7BEE "篮" */
    0x0, 0x84, 0xc0, 0x38, 0x80, 0x3f, 0x36, 0x10,
    0x4, 0x3a, 0xa0, 0x1e, 0x28, 0xf, 0xdd, 0x3d,
    0x84, 0x6e, 0xb8, 0x0, 0x58, 0xda, 0x53, 0xfe,
    0x4d, 0xb0, 0xcc, 0x0, 0xfb, 0xc9, 0x16, 0xcb,
    0x27, 0x0, 0x10, 0xe, 0xc1, 0x7, 0x60, 0x27,
    0xe0, 0xe8, 0x80, 0x64, 0xf0, 0x2, 0x0, 0xa8,
    0x55, 0x60, 0xc, 0x20, 0x1a, 0xe, 0x7f, 0xf0,
    0x7, 0xe4, 0x6e, 0x78, 0x45, 0x50, 0x6, 0x10,
    0x0, 0xa6, 0x91, 0x6, 0xc0, 0x39, 0x74, 0xa,
    0x0, 0x80, 0x1f, 0x20, 0x1c, 0xbf, 0xee, 0x8f,
    0xfd, 0x98, 0x50, 0xc, 0x22, 0xff, 0xe, 0x78,
    0xe7, 0x90, 0x7, 0xff, 0x1c, 0xbe, 0xc7, 0xfc,
    0x39, 0xe3, 0x9e, 0x55, 0xe4,

    /* U+7BF1 "篱" */
    0x0, 0xc2, 0x1, 0xc2, 0x1, 0xfa, 0x70, 0x3,
    0x17, 0x38, 0x7, 0x99, 0x85, 0xff, 0x44, 0x84,
    0x7f, 0x7a, 0x4, 0x4d, 0x68, 0x6f, 0x92, 0xf7,
    0x3, 0x3d, 0x0, 0x71, 0x4a, 0x1, 0x83, 0x4,
    0x52, 0x1, 0xb, 0xf6, 0xea, 0xbe, 0x17, 0xf7,
    0x57, 0xfa, 0xc3, 0xf9, 0xba, 0x88, 0x77, 0xbb,
    0x6e, 0xd8, 0xe0, 0x25, 0x80, 0x7d, 0xcd, 0x68,
    0xa, 0x81, 0x10, 0x4, 0x43, 0xcc, 0x48, 0x52,
    0x20, 0x1f, 0xe, 0xb9, 0x82, 0x9a, 0xea, 0x0,
    0x71, 0xef, 0x6e, 0x15, 0xfe, 0xf6, 0x48, 0x4,
    0x5f, 0x99, 0x68, 0xce, 0x66, 0xe6, 0x0, 0x18,
    0x77, 0x30, 0x2b, 0xa2, 0x1d, 0xc3, 0x30, 0x7,
    0x2e, 0xe, 0x54, 0x58, 0x7, 0xf0, 0x93, 0xff,
    0x6a, 0x12, 0x90, 0x4, 0x60, 0x4, 0xc9, 0x64,
    0x39, 0x2b, 0x24, 0x0, 0x17, 0x80, 0x7f, 0x76,
    0x8, 0x0,

    /* U+7C73 "米" */
    0x0, 0xf9, 0xfc, 0x2, 0x10, 0xf, 0x62, 0x80,
    0x4, 0x40, 0x17, 0xc8, 0x7, 0x35, 0x88, 0x18,
    0x4, 0xe3, 0x60, 0x1d, 0x61, 0x60, 0x18, 0xa2,
    0x4, 0x1, 0xc3, 0x72, 0x1, 0x8d, 0xdc, 0x1,
    0x88, 0x44, 0x84, 0x26, 0x2, 0x12, 0x22, 0x21,
    0xd, 0xee, 0xe9, 0x1e, 0xee, 0xd7, 0xf, 0xfe,
    0x14, 0x11, 0x57, 0xfe, 0x60, 0xe, 0x70, 0xe0,
    0xbb, 0x8, 0x7, 0xe3, 0x88, 0x0, 0x15, 0x58,
    0x20, 0x1e, 0x2d, 0x36, 0x0, 0xa8, 0x3d, 0x80,
    0x33, 0xe9, 0xe8, 0x6, 0x1c, 0x59, 0xe4, 0x9,
    0x84, 0xc1, 0x0, 0xe1, 0xb9, 0x5, 0x8, 0xab,
    0x10, 0xf, 0xcd, 0xc2, 0x2, 0xa0, 0x18, 0xc4,
    0x3, 0xe0,

    /* U+7C89 "粉" */
    0x0, 0xb5, 0x80, 0x31, 0xd, 0x80, 0x72, 0x0,
    0x99, 0x20, 0x26, 0x8a, 0x10, 0x4, 0x96, 0x20,
    0x5, 0x90, 0xd5, 0x4, 0x40, 0x4, 0x87, 0x20,
    0x73, 0x20, 0x7e, 0xd, 0xa0, 0xd, 0x16, 0x0,
    0x94, 0x40, 0x20, 0x39, 0xa8, 0x1, 0x3e, 0x4a,
    0xb4, 0xa2, 0x0, 0x1, 0x7b, 0x20, 0x6d, 0xc1,
    0x5c, 0xb1, 0x9f, 0xf9, 0xc7, 0xc0, 0x98, 0xc3,
    0x83, 0xba, 0xc, 0xe1, 0xab, 0x0, 0xa4, 0x1,
    0x28, 0x62, 0x4, 0x22, 0x76, 0x0, 0x29, 0x19,
    0x47, 0x0, 0x80, 0x80, 0x7a, 0xe5, 0xc1, 0xd0,
    0x10, 0xc0, 0x40, 0xc0, 0xe, 0x6e, 0x1, 0x48,
    0x45, 0x81, 0x80, 0x80, 0x1f, 0x0, 0x3a, 0x4d,
    0xc0, 0x40, 0x38, 0x40, 0x36, 0x3e, 0x6, 0xe2,
    0x0, 0x79, 0xcc, 0x2b, 0x8, 0x2e, 0xac, 0x2,

    /* U+7C92 "粒" */
    0x0, 0xff, 0xe3, 0x9f, 0x80, 0x63, 0xe1, 0x0,
    0xe5, 0x0, 0x8, 0x21, 0x81, 0x9a, 0x0, 0x3a,
    0x1c, 0x2, 0x97, 0x0, 0x41, 0x80, 0x74, 0xc8,
    0x0, 0xa0, 0x7f, 0xea, 0x5f, 0xf8, 0xc1, 0x21,
    0xc1, 0xa5, 0xff, 0xfb, 0xb8, 0x63, 0xd7, 0x43,
    0xd2, 0xe8, 0x60, 0x1, 0xe7, 0x1, 0xdf, 0x71,
    0xff, 0x37, 0x58, 0x1, 0x41, 0x0, 0x6, 0x48,
    0xe, 0x83, 0x8a, 0x0, 0x22, 0x80, 0x25, 0x20,
    0x39, 0x24, 0x21, 0xf, 0x40, 0xd, 0xa, 0xc,
    0xc9, 0x21, 0x40, 0x4f, 0x0, 0xa0, 0xe4, 0x1,
    0x32, 0x5, 0xc1, 0x27, 0x0, 0xb, 0xc0, 0x6,
    0x20, 0xc1, 0x72, 0x10, 0x0, 0xeb, 0x0, 0x62,
    0x16, 0x9c, 0x71, 0x18, 0x8, 0x3, 0xe, 0x7f,
    0xc8, 0x8f, 0xf5, 0x0, 0x61, 0x1, 0xee, 0xfd,
    0x60,

    /* U+7C97 "粗" */
    0x0, 0x8f, 0xc0, 0x3f, 0xf8, 0x4, 0x60, 0x20,
    0xa5, 0xdf, 0xfc, 0x60, 0xa, 0x90, 0xa, 0x9c,
    0x33, 0xfe, 0x0, 0xda, 0x80, 0x8, 0x55, 0x18,
    0x7, 0x8, 0x1, 0x7c, 0x1, 0x16, 0x0, 0x8a,
    0xa8, 0x2, 0x2e, 0xcd, 0x1d, 0xc6, 0xd, 0xee,
    0x80, 0x22, 0xdc, 0x41, 0xcf, 0x70, 0x54, 0x48,
    0x3, 0x18, 0xa0, 0x28, 0x8, 0x7, 0xf9, 0x84,
    0x32, 0x40, 0xa, 0x89, 0x0, 0x61, 0x88, 0x4,
    0x22, 0x85, 0x7f, 0xc0, 0x1a, 0x95, 0x0, 0x16,
    0xa1, 0xf7, 0x70, 0x4, 0x4b, 0x40, 0x12, 0x0,
    0x7f, 0x17, 0x88, 0x4, 0x22, 0x7, 0x11, 0x81,
    0x84, 0x4, 0x3, 0x57, 0x9d, 0x7f, 0xc3, 0x4c,
    0x1, 0x84, 0x2f, 0xbb, 0xf3, 0x80,

    /* U+7CA5 "粥" */
    0x0, 0xf7, 0x90, 0x7, 0xbb, 0xfd, 0x80, 0x1,
    0x30, 0x8f, 0xf8, 0xfb, 0xec, 0x64, 0x40, 0x1b,
    0x5f, 0xe2, 0x0, 0xe1, 0x70, 0x23, 0x20, 0xc,
    0x8b, 0x81, 0x78, 0xc, 0xc0, 0x66, 0x18, 0x4e,
    0x5, 0x3c, 0x88, 0xb0, 0xa4, 0x64, 0x8e, 0xe1,
    0xe3, 0x82, 0x64, 0x0, 0x77, 0x8, 0x9, 0xe,
    0x50, 0x66, 0x80, 0x8, 0x80, 0x7b, 0xaa, 0xc,
    0x9, 0x63, 0x2f, 0xd4, 0xde, 0x72, 0x16, 0x1d,
    0x93, 0xdd, 0xb, 0x80, 0x8, 0x62, 0x81, 0x1a,
    0x0, 0x21, 0x0, 0x38, 0x3b, 0x0, 0x26, 0xc0,
    0x2, 0x60, 0x2, 0xdd, 0x8, 0x4, 0x20, 0x10,
    0xac, 0x83, 0x98, 0x8, 0x0, 0x56, 0x44, 0x34,
    0xa4, 0x80, 0x23, 0x1, 0x82, 0xa0,

    /* U+7CD5 "糕" */
    0x0, 0xb9, 0x0, 0x28, 0x10, 0x5, 0x98, 0x0,
    0x58, 0xc, 0x18, 0x80, 0xe0, 0x11, 0x2, 0x0,
    0x19, 0x30, 0x4, 0x8, 0xbc, 0x1, 0xee, 0x62,
    0x0, 0x4b, 0xc, 0x0, 0x7d, 0x3f, 0xab, 0x7d,
    0x80, 0x2a, 0x3, 0x30, 0x7d, 0xd0, 0x6f, 0x72,
    0x81, 0xbb, 0xca, 0xf4, 0x88, 0x22, 0x7, 0x12,
    0x0, 0x3e, 0xc8, 0x57, 0x16, 0x7f, 0x82, 0xbf,
    0x10, 0x4, 0xbc, 0x3c, 0x83, 0xba, 0xd, 0xee,
    0x20, 0x4, 0xc0, 0x30, 0x24, 0x22, 0x7, 0x11,
    0x10, 0x2, 0xc, 0xb9, 0xeb, 0x3f, 0xc3, 0x5f,
    0xec, 0x4, 0x7f, 0x1, 0xcb, 0xfe, 0xee, 0xae,
    0x7, 0x83, 0x0, 0x97, 0x19, 0xcf, 0x42, 0x94,
    0xd, 0xc0, 0x36, 0x21, 0x49, 0x99, 0x1f, 0x80,
    0x3e, 0x6d, 0x41, 0x57, 0xdd, 0x20, 0x80, 0x46,
    0x4, 0x88, 0xa, 0x48, 0x94, 0xb1,

    /* U+7CD6 "糖" */
    0x0, 0xff, 0xe3, 0xf9, 0x80, 0x75, 0x58, 0x6,
    0x28, 0x1, 0xa, 0x6c, 0xc9, 0xd3, 0x31, 0xa2,
    0x6e, 0x0, 0x75, 0x3, 0xee, 0xa3, 0xba, 0x11,
    0x12, 0x1, 0x82, 0x1, 0x32, 0xc8, 0x88, 0xc0,
    0x16, 0xe0, 0x7, 0x30, 0x19, 0xb1, 0xfc, 0x20,
    0x3c, 0xa1, 0xd2, 0x50, 0x2e, 0xb1, 0xf0, 0x70,
    0x1d, 0x0, 0x16, 0xb8, 0x7f, 0xac, 0x7c, 0x20,
    0x88, 0xe2, 0x1c, 0x62, 0x2c, 0xe8, 0x1e, 0xf,
    0x20, 0x3, 0x7, 0xd3, 0x18, 0xe5, 0x8f, 0x90,
    0x5, 0x6, 0x34, 0xba, 0x22, 0xec, 0x6d, 0xd1,
    0x1, 0xbc, 0x0, 0x2c, 0x95, 0xff, 0x5b, 0xfc,
    0x60, 0x4, 0x50, 0x1, 0x26, 0x2, 0x7f, 0xc2,
    0x0, 0x3b, 0x0, 0xa0, 0x14, 0x5d, 0x12, 0x10,
    0xf, 0x5a, 0xc0, 0x9, 0x7f, 0xc0, 0x1e, 0x1c,
    0x57, 0x1, 0x4b, 0xbb, 0xcc, 0x0,

    /* U+7CFB "系" */
    0x0, 0xf8, 0x49, 0x1a, 0x76, 0x40, 0x36, 0xf7,
    0x3f, 0xdd, 0xcf, 0xf7, 0x5e, 0x0, 0x6f, 0xcf,
    0xf4, 0x4, 0xdc, 0xbb, 0x28, 0x6, 0x22, 0xa,
    0xcd, 0x28, 0x3f, 0x28, 0x7, 0x92, 0xae, 0x9c,
    0xae, 0x61, 0x40, 0x3d, 0xc8, 0x71, 0xba, 0x2e,
    0x60, 0xf, 0xab, 0xbd, 0xcf, 0x24, 0xb9, 0x80,
    0x38, 0x52, 0xb3, 0x70, 0xc4, 0xe2, 0x64, 0x1,
    0xa2, 0xd4, 0x23, 0xbf, 0xd9, 0x66, 0xd4, 0x1,
    0x46, 0xf7, 0x58, 0x1f, 0xba, 0xcb, 0xc0, 0x8,
    0x5b, 0x48, 0x3, 0xe, 0xaa, 0x30, 0x4, 0x76,
    0xa4, 0x1, 0x86, 0xaa, 0x0, 0x9b, 0x22, 0x40,
    0x30, 0x83, 0xda, 0xd8, 0x5, 0x4e, 0x0, 0xdd,
    0x8, 0x4, 0x99, 0x0, 0x6, 0x50, 0xa, 0xeb,
    0xc0, 0x31, 0x98, 0x0,

    /* U+7D27 "紧" */
    0x0, 0xff, 0xe1, 0x8f, 0x81, 0xf8, 0x6f, 0xf7,
    0x6f, 0x30, 0xe, 0x10, 0xd6, 0x4e, 0xe1, 0x31,
    0x80, 0x7e, 0x96, 0x9c, 0x79, 0x0, 0xfe, 0x15,
    0x63, 0xd0, 0xc, 0x40, 0x10, 0xdf, 0x26, 0x44,
    0xfd, 0x88, 0xb4, 0x1c, 0x78, 0x63, 0x10, 0xb9,
    0x84, 0x40, 0x57, 0x60, 0x21, 0xce, 0xa3, 0x19,
    0xa0, 0x1, 0x12, 0x29, 0x91, 0xab, 0x69, 0x40,
    0x3a, 0xc2, 0xde, 0xb5, 0x45, 0xa8, 0xc0, 0x2a,
    0xd8, 0x12, 0xaf, 0xec, 0x62, 0xd1, 0x0, 0x75,
    0xcb, 0xf5, 0xf, 0x52, 0x63, 0x8, 0x1, 0x76,
    0x40, 0x39, 0x55, 0x96, 0x0, 0x4e, 0x2e, 0x96,
    0xe0, 0x1, 0x6a, 0x62, 0x2, 0x5d, 0x84, 0x56,
    0x14, 0x1, 0x4d, 0x20, 0x0,

    /* U+7D2B "紫" */
    0x0, 0xc7, 0xe0, 0x2, 0xf0, 0x8, 0x80, 0x35,
    0x20, 0x8, 0x88, 0x2, 0x4d, 0xc1, 0x0, 0x9c,
    0x40, 0x7f, 0x44, 0x3a, 0x2b, 0xc4, 0x3, 0xc3,
    0xde, 0x21, 0x98, 0x70, 0x30, 0xc, 0x6e, 0x2a,
    0xc0, 0x1, 0x0, 0x3e, 0x8, 0x69, 0x5f, 0xaf,
    0x1, 0x26, 0xf7, 0x21, 0xc4, 0x33, 0xf6, 0x8d,
    0x88, 0x3d, 0x37, 0xb9, 0x0, 0x1, 0xd, 0xe6,
    0x18, 0xdb, 0xd2, 0x0, 0xfa, 0xa9, 0x8a, 0x69,
    0xcf, 0x10, 0x0, 0xf3, 0x87, 0x26, 0x48, 0x8b,
    0xdd, 0x80, 0x34, 0x7d, 0x11, 0xe7, 0xee, 0xc7,
    0x26, 0x1, 0x55, 0x23, 0x3e, 0xc7, 0x75, 0xd9,
    0x6, 0x1, 0x1e, 0x42, 0x8, 0x4, 0x97, 0xa6,
    0x1, 0x57, 0x1e, 0xbe, 0x51, 0x2, 0xf2, 0xdd,
    0x80, 0x1f, 0xd4, 0x41, 0x51, 0xa0, 0x14, 0x6f,
    0x80,

    /* U+7EA2 "红" */
    0x0, 0x99, 0x40, 0x3f, 0xf8, 0x30, 0x40, 0x1f,
    0xfc, 0x5, 0x37, 0x0, 0x6f, 0xff, 0x98, 0x1,
    0x12, 0xc, 0xcc, 0xef, 0x1a, 0xfe, 0x60, 0x87,
    0x40, 0x81, 0x18, 0x0, 0x20, 0x20, 0x8e, 0x37,
    0xa4, 0xe0, 0x1f, 0x95, 0xfb, 0x4b, 0x80, 0x3f,
    0x86, 0x16, 0xe8, 0x80, 0x3f, 0xea, 0x45, 0x23,
    0x0, 0xfe, 0xb5, 0x4f, 0xcb, 0x0, 0xfe, 0xc8,
    0x9e, 0xe4, 0x0, 0x7f, 0x3b, 0x90, 0x51, 0xc0,
    0x3f, 0x96, 0x33, 0xe7, 0x90, 0xcc, 0x6, 0x78,
    0x2c, 0xeb, 0xb7, 0x55, 0xdc, 0x3a, 0xee, 0x78,
    0x75, 0xb0, 0x82, 0x76, 0xef, 0xb0,

    /* U+7EA6 "约" */
    0x0, 0x99, 0x40, 0x33, 0xb8, 0x3, 0xeb, 0x30,
    0xd, 0x40, 0x1f, 0x28, 0xb0, 0x4, 0x44, 0x60,
    0xe, 0x1b, 0xf0, 0x8a, 0xb, 0xe, 0xff, 0x98,
    0x29, 0xcc, 0x5f, 0xc5, 0xab, 0x32, 0x30, 0x14,
    0x6e, 0xe2, 0xaa, 0xd1, 0x4c, 0xe0, 0x0, 0xef,
    0xe8, 0xd8, 0xa4, 0x90, 0x4, 0x26, 0x4, 0x1f,
    0x2, 0x2e, 0xd, 0x30, 0x8, 0x40, 0x12, 0xc,
    0x26, 0x4, 0xdc, 0x0, 0x30, 0x3, 0x30, 0xff,
    0xb8, 0x0, 0x90, 0x30, 0x17, 0x7, 0x75, 0xf7,
    0xe8, 0x5, 0xa6, 0x0, 0x10, 0x18, 0x41, 0x25,
    0x10, 0xf, 0x18, 0x3c, 0xe7, 0xec, 0x88, 0x6,
    0x10, 0xa, 0x8a, 0xf3, 0xf0, 0x2, 0x17, 0xb0,
    0x10, 0xdb, 0x73, 0x0, 0xe1, 0x96, 0x90,

    /* U+7EA7 "级" */
    0x0, 0xa1, 0x0, 0x3f, 0xf8, 0x4e, 0x21, 0x5f,
    0xfe, 0x30, 0xc, 0xc6, 0xa3, 0x7a, 0x1f, 0xeb,
    0x3, 0x0, 0x86, 0x3c, 0x3d, 0xc, 0x2, 0x23,
    0x0, 0xd4, 0xe6, 0xc0, 0xa0, 0x1b, 0xd0, 0x2,
    0x14, 0x6f, 0x9b, 0x0, 0xe4, 0xf3, 0x10, 0x1b,
    0xe8, 0x45, 0x2, 0x1, 0x1a, 0xf1, 0x40, 0x8,
    0x53, 0x40, 0x7, 0x9, 0x1c, 0xe0, 0x40, 0x1,
    0x6c, 0xab, 0x1, 0x93, 0x88, 0x2a, 0x0, 0x5e,
    0x33, 0x1c, 0x19, 0x4d, 0x61, 0x5a, 0x1, 0x7e,
    0xf6, 0x51, 0x23, 0x42, 0x51, 0xb0, 0x4, 0x2b,
    0x5d, 0xc8, 0x51, 0x14, 0x2c, 0x80, 0x6e, 0xbd,
    0xd5, 0xa5, 0x81, 0xc1, 0x49, 0x80, 0x5b, 0x8e,
    0xb1, 0x47, 0x39, 0x1a, 0xd9, 0x22, 0x1, 0x9b,
    0x52, 0xf, 0x58, 0x22, 0xcc, 0x40,

    /* U+7EAA "纪" */
    0x0, 0x85, 0x40, 0x3f, 0xf8, 0x51, 0x0, 0x1,
    0xa2, 0x78, 0x40, 0x21, 0x6e, 0x0, 0x57, 0xff,
    0x59, 0x0, 0x50, 0xe6, 0x35, 0x77, 0xe0, 0xc,
    0xc9, 0x1, 0x6c, 0x40, 0x1f, 0xd0, 0x5b, 0xe9,
    0xa0, 0x1f, 0xef, 0xf7, 0x5, 0x9, 0xf7, 0x70,
    0x6, 0x10, 0xe8, 0x40, 0x0, 0xee, 0xe0, 0xe,
    0xb7, 0x71, 0x20, 0x0, 0xcf, 0x49, 0x0, 0x1d,
    0x1f, 0xfe, 0x0, 0xf3, 0x8, 0x1, 0xa7, 0xbf,
    0x6c, 0x3, 0xfc, 0x2c, 0x28, 0xf4, 0x1, 0xe1,
    0x50, 0x6, 0x7e, 0xc7, 0x78, 0x0, 0x80, 0x28,
    0xa0, 0x4, 0x67, 0xe4, 0xa9, 0x9b, 0x7f, 0xe7,
    0x90,

    /* U+7EB8 "纸" */
    0x0, 0xa5, 0x0, 0x38, 0x56, 0x88, 0x3, 0xb,
    0x30, 0x1, 0x9b, 0xfd, 0x0, 0xa0, 0x19, 0x98,
    0x40, 0x3, 0x9f, 0x19, 0xa7, 0x0, 0xd5, 0x1,
    0x86, 0xe, 0x1, 0xfa, 0x5c, 0x58, 0x88, 0x1,
    0xfe, 0x65, 0xf9, 0xb1, 0x0, 0xff, 0x67, 0x2a,
    0xc0, 0xc, 0xf1, 0xbf, 0xf2, 0x80, 0xd, 0x1e,
    0x80, 0x2c, 0xf3, 0xaf, 0xf2, 0x80, 0x1a, 0x9a,
    0xf9, 0x40, 0x26, 0x20, 0xf, 0x21, 0xf6, 0x28,
    0x5, 0xba, 0x0, 0xe6, 0xb8, 0x50, 0x20, 0x0,
    0xa2, 0x80, 0x71, 0xb5, 0x76, 0x38, 0x56, 0x19,
    0x31, 0xc8, 0x3, 0xab, 0x75, 0xce, 0xf, 0xc1,
    0x71, 0x28, 0x0, 0xdc, 0x73, 0x1, 0xd, 0x30,
    0x62, 0x5a, 0x0, 0xf8, 0xf8, 0xc0, 0x2c, 0xc3,
    0x80,

    /* U+7EBD "纽" */
    0x0, 0x84, 0x3, 0xff, 0x87, 0x74, 0x1, 0xff,
    0xc2, 0x5f, 0x6, 0xff, 0xf9, 0x80, 0x27, 0x35,
    0x6, 0xff, 0x5, 0xf7, 0x8, 0xc0, 0x3, 0x3e,
    0x3a, 0x40, 0x13, 0x8, 0x80, 0x35, 0xa8, 0xb1,
    0x98, 0x4, 0xc, 0x0, 0x62, 0x6, 0xa9, 0xb1,
    0x1, 0x0, 0x84, 0x0, 0x2e, 0x7, 0x9d, 0x26,
    0xc0, 0x24, 0x1, 0x8, 0x8, 0x0, 0xc2, 0x3c,
    0x13, 0xf4, 0x3f, 0xdc, 0x6, 0x1, 0x6b, 0x99,
    0x97, 0xac, 0xbf, 0xda, 0x2, 0x0, 0xc3, 0x7f,
    0xe3, 0x3, 0x10, 0x0, 0x80, 0x6a, 0x9d, 0xfd,
    0x20, 0xe6, 0x0, 0x38, 0x80, 0x4c, 0xc3, 0x5,
    0x20, 0x13, 0x0, 0x9, 0x80, 0x48, 0xf7, 0xf2,
    0xc0, 0x62, 0x0, 0x31, 0x10, 0x2, 0x37, 0xba,
    0xae, 0x46, 0xee, 0x41, 0x79, 0x86, 0x52, 0x89,
    0x77, 0x7f, 0x18,

    /* U+7EBF "线" */
    0x0, 0xa1, 0x0, 0x26, 0x90, 0xf, 0xc2, 0xe2,
    0x1, 0xb, 0x86, 0x38, 0x7, 0x42, 0xa8, 0x2,
    0x13, 0xf, 0xb0, 0xc, 0x6f, 0x65, 0xc6, 0x1,
    0xd7, 0x63, 0x1, 0xe8, 0x18, 0x57, 0x75, 0x17,
    0xfb, 0xb0, 0x81, 0x4a, 0x7d, 0x6b, 0x39, 0x3,
    0xf2, 0x5c, 0x0, 0x99, 0xeb, 0x23, 0x13, 0x40,
    0x8f, 0x5d, 0xc0, 0x1, 0xab, 0x30, 0x1a, 0xf0,
    0x27, 0xb3, 0x7c, 0x0, 0xb5, 0x26, 0x85, 0xfe,
    0x38, 0x9e, 0x81, 0x0, 0x40, 0x5f, 0xea, 0x20,
    0x53, 0xdd, 0xda, 0x20, 0xf, 0xf7, 0x64, 0x80,
    0x56, 0xb1, 0x4c, 0x1, 0xa, 0xc5, 0xf3, 0x0,
    0xc0, 0x1a, 0x82, 0x0, 0xe5, 0x8f, 0x63, 0x33,
    0xc3, 0x4a, 0x4e, 0xd0, 0x7b, 0x92, 0xa5, 0x93,
    0x16, 0x58, 0xf8, 0x48, 0x2, 0x1, 0xbb, 0x8c,
    0x0, 0x2f, 0x9c, 0x0,

    /* U+7EC3 "练" */
    0x0, 0xff, 0xe3, 0xb9, 0x0, 0x66, 0xc0, 0xf,
    0x86, 0x18, 0x3, 0x6a, 0x0, 0x7d, 0x28, 0x80,
    0xdc, 0xc2, 0x2e, 0x65, 0x20, 0x13, 0x48, 0x5d,
    0xbd, 0xb, 0xbf, 0xea, 0x0, 0x3a, 0x12, 0xa9,
    0xcc, 0xd4, 0x67, 0xc0, 0x50, 0x4d, 0x17, 0x9e,
    0x91, 0xf4, 0x1, 0x89, 0x2, 0x85, 0x76, 0x53,
    0xdc, 0x3, 0xd7, 0x25, 0xc0, 0x31, 0x0, 0xf,
    0xea, 0x92, 0x6, 0x1c, 0xf7, 0x5f, 0xf4, 0x0,
    0x25, 0x3e, 0xf5, 0xf7, 0xfc, 0xeb, 0xfd, 0x0,
    0x12, 0x7, 0x78, 0x3, 0x4, 0x0, 0xf0, 0x1,
    0x4d, 0xc0, 0xd8, 0xfb, 0x8, 0x1, 0x59, 0x40,
    0x62, 0xfe, 0x7, 0x5a, 0x80, 0x6, 0x51, 0x62,
    0x25, 0x3e, 0xcd, 0xb, 0x2c, 0x7e, 0x7, 0x43,
    0xd, 0x81, 0x5, 0xc0, 0x2b, 0xb3, 0x80, 0x28,
    0x80,

    /* U+7EC4 "组" */
    0x0, 0x34, 0x0, 0x7f, 0xf0, 0x6c, 0x3, 0x5e,
    0x67, 0x20, 0x0, 0xcd, 0x0, 0x13, 0x5f, 0xfc,
    0x42, 0x0, 0xa9, 0xa, 0x70, 0x1, 0x19, 0xc0,
    0x11, 0x3b, 0x85, 0x48, 0x3, 0xfa, 0x83, 0x30,
    0x6a, 0x0, 0xaf, 0xf8, 0x40, 0x15, 0x7c, 0x5e,
    0x1, 0x57, 0xfc, 0x20, 0x2, 0x5a, 0x63, 0x0,
    0xff, 0x95, 0xa0, 0x8c, 0x0, 0x62, 0x30, 0x4,
    0x34, 0x3d, 0x92, 0x0, 0x9e, 0xe8, 0x40, 0x3,
    0x59, 0xfd, 0x40, 0xa, 0xff, 0x84, 0x2, 0x53,
    0x14, 0x40, 0x7, 0xf2, 0xe7, 0x72, 0xc, 0x80,
    0xc8, 0xa0, 0x32, 0x74, 0xdf, 0xc4, 0xd2, 0x9d,
    0xd8, 0x67, 0xc0,

    /* U+7EC6 "细" */
    0x0, 0x95, 0x40, 0x1f, 0xfc, 0x18, 0xd0, 0xf,
    0xfe, 0x2, 0x9c, 0x0, 0x3b, 0xff, 0xe0, 0x4,
    0x58, 0x59, 0x85, 0xf8, 0xe7, 0xd8, 0x84, 0xa,
    0xb2, 0x10, 0x7, 0xf3, 0x9f, 0xcc, 0x8, 0x7,
    0xf5, 0xf4, 0x13, 0x80, 0x7f, 0x90, 0xe3, 0x80,
    0x2a, 0xe1, 0xde, 0xa0, 0x0, 0xfb, 0x98, 0x80,
    0x2b, 0x87, 0x7a, 0x80, 0x10, 0x4f, 0xfe, 0x10,
    0xf, 0xe8, 0xce, 0xfe, 0x10, 0xf, 0xe1, 0x31,
    0x36, 0x40, 0xc, 0xe0, 0x1a, 0xb7, 0xf7, 0x40,
    0xb, 0xf1, 0xbf, 0xb0, 0x6, 0xc7, 0x72, 0xd0,
    0x2f, 0xff, 0x58, 0x83, 0xa8, 0x80, 0x5e, 0x80,
    0x19, 0x3c,

    /* U+7ED3 "结" */
    0x0, 0xa8, 0xc0, 0x3b, 0x94, 0x3, 0xc6, 0xae,
    0x1, 0xff, 0xc1, 0x94, 0x40, 0x9, 0x9c, 0x4,
    0x66, 0x41, 0x2, 0x59, 0x8, 0x7e, 0xff, 0xd,
    0x7f, 0xa5, 0x43, 0x94, 0x99, 0xd7, 0x73, 0x5,
    0x19, 0x8d, 0x45, 0x37, 0xd9, 0xa3, 0x22, 0x8c,
    0xc4, 0x41, 0x4, 0x9e, 0x66, 0x28, 0x5f, 0xf8,
    0xef, 0xfc, 0xc0, 0x2c, 0xed, 0x20, 0x9, 0xdd,
    0xf3, 0x80, 0xe, 0x95, 0xe8, 0x93, 0xff, 0xc8,
    0x0, 0xc1, 0x5d, 0x22, 0x0, 0xff, 0xe1, 0x0,
    0xb7, 0xf6, 0xa0, 0x3, 0xfe, 0x20, 0x35, 0x83,
    0x0, 0xfe, 0x4f, 0xf6, 0x41, 0x8, 0xf, 0xfe,
    0x10, 0x2, 0x56, 0xfe, 0xd1, 0x0, 0xff, 0xe1,
    0x0, 0x94, 0x80, 0x32, 0x78, 0x6, 0xe4, 0x0,

    /* U+7ED5 "绕" */
    0x0, 0xff, 0xe3, 0xc9, 0x80, 0x5c, 0x80, 0x11,
    0x0, 0x62, 0x61, 0x0, 0x97, 0x16, 0x77, 0xc0,
    0x34, 0x40, 0x82, 0x2d, 0x1f, 0x37, 0x34, 0x2,
    0x37, 0x71, 0xa7, 0x7e, 0x84, 0xad, 0x50, 0x0,
    0x5d, 0x5, 0x1c, 0xc8, 0x4b, 0x9e, 0x76, 0x0,
    0x13, 0x9e, 0x5b, 0x3, 0x94, 0x39, 0x83, 0x70,
    0x3e, 0xc0, 0xb1, 0xce, 0xe7, 0xe4, 0xca, 0x2c,
    0x2, 0x76, 0x50, 0xcd, 0x71, 0x3f, 0x36, 0xe0,
    0x3, 0x46, 0x3a, 0x6e, 0xf6, 0x38, 0xc8, 0x3,
    0x93, 0xc1, 0xbf, 0xc5, 0xde, 0x59, 0x8a, 0x0,
    0x45, 0xcb, 0x91, 0x0, 0x6, 0x60, 0x11, 0x80,
    0x6, 0xaf, 0x78, 0x16, 0x80, 0x1c, 0xc4, 0x1b,
    0x21, 0xfb, 0x2d, 0x20, 0x1d, 0x2e, 0x1f, 0x8e,
    0xb8, 0x98, 0x40, 0x29, 0xdc, 0x35, 0x1, 0x0,
    0xf, 0xe9, 0x80, 0x57, 0xdc, 0xc0,

    /* U+7ED8 "绘" */
    0x0, 0xff, 0x8, 0x7, 0xe9, 0x60, 0xc, 0xdc,
    0x40, 0x1e, 0x16, 0x0, 0xea, 0x5, 0x0, 0xf3,
    0x13, 0x0, 0x48, 0x79, 0x24, 0x1, 0xd3, 0x1,
    0x66, 0x12, 0xe7, 0x18, 0x40, 0x15, 0xaa, 0xe2,
    0x90, 0x80, 0x64, 0xd7, 0x2, 0x44, 0x75, 0x4c,
    0x3a, 0x77, 0x48, 0xf0, 0x85, 0x9d, 0x24, 0xe3,
    0x51, 0x99, 0xa3, 0x50, 0xc, 0x22, 0x42, 0x10,
    0x48, 0xb0, 0x10, 0x0, 0x75, 0x95, 0x7, 0xff,
    0xe9, 0x0, 0x31, 0xb7, 0xc8, 0xef, 0x22, 0xf7,
    0x50, 0x0, 0x6d, 0xfe, 0xd0, 0x25, 0x4b, 0x2d,
    0x11, 0x0, 0x4, 0x15, 0xe8, 0x45, 0x32, 0x13,
    0x26, 0x0, 0xbf, 0x63, 0xb0, 0x30, 0xd, 0x9c,
    0xec, 0x2, 0xbe, 0xd9, 0x61, 0x6, 0xd1, 0x29,
    0x25, 0x0, 0x20, 0x80, 0x6d, 0xb8, 0x75, 0x4c,
    0x50,

    /* U+7ED9 "给" */
    0x0, 0x99, 0x0, 0x32, 0x6a, 0x0, 0x7d, 0x4,
    0x1, 0xb4, 0x84, 0x3, 0xc6, 0xc, 0x1, 0x9c,
    0xe0, 0x3, 0xd4, 0xc1, 0x28, 0xe, 0x18, 0x12,
    0x1, 0x89, 0xa4, 0x99, 0x85, 0x16, 0x1c, 0xce,
    0x1, 0x78, 0xdf, 0xc1, 0xf9, 0xa8, 0x1c, 0xc5,
    0x90, 0x2b, 0x11, 0xb6, 0x98, 0x7f, 0xd3, 0x26,
    0x70, 0x88, 0x1d, 0x8f, 0x7e, 0x7f, 0xe6, 0xd5,
    0x1, 0xa5, 0x38, 0x4, 0xee, 0xed, 0x0, 0x8d,
    0x46, 0x8c, 0x80, 0x77, 0x68, 0x30, 0x8, 0xb7,
    0xf2, 0xc0, 0x2, 0x67, 0x10, 0x7, 0x11, 0x1a,
    0x90, 0x3, 0xfd, 0x1f, 0xb4, 0x4a, 0x3, 0xff,
    0x58, 0x6, 0xba, 0xec, 0x81, 0x1, 0xff, 0xac,
    0x40, 0x23, 0x51, 0x0, 0xfc, 0x9e, 0x0,

    /* U+7EE7 "继" */
    0x0, 0x33, 0x80, 0x79, 0x38, 0x3, 0xd5, 0xa0,
    0x7, 0x3a, 0x20, 0xa, 0x58, 0x0, 0x27, 0x0,
    0xa, 0x50, 0xa0, 0x9, 0x8c, 0x1, 0x2c, 0x4a,
    0x20, 0x7e, 0xa0, 0x5, 0x5, 0x2, 0x68, 0xa,
    0x60, 0x2, 0x40, 0x1, 0x28, 0x1, 0x43, 0xfe,
    0x37, 0x0, 0x2b, 0x10, 0x93, 0x18, 0x55, 0xd0,
    0x70, 0x5, 0x3d, 0x21, 0xdc, 0x80, 0x24, 0x88,
    0x10, 0x5, 0xba, 0x11, 0x66, 0xd8, 0x2, 0x9d,
    0x88, 0x3, 0x40, 0x3, 0x5c, 0x0, 0x4a, 0x9d,
    0xc0, 0x9, 0x1a, 0x3, 0xa1, 0x0, 0xb7, 0xfd,
    0x80, 0x2, 0xb8, 0x20, 0x29, 0x0, 0x88, 0x4d,
    0x84, 0xa, 0xd8, 0x4, 0x19, 0x1, 0xbf, 0xb9,
    0xe2, 0x6, 0xa2, 0xb8, 0x23, 0x3, 0xe7, 0xec,
    0x80, 0x27, 0xba, 0xce, 0xe8, 0x80,

    /* U+7EEA "绪" */
    0x0, 0xa1, 0x0, 0x34, 0xc0, 0x7, 0xc6, 0xe4,
    0x1, 0xde, 0x0, 0xc8, 0x0, 0xa4, 0xd8, 0x1,
    0xde, 0xd1, 0xaa, 0x78, 0x0, 0x25, 0xf0, 0xe6,
    0xef, 0x68, 0xfb, 0x84, 0x0, 0x72, 0x9b, 0x1a,
    0x10, 0x87, 0xf2, 0xb1, 0x9, 0x99, 0x7e, 0x7a,
    0x7f, 0x11, 0xc9, 0xb3, 0xe0, 0xf3, 0x99, 0x87,
    0x7b, 0xa9, 0x1f, 0xdd, 0xa4, 0xc, 0x92, 0x40,
    0x34, 0x9d, 0x5d, 0x88, 0x0, 0x5a, 0x8f, 0x1,
    0x5f, 0xdc, 0x88, 0x20, 0x80, 0x28, 0x5e, 0xcf,
    0x14, 0xc, 0xf0, 0x80, 0x53, 0xdc, 0xc9, 0x6a,
    0xf, 0xfc, 0x20, 0x10, 0x9a, 0x3d, 0xd8, 0x43,
    0xbb, 0x8, 0x0, 0xff, 0x63, 0xf0, 0x40, 0x19,
    0x98, 0x40, 0x7, 0x7f, 0x90, 0xa0, 0x22, 0x99,
    0xc0, 0x19, 0x0, 0x3c, 0x68, 0x9b, 0xcc, 0x0,

    /* U+7EED "续" */
    0x0, 0xc, 0x90, 0x7, 0x79, 0x80, 0x7a, 0x5c,
    0xc0, 0x4c, 0x88, 0xc, 0x44, 0x30, 0x9, 0xa4,
    0x41, 0x7b, 0xa0, 0x8e, 0xe7, 0x80, 0x14, 0x1d,
    0xa1, 0x33, 0x20, 0xec, 0xc8, 0x6, 0xe4, 0x2f,
    0x97, 0x32, 0x3f, 0xce, 0xa0, 0x41, 0x8e, 0x6,
    0x5e, 0xbc, 0xff, 0x60, 0x70, 0x2e, 0x70, 0x48,
    0x5, 0x37, 0x50, 0x12, 0x80, 0x3, 0x95, 0x40,
    0x49, 0xc8, 0x2, 0x7, 0x0, 0x95, 0xf9, 0x9,
    0x5e, 0x4c, 0x4, 0x3, 0xa4, 0x2e, 0x18, 0x7f,
    0x80, 0xfc, 0x4, 0x40, 0xe, 0xeb, 0x12, 0x32,
    0xf9, 0x67, 0xbf, 0xc0, 0x2, 0x3, 0x64, 0x8e,
    0xe4, 0xe, 0x7f, 0x70, 0x7, 0xfb, 0x74, 0x20,
    0x31, 0x36, 0x9d, 0x2, 0x3, 0x7b, 0xd6, 0xdb,
    0xc9, 0x8a, 0xd6, 0xbe, 0x20, 0x84, 0x0, 0x3b,
    0xcc, 0x18, 0x1, 0x36, 0x84,

    /* U+7EF4 "维" */
    0x0, 0x14, 0x8, 0x1, 0x2c, 0x4e, 0x0, 0x3d,
    0x6a, 0x20, 0xd, 0x71, 0x13, 0x98, 0x7, 0x3c,
    0x0, 0x4e, 0x84, 0x10, 0x4, 0x40, 0x2, 0x1a,
    0xc4, 0x10, 0x57, 0xf2, 0x3b, 0xe0, 0x1, 0x16,
    0xd, 0x9e, 0x1f, 0xb4, 0x5b, 0xaa, 0x5, 0x3a,
    0xd5, 0x5, 0x1, 0x18, 0x4, 0x80, 0x9, 0x10,
    0x39, 0xd6, 0xd, 0xfb, 0x2f, 0xc4, 0x1, 0x73,
    0x42, 0x98, 0xc, 0xea, 0x2e, 0xe2, 0x0, 0xa,
    0x60, 0x88, 0x1, 0xff, 0x78, 0xee, 0x9c, 0x1,
    0xbf, 0x65, 0xfe, 0x50, 0x4, 0xe7, 0xf9, 0x40,
    0x1b, 0xf6, 0x5f, 0xe5, 0x0, 0x21, 0x1b, 0x48,
    0x80, 0x7f, 0x1f, 0xf6, 0xe8, 0x44, 0x1b, 0xf6,
    0x5f, 0xf2, 0x9b, 0x5f, 0x5c, 0x0, 0x37, 0xff,
    0xca, 0x12, 0x80, 0x1f, 0xfc, 0x10,

    /* U+7EF5 "绵" */
    0x0, 0x98, 0x40, 0x32, 0x58, 0x80, 0x70, 0xcc,
    0x80, 0x36, 0x8, 0x80, 0x3a, 0x4e, 0x0, 0x19,
    0xee, 0xbf, 0xf2, 0x0, 0xbf, 0x86, 0x18, 0x4f,
    0xfe, 0x17, 0xa, 0x63, 0x72, 0x20, 0x47, 0x76,
    0x10, 0x34, 0x7d, 0x8a, 0x10, 0x8e, 0xec, 0x20,
    0x77, 0xe8, 0xc8, 0x0, 0x9f, 0xfc, 0x2e, 0x8,
    0x94, 0x80, 0x33, 0xfc, 0x55, 0xfe, 0x40, 0x5a,
    0xa2, 0xb0, 0xff, 0xc5, 0x5f, 0xec, 0xc, 0xa,
    0xe1, 0x0, 0x6f, 0x95, 0x7c, 0x80, 0x27, 0xf6,
    0xdc, 0x3, 0xfe, 0x15, 0x9c, 0x0, 0xff, 0x77,
    0x20, 0x78, 0x3, 0xcd, 0x6c, 0x17, 0x9b, 0x4,
    0x32, 0x40, 0x11, 0x24, 0x2, 0x98, 0x6, 0x60,
    0x1, 0x82, 0x49, 0x0,

    /* U+7EFF "绿" */
    0x0, 0x98, 0x3, 0xff, 0x84, 0x72, 0x60, 0xbf,
    0xfe, 0xd0, 0xd, 0x4a, 0x60, 0xbf, 0xfd, 0xc,
    0x1, 0x9e, 0xb, 0x87, 0xbf, 0xf4, 0x10, 0x5,
    0xc, 0x54, 0x83, 0xdf, 0xf9, 0x44, 0x0, 0x4e,
    0xba, 0xd6, 0x42, 0x3e, 0xf2, 0x2, 0x78, 0x66,
    0xe, 0xff, 0xdd, 0xeb, 0x38, 0x41, 0xe, 0xd0,
    0x1f, 0xdc, 0xd1, 0xee, 0xc4, 0x0, 0xe8, 0x2,
    0x3e, 0x0, 0x9, 0x1f, 0x28, 0x2, 0xce, 0x3e,
    0x4c, 0x9a, 0xc3, 0xf6, 0x54, 0x1, 0xf5, 0xfe,
    0xb0, 0xdc, 0x61, 0x67, 0x70, 0x4, 0x8a, 0x48,
    0xa5, 0xad, 0x41, 0x2d, 0x0, 0x14, 0xe7, 0xf8,
    0xf5, 0xb1, 0xc0, 0xad, 0xf4, 0x43, 0xa7, 0xed,
    0xb6, 0x8e, 0x4c, 0x13, 0x14, 0x41, 0xd4, 0x2,
    0x20, 0x76, 0x80, 0x1, 0xc0, 0x0,

    /* U+7F13 "缓" */
    0x0, 0xd, 0x8, 0x4, 0x24, 0x6a, 0xf6, 0x20,
    0x4, 0x50, 0x5, 0x7f, 0x67, 0x74, 0x66, 0x0,
    0x4b, 0x88, 0x44, 0x3e, 0x21, 0x61, 0xa4, 0x8,
    0x50, 0x7a, 0x10, 0x5f, 0xc2, 0xce, 0x3, 0x28,
    0x70, 0xe5, 0x1, 0x50, 0xc8, 0x40, 0x3, 0x1e,
    0x6a, 0x99, 0x66, 0x36, 0x57, 0x94, 0x7a, 0x4f,
    0xc2, 0x3a, 0xc7, 0xba, 0xf4, 0x0, 0x74, 0x11,
    0xff, 0x50, 0x77, 0x5f, 0x81, 0x87, 0xd2, 0x5d,
    0xc1, 0xce, 0xed, 0xa0, 0xea, 0x2, 0x20, 0x61,
    0xdf, 0xfb, 0x0, 0x17, 0x51, 0x1, 0x14, 0x14,
    0xfe, 0x87, 0x1, 0x45, 0x6f, 0xb5, 0x3f, 0xc2,
    0xfc, 0x10, 0x1a, 0x9c, 0x6e, 0x34, 0x93, 0x51,
    0xa8, 0x0, 0x76, 0x55, 0x99, 0xed, 0x6d, 0x29,
    0xbd, 0x20, 0x19, 0x34, 0xbb, 0x79, 0xab, 0xa3,
    0x40,

    /* U+7F16 "编" */
    0x0, 0x94, 0x40, 0x30, 0xd9, 0x0, 0x7d, 0x4e,
    0x1, 0x85, 0x54, 0x1, 0xe6, 0x26, 0x3, 0xfd,
    0xd1, 0xd6, 0xf6, 0x80, 0x55, 0x22, 0x62, 0x1b,
    0xbd, 0x40, 0x12, 0x3a, 0x47, 0x8, 0x77, 0x75,
    0x0, 0x54, 0x9e, 0xdc, 0x3, 0xdd, 0xed, 0x0,
    0x5e, 0x2b, 0x1b, 0x1, 0x17, 0xc2, 0xa, 0x2f,
    0x20, 0x43, 0xfd, 0x93, 0xb3, 0x8e, 0x0, 0xe9,
    0x21, 0xc0, 0xbf, 0x2b, 0xb, 0x50, 0x5, 0x1d,
    0xe3, 0x21, 0xb, 0x1, 0x1, 0x80, 0x5d, 0x7f,
    0xde, 0xad, 0x52, 0x52, 0x10, 0xa0, 0x4, 0x41,
    0x3f, 0x40, 0x5f, 0x95, 0x85, 0x28, 0xd, 0x6e,
    0xb1, 0x48, 0x0, 0xe0, 0x1e, 0x16, 0xbe, 0xb3,
    0x7, 0x5, 0x90, 0xa7, 0x63, 0xc, 0x61, 0x0,
    0x84, 0x5, 0x41, 0x7c, 0x10, 0x3, 0xed, 0x60,
    0xd, 0x3a, 0x20,

    /* U+7F29 "缩" */
    0x0, 0xa4, 0x80, 0x31, 0xe0, 0x7, 0xc6, 0xe6,
    0x4, 0x53, 0x9b, 0x11, 0x40, 0x14, 0xd8, 0x86,
    0xe7, 0xc9, 0x5f, 0xfb, 0x4c, 0x9, 0x94, 0xc0,
    0x15, 0x1b, 0xbc, 0x20, 0x9, 0xf3, 0xc3, 0x5d,
    0x94, 0x54, 0x4a, 0xcd, 0x93, 0x71, 0x4e, 0x1b,
    0x84, 0xa7, 0x8c, 0x81, 0xb3, 0x3, 0x61, 0xc0,
    0x4a, 0xe1, 0x2e, 0xe0, 0x1, 0xdc, 0x8d, 0x80,
    0x4f, 0xe5, 0x9f, 0x0, 0x5, 0x45, 0x38, 0xf0,
    0x9, 0x7f, 0xce, 0x0, 0x1a, 0x2d, 0xc0, 0x10,
    0x0, 0x80, 0x42, 0x0, 0x1a, 0xdf, 0xf1, 0x80,
    0x65, 0xff, 0x30, 0x4, 0xa4, 0x4, 0x40, 0xc,
    0xbf, 0xe7, 0x0, 0x26, 0x6f, 0xed, 0x0, 0x61,
    0x22, 0x8, 0x1, 0x5e, 0xaf, 0xa0, 0x40, 0x25,
    0xee, 0x38, 0x0, 0x6d, 0xd0, 0x40, 0x30, 0xa6,
    0x61, 0x80, 0x0,

    /* U+7F51 "网" */
    0x6f, 0xff, 0xfe, 0x8, 0x18, 0xf7, 0x7f, 0xa8,
    0x3, 0x8, 0x8, 0xa8, 0x84, 0x4a, 0xc0, 0x20,
    0x13, 0x78, 0x1a, 0x2, 0x6, 0xd8, 0x7, 0x31,
    0xba, 0x25, 0x42, 0x92, 0x1, 0xee, 0x8a, 0xe7,
    0x2a, 0x25, 0x0, 0xf1, 0xa9, 0x28, 0x42, 0x28,
    0x7, 0xe1, 0x4, 0x5, 0x0, 0xfe, 0x34, 0x59,
    0xb, 0x25, 0x30, 0xf, 0x7b, 0xdb, 0x31, 0x7d,
    0x20, 0x3, 0x9c, 0xa0, 0x62, 0x5c, 0xa0, 0xc0,
    0x39, 0x28, 0x0, 0x51, 0x0, 0x38, 0x0, 0xe3,
    0x40, 0x0, 0xb8, 0x0, 0x5b, 0x80, 0x6, 0x1,
    0xfc, 0x36, 0xf0, 0x0,

    /* U+7F8A "羊" */
    0x0, 0xff, 0xe3, 0xea, 0x80, 0x47, 0xc8, 0x1,
    0xf2, 0x58, 0x5, 0x24, 0x80, 0x18, 0x8c, 0xb5,
    0xc, 0x91, 0x64, 0x88, 0x60, 0x8, 0xdc, 0xa4,
    0xdd, 0x58, 0xde, 0x63, 0x48, 0x2b, 0xbb, 0x8a,
    0x3b, 0xb8, 0x80, 0x3f, 0xf8, 0xa6, 0x7e, 0xe3,
    0x39, 0x0, 0x34, 0xff, 0xe1, 0x7f, 0xfa, 0x44,
    0x2, 0xac, 0xcc, 0x53, 0x99, 0x68, 0x80, 0x91,
    0x78, 0x3c, 0x8b, 0xcd, 0xbb, 0xe2, 0x7d, 0xdf,
    0x3f, 0xff, 0x8a, 0x3f, 0xfc, 0x1, 0xff, 0xd9,
    0x3f, 0x0, 0xf0,

    /* U+7F8E "美" */
    0x0, 0xfe, 0x10, 0xf, 0xc7, 0xa0, 0x1b, 0xd0,
    0x3, 0xe3, 0x67, 0x0, 0x39, 0x20, 0x7, 0x6f,
    0xf9, 0x23, 0xfd, 0x7, 0xfe, 0xe0, 0xb, 0x7f,
    0xf3, 0xaf, 0xfe, 0xe0, 0xc, 0x86, 0x70, 0x88,
    0xce, 0x40, 0xe, 0xf9, 0x99, 0x1a, 0x66, 0xf1,
    0x0, 0x8, 0x5d, 0x54, 0xaf, 0x55, 0x58, 0x8,
    0x5f, 0x77, 0x32, 0x77, 0x6f, 0xa0, 0xae, 0xee,
    0x79, 0xee, 0xeb, 0x1, 0xdc, 0xcc, 0xd3, 0x99,
    0xca, 0x3, 0xdd, 0xa4, 0x1, 0x7d, 0xd7, 0xa0,
    0x0, 0xc8, 0x81, 0x73, 0x92, 0xa4, 0x43, 0x10,
    0x8, 0xa3, 0x65, 0x8b, 0x2f, 0x5c, 0x80, 0xb,
    0xda, 0x5a, 0xe0, 0x2, 0xcb, 0xad, 0xd0, 0x2c,
    0x75, 0x10, 0x7, 0x36, 0xe7, 0x0,

    /* U+7F94 "羔" */
    0x0, 0xff, 0xe4, 0x1e, 0x0, 0x64, 0xc2, 0x0,
    0xf8, 0xca, 0x40, 0x2f, 0x2, 0x0, 0xc2, 0x86,
    0x66, 0xf3, 0x32, 0xa5, 0x19, 0x90, 0x0, 0xb5,
    0xba, 0x68, 0xdc, 0xb1, 0x8d, 0xd4, 0x80, 0x13,
    0xbb, 0xac, 0x7b, 0xbb, 0x40, 0x31, 0x91, 0x60,
    0x22, 0x8c, 0x80, 0x30, 0xee, 0x65, 0x23, 0x99,
    0x6d, 0x80, 0x61, 0xee, 0xd6, 0x3d, 0xda, 0x40,
    0x3f, 0xf8, 0xfb, 0xff, 0xd4, 0x3f, 0xfe, 0x30,
    0xce, 0xff, 0xff, 0x5f, 0x18, 0xd, 0x48, 0x3a,
    0x1, 0x68, 0x83, 0x59, 0x0, 0xd, 0x34, 0x3a,
    0x40, 0x86, 0xc1, 0x8b, 0xc0, 0x10, 0x88, 0x8,
    0x32, 0x9, 0x10, 0x4, 0x8, 0x82, 0xa8, 0x0,
    0x1e, 0x20, 0x5b, 0x0, 0x2e, 0x88,

    /* U+7F9E "羞" */
    0x0, 0xe1, 0x0, 0xff, 0xe1, 0x2f, 0x90, 0x1,
    0xfc, 0x80, 0x3c, 0x22, 0x42, 0x41, 0x14, 0xc8,
    0xc4, 0x40, 0x12, 0xff, 0xc5, 0x1d, 0xe1, 0x1f,
    0xf2, 0x0, 0x17, 0xbb, 0x41, 0x77, 0x79, 0x0,
    0x2b, 0xee, 0xa4, 0xbb, 0xba, 0x0, 0x35, 0xf7,
    0x43, 0x5d, 0xdd, 0x0, 0x17, 0x77, 0xd, 0xf7,
    0x7b, 0x40, 0x1d, 0xd8, 0x9f, 0xbb, 0xed, 0x0,
    0xe6, 0x36, 0xee, 0xf1, 0x80, 0x71, 0xcd, 0xf5,
    0x87, 0x74, 0x20, 0x1c, 0x5b, 0x2c, 0x24, 0x62,
    0x22, 0x2, 0x0, 0x97, 0x20, 0xff, 0x60, 0xf7,
    0x5e, 0x2, 0x1, 0x1d, 0xba, 0x66, 0x94, 0x6e,
    0xa4, 0x4, 0x40, 0x6, 0x5c, 0xee, 0x8a, 0x7b,
    0x96, 0x1d, 0xc2,

    /* U+7FBD "羽" */
    0x0, 0xff, 0xe2, 0x5f, 0xff, 0x1d, 0x7f, 0xf2,
    0x85, 0x77, 0x60, 0x5, 0xf7, 0x61, 0x10, 0x8,
    0x8, 0xc0, 0x1, 0x1, 0x18, 0x2, 0x4f, 0x20,
    0xc, 0xbe, 0x60, 0x1c, 0x85, 0xe2, 0x1, 0x2b,
    0xe1, 0x0, 0x76, 0xb0, 0x7, 0x4c, 0x88, 0x3,
    0x86, 0xc4, 0x40, 0x19, 0x81, 0x44, 0x3, 0x9f,
    0x80, 0x33, 0x6d, 0x80, 0x45, 0x1d, 0x76, 0x0,
    0x4f, 0xc5, 0xf0, 0x81, 0x6b, 0x46, 0x20, 0x0,
    0x9f, 0x98, 0x2, 0x2b, 0xf6, 0x0, 0xd7, 0x0,
    0x1e, 0x41, 0x0, 0x8, 0x8, 0x7, 0x8, 0x6,
    0x4e, 0xe0, 0x18, 0x0, 0xf7, 0x81, 0x80, 0x25,
    0x47, 0xb1, 0x0, 0x1a, 0x4d, 0x90,

    /* U+7FC5 "翅" */
    0x0, 0xbd, 0x0, 0x3f, 0xf8, 0xaf, 0xff, 0x1c,
    0xff, 0xb8, 0x9, 0x10, 0x6, 0x88, 0xff, 0x8,
    0x47, 0x58, 0x1, 0xff, 0xc1, 0x7e, 0xa6, 0x1,
    0x2a, 0x9c, 0x0, 0xb7, 0x60, 0x8b, 0x5d, 0x0,
    0xb2, 0x0, 0x31, 0x8, 0x8, 0x8c, 0x10, 0x1,
    0x64, 0x1, 0xb7, 0xc6, 0xf8, 0xf5, 0x84, 0xf,
    0xa8, 0x2, 0xff, 0x76, 0x81, 0x86, 0x0, 0x7,
    0x1c, 0x2, 0x6c, 0x4, 0x38, 0xda, 0x16, 0xe6,
    0xd0, 0x9, 0x8d, 0x6a, 0x9b, 0x88, 0xd, 0x94,
    0x1, 0xd7, 0x46, 0xca, 0xd4, 0x22, 0x37, 0xf3,
    0x0, 0x98, 0x0, 0x80, 0xe3, 0x4, 0x2, 0xbc,
    0x0, 0x4c, 0x79, 0xbd, 0xad, 0x33, 0x97, 0x58,
    0xcd, 0x71, 0x7, 0xeb, 0x3b, 0xac, 0xca, 0xe8,
    0x4f, 0x9c, 0x0, 0x2d, 0x5b, 0xdf, 0xfc, 0x40,

    /* U+7FFC "翼" */
    0x0, 0xfc, 0x23, 0xc0, 0x6, 0xdd, 0xdd, 0x2b,
    0xbb, 0xb8, 0xc1, 0xb6, 0xa9, 0xb2, 0xb, 0x83,
    0x56, 0x2, 0xd, 0x95, 0x1d, 0x61, 0x5e, 0x7e,
    0x20, 0x11, 0xbd, 0x6f, 0x47, 0xfa, 0xba, 0x51,
    0x0, 0x5, 0xe8, 0x9b, 0xfb, 0x8e, 0xbb, 0x6f,
    0x90, 0x0, 0x44, 0x67, 0x30, 0x99, 0xc0, 0x1f,
    0x6e, 0xc4, 0xdb, 0xb0, 0x7, 0x3a, 0xf4, 0xd1,
    0xc, 0xd7, 0x23, 0x80, 0x43, 0x98, 0x51, 0xcc,
    0x20, 0x66, 0x10, 0x2, 0x33, 0xb8, 0xc, 0xdc,
    0x6, 0x70, 0x2, 0x7a, 0xed, 0x3, 0x76, 0x90,
    0xbb, 0xbd, 0xe7, 0xfa, 0x48, 0x9f, 0xec, 0x12,
    0x7d, 0xf7, 0x2c, 0xed, 0x8d, 0x0, 0x1f, 0x49,
    0x6c, 0x81, 0x47, 0x5a, 0x80, 0x72, 0x57, 0x58,
    0x0,

    /* U+8001 "老" */
    0x0, 0xf6, 0x38, 0x7, 0xff, 0x5, 0xc0, 0x3a,
    0x90, 0x2, 0x15, 0x44, 0x3f, 0x22, 0x4a, 0xa1,
    0x0, 0x8a, 0x7f, 0xc4, 0x9f, 0x1d, 0x70, 0xa0,
    0x11, 0xe5, 0xd9, 0x6a, 0xf1, 0x91, 0xc0, 0x22,
    0x11, 0xcf, 0xe3, 0x43, 0x2, 0x44, 0xc, 0xff,
    0xc4, 0xdc, 0xa7, 0x9f, 0x9c, 0x1d, 0xdd, 0xa6,
    0xbf, 0xdd, 0xb0, 0x3, 0xf, 0x6c, 0x50, 0x47,
    0x8, 0x7, 0x3f, 0x8d, 0x3c, 0x72, 0x40, 0x80,
    0xa, 0x7f, 0x30, 0x35, 0xe1, 0x98, 0x60, 0x8,
    0x83, 0x2c, 0x82, 0xf6, 0x8, 0x0, 0xa4, 0x0,
    0x93, 0x0, 0x88, 0x3, 0x15, 0xd0, 0x7, 0x9a,
    0x3f, 0xf6, 0x24, 0x0, 0x7a, 0x3f, 0xdd, 0xcf,
    0xea, 0x0, 0x0,

    /* U+8003 "考" */
    0x0, 0xf1, 0xf0, 0x7, 0xfc, 0x23, 0x38, 0x8,
    0xc1, 0x4a, 0x1, 0xd3, 0x98, 0x91, 0xcc, 0x54,
    0x20, 0x80, 0x74, 0x6e, 0xb8, 0x77, 0x46, 0xd8,
    0x80, 0x11, 0x17, 0x30, 0x14, 0xb5, 0x1, 0x18,
    0x3, 0xbf, 0xf4, 0x6, 0xb9, 0xcf, 0xfb, 0x40,
    0x19, 0xbb, 0xa4, 0xab, 0xb7, 0x77, 0x0, 0x71,
    0xdd, 0x8e, 0xbf, 0xf1, 0x80, 0x42, 0xd9, 0xf1,
    0x63, 0xdf, 0xf7, 0x18, 0x0, 0x7a, 0xe7, 0xf,
    0xdc, 0x40, 0x21, 0x0, 0x87, 0x74, 0xa0, 0xa8,
    0xdf, 0xfb, 0x40, 0x31, 0x0, 0x4b, 0xdf, 0xf9,
    0x9c, 0x3, 0xf8, 0x40, 0x32, 0xe8, 0x7, 0xf8,
    0xe2, 0x6c, 0xd4, 0x3, 0xfc, 0x28, 0x66, 0xc2,
    0x0, 0x80,

    /* U+8005 "者" */
    0x0, 0xfb, 0xd4, 0x3, 0xff, 0x8e, 0x54, 0x1,
    0xd7, 0xff, 0x5, 0x7f, 0x8f, 0x98, 0x3, 0xab,
    0xbf, 0xc3, 0x5f, 0xd0, 0x18, 0x1, 0xc2, 0x20,
    0xe, 0xa7, 0xc0, 0xd, 0x5f, 0xfc, 0x35, 0xe8,
    0x7f, 0xf2, 0x5, 0xf7, 0xfe, 0xb0, 0x7f, 0xfd,
    0xc8, 0x2, 0x20, 0x9, 0x2a, 0x60, 0x3, 0x8,
    0x7, 0x2d, 0xd0, 0xcf, 0xfe, 0x20, 0x8, 0x9f,
    0x2d, 0x7b, 0xff, 0x70, 0x18, 0x5, 0x19, 0x16,
    0x3f, 0xfd, 0xc0, 0x1d, 0x56, 0x80, 0x3f, 0xfd,
    0xa0, 0x1f, 0xe3, 0x3e, 0x60, 0xf, 0xe1, 0xff,
    0xe8, 0x0, 0xfc, 0x63, 0x99, 0xda, 0x6, 0x0,

    /* U+8010 "耐" */
    0x0, 0xff, 0xe0, 0x2f, 0x0, 0xb, 0xff, 0xf2,
    0x80, 0x4, 0xc0, 0x5, 0xff, 0x32, 0xff, 0xca,
    0x1, 0xfe, 0x5d, 0x0, 0x96, 0x21, 0xc7, 0x8,
    0x11, 0xba, 0x39, 0xdd, 0x60, 0xff, 0x18, 0x73,
    0x80, 0xbc, 0x1d, 0x7, 0x92, 0x3b, 0x69, 0xb1,
    0x80, 0x80, 0x83, 0x81, 0x81, 0xb0, 0x7, 0xff,
    0x9, 0xe4, 0x80, 0x3f, 0xf8, 0x28, 0xbc, 0x1,
    0xff, 0xc2, 0x88, 0x0, 0x7f, 0xf0, 0x89, 0x0,
    0x3e, 0x77, 0x12, 0x80, 0x7f, 0x84, 0xe, 0xc6,
    0x98, 0x3, 0x10, 0x6, 0xed, 0x0, 0x86, 0xac,
    0x7, 0xe5, 0xc0, 0x27, 0x70, 0x4, 0x7a, 0xa0,
    0x39, 0xb4, 0x0,

    /* U+8033 "耳" */
    0x0, 0xff, 0xe2, 0xd7, 0xff, 0xff, 0x3, 0x0,
    0x17, 0xba, 0xb, 0xee, 0xd2, 0x3d, 0xbc, 0x0,
    0x12, 0x30, 0x71, 0x1c, 0x60, 0x24, 0x40, 0xf,
    0x67, 0xfe, 0xa0, 0xf, 0xf6, 0x7f, 0xea, 0x0,
    0xff, 0xe7, 0x2a, 0x26, 0xd0, 0xf, 0xf5, 0xc4,
    0x65, 0x0, 0xff, 0x76, 0x66, 0x80, 0xf, 0x84,
    0xc1, 0xc8, 0xd1, 0x1a, 0x2f, 0x12, 0x0, 0xfe,
    0xd0, 0xbd, 0xd4, 0xc2, 0x80, 0xe5, 0x0, 0x2a,
    0xf7, 0xbf, 0xdd, 0xb9, 0x2, 0xc8, 0x60, 0x5,
    0x42, 0x10, 0xf, 0xfe, 0x49, 0x80, 0x70,

    /* U+804A "聊" */
    0x0, 0xfc, 0x6f, 0x0, 0x1c, 0x9f, 0xff, 0x6f,
    0x6a, 0x7f, 0xc4, 0x98, 0x3f, 0xa3, 0xe3, 0x90,
    0xc0, 0x7e, 0x20, 0x1f, 0xe2, 0xc2, 0x0, 0xf0,
    0xfe, 0x80, 0x61, 0x2, 0x0, 0xf0, 0xfe, 0x80,
    0x79, 0xc0, 0x3f, 0xf9, 0x43, 0xd8, 0x1, 0x94,
    0x3, 0xf0, 0xfe, 0x80, 0x5b, 0x2, 0x1, 0xf8,
    0x44, 0x6, 0x4f, 0x6, 0x0, 0x21, 0x0, 0x85,
    0x6c, 0x73, 0x63, 0x5c, 0x1, 0x82, 0x49, 0x81,
    0x6, 0x3e, 0x22, 0x5e, 0x0, 0x6f, 0x82, 0xb6,
    0x6c, 0x0, 0x56, 0x68, 0xe0, 0x62, 0x3, 0x26,
    0x0, 0x10, 0xa4, 0xe0, 0xf, 0xf0, 0x80, 0x7,
    0xc8, 0x3, 0xc0,

    /* U+8054 "联" */
    0x0, 0xfd, 0x20, 0x15, 0x98, 0x0, 0xff, 0xfc,
    0xc5, 0x0, 0x68, 0x40, 0x3, 0xf0, 0xdf, 0xc,
    0x69, 0x40, 0xa7, 0x10, 0xf, 0xe6, 0x97, 0xb6,
    0x4b, 0x60, 0xd, 0xbe, 0x0, 0x48, 0x82, 0xc7,
    0xc2, 0x0, 0x6d, 0xf0, 0x1, 0x19, 0x80, 0xce,
    0x20, 0xf, 0xf8, 0x5c, 0x3, 0xee, 0xc0, 0x6,
    0xe6, 0x3, 0xb3, 0x14, 0x1, 0xa7, 0xc0, 0x13,
    0xf2, 0x9, 0xfe, 0x90, 0xc, 0xe6, 0x0, 0x53,
    0x30, 0xa9, 0x9c, 0x1, 0x96, 0x43, 0x10, 0x35,
    0x85, 0x0, 0x22, 0xf0, 0xa1, 0xc, 0x52, 0x4a,
    0xb9, 0x10, 0x1, 0x3e, 0xea, 0x0, 0x2e, 0x52,
    0x61, 0xc2, 0x0, 0x41, 0x0, 0x69, 0x3b, 0x0,
    0x69, 0xe8, 0x80, 0x7c, 0x34, 0x20, 0x1, 0xf9,
    0x10,

    /* U+805A "聚" */
    0x0, 0xff, 0xe2, 0x9f, 0xff, 0xb3, 0x1f, 0xf9,
    0xc0, 0x7, 0xc0, 0xcd, 0x6, 0x7f, 0x7f, 0x85,
    0x40, 0x30, 0xe6, 0x40, 0xb, 0xf6, 0x85, 0x20,
    0xc, 0x3d, 0xd0, 0x2, 0x32, 0xdf, 0x80, 0x38,
    0x66, 0x60, 0x20, 0x1, 0xb5, 0x28, 0x0, 0x54,
    0x56, 0xf8, 0x3d, 0xb6, 0x65, 0x14, 0x60, 0x96,
    0x36, 0x76, 0x1f, 0xe6, 0x16, 0x79, 0x30, 0x5b,
    0x46, 0x1b, 0xd, 0x20, 0xe0, 0x36, 0x0, 0x93,
    0x82, 0x33, 0x42, 0x26, 0xeb, 0x84, 0x2, 0x59,
    0x0, 0x28, 0x3, 0xb3, 0xe3, 0x44, 0x1, 0x76,
    0x89, 0xde, 0x10, 0xc7, 0x11, 0x0, 0x69, 0xcf,
    0xc8, 0xb1, 0x1, 0xb9, 0x8f, 0xc2, 0x2, 0x81,
    0xd6, 0x1, 0x0, 0x93, 0x6e, 0xc4, 0x0, 0xab,
    0x20, 0x1, 0xf8, 0x6, 0x47, 0x0,

    /* U+806A "聪" */
    0x0, 0xff, 0xe6, 0x3b, 0x80, 0x18, 0x80, 0x3,
    0xff, 0xf0, 0x9c, 0x81, 0x1a, 0x80, 0xf, 0x47,
    0xf8, 0x3c, 0x55, 0xa, 0x94, 0x3, 0xfc, 0x9c,
    0xfe, 0xaf, 0xc6, 0x1, 0xe, 0xe0, 0x1, 0xc7,
    0x77, 0x8, 0x6, 0x1c, 0xf0, 0xf, 0xfe, 0x10,
    0x98, 0x4, 0x28, 0x98, 0x40, 0x38, 0x4c, 0x2,
    0x29, 0x9c, 0x40, 0x18, 0x7f, 0x0, 0x7, 0xba,
    0x8a, 0xdd, 0x18, 0x4, 0x3d, 0xe0, 0x8, 0x9e,
    0x8, 0x29, 0x70, 0xe, 0x40, 0xc3, 0xf3, 0x79,
    0xa, 0x90, 0x1a, 0x1f, 0x90, 0xe5, 0x50, 0x1,
    0x8c, 0xe4, 0x14, 0x9e, 0xd0, 0x29, 0x30, 0x60,
    0x89, 0xd4, 0xc, 0x61, 0x0, 0x9c, 0x16, 0xfd,
    0xa8, 0x3, 0xc6, 0x1, 0xa3, 0xfe, 0x30, 0x0,

    /* U+8089 "肉" */
    0x0, 0xff, 0xe4, 0x3f, 0x80, 0x7c, 0x45, 0xde,
    0x45, 0xe1, 0x3d, 0xff, 0xcc, 0x5f, 0xfb, 0x2c,
    0x1, 0x9b, 0xb2, 0x9e, 0x6e, 0xce, 0x1, 0xe7,
    0x55, 0x7c, 0x90, 0x7, 0x9b, 0x2f, 0xe7, 0xc3,
    0x48, 0x3, 0x8e, 0x71, 0x70, 0x67, 0x48, 0x3,
    0x95, 0x41, 0x16, 0x0, 0x20, 0xf, 0xd2, 0x52,
    0xe0, 0x1f, 0xd2, 0xff, 0x97, 0xca, 0x1, 0xea,
    0x5f, 0x12, 0xc9, 0x30, 0xf, 0x56, 0x8, 0x4,
    0xe4, 0xa8, 0x60, 0x1f, 0xe2, 0xb7, 0xb0,

    /* U+8098 "肘" */
    0x3, 0xff, 0xdc, 0x1, 0xde, 0x80, 0x1d, 0xfe,
    0xc1, 0x0, 0xff, 0xe1, 0x88, 0x7, 0xff, 0x0,
    0xcc, 0xa0, 0xbd, 0xd8, 0x2b, 0x84, 0x2, 0xff,
    0x58, 0x26, 0xee, 0x8, 0xd1, 0x0, 0xb3, 0x1c,
    0x2, 0x67, 0x80, 0x8c, 0x3, 0x8, 0x9c, 0x1,
    0x34, 0x1, 0xfd, 0xdc, 0xb0, 0x4, 0x2a, 0x0,
    0x79, 0xc3, 0xfd, 0x80, 0x1, 0x62, 0x0, 0xf1,
    0x10, 0x3, 0xd2, 0xc0, 0x1e, 0xe6, 0x0, 0xff,
    0xe1, 0x29, 0x80, 0x46, 0x1, 0xfc, 0x65, 0x81,
    0x5f, 0x60, 0x12, 0x30, 0x30, 0x0, 0xd9, 0x2,
    0xb1, 0x80, 0x2c, 0x87, 0x20, 0xa, 0x40, 0x3f,
    0x47, 0x40, 0x4,

    /* U+80A0 "肠" */
    0x0, 0x8, 0xe0, 0x0, 0x8f, 0x80, 0x5, 0xdd,
    0x89, 0xfb, 0xbc, 0x1, 0xf, 0xf8, 0x0, 0xfd,
    0xd5, 0x2, 0x80, 0x7c, 0x60, 0x22, 0x5a, 0x9a,
    0x0, 0x85, 0xdc, 0x1, 0x96, 0xe9, 0x80, 0x3b,
    0x74, 0x0, 0x18, 0xa9, 0x72, 0x28, 0x0, 0x35,
    0x40, 0x4, 0x38, 0x4e, 0xed, 0xe0, 0x1f, 0x4f,
    0x6, 0x94, 0xc8, 0x40, 0x3, 0xfe, 0x0, 0xa1,
    0x8, 0x88, 0x2c, 0x2, 0x5f, 0xe0, 0x2, 0xb4,
    0xb1, 0x13, 0xcc, 0x14, 0x40, 0x29, 0xab, 0x2b,
    0xb0, 0x10, 0x87, 0xa8, 0x5, 0x58, 0x94, 0xc,
    0x3, 0xe0, 0xf8, 0x4, 0x6, 0x6a, 0x4f, 0x13,
    0x52, 0x30, 0x55, 0x68, 0x97, 0x3e, 0x1f, 0x60,
    0x21, 0xf8, 0x2d, 0xf9, 0xb6, 0x90, 0xd6, 0x70,
    0x80,

    /* U+80A4 "肤" */
    0x0, 0xff, 0x31, 0x0, 0x7b, 0xff, 0x28, 0x0,
    0x65, 0x80, 0x3e, 0xce, 0x11, 0x0, 0x4, 0x1c,
    0x3, 0xf0, 0x80, 0x2b, 0x74, 0x1d, 0xba, 0x80,
    0xd, 0x9e, 0x21, 0x5b, 0xa0, 0xed, 0xd4, 0x0,
    0x6b, 0xe1, 0x0, 0xff, 0xe0, 0xb8, 0x80, 0x15,
    0x60, 0x45, 0x58, 0x3, 0xe1, 0x88, 0x82, 0x62,
    0x20, 0x0, 0x86, 0x78, 0x8b, 0x75, 0x20, 0xfb,
    0xb0, 0x0, 0xc3, 0xfc, 0x20, 0x16, 0x13, 0x80,
    0x73, 0x8, 0x7, 0x9a, 0xd, 0x80, 0x36, 0x28,
    0x7, 0x48, 0x2c, 0x49, 0x80, 0x4d, 0x82, 0x42,
    0xec, 0xcb, 0x5, 0x4d, 0x40, 0x31, 0x55, 0x68,
    0xd4, 0xb2, 0x80, 0x28, 0xec, 0xcd, 0xa4, 0x97,
    0xda, 0xd2, 0x1, 0xe, 0x51, 0x80,

    /* U+80A5 "肥" */
    0x2, 0xff, 0xc8, 0x7d, 0xde, 0x20, 0xd, 0xfe,
    0x17, 0x10, 0xe3, 0xde, 0x0, 0xff, 0xe5, 0x7f,
    0x84, 0x3, 0xff, 0x83, 0xfe, 0x10, 0xf, 0xfe,
    0x88, 0x88, 0x2, 0x1c, 0x2e, 0xc1, 0x0, 0x98,
    0x3b, 0x82, 0x0, 0x1e, 0xdf, 0xe1, 0x0, 0x84,
    0x5f, 0xe1, 0x0, 0x88, 0xb7, 0x90, 0x0, 0xc8,
    0x3, 0xfc, 0x20, 0x16, 0x28, 0x7, 0xf8, 0xec,
    0x41, 0x70, 0x54, 0x44, 0x2, 0x40, 0x12, 0x28,
    0x99, 0x29, 0x51, 0x91, 0x13, 0x7f, 0xe8, 0x90,
    0x3d, 0x3, 0xdc, 0x0, 0x5f, 0xff, 0x38, 0x0,

    /* U+80A9 "肩" */
    0x0, 0xf9, 0x64, 0x3, 0xff, 0x80, 0x2c, 0x80,
    0x1e, 0x4f, 0xfd, 0x61, 0x7f, 0xf8, 0x0, 0xe1,
    0xff, 0xfa, 0xc4, 0x3, 0x55, 0x7e, 0x81, 0x0,
    0xd1, 0x1f, 0xbb, 0x40, 0x31, 0xf7, 0x7f, 0x0,
    0x1c, 0x40, 0xff, 0xbb, 0xa8, 0xc0, 0x2, 0x60,
    0x1, 0x33, 0xf0, 0x80, 0x9, 0x80, 0x1f, 0x99,
    0xd6, 0x1, 0x66, 0x0, 0x19, 0xbb, 0xd4, 0x1,
    0x21, 0x80, 0x3b, 0xff, 0xac, 0x0, 0xc0, 0x80,
    0xe, 0xff, 0xeb, 0x0, 0x43, 0x0, 0x7e, 0x8f,
    0x30, 0x9b, 0x0, 0xfc, 0xaa, 0x80, 0x72, 0x1,
    0xf1, 0x0, 0xdb, 0xca,

    /* U+80AE "肮" */
    0x0, 0xfe, 0x46, 0x0, 0xfa, 0x23, 0x8, 0x0,
    0x64, 0x40, 0x3c, 0xfd, 0xc7, 0x31, 0x12, 0x21,
    0x44, 0x44, 0x1, 0x99, 0x82, 0xff, 0xf2, 0xd7,
    0xfb, 0x40, 0x3e, 0x4e, 0xef, 0xbc, 0x3, 0x77,
    0x4, 0x0, 0x67, 0xc0, 0x1e, 0xee, 0x8, 0x3,
    0x7b, 0xfd, 0x80, 0x1f, 0xfc, 0xe, 0xce, 0x10,
    0xf, 0x6e, 0x84, 0x2, 0x10, 0xf, 0x84, 0x59,
    0x81, 0x0, 0x9, 0x80, 0x7c, 0xa6, 0x22, 0x0,
    0x8, 0x8, 0x7, 0xc6, 0xe0, 0x19, 0xd0, 0x3,
    0x90, 0x82, 0xf0, 0x4, 0x47, 0x1c, 0x1, 0x9,
    0x45, 0x11, 0xb9, 0xf2, 0x5a, 0xa8, 0x0, 0x44,
    0xd2, 0xa2, 0xe1, 0x3d, 0xb9, 0xb0, 0xd, 0xbf,
    0xc4,

    /* U+80B2 "育" */
    0x0, 0xf4, 0x30, 0x7, 0xc2, 0x1, 0xd0, 0x1,
    0x84, 0x4f, 0xfd, 0xcf, 0xe6, 0xe, 0xed, 0xf8,
    0xfd, 0xcf, 0x27, 0xee, 0xa2, 0xbb, 0x9a, 0x0,
    0x2d, 0x79, 0x1, 0x2c, 0xb8, 0x0, 0xd4, 0x69,
    0xb9, 0x50, 0x6e, 0xb0, 0x1, 0x45, 0xef, 0x7c,
    0x4d, 0x5c, 0xc0, 0x4, 0x37, 0xff, 0xee, 0xb0,
    0xf, 0x66, 0x7a, 0x44, 0x3, 0xdf, 0xfe, 0xb0,
    0xf, 0xbb, 0xff, 0xac, 0x3, 0xee, 0xff, 0xeb,
    0x0, 0xfb, 0xff, 0xd4, 0x1, 0xc6, 0x1, 0xe9,
    0xa4, 0x0, 0xc5, 0xe0, 0x1d, 0x1d, 0x40, 0x0,

    /* U+80C3 "胃" */
    0xef, 0xff, 0xf8, 0x1, 0x5f, 0xf1, 0x57, 0xfd,
    0x80, 0x15, 0x7f, 0xc5, 0x5f, 0xf6, 0x0, 0x55,
    0xff, 0x15, 0x7f, 0xd8, 0x1, 0x5e, 0xec, 0x57,
    0xbb, 0x70, 0x3, 0x31, 0xff, 0x6e, 0x7f, 0xed,
    0x3, 0xdd, 0xff, 0x8, 0x5, 0xdf, 0xfe, 0xe0,
    0xe, 0xef, 0xff, 0x70, 0x7, 0x77, 0xff, 0xb8,
    0x3, 0xbf, 0xbb, 0xde, 0x1, 0xdf, 0xdd, 0xec,
    0x1, 0x0, 0xfe, 0xdd, 0x21, 0x0, 0xf8, 0x80,
    0x76, 0x7d, 0x80, 0x0,

    /* U+80CC "背" */
    0x0, 0xe6, 0xd0, 0x7, 0x90, 0x7, 0xc2, 0x1,
    0x8, 0x6, 0x17, 0xa0, 0x9, 0xbf, 0xb9, 0x0,
    0x1b, 0xfd, 0x84, 0x1, 0x37, 0x75, 0x60, 0x1b,
    0xb9, 0x70, 0x1, 0x44, 0xde, 0xd8, 0x6, 0x70,
    0x2, 0xe0, 0x5, 0xf1, 0x94, 0xe0, 0x7, 0x9e,
    0xe4, 0x58, 0x2, 0x18, 0x81, 0x68, 0x45, 0x39,
    0xfe, 0xd7, 0x0, 0xdf, 0xec, 0xcf, 0x7f, 0x0,
    0x7d, 0x7b, 0xbe, 0xa0, 0xf, 0x8e, 0xbf, 0xfd,
    0x62, 0x1, 0xf5, 0x7f, 0xfa, 0xc0, 0x3f, 0x57,
    0xff, 0xac, 0x3, 0xf5, 0x7f, 0xfa, 0xc0, 0x3e,
    0x30, 0xe, 0x18, 0xf3, 0x0, 0xff, 0xe0, 0xa,
    0xbc, 0x80, 0x40,

    /* U+80D6 "胖" */
    0x0, 0xff, 0x39, 0x0, 0x71, 0x7f, 0xe2, 0x31,
    0x8, 0x60, 0x30, 0xe, 0xff, 0x0, 0x25, 0x80,
    0x40, 0x1a, 0x80, 0x1f, 0xba, 0x80, 0x25, 0x34,
    0x0, 0xd3, 0x20, 0x2, 0x30, 0x80, 0xa, 0xc0,
    0x3b, 0xfc, 0x0, 0x1b, 0x10, 0x17, 0x60, 0xe,
    0x66, 0x0, 0xf7, 0xf8, 0x6b, 0xfc, 0xe0, 0x18,
    0xcc, 0x3, 0xff, 0xd, 0xff, 0x9c, 0x3, 0x44,
    0x0, 0x3f, 0xf8, 0xc, 0x77, 0x60, 0x7f, 0xf8,
    0x6f, 0xfe, 0x20, 0x26, 0x0, 0x9f, 0xbf, 0xc3,
    0x5f, 0xee, 0x20, 0xcc, 0x0, 0x61, 0x0, 0x84,
    0x0, 0x20, 0x2a, 0x86, 0xe0, 0x60, 0x1f, 0xc4,
    0xa4, 0xd0, 0xc2, 0x1, 0x8, 0x80, 0x31, 0xd0,
    0x2f, 0xc8, 0x6, 0xf5, 0x0, 0xc0,

    /* U+80DC "胜" */
    0x0, 0xff, 0x51, 0x80, 0x61, 0xff, 0xc8, 0x4c,
    0xa, 0xe0, 0x1e, 0xef, 0x17, 0x4a, 0x1, 0x0,
    0xff, 0xbc, 0x1c, 0x75, 0xe0, 0x80, 0x2c, 0xd1,
    0x7, 0xa2, 0x1, 0x2d, 0x30, 0xb, 0xbc, 0x6c,
    0xd9, 0x47, 0x15, 0x42, 0x1, 0x11, 0x0, 0x10,
    0x1, 0xfe, 0x32, 0xb, 0x64, 0x40, 0x9a, 0x20,
    0x3, 0x66, 0x4, 0x2e, 0x20, 0x15, 0x10, 0x0,
    0x18, 0xf7, 0x4, 0x23, 0x30, 0x33, 0x98, 0x0,
    0x39, 0x80, 0x7f, 0xf0, 0x71, 0xc0, 0x3f, 0xf8,
    0x2, 0xfe, 0x4c, 0x2c, 0x89, 0x9, 0xa2, 0xc,
    0x88, 0xa1, 0x2a, 0x73, 0x31, 0x54, 0xca, 0x8f,
    0x0, 0xbe, 0x9b, 0x77, 0xe9,

    /* U+80E1 "胡" */
    0x0, 0x93, 0xc4, 0x3, 0xff, 0x80, 0xe0, 0x20,
    0x5, 0xff, 0xe4, 0x0, 0xfc, 0x22, 0xff, 0x84,
    0x1b, 0xb9, 0xa1, 0xdc, 0xc0, 0xf, 0x9b, 0xb9,
    0xa1, 0xdc, 0xc0, 0x1b, 0xb8, 0x40, 0x3f, 0xe8,
    0x88, 0x2, 0x26, 0xb0, 0x66, 0x0, 0x88, 0xce,
    0x10, 0x3, 0x49, 0x2e, 0xc8, 0x7, 0xf8, 0x6a,
    0x90, 0x20, 0x63, 0xff, 0x8, 0x7, 0xf7, 0x1f,
    0xfc, 0x20, 0x10, 0xe6, 0x38, 0x0, 0x8a, 0x1,
    0xf0, 0xf7, 0x20, 0x4c, 0xd4, 0x1, 0xf8, 0x88,
    0x8d, 0xea, 0x60, 0x2, 0x17, 0x4, 0xf0, 0x0,
    0x91, 0x2c, 0x1, 0x3a, 0x26, 0x0, 0x10, 0xb,
    0xf4, 0x40, 0x17, 0x9c, 0x0,

    /* U+80F3 "胳" */
    0x0, 0xfc, 0x58, 0x20, 0x1e, 0x1f, 0xfc, 0x41,
    0x4c, 0x20, 0x1f, 0xbf, 0xc0, 0x1, 0x75, 0xff,
    0xa8, 0x3, 0xf1, 0xd0, 0x67, 0xf8, 0x24, 0x3,
    0x8c, 0xc1, 0x2d, 0x3e, 0xe, 0x86, 0x1, 0xd1,
    0x0, 0xaf, 0x67, 0x89, 0x90, 0x6, 0x10, 0xbb,
    0x1, 0x90, 0x7b, 0xa1, 0x0, 0x7f, 0xcf, 0x50,
    0xf8, 0x80, 0x10, 0x84, 0xc8, 0x1b, 0xaa, 0x8d,
    0xed, 0x7a, 0x0, 0x31, 0xff, 0x1, 0xc9, 0x57,
    0xe2, 0xcf, 0x0, 0x18, 0x99, 0x80, 0xaa, 0x1e,
    0xe8, 0x88, 0x60, 0xc, 0x60, 0xf, 0xfe, 0x12,
    0xe8, 0x8, 0x4, 0x3b, 0xb1, 0x0, 0x42, 0x4a,
    0xfc, 0x22, 0x1, 0xcc, 0x88, 0x2, 0x1b, 0x25,
    0x7c, 0x0, 0x84, 0x6d, 0x40, 0x0,

    /* U+80F6 "胶" */
    0x0, 0xff, 0x10, 0x7, 0xc4, 0x58, 0x2, 0x2d,
    0x30, 0xe, 0x2d, 0xff, 0x69, 0x0, 0x9, 0xc0,
    0x3e, 0x1d, 0xd0, 0x3, 0xfe, 0x7c, 0xff, 0x80,
    0x3e, 0x3e, 0xeb, 0xfd, 0xdf, 0xc0, 0x10, 0xa2,
    0x0, 0x3, 0x3a, 0xb, 0x84, 0x20, 0x1b, 0xfc,
    0x0, 0x37, 0xa0, 0x41, 0xc2, 0x0, 0x86, 0xec,
    0x7, 0xac, 0xc0, 0x1c, 0x48, 0x0, 0xf8, 0xee,
    0xc4, 0x0, 0x78, 0xa0, 0x8, 0x7f, 0xc0, 0x5,
    0xab, 0x2, 0x80, 0xc, 0xc7, 0xfe, 0x0, 0xa9,
    0x86, 0x90, 0x80, 0x23, 0x70, 0xe, 0x25, 0xb7,
    0x90, 0xd, 0xa6, 0x1, 0xe8, 0x52, 0x20, 0x4,
    0x2b, 0x64, 0xc0, 0x12, 0x7a, 0x8f, 0x53, 0x9,
    0x21, 0xa4, 0xb1, 0xe5, 0x45, 0x65, 0xd, 0x89,
    0xd8, 0x37, 0xc9, 0x4f, 0xa8, 0x1, 0x2f, 0x40,

    /* U+80FD "能" */
    0x0, 0xff, 0xe2, 0xbe, 0x0, 0x6f, 0x30, 0x0,
    0x80, 0x43, 0x36, 0x4, 0x0, 0x10, 0x19, 0xe1,
    0x0, 0x52, 0xbb, 0x60, 0x80, 0x23, 0xcf, 0x4,
    0x25, 0x3d, 0xc, 0x30, 0x0, 0x7f, 0x44, 0x20,
    0x3, 0xed, 0x29, 0x3, 0xc, 0x10, 0x6c, 0x9,
    0xdb, 0x86, 0x66, 0x9a, 0xd6, 0x62, 0x2c, 0x7,
    0xbb, 0x98, 0x2f, 0x3b, 0xa6, 0x0, 0xbb, 0xa3,
    0x30, 0x70, 0x91, 0xc, 0x3, 0x7f, 0xc6, 0x1,
    0x86, 0xb4, 0x80, 0x2c, 0xff, 0x18, 0x5, 0xfc,
    0xd8, 0x40, 0x10, 0x99, 0x84, 0x2, 0x7b, 0xc3,
    0x0, 0xdd, 0xfe, 0x20, 0xa, 0x10, 0x3, 0xd9,
    0xba, 0x30, 0x9, 0xc0, 0xd, 0xc0, 0x1d, 0x66,
    0x20, 0x97, 0xfe, 0x99, 0x0, 0x79, 0x10, 0x15,
    0xff, 0x9c, 0x7, 0xc4, 0x2e, 0xc0, 0x1f, 0xc0,

    /* U+810F "脏" */
    0x0, 0xff, 0x8, 0x7, 0xff, 0xa, 0xa0, 0x3,
    0x17, 0xfe, 0x20, 0xa, 0x50, 0x3, 0xdf, 0xc0,
    0x2, 0xff, 0x69, 0xff, 0xac, 0x3, 0xfb, 0xbb,
    0x6d, 0x0, 0x44, 0x40, 0xc, 0x22, 0x63, 0x21,
    0x0, 0xb7, 0x0, 0x3d, 0x2c, 0x1, 0xdf, 0xc0,
    0x1f, 0xfc, 0x61, 0xae, 0x1a, 0xf3, 0x1, 0xd,
    0xc0, 0x3, 0x1d, 0x70, 0xd7, 0x98, 0x39, 0x74,
    0x80, 0x4, 0x40, 0x1f, 0x13, 0x1a, 0x80, 0x9,
    0xc0, 0x3e, 0xf3, 0x0, 0xd8, 0x60, 0x1f, 0x27,
    0x0, 0x42, 0x9a, 0x42, 0x2, 0x22, 0x32, 0x46,
    0xf1, 0xb2, 0x26, 0x78, 0x5f, 0xf0, 0xa1, 0x3c,
    0x7c, 0xc9, 0xfb, 0xbb, 0xa, 0xc0, 0x58, 0x44,
    0x80, 0x1f, 0x0,

    /* U+8116 "脖" */
    0x0, 0xff, 0x51, 0x80, 0x71, 0x6e, 0xd8, 0x24,
    0x52, 0x29, 0x14, 0x1, 0x17, 0x59, 0xbe, 0xec,
    0x33, 0xba, 0xc0, 0xc, 0x64, 0x2d, 0xff, 0xd,
    0xff, 0xb8, 0x3, 0xe5, 0x99, 0x87, 0xe6, 0x50,
    0x1, 0xbe, 0xc3, 0x14, 0x44, 0xe6, 0x20, 0xc0,
    0x1b, 0xec, 0x32, 0x6a, 0x67, 0x5d, 0x80, 0x3e,
    0x57, 0xde, 0xed, 0x8a, 0x0, 0x10, 0xaf, 0x0,
    0x17, 0xfb, 0x11, 0x18, 0x1, 0x39, 0x76, 0x0,
    0x91, 0x5c, 0x52, 0x4, 0x0, 0x37, 0x43, 0x9,
    0xdd, 0x89, 0xb7, 0x63, 0xe, 0xd0, 0xa, 0x3f,
    0xe3, 0x9f, 0xf8, 0xc1, 0xcc, 0xda, 0x1, 0xff,
    0x20, 0xa3, 0x3c, 0x80, 0xf, 0xc, 0x80, 0x32,
    0x68, 0x2f, 0x38, 0x0, 0xd2, 0xd0, 0x3, 0x0,

    /* U+811A "脚" */
    0x0, 0xf8, 0x6c, 0x3, 0xf1, 0x7f, 0xe0, 0x2,
    0x0, 0x37, 0xba, 0x20, 0x0, 0xfe, 0x0, 0x90,
    0x10, 0x9d, 0xf8, 0x80, 0x78, 0x63, 0x3, 0x58,
    0xc4, 0x40, 0x60, 0x11, 0x30, 0x4f, 0x7, 0xb8,
    0x7, 0xc3, 0xf6, 0x1, 0xff, 0xc1, 0x1d, 0xd0,
    0x66, 0x86, 0x50, 0x7, 0xfd, 0xb6, 0x9b, 0x60,
    0x1e, 0x11, 0x7e, 0x0, 0xe1, 0xb8, 0x80, 0x79,
    0x93, 0xf0, 0x5, 0x26, 0x14, 0x3, 0xda, 0x40,
    0x15, 0x95, 0xf, 0x0, 0xe8, 0x8, 0x1f, 0x80,
    0x42, 0xfd, 0xa6, 0x3, 0x5a, 0x2, 0x88, 0x5e,
    0x2b, 0xa5, 0x28, 0x0, 0x39, 0x1, 0xa9, 0x25,
    0xe8, 0x7, 0x18, 0x80, 0x40,

    /* U+8138 "脸" */
    0x0, 0xfe, 0x2b, 0x30, 0xf, 0x7f, 0xe3, 0x0,
    0x52, 0x58, 0x7, 0xd9, 0xe0, 0x10, 0xbb, 0xc4,
    0x1, 0xff, 0x5a, 0x43, 0x78, 0x80, 0x74, 0xc8,
    0x0, 0xe9, 0x41, 0x2d, 0xea, 0x1, 0xb3, 0x41,
    0x21, 0x6a, 0xec, 0xe5, 0x20, 0x19, 0x50, 0x13,
    0x63, 0xfe, 0x9d, 0xd0, 0x7, 0xe3, 0x21, 0xc4,
    0x3b, 0x10, 0xd, 0xbc, 0x0, 0xb7, 0x5, 0xc,
    0x0, 0xf6, 0xf0, 0x3, 0x71, 0xc8, 0x1f, 0x80,
    0x22, 0x3, 0x0, 0x8d, 0xc8, 0x86, 0x48, 0x1,
    0x21, 0x0, 0x65, 0x40, 0xd7, 0x40, 0xd, 0x6a,
    0x4c, 0xe, 0x76, 0x44, 0xc2, 0x28, 0xc, 0xd4,
    0x12, 0x87, 0xbb, 0x9d, 0xb7, 0x40, 0x7c, 0x44,
    0xfb, 0x7f, 0xff, 0xc0,

    /* U+814A "腊" */
    0x0, 0xfc, 0x9c, 0xb, 0xe0, 0x18, 0x7f, 0xf0,
    0x4, 0x60, 0x22, 0x0, 0xf7, 0xe8, 0xaf, 0xd9,
    0x7d, 0x8f, 0xf8, 0x3, 0xe5, 0xfb, 0x2f, 0xb1,
    0xff, 0x0, 0x6b, 0x90, 0xf, 0xfe, 0x14, 0x70,
    0x56, 0xd1, 0x6d, 0xe, 0xf4, 0x0, 0x46, 0xe1,
    0x79, 0xfd, 0x9f, 0xd9, 0x89, 0x0, 0xf0, 0x82,
    0xaf, 0x88, 0x40, 0x2a, 0x90, 0x1, 0x5f, 0xfe,
    0xb1, 0x0, 0x18, 0x4f, 0x0, 0x43, 0x77, 0x50,
    0x8, 0x1, 0xc8, 0xdc, 0x2, 0x1f, 0xfb, 0x80,
    0x37, 0xa0, 0x7, 0xf, 0xfd, 0xc0, 0x11, 0x2e,
    0x2f, 0x0, 0x43, 0x99, 0x68, 0x6, 0x55, 0x8,
    0x58, 0x38, 0xf7, 0x5e, 0x2, 0x0,

    /* U+8155 "腕" */
    0x0, 0xff, 0x58, 0x80, 0x71, 0x55, 0x60, 0xc,
    0xa8, 0x1, 0xe5, 0xec, 0x46, 0xfe, 0xe0, 0x5f,
    0x73, 0xc0, 0x21, 0x44, 0x0, 0x13, 0xbb, 0xbc,
    0x3, 0xf2, 0xe1, 0x0, 0x61, 0xa0, 0x8, 0x7f,
    0x40, 0xfe, 0x48, 0x5d, 0xf0, 0x4, 0x3f, 0xa0,
    0x5, 0x6d, 0x68, 0xf9, 0x70, 0xf, 0x8c, 0x34,
    0xc8, 0x60, 0x80, 0x30, 0xa2, 0x2, 0x6c, 0x9,
    0x80, 0x3c, 0x21, 0xf4, 0x12, 0xb8, 0x24, 0xe,
    0x62, 0x0, 0x62, 0xbe, 0x3, 0x35, 0x98, 0x1,
    0x2d, 0x0, 0x1a, 0xc0, 0x1d, 0x54, 0x0, 0x1a,
    0x18, 0x1, 0x34, 0x5c, 0x1, 0x2, 0xc2, 0x23,
    0x36, 0x19, 0x11, 0xd6, 0x99, 0x5b, 0x40, 0xb,
    0xb8, 0x86, 0x5c, 0x29, 0xf0, 0xb8, 0x20, 0xa,
    0xef, 0xb0,

    /* U+8170 "腰" */
    0x0, 0xff, 0xe2, 0x9f, 0xfe, 0x5f, 0xff, 0xac,
    0x0, 0x22, 0xfd, 0x5, 0xff, 0xf, 0x25, 0xfd,
    0x80, 0x78, 0x4b, 0xfc, 0x3c, 0x97, 0xfa, 0x1,
    0xb, 0xd0, 0x5, 0xe3, 0xc9, 0x78, 0x1, 0xdc,
    0x20, 0x1f, 0xfc, 0x11, 0x9b, 0x0, 0xbc, 0x79,
    0x2f, 0x0, 0x3f, 0x17, 0xfb, 0xf, 0xfe, 0xd0,
    0x8, 0x62, 0xc0, 0x48, 0x65, 0x84, 0x62, 0x0,
    0x8, 0x6, 0xbc, 0xf5, 0x4f, 0xee, 0x60, 0x83,
    0x94, 0x58, 0x57, 0x14, 0x76, 0x85, 0x70, 0x86,
    0x38, 0x6, 0x27, 0xa9, 0xe7, 0x50, 0x9, 0x7c,
    0x90, 0x0, 0x57, 0x2c, 0x6d, 0x4, 0x6, 0x65,
    0x79, 0x91, 0x56, 0xd5, 0x3b, 0x6, 0xc0, 0xf8,
    0x17, 0xdc, 0xb6, 0x79, 0x40, 0xa6, 0x40,

    /* U+817F "腿" */
    0x0, 0xff, 0xe2, 0x97, 0xfe, 0x5c, 0x3, 0xff,
    0xc4, 0x0, 0x31, 0xfe, 0x4, 0x33, 0x8, 0xbf,
    0xc0, 0x60, 0x1e, 0x11, 0x2b, 0x80, 0xf7, 0x0,
    0x38, 0x6a, 0xc0, 0x14, 0x80, 0x3d, 0xc0, 0xf,
    0x19, 0x81, 0x10, 0x1, 0xfe, 0x19, 0x80, 0xfb,
    0x20, 0x1f, 0xf0, 0x18, 0x7, 0xd6, 0x20, 0x1,
    0xed, 0xd2, 0x0, 0x43, 0xde, 0x1, 0xe5, 0xcf,
    0x30, 0x1, 0x87, 0x78, 0x7, 0xd2, 0x8, 0x0,
    0x62, 0x0, 0xf3, 0x8c, 0xb3, 0xe8, 0x3, 0x1c,
    0x3, 0xcc, 0xba, 0x37, 0x20, 0x5, 0xf2, 0x60,
    0x41, 0xf4, 0xe2, 0x13, 0x12, 0x30, 0x56, 0x86,
    0x9b, 0xce, 0x9d, 0xed, 0xb1, 0x3d, 0x4, 0xf8,
    0xc4, 0x19, 0xdf, 0xfc, 0x60,

    /* U+8180 "膀" */
    0x0, 0xff, 0xe6, 0x9f, 0x0, 0x7d, 0xfd, 0xcf,
    0x12, 0x20, 0x89, 0xc8, 0x86, 0x1, 0xbb, 0xc5,
    0xff, 0xe3, 0xbc, 0xee, 0x18, 0x7, 0x9b, 0x59,
    0x33, 0xc7, 0xf4, 0xc0, 0x21, 0x30, 0x0, 0xf2,
    0x15, 0x21, 0x8, 0x6, 0xde, 0x6, 0xe8, 0xf,
    0x46, 0xce, 0x20, 0xb, 0x34, 0x0, 0x9b, 0x81,
    0xfb, 0xa1, 0x0, 0xfb, 0xdb, 0x34, 0xb3, 0x22,
    0x70, 0xb, 0x70, 0x2f, 0xa8, 0xb3, 0x7f, 0xe4,
    0x0, 0xae, 0x80, 0x8c, 0x8, 0xb8, 0xc4, 0x8,
    0x59, 0x80, 0x16, 0x1f, 0xfe, 0x0, 0x9c, 0x80,
    0x39, 0x2f, 0xb9, 0x44, 0x1, 0x62, 0x1, 0x80,
    0x1c, 0xd0, 0x0, 0x4c, 0x1, 0x35, 0xae, 0xa1,
    0xc4, 0x0, 0x9a, 0xf4, 0x2, 0x83, 0x4c, 0xa5,
    0x65, 0x1, 0xb5, 0x70, 0x0,

    /* U+818A "膊" */
    0x0, 0xff, 0xe6, 0x8f, 0x8c, 0x40, 0x2, 0x2e,
    0xeb, 0x44, 0x60, 0xa, 0xc4, 0x40, 0x3, 0xc,
    0xd3, 0xbe, 0xe8, 0x3b, 0x1b, 0xc0, 0x31, 0x8,
    0x57, 0xfc, 0x1f, 0xf7, 0x0, 0x7c, 0x7f, 0xf0,
    0x7f, 0xce, 0x1, 0xf, 0xe8, 0x8, 0xb3, 0x1,
    0x98, 0x51, 0x0, 0x87, 0xf4, 0x0, 0x37, 0x60,
    0xbb, 0x30, 0x7, 0xf9, 0x54, 0xa, 0xa2, 0x0,
    0x8c, 0x77, 0xc0, 0x45, 0x98, 0xc, 0xc3, 0x88,
    0x4, 0x33, 0x0, 0x56, 0x22, 0x91, 0x52, 0x70,
    0x3, 0xaa, 0x38, 0x5c, 0x6e, 0xaf, 0x69, 0x36,
    0x43, 0x48, 0x2, 0x89, 0x7f, 0xfa, 0xf, 0xe0,
    0x17, 0x49, 0xc, 0x99, 0x50, 0x88, 0x60, 0x42,
    0x46, 0x88, 0x8b, 0x2, 0xb7, 0xa, 0xb6, 0x0,
    0x17, 0x3, 0x73, 0x0, 0x10, 0x43, 0xee, 0xc0,
    0x0,

    /* U+819D "膝" */
    0x0, 0xff, 0x79, 0x80, 0x70, 0xdd, 0xd4, 0x4,
    0x22, 0x7, 0x11, 0x80, 0x24, 0xed, 0x43, 0xcc,
    0x70, 0x4e, 0x62, 0xc0, 0x21, 0x57, 0x3, 0xe8,
    0x20, 0xfb, 0xda, 0x0, 0xfc, 0xd7, 0xe4, 0x1f,
    0xc8, 0x1, 0xf, 0xf0, 0x24, 0x62, 0x31, 0x4d,
    0x10, 0x4, 0x3f, 0xc0, 0x9c, 0x90, 0x58, 0x88,
    0x60, 0xf, 0x93, 0x2b, 0x3a, 0x3f, 0xac, 0x2,
    0x1c, 0xd0, 0x64, 0xf2, 0x87, 0xac, 0x80, 0x1,
    0x87, 0x78, 0x15, 0x68, 0x5, 0x4a, 0x60, 0x1,
    0x22, 0x80, 0x5, 0xa8, 0x1a, 0x2e, 0x1, 0x23,
    0x80, 0x66, 0xe2, 0x8, 0x78, 0x0, 0xab, 0xc9,
    0xc1, 0x6f, 0xd0, 0x13, 0x11, 0xc0, 0xcc, 0xad,
    0x2c, 0xba, 0x3a, 0x44, 0x1c, 0x70, 0x3e, 0x4,
    0xf8, 0x0, 0x1e, 0xe8, 0x3, 0x80,

    /* U+81EA "自" */
    0x0, 0xc4, 0x1, 0xff, 0x4d, 0x80, 0x7f, 0x9b,
    0x40, 0x3c, 0x79, 0x91, 0x5e, 0x67, 0x1b, 0x9c,
    0x42, 0xe6, 0x23, 0x1b, 0x80, 0xa2, 0x7e, 0x10,
    0x0, 0x99, 0xfe, 0x10, 0xb, 0xff, 0xf0, 0x4,
    0x39, 0x9f, 0x84, 0x0, 0x26, 0x7f, 0x84, 0x2,
    0xff, 0xfc, 0x1, 0xe, 0x67, 0xe1, 0x0, 0xff,
    0xe1, 0xf, 0xff, 0xe1, 0x1, 0x17, 0xff, 0xe1,
    0x10,

    /* U+820C "舌" */
    0x0, 0xff, 0x1a, 0x0, 0x46, 0xac, 0xf1, 0x57,
    0xbf, 0x92, 0x20, 0x14, 0xee, 0x85, 0xb, 0xb9,
    0xfa, 0x20, 0x3, 0xcb, 0xa9, 0x3f, 0x31, 0x0,
    0xc8, 0x67, 0xee, 0x33, 0xe2, 0x9e, 0xee, 0x16,
    0xee, 0xea, 0xdd, 0xf1, 0x46, 0xef, 0x40, 0x0,
    0x47, 0x0, 0x8f, 0x0, 0x6e, 0xec, 0x51, 0xdd,
    0x80, 0x3a, 0xff, 0xfd, 0x60, 0x1f, 0xfd, 0x6b,
    0xff, 0xf5, 0x80, 0x7a, 0x77, 0x7d, 0x20, 0x10,

    /* U+8214 "舔" */
    0x0, 0xc8, 0xe0, 0x1f, 0xe3, 0xad, 0xf9, 0xc3,
    0xff, 0xf6, 0x0, 0xb, 0x38, 0x32, 0xcf, 0xfc,
    0xb1, 0xfe, 0xc0, 0x0, 0xb1, 0x80, 0x79, 0xc,
    0x3, 0xc4, 0x40, 0x22, 0x4f, 0x70, 0x6b, 0xba,
    0xc0, 0x4f, 0xe0, 0xef, 0xde, 0x57, 0xd1, 0xde,
    0xd0, 0x4d, 0xc0, 0xcd, 0x48, 0x79, 0x39, 0xd5,
    0x10, 0xf, 0xe, 0x26, 0xe2, 0xb5, 0xdc, 0x0,
    0xdf, 0xe, 0xff, 0x68, 0x80, 0x82, 0xed, 0x0,
    0x57, 0xfa, 0x7, 0xaa, 0x7, 0xc7, 0x80, 0x1f,
    0xc6, 0x80, 0x66, 0x73, 0x60, 0xf, 0x8c, 0x84,
    0x0, 0xbb, 0x76, 0x0, 0xaf, 0xf4, 0x1, 0x60,
    0x16, 0xa, 0xa8, 0x0, 0x77, 0xfa, 0x26, 0xd8,
    0x6a, 0x90, 0x52, 0x0, 0xe4, 0x2, 0xf0, 0x7,
    0x70, 0x40, 0x38,

    /* U+821E "舞" */
    0x0, 0xad, 0x40, 0x3f, 0xf8, 0x14, 0xc8, 0x1,
    0xf0, 0x80, 0x52, 0x85, 0x9f, 0xdb, 0xfb, 0xfd,
    0x84, 0xc, 0xba, 0x3a, 0x95, 0xa1, 0xad, 0x3a,
    0x40, 0xdb, 0xa1, 0xd4, 0x9d, 0xd, 0x79, 0xd2,
    0x0, 0xe, 0xe, 0xa4, 0xe8, 0x6b, 0xce, 0x90,
    0x11, 0x18, 0x9, 0xc8, 0x80, 0x47, 0xc4, 0x40,
    0x89, 0xf3, 0x97, 0xd9, 0x49, 0x12, 0x9e, 0x3a,
    0xbd, 0x3b, 0xbf, 0x34, 0xde, 0x18, 0x24, 0x87,
    0x7b, 0x5f, 0x70, 0xb3, 0x94, 0xe, 0xd1, 0xb4,
    0x10, 0xa7, 0x87, 0x39, 0x40, 0xf6, 0x8b, 0xc,
    0x96, 0xe8, 0x66, 0x9c, 0x0, 0x40, 0x17, 0x87,
    0xfa, 0x43, 0xa5, 0x1, 0x2b, 0x96, 0x8c, 0xc,
    0xe0, 0x73, 0x30, 0x3b, 0xdc, 0xa0, 0x1e, 0x10,
    0x8,

    /* U+822A "航" */
    0x0, 0x95, 0x40, 0x19, 0x20, 0x3, 0xf7, 0x10,
    0x6, 0x77, 0x18, 0x7, 0x13, 0xa7, 0xb9, 0x0,
    0xd, 0x9c, 0x0, 0x20, 0x6, 0x98, 0xf9, 0x67,
    0xff, 0x35, 0xff, 0xc0, 0x11, 0xfa, 0x90, 0x3f,
    0xff, 0xb8, 0x3, 0x75, 0x80, 0x44, 0xab, 0x80,
    0x3c, 0xf4, 0x1, 0x2c, 0x67, 0xd0, 0x80, 0x12,
    0x8b, 0xf4, 0xc0, 0x27, 0x9b, 0x1, 0x0, 0x25,
    0x97, 0xf8, 0xc0, 0x3f, 0xe1, 0x16, 0x98, 0x6,
    0x30, 0xf, 0x89, 0xea, 0x0, 0x2e, 0x10, 0xf,
    0xb8, 0x9a, 0x40, 0x27, 0xd0, 0xc, 0x82, 0x9,
    0xe0, 0x62, 0xe, 0xa, 0x1, 0x14, 0xb9, 0x99,
    0xc3, 0xcb, 0x22, 0x0, 0x1, 0x2d, 0x37, 0x29,
    0x10, 0xcf, 0x99, 0x30, 0x5, 0xbf, 0xc2,

    /* U+8239 "船" */
    0x0, 0xff, 0xe3, 0xa7, 0x0, 0x7f, 0xf0, 0xb5,
    0x40, 0x2a, 0xff, 0xdc, 0x1, 0x1f, 0xb2, 0x7f,
    0x80, 0xd, 0xfe, 0xa3, 0x0, 0xef, 0xdd, 0x0,
    0x7f, 0xf0, 0x4f, 0xc0, 0x21, 0xe0, 0xf, 0xe3,
    0x26, 0x0, 0x29, 0x80, 0x44, 0xa6, 0x1, 0xb9,
    0x81, 0xcd, 0x0, 0x8, 0x77, 0x65, 0xd0, 0xdc,
    0xf0, 0x6e, 0x0, 0x87, 0x3a, 0x17, 0x47, 0x3f,
    0xc0, 0x3d, 0xff, 0xd4, 0x0, 0x73, 0x4e, 0x0,
    0x86, 0x7f, 0xe6, 0x30, 0x1, 0x32, 0x9b, 0x0,
    0x7f, 0xd8, 0x61, 0xec, 0x1, 0xff, 0x26, 0x2,
    0x40, 0x5, 0x3f, 0xf3, 0x0, 0xc, 0xc8, 0x2,
    0xf4, 0x3, 0x3f, 0xf3, 0x18, 0x1e, 0x80, 0x17,
    0x54, 0x35, 0x80, 0x29, 0xa0,

    /* U+8272 "色" */
    0x0, 0xe7, 0xa1, 0x0, 0xff, 0xe0, 0xc, 0x10,
    0x80, 0x7f, 0xf0, 0x34, 0x1f, 0xff, 0x60, 0x7,
    0xd6, 0x1f, 0xfa, 0x3, 0x40, 0x38, 0xf5, 0xb4,
    0x2, 0x38, 0x91, 0x0, 0xef, 0x62, 0xef, 0xfb,
    0x2, 0x7f, 0xd4, 0x1, 0x65, 0x8d, 0x7f, 0xac,
    0x7f, 0xe6, 0x30, 0xf, 0xfe, 0x55, 0x7f, 0xac,
    0x7f, 0xe6, 0x0, 0xfa, 0xbf, 0xfe, 0x63, 0x0,
    0xff, 0xe1, 0x45, 0x80, 0x7f, 0xf0, 0x84, 0x46,
    0x1, 0xde, 0x45, 0xf9, 0xb0, 0x40, 0x28, 0x4d,
    0xdf, 0xb2, 0xac, 0x40,

    /* U+827A "艺" */
    0x0, 0xd6, 0xa0, 0x6, 0x90, 0xf, 0xe6, 0x0,
    0x84, 0x80, 0x3b, 0xbf, 0xe2, 0xaf, 0xf4, 0x27,
    0xfe, 0x2c, 0xee, 0x86, 0x7b, 0x8e, 0x9d, 0xcd,
    0xd1, 0x10, 0x46, 0x32, 0x11, 0x70, 0x8c, 0x44,
    0x0, 0x11, 0x97, 0xb1, 0x11, 0x20, 0x88, 0x1,
    0xa7, 0x7f, 0xfb, 0x37, 0x61, 0x0, 0xaf, 0xb7,
    0x75, 0x89, 0xd7, 0x88, 0x7, 0xc7, 0x91, 0x58,
    0xa0, 0x1f, 0xc, 0xe2, 0x72, 0x80, 0x7e, 0x3f,
    0x4c, 0x80, 0xf, 0xe3, 0xc7, 0xd3, 0x0, 0xf7,
    0x40, 0x2, 0x82, 0x88, 0x47, 0xc8, 0x20, 0x15,
    0x1e, 0xeb, 0xbb, 0xd4, 0x92, 0x0,

    /* U+8282 "节" */
    0x0, 0xc3, 0xe6, 0x0, 0x8d, 0x0, 0xff, 0xe4,
    0x97, 0xfd, 0xc1, 0x9f, 0xe7, 0x2f, 0xfc, 0x25,
    0x9b, 0xda, 0x17, 0xdc, 0x62, 0xee, 0x6e, 0x84,
    0xc, 0x84, 0xc1, 0xc4, 0x60, 0x11, 0x11, 0x0,
    0x2, 0x42, 0x74, 0x23, 0x5c, 0x88, 0xc0, 0x14,
    0x6f, 0x6d, 0x6f, 0x73, 0x2f, 0xba, 0x20, 0x4,
    0xff, 0xe0, 0xaf, 0xfd, 0x60, 0x60, 0x1f, 0xfc,
    0x11, 0x1, 0x0, 0xff, 0xe8, 0x90, 0x80, 0x7f,
    0xf0, 0x26, 0xe1, 0x0, 0x3f, 0xf8, 0x2e, 0xeb,
    0x0, 0xff, 0xe0, 0x4e, 0x40, 0x80, 0x7f, 0xf1,
    0x80,

    /* U+8292 "芒" */
    0x0, 0xcf, 0xc0, 0x13, 0xf0, 0x7, 0xe1, 0x30,
    0x8, 0x4c, 0x3, 0x37, 0xfd, 0x25, 0xff, 0x49,
    0x7f, 0xe6, 0xee, 0xa0, 0xbb, 0xa8, 0x2e, 0xec,
    0x2, 0x31, 0x38, 0x30, 0x1a, 0x8, 0xe0, 0xc,
    0xb4, 0x10, 0xe9, 0x20, 0x18, 0x95, 0x79, 0x6,
    0x95, 0x7c, 0xd3, 0xd5, 0x1d, 0xc5, 0x7e, 0xee,
    0xf4, 0xcb, 0x2a, 0xbb, 0xfe, 0xa0, 0xf, 0xff,
    0x2f, 0x19, 0xf9, 0x10, 0x20, 0x18, 0x5f, 0x77,
    0xd5, 0x42, 0x0,

    /* U+82B1 "花" */
    0x0, 0xfe, 0x11, 0x0, 0x7f, 0x17, 0x98, 0x2,
    0x2c, 0x3, 0xc2, 0x30, 0x4, 0x22, 0x0, 0x8,
    0xe0, 0x7, 0x75, 0xa1, 0x9d, 0xc6, 0x5e, 0xec,
    0x0, 0xff, 0xb4, 0x37, 0xfc, 0xcb, 0xff, 0x80,
    0x38, 0xd8, 0xc0, 0x1f, 0xc0, 0x1f, 0xd2, 0xca,
    0x9, 0x28, 0x4, 0x40, 0xe, 0x77, 0x5a, 0x0,
    0x4, 0x7, 0xfc, 0x1, 0xa2, 0x0, 0x80, 0x18,
    0x70, 0x70, 0x2, 0xb6, 0x90, 0xe, 0x1f, 0x4c,
    0x10, 0x8, 0xfd, 0x40, 0x23, 0x80, 0xb9, 0x0,
    0xe8, 0x10, 0x1, 0x66, 0x1c, 0x54, 0x3, 0xfc,
    0x55, 0xbe, 0x1, 0x85, 0x40, 0x3e, 0x62, 0x1,
    0x10, 0x1, 0xa8, 0x3, 0xf9, 0x47, 0xbf, 0xd1,
    0x0,

    /* U+82B9 "芹" */
    0x0, 0xee, 0x70, 0x2, 0xf8, 0x7, 0x88, 0x46,
    0x0, 0x8, 0x8c, 0x47, 0x10, 0x2e, 0x66, 0x19,
    0xcc, 0x40, 0xe6, 0x65, 0x57, 0x6e, 0xc3, 0x3b,
    0xab, 0x1d, 0xdb, 0x94, 0x2, 0x11, 0x31, 0x1a,
    0x11, 0x26, 0xc0, 0x3d, 0xbc, 0xb1, 0xd1, 0x8c,
    0x6, 0x60, 0xe, 0x76, 0xdd, 0xb2, 0xea, 0x60,
    0xc0, 0x3f, 0xf8, 0x82, 0x1, 0x99, 0x9f, 0xff,
    0xdc, 0x1, 0x8e, 0x7f, 0xf6, 0x7, 0xfe, 0x0,
    0x88, 0x54, 0x3, 0xff, 0x83, 0x64, 0x60, 0x1f,
    0xfc, 0x4, 0x68, 0x0, 0xff, 0xe0, 0xeb, 0x28,
    0x7, 0xc2, 0x1, 0xd3, 0x20, 0xf, 0x1f, 0x88,
    0x6,

    /* U+82CF "苏" */
    0x0, 0xcb, 0xe0, 0x1b, 0x98, 0x3, 0x88, 0x44,
    0x60, 0x23, 0x80, 0x2, 0x22, 0x0, 0x6f, 0x72,
    0x43, 0xbb, 0xc, 0xf7, 0x34, 0x83, 0xfe, 0xa1,
    0xff, 0xc3, 0x3f, 0xf1, 0x0, 0x61, 0x52, 0xf4,
    0x4, 0x20, 0xf, 0xc9, 0x60, 0x5, 0xa, 0x40,
    0xe, 0x3f, 0xfd, 0xa1, 0xdf, 0xf1, 0x80, 0x63,
    0xee, 0xd4, 0x3d, 0xcd, 0x1, 0x0, 0xe1, 0xb6,
    0x1d, 0x51, 0x18, 0x16, 0x80, 0x32, 0xa9, 0x1,
    0xb4, 0x0, 0xe0, 0xaa, 0x70, 0x1, 0xd5, 0xd,
    0x85, 0xc0, 0x2, 0x5, 0x52, 0x20, 0xae, 0xa5,
    0x10, 0x10, 0x1, 0x90, 0x2f, 0x88, 0x34, 0x26,
    0x23, 0x80, 0x5e, 0x20, 0x1, 0x0, 0xa6, 0xde,
    0x80, 0xd, 0xcd, 0x60, 0x1e, 0x8b, 0x90, 0x9,
    0xe3, 0x5c, 0x3, 0x0,

    /* U+82F1 "英" */
    0x0, 0xc6, 0xe0, 0x11, 0xb8, 0x7, 0x9, 0x11,
    0x28, 0x8a, 0x49, 0x22, 0x19, 0x82, 0x73, 0x12,
    0x59, 0x94, 0x8e, 0x63, 0x78, 0x23, 0xb9, 0x7,
    0xd9, 0xd6, 0x5d, 0xd6, 0x80, 0x64, 0x80, 0xc8,
    0x49, 0x0, 0xfb, 0x3e, 0x74, 0x5b, 0x27, 0x5c,
    0x3, 0x86, 0xbb, 0x83, 0x3d, 0xc1, 0xf0, 0xf,
    0x19, 0xc0, 0x67, 0x38, 0x6, 0x11, 0x0, 0x80,
    0x7f, 0x9, 0xf7, 0xa, 0xbf, 0xc3, 0x7f, 0xe4,
    0x7f, 0xd3, 0xff, 0xe6, 0x32, 0x5f, 0xfd, 0x80,
    0x1c, 0xcc, 0xec, 0x4a, 0x10, 0xf, 0x15, 0xc6,
    0x10, 0xfb, 0x7b, 0x0, 0x4b, 0x9a, 0x3e, 0x60,
    0x1, 0xc9, 0x8f, 0x70, 0x5b, 0xda, 0x10, 0xe,
    0x7e, 0xa7,

    /* U+82F9 "苹" */
    0x0, 0xc5, 0xe6, 0x0, 0x3f, 0x30, 0xe, 0x44,
    0xc0, 0xa8, 0x85, 0x5, 0x44, 0x80, 0x1f, 0x10,
    0xa0, 0xa8, 0x85, 0x5, 0x44, 0x3c, 0x1, 0x79,
    0x8e, 0xe, 0xcc, 0x70, 0x76, 0x62, 0xc0, 0x24,
    0x43, 0xc3, 0x22, 0x1a, 0x1d, 0x10, 0x40, 0x17,
    0x47, 0x67, 0xc5, 0xfe, 0x77, 0xf9, 0xc0, 0x2a,
    0xf9, 0xbb, 0x48, 0xdd, 0xab, 0xad, 0x40, 0x34,
    0x70, 0x7, 0xae, 0xc4, 0x1, 0xd4, 0x6c, 0x1,
    0x99, 0x74, 0x80, 0x23, 0x23, 0xa4, 0x23, 0x2,
    0x49, 0x12, 0x20, 0x96, 0xff, 0xa3, 0xfd, 0x3,
    0xfe, 0xbf, 0xfa, 0x4b, 0xb7, 0x7a, 0xc7, 0x77,
    0xd0, 0x1, 0xff, 0xdb, 0x31, 0x0, 0xf8,

    /* U+8304 "茄" */
    0x0, 0xe7, 0xb0, 0xb, 0xc8, 0x3, 0x8, 0x80,
    0x3f, 0xe1, 0xc, 0xef, 0xf4, 0x27, 0xfc, 0x1b,
    0xfe, 0xe0, 0xdf, 0xfa, 0x17, 0xfe, 0xe, 0xff,
    0x80, 0x22, 0x82, 0xc0, 0x9, 0x80, 0x3e, 0x67,
    0x56, 0x0, 0xe, 0xaa, 0x20, 0x43, 0x7e, 0xc3,
    0xfe, 0x25, 0xbe, 0xe5, 0xa8, 0x6f, 0xc9, 0xff,
    0x1, 0xb8, 0xd5, 0x4, 0x3, 0x73, 0x81, 0x80,
    0x80, 0x7f, 0x19, 0x80, 0x3f, 0xf8, 0x2, 0x98,
    0x2, 0x1, 0xfe, 0x62, 0x40, 0x0, 0x80, 0x7e,
    0x29, 0xb0, 0x3, 0x98, 0x38, 0xf7, 0x4, 0x7,
    0xc9, 0x83, 0x2a, 0xc0, 0x3, 0xdc, 0x11, 0xb3,
    0x40, 0x19, 0xcc, 0x9, 0xe0, 0xe, 0x50,

    /* U+8309 "茉" */
    0x0, 0xc9, 0xe0, 0x12, 0x78, 0x7, 0x88, 0x46,
    0x1, 0x1c, 0x2, 0x31, 0x2, 0xe7, 0xfa, 0xc3,
    0xfe, 0xb0, 0xff, 0xb1, 0x17, 0xba, 0xa0, 0xe8,
    0xca, 0xe, 0xec, 0x80, 0x19, 0xa0, 0x21, 0x9a,
    0x0, 0xf4, 0xff, 0xb6, 0x3c, 0x6f, 0x5b, 0xfe,
    0x70, 0x4, 0x77, 0xfe, 0x1a, 0xff, 0xbb, 0x8e,
    0x0, 0x10, 0x10, 0xf, 0xe1, 0x0, 0xd7, 0xdf,
    0xf0, 0xd7, 0xfd, 0xce, 0x1, 0xab, 0xfd, 0x60,
    0x2, 0x27, 0x7f, 0x9c, 0x3, 0xc5, 0x52, 0x30,
    0x1a, 0x20, 0x1f, 0x1e, 0x3b, 0x0, 0xf8, 0xe1,
    0x80, 0x61, 0x9c, 0x49, 0x0, 0x8b, 0x7, 0x29,
    0x0, 0x7d, 0xa2, 0x80, 0x38, 0x72, 0x53, 0xc0,
    0x77, 0x4e, 0x1, 0x8, 0x80, 0x26, 0xea, 0x0,

    /* U+8336 "茶" */
    0x0, 0xc7, 0xe0, 0x11, 0x78, 0x80, 0x71, 0x14,
    0xc0, 0x45, 0x30, 0x11, 0x60, 0x5, 0xe6, 0x2c,
    0x33, 0x2a, 0xd, 0xcc, 0x70, 0x2, 0x7b, 0x9a,
    0x1d, 0x53, 0x81, 0xdd, 0x60, 0x7, 0x15, 0x15,
    0x48, 0x58, 0x7, 0xf0, 0xb6, 0x2c, 0xe0, 0x7,
    0xfa, 0x31, 0xa4, 0xee, 0xe3, 0x0, 0xc5, 0x1c,
    0x99, 0x9, 0x4b, 0xa1, 0x98, 0x71, 0x2d, 0x4b,
    0x97, 0x4e, 0x4, 0x6f, 0x96, 0xa1, 0x2e, 0xc7,
    0x88, 0x94, 0x62, 0x2f, 0xad, 0x0, 0x8, 0x17,
    0xf6, 0x41, 0x66, 0xea, 0x40, 0x3c, 0x99, 0x20,
    0x1a, 0x3d, 0x0, 0x30, 0xd5, 0xb5, 0x81, 0x80,
    0x25, 0xee, 0x0, 0x26, 0x4c, 0x83, 0xc8, 0x60,
    0x4, 0xd3, 0x18, 0x1, 0xf8, 0xc0, 0xda, 0x68,
    0x2, 0x5f, 0x30,

    /* U+8349 "草" */
    0x0, 0xc3, 0xe4, 0x0, 0x4f, 0x0, 0xf1, 0x16,
    0x1, 0x22, 0x80, 0x8b, 0x0, 0x3b, 0x31, 0xa1,
    0xb9, 0x88, 0xc, 0xcb, 0xc0, 0x19, 0xdc, 0xf0,
    0xfe, 0xe5, 0x7, 0x75, 0xa0, 0x11, 0x77, 0x87,
    0xf7, 0x2c, 0x3b, 0x82, 0x1, 0xc3, 0x9d, 0xff,
    0x77, 0x34, 0x40, 0x3e, 0x62, 0x2f, 0x30, 0x7,
    0xe8, 0xff, 0xf4, 0x80, 0x7e, 0xdc, 0xcf, 0x70,
    0x7, 0xee, 0xff, 0xf6, 0x80, 0x78, 0xbf, 0xf1,
    0xd7, 0xfe, 0x10, 0x3, 0xff, 0xf8, 0xeb, 0xff,
    0xc4, 0xdb, 0xdd, 0xc7, 0x3d, 0xdb, 0x74, 0x42,
    0x42, 0x3c, 0x6, 0x23, 0x88, 0x80, 0x1f, 0x84,
    0xc0, 0x3e,

    /* U+8352 "荒" */
    0x0, 0xee, 0x30, 0x2, 0xe0, 0x7, 0xa7, 0x76,
    0x1e, 0xdd, 0x59, 0xee, 0xd8, 0x0, 0xbe, 0xe8,
    0x62, 0x13, 0x22, 0xee, 0xbc, 0x0, 0x46, 0x72,
    0xbd, 0x1a, 0x20, 0xcf, 0x0, 0x15, 0x12, 0xf6,
    0x3c, 0x7d, 0x44, 0x94, 0x1, 0x3f, 0x71, 0xfe,
    0x70, 0xff, 0xe9, 0x0, 0x65, 0x84, 0xdd, 0xff,
    0x60, 0x7, 0x57, 0xff, 0xea, 0x0, 0xed, 0xae,
    0xfd, 0xef, 0xb8, 0xeb, 0x0, 0xe7, 0xa3, 0xc,
    0x40, 0x2b, 0x11, 0x0, 0x76, 0x11, 0x0, 0xc0,
    0x6, 0x1, 0xf9, 0xd4, 0x3, 0xf9, 0x40, 0x29,
    0x19, 0x0, 0xf0, 0x88, 0xa9, 0x42, 0x9e, 0xc4,
    0x0, 0x60, 0x7, 0x3e, 0xd4, 0x50, 0xaf, 0x40,
    0xb, 0x94, 0xb, 0xbf, 0xd6, 0x0,

    /* U+8389 "莉" */
    0x0, 0xc3, 0xe6, 0x1, 0x79, 0x80, 0x61, 0x43,
    0x31, 0x3, 0x19, 0xc2, 0xc6, 0x64, 0x25, 0x9f,
    0xf8, 0x23, 0xfe, 0x18, 0xff, 0x4a, 0xa6, 0xe6,
    0x34, 0x3f, 0x32, 0xe, 0xcc, 0x6b, 0x81, 0x1a,
    0x3b, 0xae, 0x84, 0x30, 0xc2, 0x4c, 0x0, 0xb9,
    0x56, 0xe1, 0xa4, 0x4, 0x0, 0x67, 0x0, 0x3f,
    0xf4, 0x8c, 0xb9, 0x86, 0xb8, 0x8, 0x0, 0x48,
    0xb0, 0x11, 0x40, 0xe0, 0x1c, 0xb3, 0x2e, 0x91,
    0x99, 0x58, 0x7, 0xc9, 0x76, 0x40, 0x19, 0x98,
    0x3, 0xf8, 0x9d, 0x42, 0xfc, 0x3, 0xf8, 0x70,
    0xf8, 0x24, 0x1c, 0xc, 0x80, 0x30, 0xf8, 0x68,
    0x5, 0xee, 0x10, 0xa0, 0x18, 0x77, 0x4, 0x2,
    0x20, 0x8, 0x98, 0x5c, 0x0, 0x64, 0x2, 0x20,
    0xe, 0x38, 0x63, 0x0,

    /* U+8393 "莓" */
    0x0, 0xff, 0xe4, 0xdc, 0x0, 0x22, 0xc0, 0x38,
    0xb7, 0x32, 0x56, 0xcc, 0x32, 0xe6, 0x5a, 0xa5,
    0xdc, 0x8f, 0x27, 0xee, 0x32, 0xf7, 0x64, 0x3,
    0x2f, 0xee, 0x41, 0x9a, 0x68, 0xcf, 0x8, 0x1,
    0x50, 0xf3, 0xff, 0xdd, 0xc4, 0x0, 0x15, 0xaf,
    0x77, 0xef, 0xf2, 0x0, 0xf9, 0x77, 0xff, 0xf0,
    0x4, 0x35, 0x82, 0x7f, 0xe4, 0x9f, 0xf6, 0x8,
    0x6, 0x42, 0xc7, 0x22, 0x1c, 0xb1, 0x21, 0x91,
    0x0, 0x1d, 0xc7, 0x6e, 0xe2, 0x1d, 0x74, 0x9f,
    0x48, 0x3, 0x70, 0xa3, 0x30, 0x2d, 0xd8, 0xee,
    0xcb, 0x0, 0xc6, 0x4, 0x4e, 0x26, 0x22, 0x1,
    0x8, 0x4, 0x27, 0x3d, 0xcf, 0x48, 0xe4, 0x47,
    0x20, 0x4, 0x39, 0x9e, 0xd4, 0xf, 0xc5, 0x0,
    0xff, 0x9, 0x49, 0x0, 0x40,

    /* U+83AB "莫" */
    0x0, 0xeb, 0x80, 0x4, 0x50, 0x7, 0xbb, 0x76,
    0x46, 0xdd, 0x32, 0xee, 0xdc, 0x0, 0xfd, 0xd9,
    0x1b, 0x74, 0xc9, 0xbb, 0x78, 0x0, 0x40, 0x2e,
    0xb0, 0x5, 0xf0, 0x4, 0x20, 0x1b, 0xfa, 0xf7,
    0xb9, 0xb7, 0xde, 0x40, 0x1e, 0xae, 0xef, 0x60,
    0x7, 0xea, 0xee, 0xf6, 0x0, 0x7e, 0xae, 0xef,
    0x60, 0x7, 0xea, 0xee, 0xf6, 0x0, 0x7d, 0xfd,
    0xd0, 0x47, 0x75, 0xe4, 0x1, 0x6f, 0x77, 0xc,
    0xf7, 0x77, 0x80, 0x37, 0xba, 0xf3, 0x65, 0x2e,
    0xed, 0xe0, 0x18, 0xa3, 0x92, 0x69, 0xb9, 0xc8,
    0x3, 0x5f, 0x69, 0xdc, 0x80, 0x2a, 0xed, 0xbf,
    0x80, 0xe, 0xbe, 0xb4, 0x0, 0xcb, 0x9d, 0x70,
    0x0,

    /* U+83B7 "获" */
    0x0, 0xff, 0xe4, 0x6b, 0x0, 0x1b, 0x40, 0x38,
    0x48, 0x44, 0x2, 0x38, 0x4, 0x44, 0x21, 0x39,
    0xfe, 0x29, 0xff, 0x49, 0x7f, 0xb2, 0x2, 0x3b,
    0xa2, 0x8e, 0xe4, 0x17, 0x75, 0x20, 0x5, 0x10,
    0x57, 0x0, 0x2d, 0x81, 0x80, 0x6d, 0xfc, 0x30,
    0x9, 0x28, 0x75, 0x80, 0x2d, 0x3, 0xa1, 0x0,
    0x8, 0xe, 0xe0, 0x2, 0xa7, 0x56, 0x5b, 0xfd,
    0x27, 0xf8, 0xb4, 0x17, 0x82, 0x8a, 0xdd, 0xea,
    0x1d, 0xfd, 0x60, 0x29, 0x90, 0x40, 0x20, 0x82,
    0x80, 0x22, 0x9, 0xad, 0x70, 0x9, 0xce, 0xe0,
    0x3, 0x67, 0x9a, 0x88, 0x14, 0x4a, 0x8d, 0x80,
    0x4a, 0x25, 0xc, 0x58, 0xc8, 0x1a, 0xb8, 0x20,
    0xb, 0xd6, 0xad, 0x59, 0x0, 0xe, 0xc, 0x80,
    0x23, 0xa8, 0xb2, 0xc0, 0x31, 0x6c, 0x0,

    /* U+83C7 "菇" */
    0x0, 0xff, 0xe4, 0xec, 0x0, 0x23, 0x40, 0x3c,
    0x20, 0x1f, 0xfc, 0x1, 0x4, 0xef, 0xf8, 0x9f,
    0xfc, 0xe5, 0xff, 0x72, 0xa7, 0xfe, 0x27, 0xff,
    0x41, 0x7f, 0xe5, 0x0, 0xb1, 0xa6, 0x80, 0xf,
    0x74, 0x1, 0xc2, 0x66, 0x24, 0x20, 0x10, 0xe6,
    0x0, 0x8, 0x2f, 0x60, 0x5f, 0xf9, 0xbf, 0x9c,
    0xfb, 0xa1, 0x5f, 0x46, 0xfb, 0x6, 0xee, 0x41,
    0xf7, 0x3c, 0x40, 0x53, 0x43, 0x10, 0x2, 0xf0,
    0xf, 0x30, 0x30, 0x2f, 0x7, 0xf9, 0xcf, 0xfc,
    0x80, 0x7, 0x8d, 0xa3, 0x50, 0x6, 0x7f, 0xc2,
    0x1, 0x9e, 0x94, 0xc, 0x3, 0xfe, 0x6a, 0x84,
    0xc4, 0xc, 0xff, 0x84, 0x0, 0x5b, 0x2c, 0xf4,
    0xca, 0x19, 0xff, 0x8, 0x0, 0x9e, 0x64, 0x0,
    0x91, 0x0, 0xf0, 0x80, 0x29, 0x80, 0x3b, 0xcc,
    0x2, 0xe5, 0x0,

    /* U+83DC "菜" */
    0x0, 0xff, 0x8, 0x7, 0xfb, 0x5c, 0x0, 0x7c,
    0x1, 0xe5, 0x44, 0x83, 0x91, 0xa, 0x8, 0x98,
    0x45, 0x11, 0x89, 0x22, 0x16, 0x11, 0x18, 0x87,
    0x73, 0x24, 0x8c, 0xc7, 0xf, 0x7e, 0xe1, 0x80,
    0xe6, 0xe9, 0xaf, 0xfd, 0xa7, 0xdf, 0x0, 0x10,
    0xfa, 0xfe, 0x7a, 0xcf, 0x6e, 0x82, 0x80, 0x31,
    0x35, 0x8, 0x8a, 0x0, 0x12, 0x26, 0x1, 0x86,
    0xdc, 0x43, 0x8, 0x5, 0xa4, 0x3, 0x11, 0x1f,
    0xc, 0x8b, 0x1e, 0x31, 0x10, 0xb, 0x76, 0xcd,
    0xd4, 0x8e, 0xef, 0x8c, 0xbf, 0xf2, 0x15, 0x14,
    0x17, 0x7f, 0xc6, 0x1, 0xa9, 0x7c, 0x41, 0xdd,
    0xe8, 0x1, 0xc7, 0xaf, 0x84, 0x1, 0x53, 0xdd,
    0x90, 0x1, 0x58, 0xfa, 0x40, 0x1d, 0x34, 0xb0,
    0x21, 0xd5, 0x40, 0x8, 0x4c, 0x2, 0x5e, 0xd1,

    /* U+83E0 "菠" */
    0x0, 0xc5, 0xe4, 0x0, 0xc7, 0x0, 0xe1, 0x33,
    0x13, 0x3, 0x11, 0x3, 0xc8, 0xa3, 0x17, 0xdd,
    0x65, 0x5, 0x66, 0xd, 0xb3, 0x2d, 0x76, 0xef,
    0xec, 0xf, 0xee, 0x2d, 0xf7, 0x66, 0x0, 0x6e,
    0x5, 0x98, 0x88, 0x38, 0x47, 0x0, 0x5a, 0x8,
    0x1b, 0xdc, 0x54, 0xee, 0x98, 0x1, 0x27, 0x8c,
    0x3, 0xfe, 0x66, 0x7f, 0x2, 0x0, 0x96, 0xa0,
    0x7, 0xe1, 0xd3, 0x1, 0xbb, 0x20, 0x0, 0x7f,
    0xcc, 0xcf, 0xf8, 0x3, 0x31, 0x0, 0x9f, 0x14,
    0x77, 0x6, 0x80, 0x35, 0xf0, 0x6a, 0x8d, 0xd0,
    0xb8, 0x38, 0x6, 0x7a, 0x4, 0xf0, 0x66, 0x64,
    0xd0, 0x6, 0x61, 0x63, 0x33, 0x81, 0x10, 0xc0,
    0xc8, 0x2, 0xd5, 0xe, 0x54, 0xdd, 0x16, 0x55,
    0x37, 0xc8, 0x2e, 0x86, 0xa1, 0x55, 0xb6, 0x6b,
    0xba, 0xa2,

    /* U+8404 "萄" */
    0x0, 0xec, 0x70, 0x1, 0x79, 0x0, 0x76, 0xe6,
    0x47, 0x39, 0x8e, 0xe, 0xcc, 0x68, 0x2, 0x7d,
    0x28, 0x9b, 0xfd, 0x1, 0x3f, 0xe9, 0x0, 0x21,
    0x3f, 0x6c, 0x19, 0x93, 0x54, 0xcc, 0x80, 0x15,
    0x83, 0xff, 0xf6, 0xff, 0xd0, 0x0, 0x85, 0xb6,
    0x9f, 0xff, 0x93, 0xc0, 0x9a, 0x81, 0xa7, 0xff,
    0x38, 0x7, 0x17, 0x25, 0x4f, 0xa3, 0xff, 0x9c,
    0x3, 0xf5, 0xb0, 0x7, 0x84, 0x1c, 0x2, 0x8f,
    0xbe, 0xe2, 0x3f, 0x75, 0xe0, 0x1d, 0x18, 0xfd,
    0xc4, 0x7e, 0xc6, 0xe0, 0xf, 0x33, 0x0, 0x39,
    0x98, 0x0, 0x11, 0x0, 0x76, 0xe9, 0x1f, 0xec,
    0x40, 0x48, 0xc0, 0x24, 0xdf, 0xce, 0xff, 0x6b,
    0xb7, 0xa, 0x0, 0x62, 0x20, 0x88, 0x0, 0x50,
    0xf5, 0xc2, 0x0,

    /* U+841D "萝" */
    0x0, 0xd9, 0x0, 0xc, 0x70, 0xe, 0x44, 0xc2,
    0x48, 0x81, 0xe4, 0x49, 0x43, 0xbb, 0x1b, 0xf7,
    0xd, 0x7b, 0xb0, 0x55, 0x66, 0x8a, 0xa4, 0xc5,
    0x55, 0x60, 0xf, 0xf9, 0xeb, 0xfd, 0x17, 0xff,
    0x0, 0x6b, 0xfc, 0x2f, 0xf0, 0xef, 0xd8, 0x7,
    0x9, 0x30, 0x11, 0x1, 0x88, 0x40, 0x31, 0xcf,
    0x58, 0xf7, 0xa, 0x3a, 0x4c, 0x2, 0xcc, 0x78,
    0xc6, 0x67, 0xc0, 0x19, 0x70, 0x2f, 0xff, 0xb8,
    0x40, 0x9, 0x75, 0x37, 0xff, 0xa0, 0x34, 0x40,
    0x2, 0x2d, 0x3b, 0x80, 0x4, 0xc5, 0x98, 0x4,
    0xb4, 0x4b, 0x8d, 0xbe, 0xba, 0x80, 0x19, 0x26,
    0xaf, 0x41, 0xef, 0x8, 0x3, 0x94, 0x37, 0xb3,
    0xa9, 0x0, 0x3e,

    /* U+8425 "营" */
    0x0, 0xc3, 0xe6, 0x0, 0x7d, 0x0, 0xe3, 0x22,
    0x81, 0xc8, 0x9e, 0x4, 0x58, 0x3b, 0xaf, 0x9,
    0xee, 0x29, 0x77, 0x52, 0x1b, 0x98, 0xd0, 0xfc,
    0xc5, 0x96, 0x65, 0x60, 0xf1, 0x9, 0x7a, 0x88,
    0x72, 0xc4, 0x4a, 0x13, 0xf9, 0x9f, 0xe2, 0xf0,
    0x13, 0x6b, 0xbf, 0xa9, 0x8, 0x1, 0xe8, 0x3,
    0xff, 0xd8, 0x0, 0x8a, 0x0, 0xc3, 0x55, 0xd0,
    0x1, 0xf1, 0x5f, 0x77, 0x7d, 0x0, 0x71, 0xec,
    0xcf, 0xed, 0x30, 0xc, 0x59, 0x9f, 0x71, 0x8,
    0x7, 0x8, 0xfe, 0x0, 0xfb, 0xbb, 0xec, 0x1,
    0x0, 0x9c, 0x3b, 0xbf, 0x79, 0x80,

    /* U+8428 "萨" */
    0x0, 0xc5, 0xe2, 0x0, 0xc6, 0x0, 0xe3, 0xff,
    0xb4, 0x3b, 0xfc, 0x73, 0xff, 0x60, 0x1f, 0x7f,
    0xb0, 0x37, 0xfc, 0x71, 0xfe, 0xed, 0x0, 0x8,
    0x0, 0xf8, 0x80, 0x19, 0xc8, 0x2, 0x20, 0x5,
    0xf7, 0x5a, 0x4, 0x22, 0x4d, 0x11, 0x80, 0xf,
    0x3a, 0x48, 0x1f, 0x98, 0x4, 0xcf, 0xb0, 0x8,
    0x84, 0xe4, 0x35, 0x27, 0x74, 0xf9, 0x40, 0x1a,
    0x94, 0x40, 0x1a, 0x60, 0xae, 0x40, 0x1d, 0x4a,
    0x49, 0xf7, 0x1f, 0x45, 0xfe, 0x0, 0xc4, 0x90,
    0x0, 0xff, 0xf8, 0x2, 0x34, 0x61, 0x18, 0x3,
    0xfc, 0x70, 0x13, 0xaa, 0x1, 0xff, 0x66, 0x9b,
    0x68, 0x7, 0xff, 0x0, 0xf0, 0x98, 0x3, 0xf8,
    0x40, 0x21, 0xd0, 0xf, 0xf6, 0xa8, 0x1e, 0x8,
    0x7, 0xf0,

    /* U+843D "落" */
    0x0, 0xc5, 0xe2, 0x0, 0xc7, 0x0, 0xe1, 0xfe,
    0xe6, 0x7, 0xf7, 0xe, 0x3b, 0xaf, 0x1, 0xdf,
    0xec, 0xf, 0xf7, 0x1c, 0x77, 0x60, 0x1, 0x41,
    0x1c, 0xd, 0xd6, 0xb0, 0x4, 0x20, 0x1b, 0x55,
    0xcd, 0x55, 0xdc, 0xff, 0x28, 0x6, 0x9b, 0x51,
    0xe0, 0xdf, 0xf2, 0x9a, 0x80, 0x54, 0xc8, 0x3a,
    0xd3, 0x87, 0x29, 0xa0, 0x1b, 0x66, 0x82, 0xa8,
    0xcc, 0xc6, 0xa1, 0x0, 0xcf, 0x92, 0xa, 0xf6,
    0xec, 0xb7, 0xb7, 0x42, 0x0, 0x3f, 0x6c, 0xac,
    0xe9, 0xaf, 0x83, 0x30, 0x80, 0x1c, 0x1b, 0x92,
    0x3b, 0xfe, 0xac, 0x90, 0x0, 0xc7, 0x80, 0x82,
    0x7f, 0xe1, 0x0, 0xd4, 0x86, 0x1, 0x84, 0x70,
    0x6, 0x10, 0x80, 0xc, 0x99, 0x98, 0x40, 0x21,
    0xb3, 0x0, 0xa3, 0xf7, 0x77, 0xa0, 0x0,

    /* U+8461 "葡" */
    0x0, 0xe6, 0xb0, 0x3, 0xe8, 0x7, 0xb7, 0xba,
    0x94, 0xee, 0x41, 0x77, 0x60, 0x6, 0x77, 0xe4,
    0x1f, 0x72, 0xb, 0xba, 0xf0, 0x0, 0x84, 0xea,
    0xe8, 0x1, 0xf0, 0x2, 0x10, 0x8, 0x9c, 0xbf,
    0x3f, 0x75, 0xfb, 0xb6, 0x0, 0x5c, 0xbb, 0xaf,
    0x1d, 0x85, 0xdd, 0x48, 0x5, 0x42, 0x2d, 0xd7,
    0x8e, 0xc3, 0x68, 0x80, 0x68, 0xfa, 0xcc, 0x70,
    0xe6, 0x61, 0x0, 0xc4, 0x7d, 0x54, 0xf1, 0xaa,
    0x65, 0x80, 0x7e, 0xcd, 0x41, 0xdd, 0x38, 0x7,
    0xf1, 0x1f, 0x81, 0x9c, 0x1, 0xfd, 0x10, 0xa1,
    0x88, 0x38, 0x7, 0xf6, 0x6f, 0x8e, 0xe9, 0x8c,
    0x3, 0xff, 0x82, 0xad, 0xd5, 0x44, 0x0, 0x87,
    0xc4, 0xb, 0x81, 0x79, 0xef, 0xe0, 0x0,

    /* U+8471 "葱" */
    0x0, 0xff, 0xe3, 0xe3, 0x80, 0x35, 0x80, 0x38,
    0xc8, 0xa0, 0x1, 0x10, 0x4, 0x8b, 0x6, 0xff,
    0xc7, 0x3f, 0xe2, 0x9f, 0xfc, 0x1d, 0xba, 0x56,
    0xdd, 0xa3, 0x77, 0x80, 0x3, 0x8e, 0xd9, 0xfe,
    0x8c, 0xff, 0x30, 0x1, 0x7d, 0x2b, 0x8d, 0xfd,
    0xd7, 0xc8, 0xc0, 0x9, 0x73, 0xfc, 0x7e, 0x4d,
    0x20, 0x60, 0x10, 0xa8, 0x91, 0x27, 0x34, 0x2,
    0x11, 0x0, 0x53, 0xc5, 0xae, 0xa, 0x88, 0x10,
    0x70, 0xb, 0x72, 0xa7, 0xb2, 0xe8, 0xf8, 0x4c,
    0x2, 0x73, 0xa, 0xd4, 0xe1, 0x4c, 0xf5, 0x0,
    0xb9, 0xc3, 0x0, 0xd4, 0x8c, 0x96, 0x90, 0x10,
    0x98, 0x0, 0xc1, 0x47, 0x3a, 0x8f, 0x42, 0x28,
    0x0, 0x1d, 0xff, 0xcb, 0x1, 0x12, 0x2a, 0xe0,
    0xc, 0xfe, 0xff, 0x90, 0x0, 0xe0,

    /* U+849C "蒜" */
    0x0, 0xff, 0xe4, 0xfa, 0x0, 0x13, 0xc0, 0x38,
    0x50, 0xce, 0x2, 0x33, 0x10, 0x99, 0xc8, 0x5,
    0x3f, 0xf0, 0x5f, 0xfa, 0xc7, 0xfe, 0x90, 0x3d,
    0xcc, 0x87, 0xf3, 0x12, 0x59, 0x96, 0x80, 0xf,
    0x32, 0x2e, 0x7, 0x81, 0xcc, 0x80, 0x22, 0x8f,
    0xfc, 0xb, 0x1f, 0xf8, 0x3, 0x29, 0x16, 0x3,
    0x52, 0x2c, 0x20, 0x3d, 0xde, 0x4c, 0xee, 0xec,
    0x1, 0xff, 0x82, 0xfd, 0x37, 0xe4, 0xff, 0xda,
    0x0, 0x2a, 0x0, 0xf, 0x12, 0xb0, 0x0, 0x5c,
    0x2, 0x51, 0x0, 0xb, 0xdc, 0x70, 0x5, 0xa,
    0x0, 0xbf, 0x0, 0xa7, 0x4e, 0x0, 0x3, 0x36,
    0x28, 0x48, 0x1, 0xa6, 0x0, 0x33, 0x21, 0x27,
    0xe, 0x3, 0x4, 0x33, 0xc3, 0x80, 0x28, 0xc0,
    0x3, 0x58, 0x40, 0xa0, 0xb7, 0x60, 0xc,

    /* U+84DD "蓝" */
    0x0, 0xef, 0x20, 0x6, 0x30, 0x7, 0x37, 0xf7,
    0x41, 0x9d, 0xc3, 0x9e, 0xeb, 0xc5, 0xb7, 0xfd,
    0x81, 0xbf, 0xe3, 0x8f, 0xfb, 0x44, 0x8, 0x44,
    0x54, 0x42, 0x2b, 0x51, 0x18, 0x80, 0x2a, 0x40,
    0xb7, 0x1, 0x84, 0x0, 0xf9, 0x84, 0xc, 0xc1,
    0x21, 0x7b, 0xb5, 0x80, 0x7e, 0x17, 0x99, 0x5f,
    0xf4, 0x80, 0x7e, 0xa3, 0x63, 0x83, 0x31, 0x0,
    0x63, 0x3, 0x36, 0x78, 0x39, 0x48, 0x7, 0x6a,
    0x15, 0x2a, 0x84, 0x89, 0x14, 0x1, 0xd5, 0x9f,
    0x59, 0xf9, 0xbf, 0x3a, 0x80, 0x18, 0x5b, 0x6c,
    0xf7, 0x43, 0xba, 0x10, 0xc, 0x20, 0x1, 0x30,
    0x17, 0x1, 0x10, 0x8, 0x81, 0x79, 0x5f, 0xa4,
    0xfa, 0xc7, 0xb8, 0x35, 0xc6,

    /* U+852C "蔬" */
    0x0, 0xec, 0x50, 0x6, 0xa8, 0x7, 0xbb, 0x76,
    0x3b, 0xdd, 0x15, 0xee, 0xdc, 0x41, 0x99, 0x8a,
    0xf3, 0x7, 0x79, 0x98, 0x80, 0x84, 0x6d, 0x51,
    0x16, 0x71, 0x8, 0x88, 0x1, 0x77, 0xca, 0xa4,
    0x42, 0xd2, 0x24, 0x0, 0xde, 0xe1, 0x2, 0xf7,
    0x28, 0xcd, 0xdc, 0xc0, 0x3, 0x2a, 0x3d, 0x5,
    0x91, 0x32, 0x1a, 0xe0, 0x0, 0x94, 0x0, 0x21,
    0xd7, 0x1c, 0xc1, 0xe1, 0x0, 0x4c, 0x3, 0xca,
    0xea, 0xcf, 0x32, 0x7b, 0x0, 0xe1, 0xd4, 0x62,
    0x29, 0x26, 0xa4, 0x3, 0xfb, 0x47, 0xc4, 0x40,
    0x1e, 0x51, 0x94, 0x37, 0x0, 0xe3, 0x3, 0xa3,
    0x95, 0xe2, 0x28, 0x2, 0x12, 0xf7, 0x38, 0xed,
    0xa5, 0x89, 0x1, 0xf2, 0x1d, 0x25, 0x6, 0x10,
    0x1, 0x7a, 0x4, 0xc0, 0x77, 0xf1, 0x0,

    /* U+8549 "蕉" */
    0x0, 0xed, 0x50, 0x2, 0x70, 0x7, 0x1f, 0xfe,
    0x2a, 0xff, 0x58, 0xff, 0xe5, 0x3f, 0xfc, 0x55,
    0xb9, 0x63, 0xff, 0x94, 0x3, 0x64, 0xad, 0x6a,
    0x70, 0x7, 0xea, 0x3f, 0xa3, 0x35, 0x55, 0x76,
    0x0, 0xd2, 0xb1, 0x9, 0x82, 0xd9, 0x97, 0xf0,
    0x5, 0x4c, 0x13, 0xdd, 0x4, 0xf7, 0x29, 0xc0,
    0x23, 0xc2, 0x8c, 0xc8, 0x6f, 0x32, 0x20, 0xa,
    0x4c, 0x23, 0xfe, 0x1b, 0xff, 0x69, 0x0, 0x7a,
    0xfb, 0xa1, 0xae, 0xfd, 0x20, 0xe, 0x3b, 0xdd,
    0x86, 0xb7, 0x3f, 0x9c, 0x2, 0x24, 0xac, 0xcb,
    0xb7, 0x31, 0xd0, 0xc0, 0x2, 0xde, 0x48, 0x61,
    0x5c, 0x31, 0x49, 0x50, 0x4, 0x22, 0x3, 0xe4,
    0x11, 0x14, 0xe, 0x72, 0x0, 0x99, 0x0, 0x1b,
    0x0, 0x17, 0x0, 0xc, 0xd0,

    /* U+8584 "薄" */
    0x0, 0xef, 0x30, 0x0, 0xf8, 0x80, 0x77, 0x6e,
    0xc1, 0xdb, 0xac, 0xc, 0xdd, 0x70, 0x3, 0xb7,
    0x60, 0xfd, 0xd6, 0x14, 0xae, 0xf0, 0x5, 0x24,
    0xe, 0x8c, 0xce, 0xa3, 0x76, 0x40, 0xb, 0xf1,
    0x7c, 0x40, 0x3, 0xe3, 0x22, 0x20, 0x9, 0xa9,
    0x2, 0xea, 0x82, 0x95, 0x4c, 0x50, 0x4, 0x2a,
    0xf, 0xa6, 0x60, 0x7b, 0x35, 0x80, 0x2c, 0xb9,
    0xf, 0x7f, 0xf0, 0xef, 0xf0, 0x6, 0x4c, 0xe0,
    0x3, 0x6e, 0x86, 0xf7, 0x0, 0x38, 0x8c, 0xde,
    0x91, 0x1, 0xf8, 0x96, 0x0, 0xc3, 0x41, 0x3b,
    0x54, 0xeb, 0x90, 0xb0, 0xd, 0xe, 0x19, 0xbb,
    0x66, 0xf2, 0xf7, 0x0, 0x6, 0xf0, 0x7a, 0xf3,
    0xbb, 0x49, 0x77, 0x0, 0x1f, 0x2, 0x0, 0x9a,
    0x20, 0x33, 0x0, 0x76, 0xb0, 0x4, 0x78, 0x40,
    0x99, 0x0, 0x10,

    /* U+85AF "薯" */
    0x0, 0xef, 0x30, 0x7, 0xa8, 0x7, 0x3f, 0x76,
    0xd, 0xee, 0x5, 0xf7, 0x65, 0x7e, 0xec, 0xd9,
    0xdc, 0x6d, 0xee, 0xca, 0x0, 0xee, 0x6b, 0xee,
    0xcd, 0xdb, 0xd4, 0x1, 0x8e, 0x79, 0x93, 0xa0,
    0x3b, 0x88, 0x60, 0x1a, 0xbe, 0xc1, 0xa3, 0x5e,
    0xec, 0x78, 0x1, 0x9d, 0x15, 0x46, 0xab, 0x0,
    0xbb, 0x80, 0x3b, 0x73, 0x8, 0xd9, 0xc, 0x58,
    0x40, 0x9, 0xfe, 0xff, 0x95, 0xfe, 0x85, 0x73,
    0xfc, 0x93, 0xfd, 0xcf, 0x83, 0x16, 0xcc, 0x6e,
    0x7f, 0x20, 0x13, 0x5f, 0xeb, 0xa9, 0xc4, 0x3f,
    0x40, 0x41, 0x37, 0x4, 0xf7, 0x7c, 0x82, 0x1,
    0x27, 0xd6, 0x9, 0x9f, 0xbc, 0x3, 0xf1, 0xdd,
    0xfa, 0x44, 0x3, 0xc2, 0x9d, 0xde, 0xd0, 0xf,
    0x9e, 0x80, 0x3c, 0x7e, 0x1, 0x0,

    /* U+8611 "蘑" */
    0x0, 0xef, 0x20, 0xb, 0x18, 0x3, 0xb3, 0xba,
    0xc, 0xee, 0x8e, 0x3b, 0x9e, 0x61, 0x9d, 0xd0,
    0x74, 0xc7, 0x1d, 0xf7, 0x3c, 0xc0, 0x17, 0x72,
    0x5d, 0x45, 0xbf, 0x5d, 0xa8, 0x2, 0x48, 0x99,
    0x27, 0xe4, 0xc9, 0xb2, 0x60, 0x3, 0x5f, 0x78,
    0x7a, 0xdf, 0x94, 0xfd, 0x80, 0x69, 0xf0, 0x5,
    0xb4, 0x18, 0x93, 0xc8, 0x6, 0x5e, 0xe0, 0x1,
    0x36, 0x8e, 0x83, 0x4, 0x2, 0x5f, 0x26, 0x62,
    0xfa, 0x52, 0xd4, 0x8, 0x10, 0x1f, 0xe2, 0x76,
    0xf6, 0xd7, 0x6e, 0x0, 0x18, 0x89, 0xba, 0xa2,
    0xdd, 0xf4, 0x0, 0x31, 0x0, 0xd, 0x3, 0xbb,
    0xdc, 0x1, 0x2e, 0xd, 0x58, 0x66, 0xee, 0xf0,
    0x9, 0x9, 0x74, 0x30, 0x33, 0x77, 0x78, 0x4,
    0x94, 0x19, 0x40, 0xc, 0xdd, 0xde, 0x1, 0x94,
    0x2, 0x1e, 0x10, 0xc, 0x5c, 0x0,

    /* U+864E "虎" */
    0x0, 0xfb, 0xcc, 0x3, 0xff, 0x87, 0xbd, 0xda,
    0x0, 0x3f, 0xd9, 0xdd, 0xa0, 0x3, 0x77, 0xfe,
    0xd, 0xff, 0xed, 0x0, 0xd7, 0xff, 0x6, 0xff,
    0xbb, 0xd9, 0x0, 0x39, 0x5e, 0x3, 0xb7, 0xf4,
    0x2a, 0xc0, 0x38, 0xff, 0x82, 0x7f, 0xd8, 0xa0,
    0x40, 0x1c, 0xd0, 0xc3, 0xea, 0xee, 0xba, 0x0,
    0xc2, 0xe0, 0x16, 0x60, 0x0, 0x37, 0x20, 0x1c,
    0x20, 0xb, 0xea, 0xbb, 0x2a, 0x80, 0x31, 0x81,
    0x0, 0x12, 0x7b, 0x84, 0x1, 0xe4, 0x30, 0x0,
    0x82, 0x11, 0x0, 0x31, 0x80, 0x26, 0xc0, 0x68,
    0xc4, 0x2, 0x70, 0x2c, 0x33, 0x13, 0x9f, 0x3e,
    0x80, 0x49, 0x7f, 0xaa, 0x66, 0xc0, 0x3c, 0xc0,
    0x80, 0x55, 0xff, 0x50, 0x0,

    /* U+865A "虚" */
    0x0, 0xf2, 0x78, 0x7, 0xff, 0x9, 0xc3, 0xff,
    0x98, 0x3, 0xf3, 0x87, 0xff, 0x30, 0x6, 0xef,
    0xfa, 0xc3, 0xff, 0xda, 0x1, 0x1d, 0x7f, 0x50,
    0xe5, 0xd6, 0x7a, 0xd0, 0x7, 0x67, 0x50, 0xe4,
    0x7b, 0x15, 0x38, 0x7, 0x4c, 0x9c, 0x7f, 0x29,
    0x66, 0x0, 0x31, 0x8a, 0xb5, 0x7, 0x76, 0x5b,
    0x0, 0xc2, 0xe0, 0x3, 0x9f, 0xc6, 0xee, 0x18,
    0x4, 0x20, 0x34, 0x87, 0x6, 0xce, 0x3, 0x84,
    0x0, 0x51, 0x23, 0xf3, 0x3, 0x70, 0x4, 0x89,
    0x0, 0x35, 0x42, 0x90, 0xc0, 0x30, 0xbc, 0x80,
    0x5, 0xb8, 0xb, 0x0, 0x6, 0xe0, 0xd, 0x51,
    0x6, 0x15, 0x6e, 0xcd, 0xd, 0xb0, 0xed, 0xee,
    0xb, 0xe0, 0x37, 0xff, 0xfc, 0x20,

    /* U+866B "虫" */
    0x0, 0xfb, 0x98, 0x3, 0xff, 0x84, 0x60, 0x1f,
    0xfc, 0xed, 0xee, 0xc5, 0x3d, 0xd9, 0x0, 0x31,
    0xce, 0x64, 0x31, 0x99, 0x0, 0x7c, 0x24, 0x51,
    0x89, 0x14, 0x1, 0xff, 0xdb, 0x9f, 0xf8, 0xa7,
    0xfe, 0x11, 0x0, 0x65, 0xae, 0xe8, 0xa7, 0xba,
    0x87, 0x0, 0xd6, 0xa2, 0x30, 0x0, 0x44, 0xb4,
    0x60, 0x1f, 0xfc, 0x14, 0xb, 0x0, 0x8d, 0x15,
    0x9d, 0xc7, 0x57, 0x9c, 0x4a, 0xc0, 0xc, 0xb8,
    0xde, 0xf9, 0x97, 0xfe, 0x68, 0x0, 0x77, 0xed,
    0xcc, 0x3a, 0xa1, 0x88, 0x47, 0x80,

    /* U+8679 "虹" */
    0x0, 0x8a, 0x40, 0x3f, 0xf8, 0x42, 0xa0, 0x12,
    0x27, 0x8c, 0x3, 0xfa, 0x22, 0xb8, 0x84, 0x80,
    0x3b, 0xf0, 0xff, 0xc3, 0x98, 0xf1, 0xcc, 0x50,
    0x5, 0x98, 0x3f, 0x1, 0x0, 0xff, 0xe6, 0x98,
    0x7, 0xff, 0x4c, 0xf3, 0x7, 0xe0, 0x1f, 0xfc,
    0xc, 0xc1, 0xfc, 0x80, 0x7f, 0xb4, 0xc0, 0x7,
    0xc0, 0x1f, 0xe3, 0x0, 0xcc, 0x1, 0xfe, 0x35,
    0xa3, 0xe1, 0x43, 0x26, 0x2, 0x21, 0x82, 0xe7,
    0x72, 0xf1, 0x3b, 0x7e, 0xf, 0xfd, 0xa6, 0xbf,
    0x6e, 0x83, 0x17, 0xdb, 0xbd, 0xc6,

    /* U+867E "虾" */
    0x0, 0xb1, 0x40, 0x3f, 0xf8, 0x62, 0x3, 0x55,
    0xf8, 0x0, 0x22, 0x1, 0x11, 0xff, 0x71, 0xb,
    0xbf, 0xc0, 0xf, 0xe3, 0xae, 0xd5, 0x44, 0x6,
    0xa2, 0xa8, 0x2, 0xc3, 0xbd, 0x0, 0xff, 0xe2,
    0x8, 0x7, 0x51, 0x80, 0x7f, 0xf0, 0xfc, 0x3,
    0x79, 0xc7, 0x8, 0x7, 0x41, 0xa0, 0x5, 0x25,
    0x72, 0x1, 0xe2, 0x58, 0x0, 0x52, 0x89, 0xae,
    0x80, 0x7a, 0xc, 0xc0, 0x80, 0x1b, 0x50, 0x3,
    0x8b, 0xc, 0x3, 0xa, 0x97, 0x0, 0x78, 0xc0,
    0xe2, 0xce, 0xa5, 0x94, 0x3, 0xf1, 0x31, 0x57,
    0xe5, 0x58, 0x7, 0xe1, 0xe9, 0x50, 0x0, 0xa0,
    0x7, 0xe0,

    /* U+8681 "蚁" */
    0x0, 0xb5, 0x80, 0x34, 0xb8, 0x7, 0xf1, 0x0,
    0x4, 0xfe, 0x81, 0xec, 0x2, 0xab, 0x28, 0xbb,
    0x3f, 0x39, 0x13, 0x5c, 0x2, 0x4d, 0x2b, 0xe4,
    0x22, 0xd, 0x10, 0xa8, 0x4, 0x6a, 0x6, 0xe2,
    0xa0, 0x4a, 0xb, 0xe0, 0x1f, 0xc2, 0x24, 0x1,
    0x12, 0x80, 0x7f, 0x93, 0x1, 0x40, 0xc0, 0x23,
    0xd2, 0xac, 0x10, 0xe5, 0xd, 0x50, 0xe, 0xa1,
    0xbc, 0x60, 0x41, 0x87, 0xf0, 0xd, 0xa8, 0x2,
    0x4a, 0x61, 0xe, 0xa, 0x1, 0x8c, 0x0, 0x6a,
    0x34, 0x4, 0x6, 0x1, 0x8e, 0x70, 0x67, 0xd1,
    0x5, 0x4c, 0x18, 0x20, 0x12, 0x23, 0x3a, 0xa6,
    0xf1, 0x27, 0xb, 0xd4, 0xf, 0x60, 0xc0, 0xf,
    0x2d, 0x40, 0x3e, 0x50, 0x20, 0x1e, 0x7b, 0x80,
    0x8, 0x73, 0x2,

    /* U+8682 "蚂" */
    0x0, 0xb5, 0x0, 0x21, 0x0, 0xff, 0x9c, 0x1,
    0x1d, 0xff, 0xb4, 0x3, 0xfa, 0x3f, 0xf4, 0x38,
    0x5, 0xbe, 0x59, 0xfc, 0x15, 0x0, 0xf, 0x20,
    0x8, 0xf0, 0xaf, 0x40, 0xd, 0xe0, 0x2, 0xf0,
    0x8, 0xc0, 0xe, 0x1, 0x9, 0x80, 0x4, 0x80,
    0x3f, 0xc4, 0xc0, 0x6, 0x10, 0xd, 0xa5, 0xb8,
    0x22, 0xd, 0xff, 0x15, 0xf8, 0x0, 0xe8, 0xaf,
    0x50, 0x7f, 0xfa, 0x84, 0x1, 0xa, 0xc, 0x18,
    0x1, 0xf1, 0x80, 0x18, 0x40, 0x28, 0xbf, 0xfe,
    0x96, 0x1, 0x35, 0x3f, 0xd0, 0xef, 0xfd, 0xca,
    0x20, 0x99, 0xd, 0x1e, 0xc6, 0x1, 0x84, 0xf4,
    0x13, 0x75, 0x8, 0x32, 0xc0, 0x1, 0xab, 0x55,
    0x0, 0x90, 0x7, 0xe1, 0xdd, 0x88, 0x0,

    /* U+86C7 "蛇" */
    0x0, 0xff, 0xe3, 0xe3, 0x80, 0x75, 0x48, 0x7,
    0xe2, 0x0, 0xef, 0x40, 0xf, 0xf9, 0xae, 0xdc,
    0xd7, 0x71, 0x6, 0xf9, 0xd7, 0xf7, 0x8f, 0xff,
    0x20, 0x0, 0xf0, 0xef, 0x44, 0xd, 0x13, 0x80,
    0x23, 0x0, 0xc3, 0x98, 0xf4, 0x0, 0x9c, 0xc0,
    0x3e, 0x55, 0x3, 0x80, 0x50, 0x20, 0x7, 0x1,
    0x18, 0x0, 0x20, 0x4, 0xe2, 0x0, 0x1d, 0x1d,
    0xf0, 0x6, 0x6a, 0xa4, 0x90, 0x5, 0xa7, 0x58,
    0xe0, 0x14, 0xff, 0x38, 0x5, 0x86, 0x1, 0x3a,
    0x0, 0x3d, 0x40, 0x38, 0x84, 0x3a, 0xc3, 0x80,
    0x38, 0x60, 0x57, 0xb8, 0x27, 0xee, 0xe0, 0x2,
    0x88, 0x91, 0xc1, 0x23, 0xb6, 0x56, 0x34, 0x1e,
    0x7b, 0x94, 0xc2,

    /* U+86CB "蛋" */
    0x0, 0xff, 0xe2, 0xa7, 0xff, 0xff, 0x1, 0x40,
    0x9, 0xfe, 0xad, 0xfa, 0x2f, 0xfa, 0xd9, 0x40,
    0x30, 0xd3, 0x0, 0xb, 0xfe, 0xbe, 0x0, 0xeb,
    0xd, 0x0, 0x17, 0xfe, 0x70, 0xd, 0x9, 0xa5,
    0xf0, 0x67, 0xc8, 0xc2, 0x16, 0xd8, 0x57, 0x8a,
    0x5f, 0xdd, 0x55, 0x88, 0x7f, 0x88, 0x0, 0x7c,
    0x39, 0xbb, 0x76, 0x80, 0x10, 0xbf, 0x76, 0x82,
    0xdd, 0xbd, 0x0, 0x38, 0x77, 0x6b, 0x2d, 0xd8,
    0x80, 0x3c, 0x3f, 0xf5, 0x17, 0xfc, 0x40, 0x1e,
    0x3f, 0xfa, 0x8b, 0xfd, 0x74, 0x80, 0x18, 0xf0,
    0x0, 0x26, 0x8, 0x8f, 0xa6, 0x0, 0x97, 0xff,
    0x65, 0xf, 0xf1, 0x3c, 0xa8, 0x1, 0x77, 0xbf,
    0xdb, 0x98, 0xba, 0x98, 0xb5, 0x0,

    /* U+86D9 "蛙" */
    0x0, 0xbc, 0xc0, 0x3b, 0x18, 0x3, 0xe1, 0x0,
    0xff, 0xe0, 0x88, 0x81, 0xc4, 0x16, 0x64, 0x55,
    0x32, 0x60, 0x7, 0x78, 0xd7, 0x23, 0x7f, 0x8d,
    0xbf, 0xc4, 0x1, 0x78, 0xe8, 0xb9, 0xb3, 0x7,
    0x19, 0x88, 0x1, 0xf3, 0x22, 0x43, 0xe8, 0x85,
    0x0, 0xf8, 0xe3, 0xfc, 0x25, 0xfe, 0x91, 0x0,
    0x60, 0xf0, 0xae, 0x5d, 0x83, 0x2e, 0xd8, 0x20,
    0x8, 0xa, 0x17, 0x0, 0xc2, 0x1, 0xe4, 0x14,
    0xb5, 0x9d, 0xd1, 0xc6, 0xe9, 0xc0, 0x16, 0x20,
    0x8, 0x4b, 0xff, 0x1b, 0x7f, 0x98, 0x0, 0x84,
    0x30, 0x7e, 0x45, 0x7, 0x11, 0x4, 0xb, 0xf5,
    0x7a, 0x80, 0x3f, 0xc5, 0x1d, 0x4a, 0x85, 0xff,
    0x1c, 0xff, 0xc8, 0xe, 0x20, 0x14, 0x7f, 0xfe,
    0x40,

    /* U+86DB "蛛" */
    0x0, 0xbc, 0x80, 0x3b, 0xd4, 0x3, 0xfe, 0x4c,
    0x1, 0x10, 0x7, 0x3b, 0x82, 0x9c, 0x31, 0xc4,
    0x4, 0x70, 0x2, 0x6c, 0x12, 0x5, 0x53, 0x86,
    0xbb, 0x96, 0x1, 0x40, 0x78, 0x21, 0x7f, 0x86,
    0xff, 0xd4, 0x1, 0xf0, 0xd0, 0x7, 0xf8, 0x81,
    0x41, 0xf5, 0xdc, 0x3a, 0xee, 0x81, 0x0, 0x48,
    0x48, 0x38, 0xf4, 0x83, 0x77, 0x4, 0x0, 0x9a,
    0x1a, 0xe9, 0x30, 0x1, 0x5c, 0xc8, 0x42, 0x88,
    0x0, 0x84, 0xe, 0xe1, 0x5b, 0x0, 0xfc, 0xea,
    0x11, 0x41, 0xee, 0x60, 0x2, 0x8b, 0xd, 0x5d,
    0x95, 0x30, 0x18, 0xd2, 0x0, 0x29, 0xdf, 0xfb,
    0x5a, 0x40, 0x26, 0x5d, 0x12, 0xd8, 0x40, 0x38,
    0x92, 0x1, 0x0, 0x5c, 0x8, 0x7, 0x16, 0xb0,
    0x7, 0x9c, 0x0,

    /* U+8702 "蜂" */
    0x0, 0xff, 0xe3, 0xf1, 0x80, 0x6c, 0xc0, 0x7,
    0xe3, 0x10, 0x9, 0x4c, 0x26, 0x62, 0x0, 0xfc,
    0x36, 0x15, 0x8a, 0x44, 0x0, 0x6f, 0x96, 0xfa,
    0x63, 0xba, 0x8c, 0x68, 0x2, 0x3b, 0x2d, 0x17,
    0x99, 0x51, 0x4a, 0x0, 0x63, 0x0, 0xcc, 0x79,
    0xad, 0x45, 0xda, 0xc0, 0x1f, 0x65, 0x76, 0x5d,
    0xb5, 0x50, 0x1, 0xc5, 0x62, 0xd3, 0x97, 0xe3,
    0x51, 0xa4, 0x6, 0x61, 0x10, 0x0, 0xff, 0xd8,
    0x3f, 0xe6, 0x0, 0x54, 0x1d, 0x49, 0x4, 0xf5,
    0x8f, 0x70, 0x2, 0x41, 0x0, 0x5a, 0xf, 0x4c,
    0x86, 0x64, 0x60, 0x28, 0xc7, 0x85, 0xef, 0x10,
    0xe1, 0x88, 0x50, 0x25, 0xc3, 0x6d, 0xa2, 0x3a,
    0x74, 0x66, 0x5c, 0x9, 0x3d, 0x6, 0x9e, 0x68,
    0x64, 0x6, 0x64, 0x1, 0x60, 0xc, 0x20, 0x10,
    0x80, 0x70,

    /* U+8707 "蜇" */
    0x0, 0x9f, 0x0, 0x38, 0x92, 0x20, 0x0, 0x33,
    0x78, 0x19, 0x83, 0xfb, 0x9e, 0x42, 0x3, 0x68,
    0x62, 0x96, 0x22, 0xad, 0xab, 0x82, 0x18, 0x63,
    0xf, 0x1, 0x15, 0x7f, 0x7f, 0xb9, 0x3f, 0xca,
    0x1b, 0x46, 0x1d, 0xc2, 0xbe, 0xc4, 0xde, 0xb6,
    0x52, 0xf6, 0x0, 0xf8, 0xae, 0xc, 0xd, 0xe0,
    0x0, 0x60, 0x1d, 0xdb, 0x0, 0x71, 0xa0, 0xd,
    0x40, 0xc, 0xbd, 0xff, 0x61, 0xff, 0xb3, 0x9c,
    0x3, 0x1d, 0xff, 0xac, 0x7f, 0xe4, 0x0, 0xe3,
    0x23, 0x31, 0x9, 0x9c, 0xe0, 0x1c, 0x77, 0xfe,
    0xb0, 0xff, 0x71, 0x8, 0x6, 0xcd, 0xcc, 0x48,
    0xe6, 0x14, 0x10, 0x0, 0x53, 0x17, 0x6c, 0xa1,
    0xdd, 0x21, 0xe2, 0x1, 0xe, 0x74, 0x77, 0xfb,
    0x75, 0x9a, 0xce,

    /* U+8713 "蜓" */
    0x0, 0xbc, 0x80, 0x2, 0x1, 0x8a, 0x48, 0x3,
    0x8c, 0x17, 0xbd, 0xa3, 0x34, 0x44, 0x1, 0xc6,
    0xb, 0xe6, 0x9d, 0x23, 0x6, 0x0, 0xef, 0xd,
    0xf2, 0x1, 0x26, 0x70, 0xf, 0x68, 0x70, 0x82,
    0x38, 0x7, 0xff, 0xa, 0x8, 0x91, 0xe3, 0xb0,
    0x1, 0xf9, 0x52, 0x65, 0xc3, 0x92, 0x1, 0x60,
    0x78, 0x84, 0xc8, 0x84, 0x40, 0x22, 0x0, 0xb4,
    0x30, 0x52, 0xb, 0x80, 0x3f, 0x8, 0x1f, 0xa2,
    0xe9, 0x0, 0x7d, 0xc4, 0x7, 0x84, 0xca, 0x9f,
    0xa3, 0xfa, 0x1, 0x8, 0x51, 0x36, 0x81, 0x77,
    0x6c, 0x3, 0xee, 0x2f, 0x3f, 0x5b, 0xed, 0xb2,
    0xa9, 0xc, 0xd7, 0xf4, 0xd0, 0x6d, 0x1f, 0x9b,
    0x35, 0x47, 0x5, 0x0, 0xd3, 0x40, 0x2d, 0x5b,
    0xde, 0x80,

    /* U+8717 "蜗" */
    0x0, 0xb8, 0xc0, 0x3f, 0xf8, 0xdd, 0xff, 0xc8,
    0x1, 0x84, 0x2, 0x3c, 0xff, 0x89, 0xc3, 0x34,
    0x7f, 0x6c, 0x0, 0xa6, 0x70, 0x38, 0x14, 0x8f,
    0xcb, 0x83, 0x57, 0x67, 0x8b, 0x81, 0x80, 0x7a,
    0xf3, 0x8b, 0x30, 0x60, 0x1f, 0x12, 0xa9, 0xd,
    0x56, 0x0, 0x8, 0x8, 0x81, 0x23, 0xec, 0x3f,
    0xa8, 0xe, 0xc7, 0xac, 0x41, 0x2a, 0x85, 0x52,
    0x20, 0x98, 0x3f, 0x92, 0x1, 0x68, 0xb0, 0x5,
    0x44, 0x0, 0x9c, 0x0, 0x2a, 0xb2, 0x18, 0x3,
    0xad, 0x98, 0x0, 0xe9, 0x1b, 0x70, 0x3b, 0xf0,
    0x38, 0xf, 0xb, 0x70, 0x51, 0x3, 0x2b, 0xea,
    0x5d, 0xf0, 0xc, 0x54, 0x0, 0x94, 0x0, 0x8c,
    0x3, 0x9d, 0xa4, 0x3, 0xe6, 0x90, 0x9, 0x79,
    0xc0,

    /* U+8718 "蜘" */
    0x0, 0xff, 0xe3, 0x78, 0x80, 0x29, 0xc0, 0x3f,
    0xf8, 0x2e, 0x40, 0x1f, 0xfc, 0x12, 0x62, 0x25,
    0x5d, 0xa8, 0x3f, 0x83, 0xfc, 0xe1, 0x9b, 0x9,
    0xbc, 0xa0, 0xc, 0xf, 0xb, 0x92, 0xca, 0x5,
    0x70, 0xf, 0xa1, 0x8c, 0x40, 0xc0, 0x3f, 0xc6,
    0x2c, 0x40, 0x1e, 0xd0, 0xe0, 0xfd, 0xa, 0x90,
    0xe, 0x3e, 0xe, 0x5a, 0xc0, 0xeb, 0x0, 0xec,
    0x10, 0x1, 0x8b, 0x1, 0x0, 0x7f, 0x1b, 0x9e,
    0x97, 0x80, 0x71, 0x3d, 0x7, 0x9d, 0xbf, 0x84,
    0x6, 0x68, 0x35, 0x6e, 0xd8, 0x68, 0x5d, 0x27,
    0x9a, 0x9, 0xae, 0x41, 0xb, 0x60, 0x63, 0x24,
    0x4a, 0x0, 0xeb, 0xd1, 0x0, 0x9c, 0x41, 0x40,

    /* U+871C "蜜" */
    0x0, 0xff, 0xe4, 0x55, 0x80, 0x78, 0xaa, 0xb9,
    0x92, 0xab, 0x9c, 0x52, 0x66, 0xcb, 0xc9, 0x29,
    0x91, 0x60, 0xb1, 0x9e, 0x87, 0x47, 0x63, 0xbd,
    0x28, 0xd1, 0xb6, 0x8f, 0x9c, 0x5c, 0x66, 0x2,
    0x80, 0xad, 0x4b, 0xf9, 0x4d, 0xd2, 0x2, 0xf3,
    0xb, 0x4e, 0xa, 0x3b, 0xb1, 0x16, 0xb6, 0x98,
    0xef, 0x31, 0xd4, 0x6, 0x2, 0x59, 0x89, 0xce,
    0x2c, 0xb4, 0x0, 0x92, 0x2f, 0x73, 0x1c, 0x39,
    0x97, 0x98, 0x6, 0xbc, 0xc6, 0x86, 0x64, 0x20,
    0x1d, 0x1b, 0xac, 0xd, 0xd8, 0xc0, 0x36, 0xee,
    0xc0, 0xdd, 0x20, 0x90, 0x2, 0x36, 0xa9, 0x7a,
    0x1d, 0xc4, 0x1f, 0x30, 0xe0, 0xec, 0xfe, 0xed,
    0xba, 0xa3,

    /* U+8721 "蜡" */
    0x0, 0xbc, 0xc0, 0x22, 0xf2, 0x27, 0x88, 0x7,
    0x8, 0x6, 0x30, 0x33, 0x0, 0x7f, 0xd1, 0x81,
    0x98, 0xc, 0xc0, 0x3, 0xbc, 0x73, 0xd2, 0x78,
    0x3b, 0x81, 0xdc, 0x0, 0xb0, 0x70, 0x40, 0x48,
    0x8, 0x80, 0x44, 0x0, 0x18, 0x6, 0x1d, 0xc0,
    0xcc, 0x6, 0x6a, 0x80, 0x78, 0x7b, 0xf7, 0xfd,
    0xbf, 0xe4, 0x0, 0x58, 0xd8, 0x39, 0x80, 0x78,
    0x84, 0xc, 0x80, 0x85, 0xcb, 0x7f, 0xf6, 0x88,
    0x3, 0x68, 0x66, 0x98, 0xc3, 0x77, 0x0, 0x63,
    0x0, 0xa5, 0x40, 0x1f, 0xf8, 0x3, 0xe9, 0x1a,
    0x0, 0x7f, 0xe0, 0x8, 0xf3, 0xc4, 0x10, 0x88,
    0x2, 0x31, 0x0, 0x46, 0xd5, 0xf5, 0xe, 0x0,
    0xcc, 0xbc, 0x3, 0x52, 0x80, 0x6, 0x4, 0x37,
    0x70, 0x4,

    /* U+873B "蜻" */
    0x0, 0xff, 0xe3, 0xf1, 0x80, 0x77, 0x20, 0x7,
    0xc6, 0x1, 0x55, 0xd8, 0x62, 0xec, 0xc0, 0x4,
    0x53, 0x45, 0x19, 0x88, 0xd, 0x47, 0xa0, 0x2,
    0xb8, 0x76, 0x88, 0x9b, 0xc3, 0x1d, 0x40, 0x11,
    0xf9, 0x48, 0x80, 0xe7, 0x8d, 0xfe, 0x10, 0x7,
    0xc9, 0x73, 0x21, 0x99, 0xb0, 0x3, 0xe3, 0xff,
    0xae, 0x3f, 0xd0, 0x1, 0x59, 0x60, 0xbb, 0x4c,
    0xf9, 0x80, 0x7, 0x65, 0x84, 0x0, 0x2f, 0xfc,
    0x40, 0x16, 0xa8, 0x2, 0x4c, 0xc1, 0x77, 0x80,
    0x31, 0x88, 0x3, 0xd8, 0x1, 0x99, 0x80, 0x21,
    0x68, 0x2d, 0x4b, 0x0, 0x44, 0x60, 0x8, 0xa5,
    0x5e, 0xb4, 0x4c, 0x3f, 0xf0, 0x4, 0x7b, 0xa8,
    0x42, 0xc0, 0x1, 0x10, 0xe0, 0x3, 0x10, 0x7,
    0xf0, 0x89, 0x88, 0x0,

    /* U+8774 "蝴" */
    0x0, 0xfc, 0x20, 0x1f, 0xc3, 0xe0, 0x1b, 0x84,
    0x3, 0xff, 0x86, 0x21, 0xdf, 0xf0, 0x0, 0x88,
    0x4, 0x40, 0xf, 0x66, 0x80, 0x5b, 0x21, 0x3a,
    0xb8, 0x18, 0xe0, 0x1f, 0x58, 0x48, 0xae, 0x6,
    0x38, 0x6e, 0x0, 0x7f, 0xf0, 0xb7, 0x0, 0x3f,
    0x16, 0x6, 0x18, 0x7, 0xdc, 0x1a, 0x23, 0x58,
    0xb8, 0x7, 0xdc, 0x1c, 0x60, 0x4, 0x0, 0xb3,
    0x40, 0x2a, 0x0, 0xa0, 0x0, 0x40, 0x1, 0xdd,
    0x0, 0x4a, 0x20, 0x54, 0x5, 0x24, 0x62, 0x40,
    0x10, 0xa3, 0x87, 0x8a, 0x95, 0xef, 0xa8, 0x6,
    0x5a, 0xea, 0xe6, 0x2d, 0x2, 0x6d, 0x0, 0xc9,
    0xd2, 0xa5, 0x28, 0x0, 0xb3, 0x64, 0xd3, 0x0,
    0xff, 0x47, 0x82, 0x5e, 0x0,

    /* U+8776 "蝶" */
    0x0, 0xbc, 0x40, 0x30, 0xf8, 0x25, 0x80, 0x78,
    0x40, 0x9, 0x82, 0x0, 0x77, 0x0, 0x7e, 0x78,
    0x2b, 0xb, 0xf2, 0xb3, 0xf, 0xf0, 0x7f, 0x9a,
    0x4a, 0x82, 0xa0, 0xa8, 0xc0, 0x74, 0x34, 0x4,
    0x4e, 0x0, 0x53, 0x1, 0x0, 0xff, 0xc, 0x18,
    0x50, 0x7, 0xf9, 0x6f, 0x32, 0xd6, 0x0, 0xa4,
    0x24, 0x0, 0xbb, 0x0, 0x51, 0x4, 0x0, 0xe,
    0x86, 0x80, 0x4, 0xcc, 0x5c, 0x66, 0x20, 0x4,
    0x38, 0x35, 0xf, 0xfc, 0xd1, 0xff, 0x10, 0x38,
    0x80, 0x2d, 0x3f, 0xc2, 0x60, 0xff, 0xe2, 0x1,
    0x40, 0xb1, 0xf0, 0x75, 0x53, 0xb9, 0x0, 0xf,
    0xd6, 0xbc, 0xe8, 0x88, 0x80, 0x7c, 0xdb, 0x83,
    0x57, 0xd2, 0xc4, 0x2d, 0xcc, 0xc0, 0xd1, 0x22,
    0x25, 0x0, 0xcc, 0xf0, 0x1, 0x9f, 0x84,

    /* U+8783 "螃" */
    0x0, 0xff, 0x8, 0x7, 0xee, 0x40, 0xc, 0x3c,
    0x80, 0x1f, 0x9c, 0x6, 0x1d, 0x83, 0xdd, 0xe0,
    0xe, 0x70, 0x32, 0xee, 0x30, 0xf7, 0x34, 0x43,
    0xbc, 0x6f, 0xc2, 0xad, 0x67, 0xd6, 0x68, 0x40,
    0xf0, 0x70, 0x40, 0xc5, 0xd3, 0xd8, 0xcc, 0x1,
    0xfb, 0x20, 0x3c, 0x45, 0xf8, 0x1, 0xfd, 0x76,
    0xee, 0x5e, 0x98, 0x0, 0xe4, 0x64, 0x43, 0x80,
    0x19, 0xc0, 0x38, 0x1, 0x68, 0xe9, 0x7, 0x73,
    0xdd, 0x7b, 0xa6, 0xc, 0x70, 0x4c, 0x2f, 0xe0,
    0xce, 0xec, 0xc0, 0x40, 0x16, 0xa8, 0x10, 0x6f,
    0xfb, 0x80, 0x21, 0x30, 0x91, 0xf0, 0xa6, 0xff,
    0x68, 0x4, 0x9d, 0xa9, 0xb6, 0x66, 0x7b, 0x0,
    0x31, 0x0, 0x13, 0x7a, 0x9d, 0xb7, 0x28, 0x81,
    0xe1, 0x80, 0x22, 0x0, 0xe9, 0x50, 0x9, 0x2c,
    0x0,

    /* U+87F9 "蟹" */
    0x0, 0xad, 0x80, 0x3f, 0xf8, 0x32, 0xb7, 0xbc,
    0x0, 0xce, 0xe6, 0xec, 0x0, 0x85, 0xed, 0x6b,
    0x0, 0x62, 0xde, 0xdb, 0x1, 0xa9, 0xe6, 0xac,
    0xf9, 0x43, 0x2c, 0xcb, 0x40, 0xf4, 0x2d, 0x4e,
    0x80, 0xf2, 0xc4, 0x35, 0x80, 0x30, 0x80, 0xc,
    0x1, 0x17, 0xad, 0xd8, 0x0, 0x20, 0xd4, 0x3e,
    0x0, 0x26, 0x78, 0xee, 0x80, 0x14, 0x93, 0x22,
    0xc0, 0x14, 0xdf, 0x1d, 0xd1, 0x83, 0x79, 0x24,
    0x82, 0x96, 0x63, 0x87, 0x30, 0x61, 0xcd, 0x13,
    0xbe, 0x9d, 0x10, 0xa7, 0x30, 0xc, 0xcf, 0x77,
    0x12, 0x5d, 0xca, 0xe0, 0x19, 0xc3, 0xfe, 0x35,
    0xff, 0x8c, 0x40, 0x39, 0x33, 0x24, 0xbc, 0xc2,
    0xac, 0x1, 0x57, 0xbe, 0x64, 0xb7, 0x71, 0x3e,
    0x90, 0x3, 0xa3, 0xfb, 0x73, 0xb6, 0xee, 0xda,
    0x30,

    /* U+8822 "蠢" */
    0x0, 0xff, 0xe3, 0x8, 0x6, 0xd4, 0x0, 0xc2,
    0x1, 0xb6, 0xee, 0xc2, 0xfb, 0xbd, 0xa6, 0x1,
    0x68, 0x91, 0x0, 0x48, 0xa1, 0xe, 0x30, 0x8,
    0x66, 0xe8, 0xaa, 0xee, 0x88, 0x10, 0x5, 0x39,
    0xfd, 0x85, 0x1d, 0xcd, 0xff, 0x65, 0x80, 0x27,
    0x24, 0x44, 0xab, 0x8c, 0xd3, 0x96, 0x5, 0x5d,
    0xe8, 0x60, 0x19, 0xd7, 0x7a, 0x8c, 0xb7, 0x2b,
    0x9f, 0x77, 0x18, 0x47, 0xe9, 0x3, 0x90, 0x71,
    0xe6, 0x60, 0x11, 0x9c, 0x41, 0x2e, 0xce, 0xa7,
    0xf8, 0x66, 0x5a, 0xb6, 0x0, 0x8, 0xac, 0xbf,
    0xda, 0x47, 0x61, 0x5d, 0xe0, 0x12, 0x59, 0x7c,
    0x8, 0x2d, 0x5, 0xf0, 0x80, 0x13, 0x6c, 0xbd,
    0x35, 0xfe, 0x82, 0x34, 0x2, 0xb8, 0xc0, 0x81,
    0xbb, 0x76, 0x94, 0xfb, 0x8, 0x4d, 0x66, 0x2e,
    0x7a, 0xf7, 0x6b, 0x9c, 0x10,

    /* U+8840 "血" */
    0x0, 0xf3, 0x90, 0x7, 0xff, 0x4, 0x61, 0xc0,
    0x3f, 0xe1, 0x12, 0x82, 0x8, 0xf0, 0x7, 0x6f,
    0x72, 0xc3, 0xbb, 0xc8, 0x1, 0x86, 0x7f, 0x7,
    0xf0, 0x7f, 0xc0, 0xe0, 0x1f, 0xff, 0xf0, 0xf,
    0xfe, 0xd9, 0x18, 0xf1, 0xa8, 0x9a, 0x89, 0x98,
    0x15, 0x2, 0xb4, 0x17, 0xac, 0xba, 0xcb, 0xb8,
    0x57, 0x46,

    /* U+884C "行" */
    0x0, 0xff, 0xe3, 0xcd, 0x80, 0x7f, 0xf0, 0x4d,
    0xa0, 0x1, 0xbf, 0xfe, 0x20, 0x1, 0x6c, 0x18,
    0x3, 0x3b, 0xbc, 0x40, 0xf, 0x57, 0x30, 0x0,
    0x8f, 0xc0, 0x15, 0xd8, 0xf1, 0x40, 0x3f, 0xe6,
    0xe, 0x55, 0x4f, 0xff, 0xe7, 0x0, 0x41, 0x40,
    0x5e, 0x6e, 0xb0, 0x2b, 0x71, 0x81, 0x5c, 0x2,
    0x23, 0x22, 0x18, 0x31, 0x18, 0x95, 0x38, 0x7,
    0xff, 0x4, 0xa6, 0x40, 0x1f, 0xfc, 0x26, 0x0,
    0xff, 0xf5, 0xbc, 0x80, 0x7f, 0xf0, 0xd1, 0x8c,
    0x2,

    /* U+8857 "街" */
    0x0, 0x84, 0x3, 0xff, 0x87, 0x90, 0x0, 0xc6,
    0x0, 0x22, 0xa2, 0x80, 0xb, 0x52, 0x21, 0x87,
    0x78, 0x40, 0x1, 0x1, 0xf, 0x79, 0xb, 0x82,
    0x58, 0x24, 0x55, 0x84, 0x32, 0x9e, 0xcd, 0x7,
    0x50, 0x3, 0xe1, 0x9, 0xcb, 0xb1, 0xc6, 0x27,
    0x73, 0x7a, 0x0, 0xe, 0x2f, 0x9d, 0x73, 0x4f,
    0x56, 0x5b, 0x40, 0x70, 0x20, 0xeb, 0xe2, 0xc6,
    0x8c, 0x26, 0x43, 0xa8, 0x0, 0x44, 0x36, 0xa0,
    0x80, 0x70, 0xcc, 0x0, 0x3e, 0x9, 0x65, 0x40,
    0x3c, 0xe0, 0x15, 0xe1, 0xc6, 0xa0, 0x7, 0xff,
    0x4, 0xc8, 0xc0, 0x3f, 0x8a, 0x28, 0xe7, 0x6c,
    0x3, 0xf0, 0x9b, 0x4, 0xe7, 0xc3, 0x50, 0x7,
    0x38, 0xf, 0x53, 0x18, 0x3, 0x9e, 0x0, 0x32,
    0x78, 0x7, 0xd1, 0xcc, 0x0,

    /* U+8863 "衣" */
    0x0, 0xff, 0xe5, 0x17, 0x28, 0x7, 0xff, 0x4,
    0x8f, 0x80, 0x3f, 0x77, 0xff, 0x12, 0x7f, 0xf4,
    0x80, 0x33, 0x7b, 0xa2, 0x7e, 0xee, 0xd8, 0x0,
    0x11, 0x4, 0x4a, 0x56, 0x42, 0x31, 0x10, 0x40,
    0x3d, 0xe, 0xbe, 0x0, 0x1d, 0x80, 0xf, 0x41,
    0xc3, 0x19, 0x87, 0x12, 0x0, 0x39, 0x9c, 0x2,
    0x7e, 0xc4, 0xa0, 0xe, 0x89, 0x70, 0xa, 0x4d,
    0xa4, 0x3, 0xe, 0x35, 0xd8, 0x2, 0x1b, 0x43,
    0x0, 0xc3, 0x5e, 0x80, 0x10, 0xa2, 0xb6, 0x98,
    0x6, 0x61, 0x0, 0x93, 0xf8, 0x25, 0x32, 0x0,
    0x3c, 0xc1, 0x6f, 0x40, 0xa, 0x97, 0xc0, 0xf,
    0xd, 0xc8, 0x6, 0x6d, 0xe0, 0xe, 0x5f, 0x40,
    0xf, 0x11, 0x0,

    /* U+8865 "补" */
    0x0, 0x85, 0x80, 0x31, 0x28, 0x7, 0xe2, 0x94,
    0x0, 0x92, 0x80, 0x3f, 0x1b, 0x60, 0x4, 0x62,
    0x1, 0xe2, 0x33, 0x55, 0x90, 0x7, 0xfa, 0xb7,
    0xb9, 0x88, 0x1, 0x85, 0x80, 0x34, 0x76, 0xd1,
    0x30, 0x6, 0x29, 0x50, 0xe, 0x28, 0xe0, 0x90,
    0x8, 0xde, 0xc4, 0x2, 0x1f, 0x0, 0x61, 0x10,
    0x2, 0x80, 0xa0, 0x0, 0xe0, 0x3, 0x2, 0xc8,
    0x3, 0x42, 0x20, 0x7c, 0x78, 0x6c, 0xe8, 0x3,
    0x9a, 0x90, 0x5b, 0x40, 0x9, 0x80, 0x1f, 0x28,
    0x2, 0x4, 0x2, 0x3a, 0x0, 0xff, 0xeb, 0x8,
    0x7, 0xe7, 0x10, 0xc, 0x60, 0x1e,

    /* U+8868 "表" */
    0x0, 0xfb, 0x9c, 0x3, 0xf8, 0x44, 0x1, 0x84,
    0x3, 0x8, 0x4, 0x5d, 0xcf, 0xf8, 0x67, 0xff,
    0x70, 0x80, 0xb, 0xff, 0x8a, 0x7f, 0xf8, 0x40,
    0x26, 0xff, 0xc5, 0x3f, 0xf9, 0x80, 0x33, 0x7f,
    0xe2, 0x9f, 0xfc, 0xc0, 0x5, 0xdd, 0xf1, 0x46,
    0xef, 0x81, 0x3b, 0xfe, 0xb2, 0xa9, 0xff, 0xbb,
    0xa0, 0x13, 0x22, 0x3c, 0xc2, 0x41, 0x90, 0xeb,
    0x98, 0x4, 0x33, 0x40, 0x62, 0xb4, 0x7a, 0xe8,
    0x1, 0x3f, 0xa6, 0x8, 0x2, 0x17, 0x26, 0x40,
    0x1b, 0x27, 0x4c, 0x0, 0xfd, 0xa1, 0xa6, 0x1,
    0xad, 0xc0, 0x3, 0x53, 0x47, 0xad, 0x9d, 0x40,
    0x1c, 0x20, 0xfc, 0xc0, 0x59, 0x87, 0xd0, 0xe,
    0x1e, 0x90, 0xe, 0x39, 0x70,

    /* U+886B "衫" */
    0x0, 0xd4, 0x40, 0x1e, 0x12, 0x0, 0xf0, 0xc0,
    0x7, 0xaf, 0x4, 0x3, 0xbc, 0x40, 0x3a, 0x53,
    0x44, 0x0, 0x68, 0x80, 0xf3, 0x0, 0xa9, 0xf0,
    0xc0, 0x2b, 0xff, 0xad, 0x0, 0xf1, 0xf0, 0x80,
    0x34, 0x5d, 0xb0, 0x5c, 0x9, 0x70, 0x83, 0x1c,
    0x3, 0x1c, 0x5a, 0xd0, 0xc8, 0x85, 0x19, 0x80,
    0x22, 0xd0, 0xeb, 0xe0, 0xa, 0x93, 0x50, 0x0,
    0x58, 0x62, 0xea, 0x80, 0x7a, 0xfe, 0x40, 0x1,
    0xc2, 0x80, 0xe5, 0x74, 0xc4, 0xd1, 0x12, 0x80,
    0xc6, 0x88, 0x15, 0x32, 0x6c, 0x80, 0x2e, 0x8c,
    0x18, 0x40, 0x24, 0x10, 0x20, 0x1b, 0x4c, 0x30,
    0xf, 0xf2, 0x63, 0xf9, 0x80, 0x7e, 0x27, 0xcb,
    0x5c, 0x10, 0xe, 0x11, 0x0, 0x2e, 0x57, 0x60,
    0x3, 0xe5, 0xf0, 0x4, 0xf4, 0x90, 0x7, 0x0,

    /* U+886C "衬" */
    0x0, 0xff, 0xe3, 0xa6, 0x0, 0x7d, 0xe8, 0x1,
    0xc8, 0x4c, 0x1, 0xe1, 0x0, 0xfa, 0x40, 0x3f,
    0xf8, 0xa, 0xee, 0x1, 0x42, 0x33, 0xc2, 0x46,
    0x20, 0x5b, 0xd7, 0xc, 0xbb, 0xdd, 0x4, 0x73,
    0x83, 0xd4, 0x8b, 0x93, 0xf6, 0xec, 0x35, 0xac,
    0x1, 0x51, 0x43, 0xb3, 0x14, 0x3, 0xf4, 0xa8,
    0x54, 0x90, 0x58, 0x7, 0xd6, 0xf4, 0xc, 0x48,
    0xc7, 0x0, 0x1e, 0xdf, 0x61, 0xc0, 0x60, 0xb4,
    0x0, 0xf3, 0x8, 0x5, 0x8c, 0xd, 0x80, 0x1f,
    0xfc, 0xd1, 0x0, 0xe1, 0x31, 0x70, 0xe, 0x70,
    0xf, 0x36, 0x11, 0x80, 0x72, 0x78, 0x7, 0x3e,
    0xe8, 0x2,

    /* U+888B "袋" */
    0x0, 0xd2, 0x40, 0x52, 0x3, 0x66, 0x1, 0xcc,
    0xc0, 0x1, 0xb1, 0x8, 0x50, 0x6, 0x29, 0x62,
    0x1, 0x3a, 0x52, 0x5f, 0x40, 0x2c, 0x0, 0x2c,
    0xe1, 0xbf, 0x73, 0xfc, 0x81, 0xe, 0xc0, 0x1,
    0x8e, 0x23, 0x73, 0x0, 0xaa, 0x40, 0xb, 0x0,
    0x32, 0xea, 0x1a, 0xa0, 0x11, 0x98, 0x6, 0xdd,
    0x26, 0xb0, 0x84, 0xc, 0xbb, 0x82, 0x12, 0x62,
    0xf6, 0xcd, 0x6, 0xe5, 0x53, 0xb9, 0x15, 0xfe,
    0xa4, 0x7c, 0xe, 0xeb, 0xc5, 0x39, 0x7f, 0xbe,
    0x3b, 0x80, 0x11, 0xf8, 0xc8, 0x15, 0x5, 0x58,
    0x80, 0x12, 0xb1, 0x80, 0x29, 0x7e, 0xd, 0x10,
    0x7, 0x86, 0xc8, 0x3d, 0x3e, 0x92, 0x41, 0x80,
    0x2e, 0x89, 0x42, 0x8d, 0x47, 0x25, 0x72, 0x80,
    0x33, 0x3f, 0x49, 0x0, 0x1b, 0x72, 0x0,

    /* U+889C "袜" */
    0x0, 0xff, 0xe3, 0xd3, 0x0, 0x63, 0xf0, 0xf,
    0xd9, 0x22, 0x1, 0x8, 0x7, 0xf3, 0x29, 0x89,
    0x11, 0x80, 0x88, 0x64, 0x0, 0x34, 0x47, 0x33,
    0xee, 0xac, 0x37, 0x59, 0x20, 0xa, 0xff, 0x57,
    0xb7, 0xfb, 0x43, 0xfe, 0xb0, 0x4, 0xdc, 0x84,
    0x80, 0x7f, 0xf0, 0x7a, 0x5d, 0x3f, 0xda, 0x1f,
    0xf1, 0x0, 0x52, 0x79, 0x61, 0xbc, 0x40, 0xdd,
    0xa4, 0x0, 0x95, 0x15, 0x34, 0x25, 0x20, 0x71,
    0x20, 0x2, 0x3e, 0x9d, 0x8c, 0x4, 0xa8, 0x13,
    0x80, 0x49, 0xe2, 0x3, 0xb1, 0x3, 0x90, 0x88,
    0x18, 0x4, 0x20, 0x10, 0xa3, 0xd0, 0x82, 0x2e,
    0x98, 0x7, 0x96, 0xdd, 0x0, 0x2a, 0x2e, 0x0,
    0xf3, 0x32, 0x0, 0x40, 0x2c, 0xf0, 0xc, 0x60,
    0x72, 0x1, 0xf1, 0x0,

    /* U+88C5 "装" */
    0x0, 0xc8, 0xa0, 0x16, 0xa8, 0x6, 0x51, 0xc,
    0xc0, 0x7, 0xf7, 0x61, 0x78, 0x47, 0x69, 0x5e,
    0xe9, 0x82, 0xd4, 0xc0, 0x13, 0xf8, 0x57, 0x98,
    0x60, 0x4, 0xcc, 0x2, 0x30, 0x0, 0x44, 0x7,
    0x5e, 0xe, 0x0, 0xef, 0x2a, 0xfd, 0x1, 0x2f,
    0x81, 0x7, 0xcf, 0xfd, 0xa0, 0x50, 0x21, 0x13,
    0xf0, 0x1, 0xe6, 0xff, 0xe7, 0x5f, 0xfe, 0xe6,
    0xff, 0xb8, 0xd4, 0x7b, 0xfd, 0x7f, 0xc0, 0x12,
    0xfa, 0x54, 0xe8, 0x35, 0xa8, 0xb, 0x6f, 0x6,
    0x3, 0xb7, 0x56, 0xa8, 0x25, 0x4d, 0x9f, 0x71,
    0x69, 0x5, 0x4c, 0x57, 0x10, 0x48, 0x75, 0x42,
    0xa7, 0x72, 0x0, 0x21, 0xeb, 0x30, 0x9, 0x2b,
    0xe4,

    /* U+88D9 "裙" */
    0x0, 0xff, 0xe3, 0xbd, 0x80, 0x7f, 0xf0, 0x99,
    0x1c, 0x23, 0xff, 0xb8, 0x3, 0x86, 0x44, 0x23,
    0xc6, 0xff, 0x0, 0x33, 0x3b, 0x84, 0x40, 0x44,
    0x1, 0x26, 0x2, 0x0, 0xbc, 0x23, 0x87, 0xa4,
    0x66, 0x61, 0xe2, 0x6, 0x81, 0x29, 0x1c, 0xb0,
    0xdb, 0xf1, 0xc2, 0x0, 0x14, 0x41, 0x6d, 0xf0,
    0x2a, 0xfc, 0x40, 0x21, 0xf1, 0xab, 0xf6, 0x54,
    0x99, 0x76, 0x80, 0x7, 0x14, 0x94, 0x40, 0x5f,
    0x88, 0xb0, 0x0, 0xda, 0x3, 0x9f, 0x1c, 0x6b,
    0xff, 0x18, 0x15, 0x80, 0x51, 0x70, 0x17, 0xff,
    0x0, 0x80, 0x78, 0x76, 0x8, 0x3, 0xff, 0x80,
    0x38, 0xe1, 0x5b, 0xb0, 0x7, 0xf1, 0x1, 0xde,
    0x64, 0x2, 0x1, 0x8c, 0x40, 0x30, 0x8e, 0xf3,
    0x0, 0xdc, 0xa0, 0x17, 0x20, 0x7, 0x80,

    /* U+88E4 "裤" */
    0x0, 0xff, 0xe3, 0x24, 0x80, 0x71, 0xe8, 0x7,
    0xca, 0xec, 0x1, 0x88, 0xd4, 0x4, 0x60, 0x0,
    0xd2, 0x2, 0xff, 0x78, 0x5f, 0x7f, 0x9c, 0x33,
    0xab, 0x20, 0x4b, 0xb8, 0xd5, 0xdd, 0x30, 0x6f,
    0xd8, 0xc8, 0x0, 0x41, 0x80, 0x21, 0x0, 0x8,
    0xa2, 0x44, 0x1, 0xfc, 0x35, 0xdc, 0xf0, 0xa,
    0x49, 0xac, 0xc3, 0x9e, 0x1b, 0xfb, 0x80, 0x8,
    0x70, 0xc2, 0x20, 0x92, 0x3b, 0x8c, 0x2, 0x14,
    0xa0, 0x12, 0x37, 0x92, 0xe0, 0xdf, 0xc0, 0x1c,
    0x70, 0xc1, 0x1a, 0xbf, 0x87, 0x7f, 0x0, 0x38,
    0x6b, 0x8, 0x3, 0xc2, 0x1, 0xf2, 0x97, 0xf7,
    0x7, 0x3b, 0xe0, 0x3, 0x94, 0x6f, 0xba, 0x1c,
    0xee, 0x40, 0x7, 0x42, 0x88, 0x4, 0x20, 0x1f,
    0x8, 0x54, 0x0, 0x7f, 0x0,

    /* U+897F "西" */
    0xaf, 0xff, 0xfe, 0x9, 0xd7, 0xfe, 0x2c, 0xf2,
    0xcf, 0xfc, 0x60, 0x1f, 0xfc, 0x52, 0x28, 0x18,
    0x8d, 0x88, 0xa0, 0x9, 0x77, 0xfc, 0x57, 0xe3,
    0x7f, 0xed, 0x0, 0x84, 0xb7, 0x43, 0x9a, 0x5b,
    0xaf, 0x10, 0xf, 0x8, 0x88, 0x3, 0xff, 0x80,
    0xc8, 0x1, 0xff, 0xc0, 0x28, 0xf0, 0x0, 0xee,
    0xa8, 0x3, 0xc8, 0xe8, 0x0, 0xe8, 0xbc, 0x0,
    0xf3, 0x40, 0x4, 0x4c, 0xd0, 0x7, 0x17, 0xff,
    0xed, 0x0, 0xc2, 0x5f, 0xff, 0xb4, 0x40, 0x25,
    0xd0, 0xf, 0xc5, 0xe0, 0x0,

    /* U+8981 "要" */
    0x0, 0xff, 0xe2, 0xff, 0xff, 0xf0, 0x74, 0x1,
    0xff, 0xa8, 0x7f, 0xc3, 0x7f, 0xf6, 0x80, 0x57,
    0xfe, 0xa1, 0xff, 0xd, 0xff, 0xac, 0x3, 0x9f,
    0xe8, 0x7f, 0xc3, 0x7e, 0xe0, 0x1f, 0xfc, 0xa7,
    0xfa, 0x1f, 0xf0, 0xdf, 0xb8, 0x7, 0x5f, 0xfc,
    0xe9, 0xff, 0xd6, 0x0, 0xad, 0xde, 0x75, 0xdd,
    0xf7, 0x14, 0x7f, 0xd0, 0x53, 0x9f, 0x5, 0x3f,
    0xed, 0x22, 0xc1, 0x62, 0x20, 0x3b, 0x84, 0x22,
    0x18, 0x6, 0x2d, 0x8d, 0xce, 0x3, 0x0, 0xfe,
    0x13, 0x10, 0x86, 0x9f, 0xb6, 0x10, 0x5, 0x7f,
    0xb7, 0xb7, 0x9e, 0x37, 0x47, 0x10, 0x0, 0x45,
    0xef, 0xdb, 0x0, 0x62, 0x8e, 0x90,

    /* U+89C1 "见" */
    0x0, 0xb7, 0xff, 0xf7, 0x0, 0x7d, 0x5f, 0xfe,
    0xb0, 0xf, 0xfa, 0xc, 0x3, 0xff, 0x84, 0xac,
    0x1, 0xff, 0xc3, 0x60, 0xf, 0xfe, 0x11, 0x90,
    0x7, 0xff, 0x8, 0x44, 0x1, 0xfe, 0x30, 0x1,
    0x12, 0x90, 0x0, 0x20, 0x1f, 0xc8, 0xe8, 0x20,
    0xca, 0x1, 0xee, 0x50, 0xbe, 0x30, 0x1, 0x50,
    0x7, 0xe9, 0x64, 0x0, 0xf1, 0x80, 0x61, 0xa7,
    0xa0, 0xf, 0x16, 0x18, 0x24, 0xf0, 0xf8, 0x80,
    0x34, 0x2, 0xa1, 0x31, 0x94, 0xbb, 0x8, 0x2,
    0xdf, 0xfe, 0x6b, 0x1, 0xcd, 0x40, 0xc, 0xdf,
    0xfb, 0x94, 0x0,

    /* U+89C2 "观" */
    0xf, 0xfe, 0x3d, 0xff, 0xf0, 0x5, 0xdc, 0xfd,
    0x2, 0x19, 0xff, 0xb0, 0x3, 0x8, 0x81, 0x84,
    0x40, 0x3, 0xb0, 0xf, 0x25, 0x1, 0xa8, 0x4,
    0xe8, 0x1, 0xe6, 0x48, 0xcc, 0x0, 0x61, 0x0,
    0xf1, 0x53, 0xa2, 0x0, 0x21, 0x20, 0xf, 0x91,
    0x40, 0x80, 0x22, 0x70, 0xf, 0x85, 0x2, 0x0,
    0x2d, 0x66, 0x0, 0x7a, 0xca, 0x98, 0x54, 0x14,
    0xe8, 0x50, 0x2, 0x85, 0xe5, 0x38, 0x9f, 0x6,
    0x72, 0xb0, 0x3, 0x3d, 0x90, 0x7c, 0x3b, 0x47,
    0x0, 0x5, 0x41, 0xb1, 0x0, 0x2a, 0x87, 0x70,
    0x31, 0x3d, 0x8, 0x18, 0x0, 0x75, 0xae, 0x1,
    0xf, 0x65, 0x84, 0x3, 0xe, 0x6a, 0x0, 0xb,
    0xbf, 0xd2, 0x0,

    /* U+89C6 "视" */
    0x0, 0x1c, 0x0, 0x7f, 0xf0, 0xdd, 0x40, 0x1f,
    0xff, 0x0, 0x63, 0x96, 0x0, 0xb3, 0xfe, 0xc1,
    0x0, 0x17, 0xfa, 0x72, 0x0, 0x24, 0xf2, 0x0,
    0xc5, 0xdf, 0xa1, 0x60, 0x1c, 0x40, 0x1c, 0x21,
    0x46, 0x60, 0xc, 0x20, 0x1f, 0xb, 0xc8, 0x6,
    0x12, 0x0, 0xfb, 0x42, 0x64, 0x1, 0x13, 0x80,
    0x4, 0x2, 0x90, 0x4, 0xb1, 0x0, 0x31, 0xd4,
    0x3, 0x23, 0xe8, 0x3c, 0x96, 0x8a, 0xf, 0x1f,
    0x0, 0x13, 0xc4, 0x0, 0xc0, 0x56, 0x2a, 0x0,
    0x10, 0x8, 0x40, 0x39, 0x1a, 0x0, 0x33, 0x98,
    0x7, 0x92, 0xcd, 0xbd, 0x84, 0x52, 0xa0, 0x1c,
    0xf6, 0x5a, 0x6, 0x5d, 0xc3, 0x60, 0xe, 0x53,
    0xc1, 0x4, 0xff, 0xb4, 0x3, 0x79, 0x13, 0x4,
    0x3, 0xf0,

    /* U+89C8 "览" */
    0x0, 0xfe, 0x10, 0xf, 0xfb, 0x94, 0x13, 0x8c,
    0x3, 0xef, 0x40, 0x0, 0x86, 0x11, 0x80, 0x42,
    0x1, 0x9c, 0x3, 0x29, 0x7f, 0xee, 0x0, 0xfc,
    0x66, 0xfc, 0xdf, 0xf8, 0x3, 0xf4, 0x30, 0x5e,
    0x20, 0x7, 0x9c, 0x11, 0xe2, 0x42, 0x2a, 0x48,
    0x3, 0x73, 0x9c, 0x80, 0x8, 0xcc, 0xf8, 0x40,
    0x18, 0x63, 0x7f, 0xfd, 0x8a, 0x1, 0xf3, 0x66,
    0xfe, 0x64, 0x2e, 0x1, 0xfc, 0x9e, 0x20, 0x1f,
    0xfc, 0x19, 0x97, 0xa8, 0x7, 0xf1, 0x73, 0x8a,
    0x98, 0x84, 0x88, 0x10, 0x6, 0xdd, 0x56, 0x0,
    0x8, 0x1c, 0x8f, 0x50, 0x33, 0xe8, 0xf4, 0x41,
    0x67, 0xfe, 0xc5, 0x40, 0xfc, 0xe8, 0x0, 0xa3,
    0xff, 0xa8, 0x0,

    /* U+89C9 "觉" */
    0x0, 0xf1, 0xa0, 0x4, 0xa2, 0x1, 0xa2, 0x40,
    0x17, 0x0, 0x1, 0xa7, 0x0, 0xd4, 0xc8, 0x16,
    0x62, 0x12, 0x8c, 0x1, 0x18, 0xb8, 0x18, 0x59,
    0x23, 0xe9, 0x98, 0x43, 0x3c, 0xfe, 0x21, 0xf1,
    0xe9, 0xb1, 0x8a, 0x3, 0xf7, 0x7f, 0xe1, 0x0,
    0x38, 0xf7, 0xff, 0xe1, 0xe4, 0x9, 0x20, 0xcf,
    0xff, 0x0, 0x7f, 0x93, 0x84, 0x3, 0xff, 0x80,
    0x64, 0x20, 0x1f, 0xc2, 0x0, 0xbb, 0x79, 0x80,
    0x80, 0x7b, 0xce, 0x9, 0x84, 0x1, 0xc3, 0xa,
    0x1, 0x25, 0xb6, 0x88, 0x28, 0x0, 0x5b, 0x42,
    0xfe, 0x8f, 0xcc, 0x1e, 0x7f, 0xdc, 0x52, 0x13,
    0xbd, 0x2, 0x0, 0x9f, 0xfd, 0x82,

    /* U+89D2 "角" */
    0x0, 0xe6, 0x90, 0xf, 0xf8, 0xe7, 0x84, 0x78,
    0x3, 0x8b, 0x46, 0x7f, 0xee, 0x90, 0xc, 0xba,
    0xdd, 0xd9, 0x1a, 0x0, 0x29, 0xa2, 0x6e, 0xec,
    0xaf, 0xdd, 0x4, 0x68, 0xb6, 0x62, 0xc7, 0x73,
    0x10, 0x0, 0x12, 0xe, 0x22, 0x30, 0x11, 0x60,
    0xe, 0x9f, 0xf6, 0x7, 0xfd, 0x60, 0x18, 0x6b,
    0xfd, 0x81, 0xff, 0x58, 0x6, 0x21, 0x0, 0xff,
    0x8c, 0x2f, 0xfd, 0x81, 0xff, 0x58, 0x5, 0x63,
    0xff, 0x60, 0x7f, 0xd6, 0x0, 0x27, 0x90, 0xf,
    0xc2, 0x0, 0x93, 0x70, 0x9, 0xc0, 0x2e, 0xa7,
    0xb, 0xd0, 0xc, 0x9e, 0x0, 0xce, 0x90,

    /* U+8B66 "警" */
    0x0, 0xff, 0xe3, 0xdb, 0x6, 0x98, 0x3, 0x1c,
    0x3, 0xaf, 0x52, 0x34, 0xbb, 0x1c, 0xf2, 0xee,
    0x60, 0xbd, 0x2b, 0xd7, 0xf8, 0x84, 0xc6, 0x2c,
    0x20, 0x2, 0xc2, 0x35, 0x73, 0x13, 0x47, 0xc8,
    0x64, 0x3a, 0x89, 0xbe, 0x41, 0x96, 0xda, 0x0,
    0x3, 0x1, 0xb4, 0x8b, 0x5e, 0x1e, 0x81, 0x6c,
    0x40, 0xa5, 0x3c, 0x4, 0xe7, 0xd7, 0x34, 0x70,
    0x0, 0x8a, 0xac, 0x4d, 0xf, 0x42, 0x5a, 0xcc,
    0xe, 0x10, 0x11, 0xaa, 0x9e, 0x22, 0x1, 0xe7,
    0x6, 0x67, 0x55, 0x7e, 0xc6, 0x61, 0x80, 0x5e,
    0x89, 0xfb, 0x0, 0x3e, 0xff, 0xfc, 0x1, 0xf4,
    0x66, 0xef, 0xd0, 0x20, 0x1e, 0x76, 0x6f, 0x80,
    0x3f, 0x7e, 0x67, 0xc0, 0x18,

    /* U+8BA1 "计" */
    0x0, 0x41, 0x0, 0x72, 0x78, 0x7, 0xc5, 0x84,
    0x1, 0xc2, 0x1, 0xf5, 0x2e, 0x8, 0x7, 0xff,
    0x6, 0xe4, 0x40, 0x3f, 0xe1, 0x19, 0xc0, 0x3f,
    0xe6, 0xee, 0x92, 0x7f, 0xeb, 0x1f, 0xfc, 0x2d,
    0xfe, 0x10, 0x8d, 0xee, 0x50, 0xf7, 0x5a, 0x20,
    0x1c, 0x24, 0x23, 0x0, 0x8c, 0x40, 0x1f, 0xfc,
    0xa4, 0x30, 0xf, 0xfe, 0x9, 0xd2, 0x0, 0x7f,
    0xf0, 0x6, 0x19, 0xc0, 0x3f, 0xe2, 0x7, 0x80,
    0xf, 0xfe, 0x1, 0x64, 0x0, 0x70, 0x80, 0x70,

    /* U+8BA9 "让" */
    0x0, 0xff, 0xe1, 0xe3, 0x0, 0x77, 0x30, 0x7,
    0x7c, 0x28, 0x6, 0x30, 0xf, 0x1e, 0xb0, 0x7,
    0xf8, 0x84, 0x8c, 0x3, 0xf0, 0x86, 0x7f, 0x28,
    0x7, 0x4f, 0xfb, 0x97, 0xb8, 0x20, 0x1e, 0x9f,
    0xf9, 0x40, 0x3f, 0xfc, 0x52, 0x60, 0x1f, 0xf4,
    0xa0, 0x80, 0x7f, 0x8, 0x8b, 0x80, 0x44, 0x2,
    0x31, 0x10, 0xc, 0xb1, 0x33, 0xfc, 0x73, 0xfe,
    0xcf, 0x2, 0xd2, 0x7e, 0xef, 0xda,

    /* U+8BAD "训" */
    0x0, 0x48, 0x80, 0x7f, 0xf0, 0x4f, 0x4, 0x1,
    0x6, 0x1, 0x8e, 0x80, 0x14, 0xf8, 0x0, 0x56,
    0xc, 0x30, 0x3, 0x80, 0x55, 0x0, 0x1, 0x0,
    0xb, 0x80, 0x42, 0x89, 0x28, 0x7, 0xf8, 0xa6,
    0x56, 0x20, 0x1f, 0xe3, 0xdf, 0x0, 0xc2, 0x1,
    0xff, 0xc2, 0x31, 0x0, 0xff, 0xe0, 0x8b, 0x0,
    0x7f, 0xf0, 0xc, 0x8, 0x3, 0xfc, 0xd1, 0x68,
    0x1, 0xff, 0x46, 0x37, 0x0, 0x7f, 0x38, 0x46,
    0x1a, 0x80, 0x15, 0x80, 0x38, 0x55, 0xca, 0x40,
    0x28, 0x20, 0x73, 0x0, 0x25, 0x5, 0x20, 0x7,
    0x93, 0x80,

    /* U+8BAE "议" */
    0x0, 0xff, 0xe3, 0x42, 0x80, 0x69, 0xa0, 0xf,
    0xdf, 0x60, 0x1b, 0xd0, 0x1, 0x2a, 0x1, 0x9c,
    0x18, 0x28, 0xd0, 0x44, 0xc, 0x1, 0xec, 0x60,
    0x75, 0x20, 0x53, 0x4, 0x0, 0xe2, 0x0, 0x3f,
    0x82, 0x12, 0x90, 0x80, 0x1b, 0xfe, 0x0, 0x63,
    0x85, 0xb6, 0x38, 0x4, 0xdd, 0x80, 0x13, 0x89,
    0x80, 0x13, 0x0, 0x30, 0x80, 0x61, 0x49, 0x3,
    0x14, 0x0, 0xff, 0x42, 0xa5, 0x19, 0x0, 0x7e,
    0x41, 0x36, 0xa6, 0x90, 0xf, 0xc7, 0x68, 0x16,
    0x20, 0x80, 0x1f, 0xb6, 0x14, 0x78, 0x89, 0x86,
    0x1, 0xd6, 0xc, 0xe9, 0xe3, 0x98, 0x1c, 0xb5,
    0x0, 0x8d, 0x22, 0xec, 0xb8, 0x22, 0xc8, 0x49,
    0x0, 0xae, 0xc1, 0x13, 0x62, 0x1, 0x3f, 0x70,
    0x0,

    /* U+8BB0 "记" */
    0x0, 0x3a, 0x0, 0x7f, 0xf0, 0xed, 0x81, 0xff,
    0xfd, 0xc0, 0x19, 0xe6, 0x46, 0xdb, 0xdd, 0xa8,
    0x3, 0xcd, 0x86, 0x24, 0x23, 0xc0, 0x10, 0xa2,
    0x44, 0x1, 0xff, 0x2c, 0xc5, 0xa8, 0x7, 0xfc,
    0x9b, 0x82, 0x1, 0x6f, 0xfe, 0xb1, 0x0, 0xfe,
    0x3a, 0xee, 0xa8, 0x3, 0xfc, 0x62, 0x39, 0x7c,
    0x3, 0xff, 0x97, 0x6e, 0x1, 0xff, 0xc0, 0x1a,
    0x65, 0x0, 0xf1, 0xe1, 0x0, 0x18, 0x17, 0x48,
    0x34, 0x47, 0x51, 0x90, 0x1, 0x1a, 0xc0, 0x16,
    0xdd, 0xd9, 0xa0, 0x0,

    /* U+8BB2 "讲" */
    0x0, 0x31, 0x0, 0x43, 0x22, 0x12, 0x80, 0x1d,
    0x9e, 0x20, 0x13, 0x0, 0x10, 0x40, 0x3a, 0x87,
    0x40, 0x30, 0x80, 0x7f, 0x75, 0x81, 0x18, 0x11,
    0xc, 0xc4, 0x40, 0x0, 0x88, 0xdd, 0x37, 0x41,
    0xba, 0x19, 0xde, 0x2, 0xee, 0x81, 0x3f, 0x83,
    0xfc, 0x55, 0xf8, 0x5, 0xf8, 0x1, 0xff, 0xd6,
    0xbf, 0xe0, 0xff, 0x15, 0x7f, 0x8c, 0x3, 0xab,
    0xac, 0x7b, 0x85, 0x5d, 0xc3, 0x0, 0xe2, 0x12,
    0x20, 0x88, 0x0, 0x22, 0x0, 0xe8, 0xd0, 0xd4,
    0x0, 0xfe, 0x60, 0x6d, 0x24, 0xb0, 0xf, 0xe2,
    0x26, 0x17, 0xa9, 0x80, 0x7f, 0x3e, 0x11, 0x2,
    0xc0, 0x23, 0x0, 0xf8, 0x40, 0xf4, 0x40, 0x2e,
    0x50, 0x8,

    /* U+8BB6 "讶" */
    0x0, 0x1b, 0x0, 0x7f, 0xf0, 0x96, 0x4c, 0x23,
    0xff, 0xf1, 0x0, 0x19, 0x38, 0x23, 0xff, 0x70,
    0x77, 0x90, 0x5, 0x5e, 0x0, 0x7d, 0x0, 0xf8,
    0x55, 0x62, 0x0, 0x5d, 0x0, 0x7c, 0x5f, 0x36,
    0x0, 0x43, 0x60, 0xf, 0x8e, 0xa0, 0x40, 0x1c,
    0x1d, 0xfe, 0xe0, 0xef, 0xb0, 0xf, 0x5e, 0x77,
    0x2, 0x43, 0x7a, 0x80, 0x3c, 0x26, 0x2e, 0x2e,
    0x6, 0x22, 0x0, 0xea, 0x0, 0xae, 0x0, 0x3f,
    0xa1, 0x8, 0x20, 0x18, 0x3, 0xe1, 0x13, 0x61,
    0x33, 0xf0, 0x7, 0xe9, 0xd, 0x27, 0x98, 0x30,
    0x30, 0xf, 0x4c, 0x8c, 0x71, 0x9c, 0x1f, 0xc0,
    0x40, 0x32, 0xb0, 0xd, 0xc8, 0x0, 0xd7, 0x0,
    0x20,

    /* U+8BBA "论" */
    0x0, 0xff, 0xe3, 0x28, 0x7, 0xaa, 0x80, 0x1e,
    0x2b, 0xb0, 0x6, 0x15, 0x41, 0x0, 0xe2, 0xf6,
    0xd1, 0x0, 0x42, 0x3d, 0x80, 0x78, 0x71, 0x44,
    0xd, 0xa6, 0x4e, 0xc0, 0x1e, 0x18, 0x1, 0xd8,
    0x20, 0xe9, 0x50, 0x2, 0xff, 0xc0, 0x3a, 0x48,
    0x0, 0x3a, 0xa4, 0x2, 0x64, 0x80, 0x35, 0xe7,
    0x0, 0x21, 0xb6, 0x31, 0x32, 0x0, 0x6d, 0x88,
    0x80, 0x15, 0x63, 0xc6, 0x1, 0xc2, 0x1, 0x37,
    0x6, 0xa8, 0x7, 0xc2, 0x20, 0x1c, 0xc5, 0x10,
    0x7, 0xc5, 0x92, 0x3, 0x44, 0x1, 0xfd, 0x8d,
    0x20, 0x1e, 0x42, 0x0, 0xb0, 0x1a, 0xc4, 0x4,
    0x84, 0x45, 0x3c, 0x1, 0x4d, 0xc0, 0x1, 0x4b,
    0x7b, 0x9a, 0x1e, 0x0,

    /* U+8BBE "设" */
    0x0, 0x28, 0x7, 0xff, 0xe, 0x2c, 0x2, 0xff,
    0xe3, 0x0, 0xec, 0x59, 0x0, 0xb7, 0xf8, 0x3,
    0xe1, 0xdc, 0x2, 0x3, 0x0, 0xff, 0x1a, 0x85,
    0x18, 0x80, 0x7c, 0x9b, 0xb0, 0xab, 0xc0, 0x0,
    0x43, 0x76, 0x5, 0xe8, 0x20, 0x19, 0x40, 0xb,
    0x6e, 0x64, 0x2, 0x6e, 0x1, 0x4f, 0xfe, 0xda,
    0x14, 0x0, 0xf2, 0x70, 0x77, 0xfa, 0x5, 0x40,
    0x3f, 0xa, 0x48, 0x2, 0x64, 0x1, 0xf1, 0x48,
    0x4b, 0x9c, 0x9b, 0x80, 0x7d, 0xaa, 0x5, 0x18,
    0xdc, 0x1, 0xe6, 0x5, 0xc0, 0x1d, 0x0, 0x58,
    0x80, 0x78, 0xa9, 0x2b, 0x8f, 0xb0, 0xfb, 0x24,
    0x40, 0x9, 0xa1, 0xfb, 0xd2, 0x27, 0x7b, 0x40,
    0x20,

    /* U+8BBF "访" */
    0x0, 0xff, 0xe2, 0x8c, 0x80, 0x71, 0xf1, 0x0,
    0x78, 0x52, 0x80, 0x31, 0x97, 0x0, 0x7d, 0xca,
    0xa1, 0x1d, 0xa, 0x23, 0x80, 0x23, 0xa4, 0xae,
    0xea, 0xdb, 0xbb, 0x18, 0x8, 0x90, 0x6f, 0xfc,
    0x19, 0xff, 0xc6, 0x5d, 0xd0, 0x7, 0xff, 0x0,
    0xbe, 0xc0, 0x3d, 0x9f, 0xf8, 0x40, 0x3f, 0x8,
    0x67, 0x73, 0x0, 0x40, 0x3f, 0x18, 0x18, 0x88,
    0x3, 0xf8, 0xc1, 0xc8, 0x2, 0x71, 0x0, 0xf2,
    0xe9, 0x72, 0x0, 0x42, 0x60, 0x1e, 0xbd, 0x64,
    0xb0, 0x8, 0xc4, 0x3, 0x71, 0x78, 0xd4, 0x10,
    0x23, 0x5a, 0x80, 0x6b, 0xc1, 0x54, 0x70, 0x6,
    0x43, 0x40, 0x6, 0x11, 0x3, 0xd0, 0x5, 0x1d,
    0x62, 0x0,

    /* U+8BC9 "诉" */
    0x0, 0xff, 0xe3, 0x4c, 0x0, 0x78, 0x8d, 0xa4,
    0x80, 0x2d, 0x78, 0x0, 0x7f, 0xf6, 0x9b, 0x80,
    0x49, 0x68, 0x1, 0x67, 0xee, 0x5d, 0x28, 0x6,
    0x4c, 0x0, 0x84, 0x3, 0xe1, 0x76, 0x60, 0x6,
    0x10, 0xe, 0x10, 0xb, 0xe4, 0x3, 0x6f, 0x73,
    0xfb, 0x9e, 0x62, 0xfa, 0x1, 0xdb, 0xdc, 0x2b,
    0xee, 0x18, 0x4, 0x20, 0x18, 0x50, 0x3, 0xff,
    0x80, 0x20, 0x73, 0xa6, 0x1, 0xfe, 0x20, 0x1d,
    0x41, 0xf1, 0x0, 0xf2, 0xcb, 0x18, 0x2, 0x49,
    0x7d, 0x0, 0x30, 0xd7, 0x62, 0x80, 0x6a, 0x7b,
    0x10, 0x1, 0x83, 0xb9, 0xb0, 0x3, 0xa7, 0x44,
    0x0, 0x2b, 0x10, 0x15, 0x0, 0xf1, 0x0, 0x4d,
    0x40, 0x52, 0x1, 0x8c, 0x3, 0xfa, 0x9c, 0x3,
    0x72, 0x80, 0x40,

    /* U+8BCD "词" */
    0x0, 0x3b, 0x0, 0x7f, 0xf0, 0x46, 0x4, 0x3b,
    0xff, 0xf0, 0x1, 0x8d, 0x3, 0xbf, 0xfd, 0x62,
    0x1, 0x62, 0x82, 0x27, 0x88, 0x2, 0x32, 0x30,
    0x7, 0xff, 0x90, 0x0, 0x53, 0x1a, 0x21, 0x77,
    0xe6, 0x0, 0x15, 0x40, 0x4, 0x7f, 0xf9, 0xc0,
    0x3f, 0x84, 0x5f, 0xe6, 0x0, 0xff, 0xe8, 0x98,
    0x7, 0xe3, 0x91, 0x17, 0xf9, 0x40, 0x3f, 0x79,
    0x80, 0xff, 0xa0, 0x40, 0x39, 0x1, 0x28, 0xf8,
    0x0, 0xec, 0x4, 0x1, 0x13, 0x48, 0x7, 0x8f,
    0x65, 0x0, 0x9, 0x20, 0x1f, 0x1d, 0xe5, 0x0,

    /* U+8BD5 "试" */
    0x0, 0xff, 0x10, 0x7, 0xcc, 0x1, 0xf6, 0xac,
    0x50, 0x4, 0x31, 0x20, 0x1f, 0xd, 0x24, 0x0,
    0x7, 0x1c, 0xc0, 0x3e, 0x2a, 0xa0, 0x4, 0x5e,
    0x5b, 0x99, 0x82, 0x72, 0x24, 0x0, 0x44, 0x31,
    0x9f, 0xfc, 0x4b, 0xfe, 0x80, 0x6, 0xec, 0x8,
    0x67, 0x9b, 0xcc, 0xe0, 0x7, 0xe0, 0x82, 0x6e,
    0x61, 0x8b, 0x80, 0x3f, 0x96, 0x4e, 0xd3, 0x88,
    0x3, 0xf8, 0x50, 0x50, 0x8d, 0x0, 0x3f, 0xf8,
    0x4a, 0x6, 0x1, 0xf2, 0xe0, 0x4, 0x22, 0x34,
    0x1, 0x0, 0xc3, 0x52, 0x83, 0xde, 0x17, 0x41,
    0xe8, 0x0, 0xb0, 0xcc, 0x5a, 0xc7, 0x83, 0x9d,
    0x8, 0x5, 0x58, 0x73, 0xf4, 0xa2, 0x0, 0xb5,
    0x14, 0x0, 0x11, 0x80, 0x7e, 0x5d, 0xf0,

    /* U+8BD7 "诗" */
    0x0, 0x9, 0x0, 0x77, 0x30, 0x7, 0xd7, 0xe0,
    0x2, 0x28, 0x4, 0x8a, 0x0, 0xd6, 0x4c, 0x7b,
    0xb0, 0xc6, 0xeb, 0x0, 0x30, 0xd3, 0x9f, 0xfc,
    0x53, 0xfe, 0xe0, 0x0, 0x99, 0x9c, 0x40, 0x3f,
    0xe4, 0xcc, 0x68, 0x7f, 0xe2, 0x9f, 0xfc, 0x4b,
    0xf4, 0x0, 0xdd, 0x77, 0x6b, 0xd, 0xd1, 0x0,
    0x42, 0x6, 0x6, 0x78, 0x3, 0x8, 0x7, 0x26,
    0xef, 0x58, 0x6e, 0x98, 0x3, 0x97, 0xff, 0xb0,
    0x3f, 0xce, 0x1, 0xc6, 0x11, 0x60, 0x1f, 0xe1,
    0xae, 0xa, 0x43, 0x0, 0xfd, 0x80, 0x38, 0x5,
    0x46, 0x1, 0xfb, 0x16, 0xc4, 0x0, 0xa1, 0x98,
    0x0, 0xf2, 0xd0, 0x7, 0xa6, 0x34, 0x2,

    /* U+8BDA "诚" */
    0x0, 0xff, 0xe3, 0x38, 0x7, 0x9b, 0xc2, 0x1c,
    0x2, 0x38, 0x40, 0xe, 0x31, 0x2, 0xd0, 0x8,
    0xd3, 0xc0, 0x47, 0x0, 0x6, 0x20, 0x40, 0x14,
    0x68, 0x67, 0x75, 0x43, 0xf9, 0x8e, 0x0, 0x8d,
    0x80, 0x6b, 0xfd, 0xa1, 0xdd, 0x60, 0x2f, 0x70,
    0xc0, 0x38, 0x80, 0x42, 0x8, 0x17, 0x84, 0x2,
    0xaf, 0xf1, 0x89, 0x1b, 0x98, 0x7, 0x86, 0xbc,
    0x0, 0xaa, 0xb4, 0x10, 0xf, 0x84, 0x2, 0x3c,
    0x6e, 0x0, 0xf1, 0x1b, 0x80, 0x58, 0xa0, 0xa0,
    0x1d, 0xf6, 0x22, 0x50, 0x14, 0x7, 0x0, 0xf0,
    0xe0, 0x95, 0xa9, 0x48, 0x20, 0x41, 0x3, 0x7,
    0x62, 0x7, 0x54, 0xbe, 0x9c, 0x33, 0x83, 0x59,
    0x37, 0x0, 0x31, 0xf4, 0xa9, 0xc5, 0x0, 0x8,
    0x32, 0x80, 0x8, 0xc3, 0x4, 0xcb, 0x10,

    /* U+8BDD "话" */
    0x0, 0x2b, 0x0, 0x7c, 0x28, 0xa0, 0x1d, 0x28,
    0xb, 0x15, 0x9d, 0xca, 0xe0, 0xc, 0xad, 0x0,
    0x63, 0xa8, 0x1f, 0xd6, 0x1, 0xd3, 0x80, 0xd2,
    0xf8, 0x1, 0xff, 0x1a, 0x24, 0x62, 0x89, 0x85,
    0x3f, 0xe0, 0xb8, 0x8a, 0x82, 0x23, 0x2a, 0x6d,
    0x0, 0x23, 0x32, 0x91, 0xcc, 0xc8, 0x4, 0x20,
    0x1f, 0xfc, 0x73, 0xcc, 0x48, 0xe6, 0x40, 0x1f,
    0x1b, 0x97, 0x7e, 0xf5, 0x10, 0x7, 0x8f, 0xc,
    0x8, 0xb8, 0x3, 0xec, 0x93, 0x0, 0xff, 0x8c,
    0x25, 0x80, 0x7f, 0xf5, 0x80, 0x73, 0xd3, 0x0,
    0x7, 0xff, 0x58, 0x80, 0x0,

    /* U+8BDE "诞" */
    0x0, 0xff, 0xe2, 0x9d, 0x0, 0x7c, 0x49, 0x1b,
    0x20, 0x1, 0x55, 0xf, 0xfb, 0x4b, 0xf6, 0x5e,
    0xe8, 0x0, 0x4b, 0x3, 0xee, 0xa5, 0xdf, 0xc2,
    0xc6, 0x1, 0x4f, 0x0, 0x12, 0xc0, 0x40, 0x3c,
    0x26, 0x6, 0x4, 0x43, 0xa, 0x10, 0xe, 0x4e,
    0xc3, 0xb, 0x70, 0x2, 0x98, 0xf, 0x70, 0x17,
    0x40, 0x8, 0xcc, 0xf4, 0x0, 0x87, 0xb8, 0x1,
    0xc9, 0xbe, 0xc, 0x1, 0xff, 0xc0, 0x72, 0x2,
    0x0, 0xff, 0x86, 0xac, 0xc0, 0x3f, 0xe5, 0x77,
    0x32, 0x80, 0xee, 0xf, 0xf8, 0x80, 0x29, 0xfc,
    0x5, 0x2e, 0xff, 0xe2, 0x5, 0x6, 0xba, 0x74,
    0xdc, 0x87, 0x66, 0x39, 0x83, 0xb4, 0xf9, 0x44,
    0x3a, 0xca, 0xa2, 0x60, 0x0, 0x52, 0x19, 0xc0,
    0x1, 0x7a, 0xde, 0xff, 0x18,

    /* U+8BE5 "该" */
    0x0, 0xfe, 0x30, 0xf, 0xd4, 0x40, 0x18, 0x71,
    0xc0, 0x3e, 0x3f, 0x0, 0xc3, 0x3a, 0x1, 0xf4,
    0x9b, 0xc6, 0x65, 0x4d, 0x99, 0x68, 0x6, 0xc7,
    0xae, 0xe3, 0xa7, 0x77, 0x0, 0x62, 0x2, 0x21,
    0xa7, 0x10, 0x88, 0x8c, 0xf, 0xb7, 0x40, 0x15,
    0xb3, 0x2, 0x3c, 0x2, 0x2b, 0xb1, 0x0, 0x1d,
    0xd6, 0x4a, 0x9c, 0x1, 0xa, 0xa8, 0x2, 0xc2,
    0xfe, 0xa8, 0x27, 0x0, 0xfd, 0x7f, 0xa8, 0x87,
    0x69, 0x20, 0xf, 0xe9, 0x4a, 0x28, 0xb2, 0x0,
    0xf0, 0xb7, 0x1e, 0xf, 0xa2, 0x80, 0x7a, 0x29,
    0x6e, 0x87, 0x8, 0x44, 0x1, 0x98, 0x12, 0x4d,
    0x5b, 0xdf, 0x43, 0x8, 0x2, 0x24, 0xc0, 0x8e,
    0x8b, 0xb1, 0x5b, 0x61, 0x0, 0x1e, 0xc0, 0xcd,
    0x7c, 0xa0, 0x15, 0xc9, 0x0,

    /* U+8BED "语" */
    0x0, 0x8, 0x7, 0xff, 0xf, 0x18, 0x1f, 0xba,
    0xfe, 0xed, 0x0, 0x17, 0xd9, 0x3f, 0x73, 0x43,
    0xbb, 0x40, 0x4, 0x5a, 0x41, 0xfe, 0xc0, 0xff,
    0xa8, 0x0, 0x26, 0x70, 0x3, 0xfc, 0x8f, 0xfe,
    0x53, 0x0, 0x36, 0x64, 0x20, 0x12, 0xe8, 0x1,
    0xc4, 0x0, 0xff, 0xa0, 0x4, 0x42, 0x89, 0xa2,
    0x8, 0x54, 0x40, 0x3b, 0xb9, 0xeb, 0x9d, 0xc5,
    0x3f, 0x20, 0xe, 0xaa, 0x5d, 0xfd, 0x46, 0x1,
    0xc2, 0xbd, 0xde, 0xc0, 0xf, 0x5c, 0x8, 0xbf,
    0xf5, 0x0, 0x7c, 0xb4, 0x1, 0xff, 0xc0, 0x70,
    0x93, 0x0, 0x11, 0x70, 0x7, 0x7a, 0x30, 0x0,
    0x7f, 0xf4, 0x80, 0x75, 0x50, 0x0, 0x22, 0xdd,
    0xd6, 0x1, 0xe1, 0x0, 0x2f, 0x0, 0x65, 0xd0,
    0x0,

    /* U+8BEF "误" */
    0x0, 0x28, 0x7, 0xff, 0xe, 0x2c, 0x1, 0xbf,
    0xfe, 0x80, 0xd, 0xaf, 0x0, 0xb, 0xff, 0xcc,
    0x1, 0xed, 0x90, 0xf, 0xfe, 0x0, 0x88, 0x4,
    0x6, 0xbb, 0xb3, 0xf8, 0x5, 0xb9, 0xc0, 0xc,
    0xee, 0xf3, 0x80, 0x59, 0x22, 0xf, 0xff, 0xf9,
    0xc0, 0x3c, 0xff, 0xf0, 0xd7, 0xfc, 0xe0, 0x1e,
    0x22, 0x8, 0xc0, 0x22, 0x22, 0x0, 0x7b, 0xf3,
    0xfc, 0x15, 0xfe, 0xcd, 0x40, 0xc, 0xb9, 0xdc,
    0x72, 0x1f, 0xee, 0x7a, 0x0, 0x43, 0x4a, 0xa,
    0xdc, 0xb4, 0x1, 0xec, 0xb, 0x46, 0xa8, 0x3a,
    0x6c, 0x40, 0xd, 0x52, 0x1b, 0x32, 0x70, 0x1c,
    0x6b, 0xd1, 0x0, 0x13, 0x22, 0xf3, 0x0, 0x43,
    0x5b, 0x22,

    /* U+8BF4 "说" */
    0x0, 0x20, 0x4, 0x88, 0x0, 0x86, 0x88, 0x2,
    0x1a, 0xa0, 0x5, 0x42, 0x0, 0x75, 0x30, 0x8,
    0x71, 0x24, 0x11, 0x6c, 0x1, 0x4e, 0x20, 0x18,
    0xb2, 0x80, 0xf7, 0xd, 0x4f, 0x4c, 0x2, 0x21,
    0x33, 0x6, 0xdd, 0x7c, 0x9c, 0x60, 0x0, 0xb7,
    0xb8, 0x0, 0x38, 0xcc, 0xdc, 0x20, 0x2, 0xfc,
    0x0, 0xff, 0xe3, 0x9c, 0x66, 0x6e, 0x10, 0xf,
    0xdb, 0x27, 0x54, 0x3e, 0xc0, 0xf, 0x90, 0xd8,
    0x1d, 0x44, 0xcc, 0x1, 0xe7, 0xa1, 0x51, 0x10,
    0x7, 0xfa, 0x74, 0x69, 0x80, 0x39, 0xc8, 0x0,
    0xc1, 0xa7, 0x47, 0x20, 0x1, 0x23, 0x84, 0x0,
    0x2f, 0x6, 0xbe, 0x8, 0x10, 0xee, 0x1b, 0x0,
    0x42, 0x77, 0xa4, 0x0, 0x1e, 0xff, 0x60, 0x0,

    /* U+8BF7 "请" */
    0x0, 0x20, 0x80, 0x71, 0xf8, 0x7, 0xdd, 0x82,
    0x17, 0x77, 0x85, 0xdd, 0x40, 0x15, 0x36, 0x84,
    0x45, 0x21, 0x11, 0x48, 0x6, 0xaf, 0xb, 0xee,
    0x40, 0x77, 0x48, 0x1, 0x84, 0xc2, 0x37, 0x5c,
    0x1b, 0xb3, 0x81, 0x76, 0xe8, 0x1b, 0x73, 0x1c,
    0x19, 0x96, 0xb1, 0x6d, 0x98, 0x3f, 0xf7, 0x3f,
    0x7b, 0xaf, 0x70, 0x35, 0x0, 0x8, 0xb7, 0x7e,
    0x21, 0x0, 0xf0, 0x87, 0xfe, 0xc0, 0xf, 0xfb,
    0xbb, 0x68, 0x7, 0xc3, 0x40, 0xe, 0xed, 0xa0,
    0x1c, 0xe3, 0xfa, 0x0, 0xee, 0xda, 0x1, 0xda,
    0x3a, 0xe0, 0xe, 0xed, 0xa0, 0x1d, 0x18, 0x60,
    0x20, 0x18, 0x74, 0xc0, 0x30, 0x90, 0x0, 0xfc,
    0x2, 0x1e, 0xc0, 0x0,

    /* U+8BFE "课" */
    0x0, 0x52, 0x80, 0x3f, 0xff, 0x0, 0x63, 0xb0,
    0xb, 0x3c, 0xaf, 0xec, 0x40, 0x34, 0xb, 0x0,
    0x1c, 0x3, 0xfc, 0x38, 0xc0, 0xb, 0xf2, 0xbf,
    0xb0, 0x8, 0x4c, 0xc0, 0x1b, 0x3c, 0xaf, 0xec,
    0x2, 0x48, 0xfc, 0x0, 0xb7, 0x45, 0x5b, 0x42,
    0x0, 0x5b, 0xf0, 0xb, 0x37, 0x86, 0x3b, 0x70,
    0x3, 0x84, 0xc, 0x46, 0x3, 0x11, 0x88, 0x3,
    0xdb, 0xfe, 0xc1, 0xaf, 0xf6, 0x60, 0x80, 0x3b,
    0xb7, 0x46, 0x0, 0x8d, 0xee, 0x10, 0x6, 0xa3,
    0x8, 0x31, 0x5a, 0x50, 0xf, 0xa, 0x8a, 0xbe,
    0x9f, 0x3d, 0x48, 0x80, 0x4c, 0x11, 0x75, 0x43,
    0x0, 0x44, 0xb7, 0x30, 0x0, 0xd1, 0xca, 0xd4,
    0xc, 0x0, 0xdc, 0xe8, 0x0, 0x6b, 0xb, 0x40,
    0xf, 0xc, 0x10,

    /* U+8C01 "谁" */
    0x0, 0xff, 0xe3, 0x30, 0x6, 0x7a, 0x5, 0xc0,
    0xf, 0x6d, 0x80, 0x56, 0x0, 0x42, 0x80, 0xe,
    0xa4, 0x40, 0x19, 0xb8, 0x43, 0x64, 0x88, 0x20,
    0x1, 0xe4, 0xf, 0xa, 0xff, 0x67, 0xe6, 0x24,
    0xc, 0x8c, 0x14, 0xc7, 0xb9, 0x63, 0xdd, 0x41,
    0x7f, 0xb0, 0xac, 0x80, 0x8a, 0x2, 0x32, 0x2,
    0xc8, 0x37, 0x29, 0x1c, 0xc4, 0x8e, 0x6c, 0x80,
    0x72, 0xe0, 0xf, 0x72, 0xc7, 0xb9, 0x60, 0x1f,
    0xfc, 0xc1, 0xff, 0x50, 0xff, 0xb4, 0x3, 0x9d,
    0xc0, 0x3f, 0xea, 0x1f, 0xf6, 0x80, 0x62, 0x83,
    0x0, 0xff, 0xe0, 0x68, 0x4a, 0x0, 0xff, 0xa8,
    0x7f, 0xeb, 0x0, 0x7b, 0xb0, 0x0, 0x7b, 0xbd,
    0xb4, 0x0, 0x78, 0x0, 0x8, 0x8, 0xf8, 0x84,

    /* U+8C1C "谜" */
    0x0, 0x40, 0x7, 0x8, 0x5b, 0x81, 0x80, 0x4a,
    0xe0, 0xc2, 0x7c, 0x1, 0x16, 0x10, 0x2, 0xa4,
    0x2a, 0xc, 0x94, 0x5, 0xc, 0x80, 0xd, 0x81,
    0xc, 0x2a, 0x60, 0xe, 0xb0, 0x11, 0x1, 0x2,
    0x48, 0x5a, 0xbf, 0x5a, 0xd, 0xf7, 0x14, 0x0,
    0xcb, 0xdc, 0x36, 0xee, 0x25, 0x79, 0xc, 0x7f,
    0x93, 0x78, 0x27, 0xf5, 0x40, 0x34, 0x60, 0x80,
    0x20, 0x27, 0x4, 0x3, 0xf9, 0x54, 0x72, 0x16,
    0x1, 0xf8, 0xea, 0x1c, 0x69, 0x50, 0x2, 0x1b,
    0x60, 0x54, 0x60, 0x2, 0x33, 0x80, 0xe, 0x88,
    0x5, 0xec, 0x0, 0x21, 0x26, 0x0, 0x2a, 0xfb,
    0x9b, 0x95, 0x32, 0x34, 0x40, 0x3, 0x17, 0xad,
    0xab, 0x3d, 0x6f, 0x2f, 0x40,

    /* U+8C37 "谷" */
    0x0, 0xff, 0xe4, 0x3f, 0x18, 0x0, 0xb9, 0x80,
    0x3e, 0x58, 0x81, 0x80, 0xa, 0x65, 0x62, 0x1,
    0xa2, 0xa5, 0x81, 0xa8, 0x5f, 0x1b, 0xcc, 0x0,
    0xee, 0xa6, 0x1, 0x97, 0x10, 0x3d, 0x63, 0x0,
    0x3e, 0xa8, 0x2, 0x84, 0xd8, 0x2, 0x80, 0xc,
    0x40, 0xa, 0x5c, 0xa9, 0x90, 0x7, 0xe2, 0xc4,
    0xd2, 0x4b, 0x6d, 0x50, 0xc, 0x53, 0xa1, 0x86,
    0x0, 0x4d, 0x1a, 0xe9, 0x20, 0xf6, 0x42, 0xce,
    0xed, 0x84, 0xc8, 0xe4, 0x1f, 0xdc, 0xc, 0xcf,
    0x6, 0x57, 0x0, 0x8, 0x40, 0x4, 0x5e, 0x0,
    0xff, 0xe6, 0x8f, 0xff, 0x84, 0x3, 0xf0, 0xf7,
    0x78, 0x40, 0x3e, 0x30, 0x11, 0xf7, 0x28, 0x4,

    /* U+8C46 "豆" */
    0x0, 0xff, 0xe2, 0x97, 0xff, 0xff, 0x1, 0x40,
    0x5, 0xdd, 0xff, 0xc0, 0x50, 0x8, 0x55, 0x13,
    0xf2, 0x88, 0x7, 0x4d, 0xcc, 0xfa, 0xe4, 0x3,
    0xe9, 0xcc, 0xf4, 0x80, 0x7f, 0xf3, 0x3c, 0xcf,
    0xde, 0x1, 0xf3, 0x2f, 0x77, 0x95, 0x80, 0x3d,
    0x75, 0xfb, 0xba, 0xa9, 0x60, 0x1f, 0x67, 0x80,
    0x69, 0xe0, 0xf, 0xd4, 0x4e, 0x0, 0x60, 0x80,
    0xe, 0x32, 0x21, 0xca, 0x11, 0xc3, 0x19, 0x10,
    0xc0, 0x77, 0x32, 0x8d, 0xcd, 0x6, 0xcc, 0xb4,
    0x0,

    /* U+8C5A "豚" */
    0x1, 0xee, 0xc8, 0x1, 0xf0, 0x80, 0x43, 0xdc,
    0x20, 0xee, 0xdf, 0xdc, 0xf0, 0xf, 0xdd, 0xcf,
    0x37, 0xee, 0x80, 0x3f, 0x8b, 0x1e, 0x1, 0x4,
    0x3, 0x7f, 0x8c, 0x2b, 0x44, 0x0, 0x35, 0x0,
    0x1b, 0xfc, 0x41, 0xfb, 0xea, 0x74, 0xb2, 0x1,
    0xf9, 0x4f, 0x8b, 0x54, 0x80, 0x38, 0x44, 0x0,
    0x4f, 0xa9, 0x1a, 0x20, 0xe, 0xee, 0x16, 0x5c,
    0xbf, 0x83, 0xa0, 0x4, 0x43, 0xfe, 0x3c, 0xc3,
    0xcb, 0x8b, 0x8a, 0x0, 0x18, 0xc0, 0x31, 0xd2,
    0x69, 0x8b, 0xc0, 0x3, 0x58, 0x2, 0x3e, 0x6c,
    0x13, 0xb, 0x36, 0x4, 0xc0, 0x0, 0x9c, 0xe0,
    0x8c, 0xc5, 0x2c, 0x26, 0x81, 0xe6, 0x8e, 0x15,
    0xe8, 0x60, 0xc0, 0x36, 0x61, 0x5e, 0x1, 0x6c,
    0x58, 0x6,

    /* U+8C61 "象" */
    0x0, 0xe3, 0x0, 0xff, 0xe1, 0x2e, 0x28, 0x7,
    0xff, 0x1, 0x28, 0x2f, 0xba, 0xd2, 0x0, 0xf3,
    0x5c, 0xff, 0x73, 0xc2, 0x8, 0x3, 0xae, 0x46,
    0xb3, 0x2f, 0x19, 0xcc, 0x18, 0x5, 0xd0, 0x1b,
    0xb3, 0x33, 0xb7, 0x44, 0xe0, 0x12, 0x90, 0x8,
    0xcb, 0x42, 0x30, 0x7, 0xee, 0xe7, 0x8e, 0x77,
    0x40, 0x1e, 0x5e, 0xb3, 0x8, 0xee, 0x9b, 0x50,
    0x2, 0x3a, 0xe8, 0x83, 0xca, 0xd, 0x33, 0x80,
    0x63, 0xdd, 0x66, 0x1a, 0x2b, 0xd7, 0x50, 0x3,
    0x11, 0x27, 0xc3, 0xf4, 0x65, 0xe4, 0x3, 0x92,
    0x37, 0xf7, 0xd, 0x7e, 0x1e, 0x0, 0x33, 0x60,
    0xec, 0x74, 0x88, 0x3, 0xd7, 0xa4, 0x0, 0xfd,
    0x9f, 0x89, 0x69, 0x60, 0x5a, 0xde, 0x0, 0x7e,
    0xa3, 0x1, 0x2c, 0x30, 0xa, 0x18, 0x0,

    /* U+8C6A "豪" */
    0x0, 0xfc, 0x40, 0x1f, 0xfc, 0x28, 0xd0, 0xf,
    0xd9, 0xdd, 0xcc, 0x3d, 0xde, 0x20, 0xce, 0xdb,
    0xbf, 0xd5, 0xdc, 0x20, 0xb, 0xf0, 0xcf, 0xd9,
    0x0, 0x1f, 0x2e, 0xef, 0x94, 0x3, 0x91, 0x13,
    0x5b, 0xbe, 0xa9, 0x44, 0x8, 0xaf, 0x37, 0xbb,
    0xf6, 0xe5, 0xa8, 0x2, 0x48, 0xbf, 0x8e, 0x84,
    0x7, 0x46, 0x21, 0xe0, 0xa3, 0x31, 0x98, 0x2e,
    0x40, 0x28, 0x9c, 0xed, 0x46, 0x25, 0x9f, 0x0,
    0xed, 0xfc, 0x3a, 0x33, 0x74, 0xb4, 0x0, 0x77,
    0xcf, 0xfa, 0x10, 0xc7, 0xd1, 0xc0, 0x3b, 0xa6,
    0xa9, 0xdf, 0x0, 0x3f, 0x5b, 0x0, 0x2, 0xa9,
    0xff, 0xa2, 0xa0, 0xb, 0x68, 0x80, 0x5, 0x9b,
    0x4, 0x9d, 0xc6, 0x0, 0x9e, 0x80,

    /* U+8C79 "豹" */
    0x0, 0xff, 0xe4, 0xce, 0x80, 0x6, 0xc8, 0x3,
    0xe5, 0xd5, 0xe0, 0x2, 0x29, 0x0, 0x73, 0xec,
    0x27, 0x19, 0x7, 0xb8, 0x7, 0xbe, 0xf4, 0x7f,
    0x24, 0x55, 0xbf, 0xf1, 0x4, 0x5b, 0xe1, 0x25,
    0xc9, 0xff, 0xdc, 0x6, 0x0, 0x88, 0x5a, 0x41,
    0x3c, 0x0, 0x46, 0x2, 0x29, 0xb8, 0xc4, 0x76,
    0x62, 0xb0, 0x7, 0xf, 0x7a, 0x6c, 0x4b, 0x49,
    0xca, 0x0, 0x80, 0x4e, 0xdb, 0x44, 0x34, 0x4,
    0xb2, 0xe, 0x20, 0xc, 0xc8, 0xed, 0xd0, 0x1,
    0x12, 0x1, 0xdb, 0x51, 0x7f, 0x62, 0x0, 0x24,
    0x1, 0x30, 0x4, 0xf9, 0x60, 0xb8, 0x80, 0x71,
    0x88, 0x3, 0xb6, 0x5, 0x26, 0xc0, 0x23, 0x5a,
    0x60, 0x3, 0x18, 0x7c, 0xdb, 0x80, 0x4b, 0x6d,
    0x0, 0x1d, 0xda, 0xc0, 0x19, 0xba, 0x88, 0x0,

    /* U+8C8C "貌" */
    0x0, 0xff, 0xe4, 0xd, 0xb0, 0x4, 0xf2, 0x1,
    0xf2, 0xfb, 0x90, 0x5, 0x7c, 0x1, 0xcf, 0xb0,
    0xf8, 0xc1, 0xde, 0x71, 0xfe, 0x90, 0x6, 0xae,
    0x24, 0xe9, 0x8e, 0xff, 0xd0, 0x60, 0xa, 0x62,
    0xa6, 0xb3, 0x0, 0xf1, 0x80, 0x53, 0xb1, 0x28,
    0x0, 0xdf, 0xfa, 0x0, 0x2, 0xf4, 0xee, 0x80,
    0xb, 0x7f, 0xe8, 0x0, 0xf, 0xfa, 0x91, 0xe0,
    0x1, 0xd7, 0x75, 0x18, 0x2, 0x13, 0xb4, 0x98,
    0x31, 0x47, 0x53, 0xa0, 0x1, 0x95, 0x90, 0x2,
    0x23, 0x36, 0xa8, 0x99, 0x0, 0x3f, 0x6d, 0x6c,
    0xc, 0x15, 0x0, 0x3c, 0xde, 0x18, 0x40, 0x6e,
    0x26, 0x1, 0x10, 0x3, 0x26, 0xce, 0x4c, 0xd1,
    0x60, 0x1, 0x2e, 0x70, 0x97, 0x2c, 0x6f, 0xc5,
    0x50, 0x10, 0xe9, 0x30, 0x4, 0x79, 0xa7, 0xb4,
    0x0, 0x1e, 0xfe, 0x10,

    /* U+8D25 "败" */
    0x0, 0xff, 0xe7, 0x5b, 0x80, 0x71, 0xe6, 0x75,
    0x80, 0x10, 0xc0, 0x3c, 0x5f, 0xf4, 0x20, 0x18,
    0xa0, 0x7, 0xc6, 0x82, 0xc2, 0x16, 0x3f, 0xf9,
    0x80, 0x34, 0xb0, 0x4, 0xd7, 0xfa, 0x3e, 0xc0,
    0x1c, 0xe0, 0x5, 0x11, 0x3, 0x10, 0x7, 0xc2,
    0x0, 0xf3, 0x20, 0x16, 0x0, 0xff, 0x54, 0x60,
    0x69, 0x0, 0x78, 0x48, 0x4, 0x11, 0x40, 0xf4,
    0x3, 0x88, 0x40, 0x39, 0x5d, 0x10, 0x1, 0x1f,
    0x2b, 0xb0, 0x78, 0x3, 0xe1, 0x44, 0x3, 0x14,
    0xd7, 0xe1, 0x0, 0x4, 0x8, 0x3, 0x16, 0x31,
    0xcb, 0xe0, 0x3d, 0xcb, 0x40, 0x5, 0xef, 0x0,
    0x9, 0x8d, 0xac, 0x6c, 0x5d, 0x30, 0xc9, 0x0,
    0xcf, 0x5a, 0x40, 0x5b, 0x66,

    /* U+8D2D "购" */
    0x0, 0xfe, 0x91, 0x0, 0xea, 0xbb, 0xd2, 0x8,
    0xe2, 0x1, 0xc9, 0x9f, 0xec, 0x40, 0xd4, 0x33,
    0xc2, 0x6, 0x62, 0x63, 0x10, 0x77, 0x77, 0x58,
    0xe0, 0x14, 0x20, 0x1, 0x97, 0x77, 0x11, 0x80,
    0x62, 0x0, 0x54, 0x40, 0x80, 0x3e, 0x37, 0x0,
    0x61, 0xb9, 0x80, 0x7c, 0x62, 0x1, 0x2a, 0x89,
    0x80, 0xc0, 0x6, 0x2, 0x60, 0x21, 0x32, 0x8,
    0x0, 0x8, 0x0, 0x80, 0x40, 0xa, 0x73, 0x2,
    0x60, 0x15, 0xf2, 0x12, 0x6b, 0xb7, 0xc2, 0x28,
    0x4, 0xaa, 0xdf, 0xb0, 0x29, 0x53, 0xb6, 0x17,
    0x9, 0x6, 0xf5, 0xa0, 0xe, 0x20, 0x15, 0x6f,
    0x2, 0xc7, 0x10, 0xb, 0x74, 0x64, 0xba, 0x40,
    0x2, 0xd1, 0x0, 0xbb, 0x30, 0x0,

    /* U+8D34 "贴" */
    0x0, 0xff, 0x79, 0x80, 0x6d, 0xff, 0xe0, 0x8,
    0x40, 0x38, 0x67, 0xfd, 0x60, 0x1c, 0xc4, 0x66,
    0x0, 0xae, 0x0, 0x40, 0x35, 0xe6, 0xe8, 0x2,
    0x1f, 0x0, 0xf6, 0xf7, 0x40, 0x10, 0x88, 0x3,
    0xff, 0x84, 0x60, 0x1f, 0xfc, 0x16, 0x10, 0x2,
    0x7f, 0x87, 0x3f, 0xc8, 0x1, 0x13, 0x0, 0xb9,
    0xff, 0xe1, 0x0, 0xf, 0x81, 0x0, 0x7f, 0xd2,
    0x6, 0x4b, 0xc0, 0x1f, 0xc8, 0xe9, 0x3e, 0x60,
    0x1f, 0xd0, 0x33, 0x69, 0xee, 0x7f, 0xf8, 0x41,
    0x5d, 0x84, 0x2b, 0x9c, 0xff, 0xf0, 0x82, 0xaa,
    0x40, 0x23, 0x70, 0xe, 0xe4, 0xa, 0x0, 0xe4,
    0xc0, 0xf, 0x0,

    /* U+8D35 "贵" */
    0x0, 0xf9, 0xb4, 0x3, 0xf9, 0x3f, 0xf4, 0x97,
    0xfe, 0x70, 0xf, 0x7f, 0xd4, 0x5f, 0xf2, 0x0,
    0x7c, 0x67, 0x11, 0x9e, 0x70, 0xe, 0x74, 0x88,
    0xa8, 0x62, 0x27, 0x20, 0x8, 0x89, 0x55, 0xac,
    0xaa, 0xb2, 0x8, 0xd9, 0x9e, 0xb0, 0xcc, 0xef,
    0x91, 0xed, 0xff, 0xff, 0x6f, 0x40, 0x5, 0xb9,
    0xff, 0xf6, 0x88, 0x7, 0xaf, 0x75, 0x73, 0xba,
    0xe0, 0xf, 0xfa, 0x34, 0x3, 0xfe, 0x10, 0x51,
    0xd6, 0x32, 0x60, 0xf, 0x7a, 0x2d, 0xaa, 0x66,
    0x5e, 0x20, 0x12, 0x45, 0xf5, 0xc5, 0x5, 0x75,
    0x47, 0x20, 0x4, 0x66, 0xae, 0x60, 0x8, 0x5f,
    0x99, 0x40,

    /* U+8D39 "费" */
    0x0, 0xff, 0xe4, 0x2f, 0x1, 0x78, 0x7, 0xdb,
    0xdc, 0xb1, 0xec, 0xe, 0xeb, 0x40, 0x2c, 0xee,
    0x50, 0xf6, 0x8f, 0x71, 0x8c, 0x2, 0x8c, 0xc4,
    0x8e, 0x70, 0xe6, 0x18, 0x40, 0x25, 0xbe, 0xa2,
    0xe8, 0x1e, 0xe6, 0x68, 0x4, 0x35, 0x34, 0x73,
    0x21, 0x99, 0xe0, 0x7, 0x70, 0x89, 0x31, 0x41,
    0x11, 0x12, 0x80, 0xa, 0x99, 0x8e, 0x6a, 0x26,
    0x66, 0x57, 0xa, 0xe6, 0x6, 0xff, 0x60, 0xff,
    0xcb, 0x21, 0x98, 0x55, 0x7f, 0xaa, 0xff, 0xc3,
    0xf2, 0x40, 0xc6, 0x1, 0xa3, 0x40, 0x3f, 0xc6,
    0xe, 0x57, 0x2e, 0xe6, 0x0, 0xe8, 0xcb, 0x89,
    0x2f, 0xa6, 0x94, 0x0, 0x27, 0xed, 0x8e, 0xb0,
    0x36, 0xd3, 0xf8, 0x1, 0x2f, 0x7a, 0x88, 0x3,
    0x2e, 0xd8, 0x0,

    /* U+8D50 "赐" */
    0xe, 0xff, 0xc4, 0x7f, 0xfe, 0x10, 0xb, 0x3f,
    0xc2, 0x2, 0x1b, 0xb6, 0x0, 0x63, 0x9, 0x30,
    0xd, 0xff, 0x70, 0x7, 0x91, 0x80, 0x36, 0xee,
    0x0, 0xf0, 0x80, 0x42, 0x1d, 0xd8, 0x3, 0xfc,
    0x6a, 0xfd, 0xd7, 0x88, 0x7, 0x8, 0x0, 0xd5,
    0xbf, 0xf8, 0x80, 0xc0, 0x33, 0x6c, 0x3a, 0x60,
    0x70, 0x18, 0x4, 0x4e, 0x6, 0xac, 0xcf, 0x45,
    0x0, 0x8, 0x20, 0x9, 0x22, 0xdd, 0x95, 0x27,
    0x8c, 0x2, 0xa7, 0x24, 0xa2, 0x84, 0xa8, 0x24,
    0x12, 0x0, 0xbd, 0x66, 0xc0, 0xb5, 0x1f, 0x81,
    0x98, 0x0, 0x65, 0x8d, 0x57, 0xab, 0xab, 0x33,
    0x49, 0x81, 0xce, 0x80, 0xeb, 0xd2, 0xe2, 0x2e,
    0xc, 0x81, 0xf1, 0x80, 0xc, 0x2b, 0x4c, 0x13,
    0xb4, 0x40,

    /* U+8D5B "赛" */
    0x0, 0xfc, 0x40, 0x1f, 0xfc, 0x24, 0xd0, 0xf,
    0xc9, 0xdd, 0xd4, 0x1d, 0xdd, 0xe0, 0x1b, 0xb9,
    0x15, 0xdf, 0xaf, 0xdc, 0xd0, 0x9, 0xa2, 0xf2,
    0x27, 0x31, 0xcd, 0x98, 0x75, 0x0, 0x13, 0x47,
    0x92, 0x77, 0x2c, 0x7b, 0xd2, 0x80, 0x34, 0xe9,
    0xbe, 0x62, 0x7, 0x34, 0x80, 0x22, 0x24, 0x61,
    0xbe, 0x62, 0x7, 0x30, 0x6, 0x0, 0x89, 0x97,
    0x1a, 0x4c, 0xa8, 0x7a, 0x65, 0x0, 0xa, 0xa6,
    0x8b, 0x6d, 0xdb, 0x20, 0xb6, 0xac, 0x1, 0x7d,
    0x86, 0xdf, 0xfa, 0x7, 0x7b, 0x54, 0x27, 0xa8,
    0xeb, 0xe1, 0xff, 0x82, 0xbe, 0x54, 0x8, 0x40,
    0xc0, 0x63, 0x84, 0x0, 0x60, 0x80, 0x1d, 0xa3,
    0x88, 0xd1, 0xf2, 0x40, 0x1c, 0xd5, 0xd4, 0xb6,
    0x13, 0x71, 0xc2, 0x1, 0x94, 0xa7, 0xa0, 0x2,
    0x5e, 0xb1, 0x0, 0x0,

    /* U+8D70 "走" */
    0x0, 0xfb, 0x98, 0x3, 0xff, 0x84, 0x66, 0x0,
    0xfe, 0x5f, 0xee, 0x8a, 0xbb, 0xaf, 0x40, 0xc,
    0x99, 0x98, 0xa3, 0x33, 0x20, 0x6, 0x13, 0x22,
    0x80, 0x8b, 0x18, 0x6, 0x33, 0x11, 0x60, 0x22,
    0xc6, 0x61, 0x3, 0xdd, 0x66, 0x62, 0x9c, 0xcb,
    0x74, 0x80, 0x7d, 0xde, 0x2b, 0xee, 0xe5, 0x0,
    0xcf, 0xc0, 0x11, 0x14, 0x66, 0x0, 0xf7, 0xa0,
    0x5, 0x39, 0x8d, 0xd1, 0x80, 0x71, 0xb0, 0x5,
    0x7d, 0xd8, 0xc0, 0x30, 0xa0, 0xd8, 0x80, 0x7f,
    0xd6, 0xba, 0x3c, 0x5a, 0x86, 0x64, 0x55, 0x0,
    0x2d, 0xec, 0x2b, 0x19, 0x6f, 0x31, 0x75, 0xa0,
    0xf, 0xc1, 0x0, 0x1c, 0xef, 0xff, 0x40, 0x0,

    /* U+8D76 "赶" */
    0x0, 0xcb, 0xe0, 0x1f, 0xfc, 0x21, 0x10, 0x0,
    0xff, 0xba, 0xf9, 0x0, 0xb7, 0xec, 0x7f, 0xc7,
    0xfc, 0x73, 0xf2, 0x1, 0x7e, 0xd0, 0xf6, 0x80,
    0x7f, 0x88, 0x82, 0x2, 0x40, 0x1f, 0xc4, 0xed,
    0xa2, 0xce, 0x1, 0xfc, 0xd9, 0x83, 0xa, 0xca,
    0xff, 0x14, 0x7f, 0x8c, 0x12, 0xea, 0x83, 0x17,
    0x6d, 0xd1, 0x3f, 0x69, 0x80, 0x3a, 0x40, 0x4,
    0x60, 0x44, 0xf, 0x12, 0x0, 0x87, 0xc0, 0x13,
    0x8e, 0x1, 0xf8, 0xc3, 0x40, 0x17, 0xec, 0x1,
    0xf9, 0x5, 0xf0, 0x40, 0x3f, 0xea, 0x6d, 0x60,
    0xf7, 0x54, 0x38, 0x33, 0x21, 0x8, 0xa8, 0x6b,
    0x73, 0x11, 0x79, 0x57, 0x96, 0x63, 0x84, 0x0,
    0x27, 0xbd, 0xff, 0xf0, 0x80,

    /* U+8D77 "起" */
    0x0, 0xde, 0x60, 0x1f, 0xfc, 0x68, 0xaa, 0xd2,
    0x1, 0x37, 0x68, 0x6f, 0x35, 0xf7, 0x5a, 0xc0,
    0x13, 0xe7, 0x8d, 0xe3, 0x9a, 0x26, 0x0, 0xc2,
    0x44, 0x6, 0x21, 0x0, 0xfe, 0x22, 0x81, 0x88,
    0xc5, 0x13, 0x0, 0x6f, 0xf8, 0x6f, 0xf5, 0x6e,
    0x21, 0x66, 0x1, 0x6e, 0xcb, 0x3b, 0xce, 0x19,
    0x98, 0x3, 0x41, 0x7, 0x91, 0x0, 0x3f, 0x85,
    0xc0, 0xd, 0xfc, 0x1, 0xd3, 0x0, 0x4, 0x6,
    0x9, 0xdc, 0x0, 0x18, 0x92, 0x8, 0x3, 0xce,
    0x58, 0x2, 0x33, 0x67, 0x68, 0x58, 0x12, 0xf7,
    0xa, 0xa1, 0x92, 0x33, 0x29, 0x71, 0x6, 0x23,
    0xe8, 0x2a, 0xa5, 0xe6, 0x57, 0x40, 0x52, 0x1,
    0x2d, 0x67, 0x7f, 0xf8, 0x40,

    /* U+8D85 "超" */
    0x0, 0xde, 0x60, 0x1f, 0xfc, 0x51, 0xff, 0xf3,
    0x0, 0x1f, 0xfc, 0x19, 0xe9, 0xf4, 0x1f, 0xe1,
    0x30, 0x3, 0x6e, 0x82, 0xf5, 0x43, 0xc, 0x0,
    0x22, 0x0, 0x9, 0x10, 0x1c, 0x80, 0xda, 0x40,
    0x41, 0xc0, 0x19, 0xfe, 0xc, 0xfd, 0xc5, 0x54,
    0x71, 0x18, 0x3, 0x7b, 0xd5, 0xfb, 0x2a, 0x4f,
    0x63, 0x84, 0x2, 0x82, 0x0, 0x8, 0x9b, 0x3a,
    0x2b, 0x14, 0x0, 0x6c, 0x0, 0x6d, 0x70, 0x6,
    0xec, 0x40, 0x13, 0x1, 0x3, 0xca, 0x80, 0x7f,
    0x18, 0x18, 0xa, 0x10, 0x0, 0x46, 0x0, 0xd8,
    0x5a, 0xc0, 0x1d, 0xdd, 0x10, 0x0, 0x92, 0x34,
    0x56, 0x5d, 0xaa, 0xb8, 0x80, 0xa, 0xa3, 0xd8,
    0xb, 0xb5, 0x57, 0x68, 0x0,

    /* U+8DA3 "趣" */
    0x0, 0x8f, 0x40, 0x3f, 0xf8, 0x42, 0x20, 0x4f,
    0xee, 0x7e, 0x80, 0x72, 0x6f, 0x9e, 0x12, 0x5f,
    0x6, 0x4c, 0xb8, 0xc1, 0x37, 0x8f, 0x18, 0x31,
    0x80, 0x66, 0x46, 0x20, 0x10, 0x80, 0x7c, 0x8e,
    0x6, 0x41, 0x97, 0xc7, 0x6e, 0x18, 0xc0, 0xd2,
    0x60, 0x17, 0x56, 0xa7, 0x30, 0x63, 0x1, 0x5f,
    0x28, 0x0, 0x98, 0xc0, 0x44, 0x1, 0xca, 0x26,
    0x0, 0x28, 0x0, 0x53, 0x6, 0x30, 0x28, 0x12,
    0x80, 0x18, 0x8, 0x29, 0x83, 0x60, 0x25, 0xd1,
    0x9c, 0x8, 0x20, 0x0, 0x4a, 0xde, 0x1f, 0x11,
    0x70, 0x6c, 0x2a, 0x1, 0xdf, 0x38, 0x16, 0x11,
    0xc9, 0x22, 0xe2, 0xc3, 0x89, 0x11, 0x8c, 0x8b,
    0x1b, 0x90, 0xd7, 0xf7, 0xfb, 0x1b, 0x7b, 0x74,
    0xa3, 0x0, 0x11, 0xc5, 0xef, 0x7f, 0xf3, 0x80,

    /* U+8DB3 "足" */
    0x0, 0xbb, 0xff, 0xf2, 0x80, 0x71, 0xcf, 0xff,
    0x84, 0x3, 0xff, 0x92, 0x62, 0x45, 0xe0, 0xf,
    0x96, 0xfb, 0x9b, 0xfd, 0xc2, 0x10, 0xe, 0xbc,
    0xc8, 0x63, 0x32, 0x40, 0xe, 0xb5, 0x0, 0xff,
    0xe0, 0xa0, 0x6, 0xbe, 0xeb, 0xd8, 0x2, 0x10,
    0x70, 0xa, 0x3f, 0xed, 0x70, 0x9, 0x1, 0x40,
    0x23, 0x11, 0x88, 0x40, 0x2e, 0x49, 0x70, 0xf,
    0xf1, 0xa4, 0xe5, 0x68, 0xe9, 0x91, 0xd, 0xc,
    0x35, 0x88, 0x9b, 0xc, 0xbb, 0xb6, 0x5a, 0x85,
    0x48, 0x4, 0xb3, 0xbd, 0xff, 0x98,

    /* U+8DBE "趾" */
    0x0, 0xff, 0xb5, 0x80, 0x3b, 0xff, 0x80, 0x3f,
    0xe1, 0xae, 0xb0, 0xf, 0xfe, 0x8, 0x89, 0xc4,
    0x12, 0xc0, 0x3f, 0xf8, 0x2, 0x2, 0xa0, 0x10,
    0x88, 0x2, 0x1b, 0xfc, 0x0, 0xf4, 0xf7, 0x0,
    0x2f, 0xe0, 0xcf, 0x0, 0xe9, 0xff, 0x0, 0xe,
    0x84, 0x4, 0x3, 0xff, 0x80, 0x80, 0xd, 0xf1,
    0x0, 0xff, 0xe0, 0xde, 0x88, 0x7, 0xff, 0x5,
    0x88, 0x3, 0xff, 0x84, 0x8e, 0x1, 0xfe, 0xa1,
    0xd0, 0xbf, 0x10, 0x0, 0x80, 0x4, 0x40, 0x4,
    0x69, 0xed, 0x88, 0x50, 0xf1, 0x4f, 0x71, 0x43,
    0x65, 0x4, 0x1, 0x3f, 0xff, 0x28,

    /* U+8DC3 "跃" */
    0x0, 0xff, 0xe0, 0x88, 0x6, 0xff, 0xe0, 0x14,
    0x6a, 0xea, 0x0, 0xc3, 0xbf, 0xa0, 0xf5, 0xb3,
    0x98, 0xb0, 0xf, 0xc2, 0xf7, 0x22, 0xa4, 0x1,
    0xc3, 0xfb, 0xe2, 0x1, 0xff, 0x6f, 0x94, 0x63,
    0xb3, 0x6, 0xd9, 0x8a, 0x0, 0x2a, 0x20, 0x62,
    0xee, 0x78, 0x1f, 0x70, 0x80, 0x2, 0xc0, 0xe,
    0xc9, 0x8a, 0x2, 0x88, 0x38, 0x7, 0xa3, 0x80,
    0x8, 0x2e, 0x1, 0xfc, 0xc6, 0x0, 0xa9, 0x5,
    0x0, 0xfc, 0xe8, 0x8, 0x4d, 0x30, 0x1, 0x94,
    0x68, 0x2f, 0x86, 0x9c, 0x5c, 0xe4, 0x2, 0x93,
    0xdc, 0xfb, 0xd2, 0x80, 0x6, 0xb4, 0x0, 0x3b,
    0x1c, 0xc3, 0x3, 0x0, 0x23, 0xa5, 0x20, 0x10,
    0xd, 0x98, 0x0, 0xe5, 0xd2,

    /* U+8DD1 "跑" */
    0x0, 0xff, 0xe6, 0xf, 0x98, 0x7, 0xdf, 0xfb,
    0x41, 0x8, 0xc0, 0x3f, 0x77, 0xd8, 0x3, 0xcb,
    0xff, 0x80, 0x3f, 0xa, 0x77, 0xfd, 0x80, 0x1f,
    0xcd, 0x22, 0x1, 0x8, 0x7, 0x77, 0xd8, 0x55,
    0x3f, 0xe2, 0x11, 0x0, 0x5f, 0xe0, 0xdd, 0x60,
    0x5f, 0x88, 0x7, 0x13, 0x80, 0x61, 0x0, 0xfe,
    0x19, 0x0, 0x75, 0x0, 0x79, 0xcc, 0x3, 0xd5,
    0xc0, 0xb, 0xf1, 0xa9, 0x10, 0xf, 0x22, 0x0,
    0x17, 0xfe, 0xaa, 0x70, 0x7, 0xaf, 0x48, 0x3,
    0x13, 0xb0, 0x8a, 0x87, 0x8f, 0xbc, 0x84, 0x3,
    0xa2, 0x2, 0x75, 0xf8, 0xe4, 0x17, 0x6f, 0xfc,
    0x56,

    /* U+8DDD "距" */
    0x0, 0xff, 0xe3, 0x7f, 0xec, 0x1f, 0xff, 0x8c,
    0x2, 0xef, 0xa7, 0x10, 0xef, 0xfe, 0x30, 0xf,
    0xfe, 0x3b, 0xae, 0x0, 0x46, 0x23, 0x80, 0x33,
    0x7d, 0x1e, 0x0, 0x33, 0xfe, 0xe4, 0x0, 0xa6,
    0x43, 0xe, 0x0, 0xfe, 0xe8, 0x40, 0x22, 0x90,
    0x3, 0xa1, 0x0, 0x7f, 0xb, 0x80, 0x26, 0x18,
    0x8, 0x46, 0x0, 0xfd, 0xd8, 0x81, 0x9d, 0xd0,
    0x80, 0x7f, 0xdd, 0xff, 0x90, 0x3, 0xcb, 0x8,
    0x1, 0xfd, 0x23, 0xc1, 0x80, 0xc0, 0x45, 0xe1,
    0x0, 0x46, 0x75, 0xc1, 0x86, 0x6e, 0xf4, 0x80,

    /* U+8DDF "跟" */
    0x3, 0xff, 0xdd, 0x1f, 0xfe, 0x10, 0x0, 0x8b,
    0xfd, 0x81, 0xeb, 0xff, 0x70, 0x8, 0x7, 0xf2,
    0xff, 0xdc, 0x1, 0xc3, 0x10, 0xa0, 0x2, 0xff,
    0xdc, 0x1, 0x8d, 0xc1, 0xce, 0x40, 0x38, 0xc0,
    0x30, 0xc4, 0x7, 0x9c, 0x17, 0xfe, 0xd0, 0x10,
    0x1, 0xf0, 0x0, 0x8c, 0x17, 0xcb, 0x3f, 0x44,
    0x0, 0x20, 0x15, 0x50, 0x2, 0x65, 0x1f, 0x90,
    0xf, 0x44, 0x80, 0x59, 0xba, 0x79, 0x0, 0xff,
    0x99, 0x1a, 0x80, 0x3e, 0x37, 0x0, 0xca, 0xc2,
    0x1, 0x20, 0xd8, 0xe1, 0x0, 0xe4, 0x58, 0xe1,
    0x80, 0x2d, 0xbf, 0xd6, 0xbc, 0x8b, 0x23, 0x8d,
    0x8a, 0x1b, 0x28, 0x1, 0x6d, 0x48, 0x0, 0x6e,
    0x94,

    /* U+8DEF "路" */
    0x0, 0xfe, 0x84, 0x0, 0xfa, 0xab, 0x48, 0xb,
    0x81, 0x14, 0x20, 0x12, 0xff, 0x63, 0x84, 0x94,
    0x77, 0xe9, 0x0, 0x65, 0x44, 0x0, 0xbd, 0x66,
    0x15, 0xc, 0x3, 0x19, 0x30, 0x5b, 0xd2, 0x13,
    0x48, 0x6, 0x3f, 0xd9, 0x5b, 0x8f, 0xaf, 0x92,
    0x0, 0xd9, 0x81, 0xeb, 0x10, 0x13, 0x2d, 0x10,
    0x8, 0x64, 0x3, 0x25, 0x6d, 0xf9, 0xf5, 0x18,
    0x1b, 0x80, 0x33, 0x79, 0xac, 0x93, 0x60, 0x4,
    0x3, 0xaf, 0x28, 0xa7, 0xfd, 0x10, 0xa2, 0x0,
    0xe7, 0x10, 0x7, 0x5d, 0xbc, 0x40, 0x38, 0x42,
    0x71, 0x80, 0x3f, 0xa0, 0x7d, 0x33, 0x58, 0x37,
    0xfd, 0x80, 0x1b, 0x6f, 0xa9, 0x84, 0x1, 0xbf,
    0xec, 0x10, 0x9, 0xd0, 0x3, 0xb8, 0x80, 0x7,
    0xe0, 0x0,

    /* U+8DF3 "跳" */
    0x0, 0xfc, 0x76, 0x5e, 0x1, 0xd9, 0xff, 0x48,
    0x4, 0x86, 0x1, 0xe7, 0xaf, 0x70, 0x53, 0x0,
    0xea, 0x60, 0xf, 0xba, 0x40, 0x40, 0x2, 0xa4,
    0x0, 0x73, 0x10, 0x7, 0x28, 0x6, 0x93, 0x40,
    0x3, 0xc7, 0x30, 0xb9, 0x30, 0x4, 0xb2, 0x1,
    0x5f, 0x15, 0x41, 0x6b, 0x0, 0x5a, 0xa0, 0x14,
    0xa0, 0x11, 0x0, 0x14, 0x60, 0x8, 0x0, 0xca,
    0x21, 0x14, 0x7a, 0xec, 0x0, 0x5b, 0x0, 0xf5,
    0x5e, 0x54, 0x98, 0x3, 0x1d, 0x0, 0x3c, 0x7a,
    0xf7, 0x80, 0x1, 0xc4, 0x0, 0xed, 0x82, 0x52,
    0x40, 0x8, 0x98, 0x10, 0xa8, 0xc2, 0xd2, 0xac,
    0x2, 0x25, 0x90, 0x2, 0xdf, 0x4a, 0xdb, 0xa8,
    0x9, 0x6c, 0x38, 0x25, 0xa0, 0x1, 0xea, 0x0,
    0x2d, 0xff, 0x40, 0x0,

    /* U+8E1D "踝" */
    0xd, 0xee, 0xc5, 0x9d, 0xde, 0x10, 0x1, 0xd7,
    0x70, 0x80, 0x6b, 0x8f, 0x7c, 0x40, 0x23, 0x0,
    0xf3, 0x80, 0x42, 0x1, 0x8c, 0x3, 0xd9, 0xe5,
    0x9e, 0x1, 0x8a, 0x37, 0x84, 0x1, 0x9e, 0x59,
    0xe0, 0x1b, 0x31, 0x25, 0xa4, 0x7d, 0x85, 0xd8,
    0x1, 0x8c, 0x3, 0xb7, 0xbc, 0x6f, 0xf0, 0x40,
    0x18, 0x60, 0x78, 0x62, 0x30, 0x10, 0x88, 0x80,
    0x2, 0x0, 0x29, 0x6c, 0xc6, 0x8d, 0xe6, 0x3c,
    0x3, 0x85, 0x55, 0xde, 0x0, 0x18, 0xed, 0x0,
    0xfe, 0xb5, 0x29, 0x81, 0x0, 0xe1, 0x2a, 0x35,
    0x4b, 0x4, 0x46, 0x80, 0x10, 0x72, 0x97, 0x52,
    0xb4, 0x40, 0x16, 0x3a, 0x4c, 0xcb, 0xfb, 0x7f,
    0xa3, 0x3, 0x1, 0xca, 0x22, 0x4a, 0x0, 0x50,
    0xa0, 0x13, 0x80, 0xb8, 0x0,

    /* U+8E22 "踢" */
    0x0, 0xfb, 0x7f, 0xfc, 0x20, 0xb, 0xff, 0xb0,
    0x1, 0x5f, 0xf7, 0x0, 0x80, 0x6, 0x7e, 0x80,
    0x28, 0xcc, 0xb4, 0x3, 0xfe, 0x58, 0x8a, 0x40,
    0x30, 0xd4, 0xf0, 0x5, 0xca, 0xb3, 0x80, 0x6e,
    0xb7, 0x2a, 0x1, 0x9e, 0xff, 0x60, 0x88, 0x0,
    0xae, 0x14, 0xc1, 0xa1, 0x7d, 0xd8, 0x40, 0x1a,
    0x80, 0xa4, 0x16, 0x11, 0x99, 0xc0, 0x1, 0x0,
    0x5d, 0x9d, 0x30, 0xad, 0x2, 0xc, 0x3, 0xba,
    0x4f, 0x50, 0x1d, 0x6d, 0xc4, 0x3, 0xe4, 0x58,
    0xd5, 0x26, 0x73, 0x0, 0xe6, 0x56, 0x9c, 0x1a,
    0x81, 0x18, 0x10, 0xa0, 0x6f, 0x5b, 0x87, 0x15,
    0xc3, 0x5c, 0x1c, 0xaf, 0x7a, 0x1, 0xb5, 0x29,
    0x71, 0xf8, 0xf, 0x1c, 0x80, 0x23, 0x8a, 0x7,
    0x5c, 0x50,

    /* U+8E48 "蹈" */
    0x0, 0xfe, 0x24, 0x69, 0xd8, 0x0, 0x77, 0xfd,
    0x65, 0xfe, 0xc8, 0xd0, 0xad, 0x0, 0x1d, 0xfc,
    0x81, 0x77, 0xf4, 0x5c, 0xb0, 0x7, 0xf6, 0x10,
    0xda, 0x3, 0x40, 0x0, 0xeb, 0x60, 0x0, 0xf0,
    0x28, 0x43, 0x32, 0x0, 0x7f, 0x8e, 0xe8, 0x26,
    0x41, 0x6c, 0xc, 0x80, 0x1, 0x10, 0x8, 0x80,
    0xca, 0x40, 0x28, 0x0, 0x9c, 0x80, 0x8c, 0x2f,
    0x15, 0x7, 0xfb, 0xc0, 0x12, 0x21, 0xf6, 0x9,
    0xf8, 0x83, 0xda, 0x20, 0x1d, 0xb0, 0x0, 0xfd,
    0x42, 0xed, 0x0, 0xff, 0x4f, 0x21, 0x6d, 0x80,
    0x64, 0x8, 0xe1, 0x6, 0x30, 0x1, 0xb0, 0x2,
    0x46, 0x9e, 0x7c, 0x43, 0x7f, 0xf6, 0x8, 0x5f,
    0x6c, 0xa8, 0x80, 0x33, 0xff, 0x60, 0x0, 0x84,
    0x3, 0xc2, 0x1, 0x8f, 0xc0,

    /* U+8EAB "身" */
    0x0, 0xf1, 0xa0, 0x7, 0xff, 0xa, 0xa8, 0x1,
    0xff, 0x1e, 0x61, 0x83, 0x33, 0x58, 0x7, 0x9c,
    0xfb, 0x73, 0xba, 0xb6, 0x0, 0xfc, 0x45, 0xf0,
    0x7, 0xf7, 0xff, 0xa8, 0x3, 0xfb, 0xff, 0xd4,
    0x0, 0x40, 0xf, 0x77, 0x7a, 0x82, 0x2d, 0x40,
    0x3b, 0xff, 0xd2, 0x4f, 0x6a, 0x6, 0x62, 0x2,
    0x2f, 0x60, 0x5a, 0x0, 0x23, 0x60, 0x77, 0x76,
    0x61, 0x49, 0x0, 0x2b, 0xee, 0xf3, 0x3, 0x50,
    0x7, 0xf9, 0xb5, 0xae, 0x40, 0x3f, 0x1c, 0x75,
    0xdb, 0x90, 0x3, 0xe8, 0xec, 0x3a, 0xd6, 0x3,
    0x99, 0x8, 0x6, 0xb8, 0xeb, 0x40, 0x8, 0x9d,
    0xd0, 0x1, 0x0,

    /* U+8F66 "车" */
    0x0, 0xf8, 0x80, 0x3f, 0xf8, 0x4b, 0xa4, 0x1,
    0xff, 0xc1, 0x95, 0x20, 0xf, 0xcb, 0xff, 0x8d,
    0x7f, 0xfb, 0x80, 0x24, 0xcc, 0x85, 0xb7, 0x7b,
    0x34, 0x2, 0x13, 0x32, 0x1c, 0x84, 0x19, 0x10,
    0xcc, 0x1, 0xc7, 0x12, 0x0, 0x53, 0x0, 0xfc,
    0xb8, 0x8e, 0x6e, 0xe, 0x66, 0x42, 0x0, 0xf2,
    0x6e, 0xac, 0x2f, 0x75, 0x56, 0x1, 0x97, 0x7f,
    0xb9, 0x81, 0xfd, 0xd4, 0x80, 0x71, 0x0, 0x7f,
    0xf0, 0x7f, 0xfd, 0xa1, 0xdf, 0xfc, 0x61, 0x76,
    0xcc, 0xd4, 0x15, 0x99, 0x5d, 0x8c, 0x11, 0x6,
    0x79, 0xc1, 0xc, 0xe4, 0x40, 0x7, 0xf8, 0xc0,
    0x3f, 0xf8, 0x22, 0x1, 0xf8,

    /* U+8F6C "转" */
    0x0, 0xff, 0x8, 0x7, 0xea, 0xa0, 0x7, 0x7b,
    0x80, 0x7c, 0x9c, 0x1, 0xc2, 0xa0, 0x18, 0x7b,
    0x46, 0x76, 0x5a, 0xf0, 0x26, 0xed, 0x20, 0x3a,
    0x8b, 0xfe, 0xb4, 0x84, 0x38, 0x8a, 0x80, 0x6,
    0x9c, 0xe6, 0x44, 0x31, 0x43, 0x3c, 0x0, 0x30,
    0x48, 0x50, 0xdd, 0x33, 0x37, 0x6e, 0x40, 0xe7,
    0x43, 0x32, 0x77, 0x3, 0x7f, 0xed, 0x40, 0x34,
    0x91, 0x98, 0x36, 0x23, 0x22, 0x8c, 0x1, 0xdc,
    0xd2, 0xac, 0xc, 0x2e, 0xec, 0xc0, 0x1e, 0xc7,
    0x9, 0xfe, 0xe2, 0x92, 0x1, 0x6f, 0xf8, 0x8f,
    0xc1, 0x0, 0x12, 0xf8, 0x40, 0x53, 0xbe, 0x5f,
    0x1, 0xdc, 0xa7, 0xd0, 0xc, 0x84, 0x1, 0xd5,
    0xac, 0x6a, 0x1, 0xf1, 0x88, 0x4, 0x79, 0x76,
    0x20, 0xf, 0x72, 0x80, 0x73, 0x71, 0x0, 0x0,

    /* U+8F6E "轮" */
    0x0, 0xff, 0x18, 0x7, 0xe5, 0xe0, 0xc, 0x78,
    0xa0, 0x1f, 0x63, 0x80, 0x6a, 0xc, 0x0, 0xc3,
    0xda, 0xcf, 0xba, 0x91, 0x69, 0x45, 0x0, 0x87,
    0x6c, 0x73, 0xfa, 0xf5, 0x1b, 0xa9, 0x40, 0x23,
    0xc7, 0x16, 0x38, 0x2a, 0x3, 0xaa, 0x84, 0x5,
    0x6e, 0xdc, 0xaa, 0x64, 0x0, 0x2d, 0xa2, 0x2,
    0x90, 0xc0, 0x9, 0xa1, 0x80, 0x13, 0x7a, 0x83,
    0x27, 0xba, 0xfb, 0x80, 0x45, 0x98, 0x10, 0x6,
    0x7f, 0x42, 0xf2, 0x81, 0xc6, 0xaf, 0x80, 0x42,
    0x1, 0x84, 0x40, 0xa3, 0xb2, 0x20, 0x14, 0xde,
    0x4a, 0xe3, 0x3, 0x49, 0x0, 0x77, 0x6f, 0xb2,
    0xeb, 0x80, 0x71, 0xa0, 0x1, 0xd8, 0xfc, 0x3,
    0x10, 0x5, 0x54, 0x0, 0xef, 0x0, 0xb1, 0x3f,
    0xe6, 0xb0, 0xf, 0x8, 0x1, 0x3f, 0xf9, 0x40,

    /* U+8F7B "轻" */
    0x0, 0x84, 0x3, 0xff, 0x87, 0x3c, 0x1, 0x8,
    0xf8, 0x3, 0x89, 0xc0, 0xb, 0xdd, 0xd2, 0x1,
    0x7f, 0x95, 0xbf, 0xcd, 0xff, 0x40, 0xc8, 0x5,
    0xd8, 0x1d, 0xfc, 0x60, 0x3, 0x88, 0x8, 0x4,
    0x28, 0x85, 0x61, 0x0, 0x1e, 0x85, 0x98, 0x6,
    0xae, 0xcc, 0x0, 0x17, 0x17, 0x93, 0x20, 0x0,
    0xe4, 0x4, 0x2b, 0x14, 0xd6, 0x33, 0x4c, 0x41,
    0xc5, 0x2e, 0xb3, 0x2a, 0x90, 0x9, 0x78, 0x82,
    0x77, 0x15, 0x30, 0x63, 0xff, 0xa0, 0x3, 0xc2,
    0xc5, 0x9d, 0x83, 0xfd, 0x0, 0x7, 0x9c, 0x74,
    0xa1, 0x18, 0x2, 0x10, 0xb, 0x4e, 0x59, 0x70,
    0xc0, 0x3f, 0xaa, 0x8a, 0x20, 0x2, 0x32, 0x60,
    0x22, 0x18, 0x80, 0x7d, 0x1b, 0x96, 0x19, 0x8d,
    0x60, 0xf, 0xab, 0xbb, 0xe7,

    /* U+8F7D "载" */
    0x0, 0xff, 0xe4, 0x63, 0x80, 0x5e, 0x46, 0xe0,
    0x19, 0xae, 0xc5, 0x57, 0x61, 0x0, 0x14, 0xc0,
    0x4, 0x91, 0x2, 0x58, 0xf1, 0x3, 0x1d, 0xb0,
    0x0, 0x88, 0x3, 0x9c, 0xc5, 0xc, 0x0, 0x80,
    0xbf, 0x10, 0x13, 0x88, 0x86, 0x62, 0x30, 0x26,
    0x5f, 0x94, 0x5d, 0xc7, 0x17, 0x15, 0x80, 0xe,
    0xfb, 0xc, 0xff, 0x2b, 0x10, 0x7c, 0x0, 0x5e,
    0xe7, 0x93, 0xfc, 0xa5, 0xc0, 0x74, 0x1, 0x2b,
    0x6b, 0x58, 0x8, 0x69, 0xa9, 0x98, 0x2, 0x31,
    0xea, 0x2f, 0xf1, 0x22, 0x22, 0x40, 0x33, 0xff,
    0xa8, 0xbf, 0xc4, 0x26, 0xa, 0x1, 0x91, 0x5f,
    0xcb, 0x7c, 0xc4, 0x8c, 0x0, 0x60, 0xb, 0xb6,
    0x9, 0x7f, 0x8b, 0x1d, 0x65, 0x74, 0x1, 0xdc,
    0xbe, 0x2, 0x26, 0x34, 0xd3, 0xd3, 0x0, 0x4,
    0x3, 0x9d, 0xd6, 0x3, 0x8f, 0x0,

    /* U+8F83 "较" */
    0x0, 0x84, 0x3, 0xc4, 0x1, 0xfb, 0xdc, 0x3,
    0xe, 0xb8, 0x7, 0x88, 0x54, 0x0, 0x22, 0x8,
    0xf1, 0x11, 0x0, 0xfe, 0x86, 0xfd, 0x47, 0xfa,
    0x5b, 0xfd, 0xa2, 0x2e, 0x47, 0xfe, 0xb9, 0xec,
    0xee, 0x7f, 0xc2, 0x2, 0x96, 0xa2, 0x20, 0x5d,
    0x20, 0xad, 0x0, 0x94, 0x89, 0x44, 0x5, 0x4a,
    0x41, 0x7, 0x60, 0x8, 0x53, 0x1, 0x17, 0x1d,
    0x0, 0xe, 0xd8, 0x44, 0x4d, 0x81, 0xb7, 0xb5,
    0x60, 0xf, 0x3d, 0x11, 0x7f, 0x78, 0x7d, 0xa,
    0xa0, 0x98, 0x20, 0x7, 0xe2, 0x13, 0x27, 0x42,
    0x30, 0x0, 0xac, 0x58, 0x76, 0x28, 0x55, 0xcd,
    0x80, 0x47, 0x48, 0x61, 0xbc, 0x80, 0xc4, 0xc,
    0x1, 0x17, 0x64, 0x1, 0x80, 0xb, 0x44, 0x52,
    0x40, 0x10, 0x80, 0x46, 0xb7, 0xaf, 0xf8, 0x9b,
    0xa4, 0x0, 0x8c, 0x0, 0xcf, 0x56, 0x27, 0xb4,
    0xc8,

    /* U+8F88 "辈" */
    0x0, 0xe2, 0xf0, 0x1f, 0x10, 0xf, 0x57, 0x75,
    0x80, 0x1b, 0x37, 0x68, 0x0, 0x57, 0x75, 0x80,
    0x1b, 0x33, 0x40, 0x0, 0xbb, 0xac, 0x0, 0xd9,
    0x98, 0x2, 0x2e, 0xeb, 0x0, 0x36, 0x6e, 0xc0,
    0x17, 0x76, 0xc0, 0xd, 0x9b, 0xb8, 0x1, 0xdd,
    0xbc, 0x8c, 0x63, 0x77, 0x80, 0x17, 0xbb, 0x79,
    0x76, 0xd6, 0xee, 0x20, 0x5, 0x6e, 0x9c, 0xbf,
    0x77, 0xd8, 0x40, 0x1, 0x9, 0x7d, 0x8, 0xa0,
    0xc, 0x20, 0x1a, 0x98, 0xff, 0x9d, 0x7b, 0xb0,
    0x80, 0x6a, 0xfe, 0xe9, 0xd7, 0xbb, 0x8, 0x1,
    0x7f, 0xbb, 0x9d, 0x7b, 0xbb, 0xd5, 0x5f, 0xdd,
    0xce, 0xbd, 0xdd, 0xea, 0x1, 0xff, 0xc4,

    /* U+8F9B "辛" */
    0x0, 0xf8, 0x80, 0x3f, 0xf8, 0x47, 0xa8, 0x1,
    0xff, 0xc1, 0x34, 0x10, 0xf, 0xd1, 0xff, 0xc9,
    0x5f, 0xfc, 0x40, 0x9, 0xde, 0xe6, 0xf7, 0x68,
    0xce, 0xd2, 0x0, 0x9, 0xe, 0xd8, 0x8c, 0x11,
    0x62, 0x40, 0x1e, 0x46, 0x0, 0x98, 0x60, 0x3,
    0xb, 0x2a, 0x81, 0x57, 0x4a, 0x2a, 0xcc, 0x5,
    0x5d, 0xc3, 0x1e, 0xa8, 0x51, 0xee, 0xa8, 0xf,
    0x2e, 0xf8, 0xae, 0xfd, 0x80, 0x1, 0x1f, 0x0,
    0x8f, 0x80, 0x2b, 0xee, 0xe2, 0x8e, 0xee, 0x20,
    0x5, 0x7f, 0xf1, 0x4f, 0xff, 0x10, 0x7, 0xff,
    0x70, 0xc4, 0x3, 0xe0,

    /* U+8FA3 "辣" */
    0x0, 0x16, 0x88, 0x7, 0x72, 0x80, 0x78, 0x85,
    0x40, 0x4c, 0x88, 0x6, 0x45, 0x1, 0xff, 0x15,
    0x73, 0x77, 0xf8, 0x63, 0xf3, 0xc0, 0xaf, 0x32,
    0xa7, 0xdd, 0x8a, 0xb7, 0xb4, 0x4, 0x10, 0x94,
    0x80, 0x46, 0x1, 0x18, 0x2, 0x28, 0xb, 0x0,
    0x67, 0xe1, 0x5e, 0x72, 0x80, 0x11, 0x88, 0xd4,
    0x1, 0x7a, 0x55, 0xa6, 0x0, 0x4c, 0x6d, 0x1c,
    0x40, 0xf, 0xe4, 0xee, 0x6, 0xfa, 0x5, 0x79,
    0x5f, 0x98, 0x4, 0x88, 0x6, 0x41, 0xdc, 0x1,
    0xb, 0xf5, 0x1, 0x88, 0x4, 0xc2, 0x84, 0xb1,
    0xb5, 0x8, 0x0, 0x72, 0x47, 0x30, 0x8a, 0x90,
    0x1a, 0x98, 0x40, 0x17, 0x38, 0x0, 0xea, 0xc4,
    0x1, 0x43, 0x82, 0xc, 0x96, 0x0, 0x87, 0x50,
    0xd, 0x94, 0x20, 0x2e, 0x40, 0xa, 0x80, 0x1,
    0x88, 0x1, 0x0, 0xf, 0x0, 0x10, 0x80, 0x5c,
    0xa0, 0x18,

    /* U+8FB9 "边" */
    0x0, 0xff, 0xe2, 0x8c, 0x88, 0x6, 0x5f, 0x10,
    0xf, 0xb, 0xc8, 0x7, 0x84, 0x3, 0xe6, 0x60,
    0x7, 0xff, 0xa, 0x64, 0x9, 0xfe, 0xa0, 0xff,
    0xc8, 0x1, 0xb, 0x82, 0xde, 0x31, 0x6e, 0xb0,
    0x18, 0x9, 0xc, 0xc0, 0x28, 0x66, 0x72, 0x28,
    0xc, 0x12, 0xb7, 0x0, 0x32, 0x60, 0x0, 0xc0,
    0x41, 0xba, 0x80, 0x32, 0x8b, 0x80, 0x4, 0x3,
    0xfd, 0xa, 0x20, 0x7, 0x10, 0xf, 0xd4, 0x50,
    0x1, 0x61, 0x80, 0x7c, 0xcb, 0x44, 0x11, 0xee,
    0xa0, 0x1b, 0x42, 0x9f, 0x14, 0x1, 0x71, 0x90,
    0x1, 0x52, 0xf6, 0x7c, 0x41, 0x95, 0xcd, 0xd1,
    0x48, 0x5b, 0x85, 0xbf, 0x4a, 0xef, 0xd4, 0x43,
    0x84, 0x0, 0x16, 0xad, 0xef, 0xfe, 0x0,

    /* U+8FBE "达" */
    0x0, 0x28, 0x7, 0xad, 0x40, 0x3c, 0x37, 0x20,
    0x1c, 0xa4, 0x1, 0xe1, 0xd6, 0x60, 0x6, 0x31,
    0x0, 0xf8, 0xe0, 0xc0, 0x38, 0xc0, 0x3f, 0x3a,
    0xdf, 0xfc, 0x55, 0xff, 0x48, 0x1, 0xc, 0xc1,
    0x5d, 0xcd, 0xb, 0xee, 0xa0, 0x1, 0x5d, 0x86,
    0x23, 0x38, 0x20, 0x8e, 0x0, 0x76, 0x0, 0x77,
    0x2b, 0x38, 0x7, 0xfc, 0x88, 0x92, 0x87, 0x0,
    0xfe, 0x3b, 0x73, 0x4a, 0x87, 0x0, 0xf9, 0x71,
    0x60, 0x0, 0xb3, 0xc, 0x1, 0x40, 0x70, 0x45,
    0x0, 0x66, 0x97, 0x1, 0xc5, 0xeb, 0xac, 0x75,
    0x44, 0xc6, 0xe2, 0x24, 0xd1, 0x6e, 0xcc, 0x45,
    0xde, 0xa8, 0x10, 0x81, 0x0, 0xb, 0xde, 0xff,
    0xf7, 0x0,

    /* U+8FC5 "迅" */
    0x0, 0x40, 0x7, 0xff, 0xd, 0x98, 0x19, 0xff,
    0xf0, 0x7, 0x35, 0x86, 0x7d, 0x8f, 0xfa, 0xc0,
    0x3d, 0x50, 0x1, 0xf8, 0x40, 0x38, 0x94, 0x3,
    0xe1, 0x30, 0x8, 0x9d, 0xe0, 0x44, 0x18, 0xa2,
    0x80, 0x80, 0x6f, 0xe8, 0xe, 0xfb, 0xf, 0x91,
    0x10, 0x4, 0x51, 0xa2, 0x15, 0x70, 0x37, 0x80,
    0x1f, 0xfc, 0x46, 0x20, 0xf, 0xfe, 0x11, 0x1,
    0xb0, 0x7, 0xf0, 0x80, 0x49, 0xd2, 0xa0, 0x10,
    0x80, 0x7e, 0x93, 0x25, 0x6, 0x8a, 0xbb, 0x46,
    0x2a, 0xe7, 0x9a, 0x11, 0x57, 0x2d, 0xf0, 0xa2,
    0x2e, 0xaa, 0x8a, 0x11, 0x61, 0x0, 0x16, 0x73,
    0xb9, 0xff, 0xb4, 0x0,

    /* U+8FC7 "过" */
    0x0, 0x20, 0x7, 0xef, 0x60, 0xc, 0x37, 0x0,
    0x1f, 0x8, 0x7, 0xc, 0x39, 0x80, 0x78, 0xc0,
    0x3c, 0xe6, 0xcc, 0xff, 0xe2, 0x9f, 0xc0, 0xd,
    0x8a, 0xdd, 0xdc, 0x53, 0xda, 0x0, 0x21, 0x10,
    0x0, 0xdc, 0x46, 0x0, 0x8, 0x80, 0x77, 0xb8,
    0xa0, 0xb2, 0x40, 0x1f, 0xf, 0xf8, 0x40, 0xe,
    0x16, 0x1, 0xff, 0xc2, 0x70, 0xf, 0xfe, 0x1c,
    0x48, 0x7, 0xff, 0x10, 0x48, 0x86, 0x1, 0xc8,
    0x3a, 0x1, 0xb3, 0x45, 0x0, 0x34, 0xd5, 0x8f,
    0x53, 0xad, 0x45, 0x2a, 0xc2, 0x49, 0xa9, 0x38,
    0x75, 0x71, 0xb, 0xb5, 0x40, 0x96, 0x98, 0x0,
    0xa7, 0x7b, 0xff, 0xb4, 0x0,

    /* U+8FD0 "运" */
    0x0, 0x38, 0x7, 0xff, 0x4, 0x66, 0x0, 0x1d,
    0xff, 0xe4, 0x0, 0xe, 0xb9, 0x86, 0x6f, 0x76,
    0xd4, 0x0, 0x8f, 0xc, 0x8, 0x82, 0x38, 0x80,
    0x38, 0xc1, 0x13, 0xf8, 0x41, 0x95, 0x49, 0x75,
    0x4b, 0xb5, 0x55, 0x68, 0x15, 0xd4, 0x1f, 0xde,
    0x19, 0xdd, 0x7a, 0x86, 0x59, 0x0, 0x4e, 0x66,
    0x1a, 0x0, 0xff, 0x47, 0x80, 0xb4, 0x80, 0x7e,
    0xa2, 0x4, 0x65, 0x65, 0x0, 0xf0, 0xa9, 0x7f,
    0x73, 0xda, 0x0, 0x23, 0x37, 0xf, 0x73, 0x2a,
    0x1a, 0x70, 0x6, 0xb2, 0x47, 0xa5, 0x50, 0xce,
    0x44, 0x28, 0xb6, 0x3d, 0xd1, 0x45, 0x66, 0x57,
    0x44, 0x18, 0x60, 0x4, 0xad, 0xef, 0xfe, 0x70,

    /* U+8FD1 "近" */
    0x0, 0xff, 0xe0, 0x1a, 0x0, 0x6c, 0x70, 0xa,
    0x26, 0xf7, 0xf2, 0x80, 0x34, 0xc2, 0x80, 0x1c,
    0x36, 0x33, 0xb8, 0x1, 0x95, 0xe0, 0x2, 0xb6,
    0x53, 0x10, 0xf, 0x46, 0x80, 0x7f, 0xf0, 0x10,
    0xcc, 0x1, 0xb7, 0xff, 0xc2, 0x2a, 0xec, 0x20,
    0x10, 0xde, 0xd0, 0xbe, 0xd1, 0x17, 0x60, 0x4,
    0x40, 0x42, 0x60, 0xe2, 0x40, 0x1f, 0x21, 0x0,
    0x7f, 0xf0, 0xa9, 0x0, 0x3f, 0xf8, 0x2e, 0x56,
    0x1, 0xfe, 0x30, 0x70, 0x82, 0x0, 0xfe, 0x5c,
    0x59, 0xae, 0x64, 0x32, 0xa0, 0x45, 0x21, 0x8b,
    0xac, 0xf1, 0xd9, 0xdc, 0xac, 0xba, 0x31, 0xd5,
    0x0, 0x14, 0x5e, 0xf7, 0xff, 0x8,

    /* U+8FD4 "返" */
    0x0, 0x29, 0x80, 0x7c, 0x28, 0xa0, 0x1b, 0xa4,
    0x0, 0xb7, 0x6d, 0xfe, 0xba, 0x30, 0xb, 0x94,
    0x40, 0x9b, 0xa7, 0x37, 0xbc, 0xc0, 0x25, 0x60,
    0x0, 0x89, 0x50, 0xc8, 0x40, 0x3d, 0x22, 0x0,
    0x2a, 0xae, 0x80, 0x8, 0xce, 0x0, 0x8f, 0xff,
    0x31, 0x0, 0x5f, 0xd8, 0x20, 0x2c, 0xa6, 0xaa,
    0x1c, 0x0, 0xb3, 0x80, 0x2e, 0x13, 0x8c, 0x42,
    0x70, 0xf, 0xc9, 0xa7, 0xef, 0x68, 0x20, 0x1f,
    0x19, 0x28, 0x9, 0x82, 0x30, 0x7, 0xdc, 0x84,
    0x76, 0xd9, 0x12, 0xc0, 0x13, 0x82, 0x2c, 0x8f,
    0x17, 0x9b, 0xcb, 0x80, 0x16, 0xd6, 0x52, 0x92,
    0x68, 0x8d, 0xd, 0xcc, 0x26, 0x2b, 0x3c, 0x3a,
    0x73, 0x2b, 0xa9, 0x10, 0xc7, 0x0, 0x1c, 0x5e,
    0xff, 0xf8, 0x80,

    /* U+8FD8 "还" */
    0x0, 0x30, 0x7, 0xff, 0x8, 0x62, 0x1, 0xdf,
    0xff, 0x90, 0x0, 0x36, 0xe7, 0x9d, 0xcd, 0x8,
    0xee, 0x6a, 0x0, 0x4a, 0xc0, 0x42, 0x25, 0x17,
    0x11, 0x10, 0x7, 0x49, 0x80, 0x6, 0x8, 0x3,
    0xc2, 0xca, 0xa0, 0xa, 0x80, 0x2d, 0x50, 0x8,
    0xea, 0x68, 0x1, 0x2a, 0xe0, 0xa, 0xa1, 0x80,
    0xb, 0x20, 0x1, 0x2f, 0x9c, 0x0, 0x76, 0xd2,
    0x0, 0xe8, 0x4f, 0x20, 0xd, 0x25, 0x40, 0x1d,
    0x1a, 0x20, 0x1e, 0xc8, 0x0, 0xff, 0xe3, 0x98,
    0x28, 0x6, 0x70, 0xf, 0x9a, 0x1a, 0x36, 0x54,
    0xa0, 0xcc, 0x88, 0x60, 0x18, 0xa9, 0xd8, 0x39,
    0xac, 0xca, 0xee, 0x1, 0xf5, 0x0, 0x2d, 0x67,
    0x7f, 0xf6, 0x80,

    /* U+8FD9 "这" */
    0x0, 0xff, 0xe2, 0xa, 0x0, 0x61, 0xe3, 0x0,
    0xf3, 0x59, 0x80, 0x43, 0x18, 0x40, 0x1c, 0xeb,
    0xc0, 0x19, 0xa4, 0xc0, 0x3d, 0x6c, 0x57, 0xff,
    0x4f, 0x7f, 0xc2, 0x0, 0x1b, 0x2a, 0xde, 0xff,
    0x70, 0x57, 0x8, 0x7, 0xc, 0xe8, 0x82, 0x82,
    0x88, 0x3, 0xfe, 0x40, 0x91, 0xc2, 0xf5, 0x0,
    0xdf, 0xe1, 0x0, 0x16, 0xb6, 0x24, 0x80, 0x7f,
    0xd2, 0x20, 0xe0, 0x1f, 0xe3, 0xc5, 0x6b, 0x50,
    0xf, 0x8e, 0xb2, 0x6a, 0x5e, 0x94, 0x2, 0x31,
    0xd7, 0x1d, 0x70, 0x4, 0x30, 0x80, 0xd7, 0x51,
    0xd1, 0x3a, 0x26, 0xc2, 0x41, 0xc, 0x5a, 0xd0,
    0x9a, 0xbb, 0xaa, 0x44,

    /* U+8FDB "进" */
    0x0, 0x30, 0x80, 0x49, 0xc0, 0xf, 0x40, 0xe,
    0xb8, 0x0, 0x9c, 0x40, 0x27, 0x0, 0xeb, 0x60,
    0x23, 0x60, 0x22, 0x3, 0x19, 0x0, 0x4c, 0xc1,
    0x9c, 0xb0, 0xcc, 0x5, 0xef, 0x0, 0x69, 0x1b,
    0xfa, 0x1e, 0xe0, 0x6f, 0x60, 0x2, 0xea, 0x80,
    0x10, 0x98, 0x7, 0xe3, 0x32, 0x82, 0x1e, 0x89,
    0x98, 0x14, 0xd0, 0x1, 0x1a, 0x21, 0x5c, 0xc7,
    0xdc, 0x8, 0xea, 0x10, 0xe, 0xed, 0x47, 0xdd,
    0x6, 0xeb, 0x84, 0x3, 0xe4, 0xc0, 0xf, 0xfe,
    0xb, 0x2, 0x0, 0x7f, 0x8, 0x89, 0x26, 0x0,
    0x33, 0x80, 0x43, 0x30, 0xfd, 0x22, 0x68, 0x67,
    0x11, 0xa0, 0x88, 0x36, 0x33, 0xa7, 0xa7, 0x30,
    0x73, 0x96, 0x61, 0x20, 0x11, 0xbd, 0xef, 0xff,
    0x88,

    /* U+8FDC "远" */
    0x3, 0x60, 0xf, 0xfe, 0x1c, 0xb8, 0xf, 0xff,
    0xce, 0x1, 0x1d, 0xc1, 0x8e, 0xeb, 0xbb, 0x6b,
    0x0, 0x64, 0xd3, 0x2, 0x20, 0x8e, 0x21, 0x0,
    0xe2, 0x17, 0x7f, 0xe5, 0x2, 0xfe, 0xe2, 0x77,
    0xdd, 0xbe, 0xaf, 0xfc, 0x60, 0x59, 0x80, 0x69,
    0x85, 0x48, 0x6b, 0x88, 0x30, 0x0, 0xc8, 0x3,
    0x17, 0x80, 0x7f, 0xf0, 0x98, 0x80, 0x3f, 0xf8,
    0x26, 0x48, 0x1, 0x99, 0x80, 0x1e, 0x1e, 0x51,
    0x0, 0x70, 0xee, 0x80, 0x30, 0xac, 0x8d, 0x0,
    0x35, 0xb9, 0x64, 0x0, 0xfd, 0x18, 0xa8, 0xa6,
    0x64, 0xcc, 0x6b, 0x9, 0xce, 0x3d, 0x70, 0x76,
    0xe6, 0xe6, 0x56, 0x7, 0xc4, 0x0, 0x38, 0xbe,
    0xff, 0xf0, 0x80,

    /* U+8FDE "连" */
    0x0, 0x10, 0x7, 0x2d, 0x80, 0x7c, 0xd8, 0x20,
    0x1b, 0x88, 0x3, 0xe6, 0x2a, 0xe, 0xe9, 0x1f,
    0xbb, 0x50, 0x5, 0xc8, 0x79, 0x82, 0x6d, 0x8c,
    0xca, 0x0, 0x22, 0xe3, 0x21, 0x38, 0x9, 0x22,
    0xc0, 0x2, 0x10, 0x0, 0xf3, 0x83, 0x88, 0xe0,
    0xb, 0x7b, 0x80, 0xa4, 0xdf, 0x43, 0xfe, 0xe3,
    0x0, 0x7d, 0x80, 0x13, 0xfb, 0x9a, 0x3d, 0xcf,
    0x30, 0xf, 0x8, 0x80, 0x3e, 0x10, 0xf, 0x77,
    0x3f, 0xd8, 0x3f, 0xf7, 0x0, 0x7b, 0xff, 0x60,
    0xff, 0xe0, 0xf, 0xf8, 0x40, 0x3c, 0xb1, 0xb,
    0xa6, 0x43, 0x40, 0x22, 0x84, 0x1, 0xde, 0xf7,
    0xdc, 0xfe, 0x90, 0xdd, 0xb9, 0x0,

    /* U+8FEA "迪" */
    0x0, 0x48, 0x80, 0x73, 0x78, 0x7, 0xc9, 0xa0,
    0x1c, 0x62, 0x1, 0xf7, 0x9b, 0x0, 0x8c, 0x60,
    0x23, 0x0, 0x62, 0xb6, 0x2e, 0xea, 0x47, 0xba,
    0x40, 0xc, 0x80, 0x17, 0xfa, 0x87, 0xfc, 0x20,
    0x13, 0x2a, 0x80, 0x3f, 0xf8, 0x3, 0x71, 0x40,
    0x12, 0xa6, 0x8a, 0x20, 0x40, 0x3, 0xb2, 0x20,
    0x17, 0x7a, 0x7, 0xf8, 0x3, 0xfd, 0x76, 0x91,
    0xbb, 0x8, 0x7, 0xff, 0x37, 0x75, 0x63, 0xba,
    0x10, 0xd, 0x3, 0x47, 0x9d, 0xcd, 0xce, 0xe6,
    0x28, 0x3, 0x1f, 0x83, 0xe9, 0x5c, 0x3, 0x3a,
    0x10, 0x25, 0xd, 0x68, 0xec, 0xee, 0x65, 0x74,
    0x61, 0x2, 0x0, 0x38, 0xbd, 0xef, 0xfe, 0x10,

    /* U+8FFD "追" */
    0x0, 0x8, 0x7, 0x2c, 0x80, 0x7c, 0x9e, 0x20,
    0x1b, 0x4, 0x3, 0xe4, 0x5d, 0x2, 0xee, 0x33,
    0x3b, 0xa4, 0x0, 0xd4, 0x24, 0x3, 0xdf, 0xdd,
    0x0, 0x78, 0x74, 0x8c, 0x3, 0xfe, 0x21, 0x10,
    0x5, 0xff, 0xc2, 0x1, 0x17, 0x6f, 0x20, 0x3,
    0xff, 0xc8, 0x0, 0x2c, 0xc0, 0x80, 0x5d, 0xde,
    0xa0, 0xf, 0xee, 0xee, 0x91, 0x0, 0xff, 0xe5,
    0x98, 0x77, 0x74, 0x80, 0x71, 0xe, 0x19, 0xbb,
    0xba, 0xc8, 0x2, 0x8f, 0xb1, 0xc4, 0x53, 0x22,
    0x9e, 0x90, 0x11, 0x71, 0x27, 0xc2, 0x7b, 0x77,
    0x67, 0x82, 0x68, 0x80, 0xa, 0x33, 0x7f, 0xfa,
    0xc0,

    /* U+9009 "选" */
    0x0, 0xf2, 0x28, 0x5e, 0x80, 0x7d, 0x92, 0x0,
    0xfc, 0x0, 0x8, 0x7, 0xd2, 0xc0, 0x4, 0x46,
    0x29, 0xe6, 0xc8, 0x6, 0x53, 0x27, 0x2f, 0xe5,
    0x2e, 0xfb, 0x0, 0xec, 0x22, 0x59, 0x10, 0x4,
    0x8a, 0x0, 0x88, 0x44, 0x6, 0xc, 0xc7, 0x16,
    0x69, 0x40, 0x1b, 0xfc, 0x5d, 0x98, 0x97, 0x69,
    0xcc, 0x68, 0x3, 0xfc, 0x0, 0x8a, 0xa0, 0x4f,
    0x8d, 0x52, 0x0, 0x3f, 0x10, 0x10, 0x7, 0xff,
    0x6, 0x94, 0x3, 0x22, 0x80, 0x7c, 0x8f, 0x0,
    0x1, 0x4f, 0xa0, 0xe, 0x12, 0xba, 0x20, 0x53,
    0xb4, 0x70, 0x1, 0xe3, 0x44, 0xb8, 0x19, 0xdd,
    0xb9, 0x82, 0x9, 0xa9, 0xb9, 0xff, 0xb7, 0x37,
    0x59, 0x46, 0x14, 0xe0, 0x2, 0x7a, 0xce, 0xe7,
    0xfd, 0xc2,

    /* U+9012 "递" */
    0x0, 0xf8, 0x80, 0x22, 0x0, 0xf1, 0x80, 0x6c,
    0x40, 0x1d, 0x60, 0xc, 0x58, 0x80, 0x14, 0xe8,
    0x49, 0x30, 0x6, 0x27, 0xa0, 0x6f, 0x86, 0xf7,
    0x2f, 0xf1, 0x80, 0x50, 0x66, 0x6f, 0xf8, 0xeb,
    0xfc, 0x20, 0x1d, 0xa6, 0x1, 0xff, 0xc0, 0x44,
    0x18, 0x27, 0xfc, 0x75, 0xfe, 0x10, 0x0, 0xe6,
    0xe0, 0x0, 0xff, 0xc7, 0x5f, 0xf1, 0x80, 0xc5,
    0x8, 0x11, 0xee, 0x8e, 0xf7, 0x6b, 0x0, 0xf3,
    0x77, 0x80, 0x23, 0x31, 0x4e, 0x1, 0xfb, 0x9c,
    0x8c, 0x45, 0xcc, 0x1, 0xe8, 0xe6, 0xa1, 0x0,
    0x73, 0x78, 0x5, 0x63, 0x1, 0x34, 0x2, 0x0,
    0xde, 0x50, 0x5, 0x35, 0x13, 0xec, 0x30, 0xea,
    0x32, 0x31, 0x0, 0x35, 0x6b, 0x4c, 0xd6, 0x6f,
    0x75, 0x49, 0x0, 0x51, 0x80, 0xa, 0x2f, 0x7f,
    0xfc, 0x40,

    /* U+901A "通" */
    0x0, 0xff, 0xe2, 0xa5, 0x0, 0x37, 0xff, 0xe6,
    0x0, 0x99, 0x5c, 0x37, 0xf1, 0xfe, 0xc6, 0xd8,
    0x2, 0x2a, 0x0, 0xc4, 0x7d, 0x38, 0x80, 0x1c,
    0xae, 0x1d, 0xfc, 0x82, 0x5b, 0xfe, 0x0, 0x1c,
    0x40, 0x80, 0x19, 0xfe, 0xe, 0xfe, 0x0, 0x87,
    0xd5, 0xc0, 0x19, 0xfe, 0xe, 0xfe, 0x0, 0x89,
    0xc4, 0x40, 0x79, 0xfc, 0x1b, 0xfa, 0x1, 0xfc,
    0xe2, 0x1, 0x8, 0x7, 0xf1, 0xd7, 0xf8, 0x33,
    0xf0, 0x3, 0xfb, 0x7b, 0x81, 0xf9, 0x20, 0x1e,
    0xd0, 0xf, 0x9a, 0xc, 0x2, 0x90, 0x2e, 0x1b,
    0x54, 0x55, 0x3, 0x4a, 0x83, 0x26, 0x5f, 0xc9,
    0x4c, 0x92, 0xad, 0xaa, 0x41, 0xb0, 0x0, 0x2d,
    0x59, 0xbd, 0xcf, 0xfb, 0x0,

    /* U+901F "速" */
    0x0, 0x8, 0x7, 0x93, 0x40, 0x3e, 0xe5, 0x5,
    0x44, 0x8c, 0x11, 0x30, 0x4, 0xb2, 0x1d, 0xff,
    0x59, 0x7f, 0xdc, 0x1, 0x79, 0xd, 0xd5, 0x52,
    0x55, 0x58, 0x2, 0x5e, 0x13, 0xef, 0xf5, 0x97,
    0xfb, 0x90, 0x3, 0xe1, 0xee, 0x51, 0x77, 0x4,
    0x0, 0x3f, 0xee, 0x0, 0x9, 0x98, 0x80, 0xcc,
    0x20, 0x1, 0xda, 0x0, 0xa, 0x47, 0x49, 0x44,
    0x11, 0xc0, 0x4, 0x20, 0x2, 0xbb, 0x1, 0x10,
    0xe2, 0xcc, 0x3, 0xf5, 0xc, 0x87, 0xe2, 0x0,
    0x7c, 0x38, 0xfa, 0x0, 0x79, 0xb6, 0x0, 0xf5,
    0x6, 0x8, 0x4, 0xd2, 0x60, 0x3, 0xf4, 0xc1,
    0xb4, 0x53, 0x4, 0x41, 0x9, 0x7, 0xfa, 0xb3,
    0xb9, 0x31, 0x27, 0x77, 0x84, 0x31, 0x0, 0x9,
    0x39, 0xbd, 0xcf, 0xfc, 0x60,

    /* U+9020 "造" */
    0x0, 0x20, 0x4, 0xa6, 0xd, 0x80, 0x1e, 0x2b,
    0x40, 0x5, 0x30, 0x18, 0x7, 0xc4, 0xf4, 0x46,
    0x15, 0xf4, 0x7f, 0xf1, 0x80, 0x51, 0x25, 0x6f,
    0xfe, 0xa3, 0xff, 0x8c, 0x3, 0x38, 0x55, 0x4,
    0x46, 0x2, 0x38, 0x6, 0x66, 0x2c, 0xc7, 0xfa,
    0xb, 0xff, 0x20, 0x7f, 0x99, 0x9d, 0xdf, 0xe4,
    0x16, 0x60, 0x80, 0x37, 0xff, 0xdc, 0x1, 0xf8,
    0xeb, 0xff, 0x50, 0x80, 0x7e, 0x30, 0xf, 0x8,
    0x7, 0xe3, 0xaf, 0xfd, 0x42, 0x1, 0x94, 0x78,
    0x56, 0xff, 0xf5, 0x90, 0x0, 0x6e, 0x28, 0xbc,
    0x4d, 0x51, 0x20, 0x95, 0x33, 0x3e, 0x2c, 0x7e,
    0xea, 0x2a, 0x97, 0x75, 0x1, 0x60, 0x80, 0x5,
    0xeb, 0x7b, 0x9f, 0xf8, 0xc0,

    /* U+9053 "道" */
    0x0, 0xf8, 0x80, 0x22, 0x10, 0xe, 0x52, 0x0,
    0xb1, 0x80, 0x11, 0xa0, 0x1d, 0x16, 0x1, 0x57,
    0x80, 0x17, 0xc0, 0x39, 0x10, 0x1d, 0xf6, 0xdf,
    0xe0, 0xcf, 0xf3, 0x80, 0x36, 0xc3, 0xfb, 0xfc,
    0x8b, 0xff, 0x73, 0x80, 0x11, 0x80, 0x49, 0x10,
    0xa6, 0x89, 0x8, 0x7, 0xd1, 0x5e, 0xa5, 0xf1,
    0x60, 0x1, 0xdc, 0xc0, 0x4, 0xf5, 0x5a, 0x0,
    0x21, 0x9a, 0x30, 0x0, 0xbe, 0x66, 0xa0, 0xc,
    0x84, 0x20, 0x13, 0xee, 0xf0, 0x7, 0xf0, 0xb7,
    0xfe, 0xc0, 0xf, 0xf3, 0x7f, 0xec, 0x0, 0xe1,
    0x18, 0x1d, 0xbf, 0xf6, 0x0, 0x66, 0x89, 0xab,
    0xb5, 0x5d, 0xf5, 0x31, 0xe, 0xf3, 0x5f, 0xf4,
    0xd5, 0x2e, 0xea, 0x83,

    /* U+9057 "遗" */
    0x0, 0x8, 0x7, 0x8f, 0xc0, 0x3c, 0x3c, 0xa0,
    0xf, 0xfb, 0x3, 0xfe, 0x10, 0x0, 0xad, 0x80,
    0x6, 0xbf, 0x7, 0xf4, 0x4, 0x2, 0x81, 0x40,
    0x3b, 0xed, 0x1e, 0xc1, 0x10, 0x4, 0x5e, 0x8b,
    0x53, 0x27, 0x9, 0x99, 0x8c, 0x1d, 0x98, 0x2,
    0x22, 0x26, 0x51, 0x14, 0x22, 0xf, 0xc9, 0x4,
    0xaa, 0xfc, 0xe4, 0x11, 0xc2, 0x1, 0x47, 0xdb,
    0xfe, 0x80, 0x80, 0x7c, 0x20, 0xd, 0x20, 0x8,
    0x40, 0x3e, 0x84, 0x16, 0x98, 0x7b, 0x10, 0xf,
    0x99, 0x3e, 0xf, 0xae, 0x54, 0x2, 0x11, 0x1a,
    0x6f, 0x63, 0x83, 0x72, 0x98, 0x1, 0x6d, 0x76,
    0x27, 0x44, 0x8b, 0x59, 0x18, 0x4d, 0xd7, 0x4f,
    0x47, 0x6e, 0xec, 0xb6, 0xc, 0x50, 0x2, 0xce,
    0x6f, 0xff, 0x94,

    /* U+9080 "邀" */
    0x0, 0xf1, 0x88, 0x4, 0x40, 0x1e, 0x30, 0xa,
    0x18, 0x2, 0xc8, 0x0, 0xcf, 0xc0, 0x5c, 0x93,
    0xce, 0x22, 0xa0, 0xc, 0xa4, 0x20, 0x3f, 0xcd,
    0xe8, 0x44, 0x0, 0xc4, 0x2a, 0x61, 0xfe, 0x7f,
    0xc2, 0xff, 0x88, 0x1, 0xc8, 0x61, 0xfe, 0x6f,
    0x7b, 0xf0, 0xd2, 0x1, 0x10, 0x0, 0x7b, 0x8e,
    0x26, 0xe2, 0x22, 0x7, 0xee, 0x11, 0x39, 0x23,
    0xa6, 0x39, 0x48, 0x0, 0xfe, 0x21, 0x3c, 0xb1,
    0xde, 0xa3, 0x28, 0x1, 0xe9, 0xc1, 0xee, 0x78,
    0x41, 0x68, 0x7, 0xd4, 0x3f, 0xe6, 0xc, 0xe,
    0x0, 0xf1, 0xb6, 0xf9, 0x2b, 0x33, 0x55, 0x40,
    0x19, 0x11, 0x67, 0xc0, 0xb1, 0x85, 0x66, 0x0,
    0xb5, 0xc9, 0xf7, 0x8e, 0x5a, 0x13, 0x13, 0x23,
    0xb, 0xaf, 0xcc, 0x56, 0xe5, 0xe6, 0x2e, 0x8,

    /* U+90A3 "那" */
    0x0, 0xff, 0xe2, 0xc7, 0xff, 0x83, 0x7f, 0xf7,
    0x0, 0x23, 0x99, 0x9d, 0x60, 0x3, 0x9d, 0xd1,
    0xa0, 0x4, 0x20, 0x1, 0x70, 0x1, 0x98, 0x8c,
    0xdc, 0x0, 0x33, 0xe5, 0x0, 0xe7, 0x14, 0x0,
    0x57, 0x2a, 0xba, 0x0, 0x3a, 0x98, 0x2, 0x9d,
    0x66, 0x6e, 0x80, 0x31, 0x1d, 0x0, 0x7f, 0xf0,
    0x4c, 0x54, 0x2, 0xef, 0x66, 0x7e, 0x0, 0x61,
    0xa8, 0x20, 0x6, 0xe1, 0xbe, 0x48, 0x7, 0x22,
    0x20, 0x0, 0x66, 0x1d, 0x35, 0x0, 0xf6, 0xa0,
    0x4, 0x44, 0x70, 0xf, 0x87, 0x0, 0x35, 0x99,
    0x0, 0x79, 0xf9, 0x64, 0x0, 0x8d, 0x0, 0x1f,
    0x3b, 0xb5, 0xc0, 0xad, 0x10, 0x17, 0xa4, 0x6,
    0x0, 0x82, 0x0, 0x15, 0xd0, 0x3, 0x5b, 0xc0,
    0x3f, 0x0,

    /* U+90AA "邪" */
    0x0, 0xff, 0xe2, 0x9f, 0xff, 0xa1, 0x3f, 0xf7,
    0x0, 0xf, 0xfe, 0xd0, 0xf8, 0x71, 0xdd, 0x2b,
    0x80, 0x49, 0x80, 0x1f, 0x11, 0x13, 0x40, 0x22,
    0x70, 0xf, 0xc6, 0x28, 0x1, 0x61, 0x80, 0x7e,
    0xb5, 0x0, 0x85, 0x5b, 0x70, 0x36, 0xc0, 0x24,
    0x30, 0x8, 0x6f, 0x5d, 0x43, 0xa0, 0x2, 0xf6,
    0x30, 0x9, 0xd, 0x38, 0xc, 0xc0, 0x11, 0xb4,
    0x0, 0x66, 0x37, 0x0, 0xfa, 0x90, 0x2, 0x18,
    0x80, 0x7, 0xe7, 0x0, 0x87, 0x1d, 0x40, 0x3e,
    0x9b, 0x60, 0x6, 0xb4, 0x80, 0x7e, 0x19, 0x90,
    0x3, 0x6c, 0x16, 0x48, 0x3, 0xa1, 0x80, 0x21,
    0x0, 0x31, 0x70, 0x1, 0xc0, 0x3c,

    /* U+90AE "邮" */
    0x0, 0x8f, 0xc0, 0x3f, 0xf8, 0xf9, 0x9a, 0xc0,
    0x38, 0x40, 0x31, 0xee, 0x90, 0x41, 0x3f, 0xd8,
    0x3f, 0xee, 0x0, 0x8, 0x93, 0xc0, 0x5, 0xf8,
    0x3f, 0xa2, 0x1, 0x9, 0xa8, 0x7, 0xe1, 0x0,
    0x99, 0x40, 0x3f, 0xf8, 0x3e, 0x20, 0x11, 0x76,
    0x8f, 0x60, 0x6, 0x85, 0x50, 0x0, 0xbb, 0x47,
    0xb0, 0x3, 0xa2, 0x0, 0x1f, 0xfc, 0x17, 0x21,
    0x0, 0xff, 0x85, 0x0, 0x22, 0xce, 0x1c, 0xe0,
    0xd, 0x54, 0x81, 0x11, 0x77, 0xef, 0x40, 0x80,
    0x55, 0xee, 0xd, 0x44, 0x59, 0x5c, 0x2, 0x10,
    0x8, 0xdc, 0x3, 0xc, 0x8, 0x7, 0x80,

    /* U+90BB "邻" */
    0x0, 0xca, 0xe0, 0x1f, 0xfc, 0x28, 0x91, 0x0,
    0x27, 0xfe, 0xe0, 0xd, 0x6, 0x9e, 0x80, 0xe3,
    0xdc, 0x74, 0x0, 0x95, 0xea, 0x93, 0x6e, 0x0,
    0x11, 0x2f, 0x80, 0x16, 0xa4, 0xd9, 0xe6, 0x9c,
    0x0, 0x44, 0x50, 0x1b, 0x96, 0x8, 0x6, 0xd7,
    0x0, 0x2a, 0x0, 0x7, 0x98, 0x1a, 0x40, 0x3c,
    0x2c, 0x1, 0x27, 0x73, 0xe7, 0xb8, 0xc0, 0x13,
    0xc, 0x0, 0x17, 0x77, 0x38, 0x30, 0x6, 0x87,
    0x0, 0x9, 0x9e, 0x78, 0x0, 0xe4, 0x4, 0x0,
    0xf, 0x33, 0x9b, 0x0, 0x71, 0x80, 0x80, 0x5,
    0xe6, 0x24, 0x3, 0xb7, 0x5, 0x0, 0x29, 0x40,
    0x70, 0xe, 0x89, 0xf1, 0x0, 0xd4, 0x3e, 0x1,
    0xca, 0xc2, 0x1, 0xc3, 0xbc, 0x0, 0x70, 0xf,
    0x0,

    /* U+90E8 "部" */
    0x0, 0xff, 0xe3, 0x72, 0x80, 0x7f, 0xf0, 0x66,
    0x0, 0x23, 0xdd, 0xd4, 0x13, 0xfe, 0x82, 0xff,
    0x63, 0x94, 0xc8, 0xc8, 0x22, 0xa3, 0xb9, 0x7,
    0xae, 0x8, 0xa3, 0x60, 0x27, 0x6, 0x38, 0xa2,
    0x1, 0x20, 0x98, 0x1, 0x89, 0xc9, 0x2c, 0x3,
    0x7b, 0x0, 0x3f, 0xc5, 0x5a, 0x1b, 0xea, 0x0,
    0x4f, 0x0, 0x77, 0x7e, 0x50, 0x5, 0xc2, 0x0,
    0x99, 0x17, 0x8, 0x4, 0xad, 0x40, 0xe, 0xdf,
    0xf7, 0x60, 0x7, 0x40, 0xa0, 0x2, 0x73, 0x1c,
    0x1, 0xe2, 0x0, 0xff, 0xe0, 0x16, 0xe1, 0xa0,
    0x2, 0x3f, 0xd8, 0x1, 0x8a, 0xed, 0x80, 0x14,
    0x7f, 0xb0, 0x3, 0x99, 0x0, 0x27, 0x10, 0x0,
    0x88, 0x3, 0xf0,

    /* U+90FD "都" */
    0x0, 0xda, 0xc0, 0x2, 0x1, 0x1e, 0x0, 0xe1,
    0x0, 0xe, 0x97, 0x76, 0xd0, 0x2, 0x6e, 0x1c,
    0x5c, 0x31, 0x6, 0xfa, 0x58, 0x1, 0x33, 0x4e,
    0x39, 0xe4, 0x3, 0x22, 0x80, 0x42, 0x20, 0x4,
    0x50, 0x6, 0x41, 0x20, 0x1f, 0xf8, 0xe4, 0xaf,
    0xdc, 0x1, 0xae, 0x0, 0x1f, 0xf9, 0x55, 0xff,
    0x38, 0x1, 0x38, 0x3, 0x16, 0x28, 0x55, 0x24,
    0x2, 0xe8, 0x30, 0x4, 0x69, 0xe4, 0xcb, 0x10,
    0x2, 0x38, 0xe0, 0x14, 0x71, 0x33, 0x94, 0x3,
    0x9c, 0x8c, 0x72, 0x87, 0xfe, 0xc0, 0xe, 0x10,
    0x70, 0x8, 0x7f, 0xec, 0x0, 0xd5, 0xc8, 0x80,
    0x8, 0x77, 0x70, 0x6, 0x9d, 0xb0, 0x8, 0x45,
    0x99, 0x51, 0x80, 0x46, 0x40, 0x18, 0xf8, 0x46,
    0x4e, 0x0, 0xf8,

    /* U+914D "配" */
    0x0, 0xfe, 0x11, 0xe0, 0x2, 0xff, 0xfc, 0xdd,
    0xdc, 0x80, 0xbd, 0xc1, 0xe0, 0xde, 0x6f, 0xfc,
    0x20, 0x15, 0x68, 0xe8, 0x76, 0x88, 0x7, 0xe5,
    0x91, 0xf0, 0xe3, 0x0, 0xff, 0x30, 0x98, 0x10,
    0x7, 0xfc, 0xe0, 0x1c, 0x3d, 0xff, 0x8, 0x6,
    0xd3, 0x1, 0x90, 0x1, 0xdf, 0xfc, 0x80, 0x11,
    0x50, 0x66, 0x80, 0x7f, 0xd0, 0xc0, 0x48, 0x1,
    0xff, 0x6f, 0x76, 0x0, 0xff, 0xb7, 0xbb, 0x0,
    0x80, 0x73, 0x88, 0x3, 0x3f, 0xf0, 0x4, 0x40,
    0x4, 0x80, 0xb, 0x3f, 0xee, 0x0, 0x24, 0xff,
    0xad, 0x44, 0x38, 0xc0, 0x21, 0xf1, 0x9f, 0xee,
    0x7d, 0x0,

    /* U+916A "酪" */
    0x0, 0xff, 0xe6, 0x97, 0x90, 0x6, 0x3f, 0xff,
    0x82, 0x88, 0x8, 0x82, 0x7, 0xfc, 0x1c, 0x3f,
    0xe0, 0x60, 0xee, 0x6a, 0x0, 0x7f, 0x38, 0xae,
    0x40, 0xa8, 0x3, 0xf8, 0x38, 0x7f, 0x6e, 0x98,
    0xa2, 0x0, 0x1b, 0x3, 0x86, 0xc7, 0x16, 0x70,
    0x18, 0x3, 0x38, 0x7, 0x8b, 0x0, 0x54, 0x3,
    0x11, 0x0, 0x40, 0x15, 0xa7, 0xd1, 0xf, 0x30,
    0x5, 0x20, 0x8a, 0x83, 0xdf, 0xdc, 0xaa, 0xcc,
    0x1, 0x56, 0x1f, 0x20, 0xad, 0xe2, 0x10, 0xa0,
    0x14, 0x67, 0x7c, 0x80, 0x56, 0xcc, 0x0, 0xec,
    0xee, 0xa8, 0x3, 0xfe, 0x62, 0x2c, 0x20, 0x4,
    0x54, 0x0, 0xe8, 0xee, 0xac, 0x2, 0xdc, 0xc0,
    0x6, 0xec, 0xcd, 0xba, 0x0, 0x4c, 0xa0, 0x3,
    0x8, 0x7, 0xde, 0x60, 0x3e, 0x20,

    /* U+9171 "酱" */
    0x0, 0xff, 0xe3, 0x18, 0xf, 0x80, 0x17, 0x40,
    0x3e, 0x4c, 0x51, 0x0, 0x15, 0x1f, 0x75, 0xf0,
    0x0, 0x4a, 0xe1, 0x3, 0xd8, 0xce, 0xe3, 0x94,
    0x80, 0x49, 0x9e, 0x7, 0x69, 0x91, 0x4f, 0xe2,
    0x0, 0xae, 0xe6, 0x0, 0x1d, 0x54, 0xe7, 0xe4,
    0x1, 0x7e, 0xc9, 0xa8, 0xbe, 0xe6, 0xc8, 0x80,
    0x82, 0xde, 0x77, 0xa7, 0x52, 0xc6, 0x77, 0x5e,
    0xaa, 0xee, 0xda, 0x1d, 0xa3, 0xdd, 0xca, 0x0,
    0xee, 0xb4, 0x3b, 0x47, 0xb9, 0xea, 0x1, 0xd7,
    0xd0, 0x3d, 0xa1, 0xb8, 0x22, 0x0, 0xc6, 0x17,
    0x32, 0x3, 0x5e, 0xf1, 0x0, 0xf7, 0x13, 0xfc,
    0x40, 0x95, 0x40, 0x1f, 0x66, 0xe6, 0x7c, 0x1,
    0xe3, 0x9a, 0xaf, 0xc0, 0x1f, 0x5f, 0x77, 0xe1,
    0x10, 0x6, 0xe5, 0x0, 0xfd, 0xca, 0x0,

    /* U+9178 "酸" */
    0x0, 0xff, 0xe7, 0x6c, 0x0, 0x66, 0xff, 0xf0,
    0x1, 0x82, 0x60, 0x40, 0xd, 0xf5, 0x7, 0xde,
    0x5, 0x7e, 0x25, 0xa0, 0x1d, 0xe0, 0x10, 0xe0,
    0x4e, 0xa1, 0xd0, 0x17, 0xdb, 0x9f, 0xf8, 0x5a,
    0xa3, 0x3b, 0x60, 0x2, 0xb8, 0x3a, 0x0, 0x5c,
    0x80, 0x39, 0x48, 0x2, 0x30, 0xc, 0xbb, 0x4,
    0x39, 0x8d, 0x10, 0x7, 0x10, 0x4, 0xfb, 0xd8,
    0x47, 0x5c, 0x20, 0x3, 0x74, 0xb0, 0x22, 0x38,
    0x7f, 0xb0, 0xc0, 0x2a, 0x28, 0xd0, 0x5, 0xe,
    0xe9, 0xd4, 0x3, 0x7f, 0x73, 0x1, 0x81, 0xa4,
    0x9a, 0x80, 0x37, 0x75, 0x80, 0xd7, 0xb, 0x8e,
    0x40, 0x1b, 0xfe, 0xd0, 0x8, 0x84, 0x10, 0x40,
    0x37, 0xfd, 0xa2, 0x27, 0xcb, 0xe5, 0xf7, 0x2,
    0xf0, 0x8, 0xb8, 0x1, 0xec, 0x13, 0xa2, 0x0,

    /* U+9192 "醒" */
    0x0, 0xfc, 0x7f, 0xfe, 0x5, 0xff, 0xf4, 0x8,
    0xbf, 0xed, 0x10, 0x5f, 0xd1, 0xc3, 0xf8, 0x0,
    0x11, 0x4c, 0x1, 0x1b, 0x82, 0x89, 0x88, 0xf,
    0xfd, 0x20, 0x16, 0x60, 0x70, 0xfd, 0x0, 0x77,
    0x6f, 0x0, 0xd4, 0x3c, 0x4a, 0x1, 0x77, 0xf6,
    0x18, 0x4, 0xe6, 0x1, 0x8, 0x4f, 0xe, 0xf6,
    0x80, 0x46, 0xc0, 0x20, 0xa, 0x92, 0x7, 0x22,
    0x0, 0x55, 0x8a, 0x6c, 0xa, 0x7e, 0x33, 0xf0,
    0x1, 0x63, 0xf, 0x37, 0x16, 0xe8, 0x7b, 0x68,
    0x2, 0xff, 0x77, 0x1b, 0x26, 0xec, 0x3f, 0x74,
    0x1, 0x7f, 0x74, 0xc4, 0xdf, 0xe0, 0xaf, 0xe0,
    0xa, 0xae, 0xe7, 0x10, 0x44, 0xa, 0xa2, 0x0,
    0x2f, 0x88, 0x93, 0x7f, 0xe1, 0xcf, 0xf2, 0x0,
    0x14, 0xcf, 0x6f, 0xff, 0xc8, 0x1a, 0x20, 0x14,
    0xa8, 0x7, 0xe0,

    /* U+91CC "里" */
    0x0, 0x27, 0xff, 0xf9, 0x0, 0x3b, 0xba, 0x1a,
    0xee, 0x80, 0x39, 0xc0, 0x46, 0x0, 0x8, 0xc0,
    0x1f, 0x7f, 0xc3, 0x5f, 0xf0, 0x7, 0xdf, 0xf0,
    0xdf, 0xfc, 0x1, 0xce, 0x2, 0x30, 0x8, 0xe0,
    0xf, 0xbb, 0xa1, 0xae, 0xe8, 0x3, 0x93, 0xff,
    0xd, 0xff, 0xe4, 0x0, 0x91, 0x51, 0x20, 0x34,
    0x49, 0x48, 0x2, 0xe9, 0x88, 0x86, 0xa2, 0x29,
    0x60, 0xa, 0xb3, 0x30, 0xce, 0x66, 0x40, 0x2,
    0x19, 0xf0, 0x19, 0xfc, 0x57, 0xbb, 0xc1, 0x3b,
    0xbd, 0x5, 0xfd, 0xdf, 0xfc, 0xb,

    /* U+91CD "重" */
    0x0, 0xfe, 0x24, 0x76, 0x0, 0xd3, 0x79, 0xbd,
    0xff, 0x46, 0x78, 0x6, 0xb8, 0xec, 0xe1, 0xad,
    0xcb, 0x90, 0x1, 0xef, 0x7f, 0x6e, 0xc, 0x66,
    0x75, 0x1f, 0xf7, 0x70, 0xdf, 0x77, 0x40, 0x11,
    0x3b, 0xfe, 0x18, 0xff, 0xc4, 0x40, 0x8, 0xaf,
    0xfc, 0x31, 0xfe, 0xb3, 0x0, 0xe3, 0x8c, 0xc0,
    0xc6, 0x62, 0x0, 0x3c, 0x73, 0x98, 0x19, 0xcc,
    0x48, 0x7, 0xd1, 0xba, 0x18, 0xdd, 0x40, 0x80,
    0x77, 0x7f, 0xc3, 0x5f, 0xf8, 0x3, 0x6f, 0x76,
    0x1b, 0xee, 0xbe, 0x0, 0x2d, 0xee, 0xc3, 0x7d,
    0xd7, 0xc0, 0xf, 0xff, 0x86, 0xbf, 0xfa, 0xc0,

    /* U+91CE "野" */
    0xc, 0xff, 0xe4, 0xcf, 0xfe, 0x20, 0x7a, 0xd1,
    0xf2, 0xc, 0xc7, 0xd1, 0x51, 0x0, 0x2f, 0xc7,
    0x48, 0x1, 0x1d, 0x7e, 0xa0, 0x14, 0x70, 0xe1,
    0x0, 0x2e, 0x44, 0xc0, 0x31, 0x88, 0x8, 0x1,
    0x58, 0x5d, 0xcc, 0x80, 0xf5, 0xa3, 0xe4, 0x1b,
    0xab, 0x6d, 0x8c, 0xc, 0xfd, 0x1f, 0xf2, 0x45,
    0xa2, 0x2c, 0x30, 0x4, 0x60, 0x0, 0x80, 0x79,
    0xd4, 0x3f, 0xda, 0x3d, 0xe4, 0x1, 0xd2, 0x21,
    0xdc, 0xc1, 0xee, 0x10, 0x7, 0xff, 0x1, 0x18,
    0xc0, 0x3e, 0x3c, 0xed, 0x18, 0xf1, 0x0, 0xf8,
    0xde, 0x37, 0xf2, 0x48, 0x8c, 0x86, 0x1, 0xad,
    0x88, 0x3, 0x1c, 0x8d, 0x80, 0x40,

    /* U+91CF "量" */
    0x0, 0xbf, 0x33, 0xf7, 0x80, 0x78, 0x47, 0xf0,
    0x7, 0xd7, 0x33, 0xeb, 0x0, 0xf4, 0x81, 0x17,
    0x82, 0x40, 0x5, 0xfd, 0x77, 0xfe, 0xef, 0x2f,
    0xeb, 0xbf, 0xf7, 0x78, 0x0, 0x67, 0x84, 0x55,
    0x41, 0x17, 0x48, 0x80, 0x72, 0xd5, 0x8, 0x95,
    0x45, 0x0, 0xfa, 0xe2, 0xa, 0xa8, 0x85, 0x80,
    0x70, 0xc0, 0x91, 0x1d, 0xc4, 0x41, 0x81, 0x0,
    0x9e, 0xef, 0x11, 0x2e, 0xea, 0x50, 0x9, 0xb7,
    0x32, 0x77, 0x66, 0x65, 0x0, 0x5e, 0x63, 0x76,
    0x77, 0x6e, 0xd9, 0xb6,

    /* U+91D1 "金" */
    0x0, 0xfa, 0xcc, 0x3, 0xff, 0x83, 0x29, 0x40,
    0x1f, 0xfc, 0x6, 0x66, 0x24, 0x0, 0x7f, 0x96,
    0x6c, 0xf1, 0x68, 0x3, 0xf3, 0xd5, 0xa0, 0xe,
    0x37, 0x30, 0x6, 0x3c, 0x86, 0x15, 0x59, 0x28,
    0xe7, 0xa4, 0xf, 0x1b, 0x17, 0xb9, 0x53, 0xda,
    0x9d, 0x22, 0x7, 0xb4, 0x79, 0x76, 0x18, 0xbb,
    0x48, 0xbc, 0x0, 0x8, 0x8a, 0xb8, 0x71, 0x56,
    0x60, 0xe, 0x7e, 0xec, 0x9, 0xdd, 0x50, 0x80,
    0x65, 0xe2, 0xbb, 0xc, 0x5c, 0xb7, 0x8, 0x7,
    0x3b, 0x30, 0x3, 0x43, 0x10, 0x6, 0x12, 0x7,
    0xd2, 0x1, 0x55, 0x41, 0x10, 0x40, 0xd, 0xba,
    0x74, 0xd1, 0xaa, 0x6, 0x6e, 0x98, 0x0,

    /* U+9493 "钓" */
    0x0, 0xb0, 0xc0, 0x35, 0x20, 0x7, 0x98, 0x88,
    0x1, 0xa, 0x88, 0x7, 0xa0, 0xee, 0xa8, 0xe,
    0xe, 0x45, 0x8, 0x40, 0x47, 0xfc, 0x14, 0x3f,
    0xf6, 0xb2, 0x3d, 0x2a, 0xe2, 0x3c, 0xdd, 0x88,
    0x59, 0x97, 0xff, 0x44, 0xa1, 0x0, 0x46, 0x62,
    0x9e, 0x2a, 0xfa, 0x68, 0x10, 0x8, 0x44, 0x0,
    0x10, 0x10, 0x2d, 0x3f, 0x50, 0x9, 0xcb, 0xfc,
    0x57, 0xfc, 0x0, 0x69, 0x0, 0xc5, 0xfe, 0x2b,
    0xfe, 0x0, 0x49, 0x8, 0x80, 0x40, 0x3c, 0x40,
    0x1, 0xe1, 0x0, 0x18, 0x6, 0x2b, 0xe0, 0xe,
    0x30, 0x10, 0x8, 0xe4, 0x34, 0x2, 0x12, 0xb1,
    0x0, 0x88, 0x62, 0xc4, 0x2, 0xbd, 0x69, 0x0,
    0x8b, 0x9c, 0x3, 0xa2, 0xf9, 0xc0,

    /* U+949F "钟" */
    0x0, 0xe, 0xa0, 0x7, 0x7a, 0x0, 0x73, 0x93,
    0x80, 0x7f, 0xf0, 0x2c, 0x81, 0x0, 0x3f, 0xd2,
    0x43, 0xf2, 0x6e, 0xf0, 0x6b, 0xb8, 0x95, 0xa7,
    0x31, 0xa5, 0x0, 0x20, 0x22, 0x86, 0x79, 0xbf,
    0xf6, 0x88, 0x2b, 0x6, 0x30, 0x81, 0x36, 0x8d,
    0xe8, 0x7, 0xff, 0x36, 0xfc, 0x6f, 0xd0, 0x1c,
    0xc0, 0x8c, 0x40, 0x13, 0xa3, 0x38, 0xa1, 0x3e,
    0x17, 0xe0, 0x11, 0x10, 0x8, 0x80, 0x9b, 0x81,
    0x38, 0xae, 0x1, 0x8f, 0xc2, 0xc4, 0x3, 0x51,
    0x80, 0x4, 0x50, 0xe2, 0x1, 0xfe, 0x40, 0x79,
    0x0, 0xff, 0x96, 0xa0, 0x3, 0xc2, 0x1, 0x0,

    /* U+94A2 "钢" */
    0x0, 0x88, 0x3, 0xff, 0x82, 0x3a, 0xa0, 0x1f,
    0xfc, 0x6, 0x25, 0x2, 0xff, 0xf9, 0x80, 0x12,
    0x5f, 0xe7, 0xe, 0xee, 0x20, 0x3, 0x9e, 0xf6,
    0xb8, 0x8, 0xb, 0xa0, 0x19, 0xa2, 0x4, 0x24,
    0x60, 0xda, 0x14, 0x40, 0x7, 0x6a, 0xff, 0x68,
    0x1, 0xc9, 0x8d, 0x80, 0x9, 0x3e, 0x39, 0xa0,
    0x1, 0xb9, 0x41, 0x0, 0x84, 0x81, 0xc8, 0xc0,
    0xa, 0x6, 0x1, 0xaf, 0x46, 0xf6, 0x80, 0xa,
    0x2e, 0x20, 0x15, 0x78, 0xe7, 0xc8, 0xc, 0x5a,
    0xd8, 0x7, 0xc8, 0x60, 0xec, 0xb0, 0x1, 0xe1,
    0x9a, 0x70, 0x6b, 0x2, 0xa0, 0xc, 0x80, 0xfe,
    0xe0, 0x1c, 0x66, 0x0, 0x91, 0xf0, 0x40, 0x38,
    0x71, 0x50, 0x2, 0x81, 0x2, 0xf0, 0x8, 0x7e,
    0xc4,

    /* U+94A5 "钥" */
    0x0, 0xa0, 0x80, 0x3f, 0xf8, 0x4, 0xc6, 0x1,
    0x7f, 0xf8, 0x2, 0xb1, 0xef, 0x80, 0x5, 0xff,
    0xb4, 0x2, 0x37, 0xff, 0xa0, 0x3, 0xf1, 0x6c,
    0x80, 0x7b, 0xa6, 0x50, 0x0, 0x64, 0xbf, 0xee,
    0x18, 0x4, 0x22, 0x30, 0x2, 0x56, 0xd, 0xf1,
    0x80, 0x26, 0x21, 0x60, 0x11, 0xa0, 0xea, 0x18,
    0x0, 0x40, 0x3d, 0x50, 0xb, 0x14, 0x21, 0xbf,
    0xed, 0x0, 0xa7, 0x6, 0x32, 0x4c, 0x3b, 0xac,
    0x0, 0xf8, 0x88, 0xe6, 0x23, 0x80, 0x3d, 0xb8,
    0xbf, 0x60, 0x1f, 0xc2, 0xec, 0xaa, 0x60, 0x8,
    0x40, 0x31, 0x85, 0x47, 0x28, 0x80, 0x16, 0x40,
    0x31, 0xf2, 0xa1, 0x58, 0x5, 0x88, 0xe0, 0x18,
    0x41, 0x38, 0x40, 0x29, 0xe8, 0x0,

    /* U+94B1 "钱" */
    0x0, 0x84, 0x3, 0x84, 0x3, 0xfb, 0xd4, 0x2,
    0x1e, 0x24, 0x50, 0xe, 0x73, 0x50, 0x8, 0x40,
    0xda, 0xc8, 0x2, 0x28, 0x2f, 0xf3, 0x80, 0x62,
    0xc4, 0x0, 0xb9, 0xff, 0xe7, 0x0, 0xc, 0xe6,
    0x42, 0x6, 0x10, 0x1, 0x15, 0xf8, 0x97, 0xf5,
    0x8, 0x1d, 0x7f, 0xda, 0x5d, 0xc3, 0xf3, 0x28,
    0x70, 0x3, 0x70, 0x76, 0x82, 0x8b, 0xf6, 0x78,
    0x20, 0x7, 0xea, 0xe4, 0x7e, 0xda, 0x30, 0x2f,
    0xe0, 0xef, 0x6c, 0xc5, 0x39, 0x3e, 0x0, 0xb,
    0xf8, 0x3b, 0xd9, 0x84, 0xe8, 0xb1, 0xa0, 0x1f,
    0x8, 0x4, 0x44, 0xaa, 0x18, 0x7, 0x8f, 0x14,
    0x0, 0xe4, 0x28, 0x2, 0x1, 0x18, 0x65, 0x23,
    0xed, 0xea, 0xd8, 0xf1, 0x0, 0x1c, 0x21, 0xd6,
    0x6b, 0xa, 0x9f, 0x90, 0x80, 0xb, 0x8c, 0x9,
    0xce, 0x0, 0x1d, 0xab, 0x0,

    /* U+94C1 "铁" */
    0x0, 0x94, 0x3, 0xd4, 0x80, 0x1e, 0x5a, 0x20,
    0x1, 0x28, 0x20, 0x80, 0x7a, 0x15, 0x90, 0x92,
    0x0, 0x2, 0x1, 0xce, 0x63, 0xfe, 0x4c, 0xa,
    0x1f, 0xaa, 0x18, 0x1c, 0x6d, 0xdc, 0xeb, 0x12,
    0x3b, 0x32, 0x20, 0x24, 0xcf, 0xf6, 0xa1, 0xa9,
    0x82, 0x99, 0x84, 0x6, 0xf0, 0x3f, 0x57, 0x0,
    0x2, 0x1, 0xff, 0x3f, 0x74, 0x1b, 0xdc, 0xd0,
    0x7, 0x60, 0x7f, 0x92, 0xa9, 0x20, 0x5b, 0xae,
    0x0, 0x76, 0x7, 0xf8, 0xd1, 0x1c, 0x46, 0x26,
    0x60, 0xf, 0x28, 0x81, 0x34, 0x24, 0x80, 0x7c,
    0xf4, 0x81, 0xc8, 0xb2, 0x8e, 0x1, 0x98, 0x27,
    0x12, 0xc6, 0x80, 0xa6, 0x20, 0x1, 0x31, 0xf8,
    0xfb, 0xe0, 0x80, 0x1a, 0x18, 0x80, 0x7, 0x82,
    0x5b, 0x82, 0x1, 0x9f, 0xc8,

    /* U+94C3 "铃" */
    0x0, 0x90, 0x3, 0xcc, 0x20, 0x1e, 0x3a, 0x20,
    0xc, 0x92, 0x40, 0x1e, 0xf1, 0xdf, 0x80, 0x7,
    0xac, 0x80, 0x73, 0xbb, 0xfd, 0xd0, 0xa, 0xf4,
    0xca, 0x1, 0x2c, 0x48, 0x0, 0x40, 0xaf, 0xc7,
    0xad, 0x0, 0xc, 0x9b, 0xfe, 0xd3, 0xcb, 0xad,
    0x2b, 0xb3, 0x1, 0xdf, 0x8e, 0x6c, 0xc9, 0x64,
    0x65, 0x66, 0x44, 0x1, 0xea, 0x61, 0x14, 0xd8,
    0xbf, 0x11, 0xff, 0x87, 0x3e, 0x3b, 0xab, 0xde,
    0xe2, 0x1, 0xff, 0x87, 0x3e, 0x3f, 0xf8, 0x99,
    0x40, 0x3f, 0xf8, 0x14, 0xf2, 0x1, 0xe6, 0xc5,
    0x1c, 0x37, 0x75, 0x0, 0x70, 0x8a, 0x91, 0x46,
    0xb6, 0x24, 0x3, 0xcc, 0x15, 0x0, 0x6, 0xc3,
    0x92, 0x0, 0xe7, 0xd5, 0x0, 0xc5, 0x8a, 0x60,
    0x10,

    /* U+94C5 "铅" */
    0x0, 0x84, 0x3, 0xff, 0x84, 0x3c, 0x80, 0x1f,
    0xfc, 0x19, 0x54, 0x0, 0xa3, 0xff, 0x18, 0x4,
    0x4e, 0xbf, 0xe7, 0x0, 0x37, 0xf8, 0x40, 0x37,
    0xcf, 0xfc, 0xe0, 0x22, 0x0, 0xf1, 0xbb, 0x0,
    0x72, 0xf0, 0x4, 0xc0, 0x3, 0x9f, 0xfc, 0x2e,
    0x6e, 0x0, 0x3b, 0xb0, 0x0, 0xf8, 0x6f, 0x83,
    0x28, 0x40, 0x1d, 0x3c, 0x1, 0x8, 0x0, 0x45,
    0x40, 0xab, 0x31, 0x20, 0x27, 0xf8, 0x6f, 0xe8,
    0xab, 0xbb, 0x51, 0x2, 0x7f, 0x86, 0xfe, 0x84,
    0x2e, 0xf0, 0x8, 0x7, 0xff, 0x2a, 0x90, 0x3,
    0xff, 0x80, 0x32, 0x8, 0x21, 0xff, 0x80, 0x40,
    0x21, 0x15, 0xd0, 0x5, 0xff, 0x80, 0x38, 0x79,
    0x80, 0x7, 0xc0, 0x1b, 0xcc, 0x0,

    /* U+94F6 "银" */
    0x0, 0xa2, 0x0, 0x1f, 0xfc, 0x11, 0x7c, 0x0,
    0xbf, 0xfc, 0x80, 0x14, 0x4, 0xee, 0x0, 0x33,
    0xba, 0x17, 0x0, 0x23, 0xdf, 0x73, 0xc0, 0x7b,
    0x32, 0x10, 0x0, 0xdc, 0x21, 0x9c, 0x0, 0xb9,
    0x98, 0x2, 0x1a, 0xf, 0xf9, 0xc0, 0x8, 0x98,
    0x40, 0x25, 0x6b, 0x2f, 0x70, 0x6, 0xff, 0xc2,
    0x1, 0x9, 0x90, 0x19, 0x80, 0x18, 0x93, 0xd6,
    0x40, 0x5, 0xc9, 0x2c, 0xc0, 0x0, 0x77, 0xa,
    0xa0, 0x0, 0x9f, 0x65, 0xfe, 0x0, 0x9d, 0x76,
    0x24, 0x3, 0xe1, 0x0, 0x85, 0x91, 0x80, 0x3e,
    0x7a, 0x0, 0x8e, 0x11, 0x80, 0x38, 0x89, 0x50,
    0x3, 0x3a, 0x35, 0x34, 0x20, 0x17, 0x96, 0x19,
    0x80, 0x7c, 0x12, 0x9c, 0x3, 0x4e, 0x8, 0x1d,
    0xd0, 0x80, 0x17, 0x44,

    /* U+94FE "链" */
    0x0, 0xb, 0x8, 0x7, 0xad, 0x40, 0x39, 0xa0,
    0x1, 0xc, 0x0, 0x24, 0x60, 0xe, 0xa4, 0x53,
    0xfb, 0x2d, 0xc0, 0xfc, 0xc3, 0x2, 0x90, 0xc2,
    0x28, 0x1f, 0x9b, 0xf7, 0x3d, 0xca, 0xa6, 0xf1,
    0xcb, 0x44, 0x47, 0x4a, 0x46, 0x24, 0xf3, 0xfe,
    0x56, 0x60, 0xc3, 0xc, 0x0, 0x68, 0xc1, 0xe4,
    0xc9, 0x74, 0x5e, 0xd, 0xd1, 0x1, 0xb0, 0x11,
    0xd0, 0x3d, 0xfc, 0x8f, 0xf8, 0x83, 0xa0, 0x7a,
    0x80, 0x2, 0x84, 0xe0, 0x44, 0x0, 0x6f, 0x8e,
    0xc0, 0x0, 0xb7, 0x5c, 0x3b, 0xa4, 0x0, 0xe4,
    0x0, 0x1f, 0xfa, 0x47, 0xfc, 0xa0, 0x1a, 0x64,
    0x40, 0x64, 0x47, 0x12, 0x20, 0x80, 0x10, 0x49,
    0x71, 0xfe, 0x59, 0x8a, 0x46, 0x60, 0x1, 0x35,
    0xe5, 0x46, 0xfe, 0xc2, 0x6e, 0x28,

    /* U+9500 "销" */
    0x0, 0xb0, 0xc0, 0x3b, 0x94, 0x3, 0x9c, 0xc0,
    0x2a, 0x30, 0x31, 0x8, 0x60, 0x19, 0x27, 0x51,
    0x3f, 0x0, 0x85, 0xcc, 0x2c, 0x45, 0x10, 0x38,
    0x33, 0x0, 0x24, 0xd4, 0xd6, 0xf3, 0x1a, 0x43,
    0x82, 0x5, 0x5e, 0x7, 0x97, 0xfe, 0xd0, 0x3c,
    0x96, 0xd9, 0xc4, 0x3, 0xe1, 0xbc, 0x0, 0xd,
    0xde, 0x10, 0x1, 0x18, 0x9, 0x8, 0xd, 0xde,
    0x10, 0x4, 0xe8, 0xd6, 0x30, 0x2, 0x23, 0x0,
    0x57, 0xe3, 0x9e, 0xe0, 0x26, 0x78, 0x40, 0x3c,
    0x20, 0x1, 0xff, 0xc2, 0x1, 0xd7, 0xe0, 0x1,
    0xff, 0xc2, 0x1, 0x8, 0x9a, 0x80, 0x3c, 0x42,
    0x1, 0x93, 0xd0, 0x3, 0x8f, 0x49, 0x40, 0x3,
    0x62, 0x0, 0x3e, 0x0, 0x1f, 0x68, 0x80,

    /* U+9501 "锁" */
    0x0, 0xb1, 0x0, 0x3b, 0xcc, 0x4, 0x3, 0x21,
    0x28, 0xe, 0x88, 0x8, 0x1f, 0x10, 0x5, 0x1,
    0xb8, 0x8d, 0xa0, 0x17, 0x99, 0x0, 0x14, 0xeb,
    0xe1, 0x26, 0xc0, 0x2a, 0xf0, 0x0, 0xdc, 0x21,
    0xa0, 0xb8, 0xb0, 0xd8, 0x28, 0x81, 0x2c, 0x7f,
    0xc5, 0x15, 0x8a, 0x59, 0x24, 0x7, 0x7e, 0x39,
    0xe4, 0x11, 0x5d, 0x14, 0x1, 0xff, 0xc1, 0x95,
    0x0, 0xed, 0xf1, 0xcf, 0x50, 0xc, 0x20, 0x1d,
    0x9c, 0x37, 0xca, 0x1, 0x19, 0x0, 0x70, 0x88,
    0x1c, 0xc1, 0x9c, 0x85, 0x41, 0x0, 0x3c, 0x98,
    0x76, 0x76, 0xa0, 0x96, 0x60, 0x11, 0xc, 0x51,
    0x84, 0x3d, 0xa5, 0xd0, 0x80, 0x4c, 0x38, 0x8d,
    0xcb, 0x82, 0xba, 0xf8, 0x1, 0x27, 0x18, 0x3c,
    0x69, 0x0, 0xb, 0x78, 0x0,

    /* U+9519 "错" */
    0x0, 0xa8, 0xc0, 0x29, 0x40, 0x39, 0x0, 0xe4,
    0x57, 0x0, 0x90, 0x41, 0xd8, 0x3, 0xa4, 0xdc,
    0xc5, 0xcf, 0x1b, 0x41, 0xd4, 0x1, 0x4, 0x1f,
    0x27, 0xc0, 0x5e, 0x41, 0xc4, 0x8, 0xf5, 0xba,
    0xa2, 0x93, 0xe9, 0xf0, 0x97, 0x4, 0xcb, 0xef,
    0x87, 0xc2, 0x8c, 0x90, 0xcc, 0x20, 0x1f, 0x86,
    0x43, 0x76, 0xff, 0x7e, 0xf7, 0x14, 0x4, 0x2,
    0x11, 0x11, 0x7e, 0x10, 0xcf, 0xc, 0xf3, 0xee,
    0xf7, 0x80, 0x5b, 0xe1, 0x9c, 0x66, 0xae, 0xeb,
    0x40, 0x3f, 0x38, 0x2, 0xff, 0xec, 0x0, 0xfa,
    0xe4, 0x42, 0xff, 0xec, 0x0, 0xe2, 0x5, 0xf1,
    0x2, 0x2c, 0xc0, 0x1c, 0xeb, 0x82, 0x7, 0x7d,
    0xd4, 0x0, 0x72, 0x50, 0x6, 0x9c, 0xcb, 0x7c,
    0x0,

    /* U+9547 "镇" */
    0x0, 0xd, 0x88, 0x6, 0x5f, 0x0, 0xf9, 0xd4,
    0x42, 0x22, 0xf0, 0x88, 0x98, 0x2, 0xb7, 0x11,
    0x7f, 0xc6, 0x1f, 0xe0, 0x30, 0x2, 0x92, 0x7d,
    0xba, 0x1f, 0x1, 0x9b, 0x14, 0xa, 0x9f, 0x7a,
    0x83, 0xf4, 0x64, 0xb2, 0x80, 0x6, 0xcc, 0xfe,
    0x80, 0x3, 0xc4, 0x4c, 0x1, 0xc, 0xe0, 0x74,
    0x0, 0x23, 0x32, 0xb0, 0xf, 0xfa, 0xfb, 0xa8,
    0x0, 0xdb, 0x81, 0xdc, 0x10, 0x59, 0x9a, 0x80,
    0x36, 0xe0, 0x77, 0x4, 0x4, 0x8a, 0xe0, 0xf,
    0xc9, 0x44, 0xbb, 0xb1, 0xd, 0x28, 0x6, 0xcd,
    0xea, 0x49, 0x97, 0x1e, 0x73, 0x80, 0x10, 0x12,
    0x5e, 0x54, 0x4c, 0x1b, 0xdc, 0x80, 0xd, 0x50,
    0xb9, 0x5a, 0x40, 0x9e, 0xda, 0x20, 0x12, 0x82,
    0xf3, 0x80, 0x61, 0xaf, 0x10,

    /* U+955C "镜" */
    0x0, 0xff, 0x10, 0x7, 0xcd, 0x80, 0x1c, 0xba,
    0x1, 0xf5, 0x50, 0x0, 0xdb, 0xa8, 0xd, 0xd9,
    0xc0, 0x6, 0x69, 0xff, 0x27, 0xaf, 0x71, 0x5b,
    0xd8, 0x1, 0xef, 0xfe, 0xe2, 0x22, 0x58, 0x99,
    0x88, 0x41, 0x4e, 0xc4, 0x82, 0x30, 0x93, 0x11,
    0x73, 0x2, 0xaf, 0x9d, 0xb1, 0x5f, 0xbf, 0xec,
    0xef, 0x81, 0x8, 0xd0, 0xf9, 0x2f, 0xdd, 0xec,
    0x40, 0x0, 0x88, 0x4, 0x40, 0xb, 0xff, 0xb4,
    0x3, 0x7e, 0x7, 0x70, 0x82, 0xbf, 0xed, 0x0,
    0xdd, 0xa1, 0xfe, 0x20, 0x9c, 0xca, 0xc0, 0x3f,
    0x30, 0x2d, 0xe4, 0xe4, 0xa0, 0x7, 0xaa, 0x83,
    0x2f, 0x36, 0x53, 0x60, 0x19, 0xc0, 0xf0, 0xe1,
    0x18, 0x1c, 0xc3, 0x90, 0x0, 0xb3, 0x25, 0xd2,
    0xc1, 0xc, 0x9f, 0x24, 0x0, 0x98, 0x17, 0xa8,
    0x80, 0xf, 0xfe, 0xc0,

    /* U+957F "长" */
    0x0, 0xdc, 0xe0, 0x1a, 0x58, 0x3, 0xe3, 0x10,
    0x9, 0x5b, 0x80, 0x3f, 0xe4, 0xa7, 0x80, 0xf,
    0xf2, 0x5b, 0xc0, 0x7, 0xf9, 0x2d, 0xe0, 0x3,
    0xfe, 0x48, 0x80, 0x7, 0x93, 0xfe, 0x29, 0xf8,
    0xff, 0xf5, 0xa6, 0xec, 0x51, 0xb6, 0x19, 0xbb,
    0xa4, 0x8, 0xa0, 0x12, 0x42, 0xa2, 0x2e, 0x0,
    0xfd, 0x2c, 0x60, 0x1f, 0xf2, 0xa2, 0xe9, 0x80,
    0x7e, 0x1a, 0xa3, 0xd1, 0x63, 0x0, 0x78, 0xa1,
    0x2d, 0xc3, 0x1a, 0x74, 0xc0, 0x22, 0x5, 0xe4,
    0x0, 0xa6, 0xd0, 0xc0, 0x22, 0xda, 0x0, 0xf2,
    0x48, 0x0,

    /* U+95E8 "门" */
    0x0, 0xff, 0xe1, 0x97, 0x20, 0x7, 0xfc, 0x4b,
    0x40, 0x9f, 0xff, 0x38, 0x2, 0x98, 0x53, 0x7b,
    0xb8, 0x44, 0xb8, 0x30, 0x20, 0x42, 0x3c, 0x0,
    0x32, 0x0, 0xff, 0xff, 0x80, 0x7f, 0xf8, 0x56,
    0x4, 0xc4, 0x3, 0xfb, 0x59, 0x15, 0xf8, 0x3,
    0xf4, 0x75, 0x80,

    /* U+95EA "闪" */
    0x0, 0xff, 0xe2, 0x62, 0x0, 0x7f, 0xf0, 0x2a,
    0xc8, 0x3f, 0xbb, 0xc8, 0x0, 0x67, 0x0, 0x6f,
    0xff, 0x0, 0xb, 0xc6, 0x8, 0xc, 0x47, 0x80,
    0x3f, 0x63, 0x80, 0x7f, 0xc2, 0x4a, 0x1, 0xff,
    0x20, 0x8, 0x7, 0xfd, 0xe7, 0x8a, 0x1, 0xfc,
    0x4b, 0xd7, 0x4c, 0x1, 0xfb, 0xdc, 0x92, 0xa5,
    0x0, 0x38, 0xf0, 0x60, 0x0, 0xad, 0x0, 0x1c,
    0x75, 0xa0, 0x1a, 0x74, 0x3, 0xcc, 0x20, 0x1c,
    0x6a, 0x2e, 0x1, 0xfe, 0x4a, 0x53, 0x2f, 0x10,
    0xf, 0x9b, 0xe8, 0x0,

    /* U+95ED "闭" */
    0x0, 0x4a, 0x0, 0x7f, 0xf0, 0x6, 0xc8, 0x37,
    0xff, 0xe0, 0x28, 0x80, 0x87, 0xe4, 0x6e, 0xd2,
    0xd, 0xa0, 0xe6, 0x4, 0x10, 0x64, 0x43, 0x13,
    0x10, 0xf, 0x84, 0x3, 0xc5, 0xff, 0xb0, 0x3f,
    0xcc, 0x1, 0x8b, 0x37, 0x50, 0x0, 0xcc, 0x38,
    0x7, 0x19, 0x12, 0x94, 0xc, 0xc2, 0x1, 0xf5,
    0x4, 0x80, 0x7f, 0xa9, 0x3c, 0x3, 0xf9, 0x39,
    0x34, 0x80, 0x3f, 0x99, 0xfc, 0xc1, 0x0, 0x3f,
    0x14, 0x88, 0x64, 0x28, 0x12, 0xf8, 0x18, 0x7,
    0x77, 0x28, 0x1, 0x4f, 0xd, 0xc0, 0x18, 0x84,
    0x0, 0x5f, 0xac,

    /* U+95EE "问" */
    0x2, 0xb0, 0xf, 0xfe, 0x1, 0xad, 0x2, 0xff,
    0xfc, 0xe0, 0x36, 0x84, 0xbd, 0xde, 0x11, 0x89,
    0x7c, 0x80, 0x47, 0xc0, 0x7, 0xd0, 0x11, 0xf0,
    0x7, 0x84, 0xf, 0xbb, 0xbc, 0x3, 0xe1, 0xf,
    0xfa, 0x80, 0x3f, 0xf8, 0x42, 0x1, 0xff, 0xc1,
    0x10, 0xf, 0x84, 0x3b, 0xab, 0x0, 0xfc, 0x7b,
    0x99, 0xb4, 0x3, 0xf1, 0x17, 0x80, 0x3f, 0xf8,
    0x82, 0x1, 0xff, 0x36, 0x1, 0x88, 0x7, 0xf1,
    0x11, 0x51, 0xf8, 0x3, 0xf2, 0x75, 0x8,

    /* U+95F4 "间" */
    0x0, 0xff, 0xe2, 0x63, 0x0, 0x7f, 0xf0, 0x26,
    0x46, 0xdf, 0xff, 0x31, 0x2a, 0xa4, 0x1b, 0xbb,
    0xc4, 0x9, 0x40, 0xc6, 0x2, 0x3e, 0x0, 0x18,
    0x80, 0x3f, 0xfc, 0x80, 0x1f, 0xaf, 0xfe, 0x7,
    0x0, 0xfc, 0xe0, 0x1f, 0xfc, 0x1c, 0xff, 0x80,
    0x3f, 0xd7, 0xff, 0x0, 0x7f, 0x9c, 0x3, 0xff,
    0x83, 0xd9, 0x90, 0x38, 0x7, 0xd9, 0xdf, 0xf6,
    0x28, 0x4, 0x62, 0x0, 0x33, 0xf0, 0x21, 0x18,
    0x7, 0xf9, 0x6c, 0x91, 0xbc, 0x3, 0xf2, 0x76,
    0x88,

    /* U+95F9 "闹" */
    0x6, 0x70, 0xf, 0xfe, 0x2, 0xc4, 0x3, 0xff,
    0xf2, 0x1, 0xce, 0x87, 0x5f, 0xff, 0xb, 0xc1,
    0xb2, 0x81, 0xc9, 0x0, 0x79, 0x19, 0x9b, 0xaf,
    0xf, 0xdd, 0x58, 0x7, 0x3e, 0x6e, 0x8f, 0xb7,
    0x24, 0x3, 0x84, 0x40, 0x1c, 0x24, 0x1, 0xc3,
    0xfd, 0xc1, 0xde, 0xe6, 0x80, 0x70, 0x86, 0x70,
    0xef, 0x58, 0x7, 0xff, 0x3c, 0xc0, 0x3c, 0x20,
    0x1d, 0x72, 0x80, 0x1c, 0x3e, 0x40, 0x21, 0x5f,
    0x20, 0x20, 0x1f, 0x30, 0x88, 0x17, 0x40, 0x44,
    0x1, 0xd2, 0x40, 0x6, 0x17, 0x20,

    /* U+9605 "阅" */
    0x0, 0xff, 0xe2, 0x63, 0x0, 0x7f, 0xf0, 0x3e,
    0x5, 0xff, 0xfe, 0x61, 0x53, 0xf4, 0x47, 0xfa,
    0x33, 0xfc, 0x60, 0xb6, 0x2, 0x1e, 0x3, 0x2,
    0x1, 0x18, 0x6, 0x5a, 0x9, 0x72, 0x0, 0xf8,
    0xfe, 0x39, 0x99, 0xe2, 0x1, 0xe1, 0x17, 0x76,
    0x0, 0xfc, 0x22, 0xbb, 0xc0, 0x1f, 0x8f, 0x13,
    0xdb, 0x30, 0x20, 0x1f, 0x10, 0x20, 0x91, 0x80,
    0x7e, 0x73, 0x0, 0x86, 0x80, 0x3c, 0x31, 0x40,
    0xff, 0x4e, 0x1, 0xec, 0x46, 0x8, 0xdd, 0x72,
    0x18, 0x88, 0x1, 0xf4, 0x0, 0x37, 0x6b, 0xb1,
    0xa2, 0xf0, 0x10, 0x7, 0xa7, 0xf0, 0x0,

    /* U+961F "队" */
    0x0, 0xfd, 0x48, 0x1, 0xdb, 0xff, 0xa0, 0x0,
    0xa6, 0x1, 0xc3, 0x1d, 0xa1, 0x60, 0x1, 0x10,
    0x7, 0x84, 0x48, 0x26, 0x1, 0xff, 0xc0, 0xd6,
    0x0, 0x84, 0x40, 0x1f, 0xa, 0x58, 0x6, 0xe0,
    0xf, 0xe6, 0x0, 0x10, 0x28, 0x7, 0xc3, 0x16,
    0x0, 0x61, 0x31, 0x0, 0xf9, 0xc1, 0x43, 0x1d,
    0x58, 0x3, 0xf1, 0x68, 0x2e, 0x74, 0x80, 0x78,
    0xd8, 0xf5, 0x4d, 0x50, 0xdc, 0x3, 0xa2, 0x59,
    0x62, 0x40, 0x11, 0x2, 0x0, 0xd5, 0xf3, 0x40,
    0xe0, 0x5, 0x4f, 0x10, 0x10, 0x11, 0x5a, 0xf8,
    0x6, 0xa3, 0xc0, 0xc, 0x22, 0xc2, 0x0, 0xc3,
    0x94, 0x0,

    /* U+9633 "阳" */
    0x4f, 0xfd, 0x45, 0xff, 0xee, 0x71, 0xff, 0xf,
    0x80, 0x3b, 0xfe, 0xb1, 0x0, 0x8c, 0x54, 0x0,
    0x20, 0x18, 0x40, 0x2b, 0x50, 0xf, 0xfe, 0x3,
    0x60, 0x7, 0xff, 0x1, 0xac, 0x2, 0xff, 0xd6,
    0x1, 0xa0, 0x18, 0x1, 0xdf, 0xf5, 0x80, 0x75,
    0x68, 0x0, 0x40, 0x3f, 0xb9, 0xc0, 0x3f, 0xc5,
    0xcd, 0x40, 0x1f, 0xe2, 0x8d, 0x60, 0x7, 0x76,
    0xa0, 0xc, 0xc4, 0x1, 0x7f, 0x75, 0x40, 0x1f,
    0xc2, 0x1, 0x85, 0xc0, 0x38, 0xb8, 0x3, 0x27,
    0x80,

    /* U+9634 "阴" */
    0xef, 0xfd, 0x61, 0xff, 0xe3, 0xa, 0xff, 0xf,
    0x0, 0x2b, 0x76, 0x0, 0x18, 0x1, 0x5, 0x40,
    0x2, 0x45, 0x0, 0x76, 0xb0, 0x4, 0x68, 0x85,
    0x0, 0xe7, 0xa0, 0xa, 0x66, 0x80, 0xc, 0x22,
    0x0, 0xdb, 0xb8, 0x3, 0xc, 0x78, 0x7, 0xff,
    0x1, 0xcc, 0x88, 0x19, 0xff, 0x0, 0x78, 0x5d,
    0x83, 0x33, 0x0, 0x64, 0x81, 0x16, 0x21, 0x9e,
    0x0, 0xc4, 0xec, 0xad, 0xa0, 0x1e, 0x30, 0x6f,
    0x9b, 0x6, 0x0, 0xff, 0x42, 0xc0, 0x4, 0xae,
    0x3, 0xca, 0x0, 0xa5, 0x60, 0xb, 0x25, 0x88,

    /* U+9636 "阶" */
    0x0, 0xff, 0xe5, 0xdb, 0x80, 0x77, 0x7f, 0xd8,
    0x0, 0x34, 0xc0, 0xf, 0x56, 0x9d, 0x80, 0x21,
    0x19, 0xc0, 0x31, 0x89, 0x1a, 0x82, 0xa4, 0xf4,
    0x38, 0x7, 0x21, 0x91, 0x2a, 0x48, 0xea, 0x2c,
    0x80, 0x2e, 0x43, 0xc5, 0x70, 0x3, 0xda, 0xe8,
    0x80, 0x31, 0x41, 0xe7, 0x84, 0x34, 0x7b, 0x4,
    0x0, 0xc0, 0xb2, 0x2, 0x20, 0x11, 0x1, 0x80,
    0x6a, 0xd0, 0x73, 0x0, 0xff, 0x70, 0x0, 0x9c,
    0x3, 0xfb, 0x9b, 0x3, 0x8, 0x3, 0xfa, 0xec,
    0xe2, 0xb6, 0x1, 0xf1, 0x82, 0xa0, 0x51, 0x98,
    0x3, 0xfe, 0x65, 0xe0, 0x8, 0x40, 0x37, 0x20,
    0x1, 0xb8, 0x80, 0x2f, 0x40, 0x8,

    /* U+963F "阿" */
    0xdf, 0xf9, 0xf3, 0xff, 0xf1, 0xd, 0x78, 0x2e,
    0xf7, 0x75, 0x8f, 0x10, 0x1, 0x8, 0x82, 0x1,
    0x84, 0x0, 0x20, 0x16, 0x20, 0x1f, 0x76, 0x30,
    0xf, 0x36, 0x0, 0x7, 0xfc, 0x2, 0x1, 0xe4,
    0xe0, 0xf, 0xfe, 0xd, 0xaa, 0x0, 0x7f, 0xf0,
    0x5, 0xf8, 0x0, 0x44, 0x0, 0xfe, 0x16, 0x1,
    0xff, 0x0, 0x7c, 0x54, 0xe8, 0x3, 0xba, 0x40,
    0xf, 0x10, 0xcc, 0x15, 0x80, 0x2c, 0x80, 0x3d,
    0x6c, 0x2, 0xa0, 0x1c, 0x60, 0x1f, 0xf1, 0x4c,
    0x80, 0x21, 0x0, 0xfc, 0x4e, 0x32, 0x0,

    /* U+9645 "际" */
    0xef, 0xfc, 0x3d, 0xff, 0xe0, 0xa, 0x79, 0x50,
    0x7f, 0xbf, 0xf7, 0x0, 0xc, 0x5, 0x34, 0x4,
    0x40, 0x18, 0x40, 0x32, 0xb, 0x91, 0x4, 0x7c,
    0x40, 0x16, 0xa0, 0xf6, 0xf7, 0x7b, 0x48, 0x1,
    0xea, 0x39, 0xfe, 0xd0, 0xef, 0xf8, 0x80, 0xc,
    0x72, 0x4, 0x1, 0x88, 0x40, 0x39, 0x54, 0x19,
    0x0, 0x16, 0x48, 0x6, 0x34, 0x14, 0x19, 0x0,
    0xa5, 0xc8, 0x0, 0x38, 0x3d, 0xec, 0x20, 0x13,
    0x8c, 0x81, 0x8f, 0x6b, 0x25, 0x80, 0x74, 0xa2,
    0x0, 0x2, 0x0, 0x72, 0x6b, 0x1, 0x7, 0xa4,
    0x0, 0xc9, 0x1, 0xe8, 0xe0, 0x12, 0x80,

    /* U+964B "陋" */
    0x0, 0xff, 0xe2, 0xff, 0xe4, 0xc, 0xff, 0xf9,
    0x40, 0x1b, 0x64, 0x81, 0x9f, 0xee, 0xf, 0xf9,
    0x40, 0x2d, 0x50, 0x20, 0x22, 0x28, 0x11, 0x40,
    0x19, 0x2c, 0xb4, 0xb7, 0xa4, 0x3b, 0xf4, 0x2,
    0x73, 0x30, 0x0, 0xc3, 0x24, 0xb3, 0xc4, 0x2,
    0x11, 0x10, 0x7, 0x19, 0x84, 0x3, 0x99, 0xe4,
    0x3, 0xac, 0xe8, 0x3, 0xd2, 0x82, 0x1, 0x29,
    0xfa, 0x28, 0x7, 0x8, 0x28, 0x6, 0x72, 0xa3,
    0x0, 0xcd, 0xa0, 0x40, 0x12, 0xc0, 0x2b, 0x80,
    0x66, 0x4d, 0x60, 0xf, 0x46, 0x28, 0x6, 0x92,
    0x0, 0xc, 0x80, 0x55, 0x50, 0x7, 0xef, 0x9f,
    0xfb, 0x6b, 0x98, 0x3, 0x8b, 0xff, 0xf9, 0x80,

    /* U+9662 "院" */
    0x0, 0xff, 0xe5, 0xdc, 0x0, 0x75, 0x66, 0x48,
    0x1, 0x4a, 0x0, 0x72, 0x4f, 0x9a, 0xff, 0x73,
    0xb, 0xbb, 0x1, 0x8b, 0x18, 0x86, 0xf7, 0x75,
    0x8, 0x5, 0x96, 0x14, 0x40, 0x1c, 0xd4, 0x1,
    0x3a, 0x82, 0xe7, 0xff, 0x52, 0x80, 0x4b, 0x60,
    0xd, 0xff, 0xe8, 0x0, 0xd4, 0xe8, 0x9f, 0x94,
    0x40, 0x21, 0x7e, 0xea, 0xa3, 0xef, 0xbc, 0x80,
    0x30, 0x8a, 0xa8, 0x71, 0x1, 0xaa, 0x18, 0x5,
    0x8f, 0xc0, 0x2, 0x70, 0xf, 0xd1, 0xaa, 0x6,
    0x6, 0x1, 0x90, 0x2, 0x42, 0x3, 0xe5, 0x0,
    0x8, 0x8a, 0xd4, 0xc0, 0x2b, 0xc0, 0xb0, 0x33,
    0x76, 0x9a, 0x80, 0x63, 0x6d, 0x10, 0x6, 0x7f,
    0xb0, 0x0,

    /* U+9664 "除" */
    0x0, 0xff, 0xe5, 0xcd, 0x80, 0x76, 0xff, 0xdc,
    0x0, 0x26, 0x51, 0x0, 0xea, 0xf4, 0x70, 0x4,
    0xac, 0xe8, 0x6, 0x10, 0x2, 0x58, 0x42, 0xdb,
    0xbb, 0x4, 0x3, 0x31, 0x93, 0xba, 0xc0, 0x64,
    0x3a, 0x4, 0x1, 0x74, 0xd0, 0xb5, 0xdc, 0xd1,
    0x76, 0x0, 0xaa, 0x8d, 0x95, 0xf6, 0x5f, 0xb1,
    0xc2, 0x0, 0x71, 0x52, 0x20, 0x88, 0x4, 0x44,
    0x1, 0xcb, 0x91, 0x9f, 0x65, 0xfe, 0xc4, 0x0,
    0xc4, 0x73, 0xdc, 0xa2, 0xee, 0x90, 0x0, 0x7c,
    0xbc, 0x12, 0xc0, 0x1, 0xb1, 0x0, 0x8e, 0xf5,
    0x15, 0x94, 0x0, 0x2f, 0x40, 0x19, 0x48, 0xea,
    0xc, 0x2, 0xd5, 0xa0, 0xe, 0x65, 0x75, 0xf1,
    0x1, 0xa2, 0x1, 0x0, 0x96, 0x83, 0x56, 0x40,
    0x9, 0x1, 0xaa, 0x1, 0xd1, 0xca, 0x1, 0xc0,

    /* U+9677 "陷" */
    0x0, 0xfc, 0x58, 0x40, 0x1c, 0x33, 0x3a, 0x0,
    0x16, 0x24, 0x1, 0xc6, 0xdd, 0xe8, 0x60, 0x2c,
    0x5f, 0xf8, 0xc0, 0xc1, 0x5c, 0xbc, 0x29, 0x3f,
    0xe3, 0x63, 0x0, 0xce, 0x49, 0x2b, 0x40, 0x6,
    0x38, 0x0, 0xed, 0x50, 0xbc, 0x10, 0x3, 0x68,
    0x80, 0x71, 0x98, 0x8, 0xd7, 0x45, 0xfb, 0x30,
    0x40, 0x14, 0xa1, 0xa7, 0x37, 0x8b, 0x77, 0x98,
    0x6, 0x14, 0x40, 0x0, 0xc8, 0x4, 0x88, 0x1,
    0xe1, 0xd0, 0x6, 0x68, 0xc6, 0xe0, 0x6, 0x18,
    0x53, 0x0, 0x77, 0x8c, 0xff, 0x0, 0x61, 0x46,
    0x90, 0x1, 0x10, 0x4, 0x88, 0x1, 0xd9, 0x20,
    0x12, 0x27, 0x80, 0x3f, 0xdf, 0xfd, 0xc0, 0x3,
    0x3, 0x0, 0xeb, 0xbf, 0x79, 0x0,

    /* U+96BE "难" */
    0x0, 0xff, 0xe6, 0x41, 0x96, 0x8, 0x6, 0x24,
    0x4c, 0x0, 0x70, 0x20, 0xb0, 0xc, 0x93, 0x35,
    0x8a, 0x91, 0x87, 0x58, 0x6, 0x6d, 0xd7, 0x80,
    0xf1, 0x7f, 0xb7, 0xbf, 0xc0, 0x10, 0x83, 0x11,
    0x10, 0xff, 0xc3, 0x7f, 0xe0, 0x2, 0x60, 0x1b,
    0xc9, 0x0, 0x7f, 0x23, 0x4e, 0x93, 0x59, 0xff,
    0x86, 0xfe, 0x40, 0x2a, 0x65, 0xad, 0x53, 0xff,
    0xd, 0xfc, 0x80, 0x42, 0xe0, 0x60, 0x1f, 0xfc,
    0x15, 0x2a, 0x0, 0x1e, 0x60, 0x67, 0x20, 0x2,
    0x91, 0xc5, 0x60, 0x3e, 0xe0, 0xc7, 0x48, 0x1,
    0x99, 0xc3, 0x62, 0x0, 0x22, 0x0, 0x90, 0x80,
    0x22, 0x88, 0x15, 0xc0, 0xee, 0xc3, 0x17, 0x64,
    0xf, 0x50, 0xe, 0x28, 0x86, 0x7c, 0x7a, 0x80,
    0x80, 0x73, 0x89, 0x9f, 0x20, 0x80,

    /* U+96C0 "雀" */
    0x0, 0xc6, 0x3, 0xe2, 0x2, 0xc0, 0x1e, 0x4c,
    0x70, 0xc, 0xb1, 0xa8, 0x1, 0x2d, 0xbb, 0x84,
    0x0, 0xd7, 0x2b, 0x70, 0x0, 0xe9, 0x80, 0x10,
    0xf8, 0x97, 0x8c, 0xa0, 0x5, 0xb1, 0xcf, 0x11,
    0xe3, 0x0, 0xc, 0x8d, 0xeb, 0xb0, 0xef, 0xd,
    0x40, 0x21, 0x2, 0xc2, 0x10, 0x5b, 0xe1, 0x8f,
    0xfb, 0x80, 0x6e, 0x6, 0xbf, 0xe3, 0x7f, 0xfc,
    0x1, 0xd5, 0xff, 0x1b, 0xff, 0xc8, 0x1, 0xd5,
    0xff, 0x1b, 0xff, 0xb9, 0x0, 0x3a, 0xf7, 0x63,
    0x6d, 0xd7, 0xa0, 0x7, 0x46, 0x64, 0x4d, 0x99,
    0x20, 0x7, 0x5e, 0xec, 0x4d, 0xba, 0xec, 0x50,
    0x8, 0x6b, 0xfe, 0xcd, 0xff, 0xc8,

    /* U+96C6 "集" */
    0x0, 0xff, 0xe4, 0x62, 0x80, 0x35, 0x80, 0x3f,
    0x98, 0x90, 0x1, 0x1a, 0x1, 0xf8, 0x60, 0x7f,
    0xb9, 0x6b, 0xdd, 0x98, 0x2, 0xd1, 0xde, 0xe8,
    0x6b, 0xbb, 0x30, 0x2, 0x44, 0x37, 0xfe, 0xb,
    0xff, 0x94, 0x2, 0x3e, 0xd, 0xff, 0x82, 0xff,
    0xe5, 0x0, 0xa8, 0xc3, 0x7f, 0xe0, 0xbf, 0xfa,
    0x40, 0x3d, 0x9d, 0xd0, 0x5f, 0x75, 0x60, 0x18,
    0x43, 0x7f, 0xe0, 0xaf, 0xfb, 0x8, 0x2, 0x1b,
    0xee, 0xa4, 0xfb, 0xb8, 0x80, 0x13, 0xf7, 0xff,
    0x41, 0xff, 0xf7, 0x0, 0x27, 0xfe, 0x42, 0x83,
    0x91, 0xbf, 0xf7, 0x0, 0x42, 0xdc, 0xf8, 0x20,
    0xd7, 0x6c, 0x61, 0x0, 0x47, 0x4b, 0x60, 0x80,
    0x4b, 0xcd, 0x3c, 0x21, 0x8f, 0xb0, 0x0, 0x11,
    0x0, 0x6, 0xba, 0xc4,

    /* U+96CF "雏" */
    0x0, 0xff, 0xe3, 0x5b, 0x80, 0x6b, 0x59, 0x90,
    0x7, 0xa, 0x20, 0x44, 0x2, 0x8f, 0x4c, 0x80,
    0x19, 0x87, 0xbf, 0x81, 0x90, 0x8e, 0x18, 0x44,
    0x0, 0x9b, 0xd7, 0x60, 0x94, 0xee, 0x46, 0x7c,
    0x4, 0x1a, 0x83, 0x5b, 0x80, 0xf7, 0x7, 0x3a,
    0x42, 0xa0, 0x98, 0x82, 0xac, 0x3, 0x84, 0x0,
    0x33, 0xd4, 0x3b, 0xcc, 0x3d, 0xc1, 0xcf, 0x60,
    0x3c, 0xcc, 0x22, 0x1, 0xee, 0xe, 0x73, 0x0,
    0x4, 0x70, 0x7, 0xff, 0x3, 0x33, 0x8, 0x0,
    0x7b, 0x83, 0x9e, 0xc0, 0xd, 0xdc, 0x20, 0x1,
    0xee, 0xe, 0x7b, 0x0, 0x8, 0xb0, 0x7, 0xfc,
    0x99, 0xff, 0x8, 0x0, 0x7f, 0xc3, 0xfb, 0xc2,
    0x9d, 0xbb, 0x8, 0x80, 0x7f, 0xed, 0xd7, 0x88,
    0x7, 0x10, 0x80, 0x7c, 0x20,

    /* U+96D5 "雕" */
    0x0, 0xfe, 0x16, 0x29, 0x0, 0xd9, 0xff, 0xe0,
    0x5b, 0x25, 0x70, 0x9, 0xe7, 0xc7, 0x3c, 0x43,
    0x2, 0x57, 0xa8, 0x3, 0x60, 0xfb, 0x0, 0x15,
    0x5e, 0xdd, 0xa0, 0x1b, 0xc6, 0x10, 0x10, 0xad,
    0x81, 0x9c, 0x3, 0x11, 0xb9, 0x84, 0x3, 0x88,
    0x11, 0x0, 0x37, 0x9e, 0xd0, 0x29, 0x57, 0x86,
    0xf0, 0x1, 0xce, 0xab, 0x4, 0x86, 0xf0, 0x7e,
    0x0, 0x6a, 0xdb, 0x0, 0xff, 0x84, 0x41, 0x2,
    0x1, 0xb3, 0xc3, 0xbc, 0x0, 0x4c, 0xc, 0x20,
    0x1b, 0x3c, 0x3b, 0xc0, 0x80, 0xe0, 0x64, 0x3,
    0xfd, 0x42, 0x26, 0x61, 0x41, 0x80, 0x37, 0x41,
    0x9a, 0x20, 0xe0, 0x16, 0x32, 0x80, 0x2b, 0x3b,
    0x3c, 0x62, 0xc0, 0x29, 0xe8, 0x3, 0x71, 0x18,
    0x80,

    /* U+96E8 "雨" */
    0x0, 0xff, 0xe1, 0xe7, 0xff, 0xff, 0x4, 0xbb,
    0x77, 0xa4, 0x77, 0x7c, 0x44, 0x33, 0xe0, 0x1,
    0x9f, 0x10, 0xf, 0x77, 0x48, 0xf7, 0x72, 0x80,
    0x85, 0xff, 0xd4, 0x3f, 0xf8, 0x40, 0x39, 0xb4,
    0x80, 0x3, 0xca, 0x1, 0xf3, 0x24, 0x0, 0x6,
    0xe0, 0x3, 0xf4, 0xd0, 0x4, 0xba, 0x1, 0xf4,
    0x38, 0x6, 0x91, 0x0, 0xfa, 0xe5, 0xc0, 0x23,
    0xc0, 0xf, 0x8f, 0x1c, 0x2, 0xaf, 0x0, 0xfc,
    0x40, 0x1e, 0x61, 0x10, 0x8, 0x9c, 0x2, 0x13,
    0x0, 0xa4, 0xd4, 0x0,

    /* U+96EA "雪" */
    0x0, 0xff, 0xe1, 0xf7, 0x77, 0xf7, 0x73, 0x1,
    0x66, 0x70, 0xc6, 0x66, 0x42, 0xff, 0x4c, 0xe1,
    0xa9, 0x9d, 0xd8, 0x31, 0xf, 0xf5, 0xc, 0xc7,
    0xfa, 0xfc, 0x29, 0xd8, 0xcc, 0x1, 0x29, 0x98,
    0x4a, 0x18, 0xba, 0xec, 0x80, 0xc, 0xbb, 0x30,
    0xb0, 0x2, 0xb7, 0x4b, 0xeb, 0x7b, 0xa7, 0x0,
    0x90, 0x8a, 0x32, 0x32, 0x28, 0xc8, 0x1, 0xd3,
    0x3f, 0xd9, 0x60, 0xa, 0xba, 0xaf, 0xac, 0x3,
    0xf, 0xee, 0xfd, 0x80, 0x18, 0x7b, 0x77, 0xf0,
    0x6, 0xce, 0xef, 0xe0, 0xd, 0x9d, 0xdf, 0xc0,
    0x10,

    /* U+96F6 "零" */
    0x0, 0x47, 0x77, 0xf7, 0x80, 0x68, 0xfe, 0xe8,
    0x37, 0xbb, 0x0, 0x57, 0xb9, 0xbb, 0xf, 0x6e,
    0xd9, 0xa8, 0xb, 0x53, 0x38, 0x2e, 0x67, 0x18,
    0x0, 0x86, 0xa9, 0x28, 0x2b, 0x15, 0x41, 0x70,
    0x6, 0x36, 0x63, 0xc0, 0x2e, 0xcc, 0x2c, 0xa0,
    0x0, 0xa6, 0x50, 0xc2, 0x11, 0x32, 0x40, 0xc,
    0x57, 0x6d, 0x94, 0xee, 0x5d, 0x90, 0x3, 0x97,
    0x6a, 0x32, 0x2b, 0x14, 0x40, 0x3, 0x5d, 0x75,
    0xab, 0x6b, 0xd7, 0x6e, 0xd7, 0x12, 0xb4, 0x8f,
    0xd3, 0xff, 0x57, 0xe2, 0xa0, 0x42, 0xd7, 0x6f,
    0xfa, 0x47, 0xc4, 0xe0, 0xc0, 0x30, 0xff, 0x54,
    0xe9, 0x0, 0x7f, 0x6d, 0x0, 0x39, 0x0, 0x3f,
    0xc9, 0x5c, 0xac, 0x1, 0x80,

    /* U+96F7 "雷" */
    0x0, 0xff, 0xe2, 0xf7, 0x77, 0xf7, 0x74, 0x0,
    0x30, 0x8b, 0x80, 0xc8, 0xb2, 0x50, 0x1d, 0x77,
    0xfb, 0x8a, 0xbb, 0xfd, 0xc8, 0xc0, 0x3, 0x8e,
    0xe1, 0x80, 0x87, 0x72, 0x7c, 0x1, 0xeb, 0x5b,
    0xa1, 0x0, 0x16, 0xea, 0xdf, 0x0, 0x2b, 0xee,
    0x8, 0x8, 0xbb, 0x98, 0x1, 0xd5, 0xfe, 0xe,
    0x50, 0xff, 0x68, 0x6, 0x7e, 0xff, 0xb3, 0x7f,
    0xee, 0x50, 0xc, 0x7d, 0xd1, 0x4f, 0x74, 0x82,
    0x1, 0x8f, 0xfe, 0x29, 0xff, 0x90, 0x3, 0x8f,
    0xfe, 0x29, 0xff, 0x90, 0x3, 0xc2, 0x30, 0x8,
    0xe0, 0xf, 0x1e, 0x64, 0x15, 0x99, 0x20, 0x7,
    0x1e, 0xef, 0xe4, 0x10, 0x9, 0xf0, 0x3, 0xf5,
    0xa8, 0x0,

    /* U+96FE "雾" */
    0x0, 0x5d, 0xff, 0xc8, 0x1, 0x7f, 0xf3, 0x6f,
    0xfe, 0x50, 0x6, 0x55, 0x71, 0x45, 0x56, 0xf4,
    0x0, 0x54, 0x4c, 0xb8, 0xb6, 0xa6, 0x58, 0xa0,
    0xb, 0x63, 0x11, 0x0, 0x61, 0x10, 0x63, 0x83,
    0x8c, 0xd5, 0x98, 0x3, 0x2a, 0x92, 0xe6, 0x0,
    0x3c, 0x50, 0x3f, 0x38, 0xcc, 0x58, 0x6, 0x1b,
    0x62, 0xdf, 0xdd, 0x7e, 0x88, 0x6, 0xcc, 0x72,
    0xbf, 0xc0, 0x2e, 0x8, 0x4, 0x38, 0xc5, 0x8f,
    0xb4, 0x3e, 0x45, 0x8, 0x56, 0xd5, 0x85, 0xd6,
    0xd7, 0xfd, 0x84, 0x17, 0x66, 0x5b, 0x9b, 0xfb,
    0x72, 0x4e, 0x30, 0x3, 0xee, 0x94, 0x7f, 0x76,
    0x5e, 0x0, 0x8a, 0x73, 0x8b, 0xc4, 0x27, 0x91,
    0x0, 0x11, 0x7c, 0x75, 0x8, 0x2, 0xaf, 0x8c,
    0x0,

    /* U+9700 "需" */
    0x6, 0xee, 0xff, 0x68, 0x1, 0xbf, 0xba, 0x64,
    0xee, 0xd8, 0x1b, 0xdf, 0xdd, 0x3a, 0xf7, 0x6f,
    0xd3, 0xbe, 0xec, 0xeb, 0xdd, 0xa8, 0xc0, 0x13,
    0xdc, 0x30, 0x3, 0xff, 0x9c, 0x1, 0x8b, 0x3f,
    0xe3, 0x0, 0x3e, 0xe9, 0x93, 0x8, 0x33, 0xfc,
    0x40, 0x5, 0xee, 0x38, 0x10, 0x8b, 0x3b, 0x85,
    0x14, 0xb9, 0x86, 0x1, 0xaf, 0xee, 0xdf, 0xee,
    0xee, 0xcb, 0xee, 0xe1, 0xbe, 0xee, 0xd0, 0xdf,
    0xfc, 0x37, 0xff, 0xc0, 0x1, 0x9f, 0xb1, 0xff,
    0xd, 0xfd, 0x88, 0x7, 0xff, 0x10, 0x40, 0x3f,
    0x1f, 0xb8, 0x3, 0x58, 0x13, 0xc0, 0x1e, 0x87,
    0x72, 0x0,

    /* U+9752 "青" */
    0x0, 0xfb, 0x98, 0x3, 0xe5, 0xcc, 0xe1, 0xbc,
    0xcd, 0x60, 0x4, 0xfe, 0xec, 0x35, 0xdd, 0xa4,
    0x0, 0x33, 0xbb, 0x86, 0x37, 0x71, 0x80, 0x57,
    0xdd, 0x86, 0x7b, 0xb0, 0x81, 0xff, 0x77, 0xc,
    0xf7, 0x6f, 0xb3, 0xee, 0xff, 0xe0, 0xd0, 0x8,
    0xbf, 0xbb, 0xf8, 0x44, 0x1, 0x1d, 0xff, 0xfb,
    0x80, 0x3e, 0xbe, 0xef, 0x78, 0x7, 0xd7, 0xdd,
    0xec, 0x0, 0xfa, 0xff, 0xfd, 0xa0, 0x1f, 0x5f,
    0xff, 0xb4, 0x3, 0xff, 0x82, 0xfc, 0x1, 0xe3,
    0x0, 0xf0, 0x94, 0x0, 0x77, 0x20, 0x7, 0x37,
    0x38, 0x0,

    /* U+9759 "静" */
    0x0, 0xfe, 0x10, 0xf, 0xee, 0x40, 0x8, 0xf8,
    0x80, 0x38, 0x8c, 0x80, 0x88, 0x61, 0x64, 0x40,
    0xe, 0x58, 0x91, 0xa9, 0xf1, 0x50, 0xdf, 0xe0,
    0x9, 0xff, 0xc3, 0x7f, 0x8, 0x3b, 0xa1, 0x80,
    0xd, 0x9a, 0x39, 0xb9, 0x76, 0x48, 0x15, 0x30,
    0x2, 0xf7, 0x89, 0x7f, 0xab, 0x79, 0xd2, 0x70,
    0x80, 0x4c, 0xd7, 0x86, 0x49, 0x54, 0x19, 0xa1,
    0x0, 0x24, 0xdd, 0xee, 0xae, 0xe0, 0xe7, 0xe,
    0xa0, 0xe, 0xf7, 0x2d, 0xab, 0xb8, 0x39, 0xc3,
    0xa8, 0x0, 0xde, 0xe5, 0x80, 0xa2, 0x5, 0xd0,
    0x40, 0x36, 0xf7, 0x2c, 0xb, 0xb8, 0x1f, 0xc0,
    0x1d, 0xbd, 0xcb, 0x3, 0xaa, 0xc, 0x56, 0x10,
    0x5, 0xbd, 0xcb, 0x10, 0x8, 0x40, 0x6, 0x1,
    0x18, 0x2, 0xae, 0x82, 0x3c, 0xc8, 0x3, 0xb8,
    0xc2, 0xb9, 0x82, 0x7b, 0x0, 0x38,

    /* U+975E "非" */
    0x0, 0xec, 0x60, 0x4f, 0x0, 0xff, 0x8, 0x4,
    0x20, 0x1e, 0x21, 0x18, 0x3, 0x84, 0x62, 0x12,
    0xde, 0xe8, 0x80, 0x21, 0xee, 0xb6, 0x4b, 0xff,
    0x10, 0x4, 0x3f, 0xfa, 0x0, 0x3f, 0xf8, 0x93,
    0xdd, 0x10, 0x4, 0x3d, 0xd7, 0x80, 0x23, 0xfe,
    0x20, 0x8, 0x7f, 0xee, 0x0, 0x8, 0xe0, 0xe,
    0x11, 0xc0, 0x1f, 0xfc, 0x45, 0xff, 0xc4, 0x1,
    0xf, 0xfe, 0xb4, 0xde, 0xe8, 0x80, 0x21, 0xee,
    0xd2, 0x24, 0x23, 0x0, 0x70, 0x8e, 0x20, 0xe,
    0x31, 0x0, 0xff, 0xe0, 0xf3, 0x80, 0x4, 0x3,
    0x80,

    /* U+9760 "靠" */
    0x0, 0xff, 0xe3, 0x4b, 0x0, 0x26, 0x40, 0x1f,
    0x91, 0xaf, 0x30, 0xee, 0xcc, 0xb5, 0x0, 0x28,
    0xaf, 0xee, 0x22, 0x3b, 0xb2, 0x80, 0x2d, 0xbe,
    0x22, 0x77, 0x44, 0x53, 0x72, 0x1d, 0xde, 0x99,
    0x77, 0x76, 0x82, 0xa5, 0x5d, 0xfe, 0x84, 0x40,
    0x6, 0xdf, 0xff, 0x58, 0x80, 0x7b, 0x7f, 0xfd,
    0x60, 0x18, 0xcd, 0x57, 0x41, 0xd8, 0x17, 0x69,
    0x32, 0xb, 0x9e, 0xe8, 0x4, 0x41, 0xdd, 0x4a,
    0x5, 0x16, 0xe8, 0xc0, 0x36, 0xec, 0x4c, 0x7,
    0xa6, 0x6d, 0x0, 0xc6, 0x76, 0x80, 0xfd, 0xd5,
    0x2c, 0x3, 0x55, 0x57, 0x83, 0xfd, 0xd6, 0x0,
    0x6e, 0xed, 0xa0, 0x20, 0x1f, 0xfc, 0x1,

    /* U+9762 "面" */
    0x0, 0xff, 0xe1, 0x7f, 0xff, 0xf0, 0x7b, 0xbd,
    0x61, 0xdd, 0xef, 0x11, 0xed, 0x61, 0x1f, 0x83,
    0x7f, 0xe6, 0x67, 0xff, 0x60, 0x5, 0x3e, 0xed,
    0xfe, 0x58, 0xf8, 0x0, 0xff, 0xe4, 0xb7, 0xf9,
    0x40, 0x3f, 0xcd, 0xfe, 0x50, 0xf, 0xf3, 0xe6,
    0x10, 0x3, 0xfc, 0x9d, 0xc4, 0x0, 0xff, 0x19,
    0x10, 0x3, 0xf5, 0xe3, 0x3e, 0x61, 0x27, 0x24,
    0x3, 0x2f, 0xee, 0xbf, 0xdb, 0xaf, 0x60, 0x0,

    /* U+9774 "靴" */
    0x0, 0xff, 0xe3, 0x7a, 0x7, 0x90, 0x2f, 0x7,
    0x10, 0x4, 0x9e, 0x15, 0xc1, 0xa9, 0xec, 0x6,
    0x1, 0x93, 0xc3, 0x78, 0x75, 0x16, 0xc0, 0x22,
    0x20, 0x6, 0xde, 0x10, 0x50, 0xe, 0xef, 0x0,
    0xbe, 0x97, 0xca, 0x40, 0x34, 0x86, 0x0, 0x33,
    0xa9, 0x3a, 0xd0, 0x80, 0x6, 0xf8, 0x20, 0x1,
    0xca, 0x4a, 0x8, 0x6, 0xd1, 0xe0, 0xc, 0x62,
    0x27, 0x17, 0x0, 0x13, 0x8, 0x7, 0x17, 0x59,
    0xc3, 0x0, 0x12, 0xcc, 0x3, 0xb7, 0x28, 0xf2,
    0xc0, 0x3f, 0x8f, 0x31, 0x27, 0x98, 0x30, 0xf,
    0x18, 0x1e, 0xea, 0x53, 0x74, 0x66, 0x0, 0x84,
    0xb0, 0xc0, 0x33, 0x80, 0x46, 0x0, 0x7c, 0xd4,
    0x30,

    /* U+978B "鞋" */
    0x0, 0xff, 0x1c, 0x0, 0x7b, 0x1c, 0x30, 0xc0,
    0x27, 0x40, 0xc, 0x38, 0x55, 0x85, 0xf0, 0xf1,
    0xc5, 0x10, 0x40, 0x1e, 0x25, 0xe2, 0x89, 0x2d,
    0x23, 0xdd, 0x30, 0x0, 0x81, 0xb0, 0xd8, 0x55,
    0x58, 0x2a, 0xa2, 0x0, 0xb3, 0x1, 0xe4, 0x11,
    0xe, 0x28, 0x88, 0x1, 0xbd, 0x83, 0xdc, 0x4e,
    0xe6, 0x47, 0x74, 0x0, 0x3d, 0xc1, 0xe0, 0x66,
    0x97, 0x99, 0xa0, 0x0, 0xc4, 0x8d, 0x8, 0xe6,
    0x41, 0x18, 0x1, 0x91, 0xc1, 0x38, 0x5b, 0xd4,
    0x7d, 0xc9, 0x0, 0x11, 0xb8, 0x99, 0x83, 0x3e,
    0xcf, 0xfd, 0x0, 0x99, 0xbe, 0x3b, 0xaf, 0x0,
    0xfc, 0x9b, 0xaf, 0x1d, 0xd7, 0x8, 0x8, 0x7,
    0xf0, 0x80, 0x17, 0xf6, 0x7, 0x76, 0x40, 0x8,
    0x40, 0x25, 0xed, 0xdf, 0x20,

    /* U+97E6 "韦" */
    0x0, 0xe4, 0xf0, 0xf, 0xfe, 0x3, 0x80, 0x7e,
    0x26, 0x55, 0x90, 0x15, 0x79, 0x89, 0xf7, 0xba,
    0xb0, 0xee, 0xed, 0x65, 0xbb, 0xde, 0x17, 0x7e,
    0x40, 0x35, 0x59, 0x1, 0x57, 0x90, 0x0, 0xb3,
    0xdc, 0xb0, 0xee, 0xec, 0x0, 0x36, 0x5d, 0xbc,
    0x2e, 0xfa, 0x2, 0xb3, 0x37, 0x6, 0x67, 0x97,
    0xa6, 0x22, 0xb0, 0x88, 0xe2, 0x34, 0x54, 0x49,
    0x41, 0x13, 0x84, 0xc0, 0x3f, 0x85, 0x18, 0x18,
    0x3, 0xfd, 0x70, 0xa6, 0x1, 0xce, 0x1, 0xf,
    0xf5, 0x0,

    /* U+97F3 "音" */
    0x0, 0xe1, 0xd4, 0x0, 0xf8, 0x84, 0x60, 0x6,
    0x88, 0xe2, 0x3, 0xcc, 0xe0, 0x4c, 0xcd, 0xe0,
    0x7d, 0xb5, 0x4d, 0xdc, 0x91, 0xba, 0x0, 0xc5,
    0x4, 0x0, 0x16, 0x10, 0x9, 0xc, 0xcc, 0x28,
    0x66, 0x82, 0x73, 0x32, 0x7c, 0x44, 0xbb, 0x10,
    0x26, 0x88, 0xd7, 0x7f, 0xfc, 0x1c, 0x0, 0x5f,
    0xff, 0xeb, 0x0, 0xe6, 0xff, 0xf2, 0x80, 0x79,
    0xbf, 0xfc, 0xa0, 0x1e, 0x6f, 0xff, 0x28, 0x7,
    0xc2, 0x3e, 0x0, 0xf9, 0xf3, 0x3c, 0xa0, 0x1e,
    0x7d, 0xdf, 0x28, 0x7, 0x5c, 0x80, 0x7a, 0xac,
    0x0,

    /* U+9876 "顶" */
    0x0, 0xff, 0xe2, 0x1f, 0x76, 0x9d, 0xff, 0xfb,
    0x80, 0xfb, 0x47, 0xa7, 0x7f, 0xca, 0xaf, 0xfb,
    0x80, 0x3f, 0xc3, 0xa0, 0x1f, 0xf1, 0xff, 0x92,
    0x3f, 0xe1, 0x0, 0xfc, 0x3f, 0xfb, 0x40, 0x40,
    0x3f, 0xcd, 0x60, 0x1f, 0xfc, 0x21, 0x70, 0xf,
    0xfe, 0x1b, 0x80, 0x7f, 0xf0, 0xb8, 0x80, 0x3f,
    0xf8, 0x4b, 0xc0, 0x10, 0x80, 0x7c, 0x56, 0x66,
    0x59, 0x7b, 0x10, 0x5, 0x70, 0x80, 0x4, 0xf1,
    0xc8, 0x2b, 0x0, 0x23, 0x4c, 0x9, 0xe9, 0x88,
    0x4, 0xd3, 0xd8, 0x2, 0x64, 0x41, 0xad, 0xce,
    0x1, 0x2d, 0x98, 0x0,

    /* U+9879 "项" */
    0x0, 0xff, 0xe2, 0x99, 0x16, 0xaf, 0xff, 0xc4,
    0x1d, 0xfb, 0xd5, 0x4f, 0xf6, 0x7, 0xfe, 0x20,
    0xd9, 0x1c, 0x80, 0x9, 0x88, 0x3, 0xff, 0x81,
    0xfe, 0xa2, 0xff, 0x88, 0x3, 0xfb, 0x3f, 0xf0,
    0x7, 0xff, 0x6, 0x8c, 0x0, 0x60, 0x1f, 0xf2,
    0xb8, 0x7, 0xf1, 0x80, 0x42, 0xa, 0x1, 0xc5,
    0x83, 0xf0, 0x1, 0x10, 0x88, 0x3, 0xb5, 0xa3,
    0x6c, 0x2, 0xb4, 0x10, 0x1, 0x80, 0x33, 0x9c,
    0x80, 0x16, 0xee, 0xec, 0xbc, 0x20, 0x1, 0x80,
    0x71, 0xdc, 0xa7, 0x2f, 0x10, 0x7, 0xa7, 0xeb,
    0x18, 0xf, 0xc7, 0xc0, 0x3d, 0x93, 0xa6, 0x1,
    0xe, 0xf8, 0x0,

    /* U+987A "顺" */
    0x0, 0xff, 0xe2, 0xa7, 0x0, 0xf, 0x9b, 0xff,
    0xda, 0x1, 0x19, 0x40, 0xb, 0x7f, 0xa1, 0x3f,
    0xda, 0x1, 0x99, 0x80, 0x10, 0x8b, 0xc, 0x44,
    0x1, 0x38, 0x7, 0xbb, 0x19, 0x73, 0x8c, 0x0,
    0xe0, 0x1f, 0x7e, 0x63, 0x44, 0x3, 0xff, 0x80,
    0xfe, 0x1, 0xe1, 0x0, 0xfc, 0x60, 0x1c, 0x20,
    0x1f, 0x85, 0x80, 0x38, 0x9c, 0x3, 0xee, 0x20,
    0xe, 0xf1, 0x0, 0xe2, 0x34, 0xf0, 0x30, 0x9,
    0x34, 0x3, 0xb5, 0x49, 0xf3, 0x8c, 0x0, 0x66,
    0x5d, 0x0, 0x86, 0x98, 0x6f, 0xc, 0x14, 0x50,
    0x4c, 0xa5, 0x3c, 0xa4, 0x1d, 0x78, 0x17, 0x40,
    0x21, 0x65, 0x6c, 0x0, 0xab, 0x80,

    /* U+987B "须" */
    0x0, 0x84, 0x80, 0x3f, 0xf8, 0x57, 0xe3, 0xdf,
    0xff, 0x84, 0x0, 0xaa, 0xe1, 0xef, 0xf4, 0x1f,
    0xfe, 0x10, 0x4a, 0x83, 0x0, 0xdc, 0xa0, 0x1e,
    0x85, 0x71, 0x4, 0xff, 0x33, 0x3f, 0xe0, 0xb,
    0x28, 0xb9, 0x9c, 0x3f, 0xf6, 0x80, 0x70, 0xfa,
    0xb0, 0x4, 0x9c, 0x40, 0x1c, 0x38, 0x34, 0x1,
    0x84, 0x44, 0x1, 0x87, 0xc7, 0x48, 0x3, 0x84,
    0x3, 0x87, 0x30, 0x3f, 0x8e, 0x0, 0x22, 0x0,
    0x78, 0x82, 0x8f, 0x80, 0x2b, 0x40, 0xf, 0xa5,
    0x68, 0x93, 0x54, 0xee, 0xcf, 0xe0, 0x1, 0xb6,
    0xa4, 0x0, 0x55, 0x20, 0xcd, 0x54, 0x10, 0x30,
    0xb5, 0x1a, 0xf7, 0x97, 0x8, 0xd7, 0xd0, 0x2b,
    0x40, 0x1f, 0x5e, 0x60, 0x8, 0xb7, 0xc0,

    /* U+987F "顿" */
    0x0, 0x92, 0x80, 0x3f, 0xf8, 0x42, 0xe0, 0x6,
    0xee, 0xf6, 0x1, 0xd5, 0x24, 0xae, 0xc5, 0xdc,
    0x1f, 0xee, 0x60, 0xf, 0xf9, 0xb, 0xb8, 0xc0,
    0x44, 0x10, 0xc, 0x40, 0x9a, 0x2a, 0x5, 0xda,
    0x5f, 0xf1, 0x80, 0x28, 0x80, 0x5, 0x40, 0x39,
    0xff, 0x0, 0x61, 0x10, 0x0, 0xc0, 0x2, 0x16,
    0xc0, 0x1f, 0xfc, 0x27, 0x0, 0xf0, 0xe5, 0x9f,
    0x0, 0x71, 0x0, 0x76, 0x62, 0xf, 0x84, 0x4,
    0x9, 0xc0, 0x38, 0xc8, 0xc0, 0x78, 0x0, 0xc2,
    0x60, 0x1f, 0xc7, 0x1, 0xfe, 0x55, 0x3f, 0x18,
    0x6, 0x23, 0xdd, 0x4, 0x24, 0xc, 0xd0, 0x80,
    0x6b, 0x3f, 0x5c, 0x6d, 0x24, 0xf6, 0xd0, 0xd,
    0xb8, 0x21, 0x1e, 0x60, 0x1, 0xde, 0x0,

    /* U+9886 "领" */
    0x0, 0xff, 0xe3, 0x96, 0x90, 0x7, 0xff, 0x6,
    0xc8, 0xc3, 0x3f, 0xfe, 0x0, 0x89, 0x9f, 0xb,
    0x3f, 0xc7, 0x3f, 0xf0, 0x5, 0xd1, 0xb, 0xc2,
    0x1, 0x37, 0x0, 0xea, 0x7e, 0x76, 0x7a, 0xfe,
    0xe, 0xff, 0x18, 0x3b, 0xaa, 0x90, 0x73, 0x1,
    0xbf, 0xf0, 0x80, 0x1f, 0x4, 0xe8, 0x80, 0x31,
    0xf0, 0x7, 0x6f, 0xfa, 0xbb, 0xd0, 0x2, 0x10,
    0xe, 0xcf, 0xf9, 0xcd, 0x0, 0x21, 0x0, 0xfc,
    0x4d, 0xa0, 0x13, 0x90, 0x7, 0xc, 0x84, 0xc0,
    0x80, 0x5a, 0xa0, 0x40, 0x11, 0xaf, 0x3b, 0x0,
    0x3d, 0x99, 0xd7, 0x86, 0x0, 0x2c, 0x63, 0x50,
    0x3, 0xdc, 0xb3, 0xe8, 0x80, 0x68, 0x9f, 0x4e,
    0xbc, 0x61, 0xc1, 0xd0, 0xe, 0x6a, 0x4a, 0xc3,
    0x0, 0xb7, 0x80,

    /* U+9888 "颈" */
    0x1, 0x1e, 0x0, 0xff, 0xb7, 0xfe, 0xeb, 0xcf,
    0xff, 0x84, 0x33, 0xb9, 0x81, 0x39, 0xfe, 0xd,
    0xff, 0x84, 0x3, 0x7b, 0x10, 0x0, 0xc4, 0x80,
    0x3c, 0x38, 0xc, 0x88, 0xfc, 0x1f, 0xf8, 0xc0,
    0x7, 0x81, 0x97, 0x63, 0x1f, 0xfc, 0x1, 0xb9,
    0xb0, 0x52, 0xcc, 0x1, 0x32, 0x0, 0xec, 0xe4,
    0x48, 0x40, 0x23, 0x0, 0xfa, 0x62, 0xfe, 0x44,
    0x2, 0xe0, 0xe, 0x1c, 0xe1, 0xbc, 0x60, 0x3,
    0x10, 0x7, 0xfc, 0xe0, 0x26, 0xc0, 0x7, 0x0,
    0xf2, 0x3b, 0x74, 0x19, 0xa7, 0x90, 0x0, 0xf7,
    0x83, 0x1e, 0x12, 0xfc, 0x25, 0x84, 0x0, 0x23,
    0xdf, 0xcb, 0xc4, 0xc2, 0x1b, 0x4c, 0x10, 0x58,
    0x30, 0x1, 0xc6, 0x90, 0x5, 0x3a, 0x20,

    /* U+988A "颊" */
    0x0, 0x8f, 0x80, 0x3f, 0xf8, 0x62, 0x0, 0x6f,
    0xff, 0x84, 0x26, 0xe0, 0x2a, 0xcf, 0xfc, 0xad,
    0xff, 0x8, 0x57, 0xe8, 0x4f, 0x20, 0x1, 0xbc,
    0x3, 0xaf, 0x94, 0xa, 0x8f, 0xb8, 0x73, 0xdc,
    0x60, 0x5, 0x2b, 0x3, 0x99, 0x6, 0xff, 0xb9,
    0x40, 0x22, 0xa1, 0x12, 0x40, 0x5, 0x16, 0x1,
    0x8b, 0xee, 0x87, 0x2a, 0x40, 0x3f, 0x16, 0xfb,
    0xf, 0xfa, 0x0, 0x22, 0x0, 0xe2, 0x13, 0x1b,
    0x11, 0x80, 0x78, 0x3, 0xc8, 0x8b, 0x79, 0x5,
    0x17, 0x31, 0x23, 0x0, 0xa5, 0x93, 0xd9, 0x6a,
    0x86, 0x6e, 0xd5, 0x0, 0x59, 0xc0, 0x16, 0x24,
    0x3c, 0xbb, 0x5a, 0x1, 0x36, 0x8, 0x0, 0xfd,
    0xad, 0x2, 0x56, 0x0, 0xb4, 0x80, 0x36, 0xf2,
    0x0, 0x55, 0x80,

    /* U+9898 "题" */
    0x0, 0xff, 0xe2, 0xa7, 0xfe, 0xe1, 0xff, 0xf7,
    0x0, 0x1c, 0x7f, 0xd4, 0x63, 0xfe, 0x85, 0xff,
    0x70, 0x4, 0x3f, 0xea, 0x0, 0x1a, 0xe0, 0xaa,
    0x84, 0x2, 0x1f, 0xf5, 0x80, 0x2b, 0x8c, 0xdb,
    0x44, 0x0, 0x71, 0xff, 0x59, 0x80, 0x32, 0x7e,
    0x4, 0x2, 0x4f, 0xfd, 0xc0, 0x11, 0xc0, 0x0,
    0x40, 0x7f, 0xfd, 0x0, 0x10, 0x80, 0x4, 0x7,
    0xbf, 0xc3, 0xbf, 0x0, 0x6, 0x20, 0xe, 0x4c,
    0x0, 0x31, 0x81, 0x87, 0x20, 0x48, 0x80, 0x9,
    0xc0, 0x13, 0xc3, 0x44, 0x95, 0x88, 0x40, 0xd,
    0x55, 0x7, 0xe8, 0xc5, 0x50, 0xaf, 0xc, 0x0,
    0xb1, 0xa3, 0xc, 0x61, 0x4c, 0x49, 0x2a, 0x48,
    0x2d, 0x1d, 0x9f, 0xe5, 0xbd, 0xd6, 0x4c, 0x85,
    0x3c, 0x0, 0x2d, 0x39, 0xbd, 0xff, 0xc6,

    /* U+98CE "风" */
    0x0, 0x1f, 0xff, 0xf7, 0x0, 0x78, 0x77, 0x7e,
    0x93, 0x0, 0xf8, 0x8b, 0x80, 0x8c, 0x3, 0xfa,
    0xc8, 0x1, 0xd0, 0x1, 0xfe, 0x3f, 0x2, 0x39,
    0x0, 0xff, 0x43, 0x55, 0x18, 0x44, 0x1, 0xe7,
    0x30, 0x5, 0x23, 0xd8, 0x7, 0xe1, 0x10, 0x0,
    0x50, 0xc, 0x0, 0x60, 0x1c, 0x4c, 0x0, 0x54,
    0x45, 0x83, 0x88, 0x7, 0x69, 0x2, 0x55, 0x25,
    0x4c, 0x80, 0x40, 0x32, 0x63, 0x5d, 0x21, 0x37,
    0x88, 0x90, 0xc0, 0x8, 0x28, 0xb4, 0xa0, 0x8,
    0xa0, 0x4f, 0xf4, 0x4, 0x30, 0x1a, 0x80, 0x42,
    0xc1, 0xca, 0x78, 0xf, 0x0, 0x1f, 0xc8, 0xec,
    0x81, 0x62, 0x1, 0xfe, 0x89, 0x0,

    /* U+98DE "飞" */
    0x0, 0xff, 0xe1, 0xdf, 0xff, 0xda, 0x1, 0xe9,
    0xcd, 0xde, 0x80, 0xb, 0xc, 0x0, 0x46, 0x45,
    0xc2, 0x0, 0x83, 0x60, 0xf, 0xf9, 0x5e, 0xd4,
    0x3, 0xfc, 0x55, 0x44, 0x0, 0xff, 0x18, 0x3,
    0x0, 0x3f, 0xe1, 0xb, 0x7e, 0x40, 0xf, 0xe6,
    0x6, 0xf2, 0x90, 0xf, 0xe2, 0x17, 0x1c, 0xf0,
    0xf, 0xf2, 0x48, 0x0, 0x80, 0x3f, 0xd2, 0x6c,
    0xb, 0x80, 0x1f, 0xc6, 0xd3, 0x12, 0x20, 0x1f,
    0xe9, 0x77, 0x1c, 0x0, 0x7f, 0xd1, 0xda, 0xa0,

    /* U+98DF "食" */
    0x0, 0xff, 0xe5, 0xf, 0x30, 0x7, 0xff, 0x6,
    0x8e, 0xc, 0x3, 0xfe, 0x96, 0xc8, 0xc4, 0x0,
    0xfe, 0x97, 0xfc, 0x9, 0xb8, 0x0, 0xf1, 0x62,
    0x61, 0x51, 0x35, 0x3f, 0x30, 0x80, 0xce, 0xb9,
    0x6f, 0xc5, 0xfd, 0x3, 0x4f, 0x8, 0x8a, 0xa0,
    0x3f, 0xfa, 0xc6, 0x3f, 0x4, 0x2d, 0x40, 0x1f,
    0xfd, 0x60, 0x11, 0x80, 0x7b, 0xff, 0xac, 0x3,
    0xfd, 0xff, 0xd6, 0x20, 0x1f, 0xdf, 0xec, 0xdf,
    0xf6, 0xe9, 0x0, 0x3f, 0xaf, 0x69, 0x71, 0xd0,
    0x3, 0x9c, 0xe, 0x7b, 0x87, 0x41, 0xc0, 0x1e,
    0xc0, 0xc3, 0x51, 0x9e, 0x4b, 0x80, 0xe, 0xa9,
    0xfa, 0x30, 0x0, 0xd6, 0x48, 0x0,

    /* U+9910 "餐" */
    0x0, 0xdc, 0x60, 0x1f, 0xfc, 0x3f, 0xcd, 0x3d,
    0xdb, 0xac, 0x3, 0x49, 0x4, 0x6e, 0x1b, 0xfe,
    0x84, 0x0, 0x4c, 0xc9, 0x58, 0xe7, 0xd, 0xcc,
    0x31, 0x80, 0x6, 0x2d, 0xf4, 0x5f, 0x8d, 0x48,
    0x54, 0xc0, 0x3, 0xce, 0x11, 0x22, 0xbf, 0x35,
    0xb5, 0xc0, 0x12, 0x75, 0x6c, 0x1f, 0x4a, 0xf1,
    0x3e, 0x80, 0x49, 0x9f, 0x89, 0xdc, 0xdb, 0x4d,
    0xc9, 0x61, 0xb, 0xe3, 0x1, 0xc5, 0xd, 0x61,
    0x93, 0xa1, 0xd, 0xd5, 0x2, 0xa2, 0x66, 0x5,
    0xac, 0x0, 0x31, 0x0, 0x3b, 0x33, 0x78, 0x80,
    0x7f, 0x76, 0x63, 0xf3, 0xc4, 0x80, 0x3f, 0x45,
    0xf9, 0x8b, 0x3, 0x0, 0x78, 0xc2, 0xf0, 0xf3,
    0xcc, 0x61, 0x40, 0x38, 0xe3, 0xac, 0x0, 0x53,
    0xc8, 0x1, 0x0,

    /* U+9965 "饥" */
    0x0, 0xc, 0x10, 0x7, 0xff, 0x5, 0x1c, 0xc0,
    0x25, 0x5e, 0x0, 0xee, 0x42, 0x33, 0x5, 0x77,
    0xf5, 0x0, 0x62, 0x47, 0xfd, 0xe0, 0x4, 0xd4,
    0x8, 0x6, 0x95, 0xcc, 0x2d, 0x0, 0x7f, 0x2a,
    0x43, 0x8, 0x30, 0x7, 0xf2, 0xd9, 0xc8, 0x58,
    0x80, 0xc, 0x3, 0xe4, 0x0, 0xff, 0xe4, 0x88,
    0x7, 0xff, 0xc, 0xc0, 0x40, 0x3f, 0xea, 0x54,
    0x30, 0xf, 0xfb, 0x19, 0x2a, 0xc0, 0x38, 0xc4,
    0x0, 0xe0, 0xb8, 0xc4, 0xe0, 0x1, 0x1b, 0xe4,
    0x0, 0x95, 0xb, 0x14, 0x1, 0x11, 0x38, 0x68,
    0x0, 0x4a, 0xb, 0x88, 0x1, 0xb7, 0xf4, 0x80,

    /* U+996A "饪" */
    0x0, 0x26, 0x18, 0x7, 0xc7, 0x0, 0x1b, 0x8,
    0xc0, 0xa, 0xf3, 0x7d, 0x8c, 0xa0, 0x12, 0xb9,
    0x10, 0x73, 0x0, 0x97, 0xdc, 0x50, 0x1, 0x93,
    0x6e, 0xae, 0x6e, 0x41, 0xc4, 0x3, 0x4a, 0x7f,
    0x87, 0x0, 0x3f, 0x8d, 0x7c, 0x8, 0x50, 0x3,
    0xf8, 0xdd, 0x4, 0xe8, 0xc4, 0x60, 0x61, 0x11,
    0x0, 0x21, 0x38, 0x56, 0x7b, 0xa0, 0xbe, 0xe6,
    0x88, 0x4, 0x20, 0x8, 0xff, 0x83, 0x7f, 0xe1,
    0x0, 0xff, 0xe4, 0xa0, 0x7, 0xff, 0x9, 0xac,
    0x80, 0x3f, 0xe3, 0x19, 0xa2, 0x2c, 0xc, 0x44,
    0x10, 0xa, 0xc2, 0xd5, 0x5b, 0xb0, 0x5e, 0xea,
    0xc0, 0x2d, 0xa4, 0x5, 0xff, 0xfa, 0x80,

    /* U+996D "饭" */
    0x0, 0xff, 0xe3, 0x1e, 0x90, 0x7, 0x85, 0x20,
    0x3, 0x58, 0x10, 0x1, 0x77, 0xbf, 0xa9, 0x14,
    0x2, 0x5a, 0x11, 0x80, 0x19, 0xdf, 0xd8, 0xa0,
    0x4, 0x28, 0xee, 0x68, 0x9, 0x8, 0x7, 0xa5,
    0xff, 0xc8, 0x80, 0x0, 0x8f, 0x0, 0x14, 0xa4,
    0x0, 0x96, 0x7, 0xdf, 0x98, 0xe5, 0x5, 0xb0,
    0xf1, 0xe3, 0x4, 0x44, 0xef, 0x2, 0x0, 0x10,
    0x2, 0x10, 0x20, 0x3d, 0x5, 0x21, 0x0, 0xfd,
    0xe3, 0xa8, 0x1a, 0x80, 0x1f, 0x28, 0x26, 0xa8,
    0xb2, 0x50, 0x7, 0x9e, 0x8c, 0xe0, 0x59, 0x33,
    0x0, 0x7a, 0x69, 0x45, 0x3, 0x41, 0x40, 0x39,
    0x2, 0x56, 0xd8, 0x1a, 0x19, 0x92, 0x1, 0x92,
    0x1a, 0x8e, 0xea, 0x6a, 0x69, 0xb8, 0x40, 0x2,
    0xe1, 0x1a, 0x41, 0xaa, 0xb, 0xb2, 0x20,

    /* U+997A "饺" */
    0x0, 0xa4, 0x80, 0x33, 0xc0, 0x7, 0xc8, 0xc0,
    0x1c, 0x8e, 0x20, 0x1e, 0xd3, 0x30, 0xa5, 0xd4,
    0xa5, 0xd5, 0x40, 0x1, 0x62, 0xfe, 0xcd, 0xff,
    0x77, 0xfe, 0x0, 0x49, 0x77, 0x2, 0x9b, 0x19,
    0x4b, 0x15, 0x40, 0x3, 0x80, 0x16, 0x25, 0x60,
    0x2, 0xbd, 0x80, 0x56, 0xda, 0x32, 0x57, 0x46,
    0x5, 0xed, 0x60, 0x10, 0x98, 0x2, 0x54, 0x80,
    0x9, 0x5f, 0x20, 0x1f, 0x55, 0x21, 0x3, 0x40,
    0x88, 0x1, 0xf0, 0x89, 0xa0, 0x1a, 0x0, 0x3f,
    0x39, 0x4, 0x1e, 0x21, 0x80, 0x70, 0x85, 0x50,
    0x0, 0x2a, 0x7a, 0x1, 0xe4, 0x11, 0x61, 0x12,
    0x91, 0xe6, 0xd4, 0x40, 0x23, 0x4b, 0x2b, 0xd3,
    0xf8, 0xd7, 0xae, 0x10, 0x2, 0x58, 0x9, 0xec,
    0x88, 0x16, 0x62, 0x44,

    /* U+997C "饼" */
    0x0, 0x12, 0x80, 0x67, 0x40, 0x3, 0xa8, 0x6,
    0x5b, 0x10, 0xb, 0x60, 0x1, 0x24, 0x1, 0xae,
    0x44, 0x2, 0x83, 0x23, 0x7, 0x0, 0x8c, 0xd1,
    0xfe, 0x75, 0x78, 0x78, 0x55, 0x20, 0x2, 0x17,
    0xb4, 0x13, 0xa6, 0x39, 0xd3, 0xb4, 0x15, 0x56,
    0x22, 0x53, 0xb8, 0x1b, 0xf0, 0xb9, 0x5, 0xd5,
    0xf3, 0xa0, 0xf, 0xf8, 0xc0, 0x30, 0x8c, 0x2,
    0xe0, 0x24, 0x1, 0xf5, 0x75, 0xf, 0x58, 0x76,
    0xb0, 0x7, 0xaf, 0xe8, 0xbf, 0x3, 0xfc, 0xc0,
    0x18, 0xb4, 0x43, 0x58, 0x3, 0xfd, 0x82, 0x0,
    0x6c, 0x0, 0xfd, 0x80, 0x98, 0x32, 0x2c, 0x1,
    0xfb, 0x52, 0x82, 0x9a, 0x84, 0x3, 0xf2, 0xd8,
    0x1a, 0x4a, 0x80, 0x7f, 0xf0, 0xf, 0x98, 0x2,
    0x3f, 0x0, 0x80,

    /* U+997F "饿" */
    0x0, 0x18, 0x7, 0xd7, 0x0, 0x1d, 0xee, 0x0,
    0x38, 0xe3, 0x7f, 0x31, 0x0, 0x9, 0xa8, 0x9e,
    0x3c, 0x88, 0xc, 0x50, 0x1, 0x3, 0x78, 0x7c,
    0x58, 0x9c, 0xe4, 0x80, 0x13, 0x18, 0x24, 0x1,
    0xe2, 0x90, 0x43, 0x77, 0x33, 0xf8, 0xf7, 0xa5,
    0x7f, 0x8c, 0x20, 0xd6, 0x1f, 0xc7, 0xbd, 0x63,
    0xf8, 0xd1, 0xf5, 0x40, 0x38, 0x4b, 0xd2, 0x80,
    0x23, 0x70, 0x1, 0xe, 0x47, 0x1f, 0x10, 0x7,
    0xe, 0xe8, 0x22, 0x51, 0xb, 0x0, 0x1e, 0x8f,
    0x14, 0x3, 0x6, 0x10, 0xc, 0x98, 0xa0, 0x10,
    0xe0, 0x18, 0x6, 0x38, 0x80, 0x0, 0x57, 0xc7,
    0x16, 0x2c, 0x4, 0x50, 0xa7, 0xc0, 0x97, 0x87,
    0xe, 0x60, 0x36, 0xe0, 0x73, 0xa0, 0xa0, 0x7,
    0xa8,

    /* U+9986 "馆" */
    0x0, 0xff, 0xe3, 0x13, 0x88, 0x6, 0x2f, 0x20,
    0xf, 0x2c, 0x0, 0x71, 0x1d, 0x80, 0x7a, 0xd8,
    0x4, 0xae, 0xe1, 0x5b, 0xb8, 0x40, 0x8d, 0xbb,
    0x8e, 0x9f, 0xe9, 0x8f, 0xf2, 0x0, 0x20, 0xff,
    0x5, 0xcd, 0x13, 0xc2, 0x62, 0x90, 0x8, 0xc5,
    0xff, 0xee, 0xe1, 0xe, 0x7, 0x3c, 0x0, 0x7,
    0xfe, 0xc0, 0xc, 0x4e, 0x1, 0xe2, 0x29, 0x84,
    0x3, 0xfc, 0x3f, 0xf4, 0x10, 0x7, 0xf8, 0x77,
    0x78, 0x3, 0xe9, 0x0, 0xf, 0xff, 0x70, 0x4,
    0xe3, 0xa8, 0x40, 0x3f, 0xfa, 0xcc, 0x2, 0xc0,
    0xad, 0x20, 0x1b, 0xbd, 0x0, 0x1a, 0x71, 0xc0,
    0xe, 0x31, 0x1a, 0x8c, 0x2, 0x13, 0x0, 0x93,
    0xcc, 0xf3, 0x70, 0x0,

    /* U+9996 "首" */
    0x0, 0xff, 0xe2, 0xe2, 0x80, 0x6c, 0x60, 0xf,
    0x55, 0x4, 0x0, 0x46, 0xa0, 0x11, 0x10, 0x5d,
    0x8, 0x45, 0xa, 0x42, 0x22, 0xdc, 0xff, 0x2e,
    0xf7, 0xa2, 0x3f, 0xed, 0xfe, 0xed, 0x81, 0x9d,
    0xdd, 0xe0, 0x7, 0xcc, 0x78, 0x76, 0x64, 0xc0,
    0x1b, 0x9e, 0x26, 0xe2, 0x20, 0xe0, 0xe, 0x15,
    0x5f, 0x38, 0x7, 0x97, 0xbb, 0xc8, 0x1, 0xe5,
    0xff, 0xf2, 0x0, 0x79, 0x7f, 0xfc, 0x80, 0x1e,
    0x5f, 0xff, 0x20, 0x7, 0x84, 0xcf, 0xce, 0x1,
    0xe5, 0xff, 0xf1, 0x0, 0x79, 0x33, 0x3d, 0xd0,
    0x0,

    /* U+9999 "香" */
    0x0, 0xff, 0x8c, 0x3, 0x88, 0xcc, 0x8c, 0xf5,
    0x9f, 0x8a, 0x1, 0xaf, 0x7b, 0xf2, 0x36, 0x37,
    0x94, 0x3, 0x4f, 0x6d, 0xd0, 0xaa, 0x10, 0x80,
    0x6d, 0xcc, 0xe1, 0xec, 0xcd, 0xaa, 0x1f, 0xbb,
    0x3, 0x8a, 0x97, 0xee, 0xbd, 0x40, 0x84, 0x35,
    0xec, 0x2d, 0x38, 0x4, 0x80, 0x2, 0xfc, 0x96,
    0x1, 0x53, 0x7a, 0x80, 0x7, 0xea, 0xa2, 0x20,
    0x31, 0x49, 0x56, 0xa8, 0xe6, 0xcf, 0xf7, 0xa,
    0x3b, 0x87, 0x4c, 0xe0, 0x40, 0xf1, 0x99, 0xda,
    0xb, 0x64, 0x1, 0xaf, 0xbb, 0xbc, 0x3, 0xf5,
    0xf7, 0x77, 0x80, 0x7e, 0x23, 0x3e, 0x50, 0xf,
    0xd5, 0x11, 0xde, 0x2, 0x1, 0xd7, 0xb7, 0x7e,
    0xf1, 0x0, 0x0,

    /* U+9A6C "马" */
    0x0, 0xff, 0xe1, 0xff, 0xff, 0x80, 0x36, 0xef,
    0xe7, 0x20, 0xc, 0x44, 0xd4, 0x22, 0xc2, 0xc0,
    0x1c, 0x20, 0xa0, 0x18, 0xcc, 0x1, 0xc6, 0x4,
    0x1, 0x9b, 0xc0, 0x39, 0x80, 0x2, 0x38, 0x84,
    0x60, 0x8, 0x43, 0xbb, 0x86, 0x7b, 0x84, 0x0,
    0x5f, 0xff, 0xd8, 0x6, 0x23, 0xfe, 0x0, 0x87,
    0xfb, 0xbf, 0xa1, 0x84, 0x3b, 0xff, 0xfa, 0x34,
    0x80, 0x3f, 0x95, 0x9d, 0xc8, 0x1, 0xfd, 0xb3,
    0x25, 0x90, 0xf, 0xe8, 0xfe, 0xa1, 0x0,

    /* U+9A74 "驴" */
    0x0, 0xfe, 0x1c, 0x20, 0xc, 0x33, 0x11, 0x84,
    0x0, 0x21, 0x0, 0x1f, 0x85, 0xc0, 0x4, 0x4a,
    0xc2, 0x28, 0x6, 0x76, 0x2c, 0x4, 0x37, 0x2e,
    0xdf, 0x9a, 0x0, 0x2a, 0x16, 0x10, 0xa, 0xb7,
    0x6a, 0x10, 0xc, 0x22, 0x30, 0xf, 0xf8, 0x40,
    0x21, 0x0, 0xff, 0x9c, 0x13, 0x4, 0xc0, 0x17,
    0xff, 0x58, 0x4, 0xe7, 0xa, 0x1e, 0x0, 0xcf,
    0xfa, 0xc4, 0x0, 0x79, 0x95, 0x38, 0x80, 0x80,
    0x49, 0x80, 0x4d, 0x15, 0x0, 0x24, 0x4, 0x1,
    0x8c, 0x6, 0x83, 0x2b, 0xcd, 0xc, 0x3, 0xe3,
    0xc8, 0x62, 0x3e, 0xb4, 0x0, 0xff, 0x4d, 0xa7,
    0x1c, 0x80, 0x7f, 0xbc, 0xab, 0xdc, 0x40, 0x3e,

    /* U+9A7C "驼" */
    0x0, 0xff, 0xe7, 0x5b, 0x80, 0x77, 0x77, 0x30,
    0x5, 0x9c, 0x1, 0xd9, 0x8f, 0xf1, 0x99, 0xbf,
    0xd0, 0xdf, 0xf1, 0x1, 0x20, 0x88, 0xd8, 0xcb,
    0xff, 0x60, 0x18, 0xc, 0x80, 0x4, 0x46, 0x1,
    0xc2, 0x20, 0x1, 0x80, 0x4, 0x9, 0xfa, 0x20,
    0x0, 0x2e, 0x10, 0x11, 0x1, 0x80, 0x4, 0xc4,
    0x40, 0x4e, 0x1, 0x38, 0x13, 0x89, 0x8, 0x0,
    0x4f, 0x24, 0x80, 0x36, 0x58, 0x6c, 0x80, 0x1b,
    0x1b, 0x88, 0x0, 0x9d, 0xd8, 0x74, 0x0, 0xbd,
    0x0, 0x18, 0x91, 0xa4, 0x4, 0x40, 0x3, 0x10,
    0xc, 0x3b, 0x5b, 0xc2, 0xc, 0x1, 0xec, 0x51,
    0xee, 0x5b, 0x90, 0x18, 0x0, 0xc4, 0x46, 0x60,
    0x0, 0x81, 0x5e, 0x88, 0x83, 0x53, 0xb9, 0x86,
    0xa0, 0x11, 0xb, 0x60, 0x1, 0x3f, 0xf6, 0x0,

    /* U+9A86 "骆" */
    0x0, 0xfc, 0x50, 0x40, 0x1c, 0xbf, 0xfa, 0x80,
    0xa, 0xc6, 0x1, 0xcb, 0xff, 0x39, 0x0, 0x28,
    0x7b, 0xfd, 0xc0, 0x13, 0xa8, 0x17, 0x82, 0x93,
    0xff, 0x92, 0x40, 0x2d, 0x30, 0x11, 0xad, 0x98,
    0x2a, 0xa7, 0x0, 0x84, 0xc1, 0xcc, 0x1a, 0x5e,
    0xaa, 0x0, 0xce, 0x20, 0x23, 0x40, 0x72, 0x8,
    0x80, 0x30, 0xf4, 0x97, 0x33, 0xec, 0xdc, 0xd6,
    0xc9, 0x5, 0xef, 0x42, 0xd, 0x2f, 0xa3, 0xf5,
    0x11, 0x1, 0x9d, 0xe0, 0x3c, 0x7e, 0xff, 0x74,
    0xd8, 0x24, 0x56, 0x10, 0xb0, 0x87, 0x7f, 0xac,
    0x3, 0x74, 0xe1, 0x1, 0x80, 0x7f, 0x23, 0x19,
    0x28, 0x8, 0x3, 0x73, 0x12, 0x1, 0xed, 0xa2,
    0x0, 0xa3, 0xfd, 0x60, 0x1e, 0x77, 0x78, 0x8,
    0x29, 0x98, 0x80, 0x3d, 0x10, 0x20, 0x1e, 0x10,
    0x2, 0x70, 0x0,

    /* U+9A8C "验" */
    0x0, 0xff, 0xe6, 0xcf, 0x90, 0x6, 0x1f, 0xfd,
    0x60, 0x13, 0x9d, 0x0, 0x61, 0xef, 0xf3, 0x88,
    0x1, 0xcb, 0x58, 0xc0, 0x31, 0x98, 0x4, 0x80,
    0xa2, 0x3, 0x1a, 0x60, 0x12, 0xc0, 0x1f, 0x8f,
    0xaa, 0x85, 0xdb, 0x24, 0x40, 0x4, 0x2, 0x2a,
    0x36, 0xee, 0x9e, 0x9c, 0xc0, 0x33, 0x95, 0xe6,
    0x3f, 0xf2, 0xf1, 0x7, 0x80, 0x88, 0x0, 0x42,
    0x4c, 0x2, 0xc0, 0x19, 0xb8, 0xad, 0xa2, 0x3,
    0x0, 0xf6, 0x1, 0x47, 0xfc, 0x27, 0x68, 0x62,
    0x1e, 0xa0, 0x1, 0x46, 0x84, 0x11, 0x19, 0x84,
    0x8d, 0x2c, 0x0, 0x57, 0xa0, 0xc0, 0xc0, 0x8b,
    0xe2, 0x66, 0x0, 0x1f, 0xdc, 0x18, 0x18, 0xd2,
    0x12, 0xa0, 0x8, 0x4, 0x37, 0x80, 0xe, 0xff,
    0xa1, 0x7e, 0x80, 0x21, 0x2a, 0xc1, 0xff, 0xfa,
    0xc0,

    /* U+9A91 "骑" */
    0x0, 0xff, 0x6a, 0x0, 0x65, 0xcc, 0xce, 0x1,
    0x8d, 0xc0, 0x32, 0x77, 0x4b, 0xe3, 0xfd, 0xc1,
    0xde, 0xe2, 0x80, 0xb3, 0x91, 0xf8, 0xff, 0x30,
    0x26, 0xf2, 0x80, 0x33, 0x0, 0x24, 0x11, 0xa7,
    0xd9, 0xb4, 0x20, 0x1, 0xf0, 0x61, 0xd, 0x8b,
    0x16, 0xfd, 0x10, 0x1, 0x18, 0x1b, 0x15, 0xdb,
    0xba, 0xf9, 0xe4, 0x6, 0xea, 0x18, 0x6e, 0xee,
    0xa2, 0xe4, 0xe, 0x89, 0xc7, 0x2, 0xbb, 0x88,
    0x3, 0x8c, 0xc2, 0x40, 0xc2, 0xb2, 0xa0, 0x1c,
    0xfb, 0xfc, 0x66, 0x0, 0x19, 0x18, 0x7, 0x2c,
    0xfe, 0x10, 0x98, 0x15, 0x10, 0x7, 0x12, 0x0,
    0x61, 0x3c, 0x9c, 0x20, 0xf, 0xb3, 0x88, 0x0,
    0x67, 0x3d, 0x30, 0x7, 0x45, 0x68, 0x7, 0x2d,
    0xd0, 0x0,

    /* U+9AA1 "骡" */
    0x0, 0xff, 0xe2, 0xf7, 0x5e, 0xad, 0xff, 0xf2,
    0x80, 0x3b, 0xa3, 0x13, 0x37, 0xf8, 0x3b, 0xc8,
    0x40, 0xf, 0x60, 0x4e, 0x7, 0xdc, 0xf, 0xe2,
    0x0, 0xbc, 0x80, 0x48, 0xf, 0xb8, 0x1f, 0xc4,
    0x1, 0x17, 0x0, 0x4, 0xb, 0xbc, 0x7f, 0x8c,
    0x2, 0x12, 0x20, 0x1, 0x79, 0x8f, 0xf0, 0x35,
    0x0, 0xb, 0x78, 0x1a, 0x16, 0xe1, 0xba, 0x63,
    0x0, 0xbb, 0xad, 0x20, 0xfb, 0xb1, 0xd0, 0x30,
    0x7, 0x8, 0x8, 0x3, 0xa2, 0x58, 0xa5, 0x40,
    0xa7, 0x78, 0x4c, 0x2d, 0xe, 0x7c, 0x4e, 0x84,
    0xc2, 0x7c, 0x4, 0x2f, 0x70, 0x7b, 0x73, 0x44,
    0x52, 0x80, 0xce, 0x34, 0xc0, 0x16, 0xd9, 0x80,
    0x45, 0x94, 0x5f, 0x3, 0x22, 0x76, 0x3a, 0x1,
    0x15, 0xda, 0x75, 0x81, 0x5c, 0x42, 0xb4, 0x0,

    /* U+9AA8 "骨" */
    0x0, 0x1f, 0x77, 0xe0, 0xf, 0xf, 0x77, 0x50,
    0x80, 0x7d, 0xbb, 0x60, 0x0, 0x40, 0x3e, 0xff,
    0x41, 0x0, 0x78, 0x88, 0xc0, 0x1c, 0x44, 0x2,
    0x20, 0x6f, 0xc9, 0xf7, 0x24, 0xba, 0x8b, 0xb5,
    0x42, 0x73, 0xbb, 0xf6, 0x8, 0x4a, 0x9e, 0xf7,
    0x7b, 0x4e, 0xdd, 0x84, 0x7, 0x33, 0xc0, 0x5,
    0x20, 0x8, 0x7f, 0xfc, 0x2, 0x1, 0xc3, 0xff,
    0xe0, 0xf, 0x87, 0xff, 0xc0, 0x1f, 0xf, 0xff,
    0x80, 0x3f, 0xf8, 0xd, 0x20, 0x1e, 0x70, 0xf,
    0x32, 0x90, 0x6, 0x4e, 0x0, 0xcd, 0xf4, 0x1,
    0x0,

    /* U+9AD8 "高" */
    0x0, 0xf0, 0x88, 0x3, 0xff, 0x81, 0xd2, 0x1,
    0xea, 0xaf, 0xb, 0x55, 0x7b, 0xff, 0xd7, 0x6f,
    0xff, 0x2a, 0x83, 0xbb, 0xf3, 0x2a, 0x80, 0x4,
    0xf1, 0x1e, 0x57, 0x0, 0xff, 0xe3, 0x13, 0xc4,
    0x79, 0x5c, 0x0, 0x6c, 0x7b, 0xbf, 0x95, 0x91,
    0x16, 0x1, 0xfe, 0xad, 0x1, 0x67, 0xdd, 0xf2,
    0x33, 0x0, 0x30, 0xa4, 0xce, 0x41, 0x0, 0xff,
    0xe4, 0xa, 0x4c, 0xe4, 0x10, 0x0, 0x80, 0x43,
    0x77, 0xe2, 0xb4, 0xc7, 0xc0, 0xf, 0xeb, 0xe4,

    /* U+9C7C "鱼" */
    0x0, 0xff, 0xe4, 0xdc, 0x0, 0x7f, 0xf0, 0x55,
    0x2c, 0x3, 0xff, 0x80, 0x56, 0x19, 0xff, 0x70,
    0x7, 0xc3, 0xef, 0xff, 0x70, 0x40, 0x7, 0x87,
    0x5a, 0x40, 0x28, 0x36, 0x0, 0xf5, 0x2, 0x7f,
    0xe6, 0x3f, 0xf8, 0x40, 0x2a, 0xc0, 0xaf, 0xf2,
    0xab, 0xfd, 0x80, 0x1c, 0x20, 0x1f, 0xfc, 0x6a,
    0xff, 0x2a, 0xbf, 0xd8, 0x1, 0xfa, 0xbf, 0xca,
    0xaf, 0xf6, 0x0, 0x7e, 0x31, 0x10, 0x0, 0x44,
    0xe0, 0x1f, 0x15, 0xe6, 0x1d, 0xd9, 0x89, 0x20,
    0xf, 0x6e, 0xff, 0x84, 0x2, 0xef, 0xff, 0xfe,
    0x9, 0x0,

    /* U+9C81 "鲁" */
    0x0, 0xff, 0xe4, 0xe4, 0x0, 0x7f, 0xf0, 0x6c,
    0xdb, 0xba, 0xd0, 0xf, 0x8b, 0x47, 0xfb, 0xa3,
    0x80, 0xf, 0x3e, 0x12, 0x77, 0x62, 0xbe, 0xe2,
    0x80, 0x7, 0x70, 0x22, 0xa8, 0x8b, 0x75, 0x40,
    0xc, 0x34, 0x41, 0xe6, 0x61, 0x73, 0x38, 0x3,
    0xf2, 0x55, 0x14, 0xaa, 0xa1, 0x0, 0xc8, 0x8c,
    0xee, 0xb7, 0x5d, 0xd6, 0x32, 0x8, 0x77, 0x26,
    0x7f, 0xee, 0x50, 0xaa, 0x18, 0x8f, 0xf5, 0xd2,
    0x0, 0x4b, 0x93, 0x3f, 0x21, 0x80, 0x7a, 0x7f,
    0xfe, 0x0, 0xfd, 0x39, 0x9f, 0x0, 0x7e, 0x9f,
    0xff, 0x80, 0x3e, 0x18, 0xee, 0xf8, 0x3, 0xed,
    0x60, 0xf, 0xbc, 0x80, 0x0,

    /* U+9C9C "鲜" */
    0x0, 0xe, 0x18, 0x4, 0x2a, 0x0, 0x55, 0x0,
    0x69, 0x13, 0x0, 0x8e, 0x8c, 0x27, 0x40, 0x21,
    0x72, 0xff, 0x20, 0x13, 0x20, 0x9c, 0x80, 0x5a,
    0xdf, 0x48, 0x82, 0xd5, 0xbc, 0x1d, 0xd0, 0x90,
    0x26, 0xd2, 0xe8, 0x6e, 0x79, 0xf6, 0x68, 0x97,
    0x1e, 0x7, 0x90, 0x7, 0xff, 0x0, 0x40, 0x40,
    0xa, 0xab, 0x5, 0x64, 0x0, 0x87, 0xc3, 0xc0,
    0x19, 0xe6, 0x3f, 0x86, 0x1, 0xf, 0x87, 0x80,
    0x26, 0xa0, 0x6a, 0x8e, 0x1, 0xb, 0x3, 0x0,
    0x7f, 0xc7, 0x3, 0x3, 0xd, 0xfe, 0xc1, 0xff,
    0xa8, 0x5, 0xde, 0x41, 0x6e, 0xfb, 0x1f, 0xf7,
    0x50, 0x3d, 0xef, 0xe5, 0x80, 0x83, 0x80, 0x42,
    0x1, 0xd, 0x67, 0xe9, 0x0, 0x1c, 0x3, 0xcf,
    0x4e, 0x60, 0x1e, 0x10, 0xc,

    /* U+9CA8 "鲨" */
    0x0, 0xff, 0xe3, 0x17, 0x28, 0x0, 0x42, 0x64,
    0x6, 0x1, 0xc5, 0xb2, 0x25, 0xe6, 0x20, 0x8,
    0xc1, 0x0, 0x35, 0x3e, 0x7, 0xb1, 0x80, 0x56,
    0xd8, 0x0, 0x6f, 0xe0, 0x75, 0x80, 0xee, 0xc,
    0x74, 0x80, 0x4b, 0x74, 0xd0, 0x2, 0x7b, 0xca,
    0x48, 0x1, 0x26, 0x69, 0xa7, 0x72, 0x4b, 0x35,
    0x80, 0x28, 0xae, 0x4c, 0xda, 0xec, 0x83, 0x0,
    0xea, 0xf6, 0xc3, 0x2f, 0xab, 0xf6, 0x0, 0xf5,
    0x50, 0xef, 0x32, 0x2, 0x17, 0x10, 0x0, 0xe8,
    0x95, 0x99, 0xbe, 0xfe, 0x4e, 0xc, 0x0, 0x3d,
    0x41, 0x7f, 0xe4, 0x2f, 0xf8, 0x3, 0x84, 0x1,
    0x33, 0x5a, 0xcc, 0xc0, 0x1f, 0x27, 0x4c, 0xb0,
    0x26, 0x64, 0x30, 0xb, 0xb8, 0xea, 0xbf, 0xdf,
    0xe1,

    /* U+9CB8 "鲸" */
    0x0, 0xff, 0x88, 0x3, 0xec, 0x30, 0xe, 0x8e,
    0x0, 0xf1, 0x90, 0x18, 0x80, 0x52, 0x22, 0x0,
    0xe8, 0x59, 0xc2, 0x26, 0xe6, 0x8e, 0xe6, 0x88,
    0x23, 0x5c, 0x19, 0x8b, 0xbb, 0xe1, 0x15, 0x34,
    0x73, 0xc0, 0x99, 0xfc, 0x3, 0x68, 0x26, 0x2e,
    0x66, 0xef, 0xfb, 0x88, 0x0, 0x83, 0x23, 0x64,
    0x2, 0x2e, 0xe8, 0x40, 0x30, 0xf8, 0xf1, 0x0,
    0x7f, 0xc3, 0xe3, 0xc4, 0x0, 0x1c, 0xc8, 0x40,
    0x38, 0x40, 0xc0, 0x5, 0x70, 0x75, 0x64, 0x1,
    0x1e, 0x1f, 0x80, 0x46, 0xa2, 0xa2, 0x1, 0xe,
    0xef, 0x13, 0x48, 0x1, 0xa9, 0x0, 0x8, 0xd1,
    0x37, 0xab, 0x14, 0x20, 0xd3, 0x42, 0x1f, 0x43,
    0xff, 0x91, 0xe, 0x22, 0x65, 0x20, 0xbc, 0x96,
    0x42, 0xaa, 0x6, 0xb1, 0x5, 0x98,

    /* U+9CC4 "鳄" */
    0x0, 0xac, 0x80, 0x3f, 0xf8, 0x2a, 0xc4, 0x0,
    0x5f, 0xf7, 0xf, 0xfc, 0x40, 0x8, 0x3e, 0xf1,
    0x12, 0x71, 0x81, 0x79, 0x18, 0x30, 0xf6, 0x98,
    0x83, 0x90, 0x0, 0xc8, 0xc0, 0x62, 0xd2, 0x55,
    0x1d, 0xa5, 0x1, 0x21, 0x0, 0x62, 0x75, 0x6,
    0xce, 0xea, 0x46, 0xaa, 0x10, 0x43, 0x83, 0x81,
    0x2c, 0xcf, 0x68, 0x80, 0xb, 0xb, 0x40, 0xb7,
    0x33, 0xb4, 0x40, 0x5, 0x85, 0xa0, 0x9b, 0xaf,
    0xdd, 0xce, 0x0, 0x37, 0x35, 0x4, 0xd9, 0x3d,
    0xdc, 0xe0, 0x72, 0x32, 0x50, 0x0, 0xe2, 0xdd,
    0xa8, 0x0, 0x2e, 0xe5, 0x2f, 0x20, 0xae, 0xdd,
    0x58, 0x5, 0x1b, 0xfb, 0x20, 0x1f, 0x71, 0x0,
    0x39, 0x73, 0xf2, 0x48, 0x2, 0x35, 0x6c, 0x0,
    0x34, 0x18, 0x7, 0xd7, 0x67, 0x40,

    /* U+9E1F "鸟" */
    0x0, 0xfb, 0x50, 0x3, 0xfe, 0x11, 0x29, 0x30,
    0x8e, 0x0, 0xf4, 0x76, 0x41, 0x7e, 0x65, 0xc8,
    0x1, 0xde, 0x9b, 0xae, 0xdd, 0xc0, 0xc0, 0x1f,
    0x8f, 0x14, 0x0, 0x20, 0x40, 0x1f, 0x8e, 0x2c,
    0x12, 0x48, 0x3, 0xfc, 0xfe, 0x1a, 0xb6, 0x1,
    0xff, 0x8, 0x4e, 0xb0, 0x7, 0xbd, 0x3f, 0xff,
    0xc2, 0x1, 0x47, 0xff, 0xf6, 0x80, 0x80, 0x7f,
    0xf0, 0x44, 0x0, 0x3f, 0xff, 0xea, 0x7, 0x10,
    0x1f, 0xff, 0xf5, 0x0, 0x7f, 0xf0, 0xda, 0x24,
    0x80, 0x3f, 0xf8, 0x6, 0x65, 0xe0,

    /* U+9E21 "鸡" */
    0x0, 0xfe, 0x78, 0x0, 0xf0, 0x88, 0x3, 0xd9,
    0xe0, 0x1e, 0xbe, 0xff, 0xa5, 0x3d, 0x23, 0xfe,
    0x60, 0x5, 0x7f, 0xc9, 0xee, 0x3f, 0x7f, 0xe3,
    0x30, 0x4, 0x40, 0x5, 0x50, 0x5, 0x2c, 0x2,
    0x20, 0x1, 0x6a, 0x90, 0x98, 0x5, 0x26, 0x6,
    0xe0, 0x2, 0xba, 0x84, 0x0, 0xc9, 0xbe, 0x6,
    0x1, 0x24, 0xae, 0x80, 0x75, 0x5f, 0x0, 0x70,
    0x85, 0x83, 0x8f, 0xfb, 0x6f, 0xfc, 0xa0, 0x2,
    0x8a, 0x8, 0x4f, 0xff, 0x8, 0x80, 0x7d, 0x96,
    0x78, 0xc8, 0xb8, 0x0, 0xe3, 0x8d, 0x20, 0x85,
    0xb9, 0x9a, 0x40, 0x46, 0x5b, 0x0, 0x93, 0xbb,
    0xac, 0x40, 0xc2, 0x0, 0x3f, 0x8e, 0x70, 0xc4,
    0x3, 0xfe, 0x23, 0xad, 0x0,

    /* U+9E2D "鸭" */
    0x0, 0xff, 0x19, 0x80, 0x38, 0x47, 0xc0, 0x14,
    0x20, 0x6, 0x2e, 0xce, 0xfc, 0xe1, 0x3b, 0x4b,
    0xb9, 0x80, 0x3, 0xa5, 0xb8, 0x2, 0xeb, 0x91,
    0x7, 0x0, 0xff, 0x38, 0x2, 0xd, 0xcc, 0x3,
    0xfe, 0x33, 0xb, 0xb0, 0x0, 0x7c, 0xb3, 0x80,
    0x3b, 0x14, 0xc4, 0x0, 0x3e, 0x59, 0xc0, 0x1c,
    0xb6, 0x44, 0x0, 0xfe, 0x70, 0x3, 0x6e, 0x80,
    0x30, 0x83, 0x98, 0x0, 0x45, 0xfe, 0xdf, 0xf1,
    0x0, 0xe1, 0x57, 0x80, 0xaf, 0xfe, 0xe0, 0x20,
    0x2d, 0x2d, 0xd5, 0x19, 0x17, 0x18, 0x0, 0xb4,
    0x3, 0x2a, 0xbf, 0xf5, 0x88, 0x80, 0x3f, 0x3e,
    0xee, 0x97, 0x20, 0xf, 0xfe, 0x1, 0xaf, 0x38,
    0x6, 0x30, 0xf, 0x9a, 0x9f, 0xc0, 0x37, 0x18,
    0x7, 0x97, 0xb5, 0x0,

    /* U+9E45 "鹅" */
    0x0, 0xe7, 0x20, 0x8, 0xf0, 0x40, 0x38, 0x9d,
    0x25, 0x80, 0x6, 0x84, 0x43, 0x30, 0x2, 0xf6,
    0x44, 0xc7, 0x47, 0x6d, 0x63, 0xf8, 0x1, 0x54,
    0x25, 0x6, 0x68, 0xe3, 0x6e, 0x44, 0x0, 0x22,
    0x0, 0xd4, 0xe0, 0xb, 0x83, 0x70, 0x7, 0xd9,
    0xf9, 0x67, 0x48, 0x3, 0xeb, 0x88, 0x1, 0xf6,
    0x7e, 0x57, 0xf2, 0x0, 0x2e, 0x7f, 0x0, 0xf3,
    0x2, 0x98, 0x5, 0x18, 0xc0, 0x11, 0x9a, 0x88,
    0xe0, 0x1, 0x7f, 0x79, 0xee, 0x3d, 0x65, 0x5f,
    0x2e, 0x7b, 0xff, 0x90, 0x87, 0xa0, 0x40, 0xc6,
    0x27, 0xba, 0xf1, 0x71, 0x0, 0xe8, 0x7, 0xaf,
    0xfb, 0x44, 0x40, 0x2, 0x37, 0x97, 0x98, 0xd3,
    0x11, 0x10, 0x13, 0x85, 0xcf, 0x45, 0xb3, 0x10,
    0x80, 0x15, 0xe2, 0x61, 0x3c, 0xa2, 0x20, 0xba,
    0x0, 0xa6, 0xf8, 0x0,

    /* U+9E49 "鹉" */
    0x0, 0xf2, 0x0, 0x62, 0x10, 0xf, 0xeb, 0x10,
    0xa, 0x58, 0x3, 0xe, 0x5e, 0x18, 0x26, 0x9d,
    0xa5, 0xdc, 0x60, 0x31, 0x11, 0x2, 0xb, 0x33,
    0x3e, 0x10, 0x40, 0x50, 0xd0, 0x40, 0x1a, 0x20,
    0xea, 0x60, 0x41, 0xfd, 0xd8, 0x3e, 0x40, 0x28,
    0x10, 0xb, 0xb9, 0xe9, 0xc1, 0xd0, 0x0, 0x4a,
    0x31, 0x0, 0xc, 0x1b, 0x80, 0x4, 0x3, 0x1f,
    0xa8, 0x0, 0xd8, 0xd, 0x84, 0xc0, 0x32, 0xcd,
    0x80, 0x46, 0x0, 0x33, 0x8, 0x0, 0xfb, 0x2b,
    0xa8, 0x3, 0x1a, 0xb3, 0x82, 0x77, 0x69, 0x30,
    0xf, 0x11, 0x85, 0x5d, 0xcd, 0xe2, 0x1, 0x39,
    0x57, 0x6b, 0xf4, 0xca, 0x1c, 0x3c, 0x7c, 0xa5,
    0xf9, 0x55, 0x0, 0x44, 0x31, 0x31, 0x14, 0x76,
    0x42, 0x15, 0xd2, 0x0, 0x23, 0xd5, 0x1, 0x44,
    0x3, 0x22, 0x80, 0x53, 0x9c, 0x40,

    /* U+9E66 "鹦" */
    0x0, 0xff, 0x88, 0x80, 0x18, 0x8b, 0x1, 0x14,
    0x0, 0xba, 0x0, 0xdb, 0x13, 0xcb, 0xf1, 0x87,
    0x8c, 0xb9, 0x20, 0x2, 0xef, 0x0, 0x57, 0x10,
    0x3, 0xf6, 0x4c, 0x2, 0xe3, 0x0, 0x7c, 0x80,
    0x4a, 0xc6, 0x60, 0xc, 0x20, 0x10, 0x80, 0x43,
    0xe0, 0x1c, 0xc6, 0x0, 0x27, 0x0, 0x92, 0x44,
    0x40, 0x5, 0x37, 0x96, 0xc, 0x90, 0xb, 0x63,
    0x40, 0x1e, 0xa9, 0xa6, 0xc4, 0x62, 0x0, 0xcf,
    0x50, 0x2a, 0xb7, 0xe5, 0x75, 0xa1, 0x16, 0xe6,
    0xfa, 0x97, 0x84, 0x6a, 0x49, 0x71, 0xee, 0xe3,
    0x60, 0xec, 0x67, 0xdf, 0xcb, 0x22, 0x8c, 0x4,
    0x41, 0x8c, 0x7d, 0x8f, 0x53, 0x11, 0x88, 0xcc,
    0x0, 0xa9, 0x8d, 0x46, 0xa, 0xaa, 0xc8, 0x44,
    0x4, 0xba, 0xcb, 0x1d, 0x60, 0x12, 0x48, 0x80,
    0x23, 0x75, 0x90, 0xd9, 0x20, 0x13, 0x86, 0x80,

    /* U+9E70 "鹰" */
    0x0, 0xfc, 0x20, 0x1f, 0xfc, 0x22, 0xe4, 0x0,
    0xf8, 0xff, 0x77, 0x79, 0x4e, 0xef, 0x10, 0x0,
    0x77, 0x4b, 0x14, 0xfb, 0xf, 0xbb, 0x10, 0x6,
    0x66, 0xc, 0x35, 0xf2, 0xdd, 0xa0, 0x3, 0x34,
    0x97, 0x8b, 0x11, 0x0, 0x89, 0xa0, 0x18, 0xa4,
    0x2c, 0x84, 0xcc, 0x6, 0x61, 0x0, 0xc8, 0xa0,
    0x16, 0x7e, 0x7, 0xf8, 0x40, 0x3f, 0x4d, 0x10,
    0x49, 0x9c, 0x0, 0x73, 0x3, 0x4c, 0x92, 0xba,
    0xa8, 0x18, 0x0, 0x22, 0x0, 0x14, 0x7d, 0xe6,
    0x55, 0xc0, 0x11, 0x30, 0x7, 0x45, 0x1, 0xc5,
    0x80, 0x5c, 0x60, 0x17, 0xd2, 0x84, 0xd2, 0x54,
    0x0, 0x13, 0xc0, 0x11, 0xa, 0xa4, 0xd5, 0x27,
    0x90, 0xc, 0x9d, 0x37, 0xfb, 0xbb, 0xc7, 0x9c,
    0xa, 0x5, 0x37, 0x7e, 0xc7, 0x5f, 0x0,

    /* U+9E7F "鹿" */
    0x0, 0xf8, 0x4c, 0x3, 0xff, 0x84, 0xfa, 0x1,
    0xfd, 0x57, 0x7a, 0x86, 0xef, 0xa4, 0x2, 0x4e,
    0x9f, 0x4e, 0xd6, 0xc9, 0x94, 0x58, 0x6, 0x12,
    0x60, 0x22, 0x9, 0x14, 0x64, 0x1, 0xaf, 0xf4,
    0x3f, 0xc7, 0x5f, 0xf1, 0x0, 0x6b, 0xfd, 0xf,
    0xf1, 0xd7, 0xf8, 0x3, 0xff, 0x95, 0x7f, 0xa1,
    0xfe, 0x3a, 0xff, 0x0, 0x70, 0xe7, 0x7, 0x7f,
    0x8a, 0xff, 0xe2, 0x0, 0x8, 0x8, 0x0, 0xc4,
    0x40, 0x13, 0x71, 0x80, 0x14, 0x8, 0x1, 0xf8,
    0xe1, 0xfb, 0xa9, 0x10, 0x6, 0x18, 0x5, 0x9a,
    0xc1, 0xba, 0xb7, 0x30, 0x16, 0xa0, 0x9, 0xe9,
    0x80, 0x30, 0xf8, 0x99, 0x30, 0x30, 0x67, 0x32,
    0xcf, 0xfb, 0x98, 0x4b, 0x0, 0xf, 0xb4, 0x81,
    0x1f, 0xfa, 0x0,

    /* U+9EA6 "麦" */
    0x0, 0xfb, 0xd4, 0x3, 0xf3, 0x65, 0xde, 0x9,
    0xbb, 0xd8, 0x20, 0x4, 0xf9, 0x9c, 0x35, 0x33,
    0x44, 0x4, 0x0, 0x46, 0x45, 0x80, 0x8b, 0x1a,
    0x0, 0x6a, 0xee, 0xc3, 0x5d, 0xda, 0x0, 0x35,
    0x77, 0x61, 0xae, 0xed, 0x0, 0x6, 0xcc, 0xf0,
    0xce, 0x67, 0x89, 0xb7, 0x32, 0xf3, 0x9d, 0xcc,
    0xed, 0x20, 0x10, 0x1, 0x68, 0x4f, 0xfd, 0xa2,
    0x2, 0x1, 0x9f, 0x46, 0x3f, 0xda, 0x10, 0x20,
    0x18, 0x7a, 0x6b, 0x21, 0x47, 0xd9, 0x40, 0x38,
    0x77, 0x94, 0xea, 0x9e, 0xf2, 0x1, 0xf1, 0x81,
    0x3d, 0x91, 0x12, 0x10, 0x84, 0x40, 0x5, 0xdf,
    0xce, 0xad, 0xcb, 0x3b, 0xde, 0xa0, 0x2, 0x5e,
    0xf4, 0xa0, 0x1, 0x6f, 0xfb, 0x24, 0x0,

    /* U+9EBB "麻" */
    0x0, 0xf9, 0xac, 0x3, 0xf8, 0x47, 0x81, 0x8,
    0x46, 0x22, 0x0, 0x7, 0xb3, 0x35, 0x97, 0xe6,
    0x5f, 0x20, 0x1, 0xc, 0xdd, 0x46, 0xed, 0x97,
    0xba, 0xb0, 0xf, 0x15, 0x0, 0x47, 0x20, 0x1f,
    0x8d, 0xc0, 0x80, 0xd8, 0x8, 0xc4, 0x3, 0x1f,
    0x58, 0x71, 0xf5, 0x7, 0xf2, 0x0, 0x4, 0xb,
    0x50, 0x30, 0xf5, 0x42, 0x35, 0x40, 0x6, 0x1,
    0x20, 0x5b, 0x8a, 0x4, 0x80, 0x61, 0x10, 0x30,
    0x3, 0xe2, 0xc8, 0x44, 0xa0, 0x12, 0x90, 0x43,
    0x2, 0x5a, 0xc0, 0x45, 0x18, 0x3, 0xd6, 0x42,
    0x80, 0x65, 0x5c, 0x15, 0x58, 0x80, 0x98, 0x36,
    0x1, 0x35, 0x80, 0x54, 0xc8, 0x82, 0x48, 0x50,
    0x0, 0xd8, 0x80, 0x69, 0x4, 0xb1, 0x0, 0xf8,
    0x44, 0x1, 0x80,

    /* U+9EC4 "黄" */
    0x0, 0xec, 0x80, 0x0, 0xf9, 0x0, 0x72, 0x77,
    0x46, 0xfd, 0xcf, 0xc, 0xef, 0x70, 0x2, 0x7f,
    0x70, 0xe3, 0xb9, 0xe1, 0x9d, 0xee, 0x0, 0x11,
    0x0, 0x7f, 0xc2, 0xb, 0xfd, 0xd1, 0x4f, 0x7f,
    0x87, 0x3b, 0x9e, 0xcb, 0xdd, 0xea, 0x1e, 0xef,
    0x30, 0x0, 0xbf, 0xf5, 0x8f, 0xfe, 0x30, 0xf,
    0x77, 0xfa, 0xc7, 0xfe, 0x10, 0xf, 0xbb, 0xfd,
    0x63, 0xff, 0x8, 0x7, 0xdd, 0xfe, 0xb1, 0xff,
    0x84, 0x3, 0x84, 0x33, 0x75, 0x43, 0xbb, 0x8,
    0x7, 0x1f, 0x41, 0xc7, 0xf6, 0x3b, 0xb4, 0xc0,
    0x30, 0xc5, 0x3a, 0x8, 0xdc, 0xf8, 0xc0, 0x12,
    0xf1, 0x6c, 0x88, 0x4, 0x9b, 0x10, 0xb0, 0x2,
    0xdd, 0x88, 0x3, 0xe6, 0xf9, 0x0,

    /* U+9ECE "黎" */
    0x0, 0x88, 0xda, 0x40, 0xf, 0x0, 0x1e, 0x5f,
    0xf6, 0x68, 0x98, 0x4e, 0x0, 0x79, 0x7f, 0x46,
    0x60, 0xe4, 0x67, 0xba, 0xa0, 0x2d, 0xd7, 0x8f,
    0xeb, 0xa7, 0x59, 0x73, 0x18, 0x16, 0xf0, 0x85,
    0xd9, 0xf4, 0x22, 0x0, 0x5c, 0x0, 0x3d, 0x81,
    0x9, 0x51, 0xd7, 0x40, 0x73, 0x4, 0xc9, 0x61,
    0x4a, 0xa5, 0xd4, 0xb7, 0x82, 0x2, 0x63, 0x84,
    0x2d, 0xb3, 0xf0, 0x36, 0x68, 0x4, 0x60, 0x99,
    0x35, 0x9c, 0x3d, 0x4a, 0x40, 0x3, 0xae, 0xb1,
    0xe4, 0x96, 0x96, 0x2b, 0xdd, 0x1, 0xc, 0x7b,
    0xd0, 0x0, 0xa9, 0x27, 0x75, 0xc0, 0x36, 0xc1,
    0xe1, 0xa7, 0xb, 0xe2, 0x4, 0x60, 0x12, 0xd6,
    0x87, 0x9c, 0xc6, 0xd1, 0x0, 0x71, 0x6, 0xda,
    0x11, 0xbf, 0x8e, 0x88, 0x6, 0x7a, 0x21, 0xb4,
    0x50, 0x1b, 0xc1, 0x0, 0x0,

    /* U+9ED1 "黑" */
    0x0, 0x77, 0x7f, 0xf0, 0x0, 0x30, 0xd7, 0x7f,
    0x5, 0xf7, 0xf5, 0x8, 0x6, 0x10, 0x98, 0x0,
    0x8, 0x7b, 0x0, 0x80, 0x7b, 0xd8, 0x40, 0x10,
    0x2e, 0x1, 0xe1, 0x12, 0x29, 0x80, 0xf4, 0x0,
    0x88, 0x3, 0xd, 0x6a, 0xe8, 0xd4, 0xc7, 0x50,
    0x80, 0x6e, 0xff, 0xc3, 0x7f, 0xfb, 0x80, 0x36,
    0xef, 0xc, 0xe6, 0x70, 0x6, 0xee, 0x7f, 0xc3,
    0x7d, 0xd7, 0xf8, 0x0, 0x45, 0x8c, 0xe0, 0x33,
    0xc4, 0x26, 0x13, 0x9f, 0xfc, 0x17, 0xff, 0xb3,
    0x3, 0x78, 0xdd, 0xcd, 0xfe, 0xc8, 0xee, 0x64,
    0xf8, 0x85, 0xa0, 0x3, 0xd8, 0x6, 0x4c, 0x1,
    0x4, 0x6, 0xd0, 0x0, 0x6e, 0x3, 0x26, 0x2,
    0x45, 0x3, 0xb4, 0x0, 0x5c, 0x80, 0x35, 0x40,
    0x16, 0xe0,

    /* U+9F13 "鼓" */
    0x0, 0xd6, 0xa0, 0x1d, 0xca, 0x1, 0x84, 0x67,
    0x1, 0x20, 0xc, 0x20, 0x12, 0x66, 0xe8, 0xe3,
    0x7d, 0xd5, 0x41, 0x8a, 0xc2, 0x9b, 0x98, 0x39,
    0xcd, 0x62, 0x20, 0x9, 0x8, 0x2, 0xbb, 0x85,
    0x5d, 0xe2, 0xee, 0xd, 0x77, 0x8, 0x57, 0x77,
    0x78, 0x91, 0x0, 0x48, 0x40, 0x7, 0xff, 0xdc,
    0x9b, 0xa0, 0xbd, 0x70, 0xd, 0xff, 0x68, 0x2c,
    0x2f, 0x70, 0x10, 0x3, 0x6e, 0xde, 0x20, 0x88,
    0x4, 0x22, 0x0, 0xf, 0xbf, 0x3e, 0x38, 0xc,
    0xcb, 0xf4, 0x1, 0xa2, 0xc5, 0xec, 0x2, 0xbb,
    0x2b, 0x0, 0x6d, 0x72, 0xf5, 0x72, 0xe, 0x15,
    0x10, 0x2, 0xed, 0x8e, 0x30, 0xf3, 0xe3, 0x52,
    0xc8, 0x1, 0x23, 0x7f, 0xb2, 0x8e, 0x9b, 0xd7,
    0x13, 0xc8, 0x54, 0x80, 0x34, 0x65, 0x8, 0x16,
    0xd9, 0x0,

    /* U+9F20 "鼠" */
    0x0, 0x85, 0x8, 0x3, 0xf8, 0xbf, 0x75, 0xf4,
    0x5f, 0xfc, 0x20, 0x3, 0xd, 0xcb, 0x92, 0xef,
    0xf7, 0x0, 0x7b, 0xba, 0xc0, 0xfe, 0xe7, 0x80,
    0x7b, 0xba, 0xd0, 0xee, 0xbc, 0x3, 0xdf, 0xff,
    0xb8, 0x3, 0xc, 0xfe, 0x77, 0x27, 0xf3, 0xf7,
    0x42, 0x0, 0x19, 0xa, 0xc3, 0x82, 0xd5, 0xb8,
    0x0, 0xf4, 0x70, 0x0, 0xb1, 0x4, 0xc0, 0x38,
    0x7a, 0xc0, 0xb, 0xe5, 0xe6, 0x1, 0xc3, 0x86,
    0x0, 0x55, 0x88, 0x40, 0x3c, 0xf0, 0x1, 0x5a,
    0xb2, 0x85, 0x11, 0x86, 0x53, 0x30, 0x77, 0x4c,
    0x61, 0x4a, 0x8, 0x17, 0xca, 0xc5, 0x1c, 0xa1,
    0xa8, 0xc4, 0xda, 0xe0, 0x2, 0xd5, 0x0, 0x8f,
    0xa4, 0x0,

    /* U+9F3B "鼻" */
    0x0, 0xe4, 0xa0, 0xf, 0xf8, 0x7f, 0x21, 0xb3,
    0x3b, 0xcc, 0x3, 0xd7, 0x7f, 0x80, 0x3f, 0x66,
    0x7e, 0x1, 0x0, 0xe1, 0x88, 0xfc, 0x2, 0x1,
    0xcf, 0x55, 0xf9, 0x84, 0x3, 0x52, 0xaf, 0xfa,
    0x40, 0x32, 0xfe, 0x64, 0x11, 0x99, 0x72, 0x0,
    0x77, 0xe6, 0x47, 0x39, 0x97, 0x8, 0x7, 0x25,
    0x54, 0x4b, 0x55, 0x58, 0x80, 0x6a, 0xd3, 0x3a,
    0x34, 0xce, 0x2a, 0x0, 0x46, 0x44, 0xca, 0xe6,
    0x75, 0xcc, 0xda, 0x71, 0x99, 0x33, 0xe6, 0x60,
    0xdc, 0xc6, 0x98, 0x13, 0x68, 0x48, 0x7, 0xf8,
    0xb3, 0x1d, 0x40, 0x1c, 0x26, 0x1, 0x8b, 0xa8,
    0xc0, 0x3d, 0xe4, 0x1, 0x80,

    /* U+9F7F "齿" */
    0x0, 0xfd, 0xe8, 0x1, 0xfc, 0x3a, 0x20, 0x1,
    0x0, 0xff, 0x88, 0x3, 0x5f, 0xfe, 0x20, 0xf,
    0xf5, 0xff, 0xe2, 0x0, 0xff, 0xe2, 0x9f, 0xfb,
    0x83, 0xbf, 0xc3, 0x7f, 0xfc, 0xc7, 0xff, 0xff,
    0xc2, 0x60, 0x0, 0xa8, 0x4, 0xb8, 0x20, 0x1,
    0x40, 0xc, 0x54, 0x1, 0x4b, 0x88, 0x1, 0x28,
    0x3, 0x84, 0x0, 0xc6, 0xac, 0x1, 0xff, 0x1c,
    0xbd, 0xcd, 0x88, 0x80, 0x3e, 0x3d, 0x58, 0x5d,
    0x6f, 0x10, 0xf, 0x85, 0xa8, 0x0, 0x59, 0x40,
    0x1f, 0xe, 0xbf, 0xfe, 0xeb, 0xa0, 0xe, 0x3f,
    0xff, 0xeb, 0x0, 0x80,

    /* U+9F84 "龄" */
    0x0, 0xff, 0x8, 0x7, 0xf7, 0x90, 0x4, 0x3c,
    0x80, 0x1c, 0x24, 0x2, 0x60, 0x12, 0x81, 0x0,
    0x73, 0xd8, 0x3, 0xfc, 0x41, 0xcd, 0x62, 0x1,
    0xfb, 0xfc, 0x42, 0xb1, 0x54, 0x0, 0xc2, 0x1,
    0xeb, 0x51, 0x70, 0xa0, 0x2, 0x4b, 0xf0, 0x7f,
    0x3a, 0x5d, 0x15, 0xb6, 0x2, 0x6f, 0xe3, 0x77,
    0xf5, 0x9, 0xc8, 0x67, 0x80, 0x38, 0x9c, 0xc3,
    0xad, 0xce, 0xbc, 0xce, 0x0, 0x87, 0x1c, 0x4,
    0xe2, 0x2f, 0xdf, 0x0, 0xc2, 0xee, 0x60, 0x5,
    0xdd, 0x23, 0xe0, 0x1a, 0x52, 0x28, 0x0, 0x90,
    0x12, 0xc6, 0x1, 0xb6, 0x4f, 0x0, 0xa, 0x98,
    0xb0, 0x1, 0xdd, 0x57, 0x82, 0x3, 0x8e, 0x42,
    0x1, 0xaf, 0x2a, 0x74, 0x4c, 0x1, 0x6f, 0x20,
    0x19, 0x94, 0xc8, 0x78, 0x80, 0x2b, 0x90, 0x8,

    /* U+9F99 "龙" */
    0x0, 0xff, 0xe5, 0x64, 0x80, 0x8, 0x3, 0xff,
    0x80, 0x20, 0xc, 0xa0, 0xf, 0xfb, 0xc0, 0x1a,
    0xaa, 0x0, 0xc2, 0x45, 0x84, 0x8, 0x83, 0x6e,
    0x44, 0x0, 0x46, 0xee, 0x28, 0xdd, 0xaf, 0x75,
    0xc0, 0x9, 0xff, 0xb4, 0x34, 0xa7, 0xff, 0x60,
    0x7, 0x90, 0x8, 0x3, 0x38, 0x80, 0x7d, 0x88,
    0x1, 0x9a, 0x14, 0x3, 0xc2, 0xbe, 0x1, 0x14,
    0xc9, 0x0, 0x3d, 0x4, 0x80, 0x1, 0xf5, 0x60,
    0xf, 0x2b, 0x48, 0x5, 0x23, 0x40, 0x1e, 0x4a,
    0x64, 0x4, 0x22, 0x60, 0x4, 0xc0, 0x6, 0xb5,
    0x94, 0xbb, 0xa, 0x0, 0x4b, 0x28, 0x1e, 0xd4,
    0x1e, 0x5c, 0xee, 0xff, 0xa9, 0x50, 0x26, 0x40,
    0xb, 0x91, 0x9f, 0xfe, 0xa0,

    /* U+9F9F "龟" */
    0x0, 0xff, 0xe4, 0xeb, 0x80, 0x7f, 0xf0, 0x60,
    0xd4, 0x3, 0xff, 0x80, 0xae, 0x19, 0xdc, 0xff,
    0x10, 0x7, 0x92, 0xa9, 0xdd, 0x8a, 0x8, 0x3,
    0x96, 0xdd, 0xc4, 0x55, 0x2, 0x91, 0x0, 0x37,
    0x1b, 0xcc, 0xdc, 0xad, 0x32, 0xd3, 0x0, 0xae,
    0x46, 0xee, 0x91, 0xbb, 0x84, 0x3, 0x84, 0x55,
    0x54, 0x8d, 0x54, 0x20, 0x1e, 0x19, 0x9a, 0xc6,
    0x66, 0x0, 0xfc, 0x67, 0x10, 0x19, 0xc2, 0x1,
    0xe1, 0xdd, 0xac, 0x77, 0x61, 0x0, 0xf0, 0xee,
    0xd6, 0x3b, 0xb7, 0x99, 0x0, 0x63, 0x0, 0xff,
    0x4b, 0x80, 0x13, 0x40, 0x21, 0x18, 0x2, 0x14,
    0x20, 0xf, 0x94, 0xbb, 0xfe, 0xe4, 0x50,

    /* U+FF03 "＃" */
    0x0, 0x8c, 0x80, 0xa, 0x1, 0xd2, 0x80, 0x70,
    0x1, 0xcc, 0x40, 0xcc, 0x0, 0xbb, 0x87, 0x5d,
    0x49, 0xd0, 0x1f, 0x81, 0xfe, 0x58, 0xf8, 0x1,
    0x1, 0x1c, 0x42, 0x1, 0x31, 0x0, 0x19, 0x80,
    0x18, 0x98, 0x0, 0x44, 0x0, 0x57, 0xca, 0xff,
    0x83, 0xbc, 0x2b, 0xce, 0xbe, 0xcb, 0xfc, 0x1,
    0x13, 0x81, 0x38, 0x7, 0x11, 0x0, 0x1a, 0x1,
    0x0,

    /* U+FF0C "，" */
    0x6, 0x60, 0x84, 0xc8, 0x80, 0x3b, 0xc4, 0x41,
    0x8, 0x41, 0x74, 0x0,

    /* U+FF1B "；" */
    0x1, 0x10, 0x3, 0xb8, 0x20, 0x1d, 0xfe, 0x10,
    0x22, 0x0, 0x37, 0x42, 0x1, 0xdc, 0x2, 0x14,
    0xe0, 0x8, 0x80, 0x0,

    /* U+FF1F "？" */
    0x1, 0x67, 0x10, 0x1, 0x75, 0x5f, 0x88, 0x5a,
    0xe6, 0xa, 0x43, 0xfc, 0x0, 0x60, 0x3, 0x28,
    0xa, 0xe0, 0x6, 0xc5, 0x40, 0xa, 0x6, 0x80,
    0x33, 0x40, 0x7, 0x94, 0x3, 0xb8, 0x40, 0x32,
    0x6a, 0x80, 0x61, 0x23, 0x0, 0x80,

    /* U+FF20 "＠" */
    0x0, 0xff, 0xe3, 0x46, 0x77, 0xec, 0x90, 0x7,
    0x16, 0x9c, 0x77, 0xfb, 0xb1, 0x80, 0x21, 0xfa,
    0xb5, 0x67, 0x6, 0xd8, 0x30, 0x4, 0xb3, 0x97,
    0xd7, 0xfc, 0xb7, 0x0, 0x6, 0xf0, 0xf4, 0xc8,
    0x80, 0xba, 0xa8, 0x8, 0x51, 0x5, 0x60, 0x3,
    0x21, 0x18, 0x0, 0x20, 0x68, 0x20, 0xd, 0x50,
    0x53, 0x3, 0x10, 0xf2, 0x0, 0x22, 0x2c, 0x3e,
    0xc0, 0x49, 0x71, 0xd5, 0xe8, 0x1e, 0x9d, 0xc0,
    0xb, 0x84, 0x98, 0xcd, 0x5b, 0xd, 0x0, 0x98,
    0x6d, 0xb6, 0xce, 0xb8, 0x24, 0x3, 0x60, 0xf5,
    0x3c, 0x5f, 0x1c, 0x0, 0x75, 0x66, 0xf0, 0xef,
    0x48, 0x4
};


/*---------------------
 *  GLYPH DESCRIPTION
 *--------------------*/

static const lv_font_fmt_txt_glyph_dsc_t glyph_dsc[] = {
    {.bitmap_index = 0, .adv_w = 0, .box_w = 0, .box_h = 0, .ofs_x = 0, .ofs_y = 0} /* id = 0 reserved */,
    {.bitmap_index = 0, .adv_w = 128, .box_w = 0, .box_h = 0, .ofs_x = 0, .ofs_y = 0},
    {.bitmap_index = 0, .adv_w = 128, .box_w = 2, .box_h = 12, .ofs_x = 3, .ofs_y = 0},
    {.bitmap_index = 13, .adv_w = 128, .box_w = 4, .box_h = 4, .ofs_x = 2, .ofs_y = 8},
    {.bitmap_index = 21, .adv_w = 128, .box_w = 8, .box_h = 12, .ofs_x = 0, .ofs_y = 0},
    {.bitmap_index = 70, .adv_w = 128, .box_w = 7, .box_h = 15, .ofs_x = 0, .ofs_y = -2},
    {.bitmap_index = 121, .adv_w = 128, .box_w = 8, .box_h = 12, .ofs_x = 0, .ofs_y = 0},
    {.bitmap_index = 166, .adv_w = 128, .box_w = 8, .box_h = 12, .ofs_x = 0, .ofs_y = 0},
    {.bitmap_index = 213, .adv_w = 128, .box_w = 3, .box_h = 4, .ofs_x = 2, .ofs_y = 8},
    {.bitmap_index = 220, .adv_w = 128, .box_w = 5, .box_h = 16, .ofs_x = 3, .ofs_y = -2},
    {.bitmap_index = 256, .adv_w = 128, .box_w = 5, .box_h = 16, .ofs_x = 0, .ofs_y = -2},
    {.bitmap_index = 293, .adv_w = 128, .box_w = 8, .box_h = 9, .ofs_x = 0, .ofs_y = 3},
    {.bitmap_index = 329, .adv_w = 128, .box_w = 8, .box_h = 8, .ofs_x = 0, .ofs_y = 2},
    {.bitmap_index = 352, .adv_w = 128, .box_w = 2, .box_h = 4, .ofs_x = 1, .ofs_y = -2},
    {.bitmap_index = 357, .adv_w = 128, .box_w = 8, .box_h = 2, .ofs_x = 0, .ofs_y = 5},
    {.bitmap_index = 363, .adv_w = 128, .box_w = 2, .box_h = 2, .ofs_x = 1, .ofs_y = 0},
    {.bitmap_index = 366, .adv_w = 128, .box_w = 8, .box_h = 14, .ofs_x = 0, .ofs_y = -1},
    {.bitmap_index = 405, .adv_w = 128, .box_w = 8, .box_h = 13, .ofs_x = 0, .ofs_y = -1},
    {.bitmap_index = 456, .adv_w = 128, .box_w = 4, .box_h = 12, .ofs_x = 1, .ofs_y = 0},
    {.bitmap_index = 469, .adv_w = 128, .box_w = 8, .box_h = 13, .ofs_x = 0, .ofs_y = 0},
    {.bitmap_index = 513, .adv_w = 128, .box_w = 8, .box_h = 12, .ofs_x = 0, .ofs_y = 0},
    {.bitmap_index = 560, .adv_w = 128, .box_w = 8, .box_h = 12, .ofs_x = 0, .ofs_y = 0},
    {.bitmap_index = 596, .adv_w = 128, .box_w = 8, .box_h = 12, .ofs_x = 0, .ofs_y = 0},
    {.bitmap_index = 641, .adv_w = 128, .box_w = 8, .box_h = 12, .ofs_x = 0, .ofs_y = 0},
    {.bitmap_index = 686, .adv_w = 128, .box_w = 8, .box_h = 12, .ofs_x = 0, .ofs_y = 0},
    {.bitmap_index = 722, .adv_w = 128, .box_w = 8, .box_h = 12, .ofs_x = 0, .ofs_y = 0},
    {.bitmap_index = 770, .adv_w = 128, .box_w = 8, .box_h = 12, .ofs_x = 0, .ofs_y = 0},
    {.bitmap_index = 815, .adv_w = 128, .box_w = 2, .box_h = 8, .ofs_x = 3, .ofs_y = 0},
    {.bitmap_index = 822, .adv_w = 128, .box_w = 2, .box_h = 10, .ofs_x = 3, .ofs_y = -2},
    {.bitmap_index = 831, .adv_w = 128, .box_w = 8, .box_h = 14, .ofs_x = 0, .ofs_y = -1},
    {.bitmap_index = 875, .adv_w = 128, .box_w = 8, .box_h = 6, .ofs_x = 0, .ofs_y = 3},
    {.bitmap_index = 890, .adv_w = 128, .box_w = 8, .box_h = 14, .ofs_x = 0, .ofs_y = -1},
    {.bitmap_index = 933, .adv_w = 128, .box_w = 7, .box_h = 12, .ofs_x = 0, .ofs_y = 0},
    {.bitmap_index = 971, .adv_w = 128, .box_w = 8, .box_h = 12, .ofs_x = 0, .ofs_y = 0},
    {.bitmap_index = 1020, .adv_w = 128, .box_w = 8, .box_h = 12, .ofs_x = 0, .ofs_y = 0},
    {.bitmap_index = 1065, .adv_w = 128, .box_w = 8, .box_h = 12, .ofs_x = 0, .ofs_y = 0},
    {.bitmap_index = 1106, .adv_w = 128, .box_w = 8, .box_h = 12, .ofs_x = 0, .ofs_y = 0},
    {.bitmap_index = 1151, .adv_w = 128, .box_w = 8, .box_h = 12, .ofs_x = 0, .ofs_y = 0},
    {.bitmap_index = 1190, .adv_w = 128, .box_w = 8, .box_h = 12, .ofs_x = 0, .ofs_y = 0},
    {.bitmap_index = 1220, .adv_w = 128, .box_w = 8, .box_h = 12, .ofs_x = 0, .ofs_y = 0},
    {.bitmap_index = 1245, .adv_w = 128, .box_w = 8, .box_h = 12, .ofs_x = 0, .ofs_y = 0},
    {.bitmap_index = 1293, .adv_w = 128, .box_w = 8, .box_h = 12, .ofs_x = 0, .ofs_y = 0},
    {.bitmap_index = 1313, .adv_w = 128, .box_w = 2, .box_h = 12, .ofs_x = 3, .ofs_y = 0},
    {.bitmap_index = 1318, .adv_w = 128, .box_w = 7, .box_h = 12, .ofs_x = 0, .ofs_y = 0},
    {.bitmap_index = 1340, .adv_w = 128, .box_w = 8, .box_h = 12, .ofs_x = 0, .ofs_y = 0},
    {.bitmap_index = 1379, .adv_w = 128, .box_w = 8, .box_h = 12, .ofs_x = 0, .ofs_y = 0},
    {.bitmap_index = 1391, .adv_w = 128, .box_w = 8, .box_h = 12, .ofs_x = 0, .ofs_y = 0},
    {.bitmap_index = 1432, .adv_w = 128, .box_w = 8, .box_h = 12, .ofs_x = 0, .ofs_y = 0},
    {.bitmap_index = 1467, .adv_w = 128, .box_w = 8, .box_h = 12, .ofs_x = 0, .ofs_y = 0},
    {.bitmap_index = 1512, .adv_w = 128, .box_w = 8, .box_h = 12, .ofs_x = 0, .ofs_y = 0},
    {.bitmap_index = 1546, .adv_w = 128, .box_w = 8, .box_h = 13, .ofs_x = 0, .ofs_y = -1},
    {.bitmap_index = 1595, .adv_w = 128, .box_w = 8, .box_h = 12, .ofs_x = 0, .ofs_y = 0},
    {.bitmap_index = 1636, .adv_w = 128, .box_w = 8, .box_h = 12, .ofs_x = 0, .ofs_y = 0},
    {.bitmap_index = 1683, .adv_w = 128, .box_w = 8, .box_h = 12, .ofs_x = 0, .ofs_y = 0},
    {.bitmap_index = 1697, .adv_w = 128, .box_w = 8, .box_h = 12, .ofs_x = 0, .ofs_y = 0},
    {.bitmap_index = 1720, .adv_w = 128, .box_w = 8, .box_h = 12, .ofs_x = 0, .ofs_y = 0},
    {.bitmap_index = 1766, .adv_w = 128, .box_w = 8, .box_h = 12, .ofs_x = 0, .ofs_y = 0},
    {.bitmap_index = 1815, .adv_w = 128, .box_w = 8, .box_h = 12, .ofs_x = 0, .ofs_y = 0},
    {.bitmap_index = 1861, .adv_w = 128, .box_w = 8, .box_h = 12, .ofs_x = 0, .ofs_y = 0},
    {.bitmap_index = 1893, .adv_w = 128, .box_w = 8, .box_h = 12, .ofs_x = 0, .ofs_y = 0},
    {.bitmap_index = 1932, .adv_w = 128, .box_w = 5, .box_h = 16, .ofs_x = 3, .ofs_y = -2},
    {.bitmap_index = 1947, .adv_w = 128, .box_w = 8, .box_h = 14, .ofs_x = 0, .ofs_y = -2},
    {.bitmap_index = 1986, .adv_w = 128, .box_w = 5, .box_h = 16, .ofs_x = 0, .ofs_y = -2},
    {.bitmap_index = 2001, .adv_w = 128, .box_w = 7, .box_h = 3, .ofs_x = 0, .ofs_y = 11},
    {.bitmap_index = 2012, .adv_w = 128, .box_w = 8, .box_h = 1, .ofs_x = 0, .ofs_y = -2},
    {.bitmap_index = 2015, .adv_w = 128, .box_w = 4, .box_h = 3, .ofs_x = 2, .ofs_y = 11},
    {.bitmap_index = 2022, .adv_w = 128, .box_w = 8, .box_h = 8, .ofs_x = 0, .ofs_y = 0},
    {.bitmap_index = 2055, .adv_w = 128, .box_w = 8, .box_h = 12, .ofs_x = 0, .ofs_y = 0},
    {.bitmap_index = 2086, .adv_w = 128, .box_w = 8, .box_h = 8, .ofs_x = 0, .ofs_y = 0},
    {.bitmap_index = 2118, .adv_w = 128, .box_w = 7, .box_h = 12, .ofs_x = 0, .ofs_y = 0},
    {.bitmap_index = 2152, .adv_w = 128, .box_w = 8, .box_h = 8, .ofs_x = 0, .ofs_y = 0},
    {.bitmap_index = 2184, .adv_w = 128, .box_w = 8, .box_h = 12, .ofs_x = 0, .ofs_y = 0},
    {.bitmap_index = 2213, .adv_w = 128, .box_w = 8, .box_h = 11, .ofs_x = 0, .ofs_y = -2},
    {.bitmap_index = 2255, .adv_w = 128, .box_w = 7, .box_h = 12, .ofs_x = 0, .ofs_y = 0},
    {.bitmap_index = 2277, .adv_w = 128, .box_w = 2, .box_h = 12, .ofs_x = 3, .ofs_y = 0},
    {.bitmap_index = 2286, .adv_w = 128, .box_w = 5, .box_h = 14, .ofs_x = 1, .ofs_y = -2},
    {.bitmap_index = 2305, .adv_w = 128, .box_w = 8, .box_h = 12, .ofs_x = 0, .ofs_y = 0},
    {.bitmap_index = 2334, .adv_w = 128, .box_w = 2, .box_h = 12, .ofs_x = 3, .ofs_y = 0},
    {.bitmap_index = 2339, .adv_w = 128, .box_w = 8, .box_h = 8, .ofs_x = 0, .ofs_y = 0},
    {.bitmap_index = 2357, .adv_w = 128, .box_w = 7, .box_h = 8, .ofs_x = 0, .ofs_y = 0},
    {.bitmap_index = 2375, .adv_w = 128, .box_w = 8, .box_h = 8, .ofs_x = 0, .ofs_y = 0},
    {.bitmap_index = 2406, .adv_w = 128, .box_w = 8, .box_h = 10, .ofs_x = 0, .ofs_y = -2},
    {.bitmap_index = 2440, .adv_w = 128, .box_w = 7, .box_h = 10, .ofs_x = 0, .ofs_y = -2},
    {.bitmap_index = 2473, .adv_w = 128, .box_w = 6, .box_h = 8, .ofs_x = 1, .ofs_y = 0},
    {.bitmap_index = 2490, .adv_w = 128, .box_w = 6, .box_h = 8, .ofs_x = 1, .ofs_y = 0},
    {.bitmap_index = 2515, .adv_w = 128, .box_w = 7, .box_h = 11, .ofs_x = 0, .ofs_y = 0},
    {.bitmap_index = 2544, .adv_w = 128, .box_w = 7, .box_h = 8, .ofs_x = 0, .ofs_y = 0},
    {.bitmap_index = 2562, .adv_w = 128, .box_w = 8, .box_h = 8, .ofs_x = 0, .ofs_y = 0},
    {.bitmap_index = 2593, .adv_w = 128, .box_w = 8, .box_h = 8, .ofs_x = 0, .ofs_y = 0},
    {.bitmap_index = 2626, .adv_w = 128, .box_w = 8, .box_h = 8, .ofs_x = 0, .ofs_y = 0},
    {.bitmap_index = 2657, .adv_w = 128, .box_w = 8, .box_h = 10, .ofs_x = 0, .ofs_y = -2},
    {.bitmap_index = 2695, .adv_w = 128, .box_w = 7, .box_h = 8, .ofs_x = 0, .ofs_y = 0},
    {.bitmap_index = 2722, .adv_w = 128, .box_w = 4, .box_h = 15, .ofs_x = 3, .ofs_y = -2},
    {.bitmap_index = 2747, .adv_w = 128, .box_w = 2, .box_h = 17, .ofs_x = 3, .ofs_y = -2},
    {.bitmap_index = 2752, .adv_w = 128, .box_w = 5, .box_h = 15, .ofs_x = 0, .ofs_y = -2},
    {.bitmap_index = 2782, .adv_w = 128, .box_w = 8, .box_h = 5, .ofs_x = 0, .ofs_y = 11},
    {.bitmap_index = 2800, .adv_w = 256, .box_w = 8, .box_h = 15, .ofs_x = 4, .ofs_y = -1},
    {.bitmap_index = 2861, .adv_w = 256, .box_w = 4, .box_h = 5, .ofs_x = 2, .ofs_y = 8},
    {.bitmap_index = 2872, .adv_w = 256, .box_w = 12, .box_h = 14, .ofs_x = 2, .ofs_y = 0},
    {.bitmap_index = 2909, .adv_w = 256, .box_w = 4, .box_h = 3, .ofs_x = 6, .ofs_y = 5},
    {.bitmap_index = 2915, .adv_w = 256, .box_w = 10, .box_h = 12, .ofs_x = 3, .ofs_y = 0},
    {.bitmap_index = 2967, .adv_w = 256, .box_w = 12, .box_h = 12, .ofs_x = 2, .ofs_y = 0},
    {.bitmap_index = 3000, .adv_w = 128, .box_w = 8, .box_h = 10, .ofs_x = 0, .ofs_y = -1},
    {.bitmap_index = 3038, .adv_w = 128, .box_w = 7, .box_h = 12, .ofs_x = 0, .ofs_y = -3},
    {.bitmap_index = 3077, .adv_w = 256, .box_w = 8, .box_h = 11, .ofs_x = 4, .ofs_y = 0},
    {.bitmap_index = 3120, .adv_w = 256, .box_w = 14, .box_h = 3, .ofs_x = 1, .ofs_y = 5},
    {.bitmap_index = 3138, .adv_w = 256, .box_w = 14, .box_h = 15, .ofs_x = 1, .ofs_y = -1},
    {.bitmap_index = 3240, .adv_w = 256, .box_w = 14, .box_h = 14, .ofs_x = 1, .ofs_y = -1},
    {.bitmap_index = 3316, .adv_w = 256, .box_w = 14, .box_h = 13, .ofs_x = 1, .ofs_y = 0},
    {.bitmap_index = 3356, .adv_w = 256, .box_w = 13, .box_h = 10, .ofs_x = 2, .ofs_y = 1},
    {.bitmap_index = 3396, .adv_w = 256, .box_w = 10, .box_h = 13, .ofs_x = 3, .ofs_y = -1},
    {.bitmap_index = 3427, .adv_w = 256, .box_w = 13, .box_h = 10, .ofs_x = 1, .ofs_y = 1},
    {.bitmap_index = 3466, .adv_w = 256, .box_w = 10, .box_h = 13, .ofs_x = 3, .ofs_y = 0},
    {.bitmap_index = 3496, .adv_w = 256, .box_w = 14, .box_h = 8, .ofs_x = 1, .ofs_y = 2},
    {.bitmap_index = 3549, .adv_w = 256, .box_w = 12, .box_h = 11, .ofs_x = 2, .ofs_y = 0},
    {.bitmap_index = 3596, .adv_w = 256, .box_w = 14, .box_h = 13, .ofs_x = 1, .ofs_y = -1},
    {.bitmap_index = 3669, .adv_w = 256, .box_w = 13, .box_h = 13, .ofs_x = 2, .ofs_y = -1},
    {.bitmap_index = 3741, .adv_w = 256, .box_w = 16, .box_h = 17, .ofs_x = 0, .ofs_y = -3},
    {.bitmap_index = 3843, .adv_w = 256, .box_w = 16, .box_h = 17, .ofs_x = 0, .ofs_y = -3},
    {.bitmap_index = 3957, .adv_w = 256, .box_w = 16, .box_h = 17, .ofs_x = 0, .ofs_y = -3},
    {.bitmap_index = 4078, .adv_w = 256, .box_w = 16, .box_h = 17, .ofs_x = 0, .ofs_y = -3},
    {.bitmap_index = 4191, .adv_w = 256, .box_w = 16, .box_h = 17, .ofs_x = 0, .ofs_y = -3},
    {.bitmap_index = 4309, .adv_w = 256, .box_w = 16, .box_h = 17, .ofs_x = 0, .ofs_y = -3},
    {.bitmap_index = 4429, .adv_w = 256, .box_w = 16, .box_h = 17, .ofs_x = 0, .ofs_y = -3},
    {.bitmap_index = 4538, .adv_w = 256, .box_w = 16, .box_h = 17, .ofs_x = 0, .ofs_y = -3},
    {.bitmap_index = 4661, .adv_w = 256, .box_w = 16, .box_h = 17, .ofs_x = 0, .ofs_y = -3},
    {.bitmap_index = 4779, .adv_w = 256, .box_w = 16, .box_h = 17, .ofs_x = 0, .ofs_y = -3},
    {.bitmap_index = 4896, .adv_w = 256, .box_w = 14, .box_h = 14, .ofs_x = 1, .ofs_y = -2},
    {.bitmap_index = 4914, .adv_w = 256, .box_w = 13, .box_h = 13, .ofs_x = 1, .ofs_y = -1},
    {.bitmap_index = 4930, .adv_w = 256, .box_w = 14, .box_h = 14, .ofs_x = 1, .ofs_y = -1},
    {.bitmap_index = 4989, .adv_w = 256, .box_w = 14, .box_h = 11, .ofs_x = 1, .ofs_y = 1},
    {.bitmap_index = 5039, .adv_w = 256, .box_w = 16, .box_h = 15, .ofs_x = 0, .ofs_y = -2},
    {.bitmap_index = 5129, .adv_w = 256, .box_w = 16, .box_h = 16, .ofs_x = 0, .ofs_y = -2},
    {.bitmap_index = 5211, .adv_w = 256, .box_w = 16, .box_h = 14, .ofs_x = 0, .ofs_y = -1},
    {.bitmap_index = 5290, .adv_w = 256, .box_w = 16, .box_h = 14, .ofs_x = 0, .ofs_y = -1},
    {.bitmap_index = 5373, .adv_w = 256, .box_w = 4, .box_h = 6, .ofs_x = 2, .ofs_y = -1},
    {.bitmap_index = 5385, .adv_w = 256, .box_w = 4, .box_h = 5, .ofs_x = 2, .ofs_y = -1},
    {.bitmap_index = 5395, .adv_w = 256, .box_w = 16, .box_h = 2, .ofs_x = 0, .ofs_y = 5},
    {.bitmap_index = 5405, .adv_w = 256, .box_w = 16, .box_h = 13, .ofs_x = 0, .ofs_y = -1},
    {.bitmap_index = 5460, .adv_w = 256, .box_w = 14, .box_h = 14, .ofs_x = 1, .ofs_y = -2},
    {.bitmap_index = 5536, .adv_w = 256, .box_w = 15, .box_h = 13, .ofs_x = 0, .ofs_y = -1},
    {.bitmap_index = 5578, .adv_w = 256, .box_w = 16, .box_h = 14, .ofs_x = 0, .ofs_y = -1},
    {.bitmap_index = 5617, .adv_w = 256, .box_w = 14, .box_h = 14, .ofs_x = 1, .ofs_y = -1},
    {.bitmap_index = 5669, .adv_w = 256, .box_w = 15, .box_h = 14, .ofs_x = 0, .ofs_y = -1},
    {.bitmap_index = 5730, .adv_w = 256, .box_w = 14, .box_h = 13, .ofs_x = 1, .ofs_y = -1},
    {.bitmap_index = 5806, .adv_w = 256, .box_w = 16, .box_h = 14, .ofs_x = 0, .ofs_y = -1},
    {.bitmap_index = 5879, .adv_w = 256, .box_w = 16, .box_h = 14, .ofs_x = 0, .ofs_y = -2},
    {.bitmap_index = 5955, .adv_w = 256, .box_w = 15, .box_h = 15, .ofs_x = 1, .ofs_y = -2},
    {.bitmap_index = 6048, .adv_w = 256, .box_w = 15, .box_h = 14, .ofs_x = 1, .ofs_y = -1},
    {.bitmap_index = 6131, .adv_w = 256, .box_w = 15, .box_h = 15, .ofs_x = 0, .ofs_y = -2},
    {.bitmap_index = 6206, .adv_w = 256, .box_w = 16, .box_h = 15, .ofs_x = 0, .ofs_y = -2},
    {.bitmap_index = 6269, .adv_w = 256, .box_w = 13, .box_h = 15, .ofs_x = 1, .ofs_y = -2},
    {.bitmap_index = 6320, .adv_w = 256, .box_w = 12, .box_h = 14, .ofs_x = 2, .ofs_y = -1},
    {.bitmap_index = 6385, .adv_w = 256, .box_w = 14, .box_h = 15, .ofs_x = 1, .ofs_y = -2},
    {.bitmap_index = 6473, .adv_w = 256, .box_w = 15, .box_h = 15, .ofs_x = 0, .ofs_y = -1},
    {.bitmap_index = 6543, .adv_w = 256, .box_w = 16, .box_h = 15, .ofs_x = 0, .ofs_y = -2},
    {.bitmap_index = 6626, .adv_w = 256, .box_w = 16, .box_h = 15, .ofs_x = 0, .ofs_y = -2},
    {.bitmap_index = 6722, .adv_w = 256, .box_w = 15, .box_h = 14, .ofs_x = 1, .ofs_y = -1},
    {.bitmap_index = 6795, .adv_w = 256, .box_w = 15, .box_h = 16, .ofs_x = 0, .ofs_y = -2},
    {.bitmap_index = 6870, .adv_w = 256, .box_w = 14, .box_h = 15, .ofs_x = 1, .ofs_y = -2},
    {.bitmap_index = 6960, .adv_w = 256, .box_w = 16, .box_h = 15, .ofs_x = 0, .ofs_y = -2},
    {.bitmap_index = 7034, .adv_w = 256, .box_w = 16, .box_h = 15, .ofs_x = 0, .ofs_y = -2},
    {.bitmap_index = 7109, .adv_w = 256, .box_w = 16, .box_h = 15, .ofs_x = 0, .ofs_y = -2},
    {.bitmap_index = 7222, .adv_w = 256, .box_w = 15, .box_h = 16, .ofs_x = 1, .ofs_y = -2},
    {.bitmap_index = 7312, .adv_w = 256, .box_w = 12, .box_h = 15, .ofs_x = 2, .ofs_y = -2},
    {.bitmap_index = 7385, .adv_w = 256, .box_w = 13, .box_h = 16, .ofs_x = 1, .ofs_y = -2},
    {.bitmap_index = 7472, .adv_w = 256, .box_w = 14, .box_h = 14, .ofs_x = 1, .ofs_y = -1},
    {.bitmap_index = 7549, .adv_w = 256, .box_w = 14, .box_h = 14, .ofs_x = 1, .ofs_y = -2},
    {.bitmap_index = 7634, .adv_w = 256, .box_w = 16, .box_h = 15, .ofs_x = 0, .ofs_y = -2},
    {.bitmap_index = 7733, .adv_w = 256, .box_w = 16, .box_h = 11, .ofs_x = 0, .ofs_y = 0},
    {.bitmap_index = 7764, .adv_w = 256, .box_w = 14, .box_h = 15, .ofs_x = 1, .ofs_y = -2},
    {.bitmap_index = 7835, .adv_w = 256, .box_w = 16, .box_h = 14, .ofs_x = 0, .ofs_y = -2},
    {.bitmap_index = 7911, .adv_w = 256, .box_w = 14, .box_h = 13, .ofs_x = 1, .ofs_y = -1},
    {.bitmap_index = 7976, .adv_w = 256, .box_w = 15, .box_h = 14, .ofs_x = 1, .ofs_y = -1},
    {.bitmap_index = 8057, .adv_w = 256, .box_w = 15, .box_h = 14, .ofs_x = 0, .ofs_y = -1},
    {.bitmap_index = 8137, .adv_w = 256, .box_w = 16, .box_h = 16, .ofs_x = 0, .ofs_y = -2},
    {.bitmap_index = 8237, .adv_w = 256, .box_w = 16, .box_h = 16, .ofs_x = 0, .ofs_y = -2},
    {.bitmap_index = 8327, .adv_w = 256, .box_w = 15, .box_h = 16, .ofs_x = 1, .ofs_y = -2},
    {.bitmap_index = 8423, .adv_w = 256, .box_w = 15, .box_h = 15, .ofs_x = 1, .ofs_y = -2},
    {.bitmap_index = 8521, .adv_w = 256, .box_w = 16, .box_h = 15, .ofs_x = 0, .ofs_y = -2},
    {.bitmap_index = 8596, .adv_w = 256, .box_w = 15, .box_h = 16, .ofs_x = 0, .ofs_y = -2},
    {.bitmap_index = 8658, .adv_w = 256, .box_w = 16, .box_h = 16, .ofs_x = 0, .ofs_y = -2},
    {.bitmap_index = 8749, .adv_w = 256, .box_w = 16, .box_h = 15, .ofs_x = 0, .ofs_y = -2},
    {.bitmap_index = 8845, .adv_w = 256, .box_w = 15, .box_h = 16, .ofs_x = 0, .ofs_y = -2},
    {.bitmap_index = 8917, .adv_w = 256, .box_w = 16, .box_h = 15, .ofs_x = 0, .ofs_y = -1},
    {.bitmap_index = 9007, .adv_w = 256, .box_w = 15, .box_h = 15, .ofs_x = 0, .ofs_y = -2},
    {.bitmap_index = 9079, .adv_w = 256, .box_w = 16, .box_h = 16, .ofs_x = 0, .ofs_y = -2},
    {.bitmap_index = 9172, .adv_w = 256, .box_w = 15, .box_h = 15, .ofs_x = 1, .ofs_y = -2},
    {.bitmap_index = 9266, .adv_w = 256, .box_w = 15, .box_h = 16, .ofs_x = 0, .ofs_y = -2},
    {.bitmap_index = 9328, .adv_w = 256, .box_w = 16, .box_h = 16, .ofs_x = 0, .ofs_y = -2},
    {.bitmap_index = 9409, .adv_w = 256, .box_w = 16, .box_h = 16, .ofs_x = 0, .ofs_y = -3},
    {.bitmap_index = 9506, .adv_w = 256, .box_w = 16, .box_h = 15, .ofs_x = 0, .ofs_y = -2},
    {.bitmap_index = 9583, .adv_w = 256, .box_w = 16, .box_h = 16, .ofs_x = 0, .ofs_y = -2},
    {.bitmap_index = 9689, .adv_w = 256, .box_w = 16, .box_h = 15, .ofs_x = 0, .ofs_y = -1},
    {.bitmap_index = 9767, .adv_w = 256, .box_w = 16, .box_h = 14, .ofs_x = 0, .ofs_y = -1},
    {.bitmap_index = 9855, .adv_w = 256, .box_w = 16, .box_h = 16, .ofs_x = 0, .ofs_y = -2},
    {.bitmap_index = 9956, .adv_w = 256, .box_w = 16, .box_h = 15, .ofs_x = 0, .ofs_y = -2},
    {.bitmap_index = 10043, .adv_w = 256, .box_w = 15, .box_h = 16, .ofs_x = 0, .ofs_y = -3},
    {.bitmap_index = 10144, .adv_w = 256, .box_w = 16, .box_h = 16, .ofs_x = 0, .ofs_y = -2},
    {.bitmap_index = 10241, .adv_w = 256, .box_w = 16, .box_h = 16, .ofs_x = 0, .ofs_y = -2},
    {.bitmap_index = 10320, .adv_w = 256, .box_w = 16, .box_h = 16, .ofs_x = 0, .ofs_y = -2},
    {.bitmap_index = 10416, .adv_w = 256, .box_w = 16, .box_h = 16, .ofs_x = 0, .ofs_y = -2},
    {.bitmap_index = 10502, .adv_w = 256, .box_w = 16, .box_h = 14, .ofs_x = 0, .ofs_y = -1},
    {.bitmap_index = 10594, .adv_w = 256, .box_w = 16, .box_h = 16, .ofs_x = 0, .ofs_y = -2},
    {.bitmap_index = 10677, .adv_w = 256, .box_w = 16, .box_h = 16, .ofs_x = 0, .ofs_y = -2},
    {.bitmap_index = 10782, .adv_w = 256, .box_w = 16, .box_h = 16, .ofs_x = 0, .ofs_y = -2},
    {.bitmap_index = 10860, .adv_w = 256, .box_w = 16, .box_h = 15, .ofs_x = 0, .ofs_y = -2},
    {.bitmap_index = 10956, .adv_w = 256, .box_w = 16, .box_h = 16, .ofs_x = 0, .ofs_y = -2},
    {.bitmap_index = 11061, .adv_w = 256, .box_w = 15, .box_h = 15, .ofs_x = 0, .ofs_y = -2},
    {.bitmap_index = 11155, .adv_w = 256, .box_w = 16, .box_h = 16, .ofs_x = 0, .ofs_y = -3},
    {.bitmap_index = 11260, .adv_w = 256, .box_w = 16, .box_h = 15, .ofs_x = 0, .ofs_y = -2},
    {.bitmap_index = 11366, .adv_w = 256, .box_w = 16, .box_h = 14, .ofs_x = 0, .ofs_y = -1},
    {.bitmap_index = 11457, .adv_w = 256, .box_w = 16, .box_h = 16, .ofs_x = 0, .ofs_y = -2},
    {.bitmap_index = 11540, .adv_w = 256, .box_w = 16, .box_h = 16, .ofs_x = 0, .ofs_y = -2},
    {.bitmap_index = 11649, .adv_w = 256, .box_w = 16, .box_h = 16, .ofs_x = 0, .ofs_y = -3},
    {.bitmap_index = 11750, .adv_w = 256, .box_w = 16, .box_h = 16, .ofs_x = 0, .ofs_y = -2},
    {.bitmap_index = 11851, .adv_w = 256, .box_w = 16, .box_h = 15, .ofs_x = 0, .ofs_y = -2},
    {.bitmap_index = 11955, .adv_w = 256, .box_w = 16, .box_h = 15, .ofs_x = 0, .ofs_y = -1},
    {.bitmap_index = 12063, .adv_w = 256, .box_w = 16, .box_h = 16, .ofs_x = 0, .ofs_y = -3},
    {.bitmap_index = 12171, .adv_w = 256, .box_w = 16, .box_h = 15, .ofs_x = 0, .ofs_y = -2},
    {.bitmap_index = 12273, .adv_w = 256, .box_w = 16, .box_h = 15, .ofs_x = 0, .ofs_y = -2},
    {.bitmap_index = 12373, .adv_w = 256, .box_w = 16, .box_h = 16, .ofs_x = 0, .ofs_y = -2},
    {.bitmap_index = 12467, .adv_w = 256, .box_w = 16, .box_h = 15, .ofs_x = 0, .ofs_y = -2},
    {.bitmap_index = 12580, .adv_w = 256, .box_w = 16, .box_h = 15, .ofs_x = 0, .ofs_y = -2},
    {.bitmap_index = 12677, .adv_w = 256, .box_w = 16, .box_h = 16, .ofs_x = 0, .ofs_y = -3},
    {.bitmap_index = 12788, .adv_w = 256, .box_w = 16, .box_h = 16, .ofs_x = 0, .ofs_y = -2},
    {.bitmap_index = 12900, .adv_w = 256, .box_w = 16, .box_h = 15, .ofs_x = 0, .ofs_y = -2},
    {.bitmap_index = 12972, .adv_w = 256, .box_w = 15, .box_h = 15, .ofs_x = 1, .ofs_y = -2},
    {.bitmap_index = 13049, .adv_w = 256, .box_w = 15, .box_h = 14, .ofs_x = 0, .ofs_y = -2},
    {.bitmap_index = 13110, .adv_w = 256, .box_w = 15, .box_h = 16, .ofs_x = 0, .ofs_y = -2},
    {.bitmap_index = 13205, .adv_w = 256, .box_w = 16, .box_h = 15, .ofs_x = 0, .ofs_y = -2},
    {.bitmap_index = 13302, .adv_w = 256, .box_w = 16, .box_h = 15, .ofs_x = 0, .ofs_y = -2},
    {.bitmap_index = 13397, .adv_w = 256, .box_w = 14, .box_h = 15, .ofs_x = 1, .ofs_y = -2},
    {.bitmap_index = 13476, .adv_w = 256, .box_w = 16, .box_h = 15, .ofs_x = 0, .ofs_y = -2},
    {.bitmap_index = 13572, .adv_w = 256, .box_w = 16, .box_h = 15, .ofs_x = 0, .ofs_y = -2},
    {.bitmap_index = 13675, .adv_w = 256, .box_w = 16, .box_h = 15, .ofs_x = 0, .ofs_y = -2},
    {.bitmap_index = 13759, .adv_w = 256, .box_w = 16, .box_h = 15, .ofs_x = 0, .ofs_y = -2},
    {.bitmap_index = 13846, .adv_w = 256, .box_w = 16, .box_h = 15, .ofs_x = 0, .ofs_y = -2},
    {.bitmap_index = 13931, .adv_w = 256, .box_w = 16, .box_h = 15, .ofs_x = 0, .ofs_y = -2},
    {.bitmap_index = 14033, .adv_w = 256, .box_w = 14, .box_h = 15, .ofs_x = 1, .ofs_y = -2},
    {.bitmap_index = 14111, .adv_w = 256, .box_w = 14, .box_h = 14, .ofs_x = 1, .ofs_y = -1},
    {.bitmap_index = 14178, .adv_w = 256, .box_w = 16, .box_h = 15, .ofs_x = 0, .ofs_y = -2},
    {.bitmap_index = 14265, .adv_w = 256, .box_w = 14, .box_h = 16, .ofs_x = 1, .ofs_y = -2},
    {.bitmap_index = 14352, .adv_w = 256, .box_w = 15, .box_h = 15, .ofs_x = 0, .ofs_y = -2},
    {.bitmap_index = 14448, .adv_w = 256, .box_w = 16, .box_h = 15, .ofs_x = 0, .ofs_y = -2},
    {.bitmap_index = 14540, .adv_w = 256, .box_w = 15, .box_h = 14, .ofs_x = 1, .ofs_y = -2},
    {.bitmap_index = 14617, .adv_w = 256, .box_w = 16, .box_h = 16, .ofs_x = 0, .ofs_y = -2},
    {.bitmap_index = 14717, .adv_w = 256, .box_w = 14, .box_h = 16, .ofs_x = 1, .ofs_y = -2},
    {.bitmap_index = 14792, .adv_w = 256, .box_w = 14, .box_h = 15, .ofs_x = 1, .ofs_y = -2},
    {.bitmap_index = 14861, .adv_w = 256, .box_w = 14, .box_h = 14, .ofs_x = 1, .ofs_y = -2},
    {.bitmap_index = 14930, .adv_w = 256, .box_w = 15, .box_h = 15, .ofs_x = 0, .ofs_y = -2},
    {.bitmap_index = 15027, .adv_w = 256, .box_w = 16, .box_h = 15, .ofs_x = 0, .ofs_y = -2},
    {.bitmap_index = 15124, .adv_w = 256, .box_w = 16, .box_h = 15, .ofs_x = 0, .ofs_y = -2},
    {.bitmap_index = 15225, .adv_w = 256, .box_w = 15, .box_h = 14, .ofs_x = 0, .ofs_y = -1},
    {.bitmap_index = 15308, .adv_w = 256, .box_w = 16, .box_h = 15, .ofs_x = 0, .ofs_y = -2},
    {.bitmap_index = 15410, .adv_w = 256, .box_w = 16, .box_h = 16, .ofs_x = 0, .ofs_y = -2},
    {.bitmap_index = 15512, .adv_w = 256, .box_w = 16, .box_h = 16, .ofs_x = 0, .ofs_y = -2},
    {.bitmap_index = 15619, .adv_w = 256, .box_w = 16, .box_h = 15, .ofs_x = 0, .ofs_y = -2},
    {.bitmap_index = 15722, .adv_w = 256, .box_w = 16, .box_h = 16, .ofs_x = 0, .ofs_y = -2},
    {.bitmap_index = 15826, .adv_w = 256, .box_w = 16, .box_h = 16, .ofs_x = 0, .ofs_y = -2},
    {.bitmap_index = 15936, .adv_w = 256, .box_w = 13, .box_h = 15, .ofs_x = 1, .ofs_y = -2},
    {.bitmap_index = 15997, .adv_w = 256, .box_w = 16, .box_h = 14, .ofs_x = 0, .ofs_y = -1},
    {.bitmap_index = 16065, .adv_w = 256, .box_w = 15, .box_h = 14, .ofs_x = 0, .ofs_y = -2},
    {.bitmap_index = 16144, .adv_w = 256, .box_w = 15, .box_h = 16, .ofs_x = 1, .ofs_y = -2},
    {.bitmap_index = 16238, .adv_w = 256, .box_w = 15, .box_h = 14, .ofs_x = 0, .ofs_y = -2},
    {.bitmap_index = 16330, .adv_w = 256, .box_w = 15, .box_h = 15, .ofs_x = 0, .ofs_y = -2},
    {.bitmap_index = 16422, .adv_w = 256, .box_w = 15, .box_h = 16, .ofs_x = 0, .ofs_y = -2},
    {.bitmap_index = 16513, .adv_w = 256, .box_w = 15, .box_h = 16, .ofs_x = 0, .ofs_y = -2},
    {.bitmap_index = 16621, .adv_w = 256, .box_w = 15, .box_h = 16, .ofs_x = 0, .ofs_y = -2},
    {.bitmap_index = 16708, .adv_w = 256, .box_w = 15, .box_h = 15, .ofs_x = 0, .ofs_y = -2},
    {.bitmap_index = 16796, .adv_w = 256, .box_w = 15, .box_h = 15, .ofs_x = 0, .ofs_y = -2},
    {.bitmap_index = 16890, .adv_w = 256, .box_w = 15, .box_h = 15, .ofs_x = 0, .ofs_y = -2},
    {.bitmap_index = 16981, .adv_w = 256, .box_w = 15, .box_h = 15, .ofs_x = 0, .ofs_y = -2},
    {.bitmap_index = 17069, .adv_w = 256, .box_w = 15, .box_h = 16, .ofs_x = 1, .ofs_y = -2},
    {.bitmap_index = 17178, .adv_w = 256, .box_w = 15, .box_h = 14, .ofs_x = 0, .ofs_y = -1},
    {.bitmap_index = 17265, .adv_w = 256, .box_w = 16, .box_h = 16, .ofs_x = 0, .ofs_y = -2},
    {.bitmap_index = 17362, .adv_w = 256, .box_w = 16, .box_h = 16, .ofs_x = 0, .ofs_y = -2},
    {.bitmap_index = 17464, .adv_w = 256, .box_w = 15, .box_h = 16, .ofs_x = 0, .ofs_y = -2},
    {.bitmap_index = 17559, .adv_w = 256, .box_w = 14, .box_h = 15, .ofs_x = 1, .ofs_y = -2},
    {.bitmap_index = 17640, .adv_w = 256, .box_w = 15, .box_h = 16, .ofs_x = 0, .ofs_y = -2},
    {.bitmap_index = 17746, .adv_w = 256, .box_w = 16, .box_h = 15, .ofs_x = 0, .ofs_y = -2},
    {.bitmap_index = 17847, .adv_w = 256, .box_w = 16, .box_h = 15, .ofs_x = 0, .ofs_y = -2},
    {.bitmap_index = 17942, .adv_w = 256, .box_w = 15, .box_h = 15, .ofs_x = 0, .ofs_y = -2},
    {.bitmap_index = 18032, .adv_w = 256, .box_w = 16, .box_h = 15, .ofs_x = 0, .ofs_y = -2},
    {.bitmap_index = 18134, .adv_w = 256, .box_w = 16, .box_h = 15, .ofs_x = 0, .ofs_y = -2},
    {.bitmap_index = 18240, .adv_w = 256, .box_w = 15, .box_h = 16, .ofs_x = 0, .ofs_y = -2},
    {.bitmap_index = 18341, .adv_w = 256, .box_w = 15, .box_h = 16, .ofs_x = 1, .ofs_y = -3},
    {.bitmap_index = 18452, .adv_w = 256, .box_w = 15, .box_h = 17, .ofs_x = 0, .ofs_y = -3},
    {.bitmap_index = 18563, .adv_w = 256, .box_w = 14, .box_h = 15, .ofs_x = 1, .ofs_y = -2},
    {.bitmap_index = 18659, .adv_w = 256, .box_w = 15, .box_h = 15, .ofs_x = 0, .ofs_y = -2},
    {.bitmap_index = 18752, .adv_w = 256, .box_w = 16, .box_h = 16, .ofs_x = 0, .ofs_y = -2},
    {.bitmap_index = 18846, .adv_w = 256, .box_w = 15, .box_h = 14, .ofs_x = 0, .ofs_y = -1},
    {.bitmap_index = 18923, .adv_w = 256, .box_w = 16, .box_h = 15, .ofs_x = 0, .ofs_y = -2},
    {.bitmap_index = 19025, .adv_w = 256, .box_w = 15, .box_h = 14, .ofs_x = 1, .ofs_y = -2},
    {.bitmap_index = 19101, .adv_w = 256, .box_w = 14, .box_h = 15, .ofs_x = 1, .ofs_y = -2},
    {.bitmap_index = 19182, .adv_w = 256, .box_w = 16, .box_h = 14, .ofs_x = 0, .ofs_y = -1},
    {.bitmap_index = 19216, .adv_w = 256, .box_w = 15, .box_h = 15, .ofs_x = 0, .ofs_y = -2},
    {.bitmap_index = 19267, .adv_w = 256, .box_w = 16, .box_h = 15, .ofs_x = 0, .ofs_y = -1},
    {.bitmap_index = 19351, .adv_w = 256, .box_w = 15, .box_h = 14, .ofs_x = 1, .ofs_y = -1},
    {.bitmap_index = 19410, .adv_w = 256, .box_w = 15, .box_h = 14, .ofs_x = 0, .ofs_y = -1},
    {.bitmap_index = 19485, .adv_w = 256, .box_w = 15, .box_h = 16, .ofs_x = 0, .ofs_y = -2},
    {.bitmap_index = 19570, .adv_w = 256, .box_w = 15, .box_h = 16, .ofs_x = 1, .ofs_y = -3},
    {.bitmap_index = 19666, .adv_w = 256, .box_w = 16, .box_h = 16, .ofs_x = 0, .ofs_y = -2},
    {.bitmap_index = 19770, .adv_w = 256, .box_w = 9, .box_h = 14, .ofs_x = 6, .ofs_y = -1},
    {.bitmap_index = 19808, .adv_w = 256, .box_w = 16, .box_h = 15, .ofs_x = 0, .ofs_y = -2},
    {.bitmap_index = 19881, .adv_w = 256, .box_w = 15, .box_h = 14, .ofs_x = 1, .ofs_y = -1},
    {.bitmap_index = 19950, .adv_w = 256, .box_w = 14, .box_h = 14, .ofs_x = 1, .ofs_y = -1},
    {.bitmap_index = 20018, .adv_w = 256, .box_w = 15, .box_h = 16, .ofs_x = 0, .ofs_y = -2},
    {.bitmap_index = 20112, .adv_w = 256, .box_w = 16, .box_h = 15, .ofs_x = 0, .ofs_y = -1},
    {.bitmap_index = 20217, .adv_w = 256, .box_w = 16, .box_h = 15, .ofs_x = 0, .ofs_y = -2},
    {.bitmap_index = 20276, .adv_w = 256, .box_w = 15, .box_h = 15, .ofs_x = 0, .ofs_y = -2},
    {.bitmap_index = 20342, .adv_w = 256, .box_w = 15, .box_h = 15, .ofs_x = 0, .ofs_y = -2},
    {.bitmap_index = 20434, .adv_w = 256, .box_w = 15, .box_h = 15, .ofs_x = 0, .ofs_y = -2},
    {.bitmap_index = 20517, .adv_w = 256, .box_w = 15, .box_h = 15, .ofs_x = 1, .ofs_y = -2},
    {.bitmap_index = 20605, .adv_w = 256, .box_w = 15, .box_h = 15, .ofs_x = 0, .ofs_y = -2},
    {.bitmap_index = 20692, .adv_w = 256, .box_w = 16, .box_h = 15, .ofs_x = 0, .ofs_y = -2},
    {.bitmap_index = 20790, .adv_w = 256, .box_w = 16, .box_h = 15, .ofs_x = 0, .ofs_y = -2},
    {.bitmap_index = 20877, .adv_w = 256, .box_w = 16, .box_h = 15, .ofs_x = 0, .ofs_y = -2},
    {.bitmap_index = 20966, .adv_w = 256, .box_w = 15, .box_h = 16, .ofs_x = 0, .ofs_y = -2},
    {.bitmap_index = 21059, .adv_w = 256, .box_w = 15, .box_h = 15, .ofs_x = 0, .ofs_y = -2},
    {.bitmap_index = 21160, .adv_w = 256, .box_w = 16, .box_h = 15, .ofs_x = 0, .ofs_y = -2},
    {.bitmap_index = 21264, .adv_w = 256, .box_w = 16, .box_h = 15, .ofs_x = 0, .ofs_y = -2},
    {.bitmap_index = 21366, .adv_w = 256, .box_w = 15, .box_h = 16, .ofs_x = 1, .ofs_y = -2},
    {.bitmap_index = 21470, .adv_w = 256, .box_w = 16, .box_h = 16, .ofs_x = 0, .ofs_y = -2},
    {.bitmap_index = 21578, .adv_w = 256, .box_w = 16, .box_h = 14, .ofs_x = 0, .ofs_y = -1},
    {.bitmap_index = 21670, .adv_w = 256, .box_w = 12, .box_h = 12, .ofs_x = 2, .ofs_y = -1},
    {.bitmap_index = 21694, .adv_w = 256, .box_w = 14, .box_h = 14, .ofs_x = 1, .ofs_y = -2},
    {.bitmap_index = 21771, .adv_w = 256, .box_w = 14, .box_h = 14, .ofs_x = 1, .ofs_y = -1},
    {.bitmap_index = 21828, .adv_w = 256, .box_w = 15, .box_h = 15, .ofs_x = 1, .ofs_y = -2},
    {.bitmap_index = 21917, .adv_w = 256, .box_w = 15, .box_h = 14, .ofs_x = 0, .ofs_y = -2},
    {.bitmap_index = 21980, .adv_w = 256, .box_w = 14, .box_h = 16, .ofs_x = 1, .ofs_y = -2},
    {.bitmap_index = 22059, .adv_w = 256, .box_w = 16, .box_h = 16, .ofs_x = 0, .ofs_y = -2},
    {.bitmap_index = 22151, .adv_w = 256, .box_w = 15, .box_h = 15, .ofs_x = 0, .ofs_y = -2},
    {.bitmap_index = 22226, .adv_w = 256, .box_w = 16, .box_h = 14, .ofs_x = 0, .ofs_y = -1},
    {.bitmap_index = 22295, .adv_w = 256, .box_w = 16, .box_h = 15, .ofs_x = 0, .ofs_y = -3},
    {.bitmap_index = 22366, .adv_w = 256, .box_w = 14, .box_h = 15, .ofs_x = 1, .ofs_y = -2},
    {.bitmap_index = 22430, .adv_w = 256, .box_w = 14, .box_h = 14, .ofs_x = 1, .ofs_y = -1},
    {.bitmap_index = 22511, .adv_w = 256, .box_w = 15, .box_h = 15, .ofs_x = 0, .ofs_y = -2},
    {.bitmap_index = 22583, .adv_w = 256, .box_w = 14, .box_h = 14, .ofs_x = 1, .ofs_y = -2},
    {.bitmap_index = 22647, .adv_w = 256, .box_w = 14, .box_h = 15, .ofs_x = 1, .ofs_y = -3},
    {.bitmap_index = 22712, .adv_w = 256, .box_w = 15, .box_h = 15, .ofs_x = 0, .ofs_y = -2},
    {.bitmap_index = 22795, .adv_w = 256, .box_w = 15, .box_h = 14, .ofs_x = 1, .ofs_y = -1},
    {.bitmap_index = 22862, .adv_w = 256, .box_w = 14, .box_h = 14, .ofs_x = 1, .ofs_y = -1},
    {.bitmap_index = 22915, .adv_w = 256, .box_w = 16, .box_h = 16, .ofs_x = 0, .ofs_y = -2},
    {.bitmap_index = 23002, .adv_w = 256, .box_w = 14, .box_h = 16, .ofs_x = 1, .ofs_y = -3},
    {.bitmap_index = 23082, .adv_w = 256, .box_w = 14, .box_h = 16, .ofs_x = 0, .ofs_y = -2},
    {.bitmap_index = 23157, .adv_w = 256, .box_w = 15, .box_h = 15, .ofs_x = 1, .ofs_y = -2},
    {.bitmap_index = 23251, .adv_w = 256, .box_w = 14, .box_h = 15, .ofs_x = 1, .ofs_y = -2},
    {.bitmap_index = 23340, .adv_w = 256, .box_w = 16, .box_h = 15, .ofs_x = 0, .ofs_y = -2},
    {.bitmap_index = 23440, .adv_w = 256, .box_w = 16, .box_h = 15, .ofs_x = 0, .ofs_y = -2},
    {.bitmap_index = 23532, .adv_w = 256, .box_w = 16, .box_h = 15, .ofs_x = 0, .ofs_y = -2},
    {.bitmap_index = 23608, .adv_w = 256, .box_w = 16, .box_h = 14, .ofs_x = 0, .ofs_y = -2},
    {.bitmap_index = 23682, .adv_w = 256, .box_w = 15, .box_h = 14, .ofs_x = 0, .ofs_y = -2},
    {.bitmap_index = 23766, .adv_w = 256, .box_w = 15, .box_h = 15, .ofs_x = 1, .ofs_y = -2},
    {.bitmap_index = 23858, .adv_w = 256, .box_w = 16, .box_h = 16, .ofs_x = 0, .ofs_y = -2},
    {.bitmap_index = 23954, .adv_w = 256, .box_w = 15, .box_h = 14, .ofs_x = 0, .ofs_y = -1},
    {.bitmap_index = 24037, .adv_w = 256, .box_w = 16, .box_h = 16, .ofs_x = 0, .ofs_y = -2},
    {.bitmap_index = 24145, .adv_w = 256, .box_w = 14, .box_h = 13, .ofs_x = 1, .ofs_y = -1},
    {.bitmap_index = 24211, .adv_w = 256, .box_w = 15, .box_h = 15, .ofs_x = 1, .ofs_y = -2},
    {.bitmap_index = 24305, .adv_w = 256, .box_w = 15, .box_h = 14, .ofs_x = 1, .ofs_y = -2},
    {.bitmap_index = 24394, .adv_w = 256, .box_w = 16, .box_h = 14, .ofs_x = 0, .ofs_y = -1},
    {.bitmap_index = 24475, .adv_w = 256, .box_w = 15, .box_h = 16, .ofs_x = 1, .ofs_y = -2},
    {.bitmap_index = 24574, .adv_w = 256, .box_w = 15, .box_h = 17, .ofs_x = 0, .ofs_y = -3},
    {.bitmap_index = 24666, .adv_w = 256, .box_w = 14, .box_h = 14, .ofs_x = 1, .ofs_y = -2},
    {.bitmap_index = 24740, .adv_w = 256, .box_w = 14, .box_h = 16, .ofs_x = 1, .ofs_y = -3},
    {.bitmap_index = 24829, .adv_w = 256, .box_w = 16, .box_h = 14, .ofs_x = 0, .ofs_y = -1},
    {.bitmap_index = 24921, .adv_w = 256, .box_w = 16, .box_h = 15, .ofs_x = 0, .ofs_y = -2},
    {.bitmap_index = 25006, .adv_w = 256, .box_w = 15, .box_h = 14, .ofs_x = 1, .ofs_y = -2},
    {.bitmap_index = 25091, .adv_w = 256, .box_w = 15, .box_h = 16, .ofs_x = 1, .ofs_y = -2},
    {.bitmap_index = 25198, .adv_w = 256, .box_w = 16, .box_h = 14, .ofs_x = 0, .ofs_y = -2},
    {.bitmap_index = 25304, .adv_w = 256, .box_w = 16, .box_h = 14, .ofs_x = 0, .ofs_y = -2},
    {.bitmap_index = 25401, .adv_w = 256, .box_w = 15, .box_h = 15, .ofs_x = 1, .ofs_y = -2},
    {.bitmap_index = 25505, .adv_w = 256, .box_w = 15, .box_h = 15, .ofs_x = 0, .ofs_y = -2},
    {.bitmap_index = 25606, .adv_w = 256, .box_w = 14, .box_h = 14, .ofs_x = 1, .ofs_y = -2},
    {.bitmap_index = 25672, .adv_w = 256, .box_w = 14, .box_h = 14, .ofs_x = 1, .ofs_y = -2},
    {.bitmap_index = 25721, .adv_w = 256, .box_w = 14, .box_h = 14, .ofs_x = 1, .ofs_y = -2},
    {.bitmap_index = 25793, .adv_w = 256, .box_w = 14, .box_h = 13, .ofs_x = 1, .ofs_y = -1},
    {.bitmap_index = 25860, .adv_w = 256, .box_w = 14, .box_h = 14, .ofs_x = 1, .ofs_y = -2},
    {.bitmap_index = 25935, .adv_w = 256, .box_w = 14, .box_h = 14, .ofs_x = 1, .ofs_y = -2},
    {.bitmap_index = 26009, .adv_w = 256, .box_w = 14, .box_h = 15, .ofs_x = 1, .ofs_y = -3},
    {.bitmap_index = 26082, .adv_w = 256, .box_w = 14, .box_h = 15, .ofs_x = 1, .ofs_y = -3},
    {.bitmap_index = 26162, .adv_w = 256, .box_w = 14, .box_h = 15, .ofs_x = 1, .ofs_y = -3},
    {.bitmap_index = 26240, .adv_w = 256, .box_w = 16, .box_h = 14, .ofs_x = 0, .ofs_y = -1},
    {.bitmap_index = 26323, .adv_w = 256, .box_w = 16, .box_h = 15, .ofs_x = 0, .ofs_y = -2},
    {.bitmap_index = 26412, .adv_w = 256, .box_w = 16, .box_h = 14, .ofs_x = 0, .ofs_y = -1},
    {.bitmap_index = 26498, .adv_w = 256, .box_w = 15, .box_h = 15, .ofs_x = 0, .ofs_y = -2},
    {.bitmap_index = 26596, .adv_w = 256, .box_w = 15, .box_h = 14, .ofs_x = 0, .ofs_y = -1},
    {.bitmap_index = 26685, .adv_w = 256, .box_w = 16, .box_h = 15, .ofs_x = 0, .ofs_y = -2},
    {.bitmap_index = 26786, .adv_w = 256, .box_w = 16, .box_h = 15, .ofs_x = 0, .ofs_y = -2},
    {.bitmap_index = 26874, .adv_w = 256, .box_w = 16, .box_h = 16, .ofs_x = 0, .ofs_y = -2},
    {.bitmap_index = 26985, .adv_w = 256, .box_w = 16, .box_h = 15, .ofs_x = 0, .ofs_y = -2},
    {.bitmap_index = 27079, .adv_w = 256, .box_w = 16, .box_h = 14, .ofs_x = 0, .ofs_y = -1},
    {.bitmap_index = 27174, .adv_w = 256, .box_w = 16, .box_h = 16, .ofs_x = 0, .ofs_y = -2},
    {.bitmap_index = 27277, .adv_w = 256, .box_w = 16, .box_h = 14, .ofs_x = 0, .ofs_y = -1},
    {.bitmap_index = 27370, .adv_w = 256, .box_w = 16, .box_h = 16, .ofs_x = 0, .ofs_y = -2},
    {.bitmap_index = 27470, .adv_w = 256, .box_w = 16, .box_h = 15, .ofs_x = 0, .ofs_y = -2},
    {.bitmap_index = 27566, .adv_w = 256, .box_w = 15, .box_h = 15, .ofs_x = 0, .ofs_y = -2},
    {.bitmap_index = 27665, .adv_w = 256, .box_w = 15, .box_h = 14, .ofs_x = 0, .ofs_y = -1},
    {.bitmap_index = 27706, .adv_w = 256, .box_w = 15, .box_h = 14, .ofs_x = 0, .ofs_y = -1},
    {.bitmap_index = 27784, .adv_w = 256, .box_w = 15, .box_h = 15, .ofs_x = 0, .ofs_y = -2},
    {.bitmap_index = 27867, .adv_w = 256, .box_w = 16, .box_h = 16, .ofs_x = 0, .ofs_y = -2},
    {.bitmap_index = 27966, .adv_w = 256, .box_w = 15, .box_h = 16, .ofs_x = 0, .ofs_y = -2},
    {.bitmap_index = 28057, .adv_w = 256, .box_w = 16, .box_h = 15, .ofs_x = 0, .ofs_y = -2},
    {.bitmap_index = 28147, .adv_w = 256, .box_w = 16, .box_h = 15, .ofs_x = 0, .ofs_y = -2},
    {.bitmap_index = 28238, .adv_w = 256, .box_w = 14, .box_h = 15, .ofs_x = 1, .ofs_y = -2},
    {.bitmap_index = 28316, .adv_w = 256, .box_w = 16, .box_h = 14, .ofs_x = 0, .ofs_y = -1},
    {.bitmap_index = 28402, .adv_w = 256, .box_w = 14, .box_h = 15, .ofs_x = 1, .ofs_y = -2},
    {.bitmap_index = 28496, .adv_w = 256, .box_w = 16, .box_h = 15, .ofs_x = 0, .ofs_y = -2},
    {.bitmap_index = 28581, .adv_w = 256, .box_w = 16, .box_h = 15, .ofs_x = 0, .ofs_y = -2},
    {.bitmap_index = 28663, .adv_w = 256, .box_w = 16, .box_h = 16, .ofs_x = 0, .ofs_y = -2},
    {.bitmap_index = 28753, .adv_w = 256, .box_w = 16, .box_h = 15, .ofs_x = 0, .ofs_y = -2},
    {.bitmap_index = 28836, .adv_w = 256, .box_w = 16, .box_h = 15, .ofs_x = 0, .ofs_y = -2},
    {.bitmap_index = 28930, .adv_w = 256, .box_w = 16, .box_h = 15, .ofs_x = 0, .ofs_y = -2},
    {.bitmap_index = 29020, .adv_w = 256, .box_w = 14, .box_h = 15, .ofs_x = 1, .ofs_y = -2},
    {.bitmap_index = 29109, .adv_w = 256, .box_w = 16, .box_h = 16, .ofs_x = 0, .ofs_y = -2},
    {.bitmap_index = 29200, .adv_w = 256, .box_w = 16, .box_h = 17, .ofs_x = 0, .ofs_y = -3},
    {.bitmap_index = 29309, .adv_w = 256, .box_w = 16, .box_h = 16, .ofs_x = 0, .ofs_y = -2},
    {.bitmap_index = 29413, .adv_w = 256, .box_w = 16, .box_h = 16, .ofs_x = 0, .ofs_y = -2},
    {.bitmap_index = 29521, .adv_w = 256, .box_w = 15, .box_h = 16, .ofs_x = 1, .ofs_y = -2},
    {.bitmap_index = 29622, .adv_w = 256, .box_w = 14, .box_h = 16, .ofs_x = 1, .ofs_y = -2},
    {.bitmap_index = 29706, .adv_w = 256, .box_w = 16, .box_h = 16, .ofs_x = 0, .ofs_y = -2},
    {.bitmap_index = 29819, .adv_w = 256, .box_w = 16, .box_h = 15, .ofs_x = 0, .ofs_y = -2},
    {.bitmap_index = 29926, .adv_w = 256, .box_w = 16, .box_h = 15, .ofs_x = 0, .ofs_y = -2},
    {.bitmap_index = 30026, .adv_w = 256, .box_w = 15, .box_h = 16, .ofs_x = 0, .ofs_y = -2},
    {.bitmap_index = 30122, .adv_w = 256, .box_w = 16, .box_h = 15, .ofs_x = 0, .ofs_y = -2},
    {.bitmap_index = 30228, .adv_w = 256, .box_w = 16, .box_h = 17, .ofs_x = 0, .ofs_y = -3},
    {.bitmap_index = 30343, .adv_w = 256, .box_w = 16, .box_h = 15, .ofs_x = 0, .ofs_y = -2},
    {.bitmap_index = 30444, .adv_w = 256, .box_w = 16, .box_h = 16, .ofs_x = 0, .ofs_y = -2},
    {.bitmap_index = 30562, .adv_w = 256, .box_w = 16, .box_h = 15, .ofs_x = 0, .ofs_y = -2},
    {.bitmap_index = 30668, .adv_w = 256, .box_w = 15, .box_h = 14, .ofs_x = 1, .ofs_y = -2},
    {.bitmap_index = 30763, .adv_w = 256, .box_w = 16, .box_h = 15, .ofs_x = 0, .ofs_y = -2},
    {.bitmap_index = 30823, .adv_w = 256, .box_w = 16, .box_h = 15, .ofs_x = 0, .ofs_y = -2},
    {.bitmap_index = 30902, .adv_w = 256, .box_w = 15, .box_h = 16, .ofs_x = 1, .ofs_y = -2},
    {.bitmap_index = 30975, .adv_w = 256, .box_w = 16, .box_h = 16, .ofs_x = 0, .ofs_y = -2},
    {.bitmap_index = 31063, .adv_w = 256, .box_w = 16, .box_h = 15, .ofs_x = 0, .ofs_y = -2},
    {.bitmap_index = 31161, .adv_w = 256, .box_w = 16, .box_h = 15, .ofs_x = 0, .ofs_y = -2},
    {.bitmap_index = 31263, .adv_w = 256, .box_w = 14, .box_h = 16, .ofs_x = 1, .ofs_y = -2},
    {.bitmap_index = 31348, .adv_w = 256, .box_w = 16, .box_h = 15, .ofs_x = 0, .ofs_y = -2},
    {.bitmap_index = 31453, .adv_w = 256, .box_w = 14, .box_h = 15, .ofs_x = 1, .ofs_y = -1},
    {.bitmap_index = 31529, .adv_w = 256, .box_w = 14, .box_h = 16, .ofs_x = 1, .ofs_y = -2},
    {.bitmap_index = 31623, .adv_w = 256, .box_w = 16, .box_h = 16, .ofs_x = 0, .ofs_y = -2},
    {.bitmap_index = 31718, .adv_w = 256, .box_w = 16, .box_h = 14, .ofs_x = 0, .ofs_y = -1},
    {.bitmap_index = 31790, .adv_w = 256, .box_w = 14, .box_h = 16, .ofs_x = 1, .ofs_y = -2},
    {.bitmap_index = 31885, .adv_w = 256, .box_w = 16, .box_h = 17, .ofs_x = 0, .ofs_y = -3},
    {.bitmap_index = 31990, .adv_w = 256, .box_w = 15, .box_h = 15, .ofs_x = 1, .ofs_y = -1},
    {.bitmap_index = 32077, .adv_w = 256, .box_w = 14, .box_h = 15, .ofs_x = 1, .ofs_y = -1},
    {.bitmap_index = 32161, .adv_w = 256, .box_w = 16, .box_h = 15, .ofs_x = 0, .ofs_y = -2},
    {.bitmap_index = 32266, .adv_w = 256, .box_w = 16, .box_h = 16, .ofs_x = 0, .ofs_y = -2},
    {.bitmap_index = 32365, .adv_w = 256, .box_w = 16, .box_h = 15, .ofs_x = 0, .ofs_y = -2},
    {.bitmap_index = 32471, .adv_w = 256, .box_w = 15, .box_h = 15, .ofs_x = 1, .ofs_y = -2},
    {.bitmap_index = 32563, .adv_w = 256, .box_w = 16, .box_h = 16, .ofs_x = 0, .ofs_y = -2},
    {.bitmap_index = 32671, .adv_w = 256, .box_w = 15, .box_h = 16, .ofs_x = 0, .ofs_y = -2},
    {.bitmap_index = 32780, .adv_w = 256, .box_w = 16, .box_h = 15, .ofs_x = 0, .ofs_y = -2},
    {.bitmap_index = 32871, .adv_w = 256, .box_w = 15, .box_h = 15, .ofs_x = 0, .ofs_y = -2},
    {.bitmap_index = 32947, .adv_w = 256, .box_w = 15, .box_h = 15, .ofs_x = 1, .ofs_y = -2},
    {.bitmap_index = 33025, .adv_w = 256, .box_w = 16, .box_h = 16, .ofs_x = 0, .ofs_y = -2},
    {.bitmap_index = 33128, .adv_w = 256, .box_w = 16, .box_h = 15, .ofs_x = 0, .ofs_y = -2},
    {.bitmap_index = 33226, .adv_w = 256, .box_w = 16, .box_h = 16, .ofs_x = 0, .ofs_y = -2},
    {.bitmap_index = 33327, .adv_w = 256, .box_w = 16, .box_h = 16, .ofs_x = 0, .ofs_y = -3},
    {.bitmap_index = 33436, .adv_w = 256, .box_w = 14, .box_h = 15, .ofs_x = 1, .ofs_y = -2},
    {.bitmap_index = 33499, .adv_w = 256, .box_w = 15, .box_h = 15, .ofs_x = 0, .ofs_y = -2},
    {.bitmap_index = 33583, .adv_w = 256, .box_w = 16, .box_h = 15, .ofs_x = 0, .ofs_y = -2},
    {.bitmap_index = 33693, .adv_w = 256, .box_w = 16, .box_h = 15, .ofs_x = 0, .ofs_y = -3},
    {.bitmap_index = 33779, .adv_w = 256, .box_w = 16, .box_h = 14, .ofs_x = 0, .ofs_y = -2},
    {.bitmap_index = 33865, .adv_w = 256, .box_w = 16, .box_h = 14, .ofs_x = 0, .ofs_y = -2},
    {.bitmap_index = 33958, .adv_w = 256, .box_w = 16, .box_h = 13, .ofs_x = 0, .ofs_y = -1},
    {.bitmap_index = 34034, .adv_w = 256, .box_w = 16, .box_h = 14, .ofs_x = 0, .ofs_y = -2},
    {.bitmap_index = 34121, .adv_w = 256, .box_w = 16, .box_h = 14, .ofs_x = 0, .ofs_y = -2},
    {.bitmap_index = 34208, .adv_w = 256, .box_w = 16, .box_h = 14, .ofs_x = 0, .ofs_y = -2},
    {.bitmap_index = 34303, .adv_w = 256, .box_w = 13, .box_h = 14, .ofs_x = 1, .ofs_y = -1},
    {.bitmap_index = 34339, .adv_w = 256, .box_w = 15, .box_h = 15, .ofs_x = 1, .ofs_y = -2},
    {.bitmap_index = 34430, .adv_w = 256, .box_w = 13, .box_h = 14, .ofs_x = 1, .ofs_y = -2},
    {.bitmap_index = 34505, .adv_w = 256, .box_w = 16, .box_h = 16, .ofs_x = 0, .ofs_y = -2},
    {.bitmap_index = 34618, .adv_w = 256, .box_w = 16, .box_h = 13, .ofs_x = 0, .ofs_y = -1},
    {.bitmap_index = 34654, .adv_w = 256, .box_w = 16, .box_h = 15, .ofs_x = 0, .ofs_y = -1},
    {.bitmap_index = 34738, .adv_w = 256, .box_w = 16, .box_h = 15, .ofs_x = 0, .ofs_y = -2},
    {.bitmap_index = 34823, .adv_w = 256, .box_w = 14, .box_h = 14, .ofs_x = 1, .ofs_y = -1},
    {.bitmap_index = 34883, .adv_w = 256, .box_w = 14, .box_h = 14, .ofs_x = 2, .ofs_y = -2},
    {.bitmap_index = 34941, .adv_w = 256, .box_w = 14, .box_h = 14, .ofs_x = 1, .ofs_y = -1},
    {.bitmap_index = 34989, .adv_w = 256, .box_w = 16, .box_h = 15, .ofs_x = 0, .ofs_y = -2},
    {.bitmap_index = 35058, .adv_w = 256, .box_w = 16, .box_h = 16, .ofs_x = 0, .ofs_y = -2},
    {.bitmap_index = 35148, .adv_w = 256, .box_w = 15, .box_h = 15, .ofs_x = 0, .ofs_y = -2},
    {.bitmap_index = 35232, .adv_w = 256, .box_w = 15, .box_h = 15, .ofs_x = 0, .ofs_y = -2},
    {.bitmap_index = 35312, .adv_w = 256, .box_w = 16, .box_h = 16, .ofs_x = 0, .ofs_y = -2},
    {.bitmap_index = 35418, .adv_w = 256, .box_w = 14, .box_h = 16, .ofs_x = 1, .ofs_y = -2},
    {.bitmap_index = 35491, .adv_w = 256, .box_w = 14, .box_h = 16, .ofs_x = 1, .ofs_y = -2},
    {.bitmap_index = 35572, .adv_w = 256, .box_w = 14, .box_h = 14, .ofs_x = 1, .ofs_y = -1},
    {.bitmap_index = 35658, .adv_w = 256, .box_w = 15, .box_h = 16, .ofs_x = 0, .ofs_y = -2},
    {.bitmap_index = 35759, .adv_w = 256, .box_w = 14, .box_h = 15, .ofs_x = 1, .ofs_y = -2},
    {.bitmap_index = 35846, .adv_w = 256, .box_w = 15, .box_h = 14, .ofs_x = 1, .ofs_y = -1},
    {.bitmap_index = 35930, .adv_w = 256, .box_w = 15, .box_h = 15, .ofs_x = 0, .ofs_y = -2},
    {.bitmap_index = 35976, .adv_w = 256, .box_w = 16, .box_h = 16, .ofs_x = 0, .ofs_y = -2},
    {.bitmap_index = 36057, .adv_w = 256, .box_w = 16, .box_h = 15, .ofs_x = 0, .ofs_y = -2},
    {.bitmap_index = 36146, .adv_w = 256, .box_w = 15, .box_h = 16, .ofs_x = 0, .ofs_y = -2},
    {.bitmap_index = 36228, .adv_w = 256, .box_w = 16, .box_h = 16, .ofs_x = 0, .ofs_y = -2},
    {.bitmap_index = 36327, .adv_w = 256, .box_w = 15, .box_h = 16, .ofs_x = 0, .ofs_y = -2},
    {.bitmap_index = 36419, .adv_w = 256, .box_w = 15, .box_h = 14, .ofs_x = 0, .ofs_y = -1},
    {.bitmap_index = 36503, .adv_w = 256, .box_w = 16, .box_h = 16, .ofs_x = 0, .ofs_y = -2},
    {.bitmap_index = 36600, .adv_w = 256, .box_w = 15, .box_h = 16, .ofs_x = 0, .ofs_y = -2},
    {.bitmap_index = 36693, .adv_w = 256, .box_w = 14, .box_h = 16, .ofs_x = 1, .ofs_y = -2},
    {.bitmap_index = 36778, .adv_w = 256, .box_w = 16, .box_h = 15, .ofs_x = 0, .ofs_y = -2},
    {.bitmap_index = 36881, .adv_w = 256, .box_w = 16, .box_h = 16, .ofs_x = 0, .ofs_y = -2},
    {.bitmap_index = 36993, .adv_w = 256, .box_w = 16, .box_h = 15, .ofs_x = 0, .ofs_y = -2},
    {.bitmap_index = 37107, .adv_w = 256, .box_w = 16, .box_h = 14, .ofs_x = 0, .ofs_y = -1},
    {.bitmap_index = 37179, .adv_w = 256, .box_w = 16, .box_h = 16, .ofs_x = 0, .ofs_y = -2},
    {.bitmap_index = 37275, .adv_w = 256, .box_w = 13, .box_h = 17, .ofs_x = 1, .ofs_y = -3},
    {.bitmap_index = 37346, .adv_w = 256, .box_w = 15, .box_h = 16, .ofs_x = 0, .ofs_y = -2},
    {.bitmap_index = 37450, .adv_w = 256, .box_w = 16, .box_h = 15, .ofs_x = 0, .ofs_y = -2},
    {.bitmap_index = 37551, .adv_w = 256, .box_w = 14, .box_h = 15, .ofs_x = 1, .ofs_y = -2},
    {.bitmap_index = 37647, .adv_w = 256, .box_w = 16, .box_h = 16, .ofs_x = 0, .ofs_y = -2},
    {.bitmap_index = 37755, .adv_w = 256, .box_w = 14, .box_h = 15, .ofs_x = 1, .ofs_y = -2},
    {.bitmap_index = 37849, .adv_w = 256, .box_w = 14, .box_h = 15, .ofs_x = 1, .ofs_y = -2},
    {.bitmap_index = 37925, .adv_w = 256, .box_w = 16, .box_h = 15, .ofs_x = 0, .ofs_y = -2},
    {.bitmap_index = 38023, .adv_w = 256, .box_w = 16, .box_h = 15, .ofs_x = 0, .ofs_y = -2},
    {.bitmap_index = 38122, .adv_w = 256, .box_w = 16, .box_h = 16, .ofs_x = 0, .ofs_y = -2},
    {.bitmap_index = 38240, .adv_w = 256, .box_w = 16, .box_h = 15, .ofs_x = 0, .ofs_y = -2},
    {.bitmap_index = 38349, .adv_w = 256, .box_w = 16, .box_h = 16, .ofs_x = 0, .ofs_y = -2},
    {.bitmap_index = 38439, .adv_w = 256, .box_w = 16, .box_h = 15, .ofs_x = 0, .ofs_y = -2},
    {.bitmap_index = 38540, .adv_w = 256, .box_w = 16, .box_h = 15, .ofs_x = 0, .ofs_y = -2},
    {.bitmap_index = 38634, .adv_w = 256, .box_w = 16, .box_h = 16, .ofs_x = 0, .ofs_y = -2},
    {.bitmap_index = 38751, .adv_w = 256, .box_w = 16, .box_h = 15, .ofs_x = 0, .ofs_y = -1},
    {.bitmap_index = 38858, .adv_w = 256, .box_w = 16, .box_h = 16, .ofs_x = 0, .ofs_y = -2},
    {.bitmap_index = 38941, .adv_w = 256, .box_w = 16, .box_h = 14, .ofs_x = 0, .ofs_y = -1},
    {.bitmap_index = 39034, .adv_w = 256, .box_w = 16, .box_h = 15, .ofs_x = 0, .ofs_y = -2},
    {.bitmap_index = 39136, .adv_w = 256, .box_w = 16, .box_h = 15, .ofs_x = 0, .ofs_y = -2},
    {.bitmap_index = 39230, .adv_w = 256, .box_w = 16, .box_h = 15, .ofs_x = 0, .ofs_y = -1},
    {.bitmap_index = 39294, .adv_w = 256, .box_w = 16, .box_h = 14, .ofs_x = 0, .ofs_y = -1},
    {.bitmap_index = 39372, .adv_w = 256, .box_w = 16, .box_h = 16, .ofs_x = 0, .ofs_y = -2},
    {.bitmap_index = 39466, .adv_w = 256, .box_w = 16, .box_h = 16, .ofs_x = 0, .ofs_y = -2},
    {.bitmap_index = 39570, .adv_w = 256, .box_w = 16, .box_h = 15, .ofs_x = 0, .ofs_y = -1},
    {.bitmap_index = 39676, .adv_w = 256, .box_w = 16, .box_h = 15, .ofs_x = 0, .ofs_y = -1},
    {.bitmap_index = 39769, .adv_w = 256, .box_w = 15, .box_h = 16, .ofs_x = 0, .ofs_y = -2},
    {.bitmap_index = 39848, .adv_w = 256, .box_w = 16, .box_h = 15, .ofs_x = 0, .ofs_y = -1},
    {.bitmap_index = 39941, .adv_w = 256, .box_w = 16, .box_h = 14, .ofs_x = 0, .ofs_y = -1},
    {.bitmap_index = 40031, .adv_w = 256, .box_w = 16, .box_h = 15, .ofs_x = 0, .ofs_y = -2},
    {.bitmap_index = 40121, .adv_w = 256, .box_w = 15, .box_h = 14, .ofs_x = 1, .ofs_y = -1},
    {.bitmap_index = 40212, .adv_w = 256, .box_w = 16, .box_h = 15, .ofs_x = 0, .ofs_y = -1},
    {.bitmap_index = 40277, .adv_w = 256, .box_w = 16, .box_h = 13, .ofs_x = 0, .ofs_y = -1},
    {.bitmap_index = 40361, .adv_w = 256, .box_w = 16, .box_h = 14, .ofs_x = 0, .ofs_y = -1},
    {.bitmap_index = 40441, .adv_w = 256, .box_w = 14, .box_h = 14, .ofs_x = 1, .ofs_y = -1},
    {.bitmap_index = 40528, .adv_w = 256, .box_w = 15, .box_h = 14, .ofs_x = 0, .ofs_y = -1},
    {.bitmap_index = 40628, .adv_w = 256, .box_w = 16, .box_h = 14, .ofs_x = 0, .ofs_y = -1},
    {.bitmap_index = 40719, .adv_w = 256, .box_w = 16, .box_h = 15, .ofs_x = 0, .ofs_y = -2},
    {.bitmap_index = 40810, .adv_w = 256, .box_w = 16, .box_h = 16, .ofs_x = 0, .ofs_y = -3},
    {.bitmap_index = 40904, .adv_w = 256, .box_w = 16, .box_h = 15, .ofs_x = 0, .ofs_y = -2},
    {.bitmap_index = 41004, .adv_w = 256, .box_w = 16, .box_h = 15, .ofs_x = 0, .ofs_y = -1},
    {.bitmap_index = 41099, .adv_w = 256, .box_w = 16, .box_h = 14, .ofs_x = 0, .ofs_y = -1},
    {.bitmap_index = 41199, .adv_w = 256, .box_w = 16, .box_h = 16, .ofs_x = 0, .ofs_y = -2},
    {.bitmap_index = 41302, .adv_w = 256, .box_w = 16, .box_h = 14, .ofs_x = 0, .ofs_y = -1},
    {.bitmap_index = 41403, .adv_w = 256, .box_w = 16, .box_h = 14, .ofs_x = 0, .ofs_y = -1},
    {.bitmap_index = 41496, .adv_w = 256, .box_w = 16, .box_h = 15, .ofs_x = 0, .ofs_y = -2},
    {.bitmap_index = 41603, .adv_w = 256, .box_w = 16, .box_h = 15, .ofs_x = 0, .ofs_y = -2},
    {.bitmap_index = 41697, .adv_w = 256, .box_w = 15, .box_h = 15, .ofs_x = 0, .ofs_y = -2},
    {.bitmap_index = 41806, .adv_w = 256, .box_w = 16, .box_h = 16, .ofs_x = 0, .ofs_y = -2},
    {.bitmap_index = 41916, .adv_w = 256, .box_w = 16, .box_h = 16, .ofs_x = 0, .ofs_y = -2},
    {.bitmap_index = 42023, .adv_w = 256, .box_w = 16, .box_h = 16, .ofs_x = 0, .ofs_y = -2},
    {.bitmap_index = 42134, .adv_w = 256, .box_w = 16, .box_h = 17, .ofs_x = 0, .ofs_y = -3},
    {.bitmap_index = 42248, .adv_w = 256, .box_w = 15, .box_h = 16, .ofs_x = 1, .ofs_y = -2},
    {.bitmap_index = 42344, .adv_w = 256, .box_w = 16, .box_h = 16, .ofs_x = 0, .ofs_y = -2},
    {.bitmap_index = 42463, .adv_w = 256, .box_w = 15, .box_h = 16, .ofs_x = 0, .ofs_y = -2},
    {.bitmap_index = 42528, .adv_w = 256, .box_w = 16, .box_h = 16, .ofs_x = 0, .ofs_y = -3},
    {.bitmap_index = 42627, .adv_w = 256, .box_w = 15, .box_h = 15, .ofs_x = 0, .ofs_y = -2},
    {.bitmap_index = 42725, .adv_w = 256, .box_w = 16, .box_h = 15, .ofs_x = 0, .ofs_y = -2},
    {.bitmap_index = 42807, .adv_w = 256, .box_w = 16, .box_h = 15, .ofs_x = 0, .ofs_y = -2},
    {.bitmap_index = 42887, .adv_w = 256, .box_w = 16, .box_h = 15, .ofs_x = 0, .ofs_y = -2},
    {.bitmap_index = 42965, .adv_w = 256, .box_w = 16, .box_h = 15, .ofs_x = 0, .ofs_y = -2},
    {.bitmap_index = 43069, .adv_w = 256, .box_w = 16, .box_h = 15, .ofs_x = 0, .ofs_y = -2},
    {.bitmap_index = 43151, .adv_w = 256, .box_w = 15, .box_h = 15, .ofs_x = 0, .ofs_y = -2},
    {.bitmap_index = 43235, .adv_w = 256, .box_w = 15, .box_h = 15, .ofs_x = 0, .ofs_y = -2},
    {.bitmap_index = 43316, .adv_w = 256, .box_w = 15, .box_h = 17, .ofs_x = 0, .ofs_y = -3},
    {.bitmap_index = 43427, .adv_w = 256, .box_w = 16, .box_h = 15, .ofs_x = 0, .ofs_y = -2},
    {.bitmap_index = 43519, .adv_w = 256, .box_w = 16, .box_h = 15, .ofs_x = 0, .ofs_y = -2},
    {.bitmap_index = 43618, .adv_w = 256, .box_w = 16, .box_h = 15, .ofs_x = 0, .ofs_y = -2},
    {.bitmap_index = 43712, .adv_w = 256, .box_w = 15, .box_h = 15, .ofs_x = 0, .ofs_y = -2},
    {.bitmap_index = 43802, .adv_w = 256, .box_w = 16, .box_h = 15, .ofs_x = 0, .ofs_y = -2},
    {.bitmap_index = 43909, .adv_w = 256, .box_w = 15, .box_h = 16, .ofs_x = 0, .ofs_y = -2},
    {.bitmap_index = 43999, .adv_w = 256, .box_w = 16, .box_h = 15, .ofs_x = 0, .ofs_y = -2},
    {.bitmap_index = 44100, .adv_w = 256, .box_w = 16, .box_h = 15, .ofs_x = 0, .ofs_y = -2},
    {.bitmap_index = 44199, .adv_w = 256, .box_w = 16, .box_h = 15, .ofs_x = 0, .ofs_y = -2},
    {.bitmap_index = 44303, .adv_w = 256, .box_w = 16, .box_h = 15, .ofs_x = 0, .ofs_y = -2},
    {.bitmap_index = 44407, .adv_w = 256, .box_w = 16, .box_h = 15, .ofs_x = 0, .ofs_y = -2},
    {.bitmap_index = 44495, .adv_w = 256, .box_w = 16, .box_h = 15, .ofs_x = 0, .ofs_y = -2},
    {.bitmap_index = 44600, .adv_w = 256, .box_w = 16, .box_h = 16, .ofs_x = 0, .ofs_y = -2},
    {.bitmap_index = 44702, .adv_w = 256, .box_w = 15, .box_h = 17, .ofs_x = 0, .ofs_y = -3},
    {.bitmap_index = 44793, .adv_w = 256, .box_w = 16, .box_h = 15, .ofs_x = 0, .ofs_y = -2},
    {.bitmap_index = 44896, .adv_w = 256, .box_w = 15, .box_h = 15, .ofs_x = 0, .ofs_y = -2},
    {.bitmap_index = 44993, .adv_w = 256, .box_w = 16, .box_h = 15, .ofs_x = 0, .ofs_y = -2},
    {.bitmap_index = 45096, .adv_w = 256, .box_w = 16, .box_h = 16, .ofs_x = 0, .ofs_y = -2},
    {.bitmap_index = 45195, .adv_w = 256, .box_w = 16, .box_h = 16, .ofs_x = 0, .ofs_y = -2},
    {.bitmap_index = 45293, .adv_w = 256, .box_w = 16, .box_h = 15, .ofs_x = 0, .ofs_y = -2},
    {.bitmap_index = 45397, .adv_w = 256, .box_w = 16, .box_h = 15, .ofs_x = 0, .ofs_y = -2},
    {.bitmap_index = 45489, .adv_w = 256, .box_w = 16, .box_h = 15, .ofs_x = 0, .ofs_y = -2},
    {.bitmap_index = 45591, .adv_w = 256, .box_w = 16, .box_h = 16, .ofs_x = 0, .ofs_y = -2},
    {.bitmap_index = 45702, .adv_w = 256, .box_w = 16, .box_h = 15, .ofs_x = 0, .ofs_y = -2},
    {.bitmap_index = 45811, .adv_w = 256, .box_w = 16, .box_h = 16, .ofs_x = 0, .ofs_y = -2},
    {.bitmap_index = 45920, .adv_w = 256, .box_w = 16, .box_h = 15, .ofs_x = 0, .ofs_y = -2},
    {.bitmap_index = 46019, .adv_w = 256, .box_w = 16, .box_h = 15, .ofs_x = 0, .ofs_y = -2},
    {.bitmap_index = 46116, .adv_w = 256, .box_w = 16, .box_h = 15, .ofs_x = 0, .ofs_y = -2},
    {.bitmap_index = 46218, .adv_w = 256, .box_w = 16, .box_h = 16, .ofs_x = 0, .ofs_y = -3},
    {.bitmap_index = 46323, .adv_w = 256, .box_w = 16, .box_h = 16, .ofs_x = 0, .ofs_y = -2},
    {.bitmap_index = 46434, .adv_w = 256, .box_w = 16, .box_h = 16, .ofs_x = 0, .ofs_y = -2},
    {.bitmap_index = 46536, .adv_w = 256, .box_w = 16, .box_h = 15, .ofs_x = 0, .ofs_y = -2},
    {.bitmap_index = 46646, .adv_w = 256, .box_w = 16, .box_h = 15, .ofs_x = 0, .ofs_y = -2},
    {.bitmap_index = 46746, .adv_w = 256, .box_w = 15, .box_h = 16, .ofs_x = 0, .ofs_y = -2},
    {.bitmap_index = 46848, .adv_w = 256, .box_w = 16, .box_h = 16, .ofs_x = 0, .ofs_y = -2},
    {.bitmap_index = 46958, .adv_w = 256, .box_w = 16, .box_h = 16, .ofs_x = 0, .ofs_y = -2},
    {.bitmap_index = 47074, .adv_w = 256, .box_w = 16, .box_h = 16, .ofs_x = 0, .ofs_y = -2},
    {.bitmap_index = 47181, .adv_w = 256, .box_w = 16, .box_h = 15, .ofs_x = 0, .ofs_y = -1},
    {.bitmap_index = 47282, .adv_w = 256, .box_w = 16, .box_h = 15, .ofs_x = 0, .ofs_y = -2},
    {.bitmap_index = 47391, .adv_w = 256, .box_w = 16, .box_h = 16, .ofs_x = 0, .ofs_y = -2},
    {.bitmap_index = 47505, .adv_w = 256, .box_w = 16, .box_h = 15, .ofs_x = 0, .ofs_y = -2},
    {.bitmap_index = 47622, .adv_w = 256, .box_w = 15, .box_h = 14, .ofs_x = 0, .ofs_y = -2},
    {.bitmap_index = 47701, .adv_w = 256, .box_w = 16, .box_h = 16, .ofs_x = 0, .ofs_y = -2},
    {.bitmap_index = 47801, .adv_w = 256, .box_w = 16, .box_h = 16, .ofs_x = 0, .ofs_y = -2},
    {.bitmap_index = 47900, .adv_w = 256, .box_w = 16, .box_h = 16, .ofs_x = 0, .ofs_y = -2},
    {.bitmap_index = 48013, .adv_w = 256, .box_w = 16, .box_h = 15, .ofs_x = 0, .ofs_y = -2},
    {.bitmap_index = 48116, .adv_w = 256, .box_w = 16, .box_h = 15, .ofs_x = 0, .ofs_y = -2},
    {.bitmap_index = 48230, .adv_w = 256, .box_w = 16, .box_h = 15, .ofs_x = 0, .ofs_y = -2},
    {.bitmap_index = 48339, .adv_w = 256, .box_w = 16, .box_h = 15, .ofs_x = 0, .ofs_y = -2},
    {.bitmap_index = 48448, .adv_w = 256, .box_w = 16, .box_h = 15, .ofs_x = 0, .ofs_y = -2},
    {.bitmap_index = 48559, .adv_w = 256, .box_w = 15, .box_h = 15, .ofs_x = 0, .ofs_y = -2},
    {.bitmap_index = 48669, .adv_w = 256, .box_w = 16, .box_h = 15, .ofs_x = 0, .ofs_y = -2},
    {.bitmap_index = 48774, .adv_w = 256, .box_w = 16, .box_h = 16, .ofs_x = 0, .ofs_y = -2},
    {.bitmap_index = 48868, .adv_w = 256, .box_w = 16, .box_h = 16, .ofs_x = 0, .ofs_y = -2},
    {.bitmap_index = 48971, .adv_w = 256, .box_w = 16, .box_h = 15, .ofs_x = 0, .ofs_y = -2},
    {.bitmap_index = 49072, .adv_w = 256, .box_w = 16, .box_h = 16, .ofs_x = 0, .ofs_y = -2},
    {.bitmap_index = 49180, .adv_w = 256, .box_w = 16, .box_h = 16, .ofs_x = 0, .ofs_y = -3},
    {.bitmap_index = 49296, .adv_w = 256, .box_w = 15, .box_h = 16, .ofs_x = 0, .ofs_y = -2},
    {.bitmap_index = 49380, .adv_w = 256, .box_w = 14, .box_h = 15, .ofs_x = 1, .ofs_y = -2},
    {.bitmap_index = 49469, .adv_w = 256, .box_w = 16, .box_h = 16, .ofs_x = 0, .ofs_y = -2},
    {.bitmap_index = 49582, .adv_w = 256, .box_w = 16, .box_h = 16, .ofs_x = 0, .ofs_y = -2},
    {.bitmap_index = 49697, .adv_w = 256, .box_w = 16, .box_h = 15, .ofs_x = 0, .ofs_y = -2},
    {.bitmap_index = 49780, .adv_w = 256, .box_w = 11, .box_h = 13, .ofs_x = 3, .ofs_y = -1},
    {.bitmap_index = 49819, .adv_w = 256, .box_w = 15, .box_h = 14, .ofs_x = 0, .ofs_y = -2},
    {.bitmap_index = 49881, .adv_w = 256, .box_w = 15, .box_h = 15, .ofs_x = 1, .ofs_y = -2},
    {.bitmap_index = 49967, .adv_w = 256, .box_w = 14, .box_h = 14, .ofs_x = 1, .ofs_y = -2},
    {.bitmap_index = 50047, .adv_w = 256, .box_w = 15, .box_h = 14, .ofs_x = 0, .ofs_y = -2},
    {.bitmap_index = 50132, .adv_w = 256, .box_w = 16, .box_h = 15, .ofs_x = 0, .ofs_y = -3},
    {.bitmap_index = 50219, .adv_w = 256, .box_w = 16, .box_h = 15, .ofs_x = 0, .ofs_y = -2},
    {.bitmap_index = 50314, .adv_w = 256, .box_w = 14, .box_h = 15, .ofs_x = 1, .ofs_y = -1},
    {.bitmap_index = 50390, .adv_w = 256, .box_w = 15, .box_h = 14, .ofs_x = 1, .ofs_y = -2},
    {.bitmap_index = 50472, .adv_w = 256, .box_w = 15, .box_h = 13, .ofs_x = 1, .ofs_y = -1},
    {.bitmap_index = 50548, .adv_w = 256, .box_w = 15, .box_h = 16, .ofs_x = 1, .ofs_y = -2},
    {.bitmap_index = 50648, .adv_w = 256, .box_w = 16, .box_h = 15, .ofs_x = 0, .ofs_y = -2},
    {.bitmap_index = 50737, .adv_w = 256, .box_w = 14, .box_h = 15, .ofs_x = 1, .ofs_y = -2},
    {.bitmap_index = 50820, .adv_w = 256, .box_w = 15, .box_h = 15, .ofs_x = 1, .ofs_y = -2},
    {.bitmap_index = 50927, .adv_w = 256, .box_w = 16, .box_h = 14, .ofs_x = 0, .ofs_y = -2},
    {.bitmap_index = 51024, .adv_w = 256, .box_w = 14, .box_h = 15, .ofs_x = 1, .ofs_y = -1},
    {.bitmap_index = 51089, .adv_w = 256, .box_w = 15, .box_h = 15, .ofs_x = 1, .ofs_y = -2},
    {.bitmap_index = 51179, .adv_w = 256, .box_w = 15, .box_h = 14, .ofs_x = 1, .ofs_y = -2},
    {.bitmap_index = 51263, .adv_w = 256, .box_w = 13, .box_h = 14, .ofs_x = 1, .ofs_y = -2},
    {.bitmap_index = 51322, .adv_w = 256, .box_w = 16, .box_h = 16, .ofs_x = 0, .ofs_y = -2},
    {.bitmap_index = 51408, .adv_w = 256, .box_w = 15, .box_h = 14, .ofs_x = 0, .ofs_y = -2},
    {.bitmap_index = 51494, .adv_w = 256, .box_w = 16, .box_h = 14, .ofs_x = 0, .ofs_y = -2},
    {.bitmap_index = 51595, .adv_w = 256, .box_w = 15, .box_h = 14, .ofs_x = 0, .ofs_y = -1},
    {.bitmap_index = 51682, .adv_w = 256, .box_w = 15, .box_h = 15, .ofs_x = 0, .ofs_y = -2},
    {.bitmap_index = 51782, .adv_w = 256, .box_w = 16, .box_h = 14, .ofs_x = 0, .ofs_y = -1},
    {.bitmap_index = 51868, .adv_w = 256, .box_w = 16, .box_h = 15, .ofs_x = 0, .ofs_y = -2},
    {.bitmap_index = 51960, .adv_w = 256, .box_w = 15, .box_h = 15, .ofs_x = 0, .ofs_y = -2},
    {.bitmap_index = 52045, .adv_w = 256, .box_w = 16, .box_h = 14, .ofs_x = 0, .ofs_y = -1},
    {.bitmap_index = 52130, .adv_w = 256, .box_w = 16, .box_h = 13, .ofs_x = 0, .ofs_y = -1},
    {.bitmap_index = 52216, .adv_w = 256, .box_w = 16, .box_h = 15, .ofs_x = 0, .ofs_y = -2},
    {.bitmap_index = 52305, .adv_w = 256, .box_w = 16, .box_h = 16, .ofs_x = 0, .ofs_y = -2},
    {.bitmap_index = 52413, .adv_w = 256, .box_w = 16, .box_h = 15, .ofs_x = 0, .ofs_y = -2},
    {.bitmap_index = 52508, .adv_w = 256, .box_w = 16, .box_h = 14, .ofs_x = 0, .ofs_y = -1},
    {.bitmap_index = 52587, .adv_w = 256, .box_w = 15, .box_h = 14, .ofs_x = 1, .ofs_y = -1},
    {.bitmap_index = 52674, .adv_w = 256, .box_w = 16, .box_h = 17, .ofs_x = 0, .ofs_y = -3},
    {.bitmap_index = 52792, .adv_w = 256, .box_w = 16, .box_h = 14, .ofs_x = 0, .ofs_y = -1},
    {.bitmap_index = 52886, .adv_w = 256, .box_w = 16, .box_h = 14, .ofs_x = 0, .ofs_y = -1},
    {.bitmap_index = 52979, .adv_w = 256, .box_w = 16, .box_h = 15, .ofs_x = 0, .ofs_y = -2},
    {.bitmap_index = 53090, .adv_w = 256, .box_w = 16, .box_h = 16, .ofs_x = 0, .ofs_y = -3},
    {.bitmap_index = 53203, .adv_w = 256, .box_w = 16, .box_h = 15, .ofs_x = 0, .ofs_y = -2},
    {.bitmap_index = 53312, .adv_w = 256, .box_w = 16, .box_h = 16, .ofs_x = 0, .ofs_y = -2},
    {.bitmap_index = 53421, .adv_w = 256, .box_w = 16, .box_h = 14, .ofs_x = 0, .ofs_y = -1},
    {.bitmap_index = 53514, .adv_w = 256, .box_w = 15, .box_h = 13, .ofs_x = 1, .ofs_y = -1},
    {.bitmap_index = 53590, .adv_w = 256, .box_w = 16, .box_h = 15, .ofs_x = 0, .ofs_y = -2},
    {.bitmap_index = 53696, .adv_w = 256, .box_w = 16, .box_h = 14, .ofs_x = 0, .ofs_y = -1},
    {.bitmap_index = 53793, .adv_w = 256, .box_w = 15, .box_h = 16, .ofs_x = 0, .ofs_y = -2},
    {.bitmap_index = 53884, .adv_w = 256, .box_w = 16, .box_h = 14, .ofs_x = 0, .ofs_y = -1},
    {.bitmap_index = 53968, .adv_w = 256, .box_w = 16, .box_h = 16, .ofs_x = 0, .ofs_y = -2},
    {.bitmap_index = 54063, .adv_w = 256, .box_w = 16, .box_h = 14, .ofs_x = 0, .ofs_y = -1},
    {.bitmap_index = 54152, .adv_w = 256, .box_w = 16, .box_h = 16, .ofs_x = 0, .ofs_y = -2},
    {.bitmap_index = 54249, .adv_w = 256, .box_w = 16, .box_h = 15, .ofs_x = 0, .ofs_y = -2},
    {.bitmap_index = 54353, .adv_w = 256, .box_w = 16, .box_h = 16, .ofs_x = 0, .ofs_y = -2},
    {.bitmap_index = 54460, .adv_w = 256, .box_w = 16, .box_h = 16, .ofs_x = 0, .ofs_y = -2},
    {.bitmap_index = 54564, .adv_w = 256, .box_w = 16, .box_h = 14, .ofs_x = 0, .ofs_y = -2},
    {.bitmap_index = 54666, .adv_w = 256, .box_w = 16, .box_h = 15, .ofs_x = 0, .ofs_y = -2},
    {.bitmap_index = 54765, .adv_w = 256, .box_w = 16, .box_h = 14, .ofs_x = 0, .ofs_y = -1},
    {.bitmap_index = 54864, .adv_w = 256, .box_w = 15, .box_h = 14, .ofs_x = 1, .ofs_y = -1},
    {.bitmap_index = 54947, .adv_w = 256, .box_w = 16, .box_h = 16, .ofs_x = 0, .ofs_y = -2},
    {.bitmap_index = 55053, .adv_w = 256, .box_w = 16, .box_h = 15, .ofs_x = 0, .ofs_y = -2},
    {.bitmap_index = 55159, .adv_w = 256, .box_w = 16, .box_h = 14, .ofs_x = 0, .ofs_y = -1},
    {.bitmap_index = 55262, .adv_w = 256, .box_w = 15, .box_h = 15, .ofs_x = 0, .ofs_y = -1},
    {.bitmap_index = 55364, .adv_w = 256, .box_w = 16, .box_h = 16, .ofs_x = 0, .ofs_y = -2},
    {.bitmap_index = 55475, .adv_w = 256, .box_w = 16, .box_h = 16, .ofs_x = 0, .ofs_y = -2},
    {.bitmap_index = 55582, .adv_w = 256, .box_w = 16, .box_h = 16, .ofs_x = 0, .ofs_y = -2},
    {.bitmap_index = 55684, .adv_w = 256, .box_w = 16, .box_h = 16, .ofs_x = 0, .ofs_y = -2},
    {.bitmap_index = 55788, .adv_w = 256, .box_w = 16, .box_h = 16, .ofs_x = 0, .ofs_y = -2},
    {.bitmap_index = 55895, .adv_w = 256, .box_w = 16, .box_h = 15, .ofs_x = 0, .ofs_y = -2},
    {.bitmap_index = 56006, .adv_w = 256, .box_w = 16, .box_h = 16, .ofs_x = 0, .ofs_y = -2},
    {.bitmap_index = 56107, .adv_w = 256, .box_w = 16, .box_h = 14, .ofs_x = 0, .ofs_y = -1},
    {.bitmap_index = 56199, .adv_w = 256, .box_w = 16, .box_h = 15, .ofs_x = 0, .ofs_y = -2},
    {.bitmap_index = 56314, .adv_w = 256, .box_w = 16, .box_h = 15, .ofs_x = 0, .ofs_y = -2},
    {.bitmap_index = 56425, .adv_w = 256, .box_w = 16, .box_h = 14, .ofs_x = 0, .ofs_y = -1},
    {.bitmap_index = 56523, .adv_w = 256, .box_w = 16, .box_h = 17, .ofs_x = 0, .ofs_y = -3},
    {.bitmap_index = 56643, .adv_w = 256, .box_w = 16, .box_h = 14, .ofs_x = 0, .ofs_y = -1},
    {.bitmap_index = 56745, .adv_w = 256, .box_w = 15, .box_h = 15, .ofs_x = 0, .ofs_y = -2},
    {.bitmap_index = 56847, .adv_w = 256, .box_w = 16, .box_h = 15, .ofs_x = 0, .ofs_y = -1},
    {.bitmap_index = 56955, .adv_w = 256, .box_w = 16, .box_h = 16, .ofs_x = 0, .ofs_y = -2},
    {.bitmap_index = 57072, .adv_w = 256, .box_w = 16, .box_h = 15, .ofs_x = 0, .ofs_y = -2},
    {.bitmap_index = 57180, .adv_w = 256, .box_w = 16, .box_h = 17, .ofs_x = 0, .ofs_y = -3},
    {.bitmap_index = 57304, .adv_w = 256, .box_w = 16, .box_h = 16, .ofs_x = 0, .ofs_y = -2},
    {.bitmap_index = 57421, .adv_w = 256, .box_w = 16, .box_h = 15, .ofs_x = 0, .ofs_y = -2},
    {.bitmap_index = 57525, .adv_w = 256, .box_w = 15, .box_h = 15, .ofs_x = 1, .ofs_y = -2},
    {.bitmap_index = 57625, .adv_w = 256, .box_w = 15, .box_h = 13, .ofs_x = 0, .ofs_y = -1},
    {.bitmap_index = 57678, .adv_w = 256, .box_w = 16, .box_h = 15, .ofs_x = 0, .ofs_y = -2},
    {.bitmap_index = 57772, .adv_w = 256, .box_w = 16, .box_h = 15, .ofs_x = 0, .ofs_y = -2},
    {.bitmap_index = 57873, .adv_w = 256, .box_w = 16, .box_h = 15, .ofs_x = 0, .ofs_y = -2},
    {.bitmap_index = 57985, .adv_w = 256, .box_w = 16, .box_h = 16, .ofs_x = 0, .ofs_y = -3},
    {.bitmap_index = 58097, .adv_w = 256, .box_w = 16, .box_h = 14, .ofs_x = 0, .ofs_y = -2},
    {.bitmap_index = 58192, .adv_w = 256, .box_w = 15, .box_h = 15, .ofs_x = 0, .ofs_y = -2},
    {.bitmap_index = 58286, .adv_w = 256, .box_w = 15, .box_h = 14, .ofs_x = 1, .ofs_y = -1},
    {.bitmap_index = 58348, .adv_w = 256, .box_w = 15, .box_h = 14, .ofs_x = 1, .ofs_y = -1},
    {.bitmap_index = 58436, .adv_w = 256, .box_w = 16, .box_h = 14, .ofs_x = 0, .ofs_y = -1},
    {.bitmap_index = 58542, .adv_w = 256, .box_w = 15, .box_h = 14, .ofs_x = 1, .ofs_y = -2},
    {.bitmap_index = 58620, .adv_w = 256, .box_w = 16, .box_h = 15, .ofs_x = 0, .ofs_y = -2},
    {.bitmap_index = 58692, .adv_w = 256, .box_w = 16, .box_h = 15, .ofs_x = 0, .ofs_y = -2},
    {.bitmap_index = 58779, .adv_w = 256, .box_w = 16, .box_h = 16, .ofs_x = 0, .ofs_y = -2},
    {.bitmap_index = 58880, .adv_w = 256, .box_w = 16, .box_h = 15, .ofs_x = 0, .ofs_y = -2},
    {.bitmap_index = 58963, .adv_w = 256, .box_w = 16, .box_h = 15, .ofs_x = 0, .ofs_y = -2},
    {.bitmap_index = 59062, .adv_w = 256, .box_w = 16, .box_h = 15, .ofs_x = 0, .ofs_y = -2},
    {.bitmap_index = 59167, .adv_w = 256, .box_w = 15, .box_h = 15, .ofs_x = 0, .ofs_y = -2},
    {.bitmap_index = 59274, .adv_w = 256, .box_w = 16, .box_h = 15, .ofs_x = 0, .ofs_y = -2},
    {.bitmap_index = 59365, .adv_w = 256, .box_w = 16, .box_h = 15, .ofs_x = 0, .ofs_y = -2},
    {.bitmap_index = 59467, .adv_w = 256, .box_w = 15, .box_h = 15, .ofs_x = 0, .ofs_y = -2},
    {.bitmap_index = 59568, .adv_w = 256, .box_w = 16, .box_h = 15, .ofs_x = 0, .ofs_y = -2},
    {.bitmap_index = 59657, .adv_w = 256, .box_w = 14, .box_h = 15, .ofs_x = 1, .ofs_y = -2},
    {.bitmap_index = 59741, .adv_w = 256, .box_w = 16, .box_h = 15, .ofs_x = 0, .ofs_y = -2},
    {.bitmap_index = 59844, .adv_w = 256, .box_w = 15, .box_h = 15, .ofs_x = 0, .ofs_y = -2},
    {.bitmap_index = 59944, .adv_w = 256, .box_w = 16, .box_h = 16, .ofs_x = 0, .ofs_y = -2},
    {.bitmap_index = 60051, .adv_w = 256, .box_w = 16, .box_h = 14, .ofs_x = 0, .ofs_y = -2},
    {.bitmap_index = 60151, .adv_w = 256, .box_w = 16, .box_h = 16, .ofs_x = 0, .ofs_y = -2},
    {.bitmap_index = 60246, .adv_w = 256, .box_w = 16, .box_h = 16, .ofs_x = 0, .ofs_y = -2},
    {.bitmap_index = 60358, .adv_w = 256, .box_w = 16, .box_h = 16, .ofs_x = 0, .ofs_y = -2},
    {.bitmap_index = 60462, .adv_w = 256, .box_w = 16, .box_h = 15, .ofs_x = 0, .ofs_y = -2},
    {.bitmap_index = 60569, .adv_w = 256, .box_w = 15, .box_h = 15, .ofs_x = 0, .ofs_y = -2},
    {.bitmap_index = 60657, .adv_w = 256, .box_w = 15, .box_h = 15, .ofs_x = 0, .ofs_y = -2},
    {.bitmap_index = 60757, .adv_w = 256, .box_w = 15, .box_h = 15, .ofs_x = 0, .ofs_y = -2},
    {.bitmap_index = 60855, .adv_w = 256, .box_w = 15, .box_h = 15, .ofs_x = 0, .ofs_y = -2},
    {.bitmap_index = 60950, .adv_w = 256, .box_w = 15, .box_h = 14, .ofs_x = 0, .ofs_y = -1},
    {.bitmap_index = 61044, .adv_w = 256, .box_w = 15, .box_h = 15, .ofs_x = 0, .ofs_y = -2},
    {.bitmap_index = 61150, .adv_w = 256, .box_w = 16, .box_h = 16, .ofs_x = 0, .ofs_y = -3},
    {.bitmap_index = 61261, .adv_w = 256, .box_w = 16, .box_h = 16, .ofs_x = 0, .ofs_y = -2},
    {.bitmap_index = 61377, .adv_w = 256, .box_w = 16, .box_h = 16, .ofs_x = 0, .ofs_y = -2},
    {.bitmap_index = 61489, .adv_w = 256, .box_w = 16, .box_h = 16, .ofs_x = 0, .ofs_y = -3},
    {.bitmap_index = 61604, .adv_w = 256, .box_w = 16, .box_h = 15, .ofs_x = 0, .ofs_y = -2},
    {.bitmap_index = 61711, .adv_w = 256, .box_w = 15, .box_h = 16, .ofs_x = 0, .ofs_y = -3},
    {.bitmap_index = 61815, .adv_w = 256, .box_w = 16, .box_h = 15, .ofs_x = 0, .ofs_y = -2},
    {.bitmap_index = 61915, .adv_w = 256, .box_w = 16, .box_h = 15, .ofs_x = 0, .ofs_y = -2},
    {.bitmap_index = 62030, .adv_w = 256, .box_w = 16, .box_h = 15, .ofs_x = 0, .ofs_y = -2},
    {.bitmap_index = 62122, .adv_w = 256, .box_w = 16, .box_h = 15, .ofs_x = 0, .ofs_y = -2},
    {.bitmap_index = 62227, .adv_w = 256, .box_w = 16, .box_h = 15, .ofs_x = 0, .ofs_y = -2},
    {.bitmap_index = 62341, .adv_w = 256, .box_w = 15, .box_h = 15, .ofs_x = 0, .ofs_y = -2},
    {.bitmap_index = 62443, .adv_w = 256, .box_w = 15, .box_h = 15, .ofs_x = 0, .ofs_y = -2},
    {.bitmap_index = 62551, .adv_w = 256, .box_w = 16, .box_h = 16, .ofs_x = 0, .ofs_y = -2},
    {.bitmap_index = 62671, .adv_w = 256, .box_w = 16, .box_h = 16, .ofs_x = 0, .ofs_y = -2},
    {.bitmap_index = 62776, .adv_w = 256, .box_w = 16, .box_h = 15, .ofs_x = 0, .ofs_y = -2},
    {.bitmap_index = 62892, .adv_w = 256, .box_w = 16, .box_h = 15, .ofs_x = 0, .ofs_y = -2},
    {.bitmap_index = 63006, .adv_w = 256, .box_w = 16, .box_h = 15, .ofs_x = 0, .ofs_y = -2},
    {.bitmap_index = 63115, .adv_w = 256, .box_w = 16, .box_h = 15, .ofs_x = 0, .ofs_y = -2},
    {.bitmap_index = 63227, .adv_w = 256, .box_w = 16, .box_h = 15, .ofs_x = 0, .ofs_y = -2},
    {.bitmap_index = 63338, .adv_w = 256, .box_w = 16, .box_h = 16, .ofs_x = 0, .ofs_y = -2},
    {.bitmap_index = 63450, .adv_w = 256, .box_w = 16, .box_h = 15, .ofs_x = 0, .ofs_y = -2},
    {.bitmap_index = 63564, .adv_w = 256, .box_w = 16, .box_h = 16, .ofs_x = 0, .ofs_y = -2},
    {.bitmap_index = 63659, .adv_w = 256, .box_w = 16, .box_h = 16, .ofs_x = 0, .ofs_y = -2},
    {.bitmap_index = 63751, .adv_w = 256, .box_w = 16, .box_h = 16, .ofs_x = 0, .ofs_y = -2},
    {.bitmap_index = 63857, .adv_w = 256, .box_w = 16, .box_h = 16, .ofs_x = 0, .ofs_y = -2},
    {.bitmap_index = 63966, .adv_w = 256, .box_w = 16, .box_h = 16, .ofs_x = 0, .ofs_y = -2},
    {.bitmap_index = 64078, .adv_w = 256, .box_w = 16, .box_h = 15, .ofs_x = 0, .ofs_y = -2},
    {.bitmap_index = 64151, .adv_w = 256, .box_w = 16, .box_h = 15, .ofs_x = 0, .ofs_y = -2},
    {.bitmap_index = 64248, .adv_w = 256, .box_w = 16, .box_h = 15, .ofs_x = 0, .ofs_y = -2},
    {.bitmap_index = 64360, .adv_w = 256, .box_w = 15, .box_h = 16, .ofs_x = 1, .ofs_y = -2},
    {.bitmap_index = 64452, .adv_w = 256, .box_w = 16, .box_h = 15, .ofs_x = 0, .ofs_y = -2},
    {.bitmap_index = 64565, .adv_w = 256, .box_w = 16, .box_h = 16, .ofs_x = 0, .ofs_y = -2},
    {.bitmap_index = 64668, .adv_w = 256, .box_w = 16, .box_h = 15, .ofs_x = 0, .ofs_y = -2},
    {.bitmap_index = 64770, .adv_w = 256, .box_w = 16, .box_h = 16, .ofs_x = 0, .ofs_y = -2},
    {.bitmap_index = 64891, .adv_w = 256, .box_w = 15, .box_h = 16, .ofs_x = 0, .ofs_y = -2},
    {.bitmap_index = 64996, .adv_w = 256, .box_w = 16, .box_h = 16, .ofs_x = 0, .ofs_y = -2},
    {.bitmap_index = 65109, .adv_w = 256, .box_w = 16, .box_h = 15, .ofs_x = 0, .ofs_y = -1},
    {.bitmap_index = 65199, .adv_w = 256, .box_w = 15, .box_h = 16, .ofs_x = 0, .ofs_y = -3},
    {.bitmap_index = 65309, .adv_w = 256, .box_w = 16, .box_h = 15, .ofs_x = 0, .ofs_y = -2},
    {.bitmap_index = 65408, .adv_w = 256, .box_w = 16, .box_h = 14, .ofs_x = 0, .ofs_y = -1},
    {.bitmap_index = 65504, .adv_w = 256, .box_w = 15, .box_h = 15, .ofs_x = 0, .ofs_y = -2},
    {.bitmap_index = 65576, .adv_w = 256, .box_w = 16, .box_h = 17, .ofs_x = 0, .ofs_y = -3},
    {.bitmap_index = 65694, .adv_w = 256, .box_w = 15, .box_h = 15, .ofs_x = 1, .ofs_y = -2},
    {.bitmap_index = 65776, .adv_w = 256, .box_w = 15, .box_h = 15, .ofs_x = 1, .ofs_y = -2},
    {.bitmap_index = 65841, .adv_w = 256, .box_w = 16, .box_h = 16, .ofs_x = 0, .ofs_y = -2},
    {.bitmap_index = 65951, .adv_w = 256, .box_w = 16, .box_h = 16, .ofs_x = 0, .ofs_y = -3},
    {.bitmap_index = 66057, .adv_w = 256, .box_w = 16, .box_h = 15, .ofs_x = 0, .ofs_y = -2},
    {.bitmap_index = 66160, .adv_w = 256, .box_w = 16, .box_h = 15, .ofs_x = 0, .ofs_y = -2},
    {.bitmap_index = 66273, .adv_w = 256, .box_w = 16, .box_h = 16, .ofs_x = 0, .ofs_y = -2},
    {.bitmap_index = 66383, .adv_w = 256, .box_w = 16, .box_h = 17, .ofs_x = 0, .ofs_y = -3},
    {.bitmap_index = 66496, .adv_w = 256, .box_w = 16, .box_h = 15, .ofs_x = 0, .ofs_y = -2},
    {.bitmap_index = 66595, .adv_w = 256, .box_w = 16, .box_h = 16, .ofs_x = 0, .ofs_y = -2},
    {.bitmap_index = 66710, .adv_w = 256, .box_w = 16, .box_h = 16, .ofs_x = 0, .ofs_y = -3},
    {.bitmap_index = 66819, .adv_w = 256, .box_w = 16, .box_h = 15, .ofs_x = 0, .ofs_y = -2},
    {.bitmap_index = 66934, .adv_w = 256, .box_w = 16, .box_h = 16, .ofs_x = 0, .ofs_y = -2},
    {.bitmap_index = 67048, .adv_w = 256, .box_w = 16, .box_h = 15, .ofs_x = 0, .ofs_y = -2},
    {.bitmap_index = 67154, .adv_w = 256, .box_w = 16, .box_h = 15, .ofs_x = 0, .ofs_y = -2},
    {.bitmap_index = 67270, .adv_w = 256, .box_w = 15, .box_h = 14, .ofs_x = 1, .ofs_y = -1},
    {.bitmap_index = 67339, .adv_w = 256, .box_w = 16, .box_h = 15, .ofs_x = 0, .ofs_y = -2},
    {.bitmap_index = 67432, .adv_w = 256, .box_w = 16, .box_h = 15, .ofs_x = 0, .ofs_y = -2},
    {.bitmap_index = 67517, .adv_w = 256, .box_w = 16, .box_h = 14, .ofs_x = 0, .ofs_y = -2},
    {.bitmap_index = 67610, .adv_w = 256, .box_w = 16, .box_h = 15, .ofs_x = 0, .ofs_y = -2},
    {.bitmap_index = 67706, .adv_w = 256, .box_w = 16, .box_h = 16, .ofs_x = 0, .ofs_y = -2},
    {.bitmap_index = 67811, .adv_w = 256, .box_w = 16, .box_h = 14, .ofs_x = 0, .ofs_y = -2},
    {.bitmap_index = 67902, .adv_w = 256, .box_w = 16, .box_h = 15, .ofs_x = 0, .ofs_y = -2},
    {.bitmap_index = 68005, .adv_w = 256, .box_w = 15, .box_h = 15, .ofs_x = 1, .ofs_y = -2},
    {.bitmap_index = 68107, .adv_w = 256, .box_w = 15, .box_h = 14, .ofs_x = 1, .ofs_y = -1},
    {.bitmap_index = 68192, .adv_w = 256, .box_w = 16, .box_h = 15, .ofs_x = 0, .ofs_y = -2},
    {.bitmap_index = 68291, .adv_w = 256, .box_w = 16, .box_h = 17, .ofs_x = 0, .ofs_y = -3},
    {.bitmap_index = 68411, .adv_w = 256, .box_w = 16, .box_h = 16, .ofs_x = 0, .ofs_y = -3},
    {.bitmap_index = 68521, .adv_w = 256, .box_w = 15, .box_h = 14, .ofs_x = 0, .ofs_y = -1},
    {.bitmap_index = 68594, .adv_w = 256, .box_w = 14, .box_h = 14, .ofs_x = 0, .ofs_y = -2},
    {.bitmap_index = 68662, .adv_w = 256, .box_w = 14, .box_h = 14, .ofs_x = 1, .ofs_y = -2},
    {.bitmap_index = 68713, .adv_w = 256, .box_w = 14, .box_h = 14, .ofs_x = 1, .ofs_y = -2},
    {.bitmap_index = 68777, .adv_w = 256, .box_w = 15, .box_h = 15, .ofs_x = 1, .ofs_y = -2},
    {.bitmap_index = 68849, .adv_w = 256, .box_w = 15, .box_h = 14, .ofs_x = 0, .ofs_y = -2},
    {.bitmap_index = 68934, .adv_w = 256, .box_w = 14, .box_h = 15, .ofs_x = 1, .ofs_y = -2},
    {.bitmap_index = 69005, .adv_w = 256, .box_w = 16, .box_h = 16, .ofs_x = 0, .ofs_y = -3},
    {.bitmap_index = 69102, .adv_w = 256, .box_w = 16, .box_h = 14, .ofs_x = 0, .ofs_y = -2},
    {.bitmap_index = 69185, .adv_w = 256, .box_w = 16, .box_h = 15, .ofs_x = 0, .ofs_y = -2},
    {.bitmap_index = 69290, .adv_w = 256, .box_w = 16, .box_h = 15, .ofs_x = 0, .ofs_y = -2},
    {.bitmap_index = 69402, .adv_w = 256, .box_w = 15, .box_h = 16, .ofs_x = 0, .ofs_y = -2},
    {.bitmap_index = 69509, .adv_w = 256, .box_w = 16, .box_h = 16, .ofs_x = 0, .ofs_y = -2},
    {.bitmap_index = 69613, .adv_w = 256, .box_w = 16, .box_h = 16, .ofs_x = 0, .ofs_y = -2},
    {.bitmap_index = 69728, .adv_w = 256, .box_w = 16, .box_h = 14, .ofs_x = 0, .ofs_y = -1},
    {.bitmap_index = 69822, .adv_w = 256, .box_w = 13, .box_h = 15, .ofs_x = 2, .ofs_y = -2},
    {.bitmap_index = 69882, .adv_w = 256, .box_w = 14, .box_h = 15, .ofs_x = 1, .ofs_y = -2},
    {.bitmap_index = 69939, .adv_w = 256, .box_w = 16, .box_h = 15, .ofs_x = 0, .ofs_y = -2},
    {.bitmap_index = 70027, .adv_w = 256, .box_w = 14, .box_h = 16, .ofs_x = 1, .ofs_y = -2},
    {.bitmap_index = 70122, .adv_w = 256, .box_w = 15, .box_h = 15, .ofs_x = 0, .ofs_y = -2},
    {.bitmap_index = 70218, .adv_w = 256, .box_w = 16, .box_h = 16, .ofs_x = 0, .ofs_y = -2},
    {.bitmap_index = 70318, .adv_w = 256, .box_w = 16, .box_h = 15, .ofs_x = 0, .ofs_y = -1},
    {.bitmap_index = 70403, .adv_w = 256, .box_w = 16, .box_h = 16, .ofs_x = 0, .ofs_y = -2},
    {.bitmap_index = 70510, .adv_w = 256, .box_w = 16, .box_h = 15, .ofs_x = 0, .ofs_y = -1},
    {.bitmap_index = 70603, .adv_w = 256, .box_w = 16, .box_h = 15, .ofs_x = 0, .ofs_y = -1},
    {.bitmap_index = 70707, .adv_w = 256, .box_w = 12, .box_h = 13, .ofs_x = 2, .ofs_y = -1},
    {.bitmap_index = 70746, .adv_w = 256, .box_w = 16, .box_h = 14, .ofs_x = 0, .ofs_y = -1},
    {.bitmap_index = 70821, .adv_w = 256, .box_w = 15, .box_h = 15, .ofs_x = 0, .ofs_y = -2},
    {.bitmap_index = 70906, .adv_w = 256, .box_w = 16, .box_h = 15, .ofs_x = 0, .ofs_y = -2},
    {.bitmap_index = 70997, .adv_w = 256, .box_w = 16, .box_h = 16, .ofs_x = 0, .ofs_y = -2},
    {.bitmap_index = 71087, .adv_w = 256, .box_w = 16, .box_h = 14, .ofs_x = 0, .ofs_y = -2},
    {.bitmap_index = 71185, .adv_w = 256, .box_w = 14, .box_h = 14, .ofs_x = 1, .ofs_y = -2},
    {.bitmap_index = 71271, .adv_w = 256, .box_w = 16, .box_h = 17, .ofs_x = 0, .ofs_y = -3},
    {.bitmap_index = 71367, .adv_w = 256, .box_w = 16, .box_h = 16, .ofs_x = 0, .ofs_y = -3},
    {.bitmap_index = 71475, .adv_w = 256, .box_w = 14, .box_h = 14, .ofs_x = 1, .ofs_y = -1},
    {.bitmap_index = 71568, .adv_w = 256, .box_w = 14, .box_h = 15, .ofs_x = 1, .ofs_y = -2},
    {.bitmap_index = 71654, .adv_w = 256, .box_w = 16, .box_h = 15, .ofs_x = 0, .ofs_y = -2},
    {.bitmap_index = 71758, .adv_w = 256, .box_w = 16, .box_h = 16, .ofs_x = 0, .ofs_y = -2},
    {.bitmap_index = 71879, .adv_w = 256, .box_w = 15, .box_h = 15, .ofs_x = 0, .ofs_y = -2},
    {.bitmap_index = 71953, .adv_w = 256, .box_w = 16, .box_h = 15, .ofs_x = 0, .ofs_y = -2},
    {.bitmap_index = 72056, .adv_w = 256, .box_w = 16, .box_h = 15, .ofs_x = 0, .ofs_y = -2},
    {.bitmap_index = 72166, .adv_w = 256, .box_w = 16, .box_h = 15, .ofs_x = 0, .ofs_y = -2},
    {.bitmap_index = 72263, .adv_w = 256, .box_w = 16, .box_h = 15, .ofs_x = 0, .ofs_y = -2},
    {.bitmap_index = 72370, .adv_w = 256, .box_w = 14, .box_h = 15, .ofs_x = 1, .ofs_y = -2},
    {.bitmap_index = 72445, .adv_w = 256, .box_w = 16, .box_h = 16, .ofs_x = 0, .ofs_y = -2},
    {.bitmap_index = 72533, .adv_w = 256, .box_w = 15, .box_h = 16, .ofs_x = 0, .ofs_y = -2},
    {.bitmap_index = 72628, .adv_w = 256, .box_w = 16, .box_h = 15, .ofs_x = 0, .ofs_y = -2},
    {.bitmap_index = 72728, .adv_w = 256, .box_w = 14, .box_h = 17, .ofs_x = 1, .ofs_y = -3},
    {.bitmap_index = 72830, .adv_w = 256, .box_w = 16, .box_h = 16, .ofs_x = 0, .ofs_y = -3},
    {.bitmap_index = 72949, .adv_w = 256, .box_w = 16, .box_h = 15, .ofs_x = 0, .ofs_y = -2},
    {.bitmap_index = 73042, .adv_w = 256, .box_w = 16, .box_h = 16, .ofs_x = 0, .ofs_y = -2},
    {.bitmap_index = 73164, .adv_w = 256, .box_w = 16, .box_h = 14, .ofs_x = 0, .ofs_y = -1},
    {.bitmap_index = 73252, .adv_w = 256, .box_w = 16, .box_h = 16, .ofs_x = 0, .ofs_y = -2},
    {.bitmap_index = 73366, .adv_w = 256, .box_w = 16, .box_h = 15, .ofs_x = 0, .ofs_y = -2},
    {.bitmap_index = 73471, .adv_w = 256, .box_w = 16, .box_h = 16, .ofs_x = 0, .ofs_y = -3},
    {.bitmap_index = 73585, .adv_w = 256, .box_w = 16, .box_h = 15, .ofs_x = 0, .ofs_y = -2},
    {.bitmap_index = 73692, .adv_w = 256, .box_w = 15, .box_h = 16, .ofs_x = 1, .ofs_y = -2},
    {.bitmap_index = 73778, .adv_w = 256, .box_w = 15, .box_h = 16, .ofs_x = 1, .ofs_y = -2},
    {.bitmap_index = 73867, .adv_w = 256, .box_w = 16, .box_h = 15, .ofs_x = 0, .ofs_y = -2},
    {.bitmap_index = 73970, .adv_w = 256, .box_w = 14, .box_h = 16, .ofs_x = 1, .ofs_y = -2},
    {.bitmap_index = 74061, .adv_w = 256, .box_w = 15, .box_h = 17, .ofs_x = 1, .ofs_y = -3},
    {.bitmap_index = 74169, .adv_w = 256, .box_w = 16, .box_h = 15, .ofs_x = 0, .ofs_y = -2},
    {.bitmap_index = 74266, .adv_w = 256, .box_w = 16, .box_h = 16, .ofs_x = 0, .ofs_y = -2},
    {.bitmap_index = 74351, .adv_w = 256, .box_w = 14, .box_h = 15, .ofs_x = 1, .ofs_y = -1},
    {.bitmap_index = 74438, .adv_w = 256, .box_w = 16, .box_h = 16, .ofs_x = 0, .ofs_y = -3},
    {.bitmap_index = 74518, .adv_w = 256, .box_w = 16, .box_h = 15, .ofs_x = 0, .ofs_y = -1},
    {.bitmap_index = 74605, .adv_w = 256, .box_w = 15, .box_h = 15, .ofs_x = 0, .ofs_y = -2},
    {.bitmap_index = 74707, .adv_w = 256, .box_w = 16, .box_h = 15, .ofs_x = 0, .ofs_y = -1},
    {.bitmap_index = 74819, .adv_w = 256, .box_w = 16, .box_h = 16, .ofs_x = 0, .ofs_y = -2},
    {.bitmap_index = 74917, .adv_w = 256, .box_w = 16, .box_h = 16, .ofs_x = 0, .ofs_y = -2},
    {.bitmap_index = 75029, .adv_w = 256, .box_w = 16, .box_h = 16, .ofs_x = 0, .ofs_y = -2},
    {.bitmap_index = 75132, .adv_w = 256, .box_w = 16, .box_h = 16, .ofs_x = 0, .ofs_y = -2},
    {.bitmap_index = 75243, .adv_w = 256, .box_w = 16, .box_h = 16, .ofs_x = 0, .ofs_y = -2},
    {.bitmap_index = 75347, .adv_w = 256, .box_w = 16, .box_h = 16, .ofs_x = 0, .ofs_y = -2},
    {.bitmap_index = 75457, .adv_w = 256, .box_w = 15, .box_h = 15, .ofs_x = 0, .ofs_y = -2},
    {.bitmap_index = 75560, .adv_w = 256, .box_w = 16, .box_h = 17, .ofs_x = 0, .ofs_y = -3},
    {.bitmap_index = 75667, .adv_w = 256, .box_w = 16, .box_h = 17, .ofs_x = 0, .ofs_y = -3},
    {.bitmap_index = 75781, .adv_w = 256, .box_w = 16, .box_h = 16, .ofs_x = 0, .ofs_y = -2},
    {.bitmap_index = 75898, .adv_w = 256, .box_w = 16, .box_h = 15, .ofs_x = 0, .ofs_y = -1},
    {.bitmap_index = 75999, .adv_w = 256, .box_w = 16, .box_h = 17, .ofs_x = 0, .ofs_y = -3},
    {.bitmap_index = 76121, .adv_w = 256, .box_w = 16, .box_h = 15, .ofs_x = 0, .ofs_y = -2},
    {.bitmap_index = 76219, .adv_w = 256, .box_w = 16, .box_h = 15, .ofs_x = 0, .ofs_y = -2},
    {.bitmap_index = 76331, .adv_w = 256, .box_w = 16, .box_h = 16, .ofs_x = 0, .ofs_y = -2},
    {.bitmap_index = 76444, .adv_w = 256, .box_w = 16, .box_h = 15, .ofs_x = 0, .ofs_y = -2},
    {.bitmap_index = 76546, .adv_w = 256, .box_w = 14, .box_h = 15, .ofs_x = 1, .ofs_y = -2},
    {.bitmap_index = 76648, .adv_w = 256, .box_w = 16, .box_h = 15, .ofs_x = 0, .ofs_y = -2},
    {.bitmap_index = 76766, .adv_w = 256, .box_w = 16, .box_h = 16, .ofs_x = 0, .ofs_y = -2},
    {.bitmap_index = 76884, .adv_w = 256, .box_w = 16, .box_h = 15, .ofs_x = 0, .ofs_y = -2},
    {.bitmap_index = 76992, .adv_w = 256, .box_w = 15, .box_h = 15, .ofs_x = 1, .ofs_y = -2},
    {.bitmap_index = 77093, .adv_w = 256, .box_w = 16, .box_h = 15, .ofs_x = 0, .ofs_y = -2},
    {.bitmap_index = 77206, .adv_w = 256, .box_w = 15, .box_h = 15, .ofs_x = 0, .ofs_y = -2},
    {.bitmap_index = 77292, .adv_w = 256, .box_w = 15, .box_h = 15, .ofs_x = 0, .ofs_y = -2},
    {.bitmap_index = 77395, .adv_w = 256, .box_w = 16, .box_h = 15, .ofs_x = 0, .ofs_y = -2},
    {.bitmap_index = 77505, .adv_w = 256, .box_w = 16, .box_h = 14, .ofs_x = 0, .ofs_y = -1},
    {.bitmap_index = 77594, .adv_w = 256, .box_w = 16, .box_h = 15, .ofs_x = 0, .ofs_y = -2},
    {.bitmap_index = 77699, .adv_w = 256, .box_w = 16, .box_h = 16, .ofs_x = 0, .ofs_y = -2},
    {.bitmap_index = 77814, .adv_w = 256, .box_w = 16, .box_h = 15, .ofs_x = 0, .ofs_y = -2},
    {.bitmap_index = 77930, .adv_w = 256, .box_w = 16, .box_h = 16, .ofs_x = 0, .ofs_y = -2},
    {.bitmap_index = 78043, .adv_w = 256, .box_w = 15, .box_h = 14, .ofs_x = 0, .ofs_y = -1},
    {.bitmap_index = 78134, .adv_w = 256, .box_w = 15, .box_h = 15, .ofs_x = 0, .ofs_y = -2},
    {.bitmap_index = 78224, .adv_w = 256, .box_w = 16, .box_h = 15, .ofs_x = 0, .ofs_y = -2},
    {.bitmap_index = 78328, .adv_w = 256, .box_w = 16, .box_h = 16, .ofs_x = 0, .ofs_y = -2},
    {.bitmap_index = 78446, .adv_w = 256, .box_w = 16, .box_h = 16, .ofs_x = 0, .ofs_y = -2},
    {.bitmap_index = 78559, .adv_w = 256, .box_w = 16, .box_h = 15, .ofs_x = 0, .ofs_y = -2},
    {.bitmap_index = 78662, .adv_w = 256, .box_w = 16, .box_h = 14, .ofs_x = 0, .ofs_y = -1},
    {.bitmap_index = 78772, .adv_w = 256, .box_w = 16, .box_h = 15, .ofs_x = 0, .ofs_y = -2},
    {.bitmap_index = 78884, .adv_w = 256, .box_w = 16, .box_h = 15, .ofs_x = 0, .ofs_y = -2},
    {.bitmap_index = 79001, .adv_w = 256, .box_w = 16, .box_h = 15, .ofs_x = 0, .ofs_y = -2},
    {.bitmap_index = 79111, .adv_w = 256, .box_w = 15, .box_h = 15, .ofs_x = 0, .ofs_y = -2},
    {.bitmap_index = 79211, .adv_w = 256, .box_w = 16, .box_h = 15, .ofs_x = 0, .ofs_y = -2},
    {.bitmap_index = 79321, .adv_w = 256, .box_w = 15, .box_h = 15, .ofs_x = 0, .ofs_y = -2},
    {.bitmap_index = 79434, .adv_w = 256, .box_w = 16, .box_h = 16, .ofs_x = 0, .ofs_y = -3},
    {.bitmap_index = 79549, .adv_w = 256, .box_w = 16, .box_h = 15, .ofs_x = 0, .ofs_y = -2},
    {.bitmap_index = 79664, .adv_w = 256, .box_w = 15, .box_h = 14, .ofs_x = 1, .ofs_y = -2},
    {.bitmap_index = 79748, .adv_w = 256, .box_w = 15, .box_h = 16, .ofs_x = 0, .ofs_y = -2},
    {.bitmap_index = 79823, .adv_w = 256, .box_w = 15, .box_h = 16, .ofs_x = 1, .ofs_y = -2},
    {.bitmap_index = 79925, .adv_w = 256, .box_w = 16, .box_h = 16, .ofs_x = 0, .ofs_y = -2},
    {.bitmap_index = 80027, .adv_w = 256, .box_w = 16, .box_h = 15, .ofs_x = 0, .ofs_y = -1},
    {.bitmap_index = 80126, .adv_w = 256, .box_w = 15, .box_h = 15, .ofs_x = 0, .ofs_y = -2},
    {.bitmap_index = 80220, .adv_w = 256, .box_w = 16, .box_h = 15, .ofs_x = 0, .ofs_y = -2},
    {.bitmap_index = 80332, .adv_w = 256, .box_w = 15, .box_h = 15, .ofs_x = 1, .ofs_y = -2},
    {.bitmap_index = 80437, .adv_w = 256, .box_w = 15, .box_h = 15, .ofs_x = 0, .ofs_y = -2},
    {.bitmap_index = 80536, .adv_w = 256, .box_w = 16, .box_h = 15, .ofs_x = 0, .ofs_y = -2},
    {.bitmap_index = 80634, .adv_w = 256, .box_w = 16, .box_h = 15, .ofs_x = 0, .ofs_y = -2},
    {.bitmap_index = 80722, .adv_w = 256, .box_w = 16, .box_h = 15, .ofs_x = 0, .ofs_y = -2},
    {.bitmap_index = 80813, .adv_w = 256, .box_w = 16, .box_h = 15, .ofs_x = 0, .ofs_y = -2},
    {.bitmap_index = 80892, .adv_w = 256, .box_w = 16, .box_h = 15, .ofs_x = 0, .ofs_y = -2},
    {.bitmap_index = 80983, .adv_w = 256, .box_w = 16, .box_h = 15, .ofs_x = 0, .ofs_y = -2},
    {.bitmap_index = 81088, .adv_w = 256, .box_w = 16, .box_h = 15, .ofs_x = 0, .ofs_y = -2},
    {.bitmap_index = 81198, .adv_w = 256, .box_w = 16, .box_h = 16, .ofs_x = 0, .ofs_y = -2},
    {.bitmap_index = 81302, .adv_w = 256, .box_w = 14, .box_h = 14, .ofs_x = 1, .ofs_y = -1},
    {.bitmap_index = 81373, .adv_w = 256, .box_w = 16, .box_h = 15, .ofs_x = 0, .ofs_y = -3},
    {.bitmap_index = 81464, .adv_w = 256, .box_w = 15, .box_h = 15, .ofs_x = 0, .ofs_y = -2},
    {.bitmap_index = 81569, .adv_w = 256, .box_w = 16, .box_h = 15, .ofs_x = 0, .ofs_y = -2},
    {.bitmap_index = 81671, .adv_w = 256, .box_w = 16, .box_h = 14, .ofs_x = 0, .ofs_y = -2},
    {.bitmap_index = 81751, .adv_w = 256, .box_w = 14, .box_h = 16, .ofs_x = 0, .ofs_y = -3},
    {.bitmap_index = 81835, .adv_w = 256, .box_w = 16, .box_h = 15, .ofs_x = 0, .ofs_y = -2},
    {.bitmap_index = 81932, .adv_w = 256, .box_w = 14, .box_h = 15, .ofs_x = 1, .ofs_y = -2},
    {.bitmap_index = 82012, .adv_w = 256, .box_w = 13, .box_h = 14, .ofs_x = 2, .ofs_y = -2},
    {.bitmap_index = 82080, .adv_w = 256, .box_w = 16, .box_h = 15, .ofs_x = 0, .ofs_y = -2},
    {.bitmap_index = 82171, .adv_w = 256, .box_w = 16, .box_h = 15, .ofs_x = 0, .ofs_y = -2},
    {.bitmap_index = 82273, .adv_w = 256, .box_w = 15, .box_h = 15, .ofs_x = 0, .ofs_y = -2},
    {.bitmap_index = 82366, .adv_w = 256, .box_w = 15, .box_h = 15, .ofs_x = 0, .ofs_y = -2},
    {.bitmap_index = 82459, .adv_w = 256, .box_w = 16, .box_h = 15, .ofs_x = 0, .ofs_y = -2},
    {.bitmap_index = 82561, .adv_w = 256, .box_w = 16, .box_h = 16, .ofs_x = 0, .ofs_y = -2},
    {.bitmap_index = 82673, .adv_w = 256, .box_w = 15, .box_h = 17, .ofs_x = 1, .ofs_y = -3},
    {.bitmap_index = 82785, .adv_w = 256, .box_w = 15, .box_h = 17, .ofs_x = 0, .ofs_y = -3},
    {.bitmap_index = 82884, .adv_w = 256, .box_w = 16, .box_h = 15, .ofs_x = 0, .ofs_y = -2},
    {.bitmap_index = 82988, .adv_w = 256, .box_w = 16, .box_h = 14, .ofs_x = 0, .ofs_y = -1},
    {.bitmap_index = 83081, .adv_w = 256, .box_w = 16, .box_h = 15, .ofs_x = 0, .ofs_y = -2},
    {.bitmap_index = 83181, .adv_w = 256, .box_w = 16, .box_h = 14, .ofs_x = 0, .ofs_y = -1},
    {.bitmap_index = 83275, .adv_w = 256, .box_w = 16, .box_h = 15, .ofs_x = 0, .ofs_y = -2},
    {.bitmap_index = 83381, .adv_w = 256, .box_w = 16, .box_h = 15, .ofs_x = 0, .ofs_y = -2},
    {.bitmap_index = 83484, .adv_w = 256, .box_w = 16, .box_h = 15, .ofs_x = 0, .ofs_y = -2},
    {.bitmap_index = 83585, .adv_w = 256, .box_w = 16, .box_h = 16, .ofs_x = 0, .ofs_y = -2},
    {.bitmap_index = 83694, .adv_w = 256, .box_w = 16, .box_h = 16, .ofs_x = 0, .ofs_y = -2},
    {.bitmap_index = 83807, .adv_w = 256, .box_w = 16, .box_h = 15, .ofs_x = 0, .ofs_y = -2},
    {.bitmap_index = 83917, .adv_w = 256, .box_w = 12, .box_h = 15, .ofs_x = 2, .ofs_y = -1},
    {.bitmap_index = 83974, .adv_w = 256, .box_w = 14, .box_h = 14, .ofs_x = 1, .ofs_y = -1},
    {.bitmap_index = 84038, .adv_w = 256, .box_w = 16, .box_h = 15, .ofs_x = 0, .ofs_y = -2},
    {.bitmap_index = 84145, .adv_w = 256, .box_w = 15, .box_h = 15, .ofs_x = 1, .ofs_y = -2},
    {.bitmap_index = 84250, .adv_w = 256, .box_w = 16, .box_h = 15, .ofs_x = 0, .ofs_y = -2},
    {.bitmap_index = 84353, .adv_w = 256, .box_w = 16, .box_h = 16, .ofs_x = 0, .ofs_y = -2},
    {.bitmap_index = 84454, .adv_w = 256, .box_w = 16, .box_h = 14, .ofs_x = 0, .ofs_y = -1},
    {.bitmap_index = 84530, .adv_w = 256, .box_w = 15, .box_h = 14, .ofs_x = 1, .ofs_y = -1},
    {.bitmap_index = 84616, .adv_w = 256, .box_w = 16, .box_h = 15, .ofs_x = 0, .ofs_y = -2},
    {.bitmap_index = 84697, .adv_w = 256, .box_w = 15, .box_h = 14, .ofs_x = 0, .ofs_y = -1},
    {.bitmap_index = 84764, .adv_w = 256, .box_w = 16, .box_h = 15, .ofs_x = 0, .ofs_y = -1},
    {.bitmap_index = 84861, .adv_w = 256, .box_w = 16, .box_h = 15, .ofs_x = 0, .ofs_y = -2},
    {.bitmap_index = 84950, .adv_w = 256, .box_w = 16, .box_h = 15, .ofs_x = 0, .ofs_y = -2},
    {.bitmap_index = 85058, .adv_w = 256, .box_w = 15, .box_h = 15, .ofs_x = 0, .ofs_y = -2},
    {.bitmap_index = 85156, .adv_w = 256, .box_w = 16, .box_h = 15, .ofs_x = 0, .ofs_y = -2},
    {.bitmap_index = 85251, .adv_w = 256, .box_w = 15, .box_h = 15, .ofs_x = 0, .ofs_y = -2},
    {.bitmap_index = 85346, .adv_w = 256, .box_w = 16, .box_h = 15, .ofs_x = 0, .ofs_y = -2},
    {.bitmap_index = 85450, .adv_w = 256, .box_w = 16, .box_h = 15, .ofs_x = 0, .ofs_y = -2},
    {.bitmap_index = 85557, .adv_w = 256, .box_w = 16, .box_h = 15, .ofs_x = 0, .ofs_y = -2},
    {.bitmap_index = 85647, .adv_w = 256, .box_w = 16, .box_h = 15, .ofs_x = 0, .ofs_y = -2},
    {.bitmap_index = 85749, .adv_w = 256, .box_w = 16, .box_h = 15, .ofs_x = 0, .ofs_y = -2},
    {.bitmap_index = 85857, .adv_w = 256, .box_w = 16, .box_h = 16, .ofs_x = 0, .ofs_y = -2},
    {.bitmap_index = 85966, .adv_w = 256, .box_w = 16, .box_h = 15, .ofs_x = 0, .ofs_y = -2},
    {.bitmap_index = 86063, .adv_w = 256, .box_w = 15, .box_h = 16, .ofs_x = 0, .ofs_y = -2},
    {.bitmap_index = 86174, .adv_w = 256, .box_w = 16, .box_h = 17, .ofs_x = 0, .ofs_y = -3},
    {.bitmap_index = 86289, .adv_w = 256, .box_w = 16, .box_h = 16, .ofs_x = 0, .ofs_y = -2},
    {.bitmap_index = 86401, .adv_w = 256, .box_w = 16, .box_h = 15, .ofs_x = 0, .ofs_y = -2},
    {.bitmap_index = 86515, .adv_w = 256, .box_w = 16, .box_h = 15, .ofs_x = 0, .ofs_y = -2},
    {.bitmap_index = 86622, .adv_w = 256, .box_w = 15, .box_h = 15, .ofs_x = 1, .ofs_y = -2},
    {.bitmap_index = 86721, .adv_w = 256, .box_w = 15, .box_h = 15, .ofs_x = 0, .ofs_y = -2},
    {.bitmap_index = 86807, .adv_w = 256, .box_w = 16, .box_h = 16, .ofs_x = 0, .ofs_y = -3},
    {.bitmap_index = 86913, .adv_w = 256, .box_w = 16, .box_h = 15, .ofs_x = 0, .ofs_y = -2},
    {.bitmap_index = 87024, .adv_w = 256, .box_w = 16, .box_h = 15, .ofs_x = 0, .ofs_y = -2},
    {.bitmap_index = 87127, .adv_w = 256, .box_w = 15, .box_h = 16, .ofs_x = 1, .ofs_y = -2},
    {.bitmap_index = 87237, .adv_w = 256, .box_w = 16, .box_h = 16, .ofs_x = 0, .ofs_y = -2},
    {.bitmap_index = 87348, .adv_w = 256, .box_w = 16, .box_h = 14, .ofs_x = 0, .ofs_y = -1},
    {.bitmap_index = 87449, .adv_w = 256, .box_w = 16, .box_h = 15, .ofs_x = 0, .ofs_y = -2},
    {.bitmap_index = 87560, .adv_w = 256, .box_w = 16, .box_h = 15, .ofs_x = 0, .ofs_y = -2},
    {.bitmap_index = 87669, .adv_w = 256, .box_w = 16, .box_h = 15, .ofs_x = 0, .ofs_y = -2},
    {.bitmap_index = 87784, .adv_w = 256, .box_w = 16, .box_h = 16, .ofs_x = 0, .ofs_y = -3},
    {.bitmap_index = 87894, .adv_w = 256, .box_w = 16, .box_h = 16, .ofs_x = 0, .ofs_y = -3},
    {.bitmap_index = 88012, .adv_w = 256, .box_w = 16, .box_h = 15, .ofs_x = 0, .ofs_y = -2},
    {.bitmap_index = 88113, .adv_w = 256, .box_w = 16, .box_h = 15, .ofs_x = 0, .ofs_y = -2},
    {.bitmap_index = 88215, .adv_w = 256, .box_w = 16, .box_h = 15, .ofs_x = 0, .ofs_y = -2},
    {.bitmap_index = 88293, .adv_w = 256, .box_w = 16, .box_h = 15, .ofs_x = 0, .ofs_y = -2},
    {.bitmap_index = 88371, .adv_w = 256, .box_w = 16, .box_h = 15, .ofs_x = 0, .ofs_y = -2},
    {.bitmap_index = 88461, .adv_w = 256, .box_w = 16, .box_h = 15, .ofs_x = 0, .ofs_y = -2},
    {.bitmap_index = 88568, .adv_w = 256, .box_w = 16, .box_h = 15, .ofs_x = 0, .ofs_y = -2},
    {.bitmap_index = 88671, .adv_w = 256, .box_w = 16, .box_h = 15, .ofs_x = 0, .ofs_y = -1},
    {.bitmap_index = 88770, .adv_w = 256, .box_w = 16, .box_h = 15, .ofs_x = 0, .ofs_y = -2},
    {.bitmap_index = 88872, .adv_w = 256, .box_w = 16, .box_h = 15, .ofs_x = 0, .ofs_y = -2},
    {.bitmap_index = 88977, .adv_w = 256, .box_w = 16, .box_h = 15, .ofs_x = 0, .ofs_y = -2},
    {.bitmap_index = 89084, .adv_w = 256, .box_w = 16, .box_h = 16, .ofs_x = 0, .ofs_y = -2},
    {.bitmap_index = 89198, .adv_w = 256, .box_w = 15, .box_h = 15, .ofs_x = 0, .ofs_y = -2},
    {.bitmap_index = 89305, .adv_w = 256, .box_w = 16, .box_h = 15, .ofs_x = 0, .ofs_y = -2},
    {.bitmap_index = 89411, .adv_w = 256, .box_w = 15, .box_h = 16, .ofs_x = 0, .ofs_y = -3},
    {.bitmap_index = 89516, .adv_w = 256, .box_w = 15, .box_h = 16, .ofs_x = 0, .ofs_y = -2},
    {.bitmap_index = 89612, .adv_w = 256, .box_w = 14, .box_h = 16, .ofs_x = 1, .ofs_y = -2},
    {.bitmap_index = 89710, .adv_w = 256, .box_w = 16, .box_h = 15, .ofs_x = 0, .ofs_y = -2},
    {.bitmap_index = 89816, .adv_w = 256, .box_w = 16, .box_h = 16, .ofs_x = 0, .ofs_y = -2},
    {.bitmap_index = 89924, .adv_w = 256, .box_w = 16, .box_h = 16, .ofs_x = 0, .ofs_y = -2},
    {.bitmap_index = 90025, .adv_w = 256, .box_w = 16, .box_h = 15, .ofs_x = 0, .ofs_y = -2},
    {.bitmap_index = 90136, .adv_w = 256, .box_w = 16, .box_h = 16, .ofs_x = 0, .ofs_y = -2},
    {.bitmap_index = 90249, .adv_w = 256, .box_w = 16, .box_h = 15, .ofs_x = 0, .ofs_y = -2},
    {.bitmap_index = 90362, .adv_w = 256, .box_w = 16, .box_h = 16, .ofs_x = 0, .ofs_y = -2},
    {.bitmap_index = 90479, .adv_w = 256, .box_w = 16, .box_h = 14, .ofs_x = 0, .ofs_y = -1},
    {.bitmap_index = 90529, .adv_w = 256, .box_w = 16, .box_h = 16, .ofs_x = 0, .ofs_y = -2},
    {.bitmap_index = 90602, .adv_w = 256, .box_w = 16, .box_h = 16, .ofs_x = 0, .ofs_y = -3},
    {.bitmap_index = 90711, .adv_w = 256, .box_w = 16, .box_h = 16, .ofs_x = 0, .ofs_y = -2},
    {.bitmap_index = 90810, .adv_w = 256, .box_w = 16, .box_h = 15, .ofs_x = 0, .ofs_y = -2},
    {.bitmap_index = 90896, .adv_w = 256, .box_w = 16, .box_h = 15, .ofs_x = 0, .ofs_y = -2},
    {.bitmap_index = 90997, .adv_w = 256, .box_w = 16, .box_h = 16, .ofs_x = 0, .ofs_y = -3},
    {.bitmap_index = 91109, .adv_w = 256, .box_w = 16, .box_h = 16, .ofs_x = 0, .ofs_y = -2},
    {.bitmap_index = 91199, .adv_w = 256, .box_w = 15, .box_h = 15, .ofs_x = 0, .ofs_y = -2},
    {.bitmap_index = 91310, .adv_w = 256, .box_w = 16, .box_h = 16, .ofs_x = 0, .ofs_y = -2},
    {.bitmap_index = 91418, .adv_w = 256, .box_w = 14, .box_h = 15, .ofs_x = 1, .ofs_y = -2},
    {.bitmap_index = 91515, .adv_w = 256, .box_w = 16, .box_h = 17, .ofs_x = 0, .ofs_y = -3},
    {.bitmap_index = 91626, .adv_w = 256, .box_w = 16, .box_h = 16, .ofs_x = 0, .ofs_y = -2},
    {.bitmap_index = 91735, .adv_w = 256, .box_w = 15, .box_h = 14, .ofs_x = 1, .ofs_y = -2},
    {.bitmap_index = 91812, .adv_w = 256, .box_w = 16, .box_h = 15, .ofs_x = 0, .ofs_y = -2},
    {.bitmap_index = 91906, .adv_w = 256, .box_w = 16, .box_h = 15, .ofs_x = 0, .ofs_y = -3},
    {.bitmap_index = 91989, .adv_w = 256, .box_w = 16, .box_h = 14, .ofs_x = 0, .ofs_y = -2},
    {.bitmap_index = 92088, .adv_w = 256, .box_w = 16, .box_h = 16, .ofs_x = 0, .ofs_y = -3},
    {.bitmap_index = 92194, .adv_w = 256, .box_w = 16, .box_h = 16, .ofs_x = 0, .ofs_y = -2},
    {.bitmap_index = 92293, .adv_w = 256, .box_w = 15, .box_h = 15, .ofs_x = 0, .ofs_y = -2},
    {.bitmap_index = 92387, .adv_w = 256, .box_w = 14, .box_h = 15, .ofs_x = 0, .ofs_y = -2},
    {.bitmap_index = 92474, .adv_w = 256, .box_w = 16, .box_h = 16, .ofs_x = 0, .ofs_y = -2},
    {.bitmap_index = 92575, .adv_w = 256, .box_w = 16, .box_h = 14, .ofs_x = 0, .ofs_y = -1},
    {.bitmap_index = 92647, .adv_w = 256, .box_w = 14, .box_h = 15, .ofs_x = 1, .ofs_y = -2},
    {.bitmap_index = 92709, .adv_w = 256, .box_w = 15, .box_h = 15, .ofs_x = 0, .ofs_y = -2},
    {.bitmap_index = 92791, .adv_w = 256, .box_w = 16, .box_h = 16, .ofs_x = 0, .ofs_y = -2},
    {.bitmap_index = 92896, .adv_w = 256, .box_w = 16, .box_h = 14, .ofs_x = 0, .ofs_y = -1},
    {.bitmap_index = 92972, .adv_w = 256, .box_w = 16, .box_h = 16, .ofs_x = 0, .ofs_y = -3},
    {.bitmap_index = 93070, .adv_w = 256, .box_w = 16, .box_h = 15, .ofs_x = 0, .ofs_y = -2},
    {.bitmap_index = 93167, .adv_w = 256, .box_w = 16, .box_h = 15, .ofs_x = 0, .ofs_y = -1},
    {.bitmap_index = 93267, .adv_w = 256, .box_w = 16, .box_h = 15, .ofs_x = 0, .ofs_y = -2},
    {.bitmap_index = 93364, .adv_w = 256, .box_w = 16, .box_h = 16, .ofs_x = 0, .ofs_y = -2},
    {.bitmap_index = 93462, .adv_w = 256, .box_w = 16, .box_h = 17, .ofs_x = 0, .ofs_y = -3},
    {.bitmap_index = 93569, .adv_w = 256, .box_w = 15, .box_h = 15, .ofs_x = 0, .ofs_y = -2},
    {.bitmap_index = 93649, .adv_w = 256, .box_w = 16, .box_h = 16, .ofs_x = 0, .ofs_y = -2},
    {.bitmap_index = 93752, .adv_w = 256, .box_w = 16, .box_h = 15, .ofs_x = 0, .ofs_y = -2},
    {.bitmap_index = 93847, .adv_w = 256, .box_w = 16, .box_h = 16, .ofs_x = 0, .ofs_y = -2},
    {.bitmap_index = 93958, .adv_w = 256, .box_w = 16, .box_h = 14, .ofs_x = 0, .ofs_y = -1},
    {.bitmap_index = 94043, .adv_w = 256, .box_w = 16, .box_h = 16, .ofs_x = 0, .ofs_y = -2},
    {.bitmap_index = 94152, .adv_w = 256, .box_w = 16, .box_h = 16, .ofs_x = 0, .ofs_y = -2},
    {.bitmap_index = 94261, .adv_w = 256, .box_w = 16, .box_h = 16, .ofs_x = 0, .ofs_y = -3},
    {.bitmap_index = 94366, .adv_w = 256, .box_w = 16, .box_h = 15, .ofs_x = 0, .ofs_y = -2},
    {.bitmap_index = 94464, .adv_w = 256, .box_w = 16, .box_h = 15, .ofs_x = 0, .ofs_y = -2},
    {.bitmap_index = 94568, .adv_w = 256, .box_w = 16, .box_h = 15, .ofs_x = 0, .ofs_y = -2},
    {.bitmap_index = 94668, .adv_w = 256, .box_w = 16, .box_h = 15, .ofs_x = 0, .ofs_y = -2},
    {.bitmap_index = 94775, .adv_w = 256, .box_w = 16, .box_h = 16, .ofs_x = 0, .ofs_y = -2},
    {.bitmap_index = 94879, .adv_w = 256, .box_w = 15, .box_h = 14, .ofs_x = 0, .ofs_y = -1},
    {.bitmap_index = 94980, .adv_w = 256, .box_w = 16, .box_h = 16, .ofs_x = 0, .ofs_y = -2},
    {.bitmap_index = 95076, .adv_w = 256, .box_w = 16, .box_h = 14, .ofs_x = 0, .ofs_y = -1},
    {.bitmap_index = 95149, .adv_w = 256, .box_w = 16, .box_h = 15, .ofs_x = 0, .ofs_y = -2},
    {.bitmap_index = 95255, .adv_w = 256, .box_w = 16, .box_h = 16, .ofs_x = 0, .ofs_y = -2},
    {.bitmap_index = 95366, .adv_w = 256, .box_w = 16, .box_h = 16, .ofs_x = 0, .ofs_y = -2},
    {.bitmap_index = 95468, .adv_w = 256, .box_w = 16, .box_h = 16, .ofs_x = 0, .ofs_y = -2},
    {.bitmap_index = 95580, .adv_w = 256, .box_w = 16, .box_h = 16, .ofs_x = 0, .ofs_y = -2},
    {.bitmap_index = 95696, .adv_w = 256, .box_w = 16, .box_h = 16, .ofs_x = 0, .ofs_y = -2},
    {.bitmap_index = 95797, .adv_w = 256, .box_w = 15, .box_h = 15, .ofs_x = 0, .ofs_y = -2},
    {.bitmap_index = 95899, .adv_w = 256, .box_w = 15, .box_h = 16, .ofs_x = 0, .ofs_y = -3},
    {.bitmap_index = 95990, .adv_w = 256, .box_w = 16, .box_h = 15, .ofs_x = 0, .ofs_y = -2},
    {.bitmap_index = 96080, .adv_w = 256, .box_w = 15, .box_h = 16, .ofs_x = 0, .ofs_y = -2},
    {.bitmap_index = 96187, .adv_w = 256, .box_w = 16, .box_h = 15, .ofs_x = 0, .ofs_y = -3},
    {.bitmap_index = 96293, .adv_w = 256, .box_w = 16, .box_h = 16, .ofs_x = 0, .ofs_y = -2},
    {.bitmap_index = 96409, .adv_w = 256, .box_w = 16, .box_h = 15, .ofs_x = 0, .ofs_y = -2},
    {.bitmap_index = 96505, .adv_w = 256, .box_w = 16, .box_h = 15, .ofs_x = 0, .ofs_y = -2},
    {.bitmap_index = 96606, .adv_w = 256, .box_w = 16, .box_h = 15, .ofs_x = 0, .ofs_y = -2},
    {.bitmap_index = 96707, .adv_w = 256, .box_w = 16, .box_h = 14, .ofs_x = 0, .ofs_y = -1},
    {.bitmap_index = 96808, .adv_w = 256, .box_w = 16, .box_h = 15, .ofs_x = 0, .ofs_y = -2},
    {.bitmap_index = 96920, .adv_w = 256, .box_w = 15, .box_h = 14, .ofs_x = 0, .ofs_y = -2},
    {.bitmap_index = 96998, .adv_w = 256, .box_w = 16, .box_h = 15, .ofs_x = 0, .ofs_y = -2},
    {.bitmap_index = 97084, .adv_w = 256, .box_w = 16, .box_h = 15, .ofs_x = 0, .ofs_y = -2},
    {.bitmap_index = 97185, .adv_w = 256, .box_w = 16, .box_h = 15, .ofs_x = 0, .ofs_y = -1},
    {.bitmap_index = 97274, .adv_w = 256, .box_w = 16, .box_h = 14, .ofs_x = 0, .ofs_y = -1},
    {.bitmap_index = 97354, .adv_w = 256, .box_w = 16, .box_h = 14, .ofs_x = 0, .ofs_y = -2},
    {.bitmap_index = 97451, .adv_w = 256, .box_w = 16, .box_h = 15, .ofs_x = 0, .ofs_y = -2},
    {.bitmap_index = 97557, .adv_w = 256, .box_w = 16, .box_h = 15, .ofs_x = 0, .ofs_y = -2},
    {.bitmap_index = 97665, .adv_w = 256, .box_w = 16, .box_h = 15, .ofs_x = 0, .ofs_y = -2},
    {.bitmap_index = 97774, .adv_w = 256, .box_w = 16, .box_h = 15, .ofs_x = 0, .ofs_y = -2},
    {.bitmap_index = 97880, .adv_w = 256, .box_w = 16, .box_h = 15, .ofs_x = 0, .ofs_y = -2},
    {.bitmap_index = 97989, .adv_w = 256, .box_w = 16, .box_h = 16, .ofs_x = 0, .ofs_y = -2},
    {.bitmap_index = 98080, .adv_w = 256, .box_w = 16, .box_h = 16, .ofs_x = 0, .ofs_y = -2},
    {.bitmap_index = 98173, .adv_w = 256, .box_w = 16, .box_h = 16, .ofs_x = 0, .ofs_y = -2},
    {.bitmap_index = 98285, .adv_w = 256, .box_w = 16, .box_h = 16, .ofs_x = 0, .ofs_y = -2},
    {.bitmap_index = 98397, .adv_w = 256, .box_w = 16, .box_h = 16, .ofs_x = 0, .ofs_y = -2},
    {.bitmap_index = 98506, .adv_w = 256, .box_w = 16, .box_h = 16, .ofs_x = 0, .ofs_y = -2},
    {.bitmap_index = 98624, .adv_w = 256, .box_w = 16, .box_h = 16, .ofs_x = 0, .ofs_y = -2},
    {.bitmap_index = 98745, .adv_w = 256, .box_w = 16, .box_h = 15, .ofs_x = 0, .ofs_y = -2},
    {.bitmap_index = 98840, .adv_w = 256, .box_w = 16, .box_h = 16, .ofs_x = 0, .ofs_y = -2},
    {.bitmap_index = 98924, .adv_w = 256, .box_w = 16, .box_h = 16, .ofs_x = 0, .ofs_y = -3},
    {.bitmap_index = 99046, .adv_w = 256, .box_w = 16, .box_h = 16, .ofs_x = 0, .ofs_y = -2},
    {.bitmap_index = 99149, .adv_w = 256, .box_w = 16, .box_h = 15, .ofs_x = 0, .ofs_y = -2},
    {.bitmap_index = 99247, .adv_w = 256, .box_w = 16, .box_h = 15, .ofs_x = 0, .ofs_y = -2},
    {.bitmap_index = 99339, .adv_w = 256, .box_w = 16, .box_h = 15, .ofs_x = 0, .ofs_y = -2},
    {.bitmap_index = 99432, .adv_w = 256, .box_w = 15, .box_h = 15, .ofs_x = 0, .ofs_y = -2},
    {.bitmap_index = 99528, .adv_w = 256, .box_w = 16, .box_h = 15, .ofs_x = 0, .ofs_y = -2},
    {.bitmap_index = 99622, .adv_w = 256, .box_w = 16, .box_h = 15, .ofs_x = 0, .ofs_y = -2},
    {.bitmap_index = 99729, .adv_w = 256, .box_w = 16, .box_h = 15, .ofs_x = 0, .ofs_y = -2},
    {.bitmap_index = 99828, .adv_w = 256, .box_w = 15, .box_h = 15, .ofs_x = 0, .ofs_y = -1},
    {.bitmap_index = 99920, .adv_w = 256, .box_w = 16, .box_h = 15, .ofs_x = 0, .ofs_y = -2},
    {.bitmap_index = 100025, .adv_w = 256, .box_w = 16, .box_h = 15, .ofs_x = 0, .ofs_y = -2},
    {.bitmap_index = 100124, .adv_w = 256, .box_w = 16, .box_h = 14, .ofs_x = 0, .ofs_y = -1},
    {.bitmap_index = 100218, .adv_w = 256, .box_w = 16, .box_h = 15, .ofs_x = 0, .ofs_y = -2},
    {.bitmap_index = 100314, .adv_w = 256, .box_w = 16, .box_h = 15, .ofs_x = 0, .ofs_y = -2},
    {.bitmap_index = 100403, .adv_w = 256, .box_w = 16, .box_h = 15, .ofs_x = 0, .ofs_y = -2},
    {.bitmap_index = 100509, .adv_w = 256, .box_w = 16, .box_h = 16, .ofs_x = 0, .ofs_y = -2},
    {.bitmap_index = 100623, .adv_w = 256, .box_w = 16, .box_h = 15, .ofs_x = 0, .ofs_y = -2},
    {.bitmap_index = 100724, .adv_w = 256, .box_w = 16, .box_h = 15, .ofs_x = 0, .ofs_y = -2},
    {.bitmap_index = 100833, .adv_w = 256, .box_w = 16, .box_h = 15, .ofs_x = 0, .ofs_y = -2},
    {.bitmap_index = 100934, .adv_w = 256, .box_w = 16, .box_h = 15, .ofs_x = 0, .ofs_y = -1},
    {.bitmap_index = 101034, .adv_w = 256, .box_w = 16, .box_h = 15, .ofs_x = 0, .ofs_y = -2},
    {.bitmap_index = 101141, .adv_w = 256, .box_w = 16, .box_h = 15, .ofs_x = 0, .ofs_y = -1},
    {.bitmap_index = 101253, .adv_w = 256, .box_w = 16, .box_h = 16, .ofs_x = 0, .ofs_y = -2},
    {.bitmap_index = 101359, .adv_w = 256, .box_w = 16, .box_h = 15, .ofs_x = 0, .ofs_y = -2},
    {.bitmap_index = 101453, .adv_w = 256, .box_w = 15, .box_h = 15, .ofs_x = 1, .ofs_y = -2},
    {.bitmap_index = 101540, .adv_w = 256, .box_w = 16, .box_h = 15, .ofs_x = 0, .ofs_y = -2},
    {.bitmap_index = 101645, .adv_w = 256, .box_w = 15, .box_h = 16, .ofs_x = 1, .ofs_y = -2},
    {.bitmap_index = 101744, .adv_w = 256, .box_w = 16, .box_h = 15, .ofs_x = 0, .ofs_y = -2},
    {.bitmap_index = 101851, .adv_w = 256, .box_w = 16, .box_h = 15, .ofs_x = 0, .ofs_y = -2},
    {.bitmap_index = 101941, .adv_w = 256, .box_w = 16, .box_h = 17, .ofs_x = 0, .ofs_y = -3},
    {.bitmap_index = 102051, .adv_w = 256, .box_w = 16, .box_h = 17, .ofs_x = 0, .ofs_y = -3},
    {.bitmap_index = 102162, .adv_w = 256, .box_w = 16, .box_h = 16, .ofs_x = 0, .ofs_y = -2},
    {.bitmap_index = 102274, .adv_w = 256, .box_w = 16, .box_h = 16, .ofs_x = 0, .ofs_y = -3},
    {.bitmap_index = 102389, .adv_w = 256, .box_w = 15, .box_h = 14, .ofs_x = 0, .ofs_y = -2},
    {.bitmap_index = 102467, .adv_w = 256, .box_w = 15, .box_h = 14, .ofs_x = 0, .ofs_y = -1},
    {.bitmap_index = 102555, .adv_w = 256, .box_w = 15, .box_h = 14, .ofs_x = 0, .ofs_y = -2},
    {.bitmap_index = 102649, .adv_w = 256, .box_w = 15, .box_h = 13, .ofs_x = 0, .ofs_y = -1},
    {.bitmap_index = 102725, .adv_w = 256, .box_w = 16, .box_h = 14, .ofs_x = 0, .ofs_y = -1},
    {.bitmap_index = 102820, .adv_w = 256, .box_w = 15, .box_h = 15, .ofs_x = 0, .ofs_y = -2},
    {.bitmap_index = 102922, .adv_w = 256, .box_w = 15, .box_h = 15, .ofs_x = 0, .ofs_y = -2},
    {.bitmap_index = 103010, .adv_w = 256, .box_w = 15, .box_h = 16, .ofs_x = 0, .ofs_y = -2},
    {.bitmap_index = 103115, .adv_w = 256, .box_w = 15, .box_h = 16, .ofs_x = 0, .ofs_y = -3},
    {.bitmap_index = 103217, .adv_w = 256, .box_w = 16, .box_h = 16, .ofs_x = 0, .ofs_y = -2},
    {.bitmap_index = 103334, .adv_w = 256, .box_w = 16, .box_h = 15, .ofs_x = 0, .ofs_y = -2},
    {.bitmap_index = 103443, .adv_w = 256, .box_w = 16, .box_h = 15, .ofs_x = 0, .ofs_y = -2},
    {.bitmap_index = 103548, .adv_w = 256, .box_w = 16, .box_h = 16, .ofs_x = 0, .ofs_y = -2},
    {.bitmap_index = 103650, .adv_w = 256, .box_w = 16, .box_h = 15, .ofs_x = 0, .ofs_y = -2},
    {.bitmap_index = 103758, .adv_w = 256, .box_w = 16, .box_h = 14, .ofs_x = 0, .ofs_y = -1},
    {.bitmap_index = 103868, .adv_w = 256, .box_w = 15, .box_h = 15, .ofs_x = 0, .ofs_y = -2},
    {.bitmap_index = 103971, .adv_w = 256, .box_w = 16, .box_h = 15, .ofs_x = 0, .ofs_y = -2},
    {.bitmap_index = 104080, .adv_w = 256, .box_w = 16, .box_h = 15, .ofs_x = 0, .ofs_y = -2},
    {.bitmap_index = 104185, .adv_w = 256, .box_w = 16, .box_h = 15, .ofs_x = 0, .ofs_y = -2},
    {.bitmap_index = 104294, .adv_w = 256, .box_w = 16, .box_h = 16, .ofs_x = 0, .ofs_y = -2},
    {.bitmap_index = 104410, .adv_w = 256, .box_w = 15, .box_h = 15, .ofs_x = 0, .ofs_y = -2},
    {.bitmap_index = 104492, .adv_w = 256, .box_w = 14, .box_h = 16, .ofs_x = 1, .ofs_y = -2},
    {.bitmap_index = 104535, .adv_w = 256, .box_w = 14, .box_h = 16, .ofs_x = 1, .ofs_y = -2},
    {.bitmap_index = 104611, .adv_w = 256, .box_w = 14, .box_h = 15, .ofs_x = 1, .ofs_y = -2},
    {.bitmap_index = 104694, .adv_w = 256, .box_w = 14, .box_h = 16, .ofs_x = 1, .ofs_y = -3},
    {.bitmap_index = 104765, .adv_w = 256, .box_w = 14, .box_h = 16, .ofs_x = 1, .ofs_y = -2},
    {.bitmap_index = 104838, .adv_w = 256, .box_w = 14, .box_h = 15, .ofs_x = 1, .ofs_y = -2},
    {.bitmap_index = 104916, .adv_w = 256, .box_w = 14, .box_h = 16, .ofs_x = 1, .ofs_y = -2},
    {.bitmap_index = 105003, .adv_w = 256, .box_w = 15, .box_h = 15, .ofs_x = 1, .ofs_y = -2},
    {.bitmap_index = 105093, .adv_w = 256, .box_w = 14, .box_h = 14, .ofs_x = 1, .ofs_y = -2},
    {.bitmap_index = 105166, .adv_w = 256, .box_w = 14, .box_h = 14, .ofs_x = 1, .ofs_y = -2},
    {.bitmap_index = 105246, .adv_w = 256, .box_w = 15, .box_h = 16, .ofs_x = 1, .ofs_y = -2},
    {.bitmap_index = 105340, .adv_w = 256, .box_w = 15, .box_h = 14, .ofs_x = 1, .ofs_y = -2},
    {.bitmap_index = 105419, .adv_w = 256, .box_w = 15, .box_h = 13, .ofs_x = 1, .ofs_y = -1},
    {.bitmap_index = 105506, .adv_w = 256, .box_w = 16, .box_h = 15, .ofs_x = 0, .ofs_y = -2},
    {.bitmap_index = 105602, .adv_w = 256, .box_w = 15, .box_h = 16, .ofs_x = 1, .ofs_y = -2},
    {.bitmap_index = 105700, .adv_w = 256, .box_w = 15, .box_h = 17, .ofs_x = 1, .ofs_y = -3},
    {.bitmap_index = 105812, .adv_w = 256, .box_w = 16, .box_h = 15, .ofs_x = 0, .ofs_y = -2},
    {.bitmap_index = 105914, .adv_w = 256, .box_w = 16, .box_h = 16, .ofs_x = 0, .ofs_y = -2},
    {.bitmap_index = 106024, .adv_w = 256, .box_w = 15, .box_h = 14, .ofs_x = 0, .ofs_y = -1},
    {.bitmap_index = 106118, .adv_w = 256, .box_w = 16, .box_h = 16, .ofs_x = 0, .ofs_y = -2},
    {.bitmap_index = 106226, .adv_w = 256, .box_w = 16, .box_h = 16, .ofs_x = 0, .ofs_y = -2},
    {.bitmap_index = 106335, .adv_w = 256, .box_w = 16, .box_h = 15, .ofs_x = 0, .ofs_y = -2},
    {.bitmap_index = 106440, .adv_w = 256, .box_w = 15, .box_h = 14, .ofs_x = 1, .ofs_y = -1},
    {.bitmap_index = 106516, .adv_w = 256, .box_w = 14, .box_h = 15, .ofs_x = 1, .ofs_y = -2},
    {.bitmap_index = 106597, .adv_w = 256, .box_w = 15, .box_h = 15, .ofs_x = 0, .ofs_y = -2},
    {.bitmap_index = 106698, .adv_w = 256, .box_w = 15, .box_h = 16, .ofs_x = 0, .ofs_y = -3},
    {.bitmap_index = 106796, .adv_w = 256, .box_w = 15, .box_h = 15, .ofs_x = 0, .ofs_y = -2},
    {.bitmap_index = 106901, .adv_w = 256, .box_w = 14, .box_h = 15, .ofs_x = 1, .ofs_y = -2},
    {.bitmap_index = 106991, .adv_w = 256, .box_w = 15, .box_h = 16, .ofs_x = 0, .ofs_y = -3},
    {.bitmap_index = 107073, .adv_w = 256, .box_w = 16, .box_h = 16, .ofs_x = 0, .ofs_y = -2},
    {.bitmap_index = 107191, .adv_w = 256, .box_w = 15, .box_h = 15, .ofs_x = 0, .ofs_y = -2},
    {.bitmap_index = 107272, .adv_w = 256, .box_w = 15, .box_h = 16, .ofs_x = 0, .ofs_y = -2},
    {.bitmap_index = 107367, .adv_w = 256, .box_w = 14, .box_h = 14, .ofs_x = 1, .ofs_y = -1},
    {.bitmap_index = 107431, .adv_w = 256, .box_w = 16, .box_h = 14, .ofs_x = 0, .ofs_y = -1},
    {.bitmap_index = 107528, .adv_w = 256, .box_w = 16, .box_h = 15, .ofs_x = 0, .ofs_y = -2},
    {.bitmap_index = 107637, .adv_w = 256, .box_w = 14, .box_h = 14, .ofs_x = 1, .ofs_y = -1},
    {.bitmap_index = 107711, .adv_w = 256, .box_w = 14, .box_h = 16, .ofs_x = 1, .ofs_y = -3},
    {.bitmap_index = 107792, .adv_w = 256, .box_w = 16, .box_h = 15, .ofs_x = 0, .ofs_y = -2},
    {.bitmap_index = 107876, .adv_w = 256, .box_w = 16, .box_h = 15, .ofs_x = 0, .ofs_y = -2},
    {.bitmap_index = 107967, .adv_w = 256, .box_w = 16, .box_h = 15, .ofs_x = 0, .ofs_y = -2},
    {.bitmap_index = 108061, .adv_w = 256, .box_w = 16, .box_h = 15, .ofs_x = 0, .ofs_y = -2},
    {.bitmap_index = 108164, .adv_w = 256, .box_w = 16, .box_h = 15, .ofs_x = 0, .ofs_y = -2},
    {.bitmap_index = 108267, .adv_w = 256, .box_w = 16, .box_h = 16, .ofs_x = 0, .ofs_y = -2},
    {.bitmap_index = 108374, .adv_w = 256, .box_w = 16, .box_h = 15, .ofs_x = 0, .ofs_y = -2},
    {.bitmap_index = 108477, .adv_w = 256, .box_w = 16, .box_h = 15, .ofs_x = 0, .ofs_y = -2},
    {.bitmap_index = 108584, .adv_w = 256, .box_w = 16, .box_h = 15, .ofs_x = 0, .ofs_y = -2},
    {.bitmap_index = 108695, .adv_w = 256, .box_w = 16, .box_h = 15, .ofs_x = 0, .ofs_y = -3},
    {.bitmap_index = 108789, .adv_w = 256, .box_w = 15, .box_h = 15, .ofs_x = 1, .ofs_y = -2},
    {.bitmap_index = 108861, .adv_w = 256, .box_w = 16, .box_h = 16, .ofs_x = 0, .ofs_y = -2},
    {.bitmap_index = 108955, .adv_w = 256, .box_w = 16, .box_h = 15, .ofs_x = 0, .ofs_y = -2},
    {.bitmap_index = 109062, .adv_w = 256, .box_w = 16, .box_h = 15, .ofs_x = 0, .ofs_y = -2},
    {.bitmap_index = 109150, .adv_w = 256, .box_w = 16, .box_h = 15, .ofs_x = 0, .ofs_y = -2},
    {.bitmap_index = 109245, .adv_w = 256, .box_w = 16, .box_h = 16, .ofs_x = 0, .ofs_y = -2},
    {.bitmap_index = 109356, .adv_w = 256, .box_w = 16, .box_h = 15, .ofs_x = 0, .ofs_y = -2},
    {.bitmap_index = 109464, .adv_w = 256, .box_w = 16, .box_h = 16, .ofs_x = 0, .ofs_y = -3},
    {.bitmap_index = 109571, .adv_w = 256, .box_w = 15, .box_h = 15, .ofs_x = 0, .ofs_y = -2},
    {.bitmap_index = 109676, .adv_w = 256, .box_w = 16, .box_h = 16, .ofs_x = 0, .ofs_y = -2},
    {.bitmap_index = 109776, .adv_w = 256, .box_w = 14, .box_h = 16, .ofs_x = 1, .ofs_y = -2},
    {.bitmap_index = 109857, .adv_w = 256, .box_w = 15, .box_h = 16, .ofs_x = 0, .ofs_y = -2},
    {.bitmap_index = 109956, .adv_w = 256, .box_w = 14, .box_h = 15, .ofs_x = 1, .ofs_y = -2},
    {.bitmap_index = 110027, .adv_w = 256, .box_w = 16, .box_h = 15, .ofs_x = 0, .ofs_y = -2},
    {.bitmap_index = 110123, .adv_w = 256, .box_w = 16, .box_h = 16, .ofs_x = 0, .ofs_y = -2},
    {.bitmap_index = 110235, .adv_w = 256, .box_w = 16, .box_h = 16, .ofs_x = 0, .ofs_y = -3},
    {.bitmap_index = 110350, .adv_w = 256, .box_w = 16, .box_h = 16, .ofs_x = 0, .ofs_y = -2},
    {.bitmap_index = 110463, .adv_w = 256, .box_w = 16, .box_h = 15, .ofs_x = 0, .ofs_y = -2},
    {.bitmap_index = 110569, .adv_w = 256, .box_w = 16, .box_h = 15, .ofs_x = 0, .ofs_y = -2},
    {.bitmap_index = 110681, .adv_w = 256, .box_w = 14, .box_h = 16, .ofs_x = 1, .ofs_y = -3},
    {.bitmap_index = 110762, .adv_w = 256, .box_w = 14, .box_h = 16, .ofs_x = 1, .ofs_y = -2},
    {.bitmap_index = 110834, .adv_w = 256, .box_w = 16, .box_h = 15, .ofs_x = 0, .ofs_y = -1},
    {.bitmap_index = 110916, .adv_w = 256, .box_w = 16, .box_h = 17, .ofs_x = 0, .ofs_y = -3},
    {.bitmap_index = 111009, .adv_w = 256, .box_w = 16, .box_h = 15, .ofs_x = 0, .ofs_y = -2},
    {.bitmap_index = 111118, .adv_w = 256, .box_w = 16, .box_h = 15, .ofs_x = 0, .ofs_y = -1},
    {.bitmap_index = 111223, .adv_w = 256, .box_w = 16, .box_h = 16, .ofs_x = 0, .ofs_y = -2},
    {.bitmap_index = 111333, .adv_w = 256, .box_w = 16, .box_h = 15, .ofs_x = 0, .ofs_y = -2},
    {.bitmap_index = 111443, .adv_w = 256, .box_w = 16, .box_h = 15, .ofs_x = 0, .ofs_y = -2},
    {.bitmap_index = 111521, .adv_w = 256, .box_w = 16, .box_h = 15, .ofs_x = 0, .ofs_y = -2},
    {.bitmap_index = 111622, .adv_w = 256, .box_w = 16, .box_h = 17, .ofs_x = 0, .ofs_y = -3},
    {.bitmap_index = 111730, .adv_w = 256, .box_w = 16, .box_h = 15, .ofs_x = 0, .ofs_y = -2},
    {.bitmap_index = 111846, .adv_w = 256, .box_w = 16, .box_h = 16, .ofs_x = 0, .ofs_y = -2},
    {.bitmap_index = 111964, .adv_w = 256, .box_w = 16, .box_h = 16, .ofs_x = 0, .ofs_y = -2},
    {.bitmap_index = 112084, .adv_w = 256, .box_w = 16, .box_h = 16, .ofs_x = 0, .ofs_y = -2},
    {.bitmap_index = 112195, .adv_w = 256, .box_w = 16, .box_h = 16, .ofs_x = 0, .ofs_y = -2},
    {.bitmap_index = 112302, .adv_w = 256, .box_w = 16, .box_h = 15, .ofs_x = 0, .ofs_y = -2},
    {.bitmap_index = 112405, .adv_w = 256, .box_w = 16, .box_h = 15, .ofs_x = 0, .ofs_y = -2},
    {.bitmap_index = 112512, .adv_w = 256, .box_w = 16, .box_h = 15, .ofs_x = 0, .ofs_y = -2},
    {.bitmap_index = 112614, .adv_w = 256, .box_w = 16, .box_h = 15, .ofs_x = 0, .ofs_y = -2},
    {.bitmap_index = 112731, .adv_w = 256, .box_w = 16, .box_h = 15, .ofs_x = 0, .ofs_y = -2},
    {.bitmap_index = 112837, .adv_w = 256, .box_w = 16, .box_h = 15, .ofs_x = 0, .ofs_y = -2},
    {.bitmap_index = 112951, .adv_w = 256, .box_w = 15, .box_h = 15, .ofs_x = 1, .ofs_y = -2},
    {.bitmap_index = 113049, .adv_w = 256, .box_w = 16, .box_h = 16, .ofs_x = 0, .ofs_y = -3},
    {.bitmap_index = 113142, .adv_w = 256, .box_w = 16, .box_h = 15, .ofs_x = 0, .ofs_y = -2},
    {.bitmap_index = 113226, .adv_w = 256, .box_w = 16, .box_h = 16, .ofs_x = 0, .ofs_y = -2},
    {.bitmap_index = 113338, .adv_w = 256, .box_w = 16, .box_h = 16, .ofs_x = 0, .ofs_y = -2},
    {.bitmap_index = 113439, .adv_w = 256, .box_w = 16, .box_h = 16, .ofs_x = 0, .ofs_y = -2},
    {.bitmap_index = 113534, .adv_w = 256, .box_w = 10, .box_h = 12, .ofs_x = 3, .ofs_y = 0},
    {.bitmap_index = 113591, .adv_w = 256, .box_w = 4, .box_h = 6, .ofs_x = 1, .ofs_y = -3},
    {.bitmap_index = 113603, .adv_w = 256, .box_w = 4, .box_h = 10, .ofs_x = 2, .ofs_y = -3},
    {.bitmap_index = 113623, .adv_w = 256, .box_w = 7, .box_h = 12, .ofs_x = 2, .ofs_y = 0},
    {.bitmap_index = 113661, .adv_w = 256, .box_w = 14, .box_h = 14, .ofs_x = 1, .ofs_y = -1}
};

/*---------------------
 *  CHARACTER MAPPING
 *--------------------*/

static const uint16_t unicode_list_1[] = {
    0x0, 0x9, 0xa, 0x10, 0x30, 0x50, 0x1aa, 0x1ba,
    0x311, 0x1f7f, 0x1f94, 0x205c, 0x2062, 0x20e9, 0x20ea, 0x20eb,
    0x20ec, 0x21a1, 0x21b9, 0x21bd, 0x21be, 0x23b9, 0x23ba, 0x23bb,
    0x23bc, 0x23bd, 0x23be, 0x23bf, 0x23c0, 0x23c1, 0x23c2, 0x24f9,
    0x24fa, 0x250b, 0x2515, 0x2524, 0x2528, 0x255e, 0x255f, 0x2f5a,
    0x2f5b, 0x4d59, 0x4d5c, 0x4d60, 0x4d62, 0x4d63, 0x4d64, 0x4d66,
    0x4d6a, 0x4d6f, 0x4d73, 0x4d7b, 0x4d7d, 0x4d7e, 0x4d83, 0x4d86,
    0x4d8b, 0x4d93, 0x4d94, 0x4d96, 0x4da1, 0x4da4, 0x4da5, 0x4da9,
    0x4dab, 0x4dac, 0x4db1, 0x4db6, 0x4db9, 0x4dba, 0x4dbf, 0x4dc9,
    0x4de4, 0x4de5, 0x4dea, 0x4deb, 0x4ded, 0x4df3, 0x4df4, 0x4dfd,
    0x4e04, 0x4e07, 0x4e0b, 0x4e13, 0x4e19, 0x4e23, 0x4e26, 0x4e2d,
    0x4e2f, 0x4e31, 0x4e3d, 0x4e3e, 0x4e45, 0x4e4f, 0x4e50, 0x4e54,
    0x4e56, 0x4e5a, 0x4e6a, 0x4e73, 0x4e77, 0x4e7d, 0x4e7f, 0x4e9f,
    0x4ea7, 0x4ea8, 0x4eac, 0x4eae, 0x4eb2, 0x4eb5, 0x4eb9, 0x4ed8,
    0x4ef4, 0x4f18, 0x4f23, 0x4f36, 0x4f3a, 0x4f47, 0x4f4a, 0x4f6b,
    0x4f72, 0x4f7f, 0x4f97, 0x4fa0, 0x4fb3, 0x4fb5, 0x4fbe, 0x4fcf,
    0x4fe6, 0x5028, 0x5098, 0x509c, 0x509d, 0x509e, 0x50a1, 0x50a2,
    0x50a4, 0x50a6, 0x50ad, 0x50be, 0x50c1, 0x50c4, 0x50c5, 0x50c6,
    0x50c9, 0x50ca, 0x50cc, 0x50cd, 0x50cf, 0x50d0, 0x50d1, 0x50de,
    0x50eb, 0x50f2, 0x50f5, 0x5105, 0x5109, 0x510b, 0x510c, 0x5110,
    0x5119, 0x511f, 0x5122, 0x5128, 0x5153, 0x5154, 0x5159, 0x515f,
    0x5160, 0x516b, 0x5174, 0x5176, 0x5182, 0x5184, 0x5189, 0x518f,
    0x5190, 0x5191, 0x5193, 0x51a6, 0x51c3, 0x51cb, 0x51f4, 0x51f6,
    0x51f7, 0x51f8, 0x51f9, 0x51fa, 0x5201, 0x5202, 0x5203, 0x520a,
    0x520c, 0x5220, 0x525e, 0x526f, 0x5272, 0x5293, 0x5294, 0x529a,
    0x529c, 0x52a0, 0x52a1, 0x52a3, 0x52ae, 0x52b0, 0x52b3, 0x52b5,
    0x52ba, 0x52c0, 0x52c9, 0x52ca, 0x52d0, 0x52db, 0x52de, 0x52df,
    0x52e2, 0x52e5, 0x52f8, 0x5301, 0x5314, 0x5322, 0x5324, 0x532a,
    0x532d, 0x532f, 0x5330, 0x5331, 0x5339, 0x533c, 0x533f, 0x5344,
    0x5346, 0x5348, 0x5349, 0x534b, 0x534c, 0x534f, 0x5350, 0x5351,
    0x535c, 0x5362, 0x5363, 0x5365, 0x5367, 0x5369, 0x536a, 0x5384,
    0x5385, 0x5388, 0x538e, 0x5391, 0x5394, 0x5399, 0x53a3, 0x53b1,
    0x53c1, 0x53cc, 0x53d5, 0x53e5, 0x5411, 0x541a, 0x5443, 0x5446,
    0x5460, 0x547d, 0x5487, 0x548a, 0x549f, 0x54e0, 0x54f5, 0x54f6,
    0x558d, 0x55c1, 0x55c3, 0x5610, 0x5623, 0x5634, 0x5637, 0x5639,
    0x563b, 0x5646, 0x564d, 0x5656, 0x5657, 0x565f, 0x567c, 0x5681,
    0x5689, 0x5693, 0x56a9, 0x56ba, 0x56c3, 0x5727, 0x5752, 0x5753,
    0x575f, 0x577a, 0x5783, 0x57f2, 0x581a, 0x5844, 0x5847, 0x5849,
    0x585d, 0x5860, 0x5866, 0x5868, 0x586e, 0x586f, 0x5873, 0x5880,
    0x5882, 0x5883, 0x5884, 0x588a, 0x588d, 0x5892, 0x58a0, 0x58a4,
    0x58ad, 0x58af, 0x58b0, 0x58cc, 0x58cf, 0x58d2, 0x58d6, 0x58db,
    0x58e1, 0x5924, 0x5929, 0x5941, 0x595c, 0x59cd, 0x5aa9, 0x5aad,
    0x5ab0, 0x5ab1, 0x5abc, 0x5abd, 0x5abf, 0x5ac2, 0x5adc, 0x5ae2,
    0x5ae5, 0x5af5, 0x5af7, 0x5afb, 0x5afd, 0x5b0c, 0x5b0f, 0x5b12,
    0x5b1b, 0x5b1d, 0x5b37, 0x5b38, 0x5b52, 0x5b54, 0x5b55, 0x5b58,
    0x5b5a, 0x5b5d, 0x5b5f, 0x5b68, 0x5b6a, 0x5b8a, 0x5b93, 0x5b95,
    0x5b97, 0x5b99, 0x5b9e, 0x5ba4, 0x5bae, 0x5bca, 0x5bf4, 0x5d37,
    0x5d3b, 0x5d3e, 0x5d3f, 0x5d40, 0x5d4b, 0x5d4d, 0x5d57, 0x5d5b,
    0x5d5c, 0x5d5e, 0x5d61, 0x5d65, 0x5d6e, 0x5d71, 0x5d7f, 0x5d87,
    0x5d91, 0x5d96, 0x5dcb, 0x5dcd, 0x5dd1, 0x5ddd, 0x5ddf, 0x5de3,
    0x5de8, 0x5dec, 0x5ded, 0x5df0, 0x5dff, 0x5e10, 0x5e53, 0x5e59,
    0x5e68, 0x5e6e, 0x5e78, 0x5e79, 0x5e8a, 0x5e92, 0x5e93, 0x5eac,
    0x5eae, 0x5ebb, 0x5ec2, 0x5eca, 0x5eda, 0x5ede, 0x5ef0, 0x5f07,
    0x5f10, 0x5f1c, 0x5f1e, 0x5f26, 0x5f30, 0x5f32, 0x5f39, 0x5f44,
    0x5f4e, 0x5f5a, 0x5f67, 0x5f6e, 0x5f7e, 0x5f88, 0x5f94, 0x5fa9,
    0x5fbd, 0x5fc2, 0x5fc8, 0x5fcf, 0x5fe2, 0x6005, 0x601e, 0x6023,
    0x6040, 0x6049, 0x604c, 0x6068, 0x6078, 0x6098, 0x60ae, 0x60bb,
    0x612b, 0x6168, 0x6169, 0x616a, 0x616b, 0x616f, 0x618d, 0x6190,
    0x6198, 0x61a0, 0x61a4, 0x61a7, 0x61ac, 0x61ad, 0x61b4, 0x61bc,
    0x61c4, 0x61d7, 0x61e3, 0x61ee, 0x61ef, 0x61f1, 0x61f4, 0x61fd,
    0x61fe, 0x620a, 0x620e, 0x6212, 0x621e, 0x6220, 0x6222, 0x6226,
    0x6235, 0x623e, 0x6242, 0x6257, 0x6258, 0x625a, 0x625b, 0x6260,
    0x6262, 0x626a, 0x626f, 0x627e, 0x629f, 0x62b8, 0x62eb, 0x62fe,
    0x6301, 0x6310, 0x6329, 0x635a, 0x6385, 0x63a0, 0x63ad, 0x63b1,
    0x6426, 0x643f, 0x6459, 0x6488, 0x648f, 0x6494, 0x6497, 0x649e,
    0x64b2, 0x64bb, 0x64bc, 0x64bf, 0x64c9, 0x64cb, 0x64e0, 0x64ea,
    0x64f2, 0x6508, 0x6509, 0x6512, 0x651a, 0x651e, 0x6530, 0x6539,
    0x653e, 0x6542, 0x654f, 0x6567, 0x656c, 0x6578, 0x657e, 0x6581,
    0x6588, 0x6597, 0x65b3, 0x65c8, 0x65d3, 0x65ef, 0x660d, 0x664b,
    0x664d, 0x6659, 0x6661, 0x6662, 0x6664, 0x6666, 0x6674, 0x6678,
    0x6683, 0x6684, 0x6685, 0x6688, 0x668e, 0x6693, 0x669b, 0x66a7,
    0x66aa, 0x66b8, 0x66ba, 0x66be, 0x66c8, 0x66d7, 0x66d8, 0x66da,
    0x66ee, 0x66f0, 0x66f5, 0x670f, 0x672d, 0x6739, 0x673e, 0x6758,
    0x675e, 0x6768, 0x676a, 0x677a, 0x6790, 0x6792, 0x6795, 0x679c,
    0x67a5, 0x67be, 0x67ff, 0x6801, 0x6808, 0x680c, 0x6819, 0x6824,
    0x682b, 0x682e, 0x6847, 0x685e, 0x6866, 0x686b, 0x6886, 0x6889,
    0x68d5, 0x68dd, 0x698a, 0x699d, 0x69a0, 0x69b2, 0x69ba, 0x6a05,
    0x6a7b, 0x6aa5, 0x6abc, 0x6abe, 0x6abf, 0x6ae3, 0x6b0e, 0x6b26,
    0x6b28, 0x6b2d, 0x6b34, 0x6b48, 0x6b6a, 0x6b6d, 0x6b8d, 0x6b91,
    0x6b9a, 0x6b9b, 0x6ba2, 0x6bbd, 0x6bd6, 0x6bf2, 0x6bfa, 0x6c0c,
    0x6c12, 0x6c14, 0x6c2e, 0x6c3c, 0x6c3e, 0x6c41, 0x6c4c, 0x6c64,
    0x6c70, 0x6c77, 0x6c8b, 0x6c94, 0x6ca4, 0x6ccd, 0x6cd0, 0x6ce1,
    0x6d0b, 0x6d20, 0x6d24, 0x6d4a, 0x6d5e, 0x6d6d, 0x6d7a, 0x6d82,
    0x6d8d, 0x6d91, 0x6daf, 0x6df5, 0x6e03, 0x6e2a, 0x6e33, 0x6e42,
    0x6e6d, 0x6e79, 0x6e84, 0x6f0c, 0x6f6a, 0x6fc4, 0x6fc8, 0x6fc9,
    0x6fd5, 0x6fe7, 0x7012, 0x7034, 0x7046, 0x7052, 0x708f, 0x70a7,
    0x70c0, 0x70e3, 0x712e, 0x715f, 0x7185, 0x718a, 0x718f, 0x7191,
    0x71a0, 0x71a5, 0x71b2, 0x71b4, 0x71c2, 0x71d2, 0x720f, 0x7229,
    0x7230, 0x7247, 0x7251, 0x7255, 0x7267, 0x7283, 0x7284, 0x7285,
    0x728d, 0x72e2, 0x7302, 0x7308, 0x7309, 0x7346, 0x735c, 0x735f,
    0x738d, 0x738e, 0x738f, 0x7435, 0x744f, 0x7475, 0x7478, 0x7481,
    0x7489, 0x748b, 0x748e, 0x7490, 0x7494, 0x74a5, 0x74a8, 0x74c3,
    0x74ea, 0x750b, 0x751e, 0x757f, 0x75d4, 0x75d6, 0x75d7, 0x75db,
    0x75dd, 0x7607, 0x7629, 0x762b, 0x762d, 0x762f, 0x7631, 0x7647,
    0x764d, 0x7651, 0x7664, 0x7678, 0x7679, 0x7695, 0x7699, 0x76b4,
    0x76ba, 0x773e, 0x7746, 0x7747, 0x774c, 0x775a, 0x778d, 0x7799,
    0x77f0, 0x7893, 0x7895, 0x78af, 0x78c1, 0x7914, 0x7924, 0x792a,
    0x7931, 0x7938, 0x7954, 0x7964, 0x7966, 0x7996, 0x79cd, 0x79d3,
    0x79d8, 0x79f0, 0x79f6, 0x7a32, 0x7a39, 0x7a3e, 0x7a52, 0x7a5f,
    0x7a6a, 0x7a6d, 0x7a74, 0x7a85, 0x7aa2, 0x7aaa, 0x7aad, 0x7ab6,
    0x7ad0, 0x7af0, 0x7b06, 0x7b0a, 0x7b47, 0x7b4a, 0x7bcc, 0x7be2,
    0x7beb, 0x7bf0, 0x7bfe, 0x7c2e, 0x7c2f, 0x7c54, 0x7c80, 0x7c84,
    0x7dfb, 0x7dff, 0x7e00, 0x7e03, 0x7e11, 0x7e16, 0x7e18, 0x7e1c,
    0x7e1d, 0x7e1f, 0x7e2c, 0x7e2e, 0x7e31, 0x7e32, 0x7e40, 0x7e43,
    0x7e46, 0x7e4d, 0x7e4e, 0x7e58, 0x7e6c, 0x7e6f, 0x7e82, 0x7eaa,
    0x7ee3, 0x7ee7, 0x7eed, 0x7ef7, 0x7f16, 0x7f1e, 0x7f55, 0x7f5a,
    0x7f5c, 0x7f5e, 0x7f69, 0x7f8c, 0x7fa3, 0x7fad, 0x7fb3, 0x7fc3,
    0x7fe2, 0x7ff1, 0x7ff9, 0x7ffd, 0x7ffe, 0x8002, 0x8007, 0x800b,
    0x801c, 0x8025, 0x802f, 0x8035, 0x803a, 0x804c, 0x804f, 0x8056,
    0x8068, 0x806f, 0x8073, 0x8091, 0x80a3, 0x80ae, 0x80c9, 0x80d8,
    0x80d9, 0x80e3, 0x80f6, 0x8143, 0x8165, 0x816d, 0x8177, 0x8183,
    0x8192, 0x81cb, 0x81d3, 0x81db, 0x81eb, 0x820a, 0x8212, 0x8228,
    0x824a, 0x8252, 0x825d, 0x8262, 0x828f, 0x82a2, 0x82ab, 0x82e2,
    0x82ec, 0x8304, 0x8310, 0x8320, 0x8335, 0x8339, 0x835d, 0x8376,
    0x837e, 0x8381, 0x8396, 0x83ba, 0x83ca, 0x83f5, 0x8436, 0x8485,
    0x84a2, 0x84dd, 0x8508, 0x856a, 0x85a7, 0x85b3, 0x85c4, 0x85d2,
    0x85d7, 0x85da, 0x85db, 0x8620, 0x8624, 0x8632, 0x8634, 0x865b,
    0x8660, 0x866c, 0x8670, 0x8671, 0x8675, 0x867a, 0x8694, 0x86cd,
    0x86cf, 0x86dc, 0x8752, 0x877b, 0x8799, 0x87a5, 0x87b0, 0x87bc,
    0x87be, 0x87c1, 0x87c4, 0x87c5, 0x87e4, 0x87f5, 0x881e, 0x8832,
    0x883d, 0x88d8, 0x88da, 0x891a, 0x891b, 0x891f, 0x8921, 0x8922,
    0x892b, 0x8abf, 0x8afa, 0x8b02, 0x8b06, 0x8b07, 0x8b09, 0x8b0b,
    0x8b0f, 0x8b13, 0x8b17, 0x8b18, 0x8b22, 0x8b26, 0x8b2e, 0x8b30,
    0x8b33, 0x8b36, 0x8b37, 0x8b3e, 0x8b46, 0x8b48, 0x8b4d, 0x8b50,
    0x8b57, 0x8b5a, 0x8b75, 0x8b90, 0x8b9f, 0x8bb3, 0x8bba, 0x8bc3,
    0x8bd2, 0x8be5, 0x8c7e, 0x8c86, 0x8c8d, 0x8c8e, 0x8c92, 0x8ca9,
    0x8cb4, 0x8cc9, 0x8ccf, 0x8cd0, 0x8cde, 0x8cfc, 0x8d0c, 0x8d17,
    0x8d1c, 0x8d2a, 0x8d36, 0x8d38, 0x8d48, 0x8d4c, 0x8d76, 0x8d7b,
    0x8da1, 0x8e04, 0x8ebf, 0x8ec5, 0x8ec7, 0x8ed4, 0x8ed6, 0x8edc,
    0x8ee1, 0x8ef4, 0x8efc, 0x8f12, 0x8f17, 0x8f1e, 0x8f20, 0x8f29,
    0x8f2a, 0x8f2d, 0x8f31, 0x8f32, 0x8f34, 0x8f35, 0x8f37, 0x8f43,
    0x8f56, 0x8f62, 0x8f6b, 0x8f73, 0x8f78, 0x8f79, 0x8fac, 0x8fb0,
    0x8fd9, 0x8ffc, 0x9003, 0x9007, 0x9014, 0x9041, 0x9056, 0x90a6,
    0x90c3, 0x90ca, 0x90d1, 0x90eb, 0x9125, 0x9126, 0x9127, 0x9128,
    0x912a, 0x93ec, 0x93f8, 0x93fb, 0x93fe, 0x940a, 0x941a, 0x941c,
    0x941e, 0x944f, 0x9457, 0x9459, 0x945a, 0x9472, 0x94a0, 0x94b5,
    0x94d8, 0x9541, 0x9543, 0x9546, 0x9547, 0x954d, 0x9552, 0x955e,
    0x9578, 0x958c, 0x958d, 0x958f, 0x9598, 0x959e, 0x95a4, 0x95bb,
    0x95bd, 0x95d0, 0x9617, 0x9619, 0x961f, 0x9628, 0x962e, 0x9641,
    0x9643, 0x964f, 0x9650, 0x9657, 0x9659, 0x96ab, 0x96b2, 0x96b7,
    0x96b9, 0x96bb, 0x96cd, 0x96e4, 0x973f, 0x974c, 0x97cf, 0x97d2,
    0x97d3, 0x97d4, 0x97d8, 0x97df, 0x97e1, 0x97e3, 0x97f1, 0x9827,
    0x9837, 0x9838, 0x9869, 0x98be, 0x98c3, 0x98c6, 0x98d3, 0x98d5,
    0x98d8, 0x98df, 0x98ef, 0x98f2, 0x99c5, 0x99cd, 0x99d5, 0x99df,
    0x99e5, 0x99ea, 0x99fa, 0x9a01, 0x9a31, 0x9bd5, 0x9bda, 0x9bf5,
    0x9c01, 0x9c11, 0x9c1d, 0x9d78, 0x9d7a, 0x9d86, 0x9d9e, 0x9da2,
    0x9dbf, 0x9dc9, 0x9dd8, 0x9dff, 0x9e14, 0x9e1d, 0x9e27, 0x9e2a,
    0x9e6c, 0x9e79, 0x9e94, 0x9ed8, 0x9edd, 0x9ef2, 0x9ef8, 0xfe5c,
    0xfe65, 0xfe74, 0xfe78, 0xfe79
};

/*Collect the unicode lists and glyph_id offsets*/
static const lv_font_fmt_txt_cmap_t cmaps[] =
{
    {
        .range_start = 32, .range_length = 95, .glyph_id_start = 1,
        .unicode_list = NULL, .glyph_id_ofs_list = NULL, .list_length = 0, .type = LV_FONT_FMT_TXT_CMAP_FORMAT0_TINY
    },
    {
        .range_start = 167, .range_length = 65146, .glyph_id_start = 96,
        .unicode_list = unicode_list_1, .glyph_id_ofs_list = NULL, .list_length = 1188, .type = LV_FONT_FMT_TXT_CMAP_SPARSE_TINY
    }
};



/*--------------------
 *  ALL CUSTOM DATA
 *--------------------*/

#if LVGL_VERSION_MAJOR == 8
/*Store all the custom data of the font*/
static  lv_font_fmt_txt_glyph_cache_t cache;
#endif

#if LVGL_VERSION_MAJOR >= 8
static const lv_font_fmt_txt_dsc_t font_dsc = {
#else
static lv_font_fmt_txt_dsc_t font_dsc = {
#endif
    .glyph_bitmap = glyph_bitmap,
    .glyph_dsc = glyph_dsc,
    .cmaps = cmaps,
    .kern_dsc = NULL,
    .kern_scale = 0,
    .cmap_num = 2,
    .bpp = 4,
    .kern_classes = 0,
    .bitmap_format = 1,
#if LVGL_VERSION_MAJOR == 8
    .cache = &cache
#endif
};



/*-----------------
 *  PUBLIC FONT
 *----------------*/

/*Initialize a public general font descriptor*/
#if LVGL_VERSION_MAJOR >= 8
const lv_font_t cn_16 = {
#else
lv_font_t cn_16 = {
#endif
    .get_glyph_dsc = lv_font_get_glyph_dsc_fmt_txt,    /*Function pointer to get glyph's data*/
    .get_glyph_bitmap = lv_font_get_bitmap_fmt_txt,    /*Function pointer to get glyph's bitmap*/
    .line_height = 19,          /*The maximum line height required by the font*/
    .base_line = 3,             /*Baseline measured from the bottom of the line*/
#if !(LVGL_VERSION_MAJOR == 6 && LVGL_VERSION_MINOR == 0)
    .subpx = LV_FONT_SUBPX_NONE,
#endif
#if LV_VERSION_CHECK(7, 4, 0) || LVGL_VERSION_MAJOR >= 8
    .underline_position = -1,
    .underline_thickness = 1,
#endif
    .dsc = &font_dsc,          /*The custom font data. Will be accessed by `get_glyph_bitmap/dsc` */
#if LV_VERSION_CHECK(8, 2, 0) || LVGL_VERSION_MAJOR >= 9
    .fallback = NULL,
#endif
    .user_data = NULL,
};



#endif /*#if CN_16*/

